year,grouping,age_group,taxpayers,eligible,contributors,contributions_k,eoy_owners,eoy_fmv_k,pct_taxpayers_contributing,pct_owners_contributing,avg_contribution_dollars,contrib_pct_eoy_fmv,method_era,source,note
2000,harmonised,25-34,35271247.9,34998759.49,2821599.24,5436298.1899999995,5185660.06,44719963.9,8.0,54.41,1927.0,12.156,former SOI methodology (2000-2021),"IRS SOI IRA table by age of taxpayer, TY2000, https://www.irs.gov/pub/irs-soi/00in05ir.xls",All IRA types combined (each taxpayer once). Taxpayers = primary+secondary taxpayers on filed returns in the age group. Owners = year-end FMV > 0. Native bands change: under-15/15-19 merged to under-20 from TY2022. Through TY2019 traditional contributions were barred at 70.5+ (SECURE Act removed the age cap from TY2020). Harmonised groups sum native bands. TY2022+ new SOI series.
2001,harmonised,25-34,34792746.0,30769058.0,2758173.0,5116594.0,5311096.0,42367098.0,7.93,51.93,1855.0,12.077,former SOI methodology (2000-2021),"IRS SOI IRA table by age of taxpayer, TY2001, https://www.irs.gov/pub/irs-soi/01in05ira.xls",All IRA types combined (each taxpayer once). Taxpayers = primary+secondary taxpayers on filed returns in the age group. Owners = year-end FMV > 0. Native bands change: under-15/15-19 merged to under-20 from TY2022. Through TY2019 traditional contributions were barred at 70.5+ (SECURE Act removed the age cap from TY2020). Harmonised groups sum native bands. TY2022+ new SOI series.
2002,harmonised,25-34,34550121.0,30670402.0,2419678.0,5157672.0,5383415.0,37095049.0,7.0,44.95,2132.0,13.904,former SOI methodology (2000-2021),"IRS SOI IRA table by age of taxpayer, TY2002, https://www.irs.gov/pub/irs-soi/02in10ira.xls",All IRA types combined (each taxpayer once). Taxpayers = primary+secondary taxpayers on filed returns in the age group. Owners = year-end FMV > 0. Native bands change: under-15/15-19 merged to under-20 from TY2022. Through TY2019 traditional contributions were barred at 70.5+ (SECURE Act removed the age cap from TY2020). Harmonised groups sum native bands. TY2022+ new SOI series.
2004,harmonised,25-34,33169785.0,29790176.0,2184558.0,4831445.0,4343119.0,38887036.0,6.59,50.3,2212.0,12.424,former SOI methodology (2000-2021),"IRS SOI IRA table by age of taxpayer, TY2004, https://www.irs.gov/pub/irs-soi/04in04ira.xls",All IRA types combined (each taxpayer once). Taxpayers = primary+secondary taxpayers on filed returns in the age group. Owners = year-end FMV > 0. Native bands change: under-15/15-19 merged to under-20 from TY2022. Through TY2019 traditional contributions were barred at 70.5+ (SECURE Act removed the age cap from TY2020). Harmonised groups sum native bands. TY2022+ new SOI series.
2005,harmonised,25-34,34678686.0,30654786.0,2324354.0,5987236.0,4957819.0,51055018.0,6.7,46.88,2576.0,11.727,former SOI methodology (2000-2021),"IRS SOI IRA table by age of taxpayer, TY2005, https://www.irs.gov/pub/irs-soi/05in04ira.xls",All IRA types combined (each taxpayer once). Taxpayers = primary+secondary taxpayers on filed returns in the age group. Owners = year-end FMV > 0. Native bands change: under-15/15-19 merged to under-20 from TY2022. Through TY2019 traditional contributions were barred at 70.5+ (SECURE Act removed the age cap from TY2020). Harmonised groups sum native bands. TY2022+ new SOI series.
2006,harmonised,25-34,35138214.0,30991771.0,2333189.0,6033259.0,5026505.0,57592854.0,6.64,46.42,2586.0,10.476,former SOI methodology (2000-2021),"IRS SOI IRA table by age of taxpayer, TY2006, https://www.irs.gov/pub/irs-soi/06in04ira.xls",All IRA types combined (each taxpayer once). Taxpayers = primary+secondary taxpayers on filed returns in the age group. Owners = year-end FMV > 0. Native bands change: under-15/15-19 merged to under-20 from TY2022. Through TY2019 traditional contributions were barred at 70.5+ (SECURE Act removed the age cap from TY2020). Harmonised groups sum native bands. TY2022+ new SOI series.
2007,harmonised,25-34,36344721.0,32113186.0,2348736.0,6228007.0,5213218.0,64051978.0,6.46,45.05,2652.0,9.723,former SOI methodology (2000-2021),"IRS SOI IRA table by age of taxpayer, TY2007, https://www.irs.gov/pub/irs-soi/07in04ira.xls",All IRA types combined (each taxpayer once). Taxpayers = primary+secondary taxpayers on filed returns in the age group. Owners = year-end FMV > 0. Native bands change: under-15/15-19 merged to under-20 from TY2022. Through TY2019 traditional contributions were barred at 70.5+ (SECURE Act removed the age cap from TY2020). Harmonised groups sum native bands. TY2022+ new SOI series.
2008,harmonised,25-34,36051804.0,31761865.0,2153044.0,5993055.0,5226156.0,44474325.0,5.97,41.2,2784.0,13.475,former SOI methodology (2000-2021),"IRS SOI IRA table by age of taxpayer, TY2008, https://www.irs.gov/pub/irs-soi/08in04ira.xls",All IRA types combined (each taxpayer once). Taxpayers = primary+secondary taxpayers on filed returns in the age group. Owners = year-end FMV > 0. Native bands change: under-15/15-19 merged to under-20 from TY2022. Through TY2019 traditional contributions were barred at 70.5+ (SECURE Act removed the age cap from TY2020). Harmonised groups sum native bands. TY2022+ new SOI series.
2009,harmonised,25-34,36195086.0,31488082.0,1996008.0,5542354.0,5132292.0,55200015.0,5.51,38.89,2777.0,10.04,former SOI methodology (2000-2021),"IRS SOI IRA table by age of taxpayer, TY2009, https://www.irs.gov/pub/irs-soi/09in04ira.xls",All IRA types combined (each taxpayer once). Taxpayers = primary+secondary taxpayers on filed returns in the age group. Owners = year-end FMV > 0. Native bands change: under-15/15-19 merged to under-20 from TY2022. Through TY2019 traditional contributions were barred at 70.5+ (SECURE Act removed the age cap from TY2020). Harmonised groups sum native bands. TY2022+ new SOI series.
2010,harmonised,25-34,36640104.0,31169861.0,1947592.0,5750545.0,4931076.0,62866462.0,5.32,39.5,2953.0,9.147,former SOI methodology (2000-2021),"IRS SOI IRA table by age of taxpayer, TY2010, https://www.irs.gov/pub/irs-soi/10in04ira.xls",All IRA types combined (each taxpayer once). Taxpayers = primary+secondary taxpayers on filed returns in the age group. Owners = year-end FMV > 0. Native bands change: under-15/15-19 merged to under-20 from TY2022. Through TY2019 traditional contributions were barred at 70.5+ (SECURE Act removed the age cap from TY2020). Harmonised groups sum native bands. TY2022+ new SOI series.
2011,harmonised,25-34,37260527.0,31867905.0,1980084.0,5789647.0,4971386.0,62950540.0,5.31,39.83,2924.0,9.197,former SOI methodology (2000-2021),"IRS SOI IRA table by age of taxpayer, TY2011, https://www.irs.gov/pub/irs-soi/11in04ira.xls",All IRA types combined (each taxpayer once). Taxpayers = primary+secondary taxpayers on filed returns in the age group. Owners = year-end FMV > 0. Native bands change: under-15/15-19 merged to under-20 from TY2022. Through TY2019 traditional contributions were barred at 70.5+ (SECURE Act removed the age cap from TY2020). Harmonised groups sum native bands. TY2022+ new SOI series.
2012,harmonised,25-34,37293948.0,32856240.0,1965221.0,5965898.0,4976370.0,71761237.0,5.27,39.49,3036.0,8.314,former SOI methodology (2000-2021),"IRS SOI IRA table by age of taxpayer, TY2012, https://www.irs.gov/pub/irs-soi/12in04ira.xls",All IRA types combined (each taxpayer once). Taxpayers = primary+secondary taxpayers on filed returns in the age group. Owners = year-end FMV > 0. Native bands change: under-15/15-19 merged to under-20 from TY2022. Through TY2019 traditional contributions were barred at 70.5+ (SECURE Act removed the age cap from TY2020). Harmonised groups sum native bands. TY2022+ new SOI series.
2013,harmonised,25-34,38121292.0,33731601.0,2056789.0,6624799.0,4973468.0,83087034.0,5.4,41.36,3221.0,7.973,former SOI methodology (2000-2021),"IRS SOI IRA table by age of taxpayer, TY2013, https://www.irs.gov/pub/irs-soi/13in04ira.xls",All IRA types combined (each taxpayer once). Taxpayers = primary+secondary taxpayers on filed returns in the age group. Owners = year-end FMV > 0. Native bands change: under-15/15-19 merged to under-20 from TY2022. Through TY2019 traditional contributions were barred at 70.5+ (SECURE Act removed the age cap from TY2020). Harmonised groups sum native bands. TY2022+ new SOI series.
2014,harmonised,25-34,38307379.0,34364420.0,2142683.0,7023470.0,5127435.0,85189053.0,5.59,41.79,3278.0,8.245,former SOI methodology (2000-2021),"IRS SOI IRA table by age of taxpayer, TY2014, https://www.irs.gov/pub/irs-soi/14in04ira.xls",All IRA types combined (each taxpayer once). Taxpayers = primary+secondary taxpayers on filed returns in the age group. Owners = year-end FMV > 0. Native bands change: under-15/15-19 merged to under-20 from TY2022. Through TY2019 traditional contributions were barred at 70.5+ (SECURE Act removed the age cap from TY2020). Harmonised groups sum native bands. TY2022+ new SOI series.
2015,harmonised,25-34,38699499.0,34928047.0,2213685.0,7321776.0,5233109.0,84256756.0,5.72,42.3,3308.0,8.69,former SOI methodology (2000-2021),"IRS SOI IRA table by age of taxpayer, TY2015, https://www.irs.gov/pub/irs-soi/15in04ira.xls",All IRA types combined (each taxpayer once). Taxpayers = primary+secondary taxpayers on filed returns in the age group. Owners = year-end FMV > 0. Native bands change: under-15/15-19 merged to under-20 from TY2022. Through TY2019 traditional contributions were barred at 70.5+ (SECURE Act removed the age cap from TY2020). Harmonised groups sum native bands. TY2022+ new SOI series.
2016,harmonised,25-34,38747994.0,35229576.0,2237757.0,7651468.0,5313941.0,88874857.0,5.78,42.11,3419.0,8.609,former SOI methodology (2000-2021),"IRS SOI IRA table by age of taxpayer, TY2016, https://www.irs.gov/pub/irs-soi/16in04ira.xls",All IRA types combined (each taxpayer once). Taxpayers = primary+secondary taxpayers on filed returns in the age group. Owners = year-end FMV > 0. Native bands change: under-15/15-19 merged to under-20 from TY2022. Through TY2019 traditional contributions were barred at 70.5+ (SECURE Act removed the age cap from TY2020). Harmonised groups sum native bands. TY2022+ new SOI series.
2017,harmonised,25-34,39223417.0,35880926.0,2376632.0,8392638.0,5472542.0,101653682.0,6.06,43.43,3531.0,8.256,former SOI methodology (2000-2021),"IRS SOI IRA table by age of taxpayer, TY2017, https://www.irs.gov/pub/irs-soi/17in04ira.xlsx",All IRA types combined (each taxpayer once). Taxpayers = primary+secondary taxpayers on filed returns in the age group. Owners = year-end FMV > 0. Native bands change: under-15/15-19 merged to under-20 from TY2022. Through TY2019 traditional contributions were barred at 70.5+ (SECURE Act removed the age cap from TY2020). Harmonised groups sum native bands. TY2022+ new SOI series.
2018,harmonised,25-34,39273100.0,36222779.0,2530733.0,8865409.0,5833969.0,92917847.0,6.44,43.38,3503.0,9.541,former SOI methodology (2000-2021),"IRS SOI IRA table by age of taxpayer, TY2018, https://www.irs.gov/pub/irs-soi/18in04ira.xlsx",All IRA types combined (each taxpayer once). Taxpayers = primary+secondary taxpayers on filed returns in the age group. Owners = year-end FMV > 0. Native bands change: under-15/15-19 merged to under-20 from TY2022. Through TY2019 traditional contributions were barred at 70.5+ (SECURE Act removed the age cap from TY2020). Harmonised groups sum native bands. TY2022+ new SOI series.
2019,harmonised,25-34,40020228.0,36947963.0,2871639.0,10516676.0,6184519.0,114728242.0,7.18,46.43,3662.0,9.167,former SOI methodology (2000-2021),"IRS SOI IRA table by age of taxpayer, TY2019, https://www.irs.gov/pub/irs-soi/19in04ira.xlsx",All IRA types combined (each taxpayer once). Taxpayers = primary+secondary taxpayers on filed returns in the age group. Owners = year-end FMV > 0. Native bands change: under-15/15-19 merged to under-20 from TY2022. Through TY2019 traditional contributions were barred at 70.5+ (SECURE Act removed the age cap from TY2020). Harmonised groups sum native bands. TY2022+ new SOI series.
2020,harmonised,25-34,41550632.0,37435405.0,3305755.0,12171042.0,6742097.0,138372741.0,7.96,49.03,3682.0,8.796,former SOI methodology (2000-2021),"IRS SOI IRA table by age of taxpayer, TY2020, https://www.irs.gov/pub/irs-soi/20in04ira.xlsx",All IRA types combined (each taxpayer once). Taxpayers = primary+secondary taxpayers on filed returns in the age group. Owners = year-end FMV > 0. Native bands change: under-15/15-19 merged to under-20 from TY2022. Through TY2019 traditional contributions were barred at 70.5+ (SECURE Act removed the age cap from TY2020). Harmonised groups sum native bands. TY2022+ new SOI series.
2021,harmonised,25-34,40507969.0,36588431.0,3741959.0,13744335.0,7509377.0,164673875.0,9.24,49.83,3673.0,8.346,former SOI methodology (2000-2021),"IRS SOI IRA table by age of taxpayer, TY2021, https://www.irs.gov/pub/irs-soi/21in04ira.xlsx",All IRA types combined (each taxpayer once). Taxpayers = primary+secondary taxpayers on filed returns in the age group. Owners = year-end FMV > 0. Native bands change: under-15/15-19 merged to under-20 from TY2022. Through TY2019 traditional contributions were barred at 70.5+ (SECURE Act removed the age cap from TY2020). Harmonised groups sum native bands. TY2022+ new SOI series.
2022,harmonised,25-34,40202925.0,38974780.0,3710198.0,13209296.0,9863084.0,149438866.0,9.23,,3560.0,,new SOI methodology (2022+),"IRS SOI IRA table by age of taxpayer, TY2022, https://www.irs.gov/pub/irs-soi/22in04ira.xlsx",TY2022 Table 4 shows 0 year-end owners/FMV at 20-24 (apparently combined into 25-29 for disclosure); owner-based rates blanked for these groups. All IRA types combined (each taxpayer once). Taxpayers = primary+secondary taxpayers on filed returns in the age group. Owners = year-end FMV > 0. Native bands change: under-15/15-19 merged to under-20 from TY2022. Through TY2019 traditional contributions were barred at 70.5+ (SECURE Act removed the age cap from TY2020). Harmonised groups sum native bands. TY2022+ new SOI series.
2023,harmonised,25-34,39979732.0,38908446.0,3795919.0,14174310.0,8644586.0,165249131.0,9.49,43.91,3734.0,8.578,new SOI methodology (2022+),"IRS SOI IRA table by age of taxpayer, TY2023, https://www.irs.gov/pub/irs-soi/23in04ira.xlsx",All IRA types combined (each taxpayer once). Taxpayers = primary+secondary taxpayers on filed returns in the age group. Owners = year-end FMV > 0. Native bands change: under-15/15-19 merged to under-20 from TY2022. Through TY2019 traditional contributions were barred at 70.5+ (SECURE Act removed the age cap from TY2020). Harmonised groups sum native bands. TY2022+ new SOI series.
2000,harmonised,35-44,40326116.7,39873479.43000001,3796409.4299999997,9459116.34,9677488.43,270238540.0,9.41,39.23,2492.0,3.5,former SOI methodology (2000-2021),"IRS SOI IRA table by age of taxpayer, TY2000, https://www.irs.gov/pub/irs-soi/00in05ir.xls",All IRA types combined (each taxpayer once). Taxpayers = primary+secondary taxpayers on filed returns in the age group. Owners = year-end FMV > 0. Native bands change: under-15/15-19 merged to under-20 from TY2022. Through TY2019 traditional contributions were barred at 70.5+ (SECURE Act removed the age cap from TY2020). Harmonised groups sum native bands. TY2022+ new SOI series.
2001,harmonised,35-44,40349915.0,35388067.0,3828358.0,9282600.0,9907293.0,229186756.0,9.49,38.64,2425.0,4.05,former SOI methodology (2000-2021),"IRS SOI IRA table by age of taxpayer, TY2001, https://www.irs.gov/pub/irs-soi/01in05ira.xls",All IRA types combined (each taxpayer once). Taxpayers = primary+secondary taxpayers on filed returns in the age group. Owners = year-end FMV > 0. Native bands change: under-15/15-19 merged to under-20 from TY2022. Through TY2019 traditional contributions were barred at 70.5+ (SECURE Act removed the age cap from TY2020). Harmonised groups sum native bands. TY2022+ new SOI series.
2002,harmonised,35-44,39952525.0,35189590.0,3545382.0,9790550.0,9948070.0,184866661.0,8.87,35.64,2761.0,5.296,former SOI methodology (2000-2021),"IRS SOI IRA table by age of taxpayer, TY2002, https://www.irs.gov/pub/irs-soi/02in10ira.xls",All IRA types combined (each taxpayer once). Taxpayers = primary+secondary taxpayers on filed returns in the age group. Owners = year-end FMV > 0. Native bands change: under-15/15-19 merged to under-20 from TY2022. Through TY2019 traditional contributions were barred at 70.5+ (SECURE Act removed the age cap from TY2020). Harmonised groups sum native bands. TY2022+ new SOI series.
2004,harmonised,35-44,42360625.0,36881393.0,3533548.0,11043177.0,9752962.0,259797597.0,8.34,36.23,3125.0,4.251,former SOI methodology (2000-2021),"IRS SOI IRA table by age of taxpayer, TY2004, https://www.irs.gov/pub/irs-soi/04in04ira.xls",All IRA types combined (each taxpayer once). Taxpayers = primary+secondary taxpayers on filed returns in the age group. Owners = year-end FMV > 0. Native bands change: under-15/15-19 merged to under-20 from TY2022. Through TY2019 traditional contributions were barred at 70.5+ (SECURE Act removed the age cap from TY2020). Harmonised groups sum native bands. TY2022+ new SOI series.
2005,harmonised,35-44,38900350.0,34126740.0,3207882.0,11628616.0,9204156.0,246218862.0,8.25,34.85,3625.0,4.723,former SOI methodology (2000-2021),"IRS SOI IRA table by age of taxpayer, TY2005, https://www.irs.gov/pub/irs-soi/05in04ira.xls",All IRA types combined (each taxpayer once). Taxpayers = primary+secondary taxpayers on filed returns in the age group. Owners = year-end FMV > 0. Native bands change: under-15/15-19 merged to under-20 from TY2022. Through TY2019 traditional contributions were barred at 70.5+ (SECURE Act removed the age cap from TY2020). Harmonised groups sum native bands. TY2022+ new SOI series.
2006,harmonised,35-44,38689364.0,33789120.0,3116411.0,11358857.0,9239845.0,287010903.0,8.05,33.73,3645.0,3.958,former SOI methodology (2000-2021),"IRS SOI IRA table by age of taxpayer, TY2006, https://www.irs.gov/pub/irs-soi/06in04ira.xls",All IRA types combined (each taxpayer once). Taxpayers = primary+secondary taxpayers on filed returns in the age group. Owners = year-end FMV > 0. Native bands change: under-15/15-19 merged to under-20 from TY2022. Through TY2019 traditional contributions were barred at 70.5+ (SECURE Act removed the age cap from TY2020). Harmonised groups sum native bands. TY2022+ new SOI series.
2007,harmonised,35-44,38784254.0,33981424.0,3081122.0,11489633.0,9314006.0,313907703.0,7.94,33.08,3729.0,3.66,former SOI methodology (2000-2021),"IRS SOI IRA table by age of taxpayer, TY2007, https://www.irs.gov/pub/irs-soi/07in04ira.xls",All IRA types combined (each taxpayer once). Taxpayers = primary+secondary taxpayers on filed returns in the age group. Owners = year-end FMV > 0. Native bands change: under-15/15-19 merged to under-20 from TY2022. Through TY2019 traditional contributions were barred at 70.5+ (SECURE Act removed the age cap from TY2020). Harmonised groups sum native bands. TY2022+ new SOI series.
2008,harmonised,35-44,37754780.0,32857651.0,2778621.0,10985534.0,8987453.0,214687318.0,7.36,30.92,3954.0,5.117,former SOI methodology (2000-2021),"IRS SOI IRA table by age of taxpayer, TY2008, https://www.irs.gov/pub/irs-soi/08in04ira.xls",All IRA types combined (each taxpayer once). Taxpayers = primary+secondary taxpayers on filed returns in the age group. Owners = year-end FMV > 0. Native bands change: under-15/15-19 merged to under-20 from TY2022. Through TY2019 traditional contributions were barred at 70.5+ (SECURE Act removed the age cap from TY2020). Harmonised groups sum native bands. TY2022+ new SOI series.
2009,harmonised,35-44,36810812.0,31605315.0,2466981.0,9189245.0,8703889.0,249975032.0,6.7,28.34,3725.0,3.676,former SOI methodology (2000-2021),"IRS SOI IRA table by age of taxpayer, TY2009, https://www.irs.gov/pub/irs-soi/09in04ira.xls",All IRA types combined (each taxpayer once). Taxpayers = primary+secondary taxpayers on filed returns in the age group. Owners = year-end FMV > 0. Native bands change: under-15/15-19 merged to under-20 from TY2022. Through TY2019 traditional contributions were barred at 70.5+ (SECURE Act removed the age cap from TY2020). Harmonised groups sum native bands. TY2022+ new SOI series.
2010,harmonised,35-44,36781859.0,30837497.0,2353609.0,8883585.0,8482648.0,270348772.0,6.4,27.75,3774.0,3.286,former SOI methodology (2000-2021),"IRS SOI IRA table by age of taxpayer, TY2010, https://www.irs.gov/pub/irs-soi/10in04ira.xls",All IRA types combined (each taxpayer once). Taxpayers = primary+secondary taxpayers on filed returns in the age group. Owners = year-end FMV > 0. Native bands change: under-15/15-19 merged to under-20 from TY2022. Through TY2019 traditional contributions were barred at 70.5+ (SECURE Act removed the age cap from TY2020). Harmonised groups sum native bands. TY2022+ new SOI series.
2011,harmonised,35-44,36447727.0,30550184.0,2284066.0,8781546.0,8363413.0,259684738.0,6.27,27.31,3845.0,3.382,former SOI methodology (2000-2021),"IRS SOI IRA table by age of taxpayer, TY2011, https://www.irs.gov/pub/irs-soi/11in04ira.xls",All IRA types combined (each taxpayer once). Taxpayers = primary+secondary taxpayers on filed returns in the age group. Owners = year-end FMV > 0. Native bands change: under-15/15-19 merged to under-20 from TY2022. Through TY2019 traditional contributions were barred at 70.5+ (SECURE Act removed the age cap from TY2020). Harmonised groups sum native bands. TY2022+ new SOI series.
2012,harmonised,35-44,36035376.0,30985517.0,2401372.0,9374482.0,8282053.0,288039154.0,6.66,28.99,3904.0,3.255,former SOI methodology (2000-2021),"IRS SOI IRA table by age of taxpayer, TY2012, https://www.irs.gov/pub/irs-soi/12in04ira.xls",All IRA types combined (each taxpayer once). Taxpayers = primary+secondary taxpayers on filed returns in the age group. Owners = year-end FMV > 0. Native bands change: under-15/15-19 merged to under-20 from TY2022. Through TY2019 traditional contributions were barred at 70.5+ (SECURE Act removed the age cap from TY2020). Harmonised groups sum native bands. TY2022+ new SOI series.
2013,harmonised,35-44,35974257.0,31055909.0,2452057.0,9983388.0,8206211.0,338114348.0,6.82,29.88,4071.0,2.953,former SOI methodology (2000-2021),"IRS SOI IRA table by age of taxpayer, TY2013, https://www.irs.gov/pub/irs-soi/13in04ira.xls",All IRA types combined (each taxpayer once). Taxpayers = primary+secondary taxpayers on filed returns in the age group. Owners = year-end FMV > 0. Native bands change: under-15/15-19 merged to under-20 from TY2022. Through TY2019 traditional contributions were barred at 70.5+ (SECURE Act removed the age cap from TY2020). Harmonised groups sum native bands. TY2022+ new SOI series.
2014,harmonised,35-44,35881722.0,31084442.0,2500155.0,10640323.0,8190792.0,351424536.0,6.97,30.52,4256.0,3.028,former SOI methodology (2000-2021),"IRS SOI IRA table by age of taxpayer, TY2014, https://www.irs.gov/pub/irs-soi/14in04ira.xls",All IRA types combined (each taxpayer once). Taxpayers = primary+secondary taxpayers on filed returns in the age group. Owners = year-end FMV > 0. Native bands change: under-15/15-19 merged to under-20 from TY2022. Through TY2019 traditional contributions were barred at 70.5+ (SECURE Act removed the age cap from TY2020). Harmonised groups sum native bands. TY2022+ new SOI series.
2015,harmonised,35-44,36083097.0,31418891.0,2584966.0,10709103.0,8274476.0,344411292.0,7.16,31.24,4143.0,3.109,former SOI methodology (2000-2021),"IRS SOI IRA table by age of taxpayer, TY2015, https://www.irs.gov/pub/irs-soi/15in04ira.xls",All IRA types combined (each taxpayer once). Taxpayers = primary+secondary taxpayers on filed returns in the age group. Owners = year-end FMV > 0. Native bands change: under-15/15-19 merged to under-20 from TY2022. Through TY2019 traditional contributions were barred at 70.5+ (SECURE Act removed the age cap from TY2020). Harmonised groups sum native bands. TY2022+ new SOI series.
2016,harmonised,35-44,35793829.0,31450818.0,2620517.0,10778552.0,8339812.0,353904572.0,7.32,31.42,4113.0,3.046,former SOI methodology (2000-2021),"IRS SOI IRA table by age of taxpayer, TY2016, https://www.irs.gov/pub/irs-soi/16in04ira.xls",All IRA types combined (each taxpayer once). Taxpayers = primary+secondary taxpayers on filed returns in the age group. Owners = year-end FMV > 0. Native bands change: under-15/15-19 merged to under-20 from TY2022. Through TY2019 traditional contributions were barred at 70.5+ (SECURE Act removed the age cap from TY2020). Harmonised groups sum native bands. TY2022+ new SOI series.
2017,harmonised,35-44,36408604.0,32069408.0,2743248.0,11678348.0,8461723.0,411155081.0,7.53,32.42,4257.0,2.84,former SOI methodology (2000-2021),"IRS SOI IRA table by age of taxpayer, TY2017, https://www.irs.gov/pub/irs-soi/17in04ira.xlsx",All IRA types combined (each taxpayer once). Taxpayers = primary+secondary taxpayers on filed returns in the age group. Owners = year-end FMV > 0. Native bands change: under-15/15-19 merged to under-20 from TY2022. Through TY2019 traditional contributions were barred at 70.5+ (SECURE Act removed the age cap from TY2020). Harmonised groups sum native bands. TY2022+ new SOI series.
2018,harmonised,35-44,36715151.0,32492188.0,2892530.0,12511037.0,8623589.0,384221238.0,7.88,33.54,4325.0,3.256,former SOI methodology (2000-2021),"IRS SOI IRA table by age of taxpayer, TY2018, https://www.irs.gov/pub/irs-soi/18in04ira.xlsx",All IRA types combined (each taxpayer once). Taxpayers = primary+secondary taxpayers on filed returns in the age group. Owners = year-end FMV > 0. Native bands change: under-15/15-19 merged to under-20 from TY2022. Through TY2019 traditional contributions were barred at 70.5+ (SECURE Act removed the age cap from TY2020). Harmonised groups sum native bands. TY2022+ new SOI series.
2019,harmonised,35-44,37781856.0,33438210.0,3158121.0,14074454.0,8814752.0,453962891.0,8.36,35.83,4457.0,3.1,former SOI methodology (2000-2021),"IRS SOI IRA table by age of taxpayer, TY2019, https://www.irs.gov/pub/irs-soi/19in04ira.xlsx",All IRA types combined (each taxpayer once). Taxpayers = primary+secondary taxpayers on filed returns in the age group. Owners = year-end FMV > 0. Native bands change: under-15/15-19 merged to under-20 from TY2022. Through TY2019 traditional contributions were barred at 70.5+ (SECURE Act removed the age cap from TY2020). Harmonised groups sum native bands. TY2022+ new SOI series.
2020,harmonised,35-44,39320976.0,33974168.0,3563188.0,16245161.0,9266599.0,530559898.0,9.06,38.45,4559.0,3.062,former SOI methodology (2000-2021),"IRS SOI IRA table by age of taxpayer, TY2020, https://www.irs.gov/pub/irs-soi/20in04ira.xlsx",All IRA types combined (each taxpayer once). Taxpayers = primary+secondary taxpayers on filed returns in the age group. Owners = year-end FMV > 0. Native bands change: under-15/15-19 merged to under-20 from TY2022. Through TY2019 traditional contributions were barred at 70.5+ (SECURE Act removed the age cap from TY2020). Harmonised groups sum native bands. TY2022+ new SOI series.
2021,harmonised,35-44,38645905.0,33593518.0,3826808.0,18077297.0,9749517.0,624643579.0,9.9,39.25,4724.0,2.894,former SOI methodology (2000-2021),"IRS SOI IRA table by age of taxpayer, TY2021, https://www.irs.gov/pub/irs-soi/21in04ira.xlsx",All IRA types combined (each taxpayer once). Taxpayers = primary+secondary taxpayers on filed returns in the age group. Owners = year-end FMV > 0. Native bands change: under-15/15-19 merged to under-20 from TY2022. Through TY2019 traditional contributions were barred at 70.5+ (SECURE Act removed the age cap from TY2020). Harmonised groups sum native bands. TY2022+ new SOI series.
2022,harmonised,35-44,38779911.0,37293804.0,3813926.0,17212987.0,10039756.0,518498993.0,9.83,37.99,4513.0,3.32,new SOI methodology (2022+),"IRS SOI IRA table by age of taxpayer, TY2022, https://www.irs.gov/pub/irs-soi/22in04ira.xlsx",All IRA types combined (each taxpayer once). Taxpayers = primary+secondary taxpayers on filed returns in the age group. Owners = year-end FMV > 0. Native bands change: under-15/15-19 merged to under-20 from TY2022. Through TY2019 traditional contributions were barred at 70.5+ (SECURE Act removed the age cap from TY2020). Harmonised groups sum native bands. TY2022+ new SOI series.
2023,harmonised,35-44,39288180.0,37965018.0,3884041.0,18170407.0,10434298.0,585355859.0,9.89,37.22,4678.0,3.104,new SOI methodology (2022+),"IRS SOI IRA table by age of taxpayer, TY2023, https://www.irs.gov/pub/irs-soi/23in04ira.xlsx",All IRA types combined (each taxpayer once). Taxpayers = primary+secondary taxpayers on filed returns in the age group. Owners = year-end FMV > 0. Native bands change: under-15/15-19 merged to under-20 from TY2022. Through TY2019 traditional contributions were barred at 70.5+ (SECURE Act removed the age cap from TY2020). Harmonised groups sum native bands. TY2022+ new SOI series.
2000,harmonised,45-54,34079430.900000006,33325031.990000002,4180631.38,11637200.09,11502552.71,567356007.0,12.27,36.35,2784.0,2.051,former SOI methodology (2000-2021),"IRS SOI IRA table by age of taxpayer, TY2000, https://www.irs.gov/pub/irs-soi/00in05ir.xls",All IRA types combined (each taxpayer once). Taxpayers = primary+secondary taxpayers on filed returns in the age group. Owners = year-end FMV > 0. Native bands change: under-15/15-19 merged to under-20 from TY2022. Through TY2019 traditional contributions were barred at 70.5+ (SECURE Act removed the age cap from TY2020). Harmonised groups sum native bands. TY2022+ new SOI series.
2001,harmonised,45-54,35432961.0,31843075.0,4227934.0,11235521.0,12234529.0,539396357.0,11.93,34.56,2657.0,2.083,former SOI methodology (2000-2021),"IRS SOI IRA table by age of taxpayer, TY2001, https://www.irs.gov/pub/irs-soi/01in05ira.xls",All IRA types combined (each taxpayer once). Taxpayers = primary+secondary taxpayers on filed returns in the age group. Owners = year-end FMV > 0. Native bands change: under-15/15-19 merged to under-20 from TY2022. Through TY2019 traditional contributions were barred at 70.5+ (SECURE Act removed the age cap from TY2020). Harmonised groups sum native bands. TY2022+ new SOI series.
2002,harmonised,45-54,35966925.0,31296522.0,4189958.0,13674248.0,12525738.0,493871673.0,11.65,33.45,3264.0,2.769,former SOI methodology (2000-2021),"IRS SOI IRA table by age of taxpayer, TY2002, https://www.irs.gov/pub/irs-soi/02in10ira.xls",All IRA types combined (each taxpayer once). Taxpayers = primary+secondary taxpayers on filed returns in the age group. Owners = year-end FMV > 0. Native bands change: under-15/15-19 merged to under-20 from TY2022. Through TY2019 traditional contributions were barred at 70.5+ (SECURE Act removed the age cap from TY2020). Harmonised groups sum native bands. TY2022+ new SOI series.
2004,harmonised,45-54,38652750.0,33972288.0,4361771.0,15463588.0,12863801.0,600054699.0,11.28,33.91,3545.0,2.577,former SOI methodology (2000-2021),"IRS SOI IRA table by age of taxpayer, TY2004, https://www.irs.gov/pub/irs-soi/04in04ira.xls",All IRA types combined (each taxpayer once). Taxpayers = primary+secondary taxpayers on filed returns in the age group. Owners = year-end FMV > 0. Native bands change: under-15/15-19 merged to under-20 from TY2022. Through TY2019 traditional contributions were barred at 70.5+ (SECURE Act removed the age cap from TY2020). Harmonised groups sum native bands. TY2022+ new SOI series.
2005,harmonised,45-54,37933128.0,33256260.0,4092334.0,17216710.0,12429525.0,645559773.0,10.79,32.92,4207.0,2.667,former SOI methodology (2000-2021),"IRS SOI IRA table by age of taxpayer, TY2005, https://www.irs.gov/pub/irs-soi/05in04ira.xls",All IRA types combined (each taxpayer once). Taxpayers = primary+secondary taxpayers on filed returns in the age group. Owners = year-end FMV > 0. Native bands change: under-15/15-19 merged to under-20 from TY2022. Through TY2019 traditional contributions were barred at 70.5+ (SECURE Act removed the age cap from TY2020). Harmonised groups sum native bands. TY2022+ new SOI series.
2006,harmonised,45-54,38580990.0,33727292.0,4067191.0,17996205.0,12913547.0,784863568.0,10.54,31.5,4425.0,2.293,former SOI methodology (2000-2021),"IRS SOI IRA table by age of taxpayer, TY2006, https://www.irs.gov/pub/irs-soi/06in04ira.xls",All IRA types combined (each taxpayer once). Taxpayers = primary+secondary taxpayers on filed returns in the age group. Owners = year-end FMV > 0. Native bands change: under-15/15-19 merged to under-20 from TY2022. Through TY2019 traditional contributions were barred at 70.5+ (SECURE Act removed the age cap from TY2020). Harmonised groups sum native bands. TY2022+ new SOI series.
2007,harmonised,45-54,39772874.0,34775405.0,4081690.0,18389651.0,13227409.0,862803144.0,10.26,30.86,4505.0,2.131,former SOI methodology (2000-2021),"IRS SOI IRA table by age of taxpayer, TY2007, https://www.irs.gov/pub/irs-soi/07in04ira.xls",All IRA types combined (each taxpayer once). Taxpayers = primary+secondary taxpayers on filed returns in the age group. Owners = year-end FMV > 0. Native bands change: under-15/15-19 merged to under-20 from TY2022. Through TY2019 traditional contributions were barred at 70.5+ (SECURE Act removed the age cap from TY2020). Harmonised groups sum native bands. TY2022+ new SOI series.
2008,harmonised,45-54,39326111.0,34293788.0,3528669.0,16599807.0,13033455.0,622073795.0,8.97,27.07,4704.0,2.668,former SOI methodology (2000-2021),"IRS SOI IRA table by age of taxpayer, TY2008, https://www.irs.gov/pub/irs-soi/08in04ira.xls",All IRA types combined (each taxpayer once). Taxpayers = primary+secondary taxpayers on filed returns in the age group. Owners = year-end FMV > 0. Native bands change: under-15/15-19 merged to under-20 from TY2022. Through TY2019 traditional contributions were barred at 70.5+ (SECURE Act removed the age cap from TY2020). Harmonised groups sum native bands. TY2022+ new SOI series.
2009,harmonised,45-54,39353721.0,33825836.0,3192632.0,14668224.0,12914667.0,744781384.0,8.11,24.72,4594.0,1.969,former SOI methodology (2000-2021),"IRS SOI IRA table by age of taxpayer, TY2009, https://www.irs.gov/pub/irs-soi/09in04ira.xls",All IRA types combined (each taxpayer once). Taxpayers = primary+secondary taxpayers on filed returns in the age group. Owners = year-end FMV > 0. Native bands change: under-15/15-19 merged to under-20 from TY2022. Through TY2019 traditional contributions were barred at 70.5+ (SECURE Act removed the age cap from TY2020). Harmonised groups sum native bands. TY2022+ new SOI series.
2010,harmonised,45-54,39324345.0,32902705.0,3040932.0,14582207.0,12542941.0,811481528.0,7.73,24.24,4795.0,1.797,former SOI methodology (2000-2021),"IRS SOI IRA table by age of taxpayer, TY2010, https://www.irs.gov/pub/irs-soi/10in04ira.xls",All IRA types combined (each taxpayer once). Taxpayers = primary+secondary taxpayers on filed returns in the age group. Owners = year-end FMV > 0. Native bands change: under-15/15-19 merged to under-20 from TY2022. Through TY2019 traditional contributions were barred at 70.5+ (SECURE Act removed the age cap from TY2020). Harmonised groups sum native bands. TY2022+ new SOI series.
2011,harmonised,45-54,38999454.0,32688398.0,2925079.0,13676549.0,12271128.0,765716775.0,7.5,23.84,4676.0,1.786,former SOI methodology (2000-2021),"IRS SOI IRA table by age of taxpayer, TY2011, https://www.irs.gov/pub/irs-soi/11in04ira.xls",All IRA types combined (each taxpayer once). Taxpayers = primary+secondary taxpayers on filed returns in the age group. Owners = year-end FMV > 0. Native bands change: under-15/15-19 merged to under-20 from TY2022. Through TY2019 traditional contributions were barred at 70.5+ (SECURE Act removed the age cap from TY2020). Harmonised groups sum native bands. TY2022+ new SOI series.
2012,harmonised,45-54,38273896.0,32948822.0,3109530.0,14966868.0,12203936.0,846851672.0,8.12,25.48,4813.0,1.767,former SOI methodology (2000-2021),"IRS SOI IRA table by age of taxpayer, TY2012, https://www.irs.gov/pub/irs-soi/12in04ira.xls",All IRA types combined (each taxpayer once). Taxpayers = primary+secondary taxpayers on filed returns in the age group. Owners = year-end FMV > 0. Native bands change: under-15/15-19 merged to under-20 from TY2022. Through TY2019 traditional contributions were barred at 70.5+ (SECURE Act removed the age cap from TY2020). Harmonised groups sum native bands. TY2022+ new SOI series.
2013,harmonised,45-54,37964581.0,32739602.0,3117691.0,15805361.0,11999450.0,970387757.0,8.21,25.98,5070.0,1.629,former SOI methodology (2000-2021),"IRS SOI IRA table by age of taxpayer, TY2013, https://www.irs.gov/pub/irs-soi/13in04ira.xls",All IRA types combined (each taxpayer once). Taxpayers = primary+secondary taxpayers on filed returns in the age group. Owners = year-end FMV > 0. Native bands change: under-15/15-19 merged to under-20 from TY2022. Through TY2019 traditional contributions were barred at 70.5+ (SECURE Act removed the age cap from TY2020). Harmonised groups sum native bands. TY2022+ new SOI series.
2014,harmonised,45-54,37748885.0,32635018.0,3119023.0,15907452.0,11790276.0,988182663.0,8.26,26.45,5100.0,1.61,former SOI methodology (2000-2021),"IRS SOI IRA table by age of taxpayer, TY2014, https://www.irs.gov/pub/irs-soi/14in04ira.xls",All IRA types combined (each taxpayer once). Taxpayers = primary+secondary taxpayers on filed returns in the age group. Owners = year-end FMV > 0. Native bands change: under-15/15-19 merged to under-20 from TY2022. Through TY2019 traditional contributions were barred at 70.5+ (SECURE Act removed the age cap from TY2020). Harmonised groups sum native bands. TY2022+ new SOI series.
2015,harmonised,45-54,37201702.0,32198151.0,3032786.0,15953080.0,11527870.0,973913612.0,8.15,26.31,5260.0,1.638,former SOI methodology (2000-2021),"IRS SOI IRA table by age of taxpayer, TY2015, https://www.irs.gov/pub/irs-soi/15in04ira.xls",All IRA types combined (each taxpayer once). Taxpayers = primary+secondary taxpayers on filed returns in the age group. Owners = year-end FMV > 0. Native bands change: under-15/15-19 merged to under-20 from TY2022. Through TY2019 traditional contributions were barred at 70.5+ (SECURE Act removed the age cap from TY2020). Harmonised groups sum native bands. TY2022+ new SOI series.
2016,harmonised,45-54,36458736.0,31823109.0,3050541.0,16235609.0,11340307.0,1000336372.0,8.37,26.9,5322.0,1.623,former SOI methodology (2000-2021),"IRS SOI IRA table by age of taxpayer, TY2016, https://www.irs.gov/pub/irs-soi/16in04ira.xls",All IRA types combined (each taxpayer once). Taxpayers = primary+secondary taxpayers on filed returns in the age group. Owners = year-end FMV > 0. Native bands change: under-15/15-19 merged to under-20 from TY2022. Through TY2019 traditional contributions were barred at 70.5+ (SECURE Act removed the age cap from TY2020). Harmonised groups sum native bands. TY2022+ new SOI series.
2017,harmonised,45-54,36170580.0,31587232.0,3091432.0,16747676.0,11260924.0,1127297283.0,8.55,27.45,5417.0,1.486,former SOI methodology (2000-2021),"IRS SOI IRA table by age of taxpayer, TY2017, https://www.irs.gov/pub/irs-soi/17in04ira.xlsx",All IRA types combined (each taxpayer once). Taxpayers = primary+secondary taxpayers on filed returns in the age group. Owners = year-end FMV > 0. Native bands change: under-15/15-19 merged to under-20 from TY2022. Through TY2019 traditional contributions were barred at 70.5+ (SECURE Act removed the age cap from TY2020). Harmonised groups sum native bands. TY2022+ new SOI series.
2018,harmonised,45-54,35765828.0,31272705.0,3056138.0,16233161.0,11088691.0,1035580053.0,8.54,27.56,5312.0,1.568,former SOI methodology (2000-2021),"IRS SOI IRA table by age of taxpayer, TY2018, https://www.irs.gov/pub/irs-soi/18in04ira.xlsx",All IRA types combined (each taxpayer once). Taxpayers = primary+secondary taxpayers on filed returns in the age group. Owners = year-end FMV > 0. Native bands change: under-15/15-19 merged to under-20 from TY2022. Through TY2019 traditional contributions were barred at 70.5+ (SECURE Act removed the age cap from TY2020). Harmonised groups sum native bands. TY2022+ new SOI series.
2019,harmonised,45-54,35988479.0,31479349.0,3091055.0,16860037.0,10977764.0,1221312471.0,8.59,28.16,5454.0,1.38,former SOI methodology (2000-2021),"IRS SOI IRA table by age of taxpayer, TY2019, https://www.irs.gov/pub/irs-soi/19in04ira.xlsx",All IRA types combined (each taxpayer once). Taxpayers = primary+secondary taxpayers on filed returns in the age group. Owners = year-end FMV > 0. Native bands change: under-15/15-19 merged to under-20 from TY2022. Through TY2019 traditional contributions were barred at 70.5+ (SECURE Act removed the age cap from TY2020). Harmonised groups sum native bands. TY2022+ new SOI series.
2020,harmonised,45-54,36349259.0,31010417.0,3343278.0,17932618.0,11059561.0,1501035399.0,9.2,30.23,5364.0,1.195,former SOI methodology (2000-2021),"IRS SOI IRA table by age of taxpayer, TY2020, https://www.irs.gov/pub/irs-soi/20in04ira.xlsx",All IRA types combined (each taxpayer once). Taxpayers = primary+secondary taxpayers on filed returns in the age group. Owners = year-end FMV > 0. Native bands change: under-15/15-19 merged to under-20 from TY2022. Through TY2019 traditional contributions were barred at 70.5+ (SECURE Act removed the age cap from TY2020). Harmonised groups sum native bands. TY2022+ new SOI series.
2021,harmonised,45-54,34834991.0,30008117.0,3554890.0,19708705.0,11239611.0,1610586988.0,10.2,31.63,5544.0,1.224,former SOI methodology (2000-2021),"IRS SOI IRA table by age of taxpayer, TY2021, https://www.irs.gov/pub/irs-soi/21in04ira.xlsx",All IRA types combined (each taxpayer once). Taxpayers = primary+secondary taxpayers on filed returns in the age group. Owners = year-end FMV > 0. Native bands change: under-15/15-19 merged to under-20 from TY2022. Through TY2019 traditional contributions were barred at 70.5+ (SECURE Act removed the age cap from TY2020). Harmonised groups sum native bands. TY2022+ new SOI series.
2022,harmonised,45-54,35006821.0,33402545.0,3494972.0,18894592.0,11457763.0,1310223379.0,9.98,30.5,5406.0,1.442,new SOI methodology (2022+),"IRS SOI IRA table by age of taxpayer, TY2022, https://www.irs.gov/pub/irs-soi/22in04ira.xlsx",All IRA types combined (each taxpayer once). Taxpayers = primary+secondary taxpayers on filed returns in the age group. Owners = year-end FMV > 0. Native bands change: under-15/15-19 merged to under-20 from TY2022. Through TY2019 traditional contributions were barred at 70.5+ (SECURE Act removed the age cap from TY2020). Harmonised groups sum native bands. TY2022+ new SOI series.
2023,harmonised,45-54,34694673.0,33276552.0,3511559.0,19166871.0,11484154.0,1459659235.0,10.12,30.58,5458.0,1.313,new SOI methodology (2022+),"IRS SOI IRA table by age of taxpayer, TY2023, https://www.irs.gov/pub/irs-soi/23in04ira.xlsx",All IRA types combined (each taxpayer once). Taxpayers = primary+secondary taxpayers on filed returns in the age group. Owners = year-end FMV > 0. Native bands change: under-15/15-19 merged to under-20 from TY2022. Through TY2019 traditional contributions were barred at 70.5+ (SECURE Act removed the age cap from TY2020). Harmonised groups sum native bands. TY2022+ new SOI series.
2000,harmonised,55-59,12074760.4,11366597.57,1683922.6,4413832.96,5116790.07,377874926.0,13.95,32.91,2621.0,1.168,former SOI methodology (2000-2021),"IRS SOI IRA table by age of taxpayer, TY2000, https://www.irs.gov/pub/irs-soi/00in05ir.xls",All IRA types combined (each taxpayer once). Taxpayers = primary+secondary taxpayers on filed returns in the age group. Owners = year-end FMV > 0. Native bands change: under-15/15-19 merged to under-20 from TY2022. Through TY2019 traditional contributions were barred at 70.5+ (SECURE Act removed the age cap from TY2020). Harmonised groups sum native bands. TY2022+ new SOI series.
2001,harmonised,55-59,12788019.0,11028529.0,1751129.0,4537942.0,5466028.0,386734391.0,13.69,32.04,2591.0,1.173,former SOI methodology (2000-2021),"IRS SOI IRA table by age of taxpayer, TY2001, https://www.irs.gov/pub/irs-soi/01in05ira.xls",All IRA types combined (each taxpayer once). Taxpayers = primary+secondary taxpayers on filed returns in the age group. Owners = year-end FMV > 0. Native bands change: under-15/15-19 merged to under-20 from TY2022. Through TY2019 traditional contributions were barred at 70.5+ (SECURE Act removed the age cap from TY2020). Harmonised groups sum native bands. TY2022+ new SOI series.
2002,harmonised,55-59,13492548.0,10800993.0,1786129.0,6254326.0,5818275.0,394948443.0,13.24,30.7,3502.0,1.584,former SOI methodology (2000-2021),"IRS SOI IRA table by age of taxpayer, TY2002, https://www.irs.gov/pub/irs-soi/02in10ira.xls",All IRA types combined (each taxpayer once). Taxpayers = primary+secondary taxpayers on filed returns in the age group. Owners = year-end FMV > 0. Native bands change: under-15/15-19 merged to under-20 from TY2022. Through TY2019 traditional contributions were barred at 70.5+ (SECURE Act removed the age cap from TY2020). Harmonised groups sum native bands. TY2022+ new SOI series.
2004,harmonised,55-59,15463237.0,12709726.0,2004599.0,8081549.0,6450892.0,507486580.0,12.96,31.07,4032.0,1.592,former SOI methodology (2000-2021),"IRS SOI IRA table by age of taxpayer, TY2004, https://www.irs.gov/pub/irs-soi/04in04ira.xls",All IRA types combined (each taxpayer once). Taxpayers = primary+secondary taxpayers on filed returns in the age group. Owners = year-end FMV > 0. Native bands change: under-15/15-19 merged to under-20 from TY2022. Through TY2019 traditional contributions were barred at 70.5+ (SECURE Act removed the age cap from TY2020). Harmonised groups sum native bands. TY2022+ new SOI series.
2005,harmonised,55-59,15359486.0,12425061.0,1894242.0,8733959.0,6306806.0,529446055.0,12.33,30.03,4611.0,1.65,former SOI methodology (2000-2021),"IRS SOI IRA table by age of taxpayer, TY2005, https://www.irs.gov/pub/irs-soi/05in04ira.xls",All IRA types combined (each taxpayer once). Taxpayers = primary+secondary taxpayers on filed returns in the age group. Owners = year-end FMV > 0. Native bands change: under-15/15-19 merged to under-20 from TY2022. Through TY2019 traditional contributions were barred at 70.5+ (SECURE Act removed the age cap from TY2020). Harmonised groups sum native bands. TY2022+ new SOI series.
2006,harmonised,55-59,15911591.0,12853391.0,1930102.0,9606848.0,6651818.0,639217386.0,12.13,29.02,4977.0,1.503,former SOI methodology (2000-2021),"IRS SOI IRA table by age of taxpayer, TY2006, https://www.irs.gov/pub/irs-soi/06in04ira.xls",All IRA types combined (each taxpayer once). Taxpayers = primary+secondary taxpayers on filed returns in the age group. Owners = year-end FMV > 0. Native bands change: under-15/15-19 merged to under-20 from TY2022. Through TY2019 traditional contributions were barred at 70.5+ (SECURE Act removed the age cap from TY2020). Harmonised groups sum native bands. TY2022+ new SOI series.
2007,harmonised,55-59,16426305.0,13336986.0,1884828.0,9604491.0,6802877.0,700771132.0,11.47,27.71,5096.0,1.371,former SOI methodology (2000-2021),"IRS SOI IRA table by age of taxpayer, TY2007, https://www.irs.gov/pub/irs-soi/07in04ira.xls",All IRA types combined (each taxpayer once). Taxpayers = primary+secondary taxpayers on filed returns in the age group. Owners = year-end FMV > 0. Native bands change: under-15/15-19 merged to under-20 from TY2022. Through TY2019 traditional contributions were barred at 70.5+ (SECURE Act removed the age cap from TY2020). Harmonised groups sum native bands. TY2022+ new SOI series.
2008,harmonised,55-59,16481841.0,13409568.0,1762549.0,9272636.0,6808942.0,524383551.0,10.69,25.89,5261.0,1.768,former SOI methodology (2000-2021),"IRS SOI IRA table by age of taxpayer, TY2008, https://www.irs.gov/pub/irs-soi/08in04ira.xls",All IRA types combined (each taxpayer once). Taxpayers = primary+secondary taxpayers on filed returns in the age group. Owners = year-end FMV > 0. Native bands change: under-15/15-19 merged to under-20 from TY2022. Through TY2019 traditional contributions were barred at 70.5+ (SECURE Act removed the age cap from TY2020). Harmonised groups sum native bands. TY2022+ new SOI series.
2009,harmonised,55-59,16908346.0,13687128.0,1706716.0,8833770.0,7014348.0,648722741.0,10.09,24.33,5176.0,1.362,former SOI methodology (2000-2021),"IRS SOI IRA table by age of taxpayer, TY2009, https://www.irs.gov/pub/irs-soi/09in04ira.xls",All IRA types combined (each taxpayer once). Taxpayers = primary+secondary taxpayers on filed returns in the age group. Owners = year-end FMV > 0. Native bands change: under-15/15-19 merged to under-20 from TY2022. Through TY2019 traditional contributions were barred at 70.5+ (SECURE Act removed the age cap from TY2020). Harmonised groups sum native bands. TY2022+ new SOI series.
2010,harmonised,55-59,17494344.0,13800863.0,1745050.0,9315574.0,7134799.0,706378339.0,9.97,24.46,5338.0,1.319,former SOI methodology (2000-2021),"IRS SOI IRA table by age of taxpayer, TY2010, https://www.irs.gov/pub/irs-soi/10in04ira.xls",All IRA types combined (each taxpayer once). Taxpayers = primary+secondary taxpayers on filed returns in the age group. Owners = year-end FMV > 0. Native bands change: under-15/15-19 merged to under-20 from TY2022. Through TY2019 traditional contributions were barred at 70.5+ (SECURE Act removed the age cap from TY2020). Harmonised groups sum native bands. TY2022+ new SOI series.
2011,harmonised,55-59,17817405.0,14092254.0,1622028.0,8766193.0,7157463.0,702650187.0,9.1,22.66,5404.0,1.248,former SOI methodology (2000-2021),"IRS SOI IRA table by age of taxpayer, TY2011, https://www.irs.gov/pub/irs-soi/11in04ira.xls",All IRA types combined (each taxpayer once). Taxpayers = primary+secondary taxpayers on filed returns in the age group. Owners = year-end FMV > 0. Native bands change: under-15/15-19 merged to under-20 from TY2022. Through TY2019 traditional contributions were barred at 70.5+ (SECURE Act removed the age cap from TY2020). Harmonised groups sum native bands. TY2022+ new SOI series.
2012,harmonised,55-59,17931841.0,14584649.0,1838317.0,10218350.0,7423900.0,797095754.0,10.25,24.76,5559.0,1.282,former SOI methodology (2000-2021),"IRS SOI IRA table by age of taxpayer, TY2012, https://www.irs.gov/pub/irs-soi/12in04ira.xls",All IRA types combined (each taxpayer once). Taxpayers = primary+secondary taxpayers on filed returns in the age group. Owners = year-end FMV > 0. Native bands change: under-15/15-19 merged to under-20 from TY2022. Through TY2019 traditional contributions were barred at 70.5+ (SECURE Act removed the age cap from TY2020). Harmonised groups sum native bands. TY2022+ new SOI series.
2013,harmonised,55-59,18116685.0,14785461.0,1864424.0,10888917.0,7367381.0,921195005.0,10.29,25.31,5840.0,1.182,former SOI methodology (2000-2021),"IRS SOI IRA table by age of taxpayer, TY2013, https://www.irs.gov/pub/irs-soi/13in04ira.xls",All IRA types combined (each taxpayer once). Taxpayers = primary+secondary taxpayers on filed returns in the age group. Owners = year-end FMV > 0. Native bands change: under-15/15-19 merged to under-20 from TY2022. Through TY2019 traditional contributions were barred at 70.5+ (SECURE Act removed the age cap from TY2020). Harmonised groups sum native bands. TY2022+ new SOI series.
2014,harmonised,55-59,18259739.0,14928932.0,1887134.0,10888645.0,7353150.0,977540510.0,10.33,25.66,5770.0,1.114,former SOI methodology (2000-2021),"IRS SOI IRA table by age of taxpayer, TY2014, https://www.irs.gov/pub/irs-soi/14in04ira.xls",All IRA types combined (each taxpayer once). Taxpayers = primary+secondary taxpayers on filed returns in the age group. Owners = year-end FMV > 0. Native bands change: under-15/15-19 merged to under-20 from TY2022. Through TY2019 traditional contributions were barred at 70.5+ (SECURE Act removed the age cap from TY2020). Harmonised groups sum native bands. TY2022+ new SOI series.
2015,harmonised,55-59,18536467.0,15201001.0,1866144.0,11037005.0,7419144.0,969799245.0,10.07,25.15,5914.0,1.138,former SOI methodology (2000-2021),"IRS SOI IRA table by age of taxpayer, TY2015, https://www.irs.gov/pub/irs-soi/15in04ira.xls",All IRA types combined (each taxpayer once). Taxpayers = primary+secondary taxpayers on filed returns in the age group. Owners = year-end FMV > 0. Native bands change: under-15/15-19 merged to under-20 from TY2022. Through TY2019 traditional contributions were barred at 70.5+ (SECURE Act removed the age cap from TY2020). Harmonised groups sum native bands. TY2022+ new SOI series.
2016,harmonised,55-59,18307412.0,15135808.0,1866679.0,11095447.0,7291924.0,989872394.0,10.2,25.6,5944.0,1.121,former SOI methodology (2000-2021),"IRS SOI IRA table by age of taxpayer, TY2016, https://www.irs.gov/pub/irs-soi/16in04ira.xls",All IRA types combined (each taxpayer once). Taxpayers = primary+secondary taxpayers on filed returns in the age group. Owners = year-end FMV > 0. Native bands change: under-15/15-19 merged to under-20 from TY2022. Through TY2019 traditional contributions were barred at 70.5+ (SECURE Act removed the age cap from TY2020). Harmonised groups sum native bands. TY2022+ new SOI series.
2017,harmonised,55-59,18612375.0,15471508.0,1857253.0,11357141.0,7299775.0,1129571117.0,9.98,25.44,6115.0,1.005,former SOI methodology (2000-2021),"IRS SOI IRA table by age of taxpayer, TY2017, https://www.irs.gov/pub/irs-soi/17in04ira.xlsx",All IRA types combined (each taxpayer once). Taxpayers = primary+secondary taxpayers on filed returns in the age group. Owners = year-end FMV > 0. Native bands change: under-15/15-19 merged to under-20 from TY2022. Through TY2019 traditional contributions were barred at 70.5+ (SECURE Act removed the age cap from TY2020). Harmonised groups sum native bands. TY2022+ new SOI series.
2018,harmonised,55-59,18462450.0,15450642.0,1819904.0,10786412.0,7211517.0,1043544449.0,9.86,25.24,5927.0,1.034,former SOI methodology (2000-2021),"IRS SOI IRA table by age of taxpayer, TY2018, https://www.irs.gov/pub/irs-soi/18in04ira.xlsx",All IRA types combined (each taxpayer once). Taxpayers = primary+secondary taxpayers on filed returns in the age group. Owners = year-end FMV > 0. Native bands change: under-15/15-19 merged to under-20 from TY2022. Through TY2019 traditional contributions were barred at 70.5+ (SECURE Act removed the age cap from TY2020). Harmonised groups sum native bands. TY2022+ new SOI series.
2019,harmonised,55-59,18751426.0,15708314.0,1803912.0,11123896.0,7143928.0,1189654990.0,9.62,25.25,6167.0,0.935,former SOI methodology (2000-2021),"IRS SOI IRA table by age of taxpayer, TY2019, https://www.irs.gov/pub/irs-soi/19in04ira.xlsx",All IRA types combined (each taxpayer once). Taxpayers = primary+secondary taxpayers on filed returns in the age group. Owners = year-end FMV > 0. Native bands change: under-15/15-19 merged to under-20 from TY2022. Through TY2019 traditional contributions were barred at 70.5+ (SECURE Act removed the age cap from TY2020). Harmonised groups sum native bands. TY2022+ new SOI series.
2020,harmonised,55-59,18691502.0,15288347.0,1958790.0,12085917.0,6983773.0,1327779440.0,10.48,28.05,6170.0,0.91,former SOI methodology (2000-2021),"IRS SOI IRA table by age of taxpayer, TY2020, https://www.irs.gov/pub/irs-soi/20in04ira.xlsx",All IRA types combined (each taxpayer once). Taxpayers = primary+secondary taxpayers on filed returns in the age group. Owners = year-end FMV > 0. Native bands change: under-15/15-19 merged to under-20 from TY2022. Through TY2019 traditional contributions were barred at 70.5+ (SECURE Act removed the age cap from TY2020). Harmonised groups sum native bands. TY2022+ new SOI series.
2021,harmonised,55-59,17876821.0,14688597.0,1956406.0,12871200.0,6941191.0,1512547907.0,10.94,28.19,6579.0,0.851,former SOI methodology (2000-2021),"IRS SOI IRA table by age of taxpayer, TY2021, https://www.irs.gov/pub/irs-soi/21in04ira.xlsx",All IRA types combined (each taxpayer once). Taxpayers = primary+secondary taxpayers on filed returns in the age group. Owners = year-end FMV > 0. Native bands change: under-15/15-19 merged to under-20 from TY2022. Through TY2019 traditional contributions were barred at 70.5+ (SECURE Act removed the age cap from TY2020). Harmonised groups sum native bands. TY2022+ new SOI series.
2022,harmonised,55-59,17545176.0,16380276.0,1842305.0,11200817.0,6905963.0,1290401178.0,10.5,26.68,6080.0,0.868,new SOI methodology (2022+),"IRS SOI IRA table by age of taxpayer, TY2022, https://www.irs.gov/pub/irs-soi/22in04ira.xlsx",All IRA types combined (each taxpayer once). Taxpayers = primary+secondary taxpayers on filed returns in the age group. Owners = year-end FMV > 0. Native bands change: under-15/15-19 merged to under-20 from TY2022. Through TY2019 traditional contributions were barred at 70.5+ (SECURE Act removed the age cap from TY2020). Harmonised groups sum native bands. TY2022+ new SOI series.
2023,harmonised,55-59,17062511.0,15984186.0,1810958.0,11463589.0,6682826.0,1426828181.0,10.61,27.1,6330.0,0.803,new SOI methodology (2022+),"IRS SOI IRA table by age of taxpayer, TY2023, https://www.irs.gov/pub/irs-soi/23in04ira.xlsx",All IRA types combined (each taxpayer once). Taxpayers = primary+secondary taxpayers on filed returns in the age group. Owners = year-end FMV > 0. Native bands change: under-15/15-19 merged to under-20 from TY2022. Through TY2019 traditional contributions were barred at 70.5+ (SECURE Act removed the age cap from TY2020). Harmonised groups sum native bands. TY2022+ new SOI series.
2000,harmonised,60-64,9220686.73,7645897.12,1025350.47,2581149.52,4313016.06,435424467.0,11.12,23.77,2517.0,0.593,former SOI methodology (2000-2021),"IRS SOI IRA table by age of taxpayer, TY2000, https://www.irs.gov/pub/irs-soi/00in05ir.xls",All IRA types combined (each taxpayer once). Taxpayers = primary+secondary taxpayers on filed returns in the age group. Owners = year-end FMV > 0. Native bands change: under-15/15-19 merged to under-20 from TY2022. Through TY2019 traditional contributions were barred at 70.5+ (SECURE Act removed the age cap from TY2020). Harmonised groups sum native bands. TY2022+ new SOI series.
2001,harmonised,60-64,9501183.0,7187238.0,1157058.0,2740405.0,4557971.0,412677867.0,12.18,25.39,2368.0,0.664,former SOI methodology (2000-2021),"IRS SOI IRA table by age of taxpayer, TY2001, https://www.irs.gov/pub/irs-soi/01in05ira.xls",All IRA types combined (each taxpayer once). Taxpayers = primary+secondary taxpayers on filed returns in the age group. Owners = year-end FMV > 0. Native bands change: under-15/15-19 merged to under-20 from TY2022. Through TY2019 traditional contributions were barred at 70.5+ (SECURE Act removed the age cap from TY2020). Harmonised groups sum native bands. TY2022+ new SOI series.
2002,harmonised,60-64,10018987.0,6641816.0,1213161.0,3933185.0,4864882.0,446951030.0,12.11,24.94,3242.0,0.88,former SOI methodology (2000-2021),"IRS SOI IRA table by age of taxpayer, TY2002, https://www.irs.gov/pub/irs-soi/02in10ira.xls",All IRA types combined (each taxpayer once). Taxpayers = primary+secondary taxpayers on filed returns in the age group. Owners = year-end FMV > 0. Native bands change: under-15/15-19 merged to under-20 from TY2022. Through TY2019 traditional contributions were barred at 70.5+ (SECURE Act removed the age cap from TY2020). Harmonised groups sum native bands. TY2022+ new SOI series.
2004,harmonised,60-64,11709051.0,8122854.0,1383096.0,5473130.0,5503054.0,555107774.0,11.81,25.13,3957.0,0.986,former SOI methodology (2000-2021),"IRS SOI IRA table by age of taxpayer, TY2004, https://www.irs.gov/pub/irs-soi/04in04ira.xls",All IRA types combined (each taxpayer once). Taxpayers = primary+secondary taxpayers on filed returns in the age group. Owners = year-end FMV > 0. Native bands change: under-15/15-19 merged to under-20 from TY2022. Through TY2019 traditional contributions were barred at 70.5+ (SECURE Act removed the age cap from TY2020). Harmonised groups sum native bands. TY2022+ new SOI series.
2005,harmonised,60-64,11238164.0,7567198.0,1245118.0,5975849.0,5217413.0,584753241.0,11.08,23.86,4799.0,1.022,former SOI methodology (2000-2021),"IRS SOI IRA table by age of taxpayer, TY2005, https://www.irs.gov/pub/irs-soi/05in04ira.xls",All IRA types combined (each taxpayer once). Taxpayers = primary+secondary taxpayers on filed returns in the age group. Owners = year-end FMV > 0. Native bands change: under-15/15-19 merged to under-20 from TY2022. Through TY2019 traditional contributions were barred at 70.5+ (SECURE Act removed the age cap from TY2020). Harmonised groups sum native bands. TY2022+ new SOI series.
2006,harmonised,60-64,12122852.0,8209322.0,1296111.0,6712154.0,5660544.0,731657089.0,10.69,22.9,5179.0,0.917,former SOI methodology (2000-2021),"IRS SOI IRA table by age of taxpayer, TY2006, https://www.irs.gov/pub/irs-soi/06in04ira.xls",All IRA types combined (each taxpayer once). Taxpayers = primary+secondary taxpayers on filed returns in the age group. Owners = year-end FMV > 0. Native bands change: under-15/15-19 merged to under-20 from TY2022. Through TY2019 traditional contributions were barred at 70.5+ (SECURE Act removed the age cap from TY2020). Harmonised groups sum native bands. TY2022+ new SOI series.
2007,harmonised,60-64,13005858.0,8935876.0,1325579.0,7095816.0,6040311.0,862388945.0,10.19,21.95,5353.0,0.823,former SOI methodology (2000-2021),"IRS SOI IRA table by age of taxpayer, TY2007, https://www.irs.gov/pub/irs-soi/07in04ira.xls",All IRA types combined (each taxpayer once). Taxpayers = primary+secondary taxpayers on filed returns in the age group. Owners = year-end FMV > 0. Native bands change: under-15/15-19 merged to under-20 from TY2022. Through TY2019 traditional contributions were barred at 70.5+ (SECURE Act removed the age cap from TY2020). Harmonised groups sum native bands. TY2022+ new SOI series.
2008,harmonised,60-64,13348571.0,9186498.0,1240857.0,7061713.0,6169559.0,669540207.0,9.3,20.11,5691.0,1.055,former SOI methodology (2000-2021),"IRS SOI IRA table by age of taxpayer, TY2008, https://www.irs.gov/pub/irs-soi/08in04ira.xls",All IRA types combined (each taxpayer once). Taxpayers = primary+secondary taxpayers on filed returns in the age group. Owners = year-end FMV > 0. Native bands change: under-15/15-19 merged to under-20 from TY2022. Through TY2019 traditional contributions were barred at 70.5+ (SECURE Act removed the age cap from TY2020). Harmonised groups sum native bands. TY2022+ new SOI series.
2009,harmonised,60-64,13919148.0,9531734.0,1239069.0,6834061.0,6373458.0,814452129.0,8.9,19.44,5515.0,0.839,former SOI methodology (2000-2021),"IRS SOI IRA table by age of taxpayer, TY2009, https://www.irs.gov/pub/irs-soi/09in04ira.xls",All IRA types combined (each taxpayer once). Taxpayers = primary+secondary taxpayers on filed returns in the age group. Owners = year-end FMV > 0. Native bands change: under-15/15-19 merged to under-20 from TY2022. Through TY2019 traditional contributions were barred at 70.5+ (SECURE Act removed the age cap from TY2020). Harmonised groups sum native bands. TY2022+ new SOI series.
2010,harmonised,60-64,14588464.0,9651095.0,1305078.0,7328053.0,6664113.0,949927965.0,8.95,19.58,5615.0,0.771,former SOI methodology (2000-2021),"IRS SOI IRA table by age of taxpayer, TY2010, https://www.irs.gov/pub/irs-soi/10in04ira.xls",All IRA types combined (each taxpayer once). Taxpayers = primary+secondary taxpayers on filed returns in the age group. Owners = year-end FMV > 0. Native bands change: under-15/15-19 merged to under-20 from TY2022. Through TY2019 traditional contributions were barred at 70.5+ (SECURE Act removed the age cap from TY2020). Harmonised groups sum native bands. TY2022+ new SOI series.
2011,harmonised,60-64,14858069.0,9832967.0,1315263.0,7496975.0,6829846.0,962369512.0,8.85,19.26,5700.0,0.779,former SOI methodology (2000-2021),"IRS SOI IRA table by age of taxpayer, TY2011, https://www.irs.gov/pub/irs-soi/11in04ira.xls",All IRA types combined (each taxpayer once). Taxpayers = primary+secondary taxpayers on filed returns in the age group. Owners = year-end FMV > 0. Native bands change: under-15/15-19 merged to under-20 from TY2022. Through TY2019 traditional contributions were barred at 70.5+ (SECURE Act removed the age cap from TY2020). Harmonised groups sum native bands. TY2022+ new SOI series.
2012,harmonised,60-64,14893467.0,10287610.0,1432557.0,8019685.0,6897897.0,1042605920.0,9.62,20.77,5598.0,0.769,former SOI methodology (2000-2021),"IRS SOI IRA table by age of taxpayer, TY2012, https://www.irs.gov/pub/irs-soi/12in04ira.xls",All IRA types combined (each taxpayer once). Taxpayers = primary+secondary taxpayers on filed returns in the age group. Owners = year-end FMV > 0. Native bands change: under-15/15-19 merged to under-20 from TY2022. Through TY2019 traditional contributions were barred at 70.5+ (SECURE Act removed the age cap from TY2020). Harmonised groups sum native bands. TY2022+ new SOI series.
2013,harmonised,60-64,15168600.0,10587453.0,1512866.0,8814679.0,6976038.0,1201501884.0,9.97,21.69,5826.0,0.734,former SOI methodology (2000-2021),"IRS SOI IRA table by age of taxpayer, TY2013, https://www.irs.gov/pub/irs-soi/13in04ira.xls",All IRA types combined (each taxpayer once). Taxpayers = primary+secondary taxpayers on filed returns in the age group. Owners = year-end FMV > 0. Native bands change: under-15/15-19 merged to under-20 from TY2022. Through TY2019 traditional contributions were barred at 70.5+ (SECURE Act removed the age cap from TY2020). Harmonised groups sum native bands. TY2022+ new SOI series.
2014,harmonised,60-64,15588456.0,11107142.0,1591902.0,9766175.0,7211678.0,1285332682.0,10.21,22.07,6135.0,0.76,former SOI methodology (2000-2021),"IRS SOI IRA table by age of taxpayer, TY2014, https://www.irs.gov/pub/irs-soi/14in04ira.xls",All IRA types combined (each taxpayer once). Taxpayers = primary+secondary taxpayers on filed returns in the age group. Owners = year-end FMV > 0. Native bands change: under-15/15-19 merged to under-20 from TY2022. Through TY2019 traditional contributions were barred at 70.5+ (SECURE Act removed the age cap from TY2020). Harmonised groups sum native bands. TY2022+ new SOI series.
2015,harmonised,60-64,16097093.0,11533087.0,1658772.0,10027518.0,7529216.0,1344645878.0,10.3,22.03,6045.0,0.746,former SOI methodology (2000-2021),"IRS SOI IRA table by age of taxpayer, TY2015, https://www.irs.gov/pub/irs-soi/15in04ira.xls",All IRA types combined (each taxpayer once). Taxpayers = primary+secondary taxpayers on filed returns in the age group. Owners = year-end FMV > 0. Native bands change: under-15/15-19 merged to under-20 from TY2022. Through TY2019 traditional contributions were barred at 70.5+ (SECURE Act removed the age cap from TY2020). Harmonised groups sum native bands. TY2022+ new SOI series.
2016,harmonised,60-64,16178208.0,11732179.0,1674320.0,10262313.0,7531606.0,1446815319.0,10.35,22.23,6129.0,0.709,former SOI methodology (2000-2021),"IRS SOI IRA table by age of taxpayer, TY2016, https://www.irs.gov/pub/irs-soi/16in04ira.xls",All IRA types combined (each taxpayer once). Taxpayers = primary+secondary taxpayers on filed returns in the age group. Owners = year-end FMV > 0. Native bands change: under-15/15-19 merged to under-20 from TY2022. Through TY2019 traditional contributions were barred at 70.5+ (SECURE Act removed the age cap from TY2020). Harmonised groups sum native bands. TY2022+ new SOI series.
2017,harmonised,60-64,16828799.0,12296894.0,1791117.0,11125500.0,7831617.0,1710387454.0,10.64,22.87,6211.0,0.65,former SOI methodology (2000-2021),"IRS SOI IRA table by age of taxpayer, TY2017, https://www.irs.gov/pub/irs-soi/17in04ira.xlsx",All IRA types combined (each taxpayer once). Taxpayers = primary+secondary taxpayers on filed returns in the age group. Owners = year-end FMV > 0. Native bands change: under-15/15-19 merged to under-20 from TY2022. Through TY2019 traditional contributions were barred at 70.5+ (SECURE Act removed the age cap from TY2020). Harmonised groups sum native bands. TY2022+ new SOI series.
2018,harmonised,60-64,17045644.0,12444918.0,1728395.0,10938556.0,7904620.0,1652320763.0,10.14,21.87,6329.0,0.662,former SOI methodology (2000-2021),"IRS SOI IRA table by age of taxpayer, TY2018, https://www.irs.gov/pub/irs-soi/18in04ira.xlsx",All IRA types combined (each taxpayer once). Taxpayers = primary+secondary taxpayers on filed returns in the age group. Owners = year-end FMV > 0. Native bands change: under-15/15-19 merged to under-20 from TY2022. Through TY2019 traditional contributions were barred at 70.5+ (SECURE Act removed the age cap from TY2020). Harmonised groups sum native bands. TY2022+ new SOI series.
2019,harmonised,60-64,17202920.0,12600781.0,1685936.0,11204045.0,7876597.0,1938888925.0,9.8,21.4,6646.0,0.578,former SOI methodology (2000-2021),"IRS SOI IRA table by age of taxpayer, TY2019, https://www.irs.gov/pub/irs-soi/19in04ira.xlsx",All IRA types combined (each taxpayer once). Taxpayers = primary+secondary taxpayers on filed returns in the age group. Owners = year-end FMV > 0. Native bands change: under-15/15-19 merged to under-20 from TY2022. Through TY2019 traditional contributions were barred at 70.5+ (SECURE Act removed the age cap from TY2020). Harmonised groups sum native bands. TY2022+ new SOI series.
2020,harmonised,60-64,17836280.0,12663961.0,1786276.0,11507371.0,7992779.0,2162400887.0,10.01,22.35,6442.0,0.532,former SOI methodology (2000-2021),"IRS SOI IRA table by age of taxpayer, TY2020, https://www.irs.gov/pub/irs-soi/20in04ira.xlsx",All IRA types combined (each taxpayer once). Taxpayers = primary+secondary taxpayers on filed returns in the age group. Owners = year-end FMV > 0. Native bands change: under-15/15-19 merged to under-20 from TY2022. Through TY2019 traditional contributions were barred at 70.5+ (SECURE Act removed the age cap from TY2020). Harmonised groups sum native bands. TY2022+ new SOI series.
2021,harmonised,60-64,17430642.0,12485545.0,1786205.0,11911373.0,7982100.0,2426398429.0,10.25,22.38,6669.0,0.491,former SOI methodology (2000-2021),"IRS SOI IRA table by age of taxpayer, TY2021, https://www.irs.gov/pub/irs-soi/21in04ira.xlsx",All IRA types combined (each taxpayer once). Taxpayers = primary+secondary taxpayers on filed returns in the age group. Owners = year-end FMV > 0. Native bands change: under-15/15-19 merged to under-20 from TY2022. Through TY2019 traditional contributions were barred at 70.5+ (SECURE Act removed the age cap from TY2020). Harmonised groups sum native bands. TY2022+ new SOI series.
2022,harmonised,60-64,17471586.0,14979767.0,1757943.0,11111849.0,7969440.0,2062860338.0,10.06,22.06,6321.0,0.539,new SOI methodology (2022+),"IRS SOI IRA table by age of taxpayer, TY2022, https://www.irs.gov/pub/irs-soi/22in04ira.xlsx",All IRA types combined (each taxpayer once). Taxpayers = primary+secondary taxpayers on filed returns in the age group. Owners = year-end FMV > 0. Native bands change: under-15/15-19 merged to under-20 from TY2022. Through TY2019 traditional contributions were barred at 70.5+ (SECURE Act removed the age cap from TY2020). Harmonised groups sum native bands. TY2022+ new SOI series.
2023,harmonised,60-64,17334797.0,14986501.0,1693886.0,10985443.0,7845650.0,2291985601.0,9.77,21.59,6485.0,0.479,new SOI methodology (2022+),"IRS SOI IRA table by age of taxpayer, TY2023, https://www.irs.gov/pub/irs-soi/23in04ira.xlsx",All IRA types combined (each taxpayer once). Taxpayers = primary+secondary taxpayers on filed returns in the age group. Owners = year-end FMV > 0. Native bands change: under-15/15-19 merged to under-20 from TY2022. Through TY2019 traditional contributions were barred at 70.5+ (SECURE Act removed the age cap from TY2020). Harmonised groups sum native bands. TY2022+ new SOI series.
2000,harmonised,65-69,7068720.59,4415092.51,522447.32,1242157.37,3569989.21,400520309.0,7.39,14.63,2378.0,0.31,former SOI methodology (2000-2021),"IRS SOI IRA table by age of taxpayer, TY2000, https://www.irs.gov/pub/irs-soi/00in05ir.xls",All IRA types combined (each taxpayer once). Taxpayers = primary+secondary taxpayers on filed returns in the age group. Owners = year-end FMV > 0. Native bands change: under-15/15-19 merged to under-20 from TY2022. Through TY2019 traditional contributions were barred at 70.5+ (SECURE Act removed the age cap from TY2020). Harmonised groups sum native bands. TY2022+ new SOI series.
2001,harmonised,65-69,7227655.0,3565458.0,554633.0,1364179.0,3608550.0,385904801.0,7.67,15.37,2460.0,0.354,former SOI methodology (2000-2021),"IRS SOI IRA table by age of taxpayer, TY2001, https://www.irs.gov/pub/irs-soi/01in05ira.xls",All IRA types combined (each taxpayer once). Taxpayers = primary+secondary taxpayers on filed returns in the age group. Owners = year-end FMV > 0. Native bands change: under-15/15-19 merged to under-20 from TY2022. Through TY2019 traditional contributions were barred at 70.5+ (SECURE Act removed the age cap from TY2020). Harmonised groups sum native bands. TY2022+ new SOI series.
2002,harmonised,65-69,7235763.0,3144052.0,549067.0,1791815.0,3711951.0,362773771.0,7.59,14.79,3263.0,0.494,former SOI methodology (2000-2021),"IRS SOI IRA table by age of taxpayer, TY2002, https://www.irs.gov/pub/irs-soi/02in10ira.xls",All IRA types combined (each taxpayer once). Taxpayers = primary+secondary taxpayers on filed returns in the age group. Owners = year-end FMV > 0. Native bands change: under-15/15-19 merged to under-20 from TY2022. Through TY2019 traditional contributions were barred at 70.5+ (SECURE Act removed the age cap from TY2020). Harmonised groups sum native bands. TY2022+ new SOI series.
2004,harmonised,65-69,8199787.0,3880276.0,627634.0,2266942.0,4136243.0,533298669.0,7.65,15.17,3612.0,0.425,former SOI methodology (2000-2021),"IRS SOI IRA table by age of taxpayer, TY2004, https://www.irs.gov/pub/irs-soi/04in04ira.xls",All IRA types combined (each taxpayer once). Taxpayers = primary+secondary taxpayers on filed returns in the age group. Owners = year-end FMV > 0. Native bands change: under-15/15-19 merged to under-20 from TY2022. Through TY2019 traditional contributions were barred at 70.5+ (SECURE Act removed the age cap from TY2020). Harmonised groups sum native bands. TY2022+ new SOI series.
2005,harmonised,65-69,8052068.0,3700514.0,577806.0,2528463.0,4090908.0,556916170.0,7.18,14.12,4376.0,0.454,former SOI methodology (2000-2021),"IRS SOI IRA table by age of taxpayer, TY2005, https://www.irs.gov/pub/irs-soi/05in04ira.xls",All IRA types combined (each taxpayer once). Taxpayers = primary+secondary taxpayers on filed returns in the age group. Owners = year-end FMV > 0. Native bands change: under-15/15-19 merged to under-20 from TY2022. Through TY2019 traditional contributions were barred at 70.5+ (SECURE Act removed the age cap from TY2020). Harmonised groups sum native bands. TY2022+ new SOI series.
2006,harmonised,65-69,8567513.0,3882521.0,597257.0,2948876.0,4331830.0,704289241.0,6.97,13.79,4937.0,0.419,former SOI methodology (2000-2021),"IRS SOI IRA table by age of taxpayer, TY2006, https://www.irs.gov/pub/irs-soi/06in04ira.xls",All IRA types combined (each taxpayer once). Taxpayers = primary+secondary taxpayers on filed returns in the age group. Owners = year-end FMV > 0. Native bands change: under-15/15-19 merged to under-20 from TY2022. Through TY2019 traditional contributions were barred at 70.5+ (SECURE Act removed the age cap from TY2020). Harmonised groups sum native bands. TY2022+ new SOI series.
2007,harmonised,65-69,9034089.0,4277044.0,650153.0,3432514.0,4652927.0,793843061.0,7.2,13.97,5280.0,0.432,former SOI methodology (2000-2021),"IRS SOI IRA table by age of taxpayer, TY2007, https://www.irs.gov/pub/irs-soi/07in04ira.xls",All IRA types combined (each taxpayer once). Taxpayers = primary+secondary taxpayers on filed returns in the age group. Owners = year-end FMV > 0. Native bands change: under-15/15-19 merged to under-20 from TY2022. Through TY2019 traditional contributions were barred at 70.5+ (SECURE Act removed the age cap from TY2020). Harmonised groups sum native bands. TY2022+ new SOI series.
2008,harmonised,65-69,9571866.0,4467521.0,607813.0,3377002.0,4858277.0,631754855.0,6.35,12.51,5556.0,0.535,former SOI methodology (2000-2021),"IRS SOI IRA table by age of taxpayer, TY2008, https://www.irs.gov/pub/irs-soi/08in04ira.xls",All IRA types combined (each taxpayer once). Taxpayers = primary+secondary taxpayers on filed returns in the age group. Owners = year-end FMV > 0. Native bands change: under-15/15-19 merged to under-20 from TY2022. Through TY2019 traditional contributions were barred at 70.5+ (SECURE Act removed the age cap from TY2020). Harmonised groups sum native bands. TY2022+ new SOI series.
2009,harmonised,65-69,9936208.0,4521759.0,610137.0,3526147.0,5073960.0,766948770.0,6.14,12.02,5779.0,0.46,former SOI methodology (2000-2021),"IRS SOI IRA table by age of taxpayer, TY2009, https://www.irs.gov/pub/irs-soi/09in04ira.xls",All IRA types combined (each taxpayer once). Taxpayers = primary+secondary taxpayers on filed returns in the age group. Owners = year-end FMV > 0. Native bands change: under-15/15-19 merged to under-20 from TY2022. Through TY2019 traditional contributions were barred at 70.5+ (SECURE Act removed the age cap from TY2020). Harmonised groups sum native bands. TY2022+ new SOI series.
2010,harmonised,65-69,10097243.0,4410253.0,594217.0,3396994.0,5022545.0,877341166.0,5.88,11.83,5717.0,0.387,former SOI methodology (2000-2021),"IRS SOI IRA table by age of taxpayer, TY2010, https://www.irs.gov/pub/irs-soi/10in04ira.xls",All IRA types combined (each taxpayer once). Taxpayers = primary+secondary taxpayers on filed returns in the age group. Owners = year-end FMV > 0. Native bands change: under-15/15-19 merged to under-20 from TY2022. Through TY2019 traditional contributions were barred at 70.5+ (SECURE Act removed the age cap from TY2020). Harmonised groups sum native bands. TY2022+ new SOI series.
2011,harmonised,65-69,10690326.0,4785145.0,616799.0,3669919.0,5232206.0,894410465.0,5.77,11.79,5950.0,0.41,former SOI methodology (2000-2021),"IRS SOI IRA table by age of taxpayer, TY2011, https://www.irs.gov/pub/irs-soi/11in04ira.xls",All IRA types combined (each taxpayer once). Taxpayers = primary+secondary taxpayers on filed returns in the age group. Owners = year-end FMV > 0. Native bands change: under-15/15-19 merged to under-20 from TY2022. Through TY2019 traditional contributions were barred at 70.5+ (SECURE Act removed the age cap from TY2020). Harmonised groups sum native bands. TY2022+ new SOI series.
2012,harmonised,65-69,11269495.0,5322930.0,727656.0,4218806.0,5700060.0,1064573634.0,6.46,12.77,5798.0,0.396,former SOI methodology (2000-2021),"IRS SOI IRA table by age of taxpayer, TY2012, https://www.irs.gov/pub/irs-soi/12in04ira.xls",All IRA types combined (each taxpayer once). Taxpayers = primary+secondary taxpayers on filed returns in the age group. Owners = year-end FMV > 0. Native bands change: under-15/15-19 merged to under-20 from TY2022. Through TY2019 traditional contributions were barred at 70.5+ (SECURE Act removed the age cap from TY2020). Harmonised groups sum native bands. TY2022+ new SOI series.
2013,harmonised,65-69,11717060.0,5551438.0,818050.0,5057556.0,5917021.0,1281133581.0,6.98,13.83,6182.0,0.395,former SOI methodology (2000-2021),"IRS SOI IRA table by age of taxpayer, TY2013, https://www.irs.gov/pub/irs-soi/13in04ira.xls",All IRA types combined (each taxpayer once). Taxpayers = primary+secondary taxpayers on filed returns in the age group. Owners = year-end FMV > 0. Native bands change: under-15/15-19 merged to under-20 from TY2022. Through TY2019 traditional contributions were barred at 70.5+ (SECURE Act removed the age cap from TY2020). Harmonised groups sum native bands. TY2022+ new SOI series.
2014,harmonised,65-69,12200287.0,5872156.0,847721.0,5446066.0,6147470.0,1416840840.0,6.95,13.79,6424.0,0.384,former SOI methodology (2000-2021),"IRS SOI IRA table by age of taxpayer, TY2014, https://www.irs.gov/pub/irs-soi/14in04ira.xls",All IRA types combined (each taxpayer once). Taxpayers = primary+secondary taxpayers on filed returns in the age group. Owners = year-end FMV > 0. Native bands change: under-15/15-19 merged to under-20 from TY2022. Through TY2019 traditional contributions were barred at 70.5+ (SECURE Act removed the age cap from TY2020). Harmonised groups sum native bands. TY2022+ new SOI series.
2015,harmonised,65-69,12772031.0,6075043.0,858176.0,5490126.0,6557207.0,1455661012.0,6.72,13.09,6397.0,0.377,former SOI methodology (2000-2021),"IRS SOI IRA table by age of taxpayer, TY2015, https://www.irs.gov/pub/irs-soi/15in04ira.xls",All IRA types combined (each taxpayer once). Taxpayers = primary+secondary taxpayers on filed returns in the age group. Owners = year-end FMV > 0. Native bands change: under-15/15-19 merged to under-20 from TY2022. Through TY2019 traditional contributions were barred at 70.5+ (SECURE Act removed the age cap from TY2020). Harmonised groups sum native bands. TY2022+ new SOI series.
2016,harmonised,65-69,12900822.0,6223902.0,911909.0,5937769.0,6690867.0,1604259998.0,7.07,13.63,6511.0,0.37,former SOI methodology (2000-2021),"IRS SOI IRA table by age of taxpayer, TY2016, https://www.irs.gov/pub/irs-soi/16in04ira.xls",All IRA types combined (each taxpayer once). Taxpayers = primary+secondary taxpayers on filed returns in the age group. Owners = year-end FMV > 0. Native bands change: under-15/15-19 merged to under-20 from TY2022. Through TY2019 traditional contributions were barred at 70.5+ (SECURE Act removed the age cap from TY2020). Harmonised groups sum native bands. TY2022+ new SOI series.
2017,harmonised,65-69,13184316.0,6463091.0,952063.0,6174562.0,6784007.0,1840961826.0,7.22,14.03,6485.0,0.335,former SOI methodology (2000-2021),"IRS SOI IRA table by age of taxpayer, TY2017, https://www.irs.gov/pub/irs-soi/17in04ira.xlsx",All IRA types combined (each taxpayer once). Taxpayers = primary+secondary taxpayers on filed returns in the age group. Owners = year-end FMV > 0. Native bands change: under-15/15-19 merged to under-20 from TY2022. Through TY2019 traditional contributions were barred at 70.5+ (SECURE Act removed the age cap from TY2020). Harmonised groups sum native bands. TY2022+ new SOI series.
2018,harmonised,65-69,13441627.0,6729923.0,959740.0,6258065.0,6935933.0,1776692174.0,7.14,13.84,6521.0,0.352,former SOI methodology (2000-2021),"IRS SOI IRA table by age of taxpayer, TY2018, https://www.irs.gov/pub/irs-soi/18in04ira.xlsx",All IRA types combined (each taxpayer once). Taxpayers = primary+secondary taxpayers on filed returns in the age group. Owners = year-end FMV > 0. Native bands change: under-15/15-19 merged to under-20 from TY2022. Through TY2019 traditional contributions were barred at 70.5+ (SECURE Act removed the age cap from TY2020). Harmonised groups sum native bands. TY2022+ new SOI series.
2019,harmonised,65-69,13877535.0,7056849.0,1030579.0,6791544.0,7172276.0,2199883042.0,7.43,14.37,6590.0,0.309,former SOI methodology (2000-2021),"IRS SOI IRA table by age of taxpayer, TY2019, https://www.irs.gov/pub/irs-soi/19in04ira.xlsx",All IRA types combined (each taxpayer once). Taxpayers = primary+secondary taxpayers on filed returns in the age group. Owners = year-end FMV > 0. Native bands change: under-15/15-19 merged to under-20 from TY2022. Through TY2019 traditional contributions were barred at 70.5+ (SECURE Act removed the age cap from TY2020). Harmonised groups sum native bands. TY2022+ new SOI series.
2020,harmonised,65-69,14627655.0,7316675.0,1087530.0,7432675.0,7436526.0,2486245272.0,7.43,14.62,6834.0,0.299,former SOI methodology (2000-2021),"IRS SOI IRA table by age of taxpayer, TY2020, https://www.irs.gov/pub/irs-soi/20in04ira.xlsx",All IRA types combined (each taxpayer once). Taxpayers = primary+secondary taxpayers on filed returns in the age group. Owners = year-end FMV > 0. Native bands change: under-15/15-19 merged to under-20 from TY2022. Through TY2019 traditional contributions were barred at 70.5+ (SECURE Act removed the age cap from TY2020). Harmonised groups sum native bands. TY2022+ new SOI series.
2021,harmonised,65-69,14752040.0,7312063.0,1085631.0,7371024.0,7729243.0,2944614310.0,7.36,14.05,6790.0,0.25,former SOI methodology (2000-2021),"IRS SOI IRA table by age of taxpayer, TY2021, https://www.irs.gov/pub/irs-soi/21in04ira.xlsx",All IRA types combined (each taxpayer once). Taxpayers = primary+secondary taxpayers on filed returns in the age group. Owners = year-end FMV > 0. Native bands change: under-15/15-19 merged to under-20 from TY2022. Through TY2019 traditional contributions were barred at 70.5+ (SECURE Act removed the age cap from TY2020). Harmonised groups sum native bands. TY2022+ new SOI series.
2022,harmonised,65-69,15110428.0,9943571.0,1072284.0,7298626.0,8012150.0,2655886057.0,7.1,13.38,6807.0,0.275,new SOI methodology (2022+),"IRS SOI IRA table by age of taxpayer, TY2022, https://www.irs.gov/pub/irs-soi/22in04ira.xlsx",All IRA types combined (each taxpayer once). Taxpayers = primary+secondary taxpayers on filed returns in the age group. Owners = year-end FMV > 0. Native bands change: under-15/15-19 merged to under-20 from TY2022. Through TY2019 traditional contributions were barred at 70.5+ (SECURE Act removed the age cap from TY2020). Harmonised groups sum native bands. TY2022+ new SOI series.
2023,harmonised,65-69,15004638.0,9827137.0,1042986.0,6990432.0,7921025.0,2932659774.0,6.95,13.17,6702.0,0.238,new SOI methodology (2022+),"IRS SOI IRA table by age of taxpayer, TY2023, https://www.irs.gov/pub/irs-soi/23in04ira.xlsx",All IRA types combined (each taxpayer once). Taxpayers = primary+secondary taxpayers on filed returns in the age group. Owners = year-end FMV > 0. Native bands change: under-15/15-19 merged to under-20 from TY2022. Through TY2019 traditional contributions were barred at 70.5+ (SECURE Act removed the age cap from TY2020). Harmonised groups sum native bands. TY2022+ new SOI series.
2000,harmonised,70+,15611578.907027699,4204437.4399999995,138509.59,379079.94139,5684152.24,529444098.0672,0.89,2.44,2737.0,0.072,former SOI methodology (2000-2021),"IRS SOI IRA table by age of taxpayer, TY2000, https://www.irs.gov/pub/irs-soi/00in05ir.xls",All IRA types combined (each taxpayer once). Taxpayers = primary+secondary taxpayers on filed returns in the age group. Owners = year-end FMV > 0. Native bands change: under-15/15-19 merged to under-20 from TY2022. Through TY2019 traditional contributions were barred at 70.5+ (SECURE Act removed the age cap from TY2020). Harmonised groups sum native bands. TY2022+ new SOI series.
2001,harmonised,70+,15829539.0,3158868.0,109950.0,289022.0,6070825.0,619029311.0,0.69,1.81,2629.0,0.047,former SOI methodology (2000-2021),"IRS SOI IRA table by age of taxpayer, TY2001, https://www.irs.gov/pub/irs-soi/01in05ira.xls",All IRA types combined (each taxpayer once). Taxpayers = primary+secondary taxpayers on filed returns in the age group. Owners = year-end FMV > 0. Native bands change: under-15/15-19 merged to under-20 from TY2022. Through TY2019 traditional contributions were barred at 70.5+ (SECURE Act removed the age cap from TY2020). Harmonised groups sum native bands. TY2022+ new SOI series.
2002,harmonised,70+,15908629.0,2623392.0,138573.0,466788.0,6346674.0,608539357.0,0.87,2.18,3369.0,0.077,former SOI methodology (2000-2021),"IRS SOI IRA table by age of taxpayer, TY2002, https://www.irs.gov/pub/irs-soi/02in10ira.xls",All IRA types combined (each taxpayer once). Taxpayers = primary+secondary taxpayers on filed returns in the age group. Owners = year-end FMV > 0. Native bands change: under-15/15-19 merged to under-20 from TY2022. Through TY2019 traditional contributions were barred at 70.5+ (SECURE Act removed the age cap from TY2020). Harmonised groups sum native bands. TY2022+ new SOI series.
2004,harmonised,70+,16682670.0,3101198.0,159927.0,783722.0,7175387.0,800775387.0,0.96,2.23,4900.0,0.098,former SOI methodology (2000-2021),"IRS SOI IRA table by age of taxpayer, TY2004, https://www.irs.gov/pub/irs-soi/04in04ira.xls",All IRA types combined (each taxpayer once). Taxpayers = primary+secondary taxpayers on filed returns in the age group. Owners = year-end FMV > 0. Native bands change: under-15/15-19 merged to under-20 from TY2022. Through TY2019 traditional contributions were barred at 70.5+ (SECURE Act removed the age cap from TY2020). Harmonised groups sum native bands. TY2022+ new SOI series.
2005,harmonised,70+,16350529.0,3131015.0,159455.0,855564.0,7043825.0,804881668.0,0.98,2.26,5366.0,0.106,former SOI methodology (2000-2021),"IRS SOI IRA table by age of taxpayer, TY2005, https://www.irs.gov/pub/irs-soi/05in04ira.xls",All IRA types combined (each taxpayer once). Taxpayers = primary+secondary taxpayers on filed returns in the age group. Owners = year-end FMV > 0. Native bands change: under-15/15-19 merged to under-20 from TY2022. Through TY2019 traditional contributions were barred at 70.5+ (SECURE Act removed the age cap from TY2020). Harmonised groups sum native bands. TY2022+ new SOI series.
2006,harmonised,70+,17591358.0,3279315.0,166999.0,949545.0,7666326.0,995578453.0,0.95,2.18,5686.0,0.095,former SOI methodology (2000-2021),"IRS SOI IRA table by age of taxpayer, TY2006, https://www.irs.gov/pub/irs-soi/06in04ira.xls",All IRA types combined (each taxpayer once). Taxpayers = primary+secondary taxpayers on filed returns in the age group. Owners = year-end FMV > 0. Native bands change: under-15/15-19 merged to under-20 from TY2022. Through TY2019 traditional contributions were barred at 70.5+ (SECURE Act removed the age cap from TY2020). Harmonised groups sum native bands. TY2022+ new SOI series.
2007,harmonised,70+,17531570.0,3445346.0,168895.0,1018584.0,7978734.0,1140976191.0,0.96,2.12,6031.0,0.089,former SOI methodology (2000-2021),"IRS SOI IRA table by age of taxpayer, TY2007, https://www.irs.gov/pub/irs-soi/07in04ira.xls",All IRA types combined (each taxpayer once). Taxpayers = primary+secondary taxpayers on filed returns in the age group. Owners = year-end FMV > 0. Native bands change: under-15/15-19 merged to under-20 from TY2022. Through TY2019 traditional contributions were barred at 70.5+ (SECURE Act removed the age cap from TY2020). Harmonised groups sum native bands. TY2022+ new SOI series.
2008,harmonised,70+,18223038.0,3611437.0,156391.0,999116.0,8351956.0,965060371.0,0.86,1.87,6389.0,0.104,former SOI methodology (2000-2021),"IRS SOI IRA table by age of taxpayer, TY2008, https://www.irs.gov/pub/irs-soi/08in04ira.xls",All IRA types combined (each taxpayer once). Taxpayers = primary+secondary taxpayers on filed returns in the age group. Owners = year-end FMV > 0. Native bands change: under-15/15-19 merged to under-20 from TY2022. Through TY2019 traditional contributions were barred at 70.5+ (SECURE Act removed the age cap from TY2020). Harmonised groups sum native bands. TY2022+ new SOI series.
2009,harmonised,70+,18535456.0,3319461.0,152156.0,977376.0,8694297.0,1200710785.0,0.82,1.75,6424.0,0.081,former SOI methodology (2000-2021),"IRS SOI IRA table by age of taxpayer, TY2009, https://www.irs.gov/pub/irs-soi/09in04ira.xls",All IRA types combined (each taxpayer once). Taxpayers = primary+secondary taxpayers on filed returns in the age group. Owners = year-end FMV > 0. Native bands change: under-15/15-19 merged to under-20 from TY2022. Through TY2019 traditional contributions were barred at 70.5+ (SECURE Act removed the age cap from TY2020). Harmonised groups sum native bands. TY2022+ new SOI series.
2010,harmonised,70+,19137056.0,3245611.0,167582.0,1049464.0,8859697.0,1343971971.0,0.88,1.89,6262.0,0.078,former SOI methodology (2000-2021),"IRS SOI IRA table by age of taxpayer, TY2010, https://www.irs.gov/pub/irs-soi/10in04ira.xls",All IRA types combined (each taxpayer once). Taxpayers = primary+secondary taxpayers on filed returns in the age group. Owners = year-end FMV > 0. Native bands change: under-15/15-19 merged to under-20 from TY2022. Through TY2019 traditional contributions were barred at 70.5+ (SECURE Act removed the age cap from TY2020). Harmonised groups sum native bands. TY2022+ new SOI series.
2011,harmonised,70+,19476804.0,3280950.0,180529.0,1177585.0,9221249.0,1496932728.0,0.93,1.96,6523.0,0.079,former SOI methodology (2000-2021),"IRS SOI IRA table by age of taxpayer, TY2011, https://www.irs.gov/pub/irs-soi/11in04ira.xls",All IRA types combined (each taxpayer once). Taxpayers = primary+secondary taxpayers on filed returns in the age group. Owners = year-end FMV > 0. Native bands change: under-15/15-19 merged to under-20 from TY2022. Through TY2019 traditional contributions were barred at 70.5+ (SECURE Act removed the age cap from TY2020). Harmonised groups sum native bands. TY2022+ new SOI series.
2012,harmonised,70+,20112436.0,3568717.0,229728.0,1486271.0,9824680.0,1667158588.0,1.14,2.34,6470.0,0.089,former SOI methodology (2000-2021),"IRS SOI IRA table by age of taxpayer, TY2012, https://www.irs.gov/pub/irs-soi/12in04ira.xls",All IRA types combined (each taxpayer once). Taxpayers = primary+secondary taxpayers on filed returns in the age group. Owners = year-end FMV > 0. Native bands change: under-15/15-19 merged to under-20 from TY2022. Through TY2019 traditional contributions were barred at 70.5+ (SECURE Act removed the age cap from TY2020). Harmonised groups sum native bands. TY2022+ new SOI series.
2013,harmonised,70+,20884572.0,3757688.0,256024.0,1661913.0,10407351.0,2013918678.0,1.23,2.46,6491.0,0.083,former SOI methodology (2000-2021),"IRS SOI IRA table by age of taxpayer, TY2013, https://www.irs.gov/pub/irs-soi/13in04ira.xls",All IRA types combined (each taxpayer once). Taxpayers = primary+secondary taxpayers on filed returns in the age group. Owners = year-end FMV > 0. Native bands change: under-15/15-19 merged to under-20 from TY2022. Through TY2019 traditional contributions were barred at 70.5+ (SECURE Act removed the age cap from TY2020). Harmonised groups sum native bands. TY2022+ new SOI series.
2014,harmonised,70+,21183385.0,3725474.0,247942.0,1787407.0,10670029.0,2177099384.0,1.17,2.32,7209.0,0.082,former SOI methodology (2000-2021),"IRS SOI IRA table by age of taxpayer, TY2014, https://www.irs.gov/pub/irs-soi/14in04ira.xls",All IRA types combined (each taxpayer once). Taxpayers = primary+secondary taxpayers on filed returns in the age group. Owners = year-end FMV > 0. Native bands change: under-15/15-19 merged to under-20 from TY2022. Through TY2019 traditional contributions were barred at 70.5+ (SECURE Act removed the age cap from TY2020). Harmonised groups sum native bands. TY2022+ new SOI series.
2015,harmonised,70+,21835114.0,3845362.0,259231.0,1778247.0,11055004.0,2295455470.0,1.19,2.34,6860.0,0.077,former SOI methodology (2000-2021),"IRS SOI IRA table by age of taxpayer, TY2015, https://www.irs.gov/pub/irs-soi/15in04ira.xls",All IRA types combined (each taxpayer once). Taxpayers = primary+secondary taxpayers on filed returns in the age group. Owners = year-end FMV > 0. Native bands change: under-15/15-19 merged to under-20 from TY2022. Through TY2019 traditional contributions were barred at 70.5+ (SECURE Act removed the age cap from TY2020). Harmonised groups sum native bands. TY2022+ new SOI series.
2016,harmonised,70+,22556698.0,4075386.0,281829.0,2047506.0,11554794.0,2522534235.0,1.25,2.44,7265.0,0.081,former SOI methodology (2000-2021),"IRS SOI IRA table by age of taxpayer, TY2016, https://www.irs.gov/pub/irs-soi/16in04ira.xls",All IRA types combined (each taxpayer once). Taxpayers = primary+secondary taxpayers on filed returns in the age group. Owners = year-end FMV > 0. Native bands change: under-15/15-19 merged to under-20 from TY2022. Through TY2019 traditional contributions were barred at 70.5+ (SECURE Act removed the age cap from TY2020). Harmonised groups sum native bands. TY2022+ new SOI series.
2017,harmonised,70+,23754529.0,4307097.0,313564.0,2317541.0,12273698.0,3102500059.0,1.32,2.55,7391.0,0.075,former SOI methodology (2000-2021),"IRS SOI IRA table by age of taxpayer, TY2017, https://www.irs.gov/pub/irs-soi/17in04ira.xlsx",All IRA types combined (each taxpayer once). Taxpayers = primary+secondary taxpayers on filed returns in the age group. Owners = year-end FMV > 0. Native bands change: under-15/15-19 merged to under-20 from TY2022. Through TY2019 traditional contributions were barred at 70.5+ (SECURE Act removed the age cap from TY2020). Harmonised groups sum native bands. TY2022+ new SOI series.
2018,harmonised,70+,24634089.0,4467773.0,328406.0,2692177.0,12887935.0,3139408808.0,1.33,2.55,8198.0,0.086,former SOI methodology (2000-2021),"IRS SOI IRA table by age of taxpayer, TY2018, https://www.irs.gov/pub/irs-soi/18in04ira.xlsx",All IRA types combined (each taxpayer once). Taxpayers = primary+secondary taxpayers on filed returns in the age group. Owners = year-end FMV > 0. Native bands change: under-15/15-19 merged to under-20 from TY2022. Through TY2019 traditional contributions were barred at 70.5+ (SECURE Act removed the age cap from TY2020). Harmonised groups sum native bands. TY2022+ new SOI series.
2019,harmonised,70+,25334390.0,4574420.0,339530.0,2708375.0,13362133.0,3809663407.0,1.34,2.54,7977.0,0.071,former SOI methodology (2000-2021),"IRS SOI IRA table by age of taxpayer, TY2019, https://www.irs.gov/pub/irs-soi/19in04ira.xlsx",All IRA types combined (each taxpayer once). Taxpayers = primary+secondary taxpayers on filed returns in the age group. Owners = year-end FMV > 0. Native bands change: under-15/15-19 merged to under-20 from TY2022. Through TY2019 traditional contributions were barred at 70.5+ (SECURE Act removed the age cap from TY2020). Harmonised groups sum native bands. TY2022+ new SOI series.
2020,harmonised,70+,27070931.0,4829192.0,388970.0,2948107.0,14052759.0,4498580617.0,1.44,2.77,7579.0,0.066,former SOI methodology (2000-2021),"IRS SOI IRA table by age of taxpayer, TY2020, https://www.irs.gov/pub/irs-soi/20in04ira.xlsx",All IRA types combined (each taxpayer once). Taxpayers = primary+secondary taxpayers on filed returns in the age group. Owners = year-end FMV > 0. Native bands change: under-15/15-19 merged to under-20 from TY2022. Through TY2019 traditional contributions were barred at 70.5+ (SECURE Act removed the age cap from TY2020). Harmonised groups sum native bands. TY2022+ new SOI series.
2021,harmonised,70+,27377158.0,4709161.0,462548.0,3714553.0,14606191.0,5255701329.0,1.69,3.17,8031.0,0.071,former SOI methodology (2000-2021),"IRS SOI IRA table by age of taxpayer, TY2021, https://www.irs.gov/pub/irs-soi/21in04ira.xlsx",All IRA types combined (each taxpayer once). Taxpayers = primary+secondary taxpayers on filed returns in the age group. Owners = year-end FMV > 0. Native bands change: under-15/15-19 merged to under-20 from TY2022. Through TY2019 traditional contributions were barred at 70.5+ (SECURE Act removed the age cap from TY2020). Harmonised groups sum native bands. TY2022+ new SOI series.
2022,harmonised,70+,28703259.0,8693929.0,619123.0,4127168.0,15494071.0,4921745875.0,2.16,4.0,6666.0,0.084,new SOI methodology (2022+),"IRS SOI IRA table by age of taxpayer, TY2022, https://www.irs.gov/pub/irs-soi/22in04ira.xlsx",All IRA types combined (each taxpayer once). Taxpayers = primary+secondary taxpayers on filed returns in the age group. Owners = year-end FMV > 0. Native bands change: under-15/15-19 merged to under-20 from TY2022. Through TY2019 traditional contributions were barred at 70.5+ (SECURE Act removed the age cap from TY2020). Harmonised groups sum native bands. TY2022+ new SOI series.
2023,harmonised,70+,29469314.0,8899173.0,634189.0,4419507.0,15925617.0,5703655407.0,2.15,3.98,6969.0,0.077,new SOI methodology (2022+),"IRS SOI IRA table by age of taxpayer, TY2023, https://www.irs.gov/pub/irs-soi/23in04ira.xlsx",All IRA types combined (each taxpayer once). Taxpayers = primary+secondary taxpayers on filed returns in the age group. Owners = year-end FMV > 0. Native bands change: under-15/15-19 merged to under-20 from TY2022. Through TY2019 traditional contributions were barred at 70.5+ (SECURE Act removed the age cap from TY2020). Harmonised groups sum native bands. TY2022+ new SOI series.
2000,harmonised,All,179641749.12502775,159948774.16,15124668.14,36484609.64569,46270141.01,2629309066.8363004,8.42,32.69,2412.0,1.388,former SOI methodology (2000-2021),"IRS SOI IRA table by age of taxpayer, TY2000, https://www.irs.gov/pub/irs-soi/00in05ir.xls",All IRA types combined (each taxpayer once). Taxpayers = primary+secondary taxpayers on filed returns in the age group. Owners = year-end FMV > 0. Native bands change: under-15/15-19 merged to under-20 from TY2022. Through TY2019 traditional contributions were barred at 70.5+ (SECURE Act removed the age cap from TY2020). Harmonised groups sum native bands. TY2022+ new SOI series.
2001,harmonised,All,181277678.0,143247102.0,15223996.0,35747421.0,48404401.0,2619376420.0,8.4,31.45,2348.0,1.365,former SOI methodology (2000-2021),"IRS SOI IRA table by age of taxpayer, TY2001, https://www.irs.gov/pub/irs-soi/01in05ira.xls",All IRA types combined (each taxpayer once). Taxpayers = primary+secondary taxpayers on filed returns in the age group. Owners = year-end FMV > 0. Native bands change: under-15/15-19 merged to under-20 from TY2022. Through TY2019 traditional contributions were barred at 70.5+ (SECURE Act removed the age cap from TY2020). Harmonised groups sum native bands. TY2022+ new SOI series.
2002,harmonised,All,181365171.0,142457495.0,14613507.0,42297246.231025636,49907974.0,2532724504.0,8.06,29.28,2894.0,1.67,former SOI methodology (2000-2021),"IRS SOI IRA table by age of taxpayer, TY2002, https://www.irs.gov/pub/irs-soi/02in10ira.xls",All IRA types combined (each taxpayer once). Taxpayers = primary+secondary taxpayers on filed returns in the age group. Owners = year-end FMV > 0. Native bands change: under-15/15-19 merged to under-20 from TY2022. Through TY2019 traditional contributions were barred at 70.5+ (SECURE Act removed the age cap from TY2020). Harmonised groups sum native bands. TY2022+ new SOI series.
2004,harmonised,All,184171486.99,144909585.0,14706060.0,48728653.0,50948264.0,3299300157.0,7.98,28.86,3314.0,1.477,former SOI methodology (2000-2021),"IRS SOI IRA table by age of taxpayer, TY2004, https://www.irs.gov/pub/irs-soi/04in04ira.xls",All IRA types combined (each taxpayer once). Taxpayers = primary+secondary taxpayers on filed returns in the age group. Owners = year-end FMV > 0. Native bands change: under-15/15-19 merged to under-20 from TY2022. Through TY2019 traditional contributions were barred at 70.5+ (SECURE Act removed the age cap from TY2020). Harmonised groups sum native bands. TY2022+ new SOI series.
2005,harmonised,All,186842027.2,146951623.0,14159366.0,54258635.0,50210357.0,3425222088.0,7.58,28.2,3832.0,1.584,former SOI methodology (2000-2021),"IRS SOI IRA table by age of taxpayer, TY2005, https://www.irs.gov/pub/irs-soi/05in04ira.xls",All IRA types combined (each taxpayer once). Taxpayers = primary+secondary taxpayers on filed returns in the age group. Owners = year-end FMV > 0. Native bands change: under-15/15-19 merged to under-20 from TY2022. Through TY2019 traditional contributions were barred at 70.5+ (SECURE Act removed the age cap from TY2020). Harmonised groups sum native bands. TY2022+ new SOI series.
2006,harmonised,All,191648853.5,149236656.0,14150243.0,56937292.0,52429142.0,4207198229.0,7.38,26.99,4024.0,1.353,former SOI methodology (2000-2021),"IRS SOI IRA table by age of taxpayer, TY2006, https://www.irs.gov/pub/irs-soi/06in04ira.xls",All IRA types combined (each taxpayer once). Taxpayers = primary+secondary taxpayers on filed returns in the age group. Owners = year-end FMV > 0. Native bands change: under-15/15-19 merged to under-20 from TY2022. Through TY2019 traditional contributions were barred at 70.5+ (SECURE Act removed the age cap from TY2020). Harmonised groups sum native bands. TY2022+ new SOI series.
2007,harmonised,All,197043836.7,154454419.0,14225681.0,58760906.0,54277202.0,4747745492.0,7.22,26.21,4131.0,1.238,former SOI methodology (2000-2021),"IRS SOI IRA table by age of taxpayer, TY2007, https://www.irs.gov/pub/irs-soi/07in04ira.xls",All IRA types combined (each taxpayer once). Taxpayers = primary+secondary taxpayers on filed returns in the age group. Owners = year-end FMV > 0. Native bands change: under-15/15-19 merged to under-20 from TY2022. Through TY2019 traditional contributions were barred at 70.5+ (SECURE Act removed the age cap from TY2020). Harmonised groups sum native bands. TY2022+ new SOI series.
2008,harmonised,All,196091723.7,152418963.0,12806528.0,55579675.0,54497579.0,3681065987.0,6.53,23.5,4340.0,1.51,former SOI methodology (2000-2021),"IRS SOI IRA table by age of taxpayer, TY2008, https://www.irs.gov/pub/irs-soi/08in04ira.xls",All IRA types combined (each taxpayer once). Taxpayers = primary+secondary taxpayers on filed returns in the age group. Owners = year-end FMV > 0. Native bands change: under-15/15-19 merged to under-20 from TY2022. Through TY2019 traditional contributions were barred at 70.5+ (SECURE Act removed the age cap from TY2020). Harmonised groups sum native bands. TY2022+ new SOI series.
2009,harmonised,All,194059873.0,147897060.0,11843351.0,50650532.0,54799434.0,4488160570.0,6.1,21.61,4277.0,1.129,former SOI methodology (2000-2021),"IRS SOI IRA table by age of taxpayer, TY2009, https://www.irs.gov/pub/irs-soi/09in04ira.xls",All IRA types combined (each taxpayer once). Taxpayers = primary+secondary taxpayers on filed returns in the age group. Owners = year-end FMV > 0. Native bands change: under-15/15-19 merged to under-20 from TY2022. Through TY2019 traditional contributions were barred at 70.5+ (SECURE Act removed the age cap from TY2020). Harmonised groups sum native bands. TY2022+ new SOI series.
2010,harmonised,All,196420135.9,145552561.0,11540393.0,51210690.0,54428897.0,5029473427.0,5.88,21.2,4438.0,1.018,former SOI methodology (2000-2021),"IRS SOI IRA table by age of taxpayer, TY2010, https://www.irs.gov/pub/irs-soi/10in04ira.xls",All IRA types combined (each taxpayer once). Taxpayers = primary+secondary taxpayers on filed returns in the age group. Owners = year-end FMV > 0. Native bands change: under-15/15-19 merged to under-20 from TY2022. Through TY2019 traditional contributions were barred at 70.5+ (SECURE Act removed the age cap from TY2020). Harmonised groups sum native bands. TY2022+ new SOI series.
2011,harmonised,All,198720620.0,147610757.0,11319402.0,50278749.0,54788004.0,5152774370.0,5.7,20.66,4442.0,0.976,former SOI methodology (2000-2021),"IRS SOI IRA table by age of taxpayer, TY2011, https://www.irs.gov/pub/irs-soi/11in04ira.xls",All IRA types combined (each taxpayer once). Taxpayers = primary+secondary taxpayers on filed returns in the age group. Owners = year-end FMV > 0. Native bands change: under-15/15-19 merged to under-20 from TY2022. Through TY2019 traditional contributions were barred at 70.5+ (SECURE Act removed the age cap from TY2020). Harmonised groups sum native bands. TY2022+ new SOI series.
2012,harmonised,All,198640717.0,151535353.0,12111622.0,55219025.0,56033704.0,5784707854.0,6.1,21.61,4559.0,0.955,former SOI methodology (2000-2021),"IRS SOI IRA table by age of taxpayer, TY2012, https://www.irs.gov/pub/irs-soi/12in04ira.xls",All IRA types combined (each taxpayer once). Taxpayers = primary+secondary taxpayers on filed returns in the age group. Owners = year-end FMV > 0. Native bands change: under-15/15-19 merged to under-20 from TY2022. Through TY2019 traditional contributions were barred at 70.5+ (SECURE Act removed the age cap from TY2020). Harmonised groups sum native bands. TY2022+ new SOI series.
2013,harmonised,All,201253283.0,153743275.0,12526281.0,59973440.0,56587703.0,6818802603.0,6.22,22.14,4788.0,0.88,former SOI methodology (2000-2021),"IRS SOI IRA table by age of taxpayer, TY2013, https://www.irs.gov/pub/irs-soi/13in04ira.xls",All IRA types combined (each taxpayer once). Taxpayers = primary+secondary taxpayers on filed returns in the age group. Owners = year-end FMV > 0. Native bands change: under-15/15-19 merged to under-20 from TY2022. Through TY2019 traditional contributions were barred at 70.5+ (SECURE Act removed the age cap from TY2020). Harmonised groups sum native bands. TY2022+ new SOI series.
2014,harmonised,All,202530196.0,155481151.0,12844529.0,62745691.0,57279388.0,7291587420.0,6.34,22.42,4885.0,0.861,former SOI methodology (2000-2021),"IRS SOI IRA table by age of taxpayer, TY2014, https://www.irs.gov/pub/irs-soi/14in04ira.xls",All IRA types combined (each taxpayer once). Taxpayers = primary+secondary taxpayers on filed returns in the age group. Owners = year-end FMV > 0. Native bands change: under-15/15-19 merged to under-20 from TY2022. Through TY2019 traditional contributions were barred at 70.5+ (SECURE Act removed the age cap from TY2020). Harmonised groups sum native bands. TY2022+ new SOI series.
2015,harmonised,All,204711820.0,157373737.0,13006314.0,63698627.0,58424562.0,7477255382.0,6.35,22.26,4898.0,0.852,former SOI methodology (2000-2021),"IRS SOI IRA table by age of taxpayer, TY2015, https://www.irs.gov/pub/irs-soi/15in04ira.xls",All IRA types combined (each taxpayer once). Taxpayers = primary+secondary taxpayers on filed returns in the age group. Owners = year-end FMV > 0. Native bands change: under-15/15-19 merged to under-20 from TY2022. Through TY2019 traditional contributions were barred at 70.5+ (SECURE Act removed the age cap from TY2020). Harmonised groups sum native bands. TY2022+ new SOI series.
2016,harmonised,All,204315357.0,157857106.0,13176901.0,65436647.0,58930105.0,8015374479.0,6.45,22.36,4966.0,0.816,former SOI methodology (2000-2021),"IRS SOI IRA table by age of taxpayer, TY2016, https://www.irs.gov/pub/irs-soi/16in04ira.xls",All IRA types combined (each taxpayer once). Taxpayers = primary+secondary taxpayers on filed returns in the age group. Owners = year-end FMV > 0. Native bands change: under-15/15-19 merged to under-20 from TY2022. Through TY2019 traditional contributions were barred at 70.5+ (SECURE Act removed the age cap from TY2020). Harmonised groups sum native bands. TY2022+ new SOI series.
2017,harmonised,All,207587428.0,160412911.0,13715114.0,69403451.0,60252858.0,9439408510.0,6.61,22.76,5060.0,0.735,former SOI methodology (2000-2021),"IRS SOI IRA table by age of taxpayer, TY2017, https://www.irs.gov/pub/irs-soi/17in04ira.xlsx",All IRA types combined (each taxpayer once). Taxpayers = primary+secondary taxpayers on filed returns in the age group. Owners = year-end FMV > 0. Native bands change: under-15/15-19 merged to under-20 from TY2022. Through TY2019 traditional contributions were barred at 70.5+ (SECURE Act removed the age cap from TY2020). Harmonised groups sum native bands. TY2022+ new SOI series.
2018,harmonised,All,208537968.0,161266301.0,13971894.0,70028641.0,61485314.0,9135227819.0,6.7,22.72,5012.0,0.767,former SOI methodology (2000-2021),"IRS SOI IRA table by age of taxpayer, TY2018, https://www.irs.gov/pub/irs-soi/18in04ira.xlsx",All IRA types combined (each taxpayer once). Taxpayers = primary+secondary taxpayers on filed returns in the age group. Owners = year-end FMV > 0. Native bands change: under-15/15-19 merged to under-20 from TY2022. Through TY2019 traditional contributions were barred at 70.5+ (SECURE Act removed the age cap from TY2020). Harmonised groups sum native bands. TY2022+ new SOI series.
2019,harmonised,All,212501795.0,164368057.0,14878147.0,75505384.0,62772529.0,10948795282.0,7.0,23.7,5075.0,0.69,former SOI methodology (2000-2021),"IRS SOI IRA table by age of taxpayer, TY2019, https://www.irs.gov/pub/irs-soi/19in04ira.xlsx",All IRA types combined (each taxpayer once). Taxpayers = primary+secondary taxpayers on filed returns in the age group. Owners = year-end FMV > 0. Native bands change: under-15/15-19 merged to under-20 from TY2022. Through TY2019 traditional contributions were barred at 70.5+ (SECURE Act removed the age cap from TY2020). Harmonised groups sum native bands. TY2022+ new SOI series.
2020,harmonised,All,219583757.0,164893124.0,16478290.0,83162378.0,64950758.0,12661202993.0,7.5,25.37,5047.0,0.657,former SOI methodology (2000-2021),"IRS SOI IRA table by age of taxpayer, TY2020, https://www.irs.gov/pub/irs-soi/20in04ira.xlsx",All IRA types combined (each taxpayer once). Taxpayers = primary+secondary taxpayers on filed returns in the age group. Owners = year-end FMV > 0. Native bands change: under-15/15-19 merged to under-20 from TY2022. Through TY2019 traditional contributions were barred at 70.5+ (SECURE Act removed the age cap from TY2020). Harmonised groups sum native bands. TY2022+ new SOI series.
2021,harmonised,All,214967826.0,161502726.0,17719183.0,91039340.0,67607631.0,14562939721.0,8.24,26.21,5138.0,0.625,former SOI methodology (2000-2021),"IRS SOI IRA table by age of taxpayer, TY2021, https://www.irs.gov/pub/irs-soi/21in04ira.xlsx",All IRA types combined (each taxpayer once). Taxpayers = primary+secondary taxpayers on filed returns in the age group. Owners = year-end FMV > 0. Native bands change: under-15/15-19 merged to under-20 from TY2022. Through TY2019 traditional contributions were barred at 70.5+ (SECURE Act removed the age cap from TY2020). Harmonised groups sum native bands. TY2022+ new SOI series.
2022,harmonised,All,216089232.0,181882302.0,17592284.0,86579387.0,69998913.0,12912073905.0,8.14,25.13,4921.0,0.671,new SOI methodology (2022+),"IRS SOI IRA table by age of taxpayer, TY2022, https://www.irs.gov/pub/irs-soi/22in04ira.xlsx",All IRA types combined (each taxpayer once). Taxpayers = primary+secondary taxpayers on filed returns in the age group. Owners = year-end FMV > 0. Native bands change: under-15/15-19 merged to under-20 from TY2022. Through TY2019 traditional contributions were barred at 70.5+ (SECURE Act removed the age cap from TY2020). Harmonised groups sum native bands. TY2022+ new SOI series.
2023,harmonised,All,215072672.0,181294456.0,17702756.0,89109080.0,71058598.0,14583955520.0,8.23,24.91,5034.0,0.611,new SOI methodology (2022+),"IRS SOI IRA table by age of taxpayer, TY2023, https://www.irs.gov/pub/irs-soi/23in04ira.xlsx",All IRA types combined (each taxpayer once). Taxpayers = primary+secondary taxpayers on filed returns in the age group. Owners = year-end FMV > 0. Native bands change: under-15/15-19 merged to under-20 from TY2022. Through TY2019 traditional contributions were barred at 70.5+ (SECURE Act removed the age cap from TY2020). Harmonised groups sum native bands. TY2022+ new SOI series.
2000,harmonised,Under 25,25989206.998000003,24119478.61,955798.1100000001,1335775.2343,1220492.23,3730755.8691,3.68,78.31,1398.0,35.804,former SOI methodology (2000-2021),"IRS SOI IRA table by age of taxpayer, TY2000, https://www.irs.gov/pub/irs-soi/00in05ir.xls",All IRA types combined (each taxpayer once). Taxpayers = primary+secondary taxpayers on filed returns in the age group. Owners = year-end FMV > 0. Native bands change: under-15/15-19 merged to under-20 from TY2022. Through TY2019 traditional contributions were barred at 70.5+ (SECURE Act removed the age cap from TY2020). Harmonised groups sum native bands. TY2022+ new SOI series.
2001,harmonised,Under 25,25355660.0,20306809.0,836760.0,1181158.0,1248109.0,4079840.0,3.3,67.04,1412.0,28.951,former SOI methodology (2000-2021),"IRS SOI IRA table by age of taxpayer, TY2001, https://www.irs.gov/pub/irs-soi/01in05ira.xls",All IRA types combined (each taxpayer once). Taxpayers = primary+secondary taxpayers on filed returns in the age group. Owners = year-end FMV > 0. Native bands change: under-15/15-19 merged to under-20 from TY2022. Through TY2019 traditional contributions were barred at 70.5+ (SECURE Act removed the age cap from TY2020). Harmonised groups sum native bands. TY2022+ new SOI series.
2002,harmonised,Under 25,24239673.0,22090728.0,771557.0,1228653.0,1308968.0,3678519.0,3.18,58.94,1592.0,33.401,former SOI methodology (2000-2021),"IRS SOI IRA table by age of taxpayer, TY2002, https://www.irs.gov/pub/irs-soi/02in10ira.xls",All IRA types combined (each taxpayer once). Taxpayers = primary+secondary taxpayers on filed returns in the age group. Owners = year-end FMV > 0. Native bands change: under-15/15-19 merged to under-20 from TY2022. Through TY2019 traditional contributions were barred at 70.5+ (SECURE Act removed the age cap from TY2020). Harmonised groups sum native bands. TY2022+ new SOI series.
2004,harmonised,Under 25,17841677.9,16385917.0,450554.0,783982.0,719977.0,3720280.0,2.53,62.58,1740.0,21.073,former SOI methodology (2000-2021),"IRS SOI IRA table by age of taxpayer, TY2004, https://www.irs.gov/pub/irs-soi/04in04ira.xls",All IRA types combined (each taxpayer once). Taxpayers = primary+secondary taxpayers on filed returns in the age group. Owners = year-end FMV > 0. Native bands change: under-15/15-19 merged to under-20 from TY2022. Through TY2019 traditional contributions were barred at 70.5+ (SECURE Act removed the age cap from TY2020). Harmonised groups sum native bands. TY2022+ new SOI series.
2005,harmonised,Under 25,24100953.8,21938922.0,652596.0,1315944.0,945899.0,5175197.0,2.71,68.99,2016.0,25.428,former SOI methodology (2000-2021),"IRS SOI IRA table by age of taxpayer, TY2005, https://www.irs.gov/pub/irs-soi/05in04ira.xls",All IRA types combined (each taxpayer once). Taxpayers = primary+secondary taxpayers on filed returns in the age group. Owners = year-end FMV > 0. Native bands change: under-15/15-19 merged to under-20 from TY2022. Through TY2019 traditional contributions were barred at 70.5+ (SECURE Act removed the age cap from TY2020). Harmonised groups sum native bands. TY2022+ new SOI series.
2006,harmonised,Under 25,24637284.5,22343767.0,635105.0,1304071.0,908477.0,5354085.0,2.58,69.91,2053.0,24.357,former SOI methodology (2000-2021),"IRS SOI IRA table by age of taxpayer, TY2006, https://www.irs.gov/pub/irs-soi/06in04ira.xls",All IRA types combined (each taxpayer once). Taxpayers = primary+secondary taxpayers on filed returns in the age group. Owners = year-end FMV > 0. Native bands change: under-15/15-19 merged to under-20 from TY2022. Through TY2019 traditional contributions were barred at 70.5+ (SECURE Act removed the age cap from TY2020). Harmonised groups sum native bands. TY2022+ new SOI series.
2007,harmonised,Under 25,25226047.6,23003825.0,656295.0,1397717.0,953771.0,5812721.0,2.6,68.81,2130.0,24.046,former SOI methodology (2000-2021),"IRS SOI IRA table by age of taxpayer, TY2007, https://www.irs.gov/pub/irs-soi/07in04ira.xls",All IRA types combined (each taxpayer once). Taxpayers = primary+secondary taxpayers on filed returns in the age group. Owners = year-end FMV > 0. Native bands change: under-15/15-19 merged to under-20 from TY2022. Through TY2019 traditional contributions were barred at 70.5+ (SECURE Act removed the age cap from TY2020). Harmonised groups sum native bands. TY2022+ new SOI series.
2008,harmonised,Under 25,24338456.7,22190945.0,553032.0,1211023.0,955408.0,4491320.0,2.27,57.88,2190.0,26.964,former SOI methodology (2000-2021),"IRS SOI IRA table by age of taxpayer, TY2008, https://www.irs.gov/pub/irs-soi/08in04ira.xls",All IRA types combined (each taxpayer once). Taxpayers = primary+secondary taxpayers on filed returns in the age group. Owners = year-end FMV > 0. Native bands change: under-15/15-19 merged to under-20 from TY2022. Through TY2019 traditional contributions were barred at 70.5+ (SECURE Act removed the age cap from TY2020). Harmonised groups sum native bands. TY2022+ new SOI series.
2009,harmonised,Under 25,21852269.8,19628426.0,469448.0,1051609.0,855954.0,5470844.0,2.15,54.85,2240.0,19.222,former SOI methodology (2000-2021),"IRS SOI IRA table by age of taxpayer, TY2009, https://www.irs.gov/pub/irs-soi/09in04ira.xls",All IRA types combined (each taxpayer once). Taxpayers = primary+secondary taxpayers on filed returns in the age group. Owners = year-end FMV > 0. Native bands change: under-15/15-19 merged to under-20 from TY2022. Through TY2019 traditional contributions were barred at 70.5+ (SECURE Act removed the age cap from TY2020). Harmonised groups sum native bands. TY2022+ new SOI series.
2010,harmonised,Under 25,21786430.6,19321684.0,383343.0,898494.0,757161.0,5544295.0,1.76,50.63,2344.0,16.206,former SOI methodology (2000-2021),"IRS SOI IRA table by age of taxpayer, TY2010, https://www.irs.gov/pub/irs-soi/10in04ira.xls",All IRA types combined (each taxpayer once). Taxpayers = primary+secondary taxpayers on filed returns in the age group. Owners = year-end FMV > 0. Native bands change: under-15/15-19 merged to under-20 from TY2022. Through TY2019 traditional contributions were barred at 70.5+ (SECURE Act removed the age cap from TY2020). Harmonised groups sum native bands. TY2022+ new SOI series.
2011,harmonised,Under 25,22778370.0,20341692.0,386513.0,878626.0,714449.0,5443700.0,1.7,54.1,2273.0,16.14,former SOI methodology (2000-2021),"IRS SOI IRA table by age of taxpayer, TY2011, https://www.irs.gov/pub/irs-soi/11in04ira.xls",All IRA types combined (each taxpayer once). Taxpayers = primary+secondary taxpayers on filed returns in the age group. Owners = year-end FMV > 0. Native bands change: under-15/15-19 merged to under-20 from TY2022. Through TY2019 traditional contributions were barred at 70.5+ (SECURE Act removed the age cap from TY2020). Harmonised groups sum native bands. TY2022+ new SOI series.
2012,harmonised,Under 25,22578015.0,20831743.0,403997.0,958082.0,705071.0,5587129.0,1.79,57.3,2372.0,17.148,former SOI methodology (2000-2021),"IRS SOI IRA table by age of taxpayer, TY2012, https://www.irs.gov/pub/irs-soi/12in04ira.xls",All IRA types combined (each taxpayer once). Taxpayers = primary+secondary taxpayers on filed returns in the age group. Owners = year-end FMV > 0. Native bands change: under-15/15-19 merged to under-20 from TY2022. Through TY2019 traditional contributions were barred at 70.5+ (SECURE Act removed the age cap from TY2020). Harmonised groups sum native bands. TY2022+ new SOI series.
2013,harmonised,Under 25,23066880.0,21380093.0,443867.0,1123424.0,714128.0,7549696.0,1.92,62.16,2531.0,14.88,former SOI methodology (2000-2021),"IRS SOI IRA table by age of taxpayer, TY2013, https://www.irs.gov/pub/irs-soi/13in04ira.xls",All IRA types combined (each taxpayer once). Taxpayers = primary+secondary taxpayers on filed returns in the age group. Owners = year-end FMV > 0. Native bands change: under-15/15-19 merged to under-20 from TY2022. Through TY2019 traditional contributions were barred at 70.5+ (SECURE Act removed the age cap from TY2020). Harmonised groups sum native bands. TY2022+ new SOI series.
2014,harmonised,Under 25,23131873.0,21634738.0,503938.0,1270311.0,764494.0,7731388.0,2.18,65.92,2521.0,16.431,former SOI methodology (2000-2021),"IRS SOI IRA table by age of taxpayer, TY2014, https://www.irs.gov/pub/irs-soi/14in04ira.xls",All IRA types combined (each taxpayer once). Taxpayers = primary+secondary taxpayers on filed returns in the age group. Owners = year-end FMV > 0. Native bands change: under-15/15-19 merged to under-20 from TY2022. Through TY2019 traditional contributions were barred at 70.5+ (SECURE Act removed the age cap from TY2020). Harmonised groups sum native bands. TY2022+ new SOI series.
2015,harmonised,Under 25,23213897.0,22011170.0,527979.0,1363329.0,802813.0,6510500.0,2.27,65.77,2582.0,20.94,former SOI methodology (2000-2021),"IRS SOI IRA table by age of taxpayer, TY2015, https://www.irs.gov/pub/irs-soi/15in04ira.xls",All IRA types combined (each taxpayer once). Taxpayers = primary+secondary taxpayers on filed returns in the age group. Owners = year-end FMV > 0. Native bands change: under-15/15-19 merged to under-20 from TY2022. Through TY2019 traditional contributions were barred at 70.5+ (SECURE Act removed the age cap from TY2020). Harmonised groups sum native bands. TY2022+ new SOI series.
2016,harmonised,Under 25,23218984.0,22104913.0,531250.0,1410082.0,853930.0,7210715.0,2.29,62.21,2654.0,19.555,former SOI methodology (2000-2021),"IRS SOI IRA table by age of taxpayer, TY2016, https://www.irs.gov/pub/irs-soi/16in04ira.xls",All IRA types combined (each taxpayer once). Taxpayers = primary+secondary taxpayers on filed returns in the age group. Owners = year-end FMV > 0. Native bands change: under-15/15-19 merged to under-20 from TY2022. Through TY2019 traditional contributions were barred at 70.5+ (SECURE Act removed the age cap from TY2020). Harmonised groups sum native bands. TY2022+ new SOI series.
2017,harmonised,Under 25,23284295.0,22259239.0,585241.0,1599591.0,855438.0,13168494.0,2.51,68.41,2733.0,12.147,former SOI methodology (2000-2021),"IRS SOI IRA table by age of taxpayer, TY2017, https://www.irs.gov/pub/irs-soi/17in04ira.xlsx",All IRA types combined (each taxpayer once). Taxpayers = primary+secondary taxpayers on filed returns in the age group. Owners = year-end FMV > 0. Native bands change: under-15/15-19 merged to under-20 from TY2022. Through TY2019 traditional contributions were barred at 70.5+ (SECURE Act removed the age cap from TY2020). Harmonised groups sum native bands. TY2022+ new SOI series.
2018,harmonised,Under 25,23095056.0,22124160.0,653951.0,1732290.0,991073.0,9596949.0,2.83,65.98,2649.0,18.05,former SOI methodology (2000-2021),"IRS SOI IRA table by age of taxpayer, TY2018, https://www.irs.gov/pub/irs-soi/18in04ira.xlsx",All IRA types combined (each taxpayer once). Taxpayers = primary+secondary taxpayers on filed returns in the age group. Owners = year-end FMV > 0. Native bands change: under-15/15-19 merged to under-20 from TY2022. Through TY2019 traditional contributions were barred at 70.5+ (SECURE Act removed the age cap from TY2020). Harmonised groups sum native bands. TY2022+ new SOI series.
2019,harmonised,Under 25,23374697.0,22456875.0,889322.0,2199664.0,1196741.0,11111212.0,3.8,74.31,2473.0,19.797,former SOI methodology (2000-2021),"IRS SOI IRA table by age of taxpayer, TY2019, https://www.irs.gov/pub/irs-soi/19in04ira.xlsx",All IRA types combined (each taxpayer once). Taxpayers = primary+secondary taxpayers on filed returns in the age group. Owners = year-end FMV > 0. Native bands change: under-15/15-19 merged to under-20 from TY2022. Through TY2019 traditional contributions were barred at 70.5+ (SECURE Act removed the age cap from TY2020). Harmonised groups sum native bands. TY2022+ new SOI series.
2020,harmonised,Under 25,23952242.0,22259295.0,1037085.0,2808447.0,1387946.0,12739929.0,4.33,74.72,2708.0,22.044,former SOI methodology (2000-2021),"IRS SOI IRA table by age of taxpayer, TY2020, https://www.irs.gov/pub/irs-soi/20in04ira.xlsx",All IRA types combined (each taxpayer once). Taxpayers = primary+secondary taxpayers on filed returns in the age group. Owners = year-end FMV > 0. Native bands change: under-15/15-19 merged to under-20 from TY2022. Through TY2019 traditional contributions were barred at 70.5+ (SECURE Act removed the age cap from TY2020). Harmonised groups sum native bands. TY2022+ new SOI series.
2021,harmonised,Under 25,23440412.0,22072120.0,1299671.0,3621375.0,1832214.0,20066009.0,5.54,70.93,2786.0,18.047,former SOI methodology (2000-2021),"IRS SOI IRA table by age of taxpayer, TY2021, https://www.irs.gov/pub/irs-soi/21in04ira.xlsx",All IRA types combined (each taxpayer once). Taxpayers = primary+secondary taxpayers on filed returns in the age group. Owners = year-end FMV > 0. Native bands change: under-15/15-19 merged to under-20 from TY2022. Through TY2019 traditional contributions were barred at 70.5+ (SECURE Act removed the age cap from TY2020). Harmonised groups sum native bands. TY2022+ new SOI series.
2022,harmonised,Under 25,23269127.0,22213631.0,1281534.0,3524053.0,256685.0,3019218.0,5.51,,2750.0,,new SOI methodology (2022+),"IRS SOI IRA table by age of taxpayer, TY2022, https://www.irs.gov/pub/irs-soi/22in04ira.xlsx",TY2022 Table 4 shows 0 year-end owners/FMV at 20-24 (apparently combined into 25-29 for disclosure); owner-based rates blanked for these groups. All IRA types combined (each taxpayer once). Taxpayers = primary+secondary taxpayers on filed returns in the age group. Owners = year-end FMV > 0. Native bands change: under-15/15-19 merged to under-20 from TY2022. Through TY2019 traditional contributions were barred at 70.5+ (SECURE Act removed the age cap from TY2020). Harmonised groups sum native bands. TY2022+ new SOI series.
2023,harmonised,Under 25,22238826.0,21447443.0,1329217.0,3738521.0,2120441.0,18562333.0,5.98,62.69,2813.0,20.14,new SOI methodology (2022+),"IRS SOI IRA table by age of taxpayer, TY2023, https://www.irs.gov/pub/irs-soi/23in04ira.xlsx",All IRA types combined (each taxpayer once). Taxpayers = primary+secondary taxpayers on filed returns in the age group. Owners = year-end FMV > 0. Native bands change: under-15/15-19 merged to under-20 from TY2022. Through TY2019 traditional contributions were barred at 70.5+ (SECURE Act removed the age cap from TY2020). Harmonised groups sum native bands. TY2022+ new SOI series.
2000,native,15 under 20,8862043.66,8479956.049999999,201199.68,288869.488,221446.22,536524.863,2.27,90.86,1436.0,53.841,former SOI methodology (2000-2021),"IRS SOI IRA table by age of taxpayer, TY2000, https://www.irs.gov/pub/irs-soi/00in05ir.xls",All IRA types combined (each taxpayer once). Taxpayers = primary+secondary taxpayers on filed returns in the age group. Owners = year-end FMV > 0. Native bands change: under-15/15-19 merged to under-20 from TY2022. Through TY2019 traditional contributions were barred at 70.5+ (SECURE Act removed the age cap from TY2020). Harmonised groups sum native bands. TY2022+ new SOI series.
2001,native,15 under 20,8469880.0,5545017.0,183557.0,241747.0,286400.0,584450.0,2.17,64.09,1317.0,41.363,former SOI methodology (2000-2021),"IRS SOI IRA table by age of taxpayer, TY2001, https://www.irs.gov/pub/irs-soi/01in05ira.xls",All IRA types combined (each taxpayer once). Taxpayers = primary+secondary taxpayers on filed returns in the age group. Owners = year-end FMV > 0. Native bands change: under-15/15-19 merged to under-20 from TY2022. Through TY2019 traditional contributions were barred at 70.5+ (SECURE Act removed the age cap from TY2020). Harmonised groups sum native bands. TY2022+ new SOI series.
2002,native,15 under 20,7625686.0,7131474.0,145062.0,240358.0,247838.0,568902.0,1.9,58.53,1657.0,42.249,former SOI methodology (2000-2021),"IRS SOI IRA table by age of taxpayer, TY2002, https://www.irs.gov/pub/irs-soi/02in10ira.xls",All IRA types combined (each taxpayer once). Taxpayers = primary+secondary taxpayers on filed returns in the age group. Owners = year-end FMV > 0. Native bands change: under-15/15-19 merged to under-20 from TY2022. Through TY2019 traditional contributions were barred at 70.5+ (SECURE Act removed the age cap from TY2020). Harmonised groups sum native bands. TY2022+ new SOI series.
2004,native,15 under 20,3937311.0,3572544.0,65143.0,116133.0,100470.0,661114.0,1.65,64.84,1783.0,17.566,former SOI methodology (2000-2021),"IRS SOI IRA table by age of taxpayer, TY2004, https://www.irs.gov/pub/irs-soi/04in04ira.xls",All IRA types combined (each taxpayer once). Taxpayers = primary+secondary taxpayers on filed returns in the age group. Owners = year-end FMV > 0. Native bands change: under-15/15-19 merged to under-20 from TY2022. Through TY2019 traditional contributions were barred at 70.5+ (SECURE Act removed the age cap from TY2020). Harmonised groups sum native bands. TY2022+ new SOI series.
2005,native,15 under 20,7372776.0,6837967.0,108684.0,218194.0,120691.0,984817.0,1.47,90.05,2008.0,22.156,former SOI methodology (2000-2021),"IRS SOI IRA table by age of taxpayer, TY2005, https://www.irs.gov/pub/irs-soi/05in04ira.xls",All IRA types combined (each taxpayer once). Taxpayers = primary+secondary taxpayers on filed returns in the age group. Owners = year-end FMV > 0. Native bands change: under-15/15-19 merged to under-20 from TY2022. Through TY2019 traditional contributions were barred at 70.5+ (SECURE Act removed the age cap from TY2020). Harmonised groups sum native bands. TY2022+ new SOI series.
2006,native,15 under 20,7477206.0,6888999.0,113556.0,220711.0,132828.0,1064875.0,1.52,85.49,1944.0,20.726,former SOI methodology (2000-2021),"IRS SOI IRA table by age of taxpayer, TY2006, https://www.irs.gov/pub/irs-soi/06in04ira.xls",All IRA types combined (each taxpayer once). Taxpayers = primary+secondary taxpayers on filed returns in the age group. Owners = year-end FMV > 0. Native bands change: under-15/15-19 merged to under-20 from TY2022. Through TY2019 traditional contributions were barred at 70.5+ (SECURE Act removed the age cap from TY2020). Harmonised groups sum native bands. TY2022+ new SOI series.
2007,native,15 under 20,7696659.0,7113032.0,114587.0,235878.0,133352.0,1179762.0,1.49,85.93,2059.0,19.994,former SOI methodology (2000-2021),"IRS SOI IRA table by age of taxpayer, TY2007, https://www.irs.gov/pub/irs-soi/07in04ira.xls",All IRA types combined (each taxpayer once). Taxpayers = primary+secondary taxpayers on filed returns in the age group. Owners = year-end FMV > 0. Native bands change: under-15/15-19 merged to under-20 from TY2022. Through TY2019 traditional contributions were barred at 70.5+ (SECURE Act removed the age cap from TY2020). Harmonised groups sum native bands. TY2022+ new SOI series.
2008,native,15 under 20,7192672.0,6624520.0,70393.0,179423.0,133125.0,1027669.0,0.98,52.88,2549.0,17.459,former SOI methodology (2000-2021),"IRS SOI IRA table by age of taxpayer, TY2008, https://www.irs.gov/pub/irs-soi/08in04ira.xls",All IRA types combined (each taxpayer once). Taxpayers = primary+secondary taxpayers on filed returns in the age group. Owners = year-end FMV > 0. Native bands change: under-15/15-19 merged to under-20 from TY2022. Through TY2019 traditional contributions were barred at 70.5+ (SECURE Act removed the age cap from TY2020). Harmonised groups sum native bands. TY2022+ new SOI series.
2009,native,15 under 20,5477216.0,4928418.0,48031.0,114026.0,88741.0,1132807.0,0.88,54.12,2374.0,10.066,former SOI methodology (2000-2021),"IRS SOI IRA table by age of taxpayer, TY2009, https://www.irs.gov/pub/irs-soi/09in04ira.xls",All IRA types combined (each taxpayer once). Taxpayers = primary+secondary taxpayers on filed returns in the age group. Owners = year-end FMV > 0. Native bands change: under-15/15-19 merged to under-20 from TY2022. Through TY2019 traditional contributions were barred at 70.5+ (SECURE Act removed the age cap from TY2020). Harmonised groups sum native bands. TY2022+ new SOI series.
2010,native,15 under 20,5214054.0,4570388.0,43210.0,83960.0,81925.0,1020961.0,0.83,52.74,1943.0,8.224,former SOI methodology (2000-2021),"IRS SOI IRA table by age of taxpayer, TY2010, https://www.irs.gov/pub/irs-soi/10in04ira.xls",All IRA types combined (each taxpayer once). Taxpayers = primary+secondary taxpayers on filed returns in the age group. Owners = year-end FMV > 0. Native bands change: under-15/15-19 merged to under-20 from TY2022. Through TY2019 traditional contributions were barred at 70.5+ (SECURE Act removed the age cap from TY2020). Harmonised groups sum native bands. TY2022+ new SOI series.
2011,native,15 under 20,5680711.0,5057128.0,58387.0,125698.0,73159.0,748170.0,1.03,79.81,2153.0,16.801,former SOI methodology (2000-2021),"IRS SOI IRA table by age of taxpayer, TY2011, https://www.irs.gov/pub/irs-soi/11in04ira.xls",All IRA types combined (each taxpayer once). Taxpayers = primary+secondary taxpayers on filed returns in the age group. Owners = year-end FMV > 0. Native bands change: under-15/15-19 merged to under-20 from TY2022. Through TY2019 traditional contributions were barred at 70.5+ (SECURE Act removed the age cap from TY2020). Harmonised groups sum native bands. TY2022+ new SOI series.
2012,native,15 under 20,5673627.0,5204000.0,53683.0,128058.0,75434.0,654626.0,0.95,71.17,2385.0,19.562,former SOI methodology (2000-2021),"IRS SOI IRA table by age of taxpayer, TY2012, https://www.irs.gov/pub/irs-soi/12in04ira.xls",All IRA types combined (each taxpayer once). Taxpayers = primary+secondary taxpayers on filed returns in the age group. Owners = year-end FMV > 0. Native bands change: under-15/15-19 merged to under-20 from TY2022. Through TY2019 traditional contributions were barred at 70.5+ (SECURE Act removed the age cap from TY2020). Harmonised groups sum native bands. TY2022+ new SOI series.
2013,native,15 under 20,5837318.0,5394355.0,65714.0,133533.0,88197.0,854253.0,1.13,74.51,2032.0,15.632,former SOI methodology (2000-2021),"IRS SOI IRA table by age of taxpayer, TY2013, https://www.irs.gov/pub/irs-soi/13in04ira.xls",All IRA types combined (each taxpayer once). Taxpayers = primary+secondary taxpayers on filed returns in the age group. Owners = year-end FMV > 0. Native bands change: under-15/15-19 merged to under-20 from TY2022. Through TY2019 traditional contributions were barred at 70.5+ (SECURE Act removed the age cap from TY2020). Harmonised groups sum native bands. TY2022+ new SOI series.
2014,native,15 under 20,5795593.0,5412516.0,77070.0,177673.0,85894.0,805099.0,1.33,89.73,2305.0,22.068,former SOI methodology (2000-2021),"IRS SOI IRA table by age of taxpayer, TY2014, https://www.irs.gov/pub/irs-soi/14in04ira.xls",All IRA types combined (each taxpayer once). Taxpayers = primary+secondary taxpayers on filed returns in the age group. Owners = year-end FMV > 0. Native bands change: under-15/15-19 merged to under-20 from TY2022. Through TY2019 traditional contributions were barred at 70.5+ (SECURE Act removed the age cap from TY2020). Harmonised groups sum native bands. TY2022+ new SOI series.
2015,native,15 under 20,6099853.0,5799023.0,69125.0,142061.0,86430.0,1181462.0,1.13,79.98,2055.0,12.024,former SOI methodology (2000-2021),"IRS SOI IRA table by age of taxpayer, TY2015, https://www.irs.gov/pub/irs-soi/15in04ira.xls",All IRA types combined (each taxpayer once). Taxpayers = primary+secondary taxpayers on filed returns in the age group. Owners = year-end FMV > 0. Native bands change: under-15/15-19 merged to under-20 from TY2022. Through TY2019 traditional contributions were barred at 70.5+ (SECURE Act removed the age cap from TY2020). Harmonised groups sum native bands. TY2022+ new SOI series.
2016,native,15 under 20,6245300.0,5974125.0,71280.0,150588.0,104902.0,1417460.0,1.14,67.95,2113.0,10.624,former SOI methodology (2000-2021),"IRS SOI IRA table by age of taxpayer, TY2016, https://www.irs.gov/pub/irs-soi/16in04ira.xls",All IRA types combined (each taxpayer once). Taxpayers = primary+secondary taxpayers on filed returns in the age group. Owners = year-end FMV > 0. Native bands change: under-15/15-19 merged to under-20 from TY2022. Through TY2019 traditional contributions were barred at 70.5+ (SECURE Act removed the age cap from TY2020). Harmonised groups sum native bands. TY2022+ new SOI series.
2017,native,15 under 20,6408094.0,6153145.0,92404.0,203353.0,111579.0,5751469.0,1.44,82.81,2201.0,3.536,former SOI methodology (2000-2021),"IRS SOI IRA table by age of taxpayer, TY2017, https://www.irs.gov/pub/irs-soi/17in04ira.xlsx",All IRA types combined (each taxpayer once). Taxpayers = primary+secondary taxpayers on filed returns in the age group. Owners = year-end FMV > 0. Native bands change: under-15/15-19 merged to under-20 from TY2022. Through TY2019 traditional contributions were barred at 70.5+ (SECURE Act removed the age cap from TY2020). Harmonised groups sum native bands. TY2022+ new SOI series.
2018,native,15 under 20,6341286.0,6135276.0,104657.0,218470.0,128038.0,1587957.0,1.65,81.74,2087.0,13.758,former SOI methodology (2000-2021),"IRS SOI IRA table by age of taxpayer, TY2018, https://www.irs.gov/pub/irs-soi/18in04ira.xlsx",All IRA types combined (each taxpayer once). Taxpayers = primary+secondary taxpayers on filed returns in the age group. Owners = year-end FMV > 0. Native bands change: under-15/15-19 merged to under-20 from TY2022. Through TY2019 traditional contributions were barred at 70.5+ (SECURE Act removed the age cap from TY2020). Harmonised groups sum native bands. TY2022+ new SOI series.
2019,native,15 under 20,6418183.0,6218629.0,152112.0,323451.0,163462.0,2216773.0,2.37,93.06,2126.0,14.591,former SOI methodology (2000-2021),"IRS SOI IRA table by age of taxpayer, TY2019, https://www.irs.gov/pub/irs-soi/19in04ira.xlsx",All IRA types combined (each taxpayer once). Taxpayers = primary+secondary taxpayers on filed returns in the age group. Owners = year-end FMV > 0. Native bands change: under-15/15-19 merged to under-20 from TY2022. Through TY2019 traditional contributions were barred at 70.5+ (SECURE Act removed the age cap from TY2020). Harmonised groups sum native bands. TY2022+ new SOI series.
2020,native,15 under 20,6473074.0,6032757.0,179811.0,445561.0,191562.0,2188289.0,2.78,93.87,2478.0,20.361,former SOI methodology (2000-2021),"IRS SOI IRA table by age of taxpayer, TY2020, https://www.irs.gov/pub/irs-soi/20in04ira.xlsx",All IRA types combined (each taxpayer once). Taxpayers = primary+secondary taxpayers on filed returns in the age group. Owners = year-end FMV > 0. Native bands change: under-15/15-19 merged to under-20 from TY2022. Through TY2019 traditional contributions were barred at 70.5+ (SECURE Act removed the age cap from TY2020). Harmonised groups sum native bands. TY2022+ new SOI series.
2021,native,15 under 20,6348825.0,5998203.0,207316.0,551360.0,229724.0,2340527.0,3.27,90.25,2660.0,23.557,former SOI methodology (2000-2021),"IRS SOI IRA table by age of taxpayer, TY2021, https://www.irs.gov/pub/irs-soi/21in04ira.xlsx",All IRA types combined (each taxpayer once). Taxpayers = primary+secondary taxpayers on filed returns in the age group. Owners = year-end FMV > 0. Native bands change: under-15/15-19 merged to under-20 from TY2022. Through TY2019 traditional contributions were barred at 70.5+ (SECURE Act removed the age cap from TY2020). Harmonised groups sum native bands. TY2022+ new SOI series.
2000,native,20 under 25,15548104.4,15385298.48,627297.81,947449.124,835226.66,2874699.21,4.03,75.11,1510.0,32.958,former SOI methodology (2000-2021),"IRS SOI IRA table by age of taxpayer, TY2000, https://www.irs.gov/pub/irs-soi/00in05ir.xls",All IRA types combined (each taxpayer once). Taxpayers = primary+secondary taxpayers on filed returns in the age group. Owners = year-end FMV > 0. Native bands change: under-15/15-19 merged to under-20 from TY2022. Through TY2019 traditional contributions were barred at 70.5+ (SECURE Act removed the age cap from TY2020). Harmonised groups sum native bands. TY2022+ new SOI series.
2001,native,20 under 25,15744647.0,14615454.0,605385.0,884889.0,867879.0,2775337.0,3.85,69.75,1462.0,31.884,former SOI methodology (2000-2021),"IRS SOI IRA table by age of taxpayer, TY2001, https://www.irs.gov/pub/irs-soi/01in05ira.xls",All IRA types combined (each taxpayer once). Taxpayers = primary+secondary taxpayers on filed returns in the age group. Owners = year-end FMV > 0. Native bands change: under-15/15-19 merged to under-20 from TY2022. Through TY2019 traditional contributions were barred at 70.5+ (SECURE Act removed the age cap from TY2020). Harmonised groups sum native bands. TY2022+ new SOI series.
2002,native,20 under 25,15796070.0,14789578.0,572155.0,888501.0,968053.0,2557015.0,3.62,59.1,1553.0,34.748,former SOI methodology (2000-2021),"IRS SOI IRA table by age of taxpayer, TY2002, https://www.irs.gov/pub/irs-soi/02in10ira.xls",All IRA types combined (each taxpayer once). Taxpayers = primary+secondary taxpayers on filed returns in the age group. Owners = year-end FMV > 0. Native bands change: under-15/15-19 merged to under-20 from TY2022. Through TY2019 traditional contributions were barred at 70.5+ (SECURE Act removed the age cap from TY2020). Harmonised groups sum native bands. TY2022+ new SOI series.
2004,native,20 under 25,13374661.0,12726264.0,372072.0,636528.0,589915.0,2641417.0,2.78,63.07,1711.0,24.098,former SOI methodology (2000-2021),"IRS SOI IRA table by age of taxpayer, TY2004, https://www.irs.gov/pub/irs-soi/04in04ira.xls",All IRA types combined (each taxpayer once). Taxpayers = primary+secondary taxpayers on filed returns in the age group. Owners = year-end FMV > 0. Native bands change: under-15/15-19 merged to under-20 from TY2022. Through TY2019 traditional contributions were barred at 70.5+ (SECURE Act removed the age cap from TY2020). Harmonised groups sum native bands. TY2022+ new SOI series.
2005,native,20 under 25,16126610.0,15006999.0,525646.0,1052051.0,796245.0,3915499.0,3.26,66.02,2001.0,26.869,former SOI methodology (2000-2021),"IRS SOI IRA table by age of taxpayer, TY2005, https://www.irs.gov/pub/irs-soi/05in04ira.xls",All IRA types combined (each taxpayer once). Taxpayers = primary+secondary taxpayers on filed returns in the age group. Owners = year-end FMV > 0. Native bands change: under-15/15-19 merged to under-20 from TY2022. Through TY2019 traditional contributions were barred at 70.5+ (SECURE Act removed the age cap from TY2020). Harmonised groups sum native bands. TY2022+ new SOI series.
2006,native,20 under 25,16552485.0,15356385.0,504167.0,1036121.0,750865.0,4048505.0,3.05,67.14,2055.0,25.593,former SOI methodology (2000-2021),"IRS SOI IRA table by age of taxpayer, TY2006, https://www.irs.gov/pub/irs-soi/06in04ira.xls",All IRA types combined (each taxpayer once). Taxpayers = primary+secondary taxpayers on filed returns in the age group. Owners = year-end FMV > 0. Native bands change: under-15/15-19 merged to under-20 from TY2022. Through TY2019 traditional contributions were barred at 70.5+ (SECURE Act removed the age cap from TY2020). Harmonised groups sum native bands. TY2022+ new SOI series.
2007,native,20 under 25,16960531.0,15800652.0,520575.0,1103947.0,796860.0,4394969.0,3.07,65.33,2121.0,25.118,former SOI methodology (2000-2021),"IRS SOI IRA table by age of taxpayer, TY2007, https://www.irs.gov/pub/irs-soi/07in04ira.xls",All IRA types combined (each taxpayer once). Taxpayers = primary+secondary taxpayers on filed returns in the age group. Owners = year-end FMV > 0. Native bands change: under-15/15-19 merged to under-20 from TY2022. Through TY2019 traditional contributions were barred at 70.5+ (SECURE Act removed the age cap from TY2020). Harmonised groups sum native bands. TY2022+ new SOI series.
2008,native,20 under 25,16735039.0,15491745.0,470510.0,993039.0,801098.0,3281866.0,2.81,58.73,2111.0,30.258,former SOI methodology (2000-2021),"IRS SOI IRA table by age of taxpayer, TY2008, https://www.irs.gov/pub/irs-soi/08in04ira.xls",All IRA types combined (each taxpayer once). Taxpayers = primary+secondary taxpayers on filed returns in the age group. Owners = year-end FMV > 0. Native bands change: under-15/15-19 merged to under-20 from TY2022. Through TY2019 traditional contributions were barred at 70.5+ (SECURE Act removed the age cap from TY2020). Harmonised groups sum native bands. TY2022+ new SOI series.
2009,native,20 under 25,16069566.0,14646647.0,409309.0,897564.0,749891.0,4089500.0,2.55,54.58,2193.0,21.948,former SOI methodology (2000-2021),"IRS SOI IRA table by age of taxpayer, TY2009, https://www.irs.gov/pub/irs-soi/09in04ira.xls",All IRA types combined (each taxpayer once). Taxpayers = primary+secondary taxpayers on filed returns in the age group. Owners = year-end FMV > 0. Native bands change: under-15/15-19 merged to under-20 from TY2022. Through TY2019 traditional contributions were barred at 70.5+ (SECURE Act removed the age cap from TY2020). Harmonised groups sum native bands. TY2022+ new SOI series.
2010,native,20 under 25,16305519.0,14698685.0,331598.0,788100.0,658032.0,4271227.0,2.03,50.39,2377.0,18.451,former SOI methodology (2000-2021),"IRS SOI IRA table by age of taxpayer, TY2010, https://www.irs.gov/pub/irs-soi/10in04ira.xls",All IRA types combined (each taxpayer once). Taxpayers = primary+secondary taxpayers on filed returns in the age group. Owners = year-end FMV > 0. Native bands change: under-15/15-19 merged to under-20 from TY2022. Through TY2019 traditional contributions were barred at 70.5+ (SECURE Act removed the age cap from TY2020). Harmonised groups sum native bands. TY2022+ new SOI series.
2011,native,20 under 25,16755584.0,15229219.0,310654.0,689370.0,620195.0,4438900.0,1.85,50.09,2219.0,15.53,former SOI methodology (2000-2021),"IRS SOI IRA table by age of taxpayer, TY2011, https://www.irs.gov/pub/irs-soi/11in04ira.xls",All IRA types combined (each taxpayer once). Taxpayers = primary+secondary taxpayers on filed returns in the age group. Owners = year-end FMV > 0. Native bands change: under-15/15-19 merged to under-20 from TY2022. Through TY2019 traditional contributions were barred at 70.5+ (SECURE Act removed the age cap from TY2020). Harmonised groups sum native bands. TY2022+ new SOI series.
2012,native,20 under 25,16613640.0,15577791.0,336311.0,786678.0,611108.0,4651911.0,2.02,55.03,2339.0,16.911,former SOI methodology (2000-2021),"IRS SOI IRA table by age of taxpayer, TY2012, https://www.irs.gov/pub/irs-soi/12in04ira.xls",All IRA types combined (each taxpayer once). Taxpayers = primary+secondary taxpayers on filed returns in the age group. Owners = year-end FMV > 0. Native bands change: under-15/15-19 merged to under-20 from TY2022. Through TY2019 traditional contributions were barred at 70.5+ (SECURE Act removed the age cap from TY2020). Harmonised groups sum native bands. TY2022+ new SOI series.
2013,native,20 under 25,16944436.0,15933605.0,366218.0,947367.0,606493.0,6284116.0,2.16,60.38,2587.0,15.076,former SOI methodology (2000-2021),"IRS SOI IRA table by age of taxpayer, TY2013, https://www.irs.gov/pub/irs-soi/13in04ira.xls",All IRA types combined (each taxpayer once). Taxpayers = primary+secondary taxpayers on filed returns in the age group. Owners = year-end FMV > 0. Native bands change: under-15/15-19 merged to under-20 from TY2022. Through TY2019 traditional contributions were barred at 70.5+ (SECURE Act removed the age cap from TY2020). Harmonised groups sum native bands. TY2022+ new SOI series.
2014,native,20 under 25,17075223.0,16171401.0,415530.0,1055396.0,660074.0,6441569.0,2.43,62.95,2540.0,16.384,former SOI methodology (2000-2021),"IRS SOI IRA table by age of taxpayer, TY2014, https://www.irs.gov/pub/irs-soi/14in04ira.xls",All IRA types combined (each taxpayer once). Taxpayers = primary+secondary taxpayers on filed returns in the age group. Owners = year-end FMV > 0. Native bands change: under-15/15-19 merged to under-20 from TY2022. Through TY2019 traditional contributions were barred at 70.5+ (SECURE Act removed the age cap from TY2020). Harmonised groups sum native bands. TY2022+ new SOI series.
2015,native,20 under 25,16875213.0,16164830.0,447700.0,1172233.0,699220.0,4860615.0,2.65,64.03,2618.0,24.117,former SOI methodology (2000-2021),"IRS SOI IRA table by age of taxpayer, TY2015, https://www.irs.gov/pub/irs-soi/15in04ira.xls",All IRA types combined (each taxpayer once). Taxpayers = primary+secondary taxpayers on filed returns in the age group. Owners = year-end FMV > 0. Native bands change: under-15/15-19 merged to under-20 from TY2022. Through TY2019 traditional contributions were barred at 70.5+ (SECURE Act removed the age cap from TY2020). Harmonised groups sum native bands. TY2022+ new SOI series.
2016,native,20 under 25,16746551.0,16080286.0,449413.0,1212970.0,733913.0,5349880.0,2.68,61.24,2699.0,22.673,former SOI methodology (2000-2021),"IRS SOI IRA table by age of taxpayer, TY2016, https://www.irs.gov/pub/irs-soi/16in04ira.xls",All IRA types combined (each taxpayer once). Taxpayers = primary+secondary taxpayers on filed returns in the age group. Owners = year-end FMV > 0. Native bands change: under-15/15-19 merged to under-20 from TY2022. Through TY2019 traditional contributions were barred at 70.5+ (SECURE Act removed the age cap from TY2020). Harmonised groups sum native bands. TY2022+ new SOI series.
2017,native,20 under 25,16634775.0,16036098.0,484789.0,1361057.0,728735.0,6152719.0,2.91,66.52,2808.0,22.121,former SOI methodology (2000-2021),"IRS SOI IRA table by age of taxpayer, TY2017, https://www.irs.gov/pub/irs-soi/17in04ira.xlsx",All IRA types combined (each taxpayer once). Taxpayers = primary+secondary taxpayers on filed returns in the age group. Owners = year-end FMV > 0. Native bands change: under-15/15-19 merged to under-20 from TY2022. Through TY2019 traditional contributions were barred at 70.5+ (SECURE Act removed the age cap from TY2020). Harmonised groups sum native bands. TY2022+ new SOI series.
2018,native,20 under 25,16521299.0,15941597.0,536149.0,1474962.0,844421.0,6677016.0,3.25,63.49,2751.0,22.09,former SOI methodology (2000-2021),"IRS SOI IRA table by age of taxpayer, TY2018, https://www.irs.gov/pub/irs-soi/18in04ira.xlsx",All IRA types combined (each taxpayer once). Taxpayers = primary+secondary taxpayers on filed returns in the age group. Owners = year-end FMV > 0. Native bands change: under-15/15-19 merged to under-20 from TY2022. Through TY2019 traditional contributions were barred at 70.5+ (SECURE Act removed the age cap from TY2020). Harmonised groups sum native bands. TY2022+ new SOI series.
2019,native,20 under 25,16743299.0,16191845.0,723991.0,1829912.0,1014572.0,7348751.0,4.32,71.36,2528.0,24.901,former SOI methodology (2000-2021),"IRS SOI IRA table by age of taxpayer, TY2019, https://www.irs.gov/pub/irs-soi/19in04ira.xlsx",All IRA types combined (each taxpayer once). Taxpayers = primary+secondary taxpayers on filed returns in the age group. Owners = year-end FMV > 0. Native bands change: under-15/15-19 merged to under-20 from TY2022. Through TY2019 traditional contributions were barred at 70.5+ (SECURE Act removed the age cap from TY2020). Harmonised groups sum native bands. TY2022+ new SOI series.
2020,native,20 under 25,17255540.0,16170849.0,846265.0,2323474.0,1178251.0,9014988.0,4.9,71.82,2746.0,25.773,former SOI methodology (2000-2021),"IRS SOI IRA table by age of taxpayer, TY2020, https://www.irs.gov/pub/irs-soi/20in04ira.xlsx",All IRA types combined (each taxpayer once). Taxpayers = primary+secondary taxpayers on filed returns in the age group. Owners = year-end FMV > 0. Native bands change: under-15/15-19 merged to under-20 from TY2022. Through TY2019 traditional contributions were barred at 70.5+ (SECURE Act removed the age cap from TY2020). Harmonised groups sum native bands. TY2022+ new SOI series.
2021,native,20 under 25,16850948.0,16020561.0,1077783.0,3009897.0,1582768.0,15922004.0,6.4,68.09,2793.0,18.904,former SOI methodology (2000-2021),"IRS SOI IRA table by age of taxpayer, TY2021, https://www.irs.gov/pub/irs-soi/21in04ira.xlsx",All IRA types combined (each taxpayer once). Taxpayers = primary+secondary taxpayers on filed returns in the age group. Owners = year-end FMV > 0. Native bands change: under-15/15-19 merged to under-20 from TY2022. Through TY2019 traditional contributions were barred at 70.5+ (SECURE Act removed the age cap from TY2020). Harmonised groups sum native bands. TY2022+ new SOI series.
2022,native,20 under 25,16628727.0,16168027.0,1281534.0,3524053.0,0.0,0.0,7.71,,2750.0,,new SOI methodology (2022+),"IRS SOI IRA table by age of taxpayer, TY2022, https://www.irs.gov/pub/irs-soi/22in04ira.xlsx",TY2022 Table 4 shows 0 year-end owners/FMV at 20-24 (apparently combined into 25-29 for disclosure); owner-based rates blanked for these groups. All IRA types combined (each taxpayer once). Taxpayers = primary+secondary taxpayers on filed returns in the age group. Owners = year-end FMV > 0. Native bands change: under-15/15-19 merged to under-20 from TY2022. Through TY2019 traditional contributions were barred at 70.5+ (SECURE Act removed the age cap from TY2020). Harmonised groups sum native bands. TY2022+ new SOI series.
2023,native,20 under 25,16352333.0,15955189.0,1090446.0,3058304.0,1847960.0,15030644.0,6.67,59.01,2805.0,20.347,new SOI methodology (2022+),"IRS SOI IRA table by age of taxpayer, TY2023, https://www.irs.gov/pub/irs-soi/23in04ira.xlsx",All IRA types combined (each taxpayer once). Taxpayers = primary+secondary taxpayers on filed returns in the age group. Owners = year-end FMV > 0. Native bands change: under-15/15-19 merged to under-20 from TY2022. Through TY2019 traditional contributions were barred at 70.5+ (SECURE Act removed the age cap from TY2020). Harmonised groups sum native bands. TY2022+ new SOI series.
2000,native,25 under 30,16583548.9,16457782.68,1186231.29,2014924.6,1969437.01,10753613.1,7.15,60.23,1699.0,18.737,former SOI methodology (2000-2021),"IRS SOI IRA table by age of taxpayer, TY2000, https://www.irs.gov/pub/irs-soi/00in05ir.xls",All IRA types combined (each taxpayer once). Taxpayers = primary+secondary taxpayers on filed returns in the age group. Owners = year-end FMV > 0. Native bands change: under-15/15-19 merged to under-20 from TY2022. Through TY2019 traditional contributions were barred at 70.5+ (SECURE Act removed the age cap from TY2020). Harmonised groups sum native bands. TY2022+ new SOI series.
2001,native,25 under 30,16312551.0,14594772.0,1160500.0,1869154.0,2031435.0,10749051.0,7.11,57.13,1611.0,17.389,former SOI methodology (2000-2021),"IRS SOI IRA table by age of taxpayer, TY2001, https://www.irs.gov/pub/irs-soi/01in05ira.xls",All IRA types combined (each taxpayer once). Taxpayers = primary+secondary taxpayers on filed returns in the age group. Owners = year-end FMV > 0. Native bands change: under-15/15-19 merged to under-20 from TY2022. Through TY2019 traditional contributions were barred at 70.5+ (SECURE Act removed the age cap from TY2020). Harmonised groups sum native bands. TY2022+ new SOI series.
2002,native,25 under 30,16235359.0,14560735.0,995057.0,1847193.0,2035647.0,8379202.0,6.13,48.88,1856.0,22.045,former SOI methodology (2000-2021),"IRS SOI IRA table by age of taxpayer, TY2002, https://www.irs.gov/pub/irs-soi/02in10ira.xls",All IRA types combined (each taxpayer once). Taxpayers = primary+secondary taxpayers on filed returns in the age group. Owners = year-end FMV > 0. Native bands change: under-15/15-19 merged to under-20 from TY2022. Through TY2019 traditional contributions were barred at 70.5+ (SECURE Act removed the age cap from TY2020). Harmonised groups sum native bands. TY2022+ new SOI series.
2004,native,25 under 30,15995556.0,14650938.0,954669.0,1850938.0,1620545.0,9652752.0,5.97,58.91,1939.0,19.175,former SOI methodology (2000-2021),"IRS SOI IRA table by age of taxpayer, TY2004, https://www.irs.gov/pub/irs-soi/04in04ira.xls",All IRA types combined (each taxpayer once). Taxpayers = primary+secondary taxpayers on filed returns in the age group. Owners = year-end FMV > 0. Native bands change: under-15/15-19 merged to under-20 from TY2022. Through TY2019 traditional contributions were barred at 70.5+ (SECURE Act removed the age cap from TY2020). Harmonised groups sum native bands. TY2022+ new SOI series.
2005,native,25 under 30,17164673.0,15346499.0,1053208.0,2405506.0,1972535.0,13574438.0,6.14,53.39,2284.0,17.721,former SOI methodology (2000-2021),"IRS SOI IRA table by age of taxpayer, TY2005, https://www.irs.gov/pub/irs-soi/05in04ira.xls",All IRA types combined (each taxpayer once). Taxpayers = primary+secondary taxpayers on filed returns in the age group. Owners = year-end FMV > 0. Native bands change: under-15/15-19 merged to under-20 from TY2022. Through TY2019 traditional contributions were barred at 70.5+ (SECURE Act removed the age cap from TY2020). Harmonised groups sum native bands. TY2022+ new SOI series.
2006,native,25 under 30,17748566.0,15907576.0,1094595.0,2522729.0,2057579.0,15921071.0,6.17,53.2,2305.0,15.845,former SOI methodology (2000-2021),"IRS SOI IRA table by age of taxpayer, TY2006, https://www.irs.gov/pub/irs-soi/06in04ira.xls",All IRA types combined (each taxpayer once). Taxpayers = primary+secondary taxpayers on filed returns in the age group. Owners = year-end FMV > 0. Native bands change: under-15/15-19 merged to under-20 from TY2022. Through TY2019 traditional contributions were barred at 70.5+ (SECURE Act removed the age cap from TY2020). Harmonised groups sum native bands. TY2022+ new SOI series.
2007,native,25 under 30,18507980.0,16603725.0,1079096.0,2607312.0,2141326.0,18268371.0,5.83,50.39,2416.0,14.272,former SOI methodology (2000-2021),"IRS SOI IRA table by age of taxpayer, TY2007, https://www.irs.gov/pub/irs-soi/07in04ira.xls",All IRA types combined (each taxpayer once). Taxpayers = primary+secondary taxpayers on filed returns in the age group. Owners = year-end FMV > 0. Native bands change: under-15/15-19 merged to under-20 from TY2022. Through TY2019 traditional contributions were barred at 70.5+ (SECURE Act removed the age cap from TY2020). Harmonised groups sum native bands. TY2022+ new SOI series.
2008,native,25 under 30,18450423.0,16457863.0,994182.0,2505577.0,2122645.0,12168595.0,5.39,46.84,2520.0,20.591,former SOI methodology (2000-2021),"IRS SOI IRA table by age of taxpayer, TY2008, https://www.irs.gov/pub/irs-soi/08in04ira.xls",All IRA types combined (each taxpayer once). Taxpayers = primary+secondary taxpayers on filed returns in the age group. Owners = year-end FMV > 0. Native bands change: under-15/15-19 merged to under-20 from TY2022. Through TY2019 traditional contributions were barred at 70.5+ (SECURE Act removed the age cap from TY2020). Harmonised groups sum native bands. TY2022+ new SOI series.
2009,native,25 under 30,18398125.0,16269096.0,893813.0,2212497.0,2041631.0,15727109.0,4.86,43.78,2475.0,14.068,former SOI methodology (2000-2021),"IRS SOI IRA table by age of taxpayer, TY2009, https://www.irs.gov/pub/irs-soi/09in04ira.xls",All IRA types combined (each taxpayer once). Taxpayers = primary+secondary taxpayers on filed returns in the age group. Owners = year-end FMV > 0. Native bands change: under-15/15-19 merged to under-20 from TY2022. Through TY2019 traditional contributions were barred at 70.5+ (SECURE Act removed the age cap from TY2020). Harmonised groups sum native bands. TY2022+ new SOI series.
2010,native,25 under 30,18436965.0,15919494.0,883159.0,2447363.0,1925049.0,17473303.0,4.79,45.88,2771.0,14.006,former SOI methodology (2000-2021),"IRS SOI IRA table by age of taxpayer, TY2010, https://www.irs.gov/pub/irs-soi/10in04ira.xls",All IRA types combined (each taxpayer once). Taxpayers = primary+secondary taxpayers on filed returns in the age group. Owners = year-end FMV > 0. Native bands change: under-15/15-19 merged to under-20 from TY2022. Through TY2019 traditional contributions were barred at 70.5+ (SECURE Act removed the age cap from TY2020). Harmonised groups sum native bands. TY2022+ new SOI series.
2011,native,25 under 30,18609600.0,16193093.0,892661.0,2427414.0,1893106.0,16207147.0,4.8,47.15,2719.0,14.977,former SOI methodology (2000-2021),"IRS SOI IRA table by age of taxpayer, TY2011, https://www.irs.gov/pub/irs-soi/11in04ira.xls",All IRA types combined (each taxpayer once). Taxpayers = primary+secondary taxpayers on filed returns in the age group. Owners = year-end FMV > 0. Native bands change: under-15/15-19 merged to under-20 from TY2022. Through TY2019 traditional contributions were barred at 70.5+ (SECURE Act removed the age cap from TY2020). Harmonised groups sum native bands. TY2022+ new SOI series.
2012,native,25 under 30,18725654.0,16725057.0,878476.0,2456904.0,1889103.0,17450611.0,4.69,46.5,2797.0,14.079,former SOI methodology (2000-2021),"IRS SOI IRA table by age of taxpayer, TY2012, https://www.irs.gov/pub/irs-soi/12in04ira.xls",All IRA types combined (each taxpayer once). Taxpayers = primary+secondary taxpayers on filed returns in the age group. Owners = year-end FMV > 0. Native bands change: under-15/15-19 merged to under-20 from TY2022. Through TY2019 traditional contributions were barred at 70.5+ (SECURE Act removed the age cap from TY2020). Harmonised groups sum native bands. TY2022+ new SOI series.
2013,native,25 under 30,19003616.0,17062768.0,899103.0,2699372.0,1910883.0,20477577.0,4.73,47.05,3002.0,13.182,former SOI methodology (2000-2021),"IRS SOI IRA table by age of taxpayer, TY2013, https://www.irs.gov/pub/irs-soi/13in04ira.xls",All IRA types combined (each taxpayer once). Taxpayers = primary+secondary taxpayers on filed returns in the age group. Owners = year-end FMV > 0. Native bands change: under-15/15-19 merged to under-20 from TY2022. Through TY2019 traditional contributions were barred at 70.5+ (SECURE Act removed the age cap from TY2020). Harmonised groups sum native bands. TY2022+ new SOI series.
2014,native,25 under 30,18913355.0,17285272.0,956245.0,2882444.0,1959118.0,21211179.0,5.06,48.81,3014.0,13.589,former SOI methodology (2000-2021),"IRS SOI IRA table by age of taxpayer, TY2014, https://www.irs.gov/pub/irs-soi/14in04ira.xls",All IRA types combined (each taxpayer once). Taxpayers = primary+secondary taxpayers on filed returns in the age group. Owners = year-end FMV > 0. Native bands change: under-15/15-19 merged to under-20 from TY2022. Through TY2019 traditional contributions were barred at 70.5+ (SECURE Act removed the age cap from TY2020). Harmonised groups sum native bands. TY2022+ new SOI series.
2015,native,25 under 30,19434608.0,17861477.0,993898.0,3031214.0,2057239.0,22589402.0,5.11,48.31,3050.0,13.419,former SOI methodology (2000-2021),"IRS SOI IRA table by age of taxpayer, TY2015, https://www.irs.gov/pub/irs-soi/15in04ira.xls",All IRA types combined (each taxpayer once). Taxpayers = primary+secondary taxpayers on filed returns in the age group. Owners = year-end FMV > 0. Native bands change: under-15/15-19 merged to under-20 from TY2022. Through TY2019 traditional contributions were barred at 70.5+ (SECURE Act removed the age cap from TY2020). Harmonised groups sum native bands. TY2022+ new SOI series.
2016,native,25 under 30,19440727.0,18002927.0,987569.0,3107834.0,2116067.0,23058073.0,5.08,46.67,3147.0,13.478,former SOI methodology (2000-2021),"IRS SOI IRA table by age of taxpayer, TY2016, https://www.irs.gov/pub/irs-soi/16in04ira.xls",All IRA types combined (each taxpayer once). Taxpayers = primary+secondary taxpayers on filed returns in the age group. Owners = year-end FMV > 0. Native bands change: under-15/15-19 merged to under-20 from TY2022. Through TY2019 traditional contributions were barred at 70.5+ (SECURE Act removed the age cap from TY2020). Harmonised groups sum native bands. TY2022+ new SOI series.
2017,native,25 under 30,19780325.0,18431280.0,1037269.0,3501181.0,2234813.0,26764711.0,5.24,46.41,3375.0,13.081,former SOI methodology (2000-2021),"IRS SOI IRA table by age of taxpayer, TY2017, https://www.irs.gov/pub/irs-soi/17in04ira.xlsx",All IRA types combined (each taxpayer once). Taxpayers = primary+secondary taxpayers on filed returns in the age group. Owners = year-end FMV > 0. Native bands change: under-15/15-19 merged to under-20 from TY2022. Through TY2019 traditional contributions were barred at 70.5+ (SECURE Act removed the age cap from TY2020). Harmonised groups sum native bands. TY2022+ new SOI series.
2018,native,25 under 30,19786617.0,18578997.0,1166057.0,3644356.0,2374193.0,25413116.0,5.89,49.11,3125.0,14.34,former SOI methodology (2000-2021),"IRS SOI IRA table by age of taxpayer, TY2018, https://www.irs.gov/pub/irs-soi/18in04ira.xlsx",All IRA types combined (each taxpayer once). Taxpayers = primary+secondary taxpayers on filed returns in the age group. Owners = year-end FMV > 0. Native bands change: under-15/15-19 merged to under-20 from TY2022. Through TY2019 traditional contributions were barred at 70.5+ (SECURE Act removed the age cap from TY2020). Harmonised groups sum native bands. TY2022+ new SOI series.
2019,native,25 under 30,20080805.0,18852003.0,1286353.0,4358238.0,2591586.0,30256094.0,6.41,49.64,3388.0,14.404,former SOI methodology (2000-2021),"IRS SOI IRA table by age of taxpayer, TY2019, https://www.irs.gov/pub/irs-soi/19in04ira.xlsx",All IRA types combined (each taxpayer once). Taxpayers = primary+secondary taxpayers on filed returns in the age group. Owners = year-end FMV > 0. Native bands change: under-15/15-19 merged to under-20 from TY2022. Through TY2019 traditional contributions were barred at 70.5+ (SECURE Act removed the age cap from TY2020). Harmonised groups sum native bands. TY2022+ new SOI series.
2020,native,25 under 30,20515714.0,18733490.0,1537774.0,5209429.0,2846325.0,37219983.0,7.5,54.03,3388.0,13.996,former SOI methodology (2000-2021),"IRS SOI IRA table by age of taxpayer, TY2020, https://www.irs.gov/pub/irs-soi/20in04ira.xlsx",All IRA types combined (each taxpayer once). Taxpayers = primary+secondary taxpayers on filed returns in the age group. Owners = year-end FMV > 0. Native bands change: under-15/15-19 merged to under-20 from TY2022. Through TY2019 traditional contributions were barred at 70.5+ (SECURE Act removed the age cap from TY2020). Harmonised groups sum native bands. TY2022+ new SOI series.
2021,native,25 under 30,19721445.0,18108832.0,1761383.0,5983948.0,3252077.0,45135356.0,8.93,54.16,3397.0,13.258,former SOI methodology (2000-2021),"IRS SOI IRA table by age of taxpayer, TY2021, https://www.irs.gov/pub/irs-soi/21in04ira.xlsx",All IRA types combined (each taxpayer once). Taxpayers = primary+secondary taxpayers on filed returns in the age group. Owners = year-end FMV > 0. Native bands change: under-15/15-19 merged to under-20 from TY2022. Through TY2019 traditional contributions were barred at 70.5+ (SECURE Act removed the age cap from TY2020). Harmonised groups sum native bands. TY2022+ new SOI series.
2022,native,25 under 30,19302532.0,18766388.0,1721968.0,5701934.0,5272399.0,52032349.0,8.92,,3311.0,,new SOI methodology (2022+),"IRS SOI IRA table by age of taxpayer, TY2022, https://www.irs.gov/pub/irs-soi/22in04ira.xlsx",TY2022 Table 4 shows 0 year-end owners/FMV at 20-24 (apparently combined into 25-29 for disclosure); owner-based rates blanked for these groups. All IRA types combined (each taxpayer once). Taxpayers = primary+secondary taxpayers on filed returns in the age group. Owners = year-end FMV > 0. Native bands change: under-15/15-19 merged to under-20 from TY2022. Through TY2019 traditional contributions were barred at 70.5+ (SECURE Act removed the age cap from TY2020). Harmonised groups sum native bands. TY2022+ new SOI series.
2023,native,25 under 30,19113848.0,18625876.0,1785937.0,6195449.0,3763910.0,49083989.0,9.34,47.45,3469.0,12.622,new SOI methodology (2022+),"IRS SOI IRA table by age of taxpayer, TY2023, https://www.irs.gov/pub/irs-soi/23in04ira.xlsx",All IRA types combined (each taxpayer once). Taxpayers = primary+secondary taxpayers on filed returns in the age group. Owners = year-end FMV > 0. Native bands change: under-15/15-19 merged to under-20 from TY2022. Through TY2019 traditional contributions were barred at 70.5+ (SECURE Act removed the age cap from TY2020). Harmonised groups sum native bands. TY2022+ new SOI series.
2000,native,30 under 35,18687699.0,18540976.810000002,1635367.95,3421373.59,3216223.05,33966350.8,8.75,50.85,2092.0,10.073,former SOI methodology (2000-2021),"IRS SOI IRA table by age of taxpayer, TY2000, https://www.irs.gov/pub/irs-soi/00in05ir.xls",All IRA types combined (each taxpayer once). Taxpayers = primary+secondary taxpayers on filed returns in the age group. Owners = year-end FMV > 0. Native bands change: under-15/15-19 merged to under-20 from TY2022. Through TY2019 traditional contributions were barred at 70.5+ (SECURE Act removed the age cap from TY2020). Harmonised groups sum native bands. TY2022+ new SOI series.
2001,native,30 under 35,18480195.0,16174286.0,1597673.0,3247440.0,3279661.0,31618047.0,8.65,48.71,2033.0,10.271,former SOI methodology (2000-2021),"IRS SOI IRA table by age of taxpayer, TY2001, https://www.irs.gov/pub/irs-soi/01in05ira.xls",All IRA types combined (each taxpayer once). Taxpayers = primary+secondary taxpayers on filed returns in the age group. Owners = year-end FMV > 0. Native bands change: under-15/15-19 merged to under-20 from TY2022. Through TY2019 traditional contributions were barred at 70.5+ (SECURE Act removed the age cap from TY2020). Harmonised groups sum native bands. TY2022+ new SOI series.
2002,native,30 under 35,18314762.0,16109667.0,1424621.0,3310479.0,3347768.0,28715847.0,7.78,42.55,2324.0,11.528,former SOI methodology (2000-2021),"IRS SOI IRA table by age of taxpayer, TY2002, https://www.irs.gov/pub/irs-soi/02in10ira.xls",All IRA types combined (each taxpayer once). Taxpayers = primary+secondary taxpayers on filed returns in the age group. Owners = year-end FMV > 0. Native bands change: under-15/15-19 merged to under-20 from TY2022. Through TY2019 traditional contributions were barred at 70.5+ (SECURE Act removed the age cap from TY2020). Harmonised groups sum native bands. TY2022+ new SOI series.
2004,native,30 under 35,17174229.0,15139238.0,1229889.0,2980507.0,2722574.0,29234284.0,7.16,45.17,2423.0,10.195,former SOI methodology (2000-2021),"IRS SOI IRA table by age of taxpayer, TY2004, https://www.irs.gov/pub/irs-soi/04in04ira.xls",All IRA types combined (each taxpayer once). Taxpayers = primary+secondary taxpayers on filed returns in the age group. Owners = year-end FMV > 0. Native bands change: under-15/15-19 merged to under-20 from TY2022. Through TY2019 traditional contributions were barred at 70.5+ (SECURE Act removed the age cap from TY2020). Harmonised groups sum native bands. TY2022+ new SOI series.
2005,native,30 under 35,17514013.0,15308287.0,1271146.0,3581730.0,2985284.0,37480580.0,7.26,42.58,2818.0,9.556,former SOI methodology (2000-2021),"IRS SOI IRA table by age of taxpayer, TY2005, https://www.irs.gov/pub/irs-soi/05in04ira.xls",All IRA types combined (each taxpayer once). Taxpayers = primary+secondary taxpayers on filed returns in the age group. Owners = year-end FMV > 0. Native bands change: under-15/15-19 merged to under-20 from TY2022. Through TY2019 traditional contributions were barred at 70.5+ (SECURE Act removed the age cap from TY2020). Harmonised groups sum native bands. TY2022+ new SOI series.
2006,native,30 under 35,17389648.0,15084195.0,1238594.0,3510530.0,2968926.0,41671783.0,7.12,41.72,2834.0,8.424,former SOI methodology (2000-2021),"IRS SOI IRA table by age of taxpayer, TY2006, https://www.irs.gov/pub/irs-soi/06in04ira.xls",All IRA types combined (each taxpayer once). Taxpayers = primary+secondary taxpayers on filed returns in the age group. Owners = year-end FMV > 0. Native bands change: under-15/15-19 merged to under-20 from TY2022. Through TY2019 traditional contributions were barred at 70.5+ (SECURE Act removed the age cap from TY2020). Harmonised groups sum native bands. TY2022+ new SOI series.
2007,native,30 under 35,17836741.0,15509461.0,1269640.0,3620695.0,3071892.0,45783607.0,7.12,41.33,2852.0,7.908,former SOI methodology (2000-2021),"IRS SOI IRA table by age of taxpayer, TY2007, https://www.irs.gov/pub/irs-soi/07in04ira.xls",All IRA types combined (each taxpayer once). Taxpayers = primary+secondary taxpayers on filed returns in the age group. Owners = year-end FMV > 0. Native bands change: under-15/15-19 merged to under-20 from TY2022. Through TY2019 traditional contributions were barred at 70.5+ (SECURE Act removed the age cap from TY2020). Harmonised groups sum native bands. TY2022+ new SOI series.
2008,native,30 under 35,17601381.0,15304002.0,1158862.0,3487478.0,3103511.0,32305730.0,6.58,37.34,3009.0,10.795,former SOI methodology (2000-2021),"IRS SOI IRA table by age of taxpayer, TY2008, https://www.irs.gov/pub/irs-soi/08in04ira.xls",All IRA types combined (each taxpayer once). Taxpayers = primary+secondary taxpayers on filed returns in the age group. Owners = year-end FMV > 0. Native bands change: under-15/15-19 merged to under-20 from TY2022. Through TY2019 traditional contributions were barred at 70.5+ (SECURE Act removed the age cap from TY2020). Harmonised groups sum native bands. TY2022+ new SOI series.
2009,native,30 under 35,17796961.0,15218986.0,1102195.0,3329857.0,3090661.0,39472906.0,6.19,35.66,3021.0,8.436,former SOI methodology (2000-2021),"IRS SOI IRA table by age of taxpayer, TY2009, https://www.irs.gov/pub/irs-soi/09in04ira.xls",All IRA types combined (each taxpayer once). Taxpayers = primary+secondary taxpayers on filed returns in the age group. Owners = year-end FMV > 0. Native bands change: under-15/15-19 merged to under-20 from TY2022. Through TY2019 traditional contributions were barred at 70.5+ (SECURE Act removed the age cap from TY2020). Harmonised groups sum native bands. TY2022+ new SOI series.
2010,native,30 under 35,18203139.0,15250367.0,1064433.0,3303182.0,3006027.0,45393159.0,5.85,35.41,3103.0,7.277,former SOI methodology (2000-2021),"IRS SOI IRA table by age of taxpayer, TY2010, https://www.irs.gov/pub/irs-soi/10in04ira.xls",All IRA types combined (each taxpayer once). Taxpayers = primary+secondary taxpayers on filed returns in the age group. Owners = year-end FMV > 0. Native bands change: under-15/15-19 merged to under-20 from TY2022. Through TY2019 traditional contributions were barred at 70.5+ (SECURE Act removed the age cap from TY2020). Harmonised groups sum native bands. TY2022+ new SOI series.
2011,native,30 under 35,18650927.0,15674812.0,1087423.0,3362233.0,3078280.0,46743393.0,5.83,35.33,3092.0,7.193,former SOI methodology (2000-2021),"IRS SOI IRA table by age of taxpayer, TY2011, https://www.irs.gov/pub/irs-soi/11in04ira.xls",All IRA types combined (each taxpayer once). Taxpayers = primary+secondary taxpayers on filed returns in the age group. Owners = year-end FMV > 0. Native bands change: under-15/15-19 merged to under-20 from TY2022. Through TY2019 traditional contributions were barred at 70.5+ (SECURE Act removed the age cap from TY2020). Harmonised groups sum native bands. TY2022+ new SOI series.
2012,native,30 under 35,18568294.0,16131183.0,1086745.0,3508994.0,3087267.0,54310626.0,5.85,35.2,3229.0,6.461,former SOI methodology (2000-2021),"IRS SOI IRA table by age of taxpayer, TY2012, https://www.irs.gov/pub/irs-soi/12in04ira.xls",All IRA types combined (each taxpayer once). Taxpayers = primary+secondary taxpayers on filed returns in the age group. Owners = year-end FMV > 0. Native bands change: under-15/15-19 merged to under-20 from TY2022. Through TY2019 traditional contributions were barred at 70.5+ (SECURE Act removed the age cap from TY2020). Harmonised groups sum native bands. TY2022+ new SOI series.
2013,native,30 under 35,19117676.0,16668833.0,1157686.0,3925427.0,3062585.0,62609457.0,6.06,37.8,3391.0,6.27,former SOI methodology (2000-2021),"IRS SOI IRA table by age of taxpayer, TY2013, https://www.irs.gov/pub/irs-soi/13in04ira.xls",All IRA types combined (each taxpayer once). Taxpayers = primary+secondary taxpayers on filed returns in the age group. Owners = year-end FMV > 0. Native bands change: under-15/15-19 merged to under-20 from TY2022. Through TY2019 traditional contributions were barred at 70.5+ (SECURE Act removed the age cap from TY2020). Harmonised groups sum native bands. TY2022+ new SOI series.
2014,native,30 under 35,19394024.0,17079148.0,1186438.0,4141026.0,3168317.0,63977874.0,6.12,37.45,3490.0,6.473,former SOI methodology (2000-2021),"IRS SOI IRA table by age of taxpayer, TY2014, https://www.irs.gov/pub/irs-soi/14in04ira.xls",All IRA types combined (each taxpayer once). Taxpayers = primary+secondary taxpayers on filed returns in the age group. Owners = year-end FMV > 0. Native bands change: under-15/15-19 merged to under-20 from TY2022. Through TY2019 traditional contributions were barred at 70.5+ (SECURE Act removed the age cap from TY2020). Harmonised groups sum native bands. TY2022+ new SOI series.
2015,native,30 under 35,19264891.0,17066570.0,1219787.0,4290562.0,3175870.0,61667354.0,6.33,38.41,3517.0,6.958,former SOI methodology (2000-2021),"IRS SOI IRA table by age of taxpayer, TY2015, https://www.irs.gov/pub/irs-soi/15in04ira.xls",All IRA types combined (each taxpayer once). Taxpayers = primary+secondary taxpayers on filed returns in the age group. Owners = year-end FMV > 0. Native bands change: under-15/15-19 merged to under-20 from TY2022. Through TY2019 traditional contributions were barred at 70.5+ (SECURE Act removed the age cap from TY2020). Harmonised groups sum native bands. TY2022+ new SOI series.
2016,native,30 under 35,19307267.0,17226649.0,1250188.0,4543634.0,3197874.0,65816784.0,6.48,39.09,3634.0,6.903,former SOI methodology (2000-2021),"IRS SOI IRA table by age of taxpayer, TY2016, https://www.irs.gov/pub/irs-soi/16in04ira.xls",All IRA types combined (each taxpayer once). Taxpayers = primary+secondary taxpayers on filed returns in the age group. Owners = year-end FMV > 0. Native bands change: under-15/15-19 merged to under-20 from TY2022. Through TY2019 traditional contributions were barred at 70.5+ (SECURE Act removed the age cap from TY2020). Harmonised groups sum native bands. TY2022+ new SOI series.
2017,native,30 under 35,19443092.0,17449646.0,1339363.0,4891457.0,3237729.0,74888971.0,6.89,41.37,3652.0,6.532,former SOI methodology (2000-2021),"IRS SOI IRA table by age of taxpayer, TY2017, https://www.irs.gov/pub/irs-soi/17in04ira.xlsx",All IRA types combined (each taxpayer once). Taxpayers = primary+secondary taxpayers on filed returns in the age group. Owners = year-end FMV > 0. Native bands change: under-15/15-19 merged to under-20 from TY2022. Through TY2019 traditional contributions were barred at 70.5+ (SECURE Act removed the age cap from TY2020). Harmonised groups sum native bands. TY2022+ new SOI series.
2018,native,30 under 35,19486483.0,17643782.0,1364676.0,5221053.0,3459776.0,67504731.0,7.0,39.44,3826.0,7.734,former SOI methodology (2000-2021),"IRS SOI IRA table by age of taxpayer, TY2018, https://www.irs.gov/pub/irs-soi/18in04ira.xlsx",All IRA types combined (each taxpayer once). Taxpayers = primary+secondary taxpayers on filed returns in the age group. Owners = year-end FMV > 0. Native bands change: under-15/15-19 merged to under-20 from TY2022. Through TY2019 traditional contributions were barred at 70.5+ (SECURE Act removed the age cap from TY2020). Harmonised groups sum native bands. TY2022+ new SOI series.
2019,native,30 under 35,19939423.0,18095960.0,1585286.0,6158438.0,3592933.0,84472148.0,7.95,44.12,3885.0,7.29,former SOI methodology (2000-2021),"IRS SOI IRA table by age of taxpayer, TY2019, https://www.irs.gov/pub/irs-soi/19in04ira.xlsx",All IRA types combined (each taxpayer once). Taxpayers = primary+secondary taxpayers on filed returns in the age group. Owners = year-end FMV > 0. Native bands change: under-15/15-19 merged to under-20 from TY2022. Through TY2019 traditional contributions were barred at 70.5+ (SECURE Act removed the age cap from TY2020). Harmonised groups sum native bands. TY2022+ new SOI series.
2020,native,30 under 35,21034918.0,18701915.0,1767981.0,6961613.0,3895772.0,101152758.0,8.4,45.38,3938.0,6.882,former SOI methodology (2000-2021),"IRS SOI IRA table by age of taxpayer, TY2020, https://www.irs.gov/pub/irs-soi/20in04ira.xlsx",All IRA types combined (each taxpayer once). Taxpayers = primary+secondary taxpayers on filed returns in the age group. Owners = year-end FMV > 0. Native bands change: under-15/15-19 merged to under-20 from TY2022. Through TY2019 traditional contributions were barred at 70.5+ (SECURE Act removed the age cap from TY2020). Harmonised groups sum native bands. TY2022+ new SOI series.
2021,native,30 under 35,20786524.0,18479599.0,1980576.0,7760387.0,4257300.0,119538519.0,9.53,46.52,3918.0,6.492,former SOI methodology (2000-2021),"IRS SOI IRA table by age of taxpayer, TY2021, https://www.irs.gov/pub/irs-soi/21in04ira.xlsx",All IRA types combined (each taxpayer once). Taxpayers = primary+secondary taxpayers on filed returns in the age group. Owners = year-end FMV > 0. Native bands change: under-15/15-19 merged to under-20 from TY2022. Through TY2019 traditional contributions were barred at 70.5+ (SECURE Act removed the age cap from TY2020). Harmonised groups sum native bands. TY2022+ new SOI series.
2022,native,30 under 35,20900393.0,20208392.0,1988230.0,7507362.0,4590685.0,97406517.0,9.51,43.31,3776.0,7.707,new SOI methodology (2022+),"IRS SOI IRA table by age of taxpayer, TY2022, https://www.irs.gov/pub/irs-soi/22in04ira.xlsx",All IRA types combined (each taxpayer once). Taxpayers = primary+secondary taxpayers on filed returns in the age group. Owners = year-end FMV > 0. Native bands change: under-15/15-19 merged to under-20 from TY2022. Through TY2019 traditional contributions were barred at 70.5+ (SECURE Act removed the age cap from TY2020). Harmonised groups sum native bands. TY2022+ new SOI series.
2023,native,30 under 35,20865884.0,20282570.0,2009982.0,7978861.0,4880676.0,116165142.0,9.63,41.18,3970.0,6.869,new SOI methodology (2022+),"IRS SOI IRA table by age of taxpayer, TY2023, https://www.irs.gov/pub/irs-soi/23in04ira.xlsx",All IRA types combined (each taxpayer once). Taxpayers = primary+secondary taxpayers on filed returns in the age group. Owners = year-end FMV > 0. Native bands change: under-15/15-19 merged to under-20 from TY2022. Through TY2019 traditional contributions were barred at 70.5+ (SECURE Act removed the age cap from TY2020). Harmonised groups sum native bands. TY2022+ new SOI series.
2000,native,35 under 40,19922846.0,19690933.26,1752902.8,4096281.95,4257151.82,104559624.0,8.8,41.18,2337.0,3.918,former SOI methodology (2000-2021),"IRS SOI IRA table by age of taxpayer, TY2000, https://www.irs.gov/pub/irs-soi/00in05ir.xls",All IRA types combined (each taxpayer once). Taxpayers = primary+secondary taxpayers on filed returns in the age group. Owners = year-end FMV > 0. Native bands change: under-15/15-19 merged to under-20 from TY2022. Through TY2019 traditional contributions were barred at 70.5+ (SECURE Act removed the age cap from TY2020). Harmonised groups sum native bands. TY2022+ new SOI series.
2001,native,35 under 40,19903884.0,17282937.0,1790776.0,4101764.0,4398262.0,75591458.0,9.0,40.72,2290.0,5.426,former SOI methodology (2000-2021),"IRS SOI IRA table by age of taxpayer, TY2001, https://www.irs.gov/pub/irs-soi/01in05ira.xls",All IRA types combined (each taxpayer once). Taxpayers = primary+secondary taxpayers on filed returns in the age group. Owners = year-end FMV > 0. Native bands change: under-15/15-19 merged to under-20 from TY2022. Through TY2019 traditional contributions were barred at 70.5+ (SECURE Act removed the age cap from TY2020). Harmonised groups sum native bands. TY2022+ new SOI series.
2002,native,35 under 40,19460125.0,17116645.0,1617137.0,4321663.0,4409185.0,60992458.0,8.31,36.68,2672.0,7.086,former SOI methodology (2000-2021),"IRS SOI IRA table by age of taxpayer, TY2002, https://www.irs.gov/pub/irs-soi/02in10ira.xls",All IRA types combined (each taxpayer once). Taxpayers = primary+secondary taxpayers on filed returns in the age group. Owners = year-end FMV > 0. Native bands change: under-15/15-19 merged to under-20 from TY2022. Through TY2019 traditional contributions were barred at 70.5+ (SECURE Act removed the age cap from TY2020). Harmonised groups sum native bands. TY2022+ new SOI series.
2004,native,35 under 40,22382203.0,19329433.0,1770672.0,5478932.0,4681839.0,116655931.0,7.91,37.82,3094.0,4.697,former SOI methodology (2000-2021),"IRS SOI IRA table by age of taxpayer, TY2004, https://www.irs.gov/pub/irs-soi/04in04ira.xls",All IRA types combined (each taxpayer once). Taxpayers = primary+secondary taxpayers on filed returns in the age group. Owners = year-end FMV > 0. Native bands change: under-15/15-19 merged to under-20 from TY2022. Through TY2019 traditional contributions were barred at 70.5+ (SECURE Act removed the age cap from TY2020). Harmonised groups sum native bands. TY2022+ new SOI series.
2005,native,35 under 40,18798746.0,16355216.0,1511799.0,5357396.0,4051001.0,84008283.0,8.04,37.32,3544.0,6.377,former SOI methodology (2000-2021),"IRS SOI IRA table by age of taxpayer, TY2005, https://www.irs.gov/pub/irs-soi/05in04ira.xls",All IRA types combined (each taxpayer once). Taxpayers = primary+secondary taxpayers on filed returns in the age group. Owners = year-end FMV > 0. Native bands change: under-15/15-19 merged to under-20 from TY2022. Through TY2019 traditional contributions were barred at 70.5+ (SECURE Act removed the age cap from TY2020). Harmonised groups sum native bands. TY2022+ new SOI series.
2006,native,35 under 40,18948833.0,16444984.0,1507886.0,5297507.0,4174664.0,99492978.0,7.96,36.12,3513.0,5.325,former SOI methodology (2000-2021),"IRS SOI IRA table by age of taxpayer, TY2006, https://www.irs.gov/pub/irs-soi/06in04ira.xls",All IRA types combined (each taxpayer once). Taxpayers = primary+secondary taxpayers on filed returns in the age group. Owners = year-end FMV > 0. Native bands change: under-15/15-19 merged to under-20 from TY2022. Through TY2019 traditional contributions were barred at 70.5+ (SECURE Act removed the age cap from TY2020). Harmonised groups sum native bands. TY2022+ new SOI series.
2007,native,35 under 40,19141410.0,16684456.0,1479912.0,5099310.0,4226781.0,107384300.0,7.73,35.01,3446.0,4.749,former SOI methodology (2000-2021),"IRS SOI IRA table by age of taxpayer, TY2007, https://www.irs.gov/pub/irs-soi/07in04ira.xls",All IRA types combined (each taxpayer once). Taxpayers = primary+secondary taxpayers on filed returns in the age group. Owners = year-end FMV > 0. Native bands change: under-15/15-19 merged to under-20 from TY2022. Through TY2019 traditional contributions were barred at 70.5+ (SECURE Act removed the age cap from TY2020). Harmonised groups sum native bands. TY2022+ new SOI series.
2008,native,35 under 40,18766482.0,16262879.0,1298493.0,4769206.0,4082985.0,73932140.0,6.92,31.8,3673.0,6.451,former SOI methodology (2000-2021),"IRS SOI IRA table by age of taxpayer, TY2008, https://www.irs.gov/pub/irs-soi/08in04ira.xls",All IRA types combined (each taxpayer once). Taxpayers = primary+secondary taxpayers on filed returns in the age group. Owners = year-end FMV > 0. Native bands change: under-15/15-19 merged to under-20 from TY2022. Through TY2019 traditional contributions were barred at 70.5+ (SECURE Act removed the age cap from TY2020). Harmonised groups sum native bands. TY2022+ new SOI series.
2009,native,35 under 40,18231139.0,15627093.0,1168595.0,4121570.0,3927984.0,87798877.0,6.41,29.75,3527.0,4.694,former SOI methodology (2000-2021),"IRS SOI IRA table by age of taxpayer, TY2009, https://www.irs.gov/pub/irs-soi/09in04ira.xls",All IRA types combined (each taxpayer once). Taxpayers = primary+secondary taxpayers on filed returns in the age group. Owners = year-end FMV > 0. Native bands change: under-15/15-19 merged to under-20 from TY2022. Through TY2019 traditional contributions were barred at 70.5+ (SECURE Act removed the age cap from TY2020). Harmonised groups sum native bands. TY2022+ new SOI series.
2010,native,35 under 40,17992003.0,15010823.0,1132642.0,3907992.0,3785400.0,93376174.0,6.3,29.92,3450.0,4.185,former SOI methodology (2000-2021),"IRS SOI IRA table by age of taxpayer, TY2010, https://www.irs.gov/pub/irs-soi/10in04ira.xls",All IRA types combined (each taxpayer once). Taxpayers = primary+secondary taxpayers on filed returns in the age group. Owners = year-end FMV > 0. Native bands change: under-15/15-19 merged to under-20 from TY2022. Through TY2019 traditional contributions were barred at 70.5+ (SECURE Act removed the age cap from TY2020). Harmonised groups sum native bands. TY2022+ new SOI series.
2011,native,35 under 40,17686055.0,14784971.0,1061334.0,3703794.0,3673153.0,86782897.0,6.0,28.89,3490.0,4.268,former SOI methodology (2000-2021),"IRS SOI IRA table by age of taxpayer, TY2011, https://www.irs.gov/pub/irs-soi/11in04ira.xls",All IRA types combined (each taxpayer once). Taxpayers = primary+secondary taxpayers on filed returns in the age group. Owners = year-end FMV > 0. Native bands change: under-15/15-19 merged to under-20 from TY2022. Through TY2019 traditional contributions were barred at 70.5+ (SECURE Act removed the age cap from TY2020). Harmonised groups sum native bands. TY2022+ new SOI series.
2012,native,35 under 40,17532046.0,15002197.0,1137173.0,4196253.0,3690043.0,101194332.0,6.49,30.82,3690.0,4.147,former SOI methodology (2000-2021),"IRS SOI IRA table by age of taxpayer, TY2012, https://www.irs.gov/pub/irs-soi/12in04ira.xls",All IRA types combined (each taxpayer once). Taxpayers = primary+secondary taxpayers on filed returns in the age group. Owners = year-end FMV > 0. Native bands change: under-15/15-19 merged to under-20 from TY2022. Through TY2019 traditional contributions were barred at 70.5+ (SECURE Act removed the age cap from TY2020). Harmonised groups sum native bands. TY2022+ new SOI series.
2013,native,35 under 40,17573486.0,15053054.0,1134567.0,4461197.0,3626170.0,120626645.0,6.46,31.29,3932.0,3.698,former SOI methodology (2000-2021),"IRS SOI IRA table by age of taxpayer, TY2013, https://www.irs.gov/pub/irs-soi/13in04ira.xls",All IRA types combined (each taxpayer once). Taxpayers = primary+secondary taxpayers on filed returns in the age group. Owners = year-end FMV > 0. Native bands change: under-15/15-19 merged to under-20 from TY2022. Through TY2019 traditional contributions were barred at 70.5+ (SECURE Act removed the age cap from TY2020). Harmonised groups sum native bands. TY2022+ new SOI series.
2014,native,35 under 40,17821483.0,15392169.0,1216681.0,4880380.0,3726531.0,125141526.0,6.83,32.65,4011.0,3.9,former SOI methodology (2000-2021),"IRS SOI IRA table by age of taxpayer, TY2014, https://www.irs.gov/pub/irs-soi/14in04ira.xls",All IRA types combined (each taxpayer once). Taxpayers = primary+secondary taxpayers on filed returns in the age group. Owners = year-end FMV > 0. Native bands change: under-15/15-19 merged to under-20 from TY2022. Through TY2019 traditional contributions were barred at 70.5+ (SECURE Act removed the age cap from TY2020). Harmonised groups sum native bands. TY2022+ new SOI series.
2015,native,35 under 40,18305959.0,15950366.0,1274975.0,4943216.0,3794688.0,124215575.0,6.96,33.6,3877.0,3.98,former SOI methodology (2000-2021),"IRS SOI IRA table by age of taxpayer, TY2015, https://www.irs.gov/pub/irs-soi/15in04ira.xls",All IRA types combined (each taxpayer once). Taxpayers = primary+secondary taxpayers on filed returns in the age group. Owners = year-end FMV > 0. Native bands change: under-15/15-19 merged to under-20 from TY2022. Through TY2019 traditional contributions were barred at 70.5+ (SECURE Act removed the age cap from TY2020). Harmonised groups sum native bands. TY2022+ new SOI series.
2016,native,35 under 40,18527294.0,16292887.0,1357823.0,5256060.0,3940930.0,130622022.0,7.33,34.45,3871.0,4.024,former SOI methodology (2000-2021),"IRS SOI IRA table by age of taxpayer, TY2016, https://www.irs.gov/pub/irs-soi/16in04ira.xls",All IRA types combined (each taxpayer once). Taxpayers = primary+secondary taxpayers on filed returns in the age group. Owners = year-end FMV > 0. Native bands change: under-15/15-19 merged to under-20 from TY2022. Through TY2019 traditional contributions were barred at 70.5+ (SECURE Act removed the age cap from TY2020). Harmonised groups sum native bands. TY2022+ new SOI series.
2017,native,35 under 40,19079267.0,16820754.0,1408141.0,5674999.0,4060385.0,154628085.0,7.38,34.68,4030.0,3.67,former SOI methodology (2000-2021),"IRS SOI IRA table by age of taxpayer, TY2017, https://www.irs.gov/pub/irs-soi/17in04ira.xlsx",All IRA types combined (each taxpayer once). Taxpayers = primary+secondary taxpayers on filed returns in the age group. Owners = year-end FMV > 0. Native bands change: under-15/15-19 merged to under-20 from TY2022. Through TY2019 traditional contributions were barred at 70.5+ (SECURE Act removed the age cap from TY2020). Harmonised groups sum native bands. TY2022+ new SOI series.
2018,native,35 under 40,19354057.0,17197760.0,1527532.0,6453076.0,4216196.0,145131618.0,7.89,36.23,4225.0,4.446,former SOI methodology (2000-2021),"IRS SOI IRA table by age of taxpayer, TY2018, https://www.irs.gov/pub/irs-soi/18in04ira.xlsx",All IRA types combined (each taxpayer once). Taxpayers = primary+secondary taxpayers on filed returns in the age group. Owners = year-end FMV > 0. Native bands change: under-15/15-19 merged to under-20 from TY2022. Through TY2019 traditional contributions were barred at 70.5+ (SECURE Act removed the age cap from TY2020). Harmonised groups sum native bands. TY2022+ new SOI series.
2019,native,35 under 40,19761662.0,17561817.0,1659953.0,7144397.0,4296786.0,172426821.0,8.4,38.63,4304.0,4.143,former SOI methodology (2000-2021),"IRS SOI IRA table by age of taxpayer, TY2019, https://www.irs.gov/pub/irs-soi/19in04ira.xlsx",All IRA types combined (each taxpayer once). Taxpayers = primary+secondary taxpayers on filed returns in the age group. Owners = year-end FMV > 0. Native bands change: under-15/15-19 merged to under-20 from TY2022. Through TY2019 traditional contributions were barred at 70.5+ (SECURE Act removed the age cap from TY2020). Harmonised groups sum native bands. TY2022+ new SOI series.
2020,native,35 under 40,20402397.0,17689453.0,1810010.0,7935797.0,4433901.0,197659846.0,8.87,40.82,4384.0,4.015,former SOI methodology (2000-2021),"IRS SOI IRA table by age of taxpayer, TY2020, https://www.irs.gov/pub/irs-soi/20in04ira.xlsx",All IRA types combined (each taxpayer once). Taxpayers = primary+secondary taxpayers on filed returns in the age group. Owners = year-end FMV > 0. Native bands change: under-15/15-19 merged to under-20 from TY2022. Through TY2019 traditional contributions were barred at 70.5+ (SECURE Act removed the age cap from TY2020). Harmonised groups sum native bands. TY2022+ new SOI series.
2021,native,35 under 40,19867617.0,17325616.0,1982390.0,9114809.0,4734273.0,238565421.0,9.98,41.87,4598.0,3.821,former SOI methodology (2000-2021),"IRS SOI IRA table by age of taxpayer, TY2021, https://www.irs.gov/pub/irs-soi/21in04ira.xlsx",All IRA types combined (each taxpayer once). Taxpayers = primary+secondary taxpayers on filed returns in the age group. Owners = year-end FMV > 0. Native bands change: under-15/15-19 merged to under-20 from TY2022. Through TY2019 traditional contributions were barred at 70.5+ (SECURE Act removed the age cap from TY2020). Harmonised groups sum native bands. TY2022+ new SOI series.
2022,native,35 under 40,19702119.0,18978132.0,1940304.0,8453780.0,4857671.0,195529907.0,9.85,39.94,4357.0,4.324,new SOI methodology (2022+),"IRS SOI IRA table by age of taxpayer, TY2022, https://www.irs.gov/pub/irs-soi/22in04ira.xlsx",All IRA types combined (each taxpayer once). Taxpayers = primary+secondary taxpayers on filed returns in the age group. Owners = year-end FMV > 0. Native bands change: under-15/15-19 merged to under-20 from TY2022. Through TY2019 traditional contributions were barred at 70.5+ (SECURE Act removed the age cap from TY2020). Harmonised groups sum native bands. TY2022+ new SOI series.
2023,native,35 under 40,19973764.0,19350523.0,1988176.0,8809167.0,5086336.0,218861554.0,9.95,39.09,4431.0,4.025,new SOI methodology (2022+),"IRS SOI IRA table by age of taxpayer, TY2023, https://www.irs.gov/pub/irs-soi/23in04ira.xlsx",All IRA types combined (each taxpayer once). Taxpayers = primary+secondary taxpayers on filed returns in the age group. Owners = year-end FMV > 0. Native bands change: under-15/15-19 merged to under-20 from TY2022. Through TY2019 traditional contributions were barred at 70.5+ (SECURE Act removed the age cap from TY2020). Harmonised groups sum native bands. TY2022+ new SOI series.
2000,native,40 under 45,20403270.7,20182546.17,2043506.63,5362834.39,5420336.61,165678916.0,10.02,37.7,2624.0,3.237,former SOI methodology (2000-2021),"IRS SOI IRA table by age of taxpayer, TY2000, https://www.irs.gov/pub/irs-soi/00in05ir.xls",All IRA types combined (each taxpayer once). Taxpayers = primary+secondary taxpayers on filed returns in the age group. Owners = year-end FMV > 0. Native bands change: under-15/15-19 merged to under-20 from TY2022. Through TY2019 traditional contributions were barred at 70.5+ (SECURE Act removed the age cap from TY2020). Harmonised groups sum native bands. TY2022+ new SOI series.
2001,native,40 under 45,20446031.0,18105130.0,2037582.0,5180836.0,5509031.0,153595298.0,9.97,36.99,2543.0,3.373,former SOI methodology (2000-2021),"IRS SOI IRA table by age of taxpayer, TY2001, https://www.irs.gov/pub/irs-soi/01in05ira.xls",All IRA types combined (each taxpayer once). Taxpayers = primary+secondary taxpayers on filed returns in the age group. Owners = year-end FMV > 0. Native bands change: under-15/15-19 merged to under-20 from TY2022. Through TY2019 traditional contributions were barred at 70.5+ (SECURE Act removed the age cap from TY2020). Harmonised groups sum native bands. TY2022+ new SOI series.
2002,native,40 under 45,20492400.0,18072945.0,1928245.0,5468887.0,5538885.0,123874203.0,9.41,34.81,2836.0,4.415,former SOI methodology (2000-2021),"IRS SOI IRA table by age of taxpayer, TY2002, https://www.irs.gov/pub/irs-soi/02in10ira.xls",All IRA types combined (each taxpayer once). Taxpayers = primary+secondary taxpayers on filed returns in the age group. Owners = year-end FMV > 0. Native bands change: under-15/15-19 merged to under-20 from TY2022. Through TY2019 traditional contributions were barred at 70.5+ (SECURE Act removed the age cap from TY2020). Harmonised groups sum native bands. TY2022+ new SOI series.
2004,native,40 under 45,19978422.0,17551960.0,1762876.0,5564245.0,5071123.0,143141666.0,8.82,34.76,3156.0,3.887,former SOI methodology (2000-2021),"IRS SOI IRA table by age of taxpayer, TY2004, https://www.irs.gov/pub/irs-soi/04in04ira.xls",All IRA types combined (each taxpayer once). Taxpayers = primary+secondary taxpayers on filed returns in the age group. Owners = year-end FMV > 0. Native bands change: under-15/15-19 merged to under-20 from TY2022. Through TY2019 traditional contributions were barred at 70.5+ (SECURE Act removed the age cap from TY2020). Harmonised groups sum native bands. TY2022+ new SOI series.
2005,native,40 under 45,20101604.0,17771524.0,1696083.0,6271220.0,5153155.0,162210579.0,8.44,32.91,3697.0,3.866,former SOI methodology (2000-2021),"IRS SOI IRA table by age of taxpayer, TY2005, https://www.irs.gov/pub/irs-soi/05in04ira.xls",All IRA types combined (each taxpayer once). Taxpayers = primary+secondary taxpayers on filed returns in the age group. Owners = year-end FMV > 0. Native bands change: under-15/15-19 merged to under-20 from TY2022. Through TY2019 traditional contributions were barred at 70.5+ (SECURE Act removed the age cap from TY2020). Harmonised groups sum native bands. TY2022+ new SOI series.
2006,native,40 under 45,19740531.0,17344136.0,1608525.0,6061350.0,5065181.0,187517925.0,8.15,31.76,3768.0,3.232,former SOI methodology (2000-2021),"IRS SOI IRA table by age of taxpayer, TY2006, https://www.irs.gov/pub/irs-soi/06in04ira.xls",All IRA types combined (each taxpayer once). Taxpayers = primary+secondary taxpayers on filed returns in the age group. Owners = year-end FMV > 0. Native bands change: under-15/15-19 merged to under-20 from TY2022. Through TY2019 traditional contributions were barred at 70.5+ (SECURE Act removed the age cap from TY2020). Harmonised groups sum native bands. TY2022+ new SOI series.
2007,native,40 under 45,19642844.0,17296968.0,1601210.0,6390323.0,5087225.0,206523403.0,8.15,31.48,3991.0,3.094,former SOI methodology (2000-2021),"IRS SOI IRA table by age of taxpayer, TY2007, https://www.irs.gov/pub/irs-soi/07in04ira.xls",All IRA types combined (each taxpayer once). Taxpayers = primary+secondary taxpayers on filed returns in the age group. Owners = year-end FMV > 0. Native bands change: under-15/15-19 merged to under-20 from TY2022. Through TY2019 traditional contributions were barred at 70.5+ (SECURE Act removed the age cap from TY2020). Harmonised groups sum native bands. TY2022+ new SOI series.
2008,native,40 under 45,18988298.0,16594772.0,1480128.0,6216328.0,4904468.0,140755178.0,7.79,30.18,4200.0,4.416,former SOI methodology (2000-2021),"IRS SOI IRA table by age of taxpayer, TY2008, https://www.irs.gov/pub/irs-soi/08in04ira.xls",All IRA types combined (each taxpayer once). Taxpayers = primary+secondary taxpayers on filed returns in the age group. Owners = year-end FMV > 0. Native bands change: under-15/15-19 merged to under-20 from TY2022. Through TY2019 traditional contributions were barred at 70.5+ (SECURE Act removed the age cap from TY2020). Harmonised groups sum native bands. TY2022+ new SOI series.
2009,native,40 under 45,18579673.0,15978222.0,1298386.0,5067675.0,4775905.0,162176155.0,6.99,27.19,3903.0,3.125,former SOI methodology (2000-2021),"IRS SOI IRA table by age of taxpayer, TY2009, https://www.irs.gov/pub/irs-soi/09in04ira.xls",All IRA types combined (each taxpayer once). Taxpayers = primary+secondary taxpayers on filed returns in the age group. Owners = year-end FMV > 0. Native bands change: under-15/15-19 merged to under-20 from TY2022. Through TY2019 traditional contributions were barred at 70.5+ (SECURE Act removed the age cap from TY2020). Harmonised groups sum native bands. TY2022+ new SOI series.
2010,native,40 under 45,18789856.0,15826674.0,1220967.0,4975593.0,4697248.0,176972598.0,6.5,25.99,4075.0,2.812,former SOI methodology (2000-2021),"IRS SOI IRA table by age of taxpayer, TY2010, https://www.irs.gov/pub/irs-soi/10in04ira.xls",All IRA types combined (each taxpayer once). Taxpayers = primary+secondary taxpayers on filed returns in the age group. Owners = year-end FMV > 0. Native bands change: under-15/15-19 merged to under-20 from TY2022. Through TY2019 traditional contributions were barred at 70.5+ (SECURE Act removed the age cap from TY2020). Harmonised groups sum native bands. TY2022+ new SOI series.
2011,native,40 under 45,18761672.0,15765213.0,1222732.0,5077752.0,4690260.0,172901841.0,6.52,26.07,4153.0,2.937,former SOI methodology (2000-2021),"IRS SOI IRA table by age of taxpayer, TY2011, https://www.irs.gov/pub/irs-soi/11in04ira.xls",All IRA types combined (each taxpayer once). Taxpayers = primary+secondary taxpayers on filed returns in the age group. Owners = year-end FMV > 0. Native bands change: under-15/15-19 merged to under-20 from TY2022. Through TY2019 traditional contributions were barred at 70.5+ (SECURE Act removed the age cap from TY2020). Harmonised groups sum native bands. TY2022+ new SOI series.
2012,native,40 under 45,18503330.0,15983320.0,1264199.0,5178229.0,4592010.0,186844822.0,6.83,27.53,4096.0,2.771,former SOI methodology (2000-2021),"IRS SOI IRA table by age of taxpayer, TY2012, https://www.irs.gov/pub/irs-soi/12in04ira.xls",All IRA types combined (each taxpayer once). Taxpayers = primary+secondary taxpayers on filed returns in the age group. Owners = year-end FMV > 0. Native bands change: under-15/15-19 merged to under-20 from TY2022. Through TY2019 traditional contributions were barred at 70.5+ (SECURE Act removed the age cap from TY2020). Harmonised groups sum native bands. TY2022+ new SOI series.
2013,native,40 under 45,18400771.0,16002855.0,1317490.0,5522191.0,4580041.0,217487703.0,7.16,28.77,4191.0,2.539,former SOI methodology (2000-2021),"IRS SOI IRA table by age of taxpayer, TY2013, https://www.irs.gov/pub/irs-soi/13in04ira.xls",All IRA types combined (each taxpayer once). Taxpayers = primary+secondary taxpayers on filed returns in the age group. Owners = year-end FMV > 0. Native bands change: under-15/15-19 merged to under-20 from TY2022. Through TY2019 traditional contributions were barred at 70.5+ (SECURE Act removed the age cap from TY2020). Harmonised groups sum native bands. TY2022+ new SOI series.
2014,native,40 under 45,18060239.0,15692273.0,1283474.0,5759943.0,4464261.0,226283010.0,7.11,28.75,4488.0,2.545,former SOI methodology (2000-2021),"IRS SOI IRA table by age of taxpayer, TY2014, https://www.irs.gov/pub/irs-soi/14in04ira.xls",All IRA types combined (each taxpayer once). Taxpayers = primary+secondary taxpayers on filed returns in the age group. Owners = year-end FMV > 0. Native bands change: under-15/15-19 merged to under-20 from TY2022. Through TY2019 traditional contributions were barred at 70.5+ (SECURE Act removed the age cap from TY2020). Harmonised groups sum native bands. TY2022+ new SOI series.
2015,native,40 under 45,17777138.0,15468525.0,1309991.0,5765887.0,4479788.0,220195717.0,7.37,29.24,4401.0,2.619,former SOI methodology (2000-2021),"IRS SOI IRA table by age of taxpayer, TY2015, https://www.irs.gov/pub/irs-soi/15in04ira.xls",All IRA types combined (each taxpayer once). Taxpayers = primary+secondary taxpayers on filed returns in the age group. Owners = year-end FMV > 0. Native bands change: under-15/15-19 merged to under-20 from TY2022. Through TY2019 traditional contributions were barred at 70.5+ (SECURE Act removed the age cap from TY2020). Harmonised groups sum native bands. TY2022+ new SOI series.
2016,native,40 under 45,17266535.0,15157931.0,1262694.0,5522492.0,4398882.0,223282550.0,7.31,28.7,4374.0,2.473,former SOI methodology (2000-2021),"IRS SOI IRA table by age of taxpayer, TY2016, https://www.irs.gov/pub/irs-soi/16in04ira.xls",All IRA types combined (each taxpayer once). Taxpayers = primary+secondary taxpayers on filed returns in the age group. Owners = year-end FMV > 0. Native bands change: under-15/15-19 merged to under-20 from TY2022. Through TY2019 traditional contributions were barred at 70.5+ (SECURE Act removed the age cap from TY2020). Harmonised groups sum native bands. TY2022+ new SOI series.
2017,native,40 under 45,17329337.0,15248654.0,1335107.0,6003349.0,4401338.0,256526996.0,7.7,30.33,4497.0,2.34,former SOI methodology (2000-2021),"IRS SOI IRA table by age of taxpayer, TY2017, https://www.irs.gov/pub/irs-soi/17in04ira.xlsx",All IRA types combined (each taxpayer once). Taxpayers = primary+secondary taxpayers on filed returns in the age group. Owners = year-end FMV > 0. Native bands change: under-15/15-19 merged to under-20 from TY2022. Through TY2019 traditional contributions were barred at 70.5+ (SECURE Act removed the age cap from TY2020). Harmonised groups sum native bands. TY2022+ new SOI series.
2018,native,40 under 45,17361094.0,15294428.0,1364998.0,6057961.0,4407393.0,239089620.0,7.86,30.97,4438.0,2.534,former SOI methodology (2000-2021),"IRS SOI IRA table by age of taxpayer, TY2018, https://www.irs.gov/pub/irs-soi/18in04ira.xlsx",All IRA types combined (each taxpayer once). Taxpayers = primary+secondary taxpayers on filed returns in the age group. Owners = year-end FMV > 0. Native bands change: under-15/15-19 merged to under-20 from TY2022. Through TY2019 traditional contributions were barred at 70.5+ (SECURE Act removed the age cap from TY2020). Harmonised groups sum native bands. TY2022+ new SOI series.
2019,native,40 under 45,18020194.0,15876393.0,1498168.0,6930057.0,4517966.0,281536070.0,8.31,33.16,4626.0,2.462,former SOI methodology (2000-2021),"IRS SOI IRA table by age of taxpayer, TY2019, https://www.irs.gov/pub/irs-soi/19in04ira.xlsx",All IRA types combined (each taxpayer once). Taxpayers = primary+secondary taxpayers on filed returns in the age group. Owners = year-end FMV > 0. Native bands change: under-15/15-19 merged to under-20 from TY2022. Through TY2019 traditional contributions were barred at 70.5+ (SECURE Act removed the age cap from TY2020). Harmonised groups sum native bands. TY2022+ new SOI series.
2020,native,40 under 45,18918579.0,16284715.0,1753178.0,8309364.0,4832698.0,332900052.0,9.27,36.28,4740.0,2.496,former SOI methodology (2000-2021),"IRS SOI IRA table by age of taxpayer, TY2020, https://www.irs.gov/pub/irs-soi/20in04ira.xlsx",All IRA types combined (each taxpayer once). Taxpayers = primary+secondary taxpayers on filed returns in the age group. Owners = year-end FMV > 0. Native bands change: under-15/15-19 merged to under-20 from TY2022. Through TY2019 traditional contributions were barred at 70.5+ (SECURE Act removed the age cap from TY2020). Harmonised groups sum native bands. TY2022+ new SOI series.
2021,native,40 under 45,18778288.0,16267902.0,1844418.0,8962488.0,5015244.0,386078158.0,9.82,36.78,4859.0,2.321,former SOI methodology (2000-2021),"IRS SOI IRA table by age of taxpayer, TY2021, https://www.irs.gov/pub/irs-soi/21in04ira.xlsx",All IRA types combined (each taxpayer once). Taxpayers = primary+secondary taxpayers on filed returns in the age group. Owners = year-end FMV > 0. Native bands change: under-15/15-19 merged to under-20 from TY2022. Through TY2019 traditional contributions were barred at 70.5+ (SECURE Act removed the age cap from TY2020). Harmonised groups sum native bands. TY2022+ new SOI series.
2022,native,40 under 45,19077792.0,18315672.0,1873622.0,8759207.0,5182085.0,322969086.0,9.82,36.16,4675.0,2.712,new SOI methodology (2022+),"IRS SOI IRA table by age of taxpayer, TY2022, https://www.irs.gov/pub/irs-soi/22in04ira.xlsx",All IRA types combined (each taxpayer once). Taxpayers = primary+secondary taxpayers on filed returns in the age group. Owners = year-end FMV > 0. Native bands change: under-15/15-19 merged to under-20 from TY2022. Through TY2019 traditional contributions were barred at 70.5+ (SECURE Act removed the age cap from TY2020). Harmonised groups sum native bands. TY2022+ new SOI series.
2023,native,40 under 45,19314416.0,18614495.0,1895865.0,9361240.0,5347962.0,366494305.0,9.82,35.45,4938.0,2.554,new SOI methodology (2022+),"IRS SOI IRA table by age of taxpayer, TY2023, https://www.irs.gov/pub/irs-soi/23in04ira.xlsx",All IRA types combined (each taxpayer once). Taxpayers = primary+secondary taxpayers on filed returns in the age group. Owners = year-end FMV > 0. Native bands change: under-15/15-19 merged to under-20 from TY2022. Through TY2019 traditional contributions were barred at 70.5+ (SECURE Act removed the age cap from TY2020). Harmonised groups sum native bands. TY2022+ new SOI series.
2000,native,45 under 50,18368612.6,18057043.68,2150417.74,5932029.1,5796963.51,245016726.0,11.71,37.1,2759.0,2.421,former SOI methodology (2000-2021),"IRS SOI IRA table by age of taxpayer, TY2000, https://www.irs.gov/pub/irs-soi/00in05ir.xls",All IRA types combined (each taxpayer once). Taxpayers = primary+secondary taxpayers on filed returns in the age group. Owners = year-end FMV > 0. Native bands change: under-15/15-19 merged to under-20 from TY2022. Through TY2019 traditional contributions were barred at 70.5+ (SECURE Act removed the age cap from TY2020). Harmonised groups sum native bands. TY2022+ new SOI series.
2001,native,45 under 50,19118718.0,17427101.0,2116059.0,5566059.0,6106377.0,226530963.0,11.07,34.65,2630.0,2.457,former SOI methodology (2000-2021),"IRS SOI IRA table by age of taxpayer, TY2001, https://www.irs.gov/pub/irs-soi/01in05ira.xls",All IRA types combined (each taxpayer once). Taxpayers = primary+secondary taxpayers on filed returns in the age group. Owners = year-end FMV > 0. Native bands change: under-15/15-19 merged to under-20 from TY2022. Through TY2019 traditional contributions were barred at 70.5+ (SECURE Act removed the age cap from TY2020). Harmonised groups sum native bands. TY2022+ new SOI series.
2002,native,45 under 50,19423142.0,17151424.0,2094881.0,6585847.0,6256480.0,201965751.0,10.79,33.48,3144.0,3.261,former SOI methodology (2000-2021),"IRS SOI IRA table by age of taxpayer, TY2002, https://www.irs.gov/pub/irs-soi/02in10ira.xls",All IRA types combined (each taxpayer once). Taxpayers = primary+secondary taxpayers on filed returns in the age group. Owners = year-end FMV > 0. Native bands change: under-15/15-19 merged to under-20 from TY2022. Through TY2019 traditional contributions were barred at 70.5+ (SECURE Act removed the age cap from TY2020). Harmonised groups sum native bands. TY2022+ new SOI series.
2004,native,45 under 50,20421625.0,18049178.0,2129986.0,7263563.0,6200359.0,238057778.0,10.43,34.35,3410.0,3.051,former SOI methodology (2000-2021),"IRS SOI IRA table by age of taxpayer, TY2004, https://www.irs.gov/pub/irs-soi/04in04ira.xls",All IRA types combined (each taxpayer once). Taxpayers = primary+secondary taxpayers on filed returns in the age group. Owners = year-end FMV > 0. Native bands change: under-15/15-19 merged to under-20 from TY2022. Through TY2019 traditional contributions were barred at 70.5+ (SECURE Act removed the age cap from TY2020). Harmonised groups sum native bands. TY2022+ new SOI series.
2005,native,45 under 50,19897273.0,17544257.0,1991811.0,7986042.0,6048927.0,268126909.0,10.01,32.93,4009.0,2.978,former SOI methodology (2000-2021),"IRS SOI IRA table by age of taxpayer, TY2005, https://www.irs.gov/pub/irs-soi/05in04ira.xls",All IRA types combined (each taxpayer once). Taxpayers = primary+secondary taxpayers on filed returns in the age group. Owners = year-end FMV > 0. Native bands change: under-15/15-19 merged to under-20 from TY2022. Through TY2019 traditional contributions were barred at 70.5+ (SECURE Act removed the age cap from TY2020). Harmonised groups sum native bands. TY2022+ new SOI series.
2006,native,45 under 50,20088954.0,17691416.0,1970832.0,8150938.0,6233714.0,323611912.0,9.81,31.62,4136.0,2.519,former SOI methodology (2000-2021),"IRS SOI IRA table by age of taxpayer, TY2006, https://www.irs.gov/pub/irs-soi/06in04ira.xls",All IRA types combined (each taxpayer once). Taxpayers = primary+secondary taxpayers on filed returns in the age group. Owners = year-end FMV > 0. Native bands change: under-15/15-19 merged to under-20 from TY2022. Through TY2019 traditional contributions were barred at 70.5+ (SECURE Act removed the age cap from TY2020). Harmonised groups sum native bands. TY2022+ new SOI series.
2007,native,45 under 50,20547864.0,18109290.0,1939424.0,7921738.0,6314914.0,348692386.0,9.44,30.71,4085.0,2.272,former SOI methodology (2000-2021),"IRS SOI IRA table by age of taxpayer, TY2007, https://www.irs.gov/pub/irs-soi/07in04ira.xls",All IRA types combined (each taxpayer once). Taxpayers = primary+secondary taxpayers on filed returns in the age group. Owners = year-end FMV > 0. Native bands change: under-15/15-19 merged to under-20 from TY2022. Through TY2019 traditional contributions were barred at 70.5+ (SECURE Act removed the age cap from TY2020). Harmonised groups sum native bands. TY2022+ new SOI series.
2008,native,45 under 50,20218546.0,17762990.0,1674181.0,7147306.0,6140318.0,247150380.0,8.28,27.27,4269.0,2.892,former SOI methodology (2000-2021),"IRS SOI IRA table by age of taxpayer, TY2008, https://www.irs.gov/pub/irs-soi/08in04ira.xls",All IRA types combined (each taxpayer once). Taxpayers = primary+secondary taxpayers on filed returns in the age group. Owners = year-end FMV > 0. Native bands change: under-15/15-19 merged to under-20 from TY2022. Through TY2019 traditional contributions were barred at 70.5+ (SECURE Act removed the age cap from TY2020). Harmonised groups sum native bands. TY2022+ new SOI series.
2009,native,45 under 50,20071076.0,17413152.0,1507445.0,6276552.0,6058855.0,287688483.0,7.51,24.88,4164.0,2.182,former SOI methodology (2000-2021),"IRS SOI IRA table by age of taxpayer, TY2009, https://www.irs.gov/pub/irs-soi/09in04ira.xls",All IRA types combined (each taxpayer once). Taxpayers = primary+secondary taxpayers on filed returns in the age group. Owners = year-end FMV > 0. Native bands change: under-15/15-19 merged to under-20 from TY2022. Through TY2019 traditional contributions were barred at 70.5+ (SECURE Act removed the age cap from TY2020). Harmonised groups sum native bands. TY2022+ new SOI series.
2010,native,45 under 50,19770639.0,16753367.0,1424331.0,6373344.0,5796971.0,315379000.0,7.2,24.57,4475.0,2.021,former SOI methodology (2000-2021),"IRS SOI IRA table by age of taxpayer, TY2010, https://www.irs.gov/pub/irs-soi/10in04ira.xls",All IRA types combined (each taxpayer once). Taxpayers = primary+secondary taxpayers on filed returns in the age group. Owners = year-end FMV > 0. Native bands change: under-15/15-19 merged to under-20 from TY2022. Through TY2019 traditional contributions were barred at 70.5+ (SECURE Act removed the age cap from TY2020). Harmonised groups sum native bands. TY2022+ new SOI series.
2011,native,45 under 50,19435432.0,16463636.0,1364281.0,6086386.0,5589609.0,292247955.0,7.02,24.41,4461.0,2.083,former SOI methodology (2000-2021),"IRS SOI IRA table by age of taxpayer, TY2011, https://www.irs.gov/pub/irs-soi/11in04ira.xls",All IRA types combined (each taxpayer once). Taxpayers = primary+secondary taxpayers on filed returns in the age group. Owners = year-end FMV > 0. Native bands change: under-15/15-19 merged to under-20 from TY2022. Through TY2019 traditional contributions were barred at 70.5+ (SECURE Act removed the age cap from TY2020). Harmonised groups sum native bands. TY2022+ new SOI series.
2012,native,45 under 50,18812370.0,16327194.0,1448562.0,6602853.0,5543900.0,322955985.0,7.7,26.13,4558.0,2.045,former SOI methodology (2000-2021),"IRS SOI IRA table by age of taxpayer, TY2012, https://www.irs.gov/pub/irs-soi/12in04ira.xls",All IRA types combined (each taxpayer once). Taxpayers = primary+secondary taxpayers on filed returns in the age group. Owners = year-end FMV > 0. Native bands change: under-15/15-19 merged to under-20 from TY2022. Through TY2019 traditional contributions were barred at 70.5+ (SECURE Act removed the age cap from TY2020). Harmonised groups sum native bands. TY2022+ new SOI series.
2013,native,45 under 50,18503485.0,16019279.0,1424147.0,6827244.0,5389786.0,361723332.0,7.7,26.42,4794.0,1.887,former SOI methodology (2000-2021),"IRS SOI IRA table by age of taxpayer, TY2013, https://www.irs.gov/pub/irs-soi/13in04ira.xls",All IRA types combined (each taxpayer once). Taxpayers = primary+secondary taxpayers on filed returns in the age group. Owners = year-end FMV > 0. Native bands change: under-15/15-19 merged to under-20 from TY2022. Through TY2019 traditional contributions were barred at 70.5+ (SECURE Act removed the age cap from TY2020). Harmonised groups sum native bands. TY2022+ new SOI series.
2014,native,45 under 50,18176446.0,15832966.0,1421832.0,6804796.0,5249776.0,369873284.0,7.82,27.08,4786.0,1.84,former SOI methodology (2000-2021),"IRS SOI IRA table by age of taxpayer, TY2014, https://www.irs.gov/pub/irs-soi/14in04ira.xls",All IRA types combined (each taxpayer once). Taxpayers = primary+secondary taxpayers on filed returns in the age group. Owners = year-end FMV > 0. Native bands change: under-15/15-19 merged to under-20 from TY2022. Through TY2019 traditional contributions were barred at 70.5+ (SECURE Act removed the age cap from TY2020). Harmonised groups sum native bands. TY2022+ new SOI series.
2015,native,45 under 50,18170388.0,15846743.0,1388399.0,6906443.0,5187546.0,369877729.0,7.64,26.76,4974.0,1.867,former SOI methodology (2000-2021),"IRS SOI IRA table by age of taxpayer, TY2015, https://www.irs.gov/pub/irs-soi/15in04ira.xls",All IRA types combined (each taxpayer once). Taxpayers = primary+secondary taxpayers on filed returns in the age group. Owners = year-end FMV > 0. Native bands change: under-15/15-19 merged to under-20 from TY2022. Through TY2019 traditional contributions were barred at 70.5+ (SECURE Act removed the age cap from TY2020). Harmonised groups sum native bands. TY2022+ new SOI series.
2016,native,45 under 50,18040822.0,15836158.0,1447751.0,7200938.0,5246969.0,391291045.0,8.02,27.59,4974.0,1.84,former SOI methodology (2000-2021),"IRS SOI IRA table by age of taxpayer, TY2016, https://www.irs.gov/pub/irs-soi/16in04ira.xls",All IRA types combined (each taxpayer once). Taxpayers = primary+secondary taxpayers on filed returns in the age group. Owners = year-end FMV > 0. Native bands change: under-15/15-19 merged to under-20 from TY2022. Through TY2019 traditional contributions were barred at 70.5+ (SECURE Act removed the age cap from TY2020). Harmonised groups sum native bands. TY2022+ new SOI series.
2017,native,45 under 50,18038259.0,15861053.0,1476826.0,7518816.0,5195057.0,440626122.0,8.19,28.43,5091.0,1.706,former SOI methodology (2000-2021),"IRS SOI IRA table by age of taxpayer, TY2017, https://www.irs.gov/pub/irs-soi/17in04ira.xlsx",All IRA types combined (each taxpayer once). Taxpayers = primary+secondary taxpayers on filed returns in the age group. Owners = year-end FMV > 0. Native bands change: under-15/15-19 merged to under-20 from TY2022. Through TY2019 traditional contributions were barred at 70.5+ (SECURE Act removed the age cap from TY2020). Harmonised groups sum native bands. TY2022+ new SOI series.
2018,native,45 under 50,17989651.0,15830985.0,1457469.0,7055258.0,5220946.0,400071898.0,8.1,27.92,4841.0,1.763,former SOI methodology (2000-2021),"IRS SOI IRA table by age of taxpayer, TY2018, https://www.irs.gov/pub/irs-soi/18in04ira.xlsx",All IRA types combined (each taxpayer once). Taxpayers = primary+secondary taxpayers on filed returns in the age group. Owners = year-end FMV > 0. Native bands change: under-15/15-19 merged to under-20 from TY2022. Through TY2019 traditional contributions were barred at 70.5+ (SECURE Act removed the age cap from TY2020). Harmonised groups sum native bands. TY2022+ new SOI series.
2019,native,45 under 50,18050268.0,15885181.0,1512474.0,7407841.0,5157544.0,469574814.0,8.38,29.33,4898.0,1.578,former SOI methodology (2000-2021),"IRS SOI IRA table by age of taxpayer, TY2019, https://www.irs.gov/pub/irs-soi/19in04ira.xlsx",All IRA types combined (each taxpayer once). Taxpayers = primary+secondary taxpayers on filed returns in the age group. Owners = year-end FMV > 0. Native bands change: under-15/15-19 merged to under-20 from TY2022. Through TY2019 traditional contributions were barred at 70.5+ (SECURE Act removed the age cap from TY2020). Harmonised groups sum native bands. TY2022+ new SOI series.
2020,native,45 under 50,18132526.0,15592507.0,1605483.0,7788459.0,5154152.0,623954407.0,8.85,31.15,4851.0,1.248,former SOI methodology (2000-2021),"IRS SOI IRA table by age of taxpayer, TY2020, https://www.irs.gov/pub/irs-soi/20in04ira.xlsx",All IRA types combined (each taxpayer once). Taxpayers = primary+secondary taxpayers on filed returns in the age group. Owners = year-end FMV > 0. Native bands change: under-15/15-19 merged to under-20 from TY2022. Through TY2019 traditional contributions were barred at 70.5+ (SECURE Act removed the age cap from TY2020). Harmonised groups sum native bands. TY2022+ new SOI series.
2021,native,45 under 50,17126858.0,14820879.0,1660190.0,8347017.0,5141014.0,599781894.0,9.69,32.29,5028.0,1.392,former SOI methodology (2000-2021),"IRS SOI IRA table by age of taxpayer, TY2021, https://www.irs.gov/pub/irs-soi/21in04ira.xlsx",All IRA types combined (each taxpayer once). Taxpayers = primary+secondary taxpayers on filed returns in the age group. Owners = year-end FMV > 0. Native bands change: under-15/15-19 merged to under-20 from TY2022. Through TY2019 traditional contributions were barred at 70.5+ (SECURE Act removed the age cap from TY2020). Harmonised groups sum native bands. TY2022+ new SOI series.
2022,native,45 under 50,17283673.0,16554344.0,1694136.0,8508827.0,5349637.0,503320935.0,9.8,31.67,5023.0,1.691,new SOI methodology (2022+),"IRS SOI IRA table by age of taxpayer, TY2022, https://www.irs.gov/pub/irs-soi/22in04ira.xlsx",All IRA types combined (each taxpayer once). Taxpayers = primary+secondary taxpayers on filed returns in the age group. Owners = year-end FMV > 0. Native bands change: under-15/15-19 merged to under-20 from TY2022. Through TY2019 traditional contributions were barred at 70.5+ (SECURE Act removed the age cap from TY2020). Harmonised groups sum native bands. TY2022+ new SOI series.
2023,native,45 under 50,17183690.0,16552455.0,1732630.0,8798373.0,5424030.0,573333749.0,10.08,31.94,5078.0,1.535,new SOI methodology (2022+),"IRS SOI IRA table by age of taxpayer, TY2023, https://www.irs.gov/pub/irs-soi/23in04ira.xlsx",All IRA types combined (each taxpayer once). Taxpayers = primary+secondary taxpayers on filed returns in the age group. Owners = year-end FMV > 0. Native bands change: under-15/15-19 merged to under-20 from TY2022. Through TY2019 traditional contributions were barred at 70.5+ (SECURE Act removed the age cap from TY2020). Harmonised groups sum native bands. TY2022+ new SOI series.
2000,native,50 under 55,15710818.3,15267988.31,2030213.64,5705170.99,5705589.2,322339281.0,12.92,35.58,2810.0,1.77,former SOI methodology (2000-2021),"IRS SOI IRA table by age of taxpayer, TY2000, https://www.irs.gov/pub/irs-soi/00in05ir.xls",All IRA types combined (each taxpayer once). Taxpayers = primary+secondary taxpayers on filed returns in the age group. Owners = year-end FMV > 0. Native bands change: under-15/15-19 merged to under-20 from TY2022. Through TY2019 traditional contributions were barred at 70.5+ (SECURE Act removed the age cap from TY2020). Harmonised groups sum native bands. TY2022+ new SOI series.
2001,native,50 under 55,16314243.0,14415974.0,2111875.0,5669462.0,6128152.0,312865394.0,12.94,34.46,2685.0,1.812,former SOI methodology (2000-2021),"IRS SOI IRA table by age of taxpayer, TY2001, https://www.irs.gov/pub/irs-soi/01in05ira.xls",All IRA types combined (each taxpayer once). Taxpayers = primary+secondary taxpayers on filed returns in the age group. Owners = year-end FMV > 0. Native bands change: under-15/15-19 merged to under-20 from TY2022. Through TY2019 traditional contributions were barred at 70.5+ (SECURE Act removed the age cap from TY2020). Harmonised groups sum native bands. TY2022+ new SOI series.
2002,native,50 under 55,16543783.0,14145098.0,2095077.0,7088401.0,6269258.0,291905922.0,12.66,33.42,3383.0,2.428,former SOI methodology (2000-2021),"IRS SOI IRA table by age of taxpayer, TY2002, https://www.irs.gov/pub/irs-soi/02in10ira.xls",All IRA types combined (each taxpayer once). Taxpayers = primary+secondary taxpayers on filed returns in the age group. Owners = year-end FMV > 0. Native bands change: under-15/15-19 merged to under-20 from TY2022. Through TY2019 traditional contributions were barred at 70.5+ (SECURE Act removed the age cap from TY2020). Harmonised groups sum native bands. TY2022+ new SOI series.
2004,native,50 under 55,18231125.0,15923110.0,2231785.0,8200025.0,6663442.0,361996921.0,12.24,33.49,3674.0,2.265,former SOI methodology (2000-2021),"IRS SOI IRA table by age of taxpayer, TY2004, https://www.irs.gov/pub/irs-soi/04in04ira.xls",All IRA types combined (each taxpayer once). Taxpayers = primary+secondary taxpayers on filed returns in the age group. Owners = year-end FMV > 0. Native bands change: under-15/15-19 merged to under-20 from TY2022. Through TY2019 traditional contributions were barred at 70.5+ (SECURE Act removed the age cap from TY2020). Harmonised groups sum native bands. TY2022+ new SOI series.
2005,native,50 under 55,18035855.0,15712003.0,2100523.0,9230668.0,6380598.0,377432864.0,11.65,32.92,4394.0,2.446,former SOI methodology (2000-2021),"IRS SOI IRA table by age of taxpayer, TY2005, https://www.irs.gov/pub/irs-soi/05in04ira.xls",All IRA types combined (each taxpayer once). Taxpayers = primary+secondary taxpayers on filed returns in the age group. Owners = year-end FMV > 0. Native bands change: under-15/15-19 merged to under-20 from TY2022. Through TY2019 traditional contributions were barred at 70.5+ (SECURE Act removed the age cap from TY2020). Harmonised groups sum native bands. TY2022+ new SOI series.
2006,native,50 under 55,18492036.0,16035876.0,2096359.0,9845267.0,6679833.0,461251656.0,11.34,31.38,4696.0,2.134,former SOI methodology (2000-2021),"IRS SOI IRA table by age of taxpayer, TY2006, https://www.irs.gov/pub/irs-soi/06in04ira.xls",All IRA types combined (each taxpayer once). Taxpayers = primary+secondary taxpayers on filed returns in the age group. Owners = year-end FMV > 0. Native bands change: under-15/15-19 merged to under-20 from TY2022. Through TY2019 traditional contributions were barred at 70.5+ (SECURE Act removed the age cap from TY2020). Harmonised groups sum native bands. TY2022+ new SOI series.
2007,native,50 under 55,19225010.0,16666115.0,2142266.0,10467913.0,6912495.0,514110758.0,11.14,30.99,4886.0,2.036,former SOI methodology (2000-2021),"IRS SOI IRA table by age of taxpayer, TY2007, https://www.irs.gov/pub/irs-soi/07in04ira.xls",All IRA types combined (each taxpayer once). Taxpayers = primary+secondary taxpayers on filed returns in the age group. Owners = year-end FMV > 0. Native bands change: under-15/15-19 merged to under-20 from TY2022. Through TY2019 traditional contributions were barred at 70.5+ (SECURE Act removed the age cap from TY2020). Harmonised groups sum native bands. TY2022+ new SOI series.
2008,native,50 under 55,19107565.0,16530798.0,1854488.0,9452501.0,6893137.0,374923415.0,9.71,26.9,5097.0,2.521,former SOI methodology (2000-2021),"IRS SOI IRA table by age of taxpayer, TY2008, https://www.irs.gov/pub/irs-soi/08in04ira.xls",All IRA types combined (each taxpayer once). Taxpayers = primary+secondary taxpayers on filed returns in the age group. Owners = year-end FMV > 0. Native bands change: under-15/15-19 merged to under-20 from TY2022. Through TY2019 traditional contributions were barred at 70.5+ (SECURE Act removed the age cap from TY2020). Harmonised groups sum native bands. TY2022+ new SOI series.
2009,native,50 under 55,19282645.0,16412684.0,1685187.0,8391672.0,6855812.0,457092901.0,8.74,24.58,4980.0,1.836,former SOI methodology (2000-2021),"IRS SOI IRA table by age of taxpayer, TY2009, https://www.irs.gov/pub/irs-soi/09in04ira.xls",All IRA types combined (each taxpayer once). Taxpayers = primary+secondary taxpayers on filed returns in the age group. Owners = year-end FMV > 0. Native bands change: under-15/15-19 merged to under-20 from TY2022. Through TY2019 traditional contributions were barred at 70.5+ (SECURE Act removed the age cap from TY2020). Harmonised groups sum native bands. TY2022+ new SOI series.
2010,native,50 under 55,19553706.0,16149338.0,1616601.0,8208863.0,6745970.0,496102528.0,8.27,23.96,5078.0,1.655,former SOI methodology (2000-2021),"IRS SOI IRA table by age of taxpayer, TY2010, https://www.irs.gov/pub/irs-soi/10in04ira.xls",All IRA types combined (each taxpayer once). Taxpayers = primary+secondary taxpayers on filed returns in the age group. Owners = year-end FMV > 0. Native bands change: under-15/15-19 merged to under-20 from TY2022. Through TY2019 traditional contributions were barred at 70.5+ (SECURE Act removed the age cap from TY2020). Harmonised groups sum native bands. TY2022+ new SOI series.
2011,native,50 under 55,19564022.0,16224762.0,1560798.0,7590163.0,6681519.0,473468820.0,7.98,23.36,4863.0,1.603,former SOI methodology (2000-2021),"IRS SOI IRA table by age of taxpayer, TY2011, https://www.irs.gov/pub/irs-soi/11in04ira.xls",All IRA types combined (each taxpayer once). Taxpayers = primary+secondary taxpayers on filed returns in the age group. Owners = year-end FMV > 0. Native bands change: under-15/15-19 merged to under-20 from TY2022. Through TY2019 traditional contributions were barred at 70.5+ (SECURE Act removed the age cap from TY2020). Harmonised groups sum native bands. TY2022+ new SOI series.
2012,native,50 under 55,19461526.0,16621628.0,1660968.0,8364015.0,6660036.0,523895687.0,8.53,24.94,5036.0,1.597,former SOI methodology (2000-2021),"IRS SOI IRA table by age of taxpayer, TY2012, https://www.irs.gov/pub/irs-soi/12in04ira.xls",All IRA types combined (each taxpayer once). Taxpayers = primary+secondary taxpayers on filed returns in the age group. Owners = year-end FMV > 0. Native bands change: under-15/15-19 merged to under-20 from TY2022. Through TY2019 traditional contributions were barred at 70.5+ (SECURE Act removed the age cap from TY2020). Harmonised groups sum native bands. TY2022+ new SOI series.
2013,native,50 under 55,19461096.0,16720323.0,1693544.0,8978117.0,6609664.0,608664425.0,8.7,25.62,5301.0,1.475,former SOI methodology (2000-2021),"IRS SOI IRA table by age of taxpayer, TY2013, https://www.irs.gov/pub/irs-soi/13in04ira.xls",All IRA types combined (each taxpayer once). Taxpayers = primary+secondary taxpayers on filed returns in the age group. Owners = year-end FMV > 0. Native bands change: under-15/15-19 merged to under-20 from TY2022. Through TY2019 traditional contributions were barred at 70.5+ (SECURE Act removed the age cap from TY2020). Harmonised groups sum native bands. TY2022+ new SOI series.
2014,native,50 under 55,19572439.0,16802052.0,1697191.0,9102656.0,6540500.0,618309379.0,8.67,25.95,5363.0,1.472,former SOI methodology (2000-2021),"IRS SOI IRA table by age of taxpayer, TY2014, https://www.irs.gov/pub/irs-soi/14in04ira.xls",All IRA types combined (each taxpayer once). Taxpayers = primary+secondary taxpayers on filed returns in the age group. Owners = year-end FMV > 0. Native bands change: under-15/15-19 merged to under-20 from TY2022. Through TY2019 traditional contributions were barred at 70.5+ (SECURE Act removed the age cap from TY2020). Harmonised groups sum native bands. TY2022+ new SOI series.
2015,native,50 under 55,19031314.0,16351408.0,1644387.0,9046637.0,6340324.0,604035883.0,8.64,25.94,5502.0,1.498,former SOI methodology (2000-2021),"IRS SOI IRA table by age of taxpayer, TY2015, https://www.irs.gov/pub/irs-soi/15in04ira.xls",All IRA types combined (each taxpayer once). Taxpayers = primary+secondary taxpayers on filed returns in the age group. Owners = year-end FMV > 0. Native bands change: under-15/15-19 merged to under-20 from TY2022. Through TY2019 traditional contributions were barred at 70.5+ (SECURE Act removed the age cap from TY2020). Harmonised groups sum native bands. TY2022+ new SOI series.
2016,native,50 under 55,18417914.0,15986951.0,1602790.0,9034671.0,6093338.0,609045327.0,8.7,26.3,5637.0,1.483,former SOI methodology (2000-2021),"IRS SOI IRA table by age of taxpayer, TY2016, https://www.irs.gov/pub/irs-soi/16in04ira.xls",All IRA types combined (each taxpayer once). Taxpayers = primary+secondary taxpayers on filed returns in the age group. Owners = year-end FMV > 0. Native bands change: under-15/15-19 merged to under-20 from TY2022. Through TY2019 traditional contributions were barred at 70.5+ (SECURE Act removed the age cap from TY2020). Harmonised groups sum native bands. TY2022+ new SOI series.
2017,native,50 under 55,18132321.0,15726179.0,1614606.0,9228860.0,6065867.0,686671161.0,8.9,26.62,5716.0,1.344,former SOI methodology (2000-2021),"IRS SOI IRA table by age of taxpayer, TY2017, https://www.irs.gov/pub/irs-soi/17in04ira.xlsx",All IRA types combined (each taxpayer once). Taxpayers = primary+secondary taxpayers on filed returns in the age group. Owners = year-end FMV > 0. Native bands change: under-15/15-19 merged to under-20 from TY2022. Through TY2019 traditional contributions were barred at 70.5+ (SECURE Act removed the age cap from TY2020). Harmonised groups sum native bands. TY2022+ new SOI series.
2018,native,50 under 55,17776177.0,15441720.0,1598669.0,9177903.0,5867745.0,635508155.0,8.99,27.25,5741.0,1.444,former SOI methodology (2000-2021),"IRS SOI IRA table by age of taxpayer, TY2018, https://www.irs.gov/pub/irs-soi/18in04ira.xlsx",All IRA types combined (each taxpayer once). Taxpayers = primary+secondary taxpayers on filed returns in the age group. Owners = year-end FMV > 0. Native bands change: under-15/15-19 merged to under-20 from TY2022. Through TY2019 traditional contributions were barred at 70.5+ (SECURE Act removed the age cap from TY2020). Harmonised groups sum native bands. TY2022+ new SOI series.
2019,native,50 under 55,17938211.0,15594168.0,1578581.0,9452196.0,5820220.0,751737657.0,8.8,27.12,5988.0,1.257,former SOI methodology (2000-2021),"IRS SOI IRA table by age of taxpayer, TY2019, https://www.irs.gov/pub/irs-soi/19in04ira.xlsx",All IRA types combined (each taxpayer once). Taxpayers = primary+secondary taxpayers on filed returns in the age group. Owners = year-end FMV > 0. Native bands change: under-15/15-19 merged to under-20 from TY2022. Through TY2019 traditional contributions were barred at 70.5+ (SECURE Act removed the age cap from TY2020). Harmonised groups sum native bands. TY2022+ new SOI series.
2020,native,50 under 55,18216733.0,15417910.0,1737795.0,10144159.0,5905409.0,877080992.0,9.54,29.43,5837.0,1.157,former SOI methodology (2000-2021),"IRS SOI IRA table by age of taxpayer, TY2020, https://www.irs.gov/pub/irs-soi/20in04ira.xlsx",All IRA types combined (each taxpayer once). Taxpayers = primary+secondary taxpayers on filed returns in the age group. Owners = year-end FMV > 0. Native bands change: under-15/15-19 merged to under-20 from TY2022. Through TY2019 traditional contributions were barred at 70.5+ (SECURE Act removed the age cap from TY2020). Harmonised groups sum native bands. TY2022+ new SOI series.
2021,native,50 under 55,17708133.0,15187238.0,1894700.0,11361688.0,6098597.0,1010805094.0,10.7,31.07,5997.0,1.124,former SOI methodology (2000-2021),"IRS SOI IRA table by age of taxpayer, TY2021, https://www.irs.gov/pub/irs-soi/21in04ira.xlsx",All IRA types combined (each taxpayer once). Taxpayers = primary+secondary taxpayers on filed returns in the age group. Owners = year-end FMV > 0. Native bands change: under-15/15-19 merged to under-20 from TY2022. Through TY2019 traditional contributions were barred at 70.5+ (SECURE Act removed the age cap from TY2020). Harmonised groups sum native bands. TY2022+ new SOI series.
2022,native,50 under 55,17723148.0,16848201.0,1800836.0,10385765.0,6108126.0,806902444.0,10.16,29.48,5767.0,1.287,new SOI methodology (2022+),"IRS SOI IRA table by age of taxpayer, TY2022, https://www.irs.gov/pub/irs-soi/22in04ira.xlsx",All IRA types combined (each taxpayer once). Taxpayers = primary+secondary taxpayers on filed returns in the age group. Owners = year-end FMV > 0. Native bands change: under-15/15-19 merged to under-20 from TY2022. Through TY2019 traditional contributions were barred at 70.5+ (SECURE Act removed the age cap from TY2020). Harmonised groups sum native bands. TY2022+ new SOI series.
2023,native,50 under 55,17510983.0,16724097.0,1778929.0,10368498.0,6060124.0,886325486.0,10.16,29.35,5829.0,1.17,new SOI methodology (2022+),"IRS SOI IRA table by age of taxpayer, TY2023, https://www.irs.gov/pub/irs-soi/23in04ira.xlsx",All IRA types combined (each taxpayer once). Taxpayers = primary+secondary taxpayers on filed returns in the age group. Owners = year-end FMV > 0. Native bands change: under-15/15-19 merged to under-20 from TY2022. Through TY2019 traditional contributions were barred at 70.5+ (SECURE Act removed the age cap from TY2020). Harmonised groups sum native bands. TY2022+ new SOI series.
2000,native,55 under 60,12074760.4,11366597.57,1683922.6,4413832.96,5116790.07,377874926.0,13.95,32.91,2621.0,1.168,former SOI methodology (2000-2021),"IRS SOI IRA table by age of taxpayer, TY2000, https://www.irs.gov/pub/irs-soi/00in05ir.xls",All IRA types combined (each taxpayer once). Taxpayers = primary+secondary taxpayers on filed returns in the age group. Owners = year-end FMV > 0. Native bands change: under-15/15-19 merged to under-20 from TY2022. Through TY2019 traditional contributions were barred at 70.5+ (SECURE Act removed the age cap from TY2020). Harmonised groups sum native bands. TY2022+ new SOI series.
2001,native,55 under 60,12788019.0,11028529.0,1751129.0,4537942.0,5466028.0,386734391.0,13.69,32.04,2591.0,1.173,former SOI methodology (2000-2021),"IRS SOI IRA table by age of taxpayer, TY2001, https://www.irs.gov/pub/irs-soi/01in05ira.xls",All IRA types combined (each taxpayer once). Taxpayers = primary+secondary taxpayers on filed returns in the age group. Owners = year-end FMV > 0. Native bands change: under-15/15-19 merged to under-20 from TY2022. Through TY2019 traditional contributions were barred at 70.5+ (SECURE Act removed the age cap from TY2020). Harmonised groups sum native bands. TY2022+ new SOI series.
2002,native,55 under 60,13492548.0,10800993.0,1786129.0,6254326.0,5818275.0,394948443.0,13.24,30.7,3502.0,1.584,former SOI methodology (2000-2021),"IRS SOI IRA table by age of taxpayer, TY2002, https://www.irs.gov/pub/irs-soi/02in10ira.xls",All IRA types combined (each taxpayer once). Taxpayers = primary+secondary taxpayers on filed returns in the age group. Owners = year-end FMV > 0. Native bands change: under-15/15-19 merged to under-20 from TY2022. Through TY2019 traditional contributions were barred at 70.5+ (SECURE Act removed the age cap from TY2020). Harmonised groups sum native bands. TY2022+ new SOI series.
2004,native,55 under 60,15463237.0,12709726.0,2004599.0,8081549.0,6450892.0,507486580.0,12.96,31.07,4032.0,1.592,former SOI methodology (2000-2021),"IRS SOI IRA table by age of taxpayer, TY2004, https://www.irs.gov/pub/irs-soi/04in04ira.xls",All IRA types combined (each taxpayer once). Taxpayers = primary+secondary taxpayers on filed returns in the age group. Owners = year-end FMV > 0. Native bands change: under-15/15-19 merged to under-20 from TY2022. Through TY2019 traditional contributions were barred at 70.5+ (SECURE Act removed the age cap from TY2020). Harmonised groups sum native bands. TY2022+ new SOI series.
2005,native,55 under 60,15359486.0,12425061.0,1894242.0,8733959.0,6306806.0,529446055.0,12.33,30.03,4611.0,1.65,former SOI methodology (2000-2021),"IRS SOI IRA table by age of taxpayer, TY2005, https://www.irs.gov/pub/irs-soi/05in04ira.xls",All IRA types combined (each taxpayer once). Taxpayers = primary+secondary taxpayers on filed returns in the age group. Owners = year-end FMV > 0. Native bands change: under-15/15-19 merged to under-20 from TY2022. Through TY2019 traditional contributions were barred at 70.5+ (SECURE Act removed the age cap from TY2020). Harmonised groups sum native bands. TY2022+ new SOI series.
2006,native,55 under 60,15911591.0,12853391.0,1930102.0,9606848.0,6651818.0,639217386.0,12.13,29.02,4977.0,1.503,former SOI methodology (2000-2021),"IRS SOI IRA table by age of taxpayer, TY2006, https://www.irs.gov/pub/irs-soi/06in04ira.xls",All IRA types combined (each taxpayer once). Taxpayers = primary+secondary taxpayers on filed returns in the age group. Owners = year-end FMV > 0. Native bands change: under-15/15-19 merged to under-20 from TY2022. Through TY2019 traditional contributions were barred at 70.5+ (SECURE Act removed the age cap from TY2020). Harmonised groups sum native bands. TY2022+ new SOI series.
2007,native,55 under 60,16426305.0,13336986.0,1884828.0,9604491.0,6802877.0,700771132.0,11.47,27.71,5096.0,1.371,former SOI methodology (2000-2021),"IRS SOI IRA table by age of taxpayer, TY2007, https://www.irs.gov/pub/irs-soi/07in04ira.xls",All IRA types combined (each taxpayer once). Taxpayers = primary+secondary taxpayers on filed returns in the age group. Owners = year-end FMV > 0. Native bands change: under-15/15-19 merged to under-20 from TY2022. Through TY2019 traditional contributions were barred at 70.5+ (SECURE Act removed the age cap from TY2020). Harmonised groups sum native bands. TY2022+ new SOI series.
2008,native,55 under 60,16481841.0,13409568.0,1762549.0,9272636.0,6808942.0,524383551.0,10.69,25.89,5261.0,1.768,former SOI methodology (2000-2021),"IRS SOI IRA table by age of taxpayer, TY2008, https://www.irs.gov/pub/irs-soi/08in04ira.xls",All IRA types combined (each taxpayer once). Taxpayers = primary+secondary taxpayers on filed returns in the age group. Owners = year-end FMV > 0. Native bands change: under-15/15-19 merged to under-20 from TY2022. Through TY2019 traditional contributions were barred at 70.5+ (SECURE Act removed the age cap from TY2020). Harmonised groups sum native bands. TY2022+ new SOI series.
2009,native,55 under 60,16908346.0,13687128.0,1706716.0,8833770.0,7014348.0,648722741.0,10.09,24.33,5176.0,1.362,former SOI methodology (2000-2021),"IRS SOI IRA table by age of taxpayer, TY2009, https://www.irs.gov/pub/irs-soi/09in04ira.xls",All IRA types combined (each taxpayer once). Taxpayers = primary+secondary taxpayers on filed returns in the age group. Owners = year-end FMV > 0. Native bands change: under-15/15-19 merged to under-20 from TY2022. Through TY2019 traditional contributions were barred at 70.5+ (SECURE Act removed the age cap from TY2020). Harmonised groups sum native bands. TY2022+ new SOI series.
2010,native,55 under 60,17494344.0,13800863.0,1745050.0,9315574.0,7134799.0,706378339.0,9.97,24.46,5338.0,1.319,former SOI methodology (2000-2021),"IRS SOI IRA table by age of taxpayer, TY2010, https://www.irs.gov/pub/irs-soi/10in04ira.xls",All IRA types combined (each taxpayer once). Taxpayers = primary+secondary taxpayers on filed returns in the age group. Owners = year-end FMV > 0. Native bands change: under-15/15-19 merged to under-20 from TY2022. Through TY2019 traditional contributions were barred at 70.5+ (SECURE Act removed the age cap from TY2020). Harmonised groups sum native bands. TY2022+ new SOI series.
2011,native,55 under 60,17817405.0,14092254.0,1622028.0,8766193.0,7157463.0,702650187.0,9.1,22.66,5404.0,1.248,former SOI methodology (2000-2021),"IRS SOI IRA table by age of taxpayer, TY2011, https://www.irs.gov/pub/irs-soi/11in04ira.xls",All IRA types combined (each taxpayer once). Taxpayers = primary+secondary taxpayers on filed returns in the age group. Owners = year-end FMV > 0. Native bands change: under-15/15-19 merged to under-20 from TY2022. Through TY2019 traditional contributions were barred at 70.5+ (SECURE Act removed the age cap from TY2020). Harmonised groups sum native bands. TY2022+ new SOI series.
2012,native,55 under 60,17931841.0,14584649.0,1838317.0,10218350.0,7423900.0,797095754.0,10.25,24.76,5559.0,1.282,former SOI methodology (2000-2021),"IRS SOI IRA table by age of taxpayer, TY2012, https://www.irs.gov/pub/irs-soi/12in04ira.xls",All IRA types combined (each taxpayer once). Taxpayers = primary+secondary taxpayers on filed returns in the age group. Owners = year-end FMV > 0. Native bands change: under-15/15-19 merged to under-20 from TY2022. Through TY2019 traditional contributions were barred at 70.5+ (SECURE Act removed the age cap from TY2020). Harmonised groups sum native bands. TY2022+ new SOI series.
2013,native,55 under 60,18116685.0,14785461.0,1864424.0,10888917.0,7367381.0,921195005.0,10.29,25.31,5840.0,1.182,former SOI methodology (2000-2021),"IRS SOI IRA table by age of taxpayer, TY2013, https://www.irs.gov/pub/irs-soi/13in04ira.xls",All IRA types combined (each taxpayer once). Taxpayers = primary+secondary taxpayers on filed returns in the age group. Owners = year-end FMV > 0. Native bands change: under-15/15-19 merged to under-20 from TY2022. Through TY2019 traditional contributions were barred at 70.5+ (SECURE Act removed the age cap from TY2020). Harmonised groups sum native bands. TY2022+ new SOI series.
2014,native,55 under 60,18259739.0,14928932.0,1887134.0,10888645.0,7353150.0,977540510.0,10.33,25.66,5770.0,1.114,former SOI methodology (2000-2021),"IRS SOI IRA table by age of taxpayer, TY2014, https://www.irs.gov/pub/irs-soi/14in04ira.xls",All IRA types combined (each taxpayer once). Taxpayers = primary+secondary taxpayers on filed returns in the age group. Owners = year-end FMV > 0. Native bands change: under-15/15-19 merged to under-20 from TY2022. Through TY2019 traditional contributions were barred at 70.5+ (SECURE Act removed the age cap from TY2020). Harmonised groups sum native bands. TY2022+ new SOI series.
2015,native,55 under 60,18536467.0,15201001.0,1866144.0,11037005.0,7419144.0,969799245.0,10.07,25.15,5914.0,1.138,former SOI methodology (2000-2021),"IRS SOI IRA table by age of taxpayer, TY2015, https://www.irs.gov/pub/irs-soi/15in04ira.xls",All IRA types combined (each taxpayer once). Taxpayers = primary+secondary taxpayers on filed returns in the age group. Owners = year-end FMV > 0. Native bands change: under-15/15-19 merged to under-20 from TY2022. Through TY2019 traditional contributions were barred at 70.5+ (SECURE Act removed the age cap from TY2020). Harmonised groups sum native bands. TY2022+ new SOI series.
2016,native,55 under 60,18307412.0,15135808.0,1866679.0,11095447.0,7291924.0,989872394.0,10.2,25.6,5944.0,1.121,former SOI methodology (2000-2021),"IRS SOI IRA table by age of taxpayer, TY2016, https://www.irs.gov/pub/irs-soi/16in04ira.xls",All IRA types combined (each taxpayer once). Taxpayers = primary+secondary taxpayers on filed returns in the age group. Owners = year-end FMV > 0. Native bands change: under-15/15-19 merged to under-20 from TY2022. Through TY2019 traditional contributions were barred at 70.5+ (SECURE Act removed the age cap from TY2020). Harmonised groups sum native bands. TY2022+ new SOI series.
2017,native,55 under 60,18612375.0,15471508.0,1857253.0,11357141.0,7299775.0,1129571117.0,9.98,25.44,6115.0,1.005,former SOI methodology (2000-2021),"IRS SOI IRA table by age of taxpayer, TY2017, https://www.irs.gov/pub/irs-soi/17in04ira.xlsx",All IRA types combined (each taxpayer once). Taxpayers = primary+secondary taxpayers on filed returns in the age group. Owners = year-end FMV > 0. Native bands change: under-15/15-19 merged to under-20 from TY2022. Through TY2019 traditional contributions were barred at 70.5+ (SECURE Act removed the age cap from TY2020). Harmonised groups sum native bands. TY2022+ new SOI series.
2018,native,55 under 60,18462450.0,15450642.0,1819904.0,10786412.0,7211517.0,1043544449.0,9.86,25.24,5927.0,1.034,former SOI methodology (2000-2021),"IRS SOI IRA table by age of taxpayer, TY2018, https://www.irs.gov/pub/irs-soi/18in04ira.xlsx",All IRA types combined (each taxpayer once). Taxpayers = primary+secondary taxpayers on filed returns in the age group. Owners = year-end FMV > 0. Native bands change: under-15/15-19 merged to under-20 from TY2022. Through TY2019 traditional contributions were barred at 70.5+ (SECURE Act removed the age cap from TY2020). Harmonised groups sum native bands. TY2022+ new SOI series.
2019,native,55 under 60,18751426.0,15708314.0,1803912.0,11123896.0,7143928.0,1189654990.0,9.62,25.25,6167.0,0.935,former SOI methodology (2000-2021),"IRS SOI IRA table by age of taxpayer, TY2019, https://www.irs.gov/pub/irs-soi/19in04ira.xlsx",All IRA types combined (each taxpayer once). Taxpayers = primary+secondary taxpayers on filed returns in the age group. Owners = year-end FMV > 0. Native bands change: under-15/15-19 merged to under-20 from TY2022. Through TY2019 traditional contributions were barred at 70.5+ (SECURE Act removed the age cap from TY2020). Harmonised groups sum native bands. TY2022+ new SOI series.
2020,native,55 under 60,18691502.0,15288347.0,1958790.0,12085917.0,6983773.0,1327779440.0,10.48,28.05,6170.0,0.91,former SOI methodology (2000-2021),"IRS SOI IRA table by age of taxpayer, TY2020, https://www.irs.gov/pub/irs-soi/20in04ira.xlsx",All IRA types combined (each taxpayer once). Taxpayers = primary+secondary taxpayers on filed returns in the age group. Owners = year-end FMV > 0. Native bands change: under-15/15-19 merged to under-20 from TY2022. Through TY2019 traditional contributions were barred at 70.5+ (SECURE Act removed the age cap from TY2020). Harmonised groups sum native bands. TY2022+ new SOI series.
2021,native,55 under 60,17876821.0,14688597.0,1956406.0,12871200.0,6941191.0,1512547907.0,10.94,28.19,6579.0,0.851,former SOI methodology (2000-2021),"IRS SOI IRA table by age of taxpayer, TY2021, https://www.irs.gov/pub/irs-soi/21in04ira.xlsx",All IRA types combined (each taxpayer once). Taxpayers = primary+secondary taxpayers on filed returns in the age group. Owners = year-end FMV > 0. Native bands change: under-15/15-19 merged to under-20 from TY2022. Through TY2019 traditional contributions were barred at 70.5+ (SECURE Act removed the age cap from TY2020). Harmonised groups sum native bands. TY2022+ new SOI series.
2022,native,55 under 60,17545176.0,16380276.0,1842305.0,11200817.0,6905963.0,1290401178.0,10.5,26.68,6080.0,0.868,new SOI methodology (2022+),"IRS SOI IRA table by age of taxpayer, TY2022, https://www.irs.gov/pub/irs-soi/22in04ira.xlsx",All IRA types combined (each taxpayer once). Taxpayers = primary+secondary taxpayers on filed returns in the age group. Owners = year-end FMV > 0. Native bands change: under-15/15-19 merged to under-20 from TY2022. Through TY2019 traditional contributions were barred at 70.5+ (SECURE Act removed the age cap from TY2020). Harmonised groups sum native bands. TY2022+ new SOI series.
2023,native,55 under 60,17062511.0,15984186.0,1810958.0,11463589.0,6682826.0,1426828181.0,10.61,27.1,6330.0,0.803,new SOI methodology (2022+),"IRS SOI IRA table by age of taxpayer, TY2023, https://www.irs.gov/pub/irs-soi/23in04ira.xlsx",All IRA types combined (each taxpayer once). Taxpayers = primary+secondary taxpayers on filed returns in the age group. Owners = year-end FMV > 0. Native bands change: under-15/15-19 merged to under-20 from TY2022. Through TY2019 traditional contributions were barred at 70.5+ (SECURE Act removed the age cap from TY2020). Harmonised groups sum native bands. TY2022+ new SOI series.
2000,native,60 under 65,9220686.73,7645897.12,1025350.47,2581149.52,4313016.06,435424467.0,11.12,23.77,2517.0,0.593,former SOI methodology (2000-2021),"IRS SOI IRA table by age of taxpayer, TY2000, https://www.irs.gov/pub/irs-soi/00in05ir.xls",All IRA types combined (each taxpayer once). Taxpayers = primary+secondary taxpayers on filed returns in the age group. Owners = year-end FMV > 0. Native bands change: under-15/15-19 merged to under-20 from TY2022. Through TY2019 traditional contributions were barred at 70.5+ (SECURE Act removed the age cap from TY2020). Harmonised groups sum native bands. TY2022+ new SOI series.
2001,native,60 under 65,9501183.0,7187238.0,1157058.0,2740405.0,4557971.0,412677867.0,12.18,25.39,2368.0,0.664,former SOI methodology (2000-2021),"IRS SOI IRA table by age of taxpayer, TY2001, https://www.irs.gov/pub/irs-soi/01in05ira.xls",All IRA types combined (each taxpayer once). Taxpayers = primary+secondary taxpayers on filed returns in the age group. Owners = year-end FMV > 0. Native bands change: under-15/15-19 merged to under-20 from TY2022. Through TY2019 traditional contributions were barred at 70.5+ (SECURE Act removed the age cap from TY2020). Harmonised groups sum native bands. TY2022+ new SOI series.
2002,native,60 under 65,10018987.0,6641816.0,1213161.0,3933185.0,4864882.0,446951030.0,12.11,24.94,3242.0,0.88,former SOI methodology (2000-2021),"IRS SOI IRA table by age of taxpayer, TY2002, https://www.irs.gov/pub/irs-soi/02in10ira.xls",All IRA types combined (each taxpayer once). Taxpayers = primary+secondary taxpayers on filed returns in the age group. Owners = year-end FMV > 0. Native bands change: under-15/15-19 merged to under-20 from TY2022. Through TY2019 traditional contributions were barred at 70.5+ (SECURE Act removed the age cap from TY2020). Harmonised groups sum native bands. TY2022+ new SOI series.
2004,native,60 under 65,11709051.0,8122854.0,1383096.0,5473130.0,5503054.0,555107774.0,11.81,25.13,3957.0,0.986,former SOI methodology (2000-2021),"IRS SOI IRA table by age of taxpayer, TY2004, https://www.irs.gov/pub/irs-soi/04in04ira.xls",All IRA types combined (each taxpayer once). Taxpayers = primary+secondary taxpayers on filed returns in the age group. Owners = year-end FMV > 0. Native bands change: under-15/15-19 merged to under-20 from TY2022. Through TY2019 traditional contributions were barred at 70.5+ (SECURE Act removed the age cap from TY2020). Harmonised groups sum native bands. TY2022+ new SOI series.
2005,native,60 under 65,11238164.0,7567198.0,1245118.0,5975849.0,5217413.0,584753241.0,11.08,23.86,4799.0,1.022,former SOI methodology (2000-2021),"IRS SOI IRA table by age of taxpayer, TY2005, https://www.irs.gov/pub/irs-soi/05in04ira.xls",All IRA types combined (each taxpayer once). Taxpayers = primary+secondary taxpayers on filed returns in the age group. Owners = year-end FMV > 0. Native bands change: under-15/15-19 merged to under-20 from TY2022. Through TY2019 traditional contributions were barred at 70.5+ (SECURE Act removed the age cap from TY2020). Harmonised groups sum native bands. TY2022+ new SOI series.
2006,native,60 under 65,12122852.0,8209322.0,1296111.0,6712154.0,5660544.0,731657089.0,10.69,22.9,5179.0,0.917,former SOI methodology (2000-2021),"IRS SOI IRA table by age of taxpayer, TY2006, https://www.irs.gov/pub/irs-soi/06in04ira.xls",All IRA types combined (each taxpayer once). Taxpayers = primary+secondary taxpayers on filed returns in the age group. Owners = year-end FMV > 0. Native bands change: under-15/15-19 merged to under-20 from TY2022. Through TY2019 traditional contributions were barred at 70.5+ (SECURE Act removed the age cap from TY2020). Harmonised groups sum native bands. TY2022+ new SOI series.
2007,native,60 under 65,13005858.0,8935876.0,1325579.0,7095816.0,6040311.0,862388945.0,10.19,21.95,5353.0,0.823,former SOI methodology (2000-2021),"IRS SOI IRA table by age of taxpayer, TY2007, https://www.irs.gov/pub/irs-soi/07in04ira.xls",All IRA types combined (each taxpayer once). Taxpayers = primary+secondary taxpayers on filed returns in the age group. Owners = year-end FMV > 0. Native bands change: under-15/15-19 merged to under-20 from TY2022. Through TY2019 traditional contributions were barred at 70.5+ (SECURE Act removed the age cap from TY2020). Harmonised groups sum native bands. TY2022+ new SOI series.
2008,native,60 under 65,13348571.0,9186498.0,1240857.0,7061713.0,6169559.0,669540207.0,9.3,20.11,5691.0,1.055,former SOI methodology (2000-2021),"IRS SOI IRA table by age of taxpayer, TY2008, https://www.irs.gov/pub/irs-soi/08in04ira.xls",All IRA types combined (each taxpayer once). Taxpayers = primary+secondary taxpayers on filed returns in the age group. Owners = year-end FMV > 0. Native bands change: under-15/15-19 merged to under-20 from TY2022. Through TY2019 traditional contributions were barred at 70.5+ (SECURE Act removed the age cap from TY2020). Harmonised groups sum native bands. TY2022+ new SOI series.
2009,native,60 under 65,13919148.0,9531734.0,1239069.0,6834061.0,6373458.0,814452129.0,8.9,19.44,5515.0,0.839,former SOI methodology (2000-2021),"IRS SOI IRA table by age of taxpayer, TY2009, https://www.irs.gov/pub/irs-soi/09in04ira.xls",All IRA types combined (each taxpayer once). Taxpayers = primary+secondary taxpayers on filed returns in the age group. Owners = year-end FMV > 0. Native bands change: under-15/15-19 merged to under-20 from TY2022. Through TY2019 traditional contributions were barred at 70.5+ (SECURE Act removed the age cap from TY2020). Harmonised groups sum native bands. TY2022+ new SOI series.
2010,native,60 under 65,14588464.0,9651095.0,1305078.0,7328053.0,6664113.0,949927965.0,8.95,19.58,5615.0,0.771,former SOI methodology (2000-2021),"IRS SOI IRA table by age of taxpayer, TY2010, https://www.irs.gov/pub/irs-soi/10in04ira.xls",All IRA types combined (each taxpayer once). Taxpayers = primary+secondary taxpayers on filed returns in the age group. Owners = year-end FMV > 0. Native bands change: under-15/15-19 merged to under-20 from TY2022. Through TY2019 traditional contributions were barred at 70.5+ (SECURE Act removed the age cap from TY2020). Harmonised groups sum native bands. TY2022+ new SOI series.
2011,native,60 under 65,14858069.0,9832967.0,1315263.0,7496975.0,6829846.0,962369512.0,8.85,19.26,5700.0,0.779,former SOI methodology (2000-2021),"IRS SOI IRA table by age of taxpayer, TY2011, https://www.irs.gov/pub/irs-soi/11in04ira.xls",All IRA types combined (each taxpayer once). Taxpayers = primary+secondary taxpayers on filed returns in the age group. Owners = year-end FMV > 0. Native bands change: under-15/15-19 merged to under-20 from TY2022. Through TY2019 traditional contributions were barred at 70.5+ (SECURE Act removed the age cap from TY2020). Harmonised groups sum native bands. TY2022+ new SOI series.
2012,native,60 under 65,14893467.0,10287610.0,1432557.0,8019685.0,6897897.0,1042605920.0,9.62,20.77,5598.0,0.769,former SOI methodology (2000-2021),"IRS SOI IRA table by age of taxpayer, TY2012, https://www.irs.gov/pub/irs-soi/12in04ira.xls",All IRA types combined (each taxpayer once). Taxpayers = primary+secondary taxpayers on filed returns in the age group. Owners = year-end FMV > 0. Native bands change: under-15/15-19 merged to under-20 from TY2022. Through TY2019 traditional contributions were barred at 70.5+ (SECURE Act removed the age cap from TY2020). Harmonised groups sum native bands. TY2022+ new SOI series.
2013,native,60 under 65,15168600.0,10587453.0,1512866.0,8814679.0,6976038.0,1201501884.0,9.97,21.69,5826.0,0.734,former SOI methodology (2000-2021),"IRS SOI IRA table by age of taxpayer, TY2013, https://www.irs.gov/pub/irs-soi/13in04ira.xls",All IRA types combined (each taxpayer once). Taxpayers = primary+secondary taxpayers on filed returns in the age group. Owners = year-end FMV > 0. Native bands change: under-15/15-19 merged to under-20 from TY2022. Through TY2019 traditional contributions were barred at 70.5+ (SECURE Act removed the age cap from TY2020). Harmonised groups sum native bands. TY2022+ new SOI series.
2014,native,60 under 65,15588456.0,11107142.0,1591902.0,9766175.0,7211678.0,1285332682.0,10.21,22.07,6135.0,0.76,former SOI methodology (2000-2021),"IRS SOI IRA table by age of taxpayer, TY2014, https://www.irs.gov/pub/irs-soi/14in04ira.xls",All IRA types combined (each taxpayer once). Taxpayers = primary+secondary taxpayers on filed returns in the age group. Owners = year-end FMV > 0. Native bands change: under-15/15-19 merged to under-20 from TY2022. Through TY2019 traditional contributions were barred at 70.5+ (SECURE Act removed the age cap from TY2020). Harmonised groups sum native bands. TY2022+ new SOI series.
2015,native,60 under 65,16097093.0,11533087.0,1658772.0,10027518.0,7529216.0,1344645878.0,10.3,22.03,6045.0,0.746,former SOI methodology (2000-2021),"IRS SOI IRA table by age of taxpayer, TY2015, https://www.irs.gov/pub/irs-soi/15in04ira.xls",All IRA types combined (each taxpayer once). Taxpayers = primary+secondary taxpayers on filed returns in the age group. Owners = year-end FMV > 0. Native bands change: under-15/15-19 merged to under-20 from TY2022. Through TY2019 traditional contributions were barred at 70.5+ (SECURE Act removed the age cap from TY2020). Harmonised groups sum native bands. TY2022+ new SOI series.
2016,native,60 under 65,16178208.0,11732179.0,1674320.0,10262313.0,7531606.0,1446815319.0,10.35,22.23,6129.0,0.709,former SOI methodology (2000-2021),"IRS SOI IRA table by age of taxpayer, TY2016, https://www.irs.gov/pub/irs-soi/16in04ira.xls",All IRA types combined (each taxpayer once). Taxpayers = primary+secondary taxpayers on filed returns in the age group. Owners = year-end FMV > 0. Native bands change: under-15/15-19 merged to under-20 from TY2022. Through TY2019 traditional contributions were barred at 70.5+ (SECURE Act removed the age cap from TY2020). Harmonised groups sum native bands. TY2022+ new SOI series.
2017,native,60 under 65,16828799.0,12296894.0,1791117.0,11125500.0,7831617.0,1710387454.0,10.64,22.87,6211.0,0.65,former SOI methodology (2000-2021),"IRS SOI IRA table by age of taxpayer, TY2017, https://www.irs.gov/pub/irs-soi/17in04ira.xlsx",All IRA types combined (each taxpayer once). Taxpayers = primary+secondary taxpayers on filed returns in the age group. Owners = year-end FMV > 0. Native bands change: under-15/15-19 merged to under-20 from TY2022. Through TY2019 traditional contributions were barred at 70.5+ (SECURE Act removed the age cap from TY2020). Harmonised groups sum native bands. TY2022+ new SOI series.
2018,native,60 under 65,17045644.0,12444918.0,1728395.0,10938556.0,7904620.0,1652320763.0,10.14,21.87,6329.0,0.662,former SOI methodology (2000-2021),"IRS SOI IRA table by age of taxpayer, TY2018, https://www.irs.gov/pub/irs-soi/18in04ira.xlsx",All IRA types combined (each taxpayer once). Taxpayers = primary+secondary taxpayers on filed returns in the age group. Owners = year-end FMV > 0. Native bands change: under-15/15-19 merged to under-20 from TY2022. Through TY2019 traditional contributions were barred at 70.5+ (SECURE Act removed the age cap from TY2020). Harmonised groups sum native bands. TY2022+ new SOI series.
2019,native,60 under 65,17202920.0,12600781.0,1685936.0,11204045.0,7876597.0,1938888925.0,9.8,21.4,6646.0,0.578,former SOI methodology (2000-2021),"IRS SOI IRA table by age of taxpayer, TY2019, https://www.irs.gov/pub/irs-soi/19in04ira.xlsx",All IRA types combined (each taxpayer once). Taxpayers = primary+secondary taxpayers on filed returns in the age group. Owners = year-end FMV > 0. Native bands change: under-15/15-19 merged to under-20 from TY2022. Through TY2019 traditional contributions were barred at 70.5+ (SECURE Act removed the age cap from TY2020). Harmonised groups sum native bands. TY2022+ new SOI series.
2020,native,60 under 65,17836280.0,12663961.0,1786276.0,11507371.0,7992779.0,2162400887.0,10.01,22.35,6442.0,0.532,former SOI methodology (2000-2021),"IRS SOI IRA table by age of taxpayer, TY2020, https://www.irs.gov/pub/irs-soi/20in04ira.xlsx",All IRA types combined (each taxpayer once). Taxpayers = primary+secondary taxpayers on filed returns in the age group. Owners = year-end FMV > 0. Native bands change: under-15/15-19 merged to under-20 from TY2022. Through TY2019 traditional contributions were barred at 70.5+ (SECURE Act removed the age cap from TY2020). Harmonised groups sum native bands. TY2022+ new SOI series.
2021,native,60 under 65,17430642.0,12485545.0,1786205.0,11911373.0,7982100.0,2426398429.0,10.25,22.38,6669.0,0.491,former SOI methodology (2000-2021),"IRS SOI IRA table by age of taxpayer, TY2021, https://www.irs.gov/pub/irs-soi/21in04ira.xlsx",All IRA types combined (each taxpayer once). Taxpayers = primary+secondary taxpayers on filed returns in the age group. Owners = year-end FMV > 0. Native bands change: under-15/15-19 merged to under-20 from TY2022. Through TY2019 traditional contributions were barred at 70.5+ (SECURE Act removed the age cap from TY2020). Harmonised groups sum native bands. TY2022+ new SOI series.
2022,native,60 under 65,17471586.0,14979767.0,1757943.0,11111849.0,7969440.0,2062860338.0,10.06,22.06,6321.0,0.539,new SOI methodology (2022+),"IRS SOI IRA table by age of taxpayer, TY2022, https://www.irs.gov/pub/irs-soi/22in04ira.xlsx",All IRA types combined (each taxpayer once). Taxpayers = primary+secondary taxpayers on filed returns in the age group. Owners = year-end FMV > 0. Native bands change: under-15/15-19 merged to under-20 from TY2022. Through TY2019 traditional contributions were barred at 70.5+ (SECURE Act removed the age cap from TY2020). Harmonised groups sum native bands. TY2022+ new SOI series.
2023,native,60 under 65,17334797.0,14986501.0,1693886.0,10985443.0,7845650.0,2291985601.0,9.77,21.59,6485.0,0.479,new SOI methodology (2022+),"IRS SOI IRA table by age of taxpayer, TY2023, https://www.irs.gov/pub/irs-soi/23in04ira.xlsx",All IRA types combined (each taxpayer once). Taxpayers = primary+secondary taxpayers on filed returns in the age group. Owners = year-end FMV > 0. Native bands change: under-15/15-19 merged to under-20 from TY2022. Through TY2019 traditional contributions were barred at 70.5+ (SECURE Act removed the age cap from TY2020). Harmonised groups sum native bands. TY2022+ new SOI series.
2000,native,65 under 70,7068720.59,4415092.51,522447.32,1242157.37,3569989.21,400520309.0,7.39,14.63,2378.0,0.31,former SOI methodology (2000-2021),"IRS SOI IRA table by age of taxpayer, TY2000, https://www.irs.gov/pub/irs-soi/00in05ir.xls",All IRA types combined (each taxpayer once). Taxpayers = primary+secondary taxpayers on filed returns in the age group. Owners = year-end FMV > 0. Native bands change: under-15/15-19 merged to under-20 from TY2022. Through TY2019 traditional contributions were barred at 70.5+ (SECURE Act removed the age cap from TY2020). Harmonised groups sum native bands. TY2022+ new SOI series.
2001,native,65 under 70,7227655.0,3565458.0,554633.0,1364179.0,3608550.0,385904801.0,7.67,15.37,2460.0,0.354,former SOI methodology (2000-2021),"IRS SOI IRA table by age of taxpayer, TY2001, https://www.irs.gov/pub/irs-soi/01in05ira.xls",All IRA types combined (each taxpayer once). Taxpayers = primary+secondary taxpayers on filed returns in the age group. Owners = year-end FMV > 0. Native bands change: under-15/15-19 merged to under-20 from TY2022. Through TY2019 traditional contributions were barred at 70.5+ (SECURE Act removed the age cap from TY2020). Harmonised groups sum native bands. TY2022+ new SOI series.
2002,native,65 under 70,7235763.0,3144052.0,549067.0,1791815.0,3711951.0,362773771.0,7.59,14.79,3263.0,0.494,former SOI methodology (2000-2021),"IRS SOI IRA table by age of taxpayer, TY2002, https://www.irs.gov/pub/irs-soi/02in10ira.xls",All IRA types combined (each taxpayer once). Taxpayers = primary+secondary taxpayers on filed returns in the age group. Owners = year-end FMV > 0. Native bands change: under-15/15-19 merged to under-20 from TY2022. Through TY2019 traditional contributions were barred at 70.5+ (SECURE Act removed the age cap from TY2020). Harmonised groups sum native bands. TY2022+ new SOI series.
2004,native,65 under 70,8199787.0,3880276.0,627634.0,2266942.0,4136243.0,533298669.0,7.65,15.17,3612.0,0.425,former SOI methodology (2000-2021),"IRS SOI IRA table by age of taxpayer, TY2004, https://www.irs.gov/pub/irs-soi/04in04ira.xls",All IRA types combined (each taxpayer once). Taxpayers = primary+secondary taxpayers on filed returns in the age group. Owners = year-end FMV > 0. Native bands change: under-15/15-19 merged to under-20 from TY2022. Through TY2019 traditional contributions were barred at 70.5+ (SECURE Act removed the age cap from TY2020). Harmonised groups sum native bands. TY2022+ new SOI series.
2005,native,65 under 70,8052068.0,3700514.0,577806.0,2528463.0,4090908.0,556916170.0,7.18,14.12,4376.0,0.454,former SOI methodology (2000-2021),"IRS SOI IRA table by age of taxpayer, TY2005, https://www.irs.gov/pub/irs-soi/05in04ira.xls",All IRA types combined (each taxpayer once). Taxpayers = primary+secondary taxpayers on filed returns in the age group. Owners = year-end FMV > 0. Native bands change: under-15/15-19 merged to under-20 from TY2022. Through TY2019 traditional contributions were barred at 70.5+ (SECURE Act removed the age cap from TY2020). Harmonised groups sum native bands. TY2022+ new SOI series.
2006,native,65 under 70,8567513.0,3882521.0,597257.0,2948876.0,4331830.0,704289241.0,6.97,13.79,4937.0,0.419,former SOI methodology (2000-2021),"IRS SOI IRA table by age of taxpayer, TY2006, https://www.irs.gov/pub/irs-soi/06in04ira.xls",All IRA types combined (each taxpayer once). Taxpayers = primary+secondary taxpayers on filed returns in the age group. Owners = year-end FMV > 0. Native bands change: under-15/15-19 merged to under-20 from TY2022. Through TY2019 traditional contributions were barred at 70.5+ (SECURE Act removed the age cap from TY2020). Harmonised groups sum native bands. TY2022+ new SOI series.
2007,native,65 under 70,9034089.0,4277044.0,650153.0,3432514.0,4652927.0,793843061.0,7.2,13.97,5280.0,0.432,former SOI methodology (2000-2021),"IRS SOI IRA table by age of taxpayer, TY2007, https://www.irs.gov/pub/irs-soi/07in04ira.xls",All IRA types combined (each taxpayer once). Taxpayers = primary+secondary taxpayers on filed returns in the age group. Owners = year-end FMV > 0. Native bands change: under-15/15-19 merged to under-20 from TY2022. Through TY2019 traditional contributions were barred at 70.5+ (SECURE Act removed the age cap from TY2020). Harmonised groups sum native bands. TY2022+ new SOI series.
2008,native,65 under 70,9571866.0,4467521.0,607813.0,3377002.0,4858277.0,631754855.0,6.35,12.51,5556.0,0.535,former SOI methodology (2000-2021),"IRS SOI IRA table by age of taxpayer, TY2008, https://www.irs.gov/pub/irs-soi/08in04ira.xls",All IRA types combined (each taxpayer once). Taxpayers = primary+secondary taxpayers on filed returns in the age group. Owners = year-end FMV > 0. Native bands change: under-15/15-19 merged to under-20 from TY2022. Through TY2019 traditional contributions were barred at 70.5+ (SECURE Act removed the age cap from TY2020). Harmonised groups sum native bands. TY2022+ new SOI series.
2009,native,65 under 70,9936208.0,4521759.0,610137.0,3526147.0,5073960.0,766948770.0,6.14,12.02,5779.0,0.46,former SOI methodology (2000-2021),"IRS SOI IRA table by age of taxpayer, TY2009, https://www.irs.gov/pub/irs-soi/09in04ira.xls",All IRA types combined (each taxpayer once). Taxpayers = primary+secondary taxpayers on filed returns in the age group. Owners = year-end FMV > 0. Native bands change: under-15/15-19 merged to under-20 from TY2022. Through TY2019 traditional contributions were barred at 70.5+ (SECURE Act removed the age cap from TY2020). Harmonised groups sum native bands. TY2022+ new SOI series.
2010,native,65 under 70,10097243.0,4410253.0,594217.0,3396994.0,5022545.0,877341166.0,5.88,11.83,5717.0,0.387,former SOI methodology (2000-2021),"IRS SOI IRA table by age of taxpayer, TY2010, https://www.irs.gov/pub/irs-soi/10in04ira.xls",All IRA types combined (each taxpayer once). Taxpayers = primary+secondary taxpayers on filed returns in the age group. Owners = year-end FMV > 0. Native bands change: under-15/15-19 merged to under-20 from TY2022. Through TY2019 traditional contributions were barred at 70.5+ (SECURE Act removed the age cap from TY2020). Harmonised groups sum native bands. TY2022+ new SOI series.
2011,native,65 under 70,10690326.0,4785145.0,616799.0,3669919.0,5232206.0,894410465.0,5.77,11.79,5950.0,0.41,former SOI methodology (2000-2021),"IRS SOI IRA table by age of taxpayer, TY2011, https://www.irs.gov/pub/irs-soi/11in04ira.xls",All IRA types combined (each taxpayer once). Taxpayers = primary+secondary taxpayers on filed returns in the age group. Owners = year-end FMV > 0. Native bands change: under-15/15-19 merged to under-20 from TY2022. Through TY2019 traditional contributions were barred at 70.5+ (SECURE Act removed the age cap from TY2020). Harmonised groups sum native bands. TY2022+ new SOI series.
2012,native,65 under 70,11269495.0,5322930.0,727656.0,4218806.0,5700060.0,1064573634.0,6.46,12.77,5798.0,0.396,former SOI methodology (2000-2021),"IRS SOI IRA table by age of taxpayer, TY2012, https://www.irs.gov/pub/irs-soi/12in04ira.xls",All IRA types combined (each taxpayer once). Taxpayers = primary+secondary taxpayers on filed returns in the age group. Owners = year-end FMV > 0. Native bands change: under-15/15-19 merged to under-20 from TY2022. Through TY2019 traditional contributions were barred at 70.5+ (SECURE Act removed the age cap from TY2020). Harmonised groups sum native bands. TY2022+ new SOI series.
2013,native,65 under 70,11717060.0,5551438.0,818050.0,5057556.0,5917021.0,1281133581.0,6.98,13.83,6182.0,0.395,former SOI methodology (2000-2021),"IRS SOI IRA table by age of taxpayer, TY2013, https://www.irs.gov/pub/irs-soi/13in04ira.xls",All IRA types combined (each taxpayer once). Taxpayers = primary+secondary taxpayers on filed returns in the age group. Owners = year-end FMV > 0. Native bands change: under-15/15-19 merged to under-20 from TY2022. Through TY2019 traditional contributions were barred at 70.5+ (SECURE Act removed the age cap from TY2020). Harmonised groups sum native bands. TY2022+ new SOI series.
2014,native,65 under 70,12200287.0,5872156.0,847721.0,5446066.0,6147470.0,1416840840.0,6.95,13.79,6424.0,0.384,former SOI methodology (2000-2021),"IRS SOI IRA table by age of taxpayer, TY2014, https://www.irs.gov/pub/irs-soi/14in04ira.xls",All IRA types combined (each taxpayer once). Taxpayers = primary+secondary taxpayers on filed returns in the age group. Owners = year-end FMV > 0. Native bands change: under-15/15-19 merged to under-20 from TY2022. Through TY2019 traditional contributions were barred at 70.5+ (SECURE Act removed the age cap from TY2020). Harmonised groups sum native bands. TY2022+ new SOI series.
2015,native,65 under 70,12772031.0,6075043.0,858176.0,5490126.0,6557207.0,1455661012.0,6.72,13.09,6397.0,0.377,former SOI methodology (2000-2021),"IRS SOI IRA table by age of taxpayer, TY2015, https://www.irs.gov/pub/irs-soi/15in04ira.xls",All IRA types combined (each taxpayer once). Taxpayers = primary+secondary taxpayers on filed returns in the age group. Owners = year-end FMV > 0. Native bands change: under-15/15-19 merged to under-20 from TY2022. Through TY2019 traditional contributions were barred at 70.5+ (SECURE Act removed the age cap from TY2020). Harmonised groups sum native bands. TY2022+ new SOI series.
2016,native,65 under 70,12900822.0,6223902.0,911909.0,5937769.0,6690867.0,1604259998.0,7.07,13.63,6511.0,0.37,former SOI methodology (2000-2021),"IRS SOI IRA table by age of taxpayer, TY2016, https://www.irs.gov/pub/irs-soi/16in04ira.xls",All IRA types combined (each taxpayer once). Taxpayers = primary+secondary taxpayers on filed returns in the age group. Owners = year-end FMV > 0. Native bands change: under-15/15-19 merged to under-20 from TY2022. Through TY2019 traditional contributions were barred at 70.5+ (SECURE Act removed the age cap from TY2020). Harmonised groups sum native bands. TY2022+ new SOI series.
2017,native,65 under 70,13184316.0,6463091.0,952063.0,6174562.0,6784007.0,1840961826.0,7.22,14.03,6485.0,0.335,former SOI methodology (2000-2021),"IRS SOI IRA table by age of taxpayer, TY2017, https://www.irs.gov/pub/irs-soi/17in04ira.xlsx",All IRA types combined (each taxpayer once). Taxpayers = primary+secondary taxpayers on filed returns in the age group. Owners = year-end FMV > 0. Native bands change: under-15/15-19 merged to under-20 from TY2022. Through TY2019 traditional contributions were barred at 70.5+ (SECURE Act removed the age cap from TY2020). Harmonised groups sum native bands. TY2022+ new SOI series.
2018,native,65 under 70,13441627.0,6729923.0,959740.0,6258065.0,6935933.0,1776692174.0,7.14,13.84,6521.0,0.352,former SOI methodology (2000-2021),"IRS SOI IRA table by age of taxpayer, TY2018, https://www.irs.gov/pub/irs-soi/18in04ira.xlsx",All IRA types combined (each taxpayer once). Taxpayers = primary+secondary taxpayers on filed returns in the age group. Owners = year-end FMV > 0. Native bands change: under-15/15-19 merged to under-20 from TY2022. Through TY2019 traditional contributions were barred at 70.5+ (SECURE Act removed the age cap from TY2020). Harmonised groups sum native bands. TY2022+ new SOI series.
2019,native,65 under 70,13877535.0,7056849.0,1030579.0,6791544.0,7172276.0,2199883042.0,7.43,14.37,6590.0,0.309,former SOI methodology (2000-2021),"IRS SOI IRA table by age of taxpayer, TY2019, https://www.irs.gov/pub/irs-soi/19in04ira.xlsx",All IRA types combined (each taxpayer once). Taxpayers = primary+secondary taxpayers on filed returns in the age group. Owners = year-end FMV > 0. Native bands change: under-15/15-19 merged to under-20 from TY2022. Through TY2019 traditional contributions were barred at 70.5+ (SECURE Act removed the age cap from TY2020). Harmonised groups sum native bands. TY2022+ new SOI series.
2020,native,65 under 70,14627655.0,7316675.0,1087530.0,7432675.0,7436526.0,2486245272.0,7.43,14.62,6834.0,0.299,former SOI methodology (2000-2021),"IRS SOI IRA table by age of taxpayer, TY2020, https://www.irs.gov/pub/irs-soi/20in04ira.xlsx",All IRA types combined (each taxpayer once). Taxpayers = primary+secondary taxpayers on filed returns in the age group. Owners = year-end FMV > 0. Native bands change: under-15/15-19 merged to under-20 from TY2022. Through TY2019 traditional contributions were barred at 70.5+ (SECURE Act removed the age cap from TY2020). Harmonised groups sum native bands. TY2022+ new SOI series.
2021,native,65 under 70,14752040.0,7312063.0,1085631.0,7371024.0,7729243.0,2944614310.0,7.36,14.05,6790.0,0.25,former SOI methodology (2000-2021),"IRS SOI IRA table by age of taxpayer, TY2021, https://www.irs.gov/pub/irs-soi/21in04ira.xlsx",All IRA types combined (each taxpayer once). Taxpayers = primary+secondary taxpayers on filed returns in the age group. Owners = year-end FMV > 0. Native bands change: under-15/15-19 merged to under-20 from TY2022. Through TY2019 traditional contributions were barred at 70.5+ (SECURE Act removed the age cap from TY2020). Harmonised groups sum native bands. TY2022+ new SOI series.
2022,native,65 under 70,15110428.0,9943571.0,1072284.0,7298626.0,8012150.0,2655886057.0,7.1,13.38,6807.0,0.275,new SOI methodology (2022+),"IRS SOI IRA table by age of taxpayer, TY2022, https://www.irs.gov/pub/irs-soi/22in04ira.xlsx",All IRA types combined (each taxpayer once). Taxpayers = primary+secondary taxpayers on filed returns in the age group. Owners = year-end FMV > 0. Native bands change: under-15/15-19 merged to under-20 from TY2022. Through TY2019 traditional contributions were barred at 70.5+ (SECURE Act removed the age cap from TY2020). Harmonised groups sum native bands. TY2022+ new SOI series.
2023,native,65 under 70,15004638.0,9827137.0,1042986.0,6990432.0,7921025.0,2932659774.0,6.95,13.17,6702.0,0.238,new SOI methodology (2022+),"IRS SOI IRA table by age of taxpayer, TY2023, https://www.irs.gov/pub/irs-soi/23in04ira.xlsx",All IRA types combined (each taxpayer once). Taxpayers = primary+secondary taxpayers on filed returns in the age group. Owners = year-end FMV > 0. Native bands change: under-15/15-19 merged to under-20 from TY2022. Through TY2019 traditional contributions were barred at 70.5+ (SECURE Act removed the age cap from TY2020). Harmonised groups sum native bands. TY2022+ new SOI series.
2000,native,70 under 75,6079199.84,2452438.07,102722.84,269852.585,3002632.13,331944250.0,1.69,3.42,2627.0,0.081,former SOI methodology (2000-2021),"IRS SOI IRA table by age of taxpayer, TY2000, https://www.irs.gov/pub/irs-soi/00in05ir.xls",All IRA types combined (each taxpayer once). Taxpayers = primary+secondary taxpayers on filed returns in the age group. Owners = year-end FMV > 0. Native bands change: under-15/15-19 merged to under-20 from TY2022. Through TY2019 traditional contributions were barred at 70.5+ (SECURE Act removed the age cap from TY2020). Harmonised groups sum native bands. TY2022+ new SOI series.
2001,native,70 under 75,6044178.0,1810703.0,89750.0,234309.0,3025453.0,397447907.0,1.48,2.97,2611.0,0.059,former SOI methodology (2000-2021),"IRS SOI IRA table by age of taxpayer, TY2001, https://www.irs.gov/pub/irs-soi/01in05ira.xls",All IRA types combined (each taxpayer once). Taxpayers = primary+secondary taxpayers on filed returns in the age group. Owners = year-end FMV > 0. Native bands change: under-15/15-19 merged to under-20 from TY2022. Through TY2019 traditional contributions were barred at 70.5+ (SECURE Act removed the age cap from TY2020). Harmonised groups sum native bands. TY2022+ new SOI series.
2002,native,70 under 75,6001537.0,1538577.0,112558.0,363346.0,3006773.0,370645512.0,1.88,3.74,3228.0,0.098,former SOI methodology (2000-2021),"IRS SOI IRA table by age of taxpayer, TY2002, https://www.irs.gov/pub/irs-soi/02in10ira.xls",All IRA types combined (each taxpayer once). Taxpayers = primary+secondary taxpayers on filed returns in the age group. Owners = year-end FMV > 0. Native bands change: under-15/15-19 merged to under-20 from TY2022. Through TY2019 traditional contributions were barred at 70.5+ (SECURE Act removed the age cap from TY2020). Harmonised groups sum native bands. TY2022+ new SOI series.
2004,native,70 under 75,6336503.0,1799789.0,127858.0,632955.0,3239670.0,433855922.0,2.02,3.95,4950.0,0.146,former SOI methodology (2000-2021),"IRS SOI IRA table by age of taxpayer, TY2004, https://www.irs.gov/pub/irs-soi/04in04ira.xls",All IRA types combined (each taxpayer once). Taxpayers = primary+secondary taxpayers on filed returns in the age group. Owners = year-end FMV > 0. Native bands change: under-15/15-19 merged to under-20 from TY2022. Through TY2019 traditional contributions were barred at 70.5+ (SECURE Act removed the age cap from TY2020). Harmonised groups sum native bands. TY2022+ new SOI series.
2005,native,70 under 75,5987420.0,1750012.0,114791.0,630127.0,3019374.0,404595108.0,1.92,3.8,5489.0,0.156,former SOI methodology (2000-2021),"IRS SOI IRA table by age of taxpayer, TY2005, https://www.irs.gov/pub/irs-soi/05in04ira.xls",All IRA types combined (each taxpayer once). Taxpayers = primary+secondary taxpayers on filed returns in the age group. Owners = year-end FMV > 0. Native bands change: under-15/15-19 merged to under-20 from TY2022. Through TY2019 traditional contributions were barred at 70.5+ (SECURE Act removed the age cap from TY2020). Harmonised groups sum native bands. TY2022+ new SOI series.
2006,native,70 under 75,6272237.0,1829035.0,119006.0,671184.0,3152706.0,484379251.0,1.9,3.77,5640.0,0.139,former SOI methodology (2000-2021),"IRS SOI IRA table by age of taxpayer, TY2006, https://www.irs.gov/pub/irs-soi/06in04ira.xls",All IRA types combined (each taxpayer once). Taxpayers = primary+secondary taxpayers on filed returns in the age group. Owners = year-end FMV > 0. Native bands change: under-15/15-19 merged to under-20 from TY2022. Through TY2019 traditional contributions were barred at 70.5+ (SECURE Act removed the age cap from TY2020). Harmonised groups sum native bands. TY2022+ new SOI series.
2007,native,70 under 75,6373191.0,1961782.0,117557.0,745934.0,3257829.0,560039160.0,1.84,3.61,6345.0,0.133,former SOI methodology (2000-2021),"IRS SOI IRA table by age of taxpayer, TY2007, https://www.irs.gov/pub/irs-soi/07in04ira.xls",All IRA types combined (each taxpayer once). Taxpayers = primary+secondary taxpayers on filed returns in the age group. Owners = year-end FMV > 0. Native bands change: under-15/15-19 merged to under-20 from TY2022. Through TY2019 traditional contributions were barred at 70.5+ (SECURE Act removed the age cap from TY2020). Harmonised groups sum native bands. TY2022+ new SOI series.
2008,native,70 under 75,6668704.0,2051778.0,108763.0,720913.0,3383809.0,472912028.0,1.63,3.21,6628.0,0.152,former SOI methodology (2000-2021),"IRS SOI IRA table by age of taxpayer, TY2008, https://www.irs.gov/pub/irs-soi/08in04ira.xls",All IRA types combined (each taxpayer once). Taxpayers = primary+secondary taxpayers on filed returns in the age group. Owners = year-end FMV > 0. Native bands change: under-15/15-19 merged to under-20 from TY2022. Through TY2019 traditional contributions were barred at 70.5+ (SECURE Act removed the age cap from TY2020). Harmonised groups sum native bands. TY2022+ new SOI series.
2009,native,70 under 75,6853960.0,1951205.0,105633.0,637757.0,3520550.0,578316275.0,1.54,3.0,6037.0,0.11,former SOI methodology (2000-2021),"IRS SOI IRA table by age of taxpayer, TY2009, https://www.irs.gov/pub/irs-soi/09in04ira.xls",All IRA types combined (each taxpayer once). Taxpayers = primary+secondary taxpayers on filed returns in the age group. Owners = year-end FMV > 0. Native bands change: under-15/15-19 merged to under-20 from TY2022. Through TY2019 traditional contributions were barred at 70.5+ (SECURE Act removed the age cap from TY2020). Harmonised groups sum native bands. TY2022+ new SOI series.
2010,native,70 under 75,7158551.0,1915869.0,119341.0,754798.0,3563566.0,627955155.0,1.67,3.35,6325.0,0.12,former SOI methodology (2000-2021),"IRS SOI IRA table by age of taxpayer, TY2010, https://www.irs.gov/pub/irs-soi/10in04ira.xls",All IRA types combined (each taxpayer once). Taxpayers = primary+secondary taxpayers on filed returns in the age group. Owners = year-end FMV > 0. Native bands change: under-15/15-19 merged to under-20 from TY2022. Through TY2019 traditional contributions were barred at 70.5+ (SECURE Act removed the age cap from TY2020). Harmonised groups sum native bands. TY2022+ new SOI series.
2011,native,70 under 75,7328365.0,1919565.0,126987.0,780959.0,3740932.0,671247927.0,1.73,3.39,6150.0,0.116,former SOI methodology (2000-2021),"IRS SOI IRA table by age of taxpayer, TY2011, https://www.irs.gov/pub/irs-soi/11in04ira.xls",All IRA types combined (each taxpayer once). Taxpayers = primary+secondary taxpayers on filed returns in the age group. Owners = year-end FMV > 0. Native bands change: under-15/15-19 merged to under-20 from TY2022. Through TY2019 traditional contributions were barred at 70.5+ (SECURE Act removed the age cap from TY2020). Harmonised groups sum native bands. TY2022+ new SOI series.
2012,native,70 under 75,7774371.0,2125186.0,167475.0,1089860.0,4032578.0,795862463.0,2.15,4.15,6508.0,0.137,former SOI methodology (2000-2021),"IRS SOI IRA table by age of taxpayer, TY2012, https://www.irs.gov/pub/irs-soi/12in04ira.xls",All IRA types combined (each taxpayer once). Taxpayers = primary+secondary taxpayers on filed returns in the age group. Owners = year-end FMV > 0. Native bands change: under-15/15-19 merged to under-20 from TY2022. Through TY2019 traditional contributions were barred at 70.5+ (SECURE Act removed the age cap from TY2020). Harmonised groups sum native bands. TY2022+ new SOI series.
2013,native,70 under 75,8140387.0,2251407.0,182035.0,1206627.0,4277855.0,944765589.0,2.24,4.26,6629.0,0.128,former SOI methodology (2000-2021),"IRS SOI IRA table by age of taxpayer, TY2013, https://www.irs.gov/pub/irs-soi/13in04ira.xls",All IRA types combined (each taxpayer once). Taxpayers = primary+secondary taxpayers on filed returns in the age group. Owners = year-end FMV > 0. Native bands change: under-15/15-19 merged to under-20 from TY2022. Through TY2019 traditional contributions were barred at 70.5+ (SECURE Act removed the age cap from TY2020). Harmonised groups sum native bands. TY2022+ new SOI series.
2014,native,70 under 75,8372187.0,2263198.0,175444.0,1261096.0,4408718.0,1017400920.0,2.1,3.98,7188.0,0.124,former SOI methodology (2000-2021),"IRS SOI IRA table by age of taxpayer, TY2014, https://www.irs.gov/pub/irs-soi/14in04ira.xls",All IRA types combined (each taxpayer once). Taxpayers = primary+secondary taxpayers on filed returns in the age group. Owners = year-end FMV > 0. Native bands change: under-15/15-19 merged to under-20 from TY2022. Through TY2019 traditional contributions were barred at 70.5+ (SECURE Act removed the age cap from TY2020). Harmonised groups sum native bands. TY2022+ new SOI series.
2015,native,70 under 75,8601358.0,2307106.0,176100.0,1232017.0,4513726.0,1084829197.0,2.05,3.9,6996.0,0.114,former SOI methodology (2000-2021),"IRS SOI IRA table by age of taxpayer, TY2015, https://www.irs.gov/pub/irs-soi/15in04ira.xls",All IRA types combined (each taxpayer once). Taxpayers = primary+secondary taxpayers on filed returns in the age group. Owners = year-end FMV > 0. Native bands change: under-15/15-19 merged to under-20 from TY2022. Through TY2019 traditional contributions were barred at 70.5+ (SECURE Act removed the age cap from TY2020). Harmonised groups sum native bands. TY2022+ new SOI series.
2016,native,70 under 75,9115663.0,2522172.0,201103.0,1436820.0,4766612.0,1184907632.0,2.21,4.22,7145.0,0.121,former SOI methodology (2000-2021),"IRS SOI IRA table by age of taxpayer, TY2016, https://www.irs.gov/pub/irs-soi/16in04ira.xls",All IRA types combined (each taxpayer once). Taxpayers = primary+secondary taxpayers on filed returns in the age group. Owners = year-end FMV > 0. Native bands change: under-15/15-19 merged to under-20 from TY2022. Through TY2019 traditional contributions were barred at 70.5+ (SECURE Act removed the age cap from TY2020). Harmonised groups sum native bands. TY2022+ new SOI series.
2017,native,70 under 75,9731238.0,2681704.0,223373.0,1609074.0,5079997.0,1469113599.0,2.3,4.4,7204.0,0.11,former SOI methodology (2000-2021),"IRS SOI IRA table by age of taxpayer, TY2017, https://www.irs.gov/pub/irs-soi/17in04ira.xlsx",All IRA types combined (each taxpayer once). Taxpayers = primary+secondary taxpayers on filed returns in the age group. Owners = year-end FMV > 0. Native bands change: under-15/15-19 merged to under-20 from TY2022. Through TY2019 traditional contributions were barred at 70.5+ (SECURE Act removed the age cap from TY2020). Harmonised groups sum native bands. TY2022+ new SOI series.
2018,native,70 under 75,10106726.0,2763119.0,237842.0,1993501.0,5347464.0,1489000357.0,2.35,4.45,8382.0,0.134,former SOI methodology (2000-2021),"IRS SOI IRA table by age of taxpayer, TY2018, https://www.irs.gov/pub/irs-soi/18in04ira.xlsx",All IRA types combined (each taxpayer once). Taxpayers = primary+secondary taxpayers on filed returns in the age group. Owners = year-end FMV > 0. Native bands change: under-15/15-19 merged to under-20 from TY2022. Through TY2019 traditional contributions were barred at 70.5+ (SECURE Act removed the age cap from TY2020). Harmonised groups sum native bands. TY2022+ new SOI series.
2019,native,70 under 75,10582179.0,2868029.0,239273.0,1937357.0,5578750.0,1807627590.0,2.26,4.29,8097.0,0.107,former SOI methodology (2000-2021),"IRS SOI IRA table by age of taxpayer, TY2019, https://www.irs.gov/pub/irs-soi/19in04ira.xlsx",All IRA types combined (each taxpayer once). Taxpayers = primary+secondary taxpayers on filed returns in the age group. Owners = year-end FMV > 0. Native bands change: under-15/15-19 merged to under-20 from TY2022. Through TY2019 traditional contributions were barred at 70.5+ (SECURE Act removed the age cap from TY2020). Harmonised groups sum native bands. TY2022+ new SOI series.
2020,native,70 under 75,11329199.0,2969371.0,283206.0,2145566.0,5960779.0,2113354027.0,2.5,4.75,7576.0,0.102,former SOI methodology (2000-2021),"IRS SOI IRA table by age of taxpayer, TY2020, https://www.irs.gov/pub/irs-soi/20in04ira.xlsx",All IRA types combined (each taxpayer once). Taxpayers = primary+secondary taxpayers on filed returns in the age group. Owners = year-end FMV > 0. Native bands change: under-15/15-19 merged to under-20 from TY2022. Through TY2019 traditional contributions were barred at 70.5+ (SECURE Act removed the age cap from TY2020). Harmonised groups sum native bands. TY2022+ new SOI series.
2021,native,70 under 75,11292033.0,2927501.0,330127.0,2590841.0,6122694.0,2418752067.0,2.92,5.39,7848.0,0.107,former SOI methodology (2000-2021),"IRS SOI IRA table by age of taxpayer, TY2021, https://www.irs.gov/pub/irs-soi/21in04ira.xlsx",All IRA types combined (each taxpayer once). Taxpayers = primary+secondary taxpayers on filed returns in the age group. Owners = year-end FMV > 0. Native bands change: under-15/15-19 merged to under-20 from TY2022. Through TY2019 traditional contributions were barred at 70.5+ (SECURE Act removed the age cap from TY2020). Harmonised groups sum native bands. TY2022+ new SOI series.
2022,native,70 under 75,11558140.0,4992440.0,416653.0,2799555.0,6303307.0,2192889699.0,3.6,6.61,6719.0,0.128,new SOI methodology (2022+),"IRS SOI IRA table by age of taxpayer, TY2022, https://www.irs.gov/pub/irs-soi/22in04ira.xlsx",All IRA types combined (each taxpayer once). Taxpayers = primary+secondary taxpayers on filed returns in the age group. Owners = year-end FMV > 0. Native bands change: under-15/15-19 merged to under-20 from TY2022. Through TY2019 traditional contributions were barred at 70.5+ (SECURE Act removed the age cap from TY2020). Harmonised groups sum native bands. TY2022+ new SOI series.
2023,native,70 under 75,11702108.0,5147649.0,411535.0,2930769.0,6352437.0,2495665896.0,3.52,6.48,7122.0,0.117,new SOI methodology (2022+),"IRS SOI IRA table by age of taxpayer, TY2023, https://www.irs.gov/pub/irs-soi/23in04ira.xlsx",All IRA types combined (each taxpayer once). Taxpayers = primary+secondary taxpayers on filed returns in the age group. Owners = year-end FMV > 0. Native bands change: under-15/15-19 merged to under-20 from TY2022. Through TY2019 traditional contributions were barred at 70.5+ (SECURE Act removed the age cap from TY2020). Harmonised groups sum native bands. TY2022+ new SOI series.
2000,native,75 under 80,4655149.11,1191032.19,26216.42,78787.2514,1910842.61,152281396.0,0.56,1.37,3005.0,0.052,former SOI methodology (2000-2021),"IRS SOI IRA table by age of taxpayer, TY2000, https://www.irs.gov/pub/irs-soi/00in05ir.xls",All IRA types combined (each taxpayer once). Taxpayers = primary+secondary taxpayers on filed returns in the age group. Owners = year-end FMV > 0. Native bands change: under-15/15-19 merged to under-20 from TY2022. Through TY2019 traditional contributions were barred at 70.5+ (SECURE Act removed the age cap from TY2020). Harmonised groups sum native bands. TY2022+ new SOI series.
2001,native,75 under 80,4650733.0,863157.0,15046.0,41380.0,2059286.0,165863194.0,0.32,0.73,2750.0,0.025,former SOI methodology (2000-2021),"IRS SOI IRA table by age of taxpayer, TY2001, https://www.irs.gov/pub/irs-soi/01in05ira.xls",All IRA types combined (each taxpayer once). Taxpayers = primary+secondary taxpayers on filed returns in the age group. Owners = year-end FMV > 0. Native bands change: under-15/15-19 merged to under-20 from TY2022. Through TY2019 traditional contributions were barred at 70.5+ (SECURE Act removed the age cap from TY2020). Harmonised groups sum native bands. TY2022+ new SOI series.
2002,native,75 under 80,4661918.0,686324.0,19530.0,75776.0,2165503.0,174576850.0,0.42,0.9,3880.0,0.043,former SOI methodology (2000-2021),"IRS SOI IRA table by age of taxpayer, TY2002, https://www.irs.gov/pub/irs-soi/02in10ira.xls",All IRA types combined (each taxpayer once). Taxpayers = primary+secondary taxpayers on filed returns in the age group. Owners = year-end FMV > 0. Native bands change: under-15/15-19 merged to under-20 from TY2022. Through TY2019 traditional contributions were barred at 70.5+ (SECURE Act removed the age cap from TY2020). Harmonised groups sum native bands. TY2022+ new SOI series.
2004,native,75 under 80,4795571.0,831598.0,26119.0,110213.0,2352067.0,249480659.0,0.54,1.11,4220.0,0.044,former SOI methodology (2000-2021),"IRS SOI IRA table by age of taxpayer, TY2004, https://www.irs.gov/pub/irs-soi/04in04ira.xls",All IRA types combined (each taxpayer once). Taxpayers = primary+secondary taxpayers on filed returns in the age group. Owners = year-end FMV > 0. Native bands change: under-15/15-19 merged to under-20 from TY2022. Through TY2019 traditional contributions were barred at 70.5+ (SECURE Act removed the age cap from TY2020). Harmonised groups sum native bands. TY2022+ new SOI series.
2005,native,75 under 80,4625659.0,899614.0,33230.0,162769.0,2277216.0,263288184.0,0.72,1.46,4898.0,0.062,former SOI methodology (2000-2021),"IRS SOI IRA table by age of taxpayer, TY2005, https://www.irs.gov/pub/irs-soi/05in04ira.xls",All IRA types combined (each taxpayer once). Taxpayers = primary+secondary taxpayers on filed returns in the age group. Owners = year-end FMV > 0. Native bands change: under-15/15-19 merged to under-20 from TY2022. Through TY2019 traditional contributions were barred at 70.5+ (SECURE Act removed the age cap from TY2020). Harmonised groups sum native bands. TY2022+ new SOI series.
2006,native,75 under 80,4989092.0,936159.0,37818.0,196947.0,2459084.0,329917906.0,0.76,1.54,5208.0,0.06,former SOI methodology (2000-2021),"IRS SOI IRA table by age of taxpayer, TY2006, https://www.irs.gov/pub/irs-soi/06in04ira.xls",All IRA types combined (each taxpayer once). Taxpayers = primary+secondary taxpayers on filed returns in the age group. Owners = year-end FMV > 0. Native bands change: under-15/15-19 merged to under-20 from TY2022. Through TY2019 traditional contributions were barred at 70.5+ (SECURE Act removed the age cap from TY2020). Harmonised groups sum native bands. TY2022+ new SOI series.
2007,native,75 under 80,4867791.0,953963.0,37130.0,188024.0,2483500.0,359486982.0,0.76,1.5,5064.0,0.052,former SOI methodology (2000-2021),"IRS SOI IRA table by age of taxpayer, TY2007, https://www.irs.gov/pub/irs-soi/07in04ira.xls",All IRA types combined (each taxpayer once). Taxpayers = primary+secondary taxpayers on filed returns in the age group. Owners = year-end FMV > 0. Native bands change: under-15/15-19 merged to under-20 from TY2022. Through TY2019 traditional contributions were barred at 70.5+ (SECURE Act removed the age cap from TY2020). Harmonised groups sum native bands. TY2022+ new SOI series.
2008,native,75 under 80,4951398.0,983301.0,35010.0,200261.0,2474485.0,285762185.0,0.71,1.41,5720.0,0.07,former SOI methodology (2000-2021),"IRS SOI IRA table by age of taxpayer, TY2008, https://www.irs.gov/pub/irs-soi/08in04ira.xls",All IRA types combined (each taxpayer once). Taxpayers = primary+secondary taxpayers on filed returns in the age group. Owners = year-end FMV > 0. Native bands change: under-15/15-19 merged to under-20 from TY2022. Through TY2019 traditional contributions were barred at 70.5+ (SECURE Act removed the age cap from TY2020). Harmonised groups sum native bands. TY2022+ new SOI series.
2009,native,75 under 80,4965052.0,846234.0,34398.0,240479.0,2505859.0,356051065.0,0.69,1.37,6991.0,0.068,former SOI methodology (2000-2021),"IRS SOI IRA table by age of taxpayer, TY2009, https://www.irs.gov/pub/irs-soi/09in04ira.xls",All IRA types combined (each taxpayer once). Taxpayers = primary+secondary taxpayers on filed returns in the age group. Owners = year-end FMV > 0. Native bands change: under-15/15-19 merged to under-20 from TY2022. Through TY2019 traditional contributions were barred at 70.5+ (SECURE Act removed the age cap from TY2020). Harmonised groups sum native bands. TY2022+ new SOI series.
2010,native,75 under 80,5074985.0,829533.0,31228.0,202264.0,2530225.0,408213641.0,0.62,1.23,6477.0,0.05,former SOI methodology (2000-2021),"IRS SOI IRA table by age of taxpayer, TY2010, https://www.irs.gov/pub/irs-soi/10in04ira.xls",All IRA types combined (each taxpayer once). Taxpayers = primary+secondary taxpayers on filed returns in the age group. Owners = year-end FMV > 0. Native bands change: under-15/15-19 merged to under-20 from TY2022. Through TY2019 traditional contributions were barred at 70.5+ (SECURE Act removed the age cap from TY2020). Harmonised groups sum native bands. TY2022+ new SOI series.
2011,native,75 under 80,5113312.0,857035.0,35139.0,272256.0,2549025.0,486397436.0,0.69,1.38,7748.0,0.056,former SOI methodology (2000-2021),"IRS SOI IRA table by age of taxpayer, TY2011, https://www.irs.gov/pub/irs-soi/11in04ira.xls",All IRA types combined (each taxpayer once). Taxpayers = primary+secondary taxpayers on filed returns in the age group. Owners = year-end FMV > 0. Native bands change: under-15/15-19 merged to under-20 from TY2022. Through TY2019 traditional contributions were barred at 70.5+ (SECURE Act removed the age cap from TY2020). Harmonised groups sum native bands. TY2022+ new SOI series.
2012,native,75 under 80,5194401.0,904711.0,42087.0,286574.0,2669968.0,466294778.0,0.81,1.58,6809.0,0.061,former SOI methodology (2000-2021),"IRS SOI IRA table by age of taxpayer, TY2012, https://www.irs.gov/pub/irs-soi/12in04ira.xls",All IRA types combined (each taxpayer once). Taxpayers = primary+secondary taxpayers on filed returns in the age group. Owners = year-end FMV > 0. Native bands change: under-15/15-19 merged to under-20 from TY2022. Through TY2019 traditional contributions were barred at 70.5+ (SECURE Act removed the age cap from TY2020). Harmonised groups sum native bands. TY2022+ new SOI series.
2013,native,75 under 80,5467261.0,952075.0,49122.0,321386.0,2855222.0,589225510.0,0.9,1.72,6543.0,0.055,former SOI methodology (2000-2021),"IRS SOI IRA table by age of taxpayer, TY2013, https://www.irs.gov/pub/irs-soi/13in04ira.xls",All IRA types combined (each taxpayer once). Taxpayers = primary+secondary taxpayers on filed returns in the age group. Owners = year-end FMV > 0. Native bands change: under-15/15-19 merged to under-20 from TY2022. Through TY2019 traditional contributions were barred at 70.5+ (SECURE Act removed the age cap from TY2020). Harmonised groups sum native bands. TY2022+ new SOI series.
2014,native,75 under 80,5503853.0,917436.0,55341.0,399807.0,2888387.0,628023660.0,1.01,1.92,7224.0,0.064,former SOI methodology (2000-2021),"IRS SOI IRA table by age of taxpayer, TY2014, https://www.irs.gov/pub/irs-soi/14in04ira.xls",All IRA types combined (each taxpayer once). Taxpayers = primary+secondary taxpayers on filed returns in the age group. Owners = year-end FMV > 0. Native bands change: under-15/15-19 merged to under-20 from TY2022. Through TY2019 traditional contributions were barred at 70.5+ (SECURE Act removed the age cap from TY2020). Harmonised groups sum native bands. TY2022+ new SOI series.
2015,native,75 under 80,5773575.0,989081.0,62474.0,425683.0,3012777.0,644374098.0,1.08,2.07,6814.0,0.066,former SOI methodology (2000-2021),"IRS SOI IRA table by age of taxpayer, TY2015, https://www.irs.gov/pub/irs-soi/15in04ira.xls",All IRA types combined (each taxpayer once). Taxpayers = primary+secondary taxpayers on filed returns in the age group. Owners = year-end FMV > 0. Native bands change: under-15/15-19 merged to under-20 from TY2022. Through TY2019 traditional contributions were barred at 70.5+ (SECURE Act removed the age cap from TY2020). Harmonised groups sum native bands. TY2022+ new SOI series.
2016,native,75 under 80,5871240.0,996785.0,57922.0,454162.0,3115846.0,709330490.0,0.99,1.86,7841.0,0.064,former SOI methodology (2000-2021),"IRS SOI IRA table by age of taxpayer, TY2016, https://www.irs.gov/pub/irs-soi/16in04ira.xls",All IRA types combined (each taxpayer once). Taxpayers = primary+secondary taxpayers on filed returns in the age group. Owners = year-end FMV > 0. Native bands change: under-15/15-19 merged to under-20 from TY2022. Through TY2019 traditional contributions were barred at 70.5+ (SECURE Act removed the age cap from TY2020). Harmonised groups sum native bands. TY2022+ new SOI series.
2017,native,75 under 80,6269019.0,1030333.0,62840.0,524266.0,3369833.0,878847568.0,1.0,1.86,8343.0,0.06,former SOI methodology (2000-2021),"IRS SOI IRA table by age of taxpayer, TY2017, https://www.irs.gov/pub/irs-soi/17in04ira.xlsx",All IRA types combined (each taxpayer once). Taxpayers = primary+secondary taxpayers on filed returns in the age group. Owners = year-end FMV > 0. Native bands change: under-15/15-19 merged to under-20 from TY2022. Through TY2019 traditional contributions were barred at 70.5+ (SECURE Act removed the age cap from TY2020). Harmonised groups sum native bands. TY2022+ new SOI series.
2018,native,75 under 80,6629836.0,1098739.0,61060.0,484986.0,3563750.0,882292536.0,0.92,1.71,7943.0,0.055,former SOI methodology (2000-2021),"IRS SOI IRA table by age of taxpayer, TY2018, https://www.irs.gov/pub/irs-soi/18in04ira.xlsx",All IRA types combined (each taxpayer once). Taxpayers = primary+secondary taxpayers on filed returns in the age group. Owners = year-end FMV > 0. Native bands change: under-15/15-19 merged to under-20 from TY2022. Through TY2019 traditional contributions were barred at 70.5+ (SECURE Act removed the age cap from TY2020). Harmonised groups sum native bands. TY2022+ new SOI series.
2019,native,75 under 80,6803984.0,1104915.0,68899.0,549154.0,3693641.0,1064958538.0,1.01,1.87,7970.0,0.052,former SOI methodology (2000-2021),"IRS SOI IRA table by age of taxpayer, TY2019, https://www.irs.gov/pub/irs-soi/19in04ira.xlsx",All IRA types combined (each taxpayer once). Taxpayers = primary+secondary taxpayers on filed returns in the age group. Owners = year-end FMV > 0. Native bands change: under-15/15-19 merged to under-20 from TY2022. Through TY2019 traditional contributions were barred at 70.5+ (SECURE Act removed the age cap from TY2020). Harmonised groups sum native bands. TY2022+ new SOI series.
2020,native,75 under 80,7288809.0,1215878.0,70143.0,582536.0,3799795.0,1267674501.0,0.96,1.85,8305.0,0.046,former SOI methodology (2000-2021),"IRS SOI IRA table by age of taxpayer, TY2020, https://www.irs.gov/pub/irs-soi/20in04ira.xlsx",All IRA types combined (each taxpayer once). Taxpayers = primary+secondary taxpayers on filed returns in the age group. Owners = year-end FMV > 0. Native bands change: under-15/15-19 merged to under-20 from TY2022. Through TY2019 traditional contributions were barred at 70.5+ (SECURE Act removed the age cap from TY2020). Harmonised groups sum native bands. TY2022+ new SOI series.
2021,native,75 under 80,7656513.0,1209734.0,99225.0,862926.0,4076223.0,1562720862.0,1.3,2.43,8697.0,0.055,former SOI methodology (2000-2021),"IRS SOI IRA table by age of taxpayer, TY2021, https://www.irs.gov/pub/irs-soi/21in04ira.xlsx",All IRA types combined (each taxpayer once). Taxpayers = primary+secondary taxpayers on filed returns in the age group. Owners = year-end FMV > 0. Native bands change: under-15/15-19 merged to under-20 from TY2022. Through TY2019 traditional contributions were barred at 70.5+ (SECURE Act removed the age cap from TY2020). Harmonised groups sum native bands. TY2022+ new SOI series.
2022,native,75 under 80,8200205.0,2475210.0,144545.0,1038014.0,4431560.0,1466554043.0,1.76,3.26,7181.0,0.071,new SOI methodology (2022+),"IRS SOI IRA table by age of taxpayer, TY2022, https://www.irs.gov/pub/irs-soi/22in04ira.xlsx",All IRA types combined (each taxpayer once). Taxpayers = primary+secondary taxpayers on filed returns in the age group. Owners = year-end FMV > 0. Native bands change: under-15/15-19 merged to under-20 from TY2022. Through TY2019 traditional contributions were barred at 70.5+ (SECURE Act removed the age cap from TY2020). Harmonised groups sum native bands. TY2022+ new SOI series.
2023,native,75 under 80,8458960.0,2464775.0,156049.0,1131720.0,4577722.0,1707038996.0,1.84,3.41,7252.0,0.066,new SOI methodology (2022+),"IRS SOI IRA table by age of taxpayer, TY2023, https://www.irs.gov/pub/irs-soi/23in04ira.xlsx",All IRA types combined (each taxpayer once). Taxpayers = primary+secondary taxpayers on filed returns in the age group. Owners = year-end FMV > 0. Native bands change: under-15/15-19 merged to under-20 from TY2022. Through TY2019 traditional contributions were barred at 70.5+ (SECURE Act removed the age cap from TY2020). Harmonised groups sum native bands. TY2022+ new SOI series.
2000,native,80 and over,4877229.9570277,560967.18,9570.33,30440.10499,770677.5,45218452.0672,0.2,1.24,3181.0,0.067,former SOI methodology (2000-2021),"IRS SOI IRA table by age of taxpayer, TY2000, https://www.irs.gov/pub/irs-soi/00in05ir.xls",All IRA types combined (each taxpayer once). Taxpayers = primary+secondary taxpayers on filed returns in the age group. Owners = year-end FMV > 0. Native bands change: under-15/15-19 merged to under-20 from TY2022. Through TY2019 traditional contributions were barred at 70.5+ (SECURE Act removed the age cap from TY2020). Harmonised groups sum native bands. TY2022+ new SOI series.
2001,native,80 and over,5134628.0,485008.0,5154.0,13333.0,986086.0,55718210.0,0.1,0.52,2587.0,0.024,former SOI methodology (2000-2021),"IRS SOI IRA table by age of taxpayer, TY2001, https://www.irs.gov/pub/irs-soi/01in05ira.xls",All IRA types combined (each taxpayer once). Taxpayers = primary+secondary taxpayers on filed returns in the age group. Owners = year-end FMV > 0. Native bands change: under-15/15-19 merged to under-20 from TY2022. Through TY2019 traditional contributions were barred at 70.5+ (SECURE Act removed the age cap from TY2020). Harmonised groups sum native bands. TY2022+ new SOI series.
2002,native,80 and over,5245174.0,398491.0,6485.0,27666.0,1174398.0,63316995.0,0.12,0.55,4266.0,0.044,former SOI methodology (2000-2021),"IRS SOI IRA table by age of taxpayer, TY2002, https://www.irs.gov/pub/irs-soi/02in10ira.xls",All IRA types combined (each taxpayer once). Taxpayers = primary+secondary taxpayers on filed returns in the age group. Owners = year-end FMV > 0. Native bands change: under-15/15-19 merged to under-20 from TY2022. Through TY2019 traditional contributions were barred at 70.5+ (SECURE Act removed the age cap from TY2020). Harmonised groups sum native bands. TY2022+ new SOI series.
2004,native,80 and over,5550596.0,469811.0,5950.0,40554.0,1583650.0,117438806.0,0.11,0.38,6816.0,0.035,former SOI methodology (2000-2021),"IRS SOI IRA table by age of taxpayer, TY2004, https://www.irs.gov/pub/irs-soi/04in04ira.xls",All IRA types combined (each taxpayer once). Taxpayers = primary+secondary taxpayers on filed returns in the age group. Owners = year-end FMV > 0. Native bands change: under-15/15-19 merged to under-20 from TY2022. Through TY2019 traditional contributions were barred at 70.5+ (SECURE Act removed the age cap from TY2020). Harmonised groups sum native bands. TY2022+ new SOI series.
2005,native,80 and over,5737450.0,481389.0,11434.0,62668.0,1747235.0,136998376.0,0.2,0.65,5481.0,0.046,former SOI methodology (2000-2021),"IRS SOI IRA table by age of taxpayer, TY2005, https://www.irs.gov/pub/irs-soi/05in04ira.xls",All IRA types combined (each taxpayer once). Taxpayers = primary+secondary taxpayers on filed returns in the age group. Owners = year-end FMV > 0. Native bands change: under-15/15-19 merged to under-20 from TY2022. Through TY2019 traditional contributions were barred at 70.5+ (SECURE Act removed the age cap from TY2020). Harmonised groups sum native bands. TY2022+ new SOI series.
2006,native,80 and over,6330029.0,514121.0,10175.0,81414.0,2054536.0,181281296.0,0.16,0.5,8001.0,0.045,former SOI methodology (2000-2021),"IRS SOI IRA table by age of taxpayer, TY2006, https://www.irs.gov/pub/irs-soi/06in04ira.xls",All IRA types combined (each taxpayer once). Taxpayers = primary+secondary taxpayers on filed returns in the age group. Owners = year-end FMV > 0. Native bands change: under-15/15-19 merged to under-20 from TY2022. Through TY2019 traditional contributions were barred at 70.5+ (SECURE Act removed the age cap from TY2020). Harmonised groups sum native bands. TY2022+ new SOI series.
2007,native,80 and over,6290588.0,529601.0,14208.0,84626.0,2237405.0,221450049.0,0.23,0.64,5956.0,0.038,former SOI methodology (2000-2021),"IRS SOI IRA table by age of taxpayer, TY2007, https://www.irs.gov/pub/irs-soi/07in04ira.xls",All IRA types combined (each taxpayer once). Taxpayers = primary+secondary taxpayers on filed returns in the age group. Owners = year-end FMV > 0. Native bands change: under-15/15-19 merged to under-20 from TY2022. Through TY2019 traditional contributions were barred at 70.5+ (SECURE Act removed the age cap from TY2020). Harmonised groups sum native bands. TY2022+ new SOI series.
2008,native,80 and over,6602936.0,576358.0,12618.0,77942.0,2493662.0,206386158.0,0.19,0.51,6177.0,0.038,former SOI methodology (2000-2021),"IRS SOI IRA table by age of taxpayer, TY2008, https://www.irs.gov/pub/irs-soi/08in04ira.xls",All IRA types combined (each taxpayer once). Taxpayers = primary+secondary taxpayers on filed returns in the age group. Owners = year-end FMV > 0. Native bands change: under-15/15-19 merged to under-20 from TY2022. Through TY2019 traditional contributions were barred at 70.5+ (SECURE Act removed the age cap from TY2020). Harmonised groups sum native bands. TY2022+ new SOI series.
2009,native,80 and over,6716444.0,522022.0,12125.0,99140.0,2667888.0,266343445.0,0.18,0.45,8176.0,0.037,former SOI methodology (2000-2021),"IRS SOI IRA table by age of taxpayer, TY2009, https://www.irs.gov/pub/irs-soi/09in04ira.xls",All IRA types combined (each taxpayer once). Taxpayers = primary+secondary taxpayers on filed returns in the age group. Owners = year-end FMV > 0. Native bands change: under-15/15-19 merged to under-20 from TY2022. Through TY2019 traditional contributions were barred at 70.5+ (SECURE Act removed the age cap from TY2020). Harmonised groups sum native bands. TY2022+ new SOI series.
2010,native,80 and over,6903520.0,500209.0,17013.0,92402.0,2765906.0,307803175.0,0.25,0.62,5431.0,0.03,former SOI methodology (2000-2021),"IRS SOI IRA table by age of taxpayer, TY2010, https://www.irs.gov/pub/irs-soi/10in04ira.xls",All IRA types combined (each taxpayer once). Taxpayers = primary+secondary taxpayers on filed returns in the age group. Owners = year-end FMV > 0. Native bands change: under-15/15-19 merged to under-20 from TY2022. Through TY2019 traditional contributions were barred at 70.5+ (SECURE Act removed the age cap from TY2020). Harmonised groups sum native bands. TY2022+ new SOI series.
2011,native,80 and over,7035127.0,504350.0,18403.0,124370.0,2931292.0,339287365.0,0.26,0.63,6758.0,0.037,former SOI methodology (2000-2021),"IRS SOI IRA table by age of taxpayer, TY2011, https://www.irs.gov/pub/irs-soi/11in04ira.xls",All IRA types combined (each taxpayer once). Taxpayers = primary+secondary taxpayers on filed returns in the age group. Owners = year-end FMV > 0. Native bands change: under-15/15-19 merged to under-20 from TY2022. Through TY2019 traditional contributions were barred at 70.5+ (SECURE Act removed the age cap from TY2020). Harmonised groups sum native bands. TY2022+ new SOI series.
2012,native,80 and over,7143664.0,538820.0,20166.0,109837.0,3122134.0,405001347.0,0.28,0.65,5447.0,0.027,former SOI methodology (2000-2021),"IRS SOI IRA table by age of taxpayer, TY2012, https://www.irs.gov/pub/irs-soi/12in04ira.xls",All IRA types combined (each taxpayer once). Taxpayers = primary+secondary taxpayers on filed returns in the age group. Owners = year-end FMV > 0. Native bands change: under-15/15-19 merged to under-20 from TY2022. Through TY2019 traditional contributions were barred at 70.5+ (SECURE Act removed the age cap from TY2020). Harmonised groups sum native bands. TY2022+ new SOI series.
2013,native,80 and over,7276924.0,554206.0,24867.0,133900.0,3274274.0,479927579.0,0.34,0.76,5385.0,0.028,former SOI methodology (2000-2021),"IRS SOI IRA table by age of taxpayer, TY2013, https://www.irs.gov/pub/irs-soi/13in04ira.xls",All IRA types combined (each taxpayer once). Taxpayers = primary+secondary taxpayers on filed returns in the age group. Owners = year-end FMV > 0. Native bands change: under-15/15-19 merged to under-20 from TY2022. Through TY2019 traditional contributions were barred at 70.5+ (SECURE Act removed the age cap from TY2020). Harmonised groups sum native bands. TY2022+ new SOI series.
2014,native,80 and over,7307345.0,544840.0,17157.0,126504.0,3372924.0,531674804.0,0.23,0.51,7373.0,0.024,former SOI methodology (2000-2021),"IRS SOI IRA table by age of taxpayer, TY2014, https://www.irs.gov/pub/irs-soi/14in04ira.xls",All IRA types combined (each taxpayer once). Taxpayers = primary+secondary taxpayers on filed returns in the age group. Owners = year-end FMV > 0. Native bands change: under-15/15-19 merged to under-20 from TY2022. Through TY2019 traditional contributions were barred at 70.5+ (SECURE Act removed the age cap from TY2020). Harmonised groups sum native bands. TY2022+ new SOI series.
2015,native,80 and over,7460181.0,549175.0,20657.0,120547.0,3528501.0,566252175.0,0.28,0.59,5836.0,0.021,former SOI methodology (2000-2021),"IRS SOI IRA table by age of taxpayer, TY2015, https://www.irs.gov/pub/irs-soi/15in04ira.xls",All IRA types combined (each taxpayer once). Taxpayers = primary+secondary taxpayers on filed returns in the age group. Owners = year-end FMV > 0. Native bands change: under-15/15-19 merged to under-20 from TY2022. Through TY2019 traditional contributions were barred at 70.5+ (SECURE Act removed the age cap from TY2020). Harmonised groups sum native bands. TY2022+ new SOI series.
2016,native,80 and over,7569795.0,556429.0,22804.0,156524.0,3672336.0,628296113.0,0.3,0.62,6864.0,0.025,former SOI methodology (2000-2021),"IRS SOI IRA table by age of taxpayer, TY2016, https://www.irs.gov/pub/irs-soi/16in04ira.xls",All IRA types combined (each taxpayer once). Taxpayers = primary+secondary taxpayers on filed returns in the age group. Owners = year-end FMV > 0. Native bands change: under-15/15-19 merged to under-20 from TY2022. Through TY2019 traditional contributions were barred at 70.5+ (SECURE Act removed the age cap from TY2020). Harmonised groups sum native bands. TY2022+ new SOI series.
2017,native,80 and over,7754272.0,595060.0,27351.0,184201.0,3823868.0,754538892.0,0.35,0.72,6735.0,0.024,former SOI methodology (2000-2021),"IRS SOI IRA table by age of taxpayer, TY2017, https://www.irs.gov/pub/irs-soi/17in04ira.xlsx",All IRA types combined (each taxpayer once). Taxpayers = primary+secondary taxpayers on filed returns in the age group. Owners = year-end FMV > 0. Native bands change: under-15/15-19 merged to under-20 from TY2022. Through TY2019 traditional contributions were barred at 70.5+ (SECURE Act removed the age cap from TY2020). Harmonised groups sum native bands. TY2022+ new SOI series.
2018,native,80 and over,7897527.0,605915.0,29504.0,213690.0,3976721.0,768115915.0,0.37,0.74,7243.0,0.028,former SOI methodology (2000-2021),"IRS SOI IRA table by age of taxpayer, TY2018, https://www.irs.gov/pub/irs-soi/18in04ira.xlsx",All IRA types combined (each taxpayer once). Taxpayers = primary+secondary taxpayers on filed returns in the age group. Owners = year-end FMV > 0. Native bands change: under-15/15-19 merged to under-20 from TY2022. Through TY2019 traditional contributions were barred at 70.5+ (SECURE Act removed the age cap from TY2020). Harmonised groups sum native bands. TY2022+ new SOI series.
2019,native,80 and over,7948227.0,601476.0,31358.0,221864.0,4089742.0,937077279.0,0.39,0.77,7075.0,0.024,former SOI methodology (2000-2021),"IRS SOI IRA table by age of taxpayer, TY2019, https://www.irs.gov/pub/irs-soi/19in04ira.xlsx",All IRA types combined (each taxpayer once). Taxpayers = primary+secondary taxpayers on filed returns in the age group. Owners = year-end FMV > 0. Native bands change: under-15/15-19 merged to under-20 from TY2022. Through TY2019 traditional contributions were barred at 70.5+ (SECURE Act removed the age cap from TY2020). Harmonised groups sum native bands. TY2022+ new SOI series.
2020,native,80 and over,8452923.0,643943.0,35621.0,220005.0,4292185.0,1117552089.0,0.42,0.83,6176.0,0.02,former SOI methodology (2000-2021),"IRS SOI IRA table by age of taxpayer, TY2020, https://www.irs.gov/pub/irs-soi/20in04ira.xlsx",All IRA types combined (each taxpayer once). Taxpayers = primary+secondary taxpayers on filed returns in the age group. Owners = year-end FMV > 0. Native bands change: under-15/15-19 merged to under-20 from TY2022. Through TY2019 traditional contributions were barred at 70.5+ (SECURE Act removed the age cap from TY2020). Harmonised groups sum native bands. TY2022+ new SOI series.
2021,native,80 and over,8428612.0,571926.0,33196.0,260786.0,4407274.0,1274228400.0,0.39,0.75,7856.0,0.02,former SOI methodology (2000-2021),"IRS SOI IRA table by age of taxpayer, TY2021, https://www.irs.gov/pub/irs-soi/21in04ira.xlsx",All IRA types combined (each taxpayer once). Taxpayers = primary+secondary taxpayers on filed returns in the age group. Owners = year-end FMV > 0. Native bands change: under-15/15-19 merged to under-20 from TY2022. Through TY2019 traditional contributions were barred at 70.5+ (SECURE Act removed the age cap from TY2020). Harmonised groups sum native bands. TY2022+ new SOI series.
2022,native,80 and over,8944914.0,1226279.0,57925.0,289599.0,4759204.0,1262302133.0,0.65,1.22,5000.0,0.023,new SOI methodology (2022+),"IRS SOI IRA table by age of taxpayer, TY2022, https://www.irs.gov/pub/irs-soi/22in04ira.xlsx",All IRA types combined (each taxpayer once). Taxpayers = primary+secondary taxpayers on filed returns in the age group. Owners = year-end FMV > 0. Native bands change: under-15/15-19 merged to under-20 from TY2022. Through TY2019 traditional contributions were barred at 70.5+ (SECURE Act removed the age cap from TY2020). Harmonised groups sum native bands. TY2022+ new SOI series.
2023,native,80 and over,9308246.0,1286749.0,66605.0,357018.0,4995458.0,1500950515.0,0.72,1.33,5360.0,0.024,new SOI methodology (2022+),"IRS SOI IRA table by age of taxpayer, TY2023, https://www.irs.gov/pub/irs-soi/23in04ira.xlsx",All IRA types combined (each taxpayer once). Taxpayers = primary+secondary taxpayers on filed returns in the age group. Owners = year-end FMV > 0. Native bands change: under-15/15-19 merged to under-20 from TY2022. Through TY2019 traditional contributions were barred at 70.5+ (SECURE Act removed the age cap from TY2020). Harmonised groups sum native bands. TY2022+ new SOI series.
2000,native,Under 15,1579058.938,254224.08,127300.62,99456.6223,163819.35,319531.7961,8.06,77.71,781.0,31.126,former SOI methodology (2000-2021),"IRS SOI IRA table by age of taxpayer, TY2000, https://www.irs.gov/pub/irs-soi/00in05ir.xls",All IRA types combined (each taxpayer once). Taxpayers = primary+secondary taxpayers on filed returns in the age group. Owners = year-end FMV > 0. Native bands change: under-15/15-19 merged to under-20 from TY2022. Through TY2019 traditional contributions were barred at 70.5+ (SECURE Act removed the age cap from TY2020). Harmonised groups sum native bands. TY2022+ new SOI series.
2001,native,Under 15,1141133.0,146338.0,47818.0,54522.0,93830.0,720053.0,4.19,50.96,1140.0,7.572,former SOI methodology (2000-2021),"IRS SOI IRA table by age of taxpayer, TY2001, https://www.irs.gov/pub/irs-soi/01in05ira.xls",All IRA types combined (each taxpayer once). Taxpayers = primary+secondary taxpayers on filed returns in the age group. Owners = year-end FMV > 0. Native bands change: under-15/15-19 merged to under-20 from TY2022. Through TY2019 traditional contributions were barred at 70.5+ (SECURE Act removed the age cap from TY2020). Harmonised groups sum native bands. TY2022+ new SOI series.
2002,native,Under 15,817917.0,169676.0,54340.0,99794.0,93077.0,552602.0,6.64,58.38,1836.0,18.059,former SOI methodology (2000-2021),"IRS SOI IRA table by age of taxpayer, TY2002, https://www.irs.gov/pub/irs-soi/02in10ira.xls",All IRA types combined (each taxpayer once). Taxpayers = primary+secondary taxpayers on filed returns in the age group. Owners = year-end FMV > 0. Native bands change: under-15/15-19 merged to under-20 from TY2022. Through TY2019 traditional contributions were barred at 70.5+ (SECURE Act removed the age cap from TY2020). Harmonised groups sum native bands. TY2022+ new SOI series.
2004,native,Under 15,529705.9,87109.0,13339.0,31321.0,29592.0,417749.0,2.52,45.08,2348.0,7.498,former SOI methodology (2000-2021),"IRS SOI IRA table by age of taxpayer, TY2004, https://www.irs.gov/pub/irs-soi/04in04ira.xls",All IRA types combined (each taxpayer once). Taxpayers = primary+secondary taxpayers on filed returns in the age group. Owners = year-end FMV > 0. Native bands change: under-15/15-19 merged to under-20 from TY2022. Through TY2019 traditional contributions were barred at 70.5+ (SECURE Act removed the age cap from TY2020). Harmonised groups sum native bands. TY2022+ new SOI series.
2005,native,Under 15,601567.8,93956.0,18266.0,45699.0,28963.0,274881.0,3.04,63.07,2502.0,16.625,former SOI methodology (2000-2021),"IRS SOI IRA table by age of taxpayer, TY2005, https://www.irs.gov/pub/irs-soi/05in04ira.xls",All IRA types combined (each taxpayer once). Taxpayers = primary+secondary taxpayers on filed returns in the age group. Owners = year-end FMV > 0. Native bands change: under-15/15-19 merged to under-20 from TY2022. Through TY2019 traditional contributions were barred at 70.5+ (SECURE Act removed the age cap from TY2020). Harmonised groups sum native bands. TY2022+ new SOI series.
2006,native,Under 15,607593.5,98383.0,17382.0,47239.0,24784.0,240705.0,2.86,70.13,2718.0,19.625,former SOI methodology (2000-2021),"IRS SOI IRA table by age of taxpayer, TY2006, https://www.irs.gov/pub/irs-soi/06in04ira.xls",All IRA types combined (each taxpayer once). Taxpayers = primary+secondary taxpayers on filed returns in the age group. Owners = year-end FMV > 0. Native bands change: under-15/15-19 merged to under-20 from TY2022. Through TY2019 traditional contributions were barred at 70.5+ (SECURE Act removed the age cap from TY2020). Harmonised groups sum native bands. TY2022+ new SOI series.
2007,native,Under 15,568857.6,90141.0,21133.0,57892.0,23559.0,237990.0,3.71,89.7,2739.0,24.325,former SOI methodology (2000-2021),"IRS SOI IRA table by age of taxpayer, TY2007, https://www.irs.gov/pub/irs-soi/07in04ira.xls",All IRA types combined (each taxpayer once). Taxpayers = primary+secondary taxpayers on filed returns in the age group. Owners = year-end FMV > 0. Native bands change: under-15/15-19 merged to under-20 from TY2022. Through TY2019 traditional contributions were barred at 70.5+ (SECURE Act removed the age cap from TY2020). Harmonised groups sum native bands. TY2022+ new SOI series.
2008,native,Under 15,410745.7,74680.0,12129.0,38561.0,21185.0,181785.0,2.95,57.25,3179.0,21.212,former SOI methodology (2000-2021),"IRS SOI IRA table by age of taxpayer, TY2008, https://www.irs.gov/pub/irs-soi/08in04ira.xls",All IRA types combined (each taxpayer once). Taxpayers = primary+secondary taxpayers on filed returns in the age group. Owners = year-end FMV > 0. Native bands change: under-15/15-19 merged to under-20 from TY2022. Through TY2019 traditional contributions were barred at 70.5+ (SECURE Act removed the age cap from TY2020). Harmonised groups sum native bands. TY2022+ new SOI series.
2009,native,Under 15,305487.8,53361.0,12108.0,40019.0,17322.0,248537.0,3.96,69.9,3305.0,16.102,former SOI methodology (2000-2021),"IRS SOI IRA table by age of taxpayer, TY2009, https://www.irs.gov/pub/irs-soi/09in04ira.xls",All IRA types combined (each taxpayer once). Taxpayers = primary+secondary taxpayers on filed returns in the age group. Owners = year-end FMV > 0. Native bands change: under-15/15-19 merged to under-20 from TY2022. Through TY2019 traditional contributions were barred at 70.5+ (SECURE Act removed the age cap from TY2020). Harmonised groups sum native bands. TY2022+ new SOI series.
2010,native,Under 15,266857.6,52611.0,8535.0,26434.0,17204.0,252107.0,3.2,49.61,3097.0,10.485,former SOI methodology (2000-2021),"IRS SOI IRA table by age of taxpayer, TY2010, https://www.irs.gov/pub/irs-soi/10in04ira.xls",All IRA types combined (each taxpayer once). Taxpayers = primary+secondary taxpayers on filed returns in the age group. Owners = year-end FMV > 0. Native bands change: under-15/15-19 merged to under-20 from TY2022. Through TY2019 traditional contributions were barred at 70.5+ (SECURE Act removed the age cap from TY2020). Harmonised groups sum native bands. TY2022+ new SOI series.
2011,native,Under 15,342075.0,55345.0,17472.0,63558.0,21095.0,256630.0,5.11,82.83,3638.0,24.766,former SOI methodology (2000-2021),"IRS SOI IRA table by age of taxpayer, TY2011, https://www.irs.gov/pub/irs-soi/11in04ira.xls",All IRA types combined (each taxpayer once). Taxpayers = primary+secondary taxpayers on filed returns in the age group. Owners = year-end FMV > 0. Native bands change: under-15/15-19 merged to under-20 from TY2022. Through TY2019 traditional contributions were barred at 70.5+ (SECURE Act removed the age cap from TY2020). Harmonised groups sum native bands. TY2022+ new SOI series.
2012,native,Under 15,290748.0,49952.0,14003.0,43346.0,18529.0,280592.0,4.82,75.57,3095.0,15.448,former SOI methodology (2000-2021),"IRS SOI IRA table by age of taxpayer, TY2012, https://www.irs.gov/pub/irs-soi/12in04ira.xls",All IRA types combined (each taxpayer once). Taxpayers = primary+secondary taxpayers on filed returns in the age group. Owners = year-end FMV > 0. Native bands change: under-15/15-19 merged to under-20 from TY2022. Through TY2019 traditional contributions were barred at 70.5+ (SECURE Act removed the age cap from TY2020). Harmonised groups sum native bands. TY2022+ new SOI series.
2013,native,Under 15,285126.0,52133.0,11935.0,42524.0,19438.0,411327.0,4.19,61.4,3563.0,10.338,former SOI methodology (2000-2021),"IRS SOI IRA table by age of taxpayer, TY2013, https://www.irs.gov/pub/irs-soi/13in04ira.xls",All IRA types combined (each taxpayer once). Taxpayers = primary+secondary taxpayers on filed returns in the age group. Owners = year-end FMV > 0. Native bands change: under-15/15-19 merged to under-20 from TY2022. Through TY2019 traditional contributions were barred at 70.5+ (SECURE Act removed the age cap from TY2020). Harmonised groups sum native bands. TY2022+ new SOI series.
2014,native,Under 15,261057.0,50821.0,11338.0,37242.0,18526.0,484720.0,4.34,61.2,3285.0,7.683,former SOI methodology (2000-2021),"IRS SOI IRA table by age of taxpayer, TY2014, https://www.irs.gov/pub/irs-soi/14in04ira.xls",All IRA types combined (each taxpayer once). Taxpayers = primary+secondary taxpayers on filed returns in the age group. Owners = year-end FMV > 0. Native bands change: under-15/15-19 merged to under-20 from TY2022. Through TY2019 traditional contributions were barred at 70.5+ (SECURE Act removed the age cap from TY2020). Harmonised groups sum native bands. TY2022+ new SOI series.
2015,native,Under 15,238831.0,47317.0,11154.0,49035.0,17163.0,468423.0,4.67,64.99,4396.0,10.468,former SOI methodology (2000-2021),"IRS SOI IRA table by age of taxpayer, TY2015, https://www.irs.gov/pub/irs-soi/15in04ira.xls",All IRA types combined (each taxpayer once). Taxpayers = primary+secondary taxpayers on filed returns in the age group. Owners = year-end FMV > 0. Native bands change: under-15/15-19 merged to under-20 from TY2022. Through TY2019 traditional contributions were barred at 70.5+ (SECURE Act removed the age cap from TY2020). Harmonised groups sum native bands. TY2022+ new SOI series.
2016,native,Under 15,227133.0,50502.0,10557.0,46524.0,15115.0,443375.0,4.65,69.84,4407.0,10.493,former SOI methodology (2000-2021),"IRS SOI IRA table by age of taxpayer, TY2016, https://www.irs.gov/pub/irs-soi/16in04ira.xls",All IRA types combined (each taxpayer once). Taxpayers = primary+secondary taxpayers on filed returns in the age group. Owners = year-end FMV > 0. Native bands change: under-15/15-19 merged to under-20 from TY2022. Through TY2019 traditional contributions were barred at 70.5+ (SECURE Act removed the age cap from TY2020). Harmonised groups sum native bands. TY2022+ new SOI series.
2017,native,Under 15,241426.0,69996.0,8048.0,35181.0,15124.0,1264306.0,3.33,53.21,4371.0,2.783,former SOI methodology (2000-2021),"IRS SOI IRA table by age of taxpayer, TY2017, https://www.irs.gov/pub/irs-soi/17in04ira.xlsx",All IRA types combined (each taxpayer once). Taxpayers = primary+secondary taxpayers on filed returns in the age group. Owners = year-end FMV > 0. Native bands change: under-15/15-19 merged to under-20 from TY2022. Through TY2019 traditional contributions were barred at 70.5+ (SECURE Act removed the age cap from TY2020). Harmonised groups sum native bands. TY2022+ new SOI series.
2018,native,Under 15,232471.0,47287.0,13145.0,38858.0,18614.0,1331976.0,5.65,70.62,2956.0,2.917,former SOI methodology (2000-2021),"IRS SOI IRA table by age of taxpayer, TY2018, https://www.irs.gov/pub/irs-soi/18in04ira.xlsx",All IRA types combined (each taxpayer once). Taxpayers = primary+secondary taxpayers on filed returns in the age group. Owners = year-end FMV > 0. Native bands change: under-15/15-19 merged to under-20 from TY2022. Through TY2019 traditional contributions were barred at 70.5+ (SECURE Act removed the age cap from TY2020). Harmonised groups sum native bands. TY2022+ new SOI series.
2019,native,Under 15,213215.0,46401.0,13219.0,46301.0,18707.0,1545688.0,6.2,70.66,3503.0,2.995,former SOI methodology (2000-2021),"IRS SOI IRA table by age of taxpayer, TY2019, https://www.irs.gov/pub/irs-soi/19in04ira.xlsx",All IRA types combined (each taxpayer once). Taxpayers = primary+secondary taxpayers on filed returns in the age group. Owners = year-end FMV > 0. Native bands change: under-15/15-19 merged to under-20 from TY2022. Through TY2019 traditional contributions were barred at 70.5+ (SECURE Act removed the age cap from TY2020). Harmonised groups sum native bands. TY2022+ new SOI series.
2020,native,Under 15,223628.0,55689.0,11009.0,39412.0,18133.0,1536652.0,4.92,60.71,3580.0,2.565,former SOI methodology (2000-2021),"IRS SOI IRA table by age of taxpayer, TY2020, https://www.irs.gov/pub/irs-soi/20in04ira.xlsx",All IRA types combined (each taxpayer once). Taxpayers = primary+secondary taxpayers on filed returns in the age group. Owners = year-end FMV > 0. Native bands change: under-15/15-19 merged to under-20 from TY2022. Through TY2019 traditional contributions were barred at 70.5+ (SECURE Act removed the age cap from TY2020). Harmonised groups sum native bands. TY2022+ new SOI series.
2021,native,Under 15,240639.0,53356.0,14572.0,60118.0,19722.0,1803478.0,6.06,73.89,4126.0,3.333,former SOI methodology (2000-2021),"IRS SOI IRA table by age of taxpayer, TY2021, https://www.irs.gov/pub/irs-soi/21in04ira.xlsx",All IRA types combined (each taxpayer once). Taxpayers = primary+secondary taxpayers on filed returns in the age group. Owners = year-end FMV > 0. Native bands change: under-15/15-19 merged to under-20 from TY2022. Through TY2019 traditional contributions were barred at 70.5+ (SECURE Act removed the age cap from TY2020). Harmonised groups sum native bands. TY2022+ new SOI series.
2022,native,Under 20,6640400.0,6045604.0,0.0,0.0,256685.0,3019218.0,0.0,0.0,,0.0,new SOI methodology (2022+),"IRS SOI IRA table by age of taxpayer, TY2022, https://www.irs.gov/pub/irs-soi/22in04ira.xlsx",All IRA types combined (each taxpayer once). Taxpayers = primary+secondary taxpayers on filed returns in the age group. Owners = year-end FMV > 0. Native bands change: under-15/15-19 merged to under-20 from TY2022. Through TY2019 traditional contributions were barred at 70.5+ (SECURE Act removed the age cap from TY2020). Harmonised groups sum native bands. TY2022+ new SOI series.
2023,native,Under 20,5886493.0,5492254.0,238771.0,680217.0,272481.0,3531689.0,4.06,87.63,2849.0,19.26,new SOI methodology (2022+),"IRS SOI IRA table by age of taxpayer, TY2023, https://www.irs.gov/pub/irs-soi/23in04ira.xlsx",All IRA types combined (each taxpayer once). Taxpayers = primary+secondary taxpayers on filed returns in the age group. Owners = year-end FMV > 0. Native bands change: under-15/15-19 merged to under-20 from TY2022. Through TY2019 traditional contributions were barred at 70.5+ (SECURE Act removed the age cap from TY2020). Harmonised groups sum native bands. TY2022+ new SOI series.
