year,ira_type,age,contributors,contributions_k,eoy_owners,eoy_fmv_k,method_era,source,pct_owners_contributing,avg_contribution_dollars,note
2017,Traditional,All taxpayers,4485118.0,18844643.0,47722207.0,8017518107.0,former SOI methodology (2000-2021),"IRS SOI IRA Table 8 (by type of plan and age), TY2017, https://www.irs.gov/pub/irs-soi/17in08ira.xlsx",9.4,4202.0,Owners = taxpayers with year-end FMV > 0 of that type. TY2022 Table 8 not posted (link 404 on 2026-10-06). Age bands differ by year (top band 70+ in 2023).
2017,SEP,All taxpayers,1134589.0,16583869.0,3276475.0,453301025.0,former SOI methodology (2000-2021),"IRS SOI IRA Table 8 (by type of plan and age), TY2017, https://www.irs.gov/pub/irs-soi/17in08ira.xlsx",34.63,14617.0,Owners = taxpayers with year-end FMV > 0 of that type. TY2022 Table 8 not posted (link 404 on 2026-10-06). Age bands differ by year (top band 70+ in 2023).
2017,SIMPLE,All taxpayers,1980695.0,10465273.0,3094484.0,126610436.0,former SOI methodology (2000-2021),"IRS SOI IRA Table 8 (by type of plan and age), TY2017, https://www.irs.gov/pub/irs-soi/17in08ira.xlsx",64.01,5284.0,Owners = taxpayers with year-end FMV > 0 of that type. TY2022 Table 8 not posted (link 404 on 2026-10-06). Age bands differ by year (top band 70+ in 2023).
2017,Roth,All taxpayers,6764105.0,23509666.0,20678289.0,841978941.0,former SOI methodology (2000-2021),"IRS SOI IRA Table 8 (by type of plan and age), TY2017, https://www.irs.gov/pub/irs-soi/17in08ira.xlsx",32.71,3476.0,Owners = taxpayers with year-end FMV > 0 of that type. TY2022 Table 8 not posted (link 404 on 2026-10-06). Age bands differ by year (top band 70+ in 2023).
2017,Traditional,20 under 25,57289.0,146829.0,210527.0,2066463.0,former SOI methodology (2000-2021),"IRS SOI IRA Table 8 (by type of plan and age), TY2017, https://www.irs.gov/pub/irs-soi/17in08ira.xlsx",27.21,2563.0,Owners = taxpayers with year-end FMV > 0 of that type. TY2022 Table 8 not posted (link 404 on 2026-10-06). Age bands differ by year (top band 70+ in 2023).
2017,SEP,20 under 25,7600.0,43882.0,9768.0,116261.0,former SOI methodology (2000-2021),"IRS SOI IRA Table 8 (by type of plan and age), TY2017, https://www.irs.gov/pub/irs-soi/17in08ira.xlsx",77.81,5774.0,Owners = taxpayers with year-end FMV > 0 of that type. TY2022 Table 8 not posted (link 404 on 2026-10-06). Age bands differ by year (top band 70+ in 2023).
2017,SIMPLE,20 under 25,71548.0,114290.0,85612.0,222020.0,former SOI methodology (2000-2021),"IRS SOI IRA Table 8 (by type of plan and age), TY2017, https://www.irs.gov/pub/irs-soi/17in08ira.xlsx",83.57,1597.0,Owners = taxpayers with year-end FMV > 0 of that type. TY2022 Table 8 not posted (link 404 on 2026-10-06). Age bands differ by year (top band 70+ in 2023).
2017,Roth,20 under 25,371521.0,1072380.0,472107.0,3758818.0,former SOI methodology (2000-2021),"IRS SOI IRA Table 8 (by type of plan and age), TY2017, https://www.irs.gov/pub/irs-soi/17in08ira.xlsx",78.69,2886.0,Owners = taxpayers with year-end FMV > 0 of that type. TY2022 Table 8 not posted (link 404 on 2026-10-06). Age bands differ by year (top band 70+ in 2023).
2017,Traditional,25 under 30,175826.0,526051.0,1009809.0,9940019.0,former SOI methodology (2000-2021),"IRS SOI IRA Table 8 (by type of plan and age), TY2017, https://www.irs.gov/pub/irs-soi/17in08ira.xlsx",17.41,2992.0,Owners = taxpayers with year-end FMV > 0 of that type. TY2022 Table 8 not posted (link 404 on 2026-10-06). Age bands differ by year (top band 70+ in 2023).
2017,SEP,25 under 30,31464.0,300078.0,52555.0,1079323.0,former SOI methodology (2000-2021),"IRS SOI IRA Table 8 (by type of plan and age), TY2017, https://www.irs.gov/pub/irs-soi/17in08ira.xlsx",59.87,9537.0,Owners = taxpayers with year-end FMV > 0 of that type. TY2022 Table 8 not posted (link 404 on 2026-10-06). Age bands differ by year (top band 70+ in 2023).
2017,SIMPLE,25 under 30,162972.0,380371.0,216180.0,1085983.0,former SOI methodology (2000-2021),"IRS SOI IRA Table 8 (by type of plan and age), TY2017, https://www.irs.gov/pub/irs-soi/17in08ira.xlsx",75.39,2334.0,Owners = taxpayers with year-end FMV > 0 of that type. TY2022 Table 8 not posted (link 404 on 2026-10-06). Age bands differ by year (top band 70+ in 2023).
2017,Roth,25 under 30,713703.0,2294680.0,1225049.0,14659385.0,former SOI methodology (2000-2021),"IRS SOI IRA Table 8 (by type of plan and age), TY2017, https://www.irs.gov/pub/irs-soi/17in08ira.xlsx",58.26,3215.0,Owners = taxpayers with year-end FMV > 0 of that type. TY2022 Table 8 not posted (link 404 on 2026-10-06). Age bands differ by year (top band 70+ in 2023).
2017,Traditional,30 under 35,297589.0,1041498.0,1721672.0,35117873.0,former SOI methodology (2000-2021),"IRS SOI IRA Table 8 (by type of plan and age), TY2017, https://www.irs.gov/pub/irs-soi/17in08ira.xlsx",17.28,3500.0,Owners = taxpayers with year-end FMV > 0 of that type. TY2022 Table 8 not posted (link 404 on 2026-10-06). Age bands differ by year (top band 70+ in 2023).
2017,SEP,30 under 35,57341.0,528024.0,109601.0,2860378.0,former SOI methodology (2000-2021),"IRS SOI IRA Table 8 (by type of plan and age), TY2017, https://www.irs.gov/pub/irs-soi/17in08ira.xlsx",52.32,9208.0,Owners = taxpayers with year-end FMV > 0 of that type. TY2022 Table 8 not posted (link 404 on 2026-10-06). Age bands differ by year (top band 70+ in 2023).
2017,SIMPLE,30 under 35,210024.0,690432.0,317107.0,3276113.0,former SOI methodology (2000-2021),"IRS SOI IRA Table 8 (by type of plan and age), TY2017, https://www.irs.gov/pub/irs-soi/17in08ira.xlsx",66.23,3287.0,Owners = taxpayers with year-end FMV > 0 of that type. TY2022 Table 8 not posted (link 404 on 2026-10-06). Age bands differ by year (top band 70+ in 2023).
2017,Roth,30 under 35,820074.0,2631503.0,1675745.0,33634607.0,former SOI methodology (2000-2021),"IRS SOI IRA Table 8 (by type of plan and age), TY2017, https://www.irs.gov/pub/irs-soi/17in08ira.xlsx",48.94,3209.0,Owners = taxpayers with year-end FMV > 0 of that type. TY2022 Table 8 not posted (link 404 on 2026-10-06). Age bands differ by year (top band 70+ in 2023).
2017,Traditional,35 under 40,371324.0,1348819.0,2455075.0,89936758.0,former SOI methodology (2000-2021),"IRS SOI IRA Table 8 (by type of plan and age), TY2017, https://www.irs.gov/pub/irs-soi/17in08ira.xlsx",15.12,3632.0,Owners = taxpayers with year-end FMV > 0 of that type. TY2022 Table 8 not posted (link 404 on 2026-10-06). Age bands differ by year (top band 70+ in 2023).
2017,SEP,35 under 40,87538.0,1173859.0,186644.0,8487004.0,former SOI methodology (2000-2021),"IRS SOI IRA Table 8 (by type of plan and age), TY2017, https://www.irs.gov/pub/irs-soi/17in08ira.xlsx",46.9,13410.0,Owners = taxpayers with year-end FMV > 0 of that type. TY2022 Table 8 not posted (link 404 on 2026-10-06). Age bands differ by year (top band 70+ in 2023).
2017,SIMPLE,35 under 40,216189.0,884396.0,365699.0,6623636.0,former SOI methodology (2000-2021),"IRS SOI IRA Table 8 (by type of plan and age), TY2017, https://www.irs.gov/pub/irs-soi/17in08ira.xlsx",59.12,4091.0,Owners = taxpayers with year-end FMV > 0 of that type. TY2022 Table 8 not posted (link 404 on 2026-10-06). Age bands differ by year (top band 70+ in 2023).
2017,Roth,35 under 40,800685.0,2267926.0,2033913.0,49580687.0,former SOI methodology (2000-2021),"IRS SOI IRA Table 8 (by type of plan and age), TY2017, https://www.irs.gov/pub/irs-soi/17in08ira.xlsx",39.37,2832.0,Owners = taxpayers with year-end FMV > 0 of that type. TY2022 Table 8 not posted (link 404 on 2026-10-06). Age bands differ by year (top band 70+ in 2023).
2017,Traditional,40 under 45,413965.0,1564708.0,2977412.0,174518055.0,former SOI methodology (2000-2021),"IRS SOI IRA Table 8 (by type of plan and age), TY2017, https://www.irs.gov/pub/irs-soi/17in08ira.xlsx",13.9,3780.0,Owners = taxpayers with year-end FMV > 0 of that type. TY2022 Table 8 not posted (link 404 on 2026-10-06). Age bands differ by year (top band 70+ in 2023).
2017,SEP,40 under 45,101281.0,1568950.0,228354.0,15784137.0,former SOI methodology (2000-2021),"IRS SOI IRA Table 8 (by type of plan and age), TY2017, https://www.irs.gov/pub/irs-soi/17in08ira.xlsx",44.35,15491.0,Owners = taxpayers with year-end FMV > 0 of that type. TY2022 Table 8 not posted (link 404 on 2026-10-06). Age bands differ by year (top band 70+ in 2023).
2017,SIMPLE,40 under 45,205523.0,1055277.0,349510.0,9502177.0,former SOI methodology (2000-2021),"IRS SOI IRA Table 8 (by type of plan and age), TY2017, https://www.irs.gov/pub/irs-soi/17in08ira.xlsx",58.8,5135.0,Owners = taxpayers with year-end FMV > 0 of that type. TY2022 Table 8 not posted (link 404 on 2026-10-06). Age bands differ by year (top band 70+ in 2023).
2017,Roth,40 under 45,676880.0,1814413.0,2008647.0,56722626.0,former SOI methodology (2000-2021),"IRS SOI IRA Table 8 (by type of plan and age), TY2017, https://www.irs.gov/pub/irs-soi/17in08ira.xlsx",33.7,2681.0,Owners = taxpayers with year-end FMV > 0 of that type. TY2022 Table 8 not posted (link 404 on 2026-10-06). Age bands differ by year (top band 70+ in 2023).
2017,Traditional,45 under 50,453181.0,1754681.0,3778990.0,321727922.0,former SOI methodology (2000-2021),"IRS SOI IRA Table 8 (by type of plan and age), TY2017, https://www.irs.gov/pub/irs-soi/17in08ira.xlsx",11.99,3872.0,Owners = taxpayers with year-end FMV > 0 of that type. TY2022 Table 8 not posted (link 404 on 2026-10-06). Age bands differ by year (top band 70+ in 2023).
2017,SEP,45 under 50,133419.0,2067189.0,348772.0,30933866.0,former SOI methodology (2000-2021),"IRS SOI IRA Table 8 (by type of plan and age), TY2017, https://www.irs.gov/pub/irs-soi/17in08ira.xlsx",38.25,15494.0,Owners = taxpayers with year-end FMV > 0 of that type. TY2022 Table 8 not posted (link 404 on 2026-10-06). Age bands differ by year (top band 70+ in 2023).
2017,SIMPLE,45 under 50,258979.0,1425771.0,396384.0,16902631.0,former SOI methodology (2000-2021),"IRS SOI IRA Table 8 (by type of plan and age), TY2017, https://www.irs.gov/pub/irs-soi/17in08ira.xlsx",65.34,5505.0,Owners = taxpayers with year-end FMV > 0 of that type. TY2022 Table 8 not posted (link 404 on 2026-10-06). Age bands differ by year (top band 70+ in 2023).
2017,Roth,45 under 50,717250.0,2271175.0,2162493.0,71061703.0,former SOI methodology (2000-2021),"IRS SOI IRA Table 8 (by type of plan and age), TY2017, https://www.irs.gov/pub/irs-soi/17in08ira.xlsx",33.17,3167.0,Owners = taxpayers with year-end FMV > 0 of that type. TY2022 Table 8 not posted (link 404 on 2026-10-06). Age bands differ by year (top band 70+ in 2023).
2017,Traditional,50 under 55,609242.0,2616491.0,4771481.0,536981333.0,former SOI methodology (2000-2021),"IRS SOI IRA Table 8 (by type of plan and age), TY2017, https://www.irs.gov/pub/irs-soi/17in08ira.xlsx",12.77,4295.0,Owners = taxpayers with year-end FMV > 0 of that type. TY2022 Table 8 not posted (link 404 on 2026-10-06). Age bands differ by year (top band 70+ in 2023).
2017,SEP,50 under 55,146075.0,2109986.0,443083.0,49744282.0,former SOI methodology (2000-2021),"IRS SOI IRA Table 8 (by type of plan and age), TY2017, https://www.irs.gov/pub/irs-soi/17in08ira.xlsx",32.97,14445.0,Owners = taxpayers with year-end FMV > 0 of that type. TY2022 Table 8 not posted (link 404 on 2026-10-06). Age bands differ by year (top band 70+ in 2023).
2017,SIMPLE,50 under 55,253879.0,1782432.0,391667.0,20698742.0,former SOI methodology (2000-2021),"IRS SOI IRA Table 8 (by type of plan and age), TY2017, https://www.irs.gov/pub/irs-soi/17in08ira.xlsx",64.82,7021.0,Owners = taxpayers with year-end FMV > 0 of that type. TY2022 Table 8 not posted (link 404 on 2026-10-06). Age bands differ by year (top band 70+ in 2023).
2017,Roth,50 under 55,700057.0,2719952.0,2222740.0,79246804.0,former SOI methodology (2000-2021),"IRS SOI IRA Table 8 (by type of plan and age), TY2017, https://www.irs.gov/pub/irs-soi/17in08ira.xlsx",31.5,3885.0,Owners = taxpayers with year-end FMV > 0 of that type. TY2022 Table 8 not posted (link 404 on 2026-10-06). Age bands differ by year (top band 70+ in 2023).
2017,Traditional,55 under 60,790502.0,3612406.0,6062344.0,935019019.0,former SOI methodology (2000-2021),"IRS SOI IRA Table 8 (by type of plan and age), TY2017, https://www.irs.gov/pub/irs-soi/17in08ira.xlsx",13.04,4570.0,Owners = taxpayers with year-end FMV > 0 of that type. TY2022 Table 8 not posted (link 404 on 2026-10-06). Age bands differ by year (top band 70+ in 2023).
2017,SEP,55 under 60,187896.0,3108024.0,521351.0,70293856.0,former SOI methodology (2000-2021),"IRS SOI IRA Table 8 (by type of plan and age), TY2017, https://www.irs.gov/pub/irs-soi/17in08ira.xlsx",36.04,16541.0,Owners = taxpayers with year-end FMV > 0 of that type. TY2022 Table 8 not posted (link 404 on 2026-10-06). Age bands differ by year (top band 70+ in 2023).
2017,SIMPLE,55 under 60,265894.0,1717244.0,410232.0,23496935.0,former SOI methodology (2000-2021),"IRS SOI IRA Table 8 (by type of plan and age), TY2017, https://www.irs.gov/pub/irs-soi/17in08ira.xlsx",64.82,6458.0,Owners = taxpayers with year-end FMV > 0 of that type. TY2022 Table 8 not posted (link 404 on 2026-10-06). Age bands differ by year (top band 70+ in 2023).
2017,Roth,55 under 60,717468.0,2919467.0,2449954.0,100761307.0,former SOI methodology (2000-2021),"IRS SOI IRA Table 8 (by type of plan and age), TY2017, https://www.irs.gov/pub/irs-soi/17in08ira.xlsx",29.28,4069.0,Owners = taxpayers with year-end FMV > 0 of that type. TY2022 Table 8 not posted (link 404 on 2026-10-06). Age bands differ by year (top band 70+ in 2023).
2017,Traditional,60 under 65,797600.0,3782672.0,6858012.0,1470792382.0,former SOI methodology (2000-2021),"IRS SOI IRA Table 8 (by type of plan and age), TY2017, https://www.irs.gov/pub/irs-soi/17in08ira.xlsx",11.63,4743.0,Owners = taxpayers with year-end FMV > 0 of that type. TY2022 Table 8 not posted (link 404 on 2026-10-06). Age bands differ by year (top band 70+ in 2023).
2017,SEP,60 under 65,175081.0,2824133.0,526154.0,96985006.0,former SOI methodology (2000-2021),"IRS SOI IRA Table 8 (by type of plan and age), TY2017, https://www.irs.gov/pub/irs-soi/17in08ira.xlsx",33.28,16130.0,Owners = taxpayers with year-end FMV > 0 of that type. TY2022 Table 8 not posted (link 404 on 2026-10-06). Age bands differ by year (top band 70+ in 2023).
2017,SIMPLE,60 under 65,208122.0,1451632.0,292365.0,22322129.0,former SOI methodology (2000-2021),"IRS SOI IRA Table 8 (by type of plan and age), TY2017, https://www.irs.gov/pub/irs-soi/17in08ira.xlsx",71.19,6975.0,Owners = taxpayers with year-end FMV > 0 of that type. TY2022 Table 8 not posted (link 404 on 2026-10-06). Age bands differ by year (top band 70+ in 2023).
2017,Roth,60 under 65,696173.0,3067063.0,2397765.0,120287937.0,former SOI methodology (2000-2021),"IRS SOI IRA Table 8 (by type of plan and age), TY2017, https://www.irs.gov/pub/irs-soi/17in08ira.xlsx",29.03,4406.0,Owners = taxpayers with year-end FMV > 0 of that type. TY2022 Table 8 not posted (link 404 on 2026-10-06). Age bands differ by year (top band 70+ in 2023).
2017,Traditional,65 under 70,485331.0,2302088.0,6195277.0,1629664149.0,former SOI methodology (2000-2021),"IRS SOI IRA Table 8 (by type of plan and age), TY2017, https://www.irs.gov/pub/irs-soi/17in08ira.xlsx",7.83,4743.0,Owners = taxpayers with year-end FMV > 0 of that type. TY2022 Table 8 not posted (link 404 on 2026-10-06). Age bands differ by year (top band 70+ in 2023).
2017,SEP,65 under 70,120795.0,1784792.0,400409.0,82609123.0,former SOI methodology (2000-2021),"IRS SOI IRA Table 8 (by type of plan and age), TY2017, https://www.irs.gov/pub/irs-soi/17in08ira.xlsx",30.17,14775.0,Owners = taxpayers with year-end FMV > 0 of that type. TY2022 Table 8 not posted (link 404 on 2026-10-06). Age bands differ by year (top band 70+ in 2023).
2017,SIMPLE,65 under 70,80133.0,648023.0,153796.0,13632999.0,former SOI methodology (2000-2021),"IRS SOI IRA Table 8 (by type of plan and age), TY2017, https://www.irs.gov/pub/irs-soi/17in08ira.xlsx",52.1,8087.0,Owners = taxpayers with year-end FMV > 0 of that type. TY2022 Table 8 not posted (link 404 on 2026-10-06). Age bands differ by year (top band 70+ in 2023).
2017,Roth,65 under 70,299313.0,1439659.0,1818235.0,115055555.0,former SOI methodology (2000-2021),"IRS SOI IRA Table 8 (by type of plan and age), TY2017, https://www.irs.gov/pub/irs-soi/17in08ira.xlsx",16.46,4810.0,Owners = taxpayers with year-end FMV > 0 of that type. TY2022 Table 8 not posted (link 404 on 2026-10-06). Age bands differ by year (top band 70+ in 2023).
2017,Traditional,70 and over,33269.0,148400.0,11640597.0,2802971091.0,former SOI methodology (2000-2021),"IRS SOI IRA Table 8 (by type of plan and age), TY2017, https://www.irs.gov/pub/irs-soi/17in08ira.xlsx",0.29,4461.0,Owners = taxpayers with year-end FMV > 0 of that type. TY2022 Table 8 not posted (link 404 on 2026-10-06). Age bands differ by year (top band 70+ in 2023).
2017,SEP,70 and over,86099.0,1074952.0,449776.0,94406838.0,former SOI methodology (2000-2021),"IRS SOI IRA Table 8 (by type of plan and age), TY2017, https://www.irs.gov/pub/irs-soi/17in08ira.xlsx",19.14,12485.0,Owners = taxpayers with year-end FMV > 0 of that type. TY2022 Table 8 not posted (link 404 on 2026-10-06). Age bands differ by year (top band 70+ in 2023).
2017,SIMPLE,70 and over,42416.0,304001.0,112618.0,8811666.0,former SOI methodology (2000-2021),"IRS SOI IRA Table 8 (by type of plan and age), TY2017, https://www.irs.gov/pub/irs-soi/17in08ira.xlsx",37.66,7167.0,Owners = taxpayers with year-end FMV > 0 of that type. TY2022 Table 8 not posted (link 404 on 2026-10-06). Age bands differ by year (top band 70+ in 2023).
2017,Roth,70 and over,161042.0,790189.0,2117729.0,196310465.0,former SOI methodology (2000-2021),"IRS SOI IRA Table 8 (by type of plan and age), TY2017, https://www.irs.gov/pub/irs-soi/17in08ira.xlsx",7.6,4907.0,Owners = taxpayers with year-end FMV > 0 of that type. TY2022 Table 8 not posted (link 404 on 2026-10-06). Age bands differ by year (top band 70+ in 2023).
2018,Traditional,All taxpayers,4434230.0,18613740.0,48489575.0,7744604645.0,former SOI methodology (2000-2021),"IRS SOI IRA Table 8 (by type of plan and age), TY2018, https://www.irs.gov/pub/irs-soi/18in08ira.xlsx",9.14,4198.0,Owners = taxpayers with year-end FMV > 0 of that type. TY2022 Table 8 not posted (link 404 on 2026-10-06). Age bands differ by year (top band 70+ in 2023).
2018,Roth,All taxpayers,7118775.0,24260591.0,21629176.0,845871163.0,former SOI methodology (2000-2021),"IRS SOI IRA Table 8 (by type of plan and age), TY2018, https://www.irs.gov/pub/irs-soi/18in08ira.xlsx",32.91,3408.0,Owners = taxpayers with year-end FMV > 0 of that type. TY2022 Table 8 not posted (link 404 on 2026-10-06). Age bands differ by year (top band 70+ in 2023).
2018,SEP,All taxpayers,1119897.0,16400904.0,3264343.0,422710771.0,former SOI methodology (2000-2021),"IRS SOI IRA Table 8 (by type of plan and age), TY2018, https://www.irs.gov/pub/irs-soi/18in08ira.xlsx",34.31,14645.0,Owners = taxpayers with year-end FMV > 0 of that type. TY2022 Table 8 not posted (link 404 on 2026-10-06). Age bands differ by year (top band 70+ in 2023).
2018,SIMPLE,All taxpayers,1981167.0,10753408.0,3152165.0,122041235.0,former SOI methodology (2000-2021),"IRS SOI IRA Table 8 (by type of plan and age), TY2018, https://www.irs.gov/pub/irs-soi/18in08ira.xlsx",62.85,5428.0,Owners = taxpayers with year-end FMV > 0 of that type. TY2022 Table 8 not posted (link 404 on 2026-10-06). Age bands differ by year (top band 70+ in 2023).
2018,Traditional,20 under 25,64148.0,173195.0,247694.0,2819015.0,former SOI methodology (2000-2021),"IRS SOI IRA Table 8 (by type of plan and age), TY2018, https://www.irs.gov/pub/irs-soi/18in08ira.xlsx",25.9,2700.0,Owners = taxpayers with year-end FMV > 0 of that type. TY2022 Table 8 not posted (link 404 on 2026-10-06). Age bands differ by year (top band 70+ in 2023).
2018,Roth,20 under 25,424500.0,1193889.0,552658.0,3608867.0,former SOI methodology (2000-2021),"IRS SOI IRA Table 8 (by type of plan and age), TY2018, https://www.irs.gov/pub/irs-soi/18in08ira.xlsx",76.81,2812.0,Owners = taxpayers with year-end FMV > 0 of that type. TY2022 Table 8 not posted (link 404 on 2026-10-06). Age bands differ by year (top band 70+ in 2023).
2018,SEP,20 under 25,8306.0,33624.0,8954.0,83787.0,former SOI methodology (2000-2021),"IRS SOI IRA Table 8 (by type of plan and age), TY2018, https://www.irs.gov/pub/irs-soi/18in08ira.xlsx",92.76,4048.0,Owners = taxpayers with year-end FMV > 0 of that type. TY2022 Table 8 not posted (link 404 on 2026-10-06). Age bands differ by year (top band 70+ in 2023).
2018,SIMPLE,20 under 25,65311.0,100428.0,78670.0,172182.0,former SOI methodology (2000-2021),"IRS SOI IRA Table 8 (by type of plan and age), TY2018, https://www.irs.gov/pub/irs-soi/18in08ira.xlsx",83.02,1538.0,Owners = taxpayers with year-end FMV > 0 of that type. TY2022 Table 8 not posted (link 404 on 2026-10-06). Age bands differ by year (top band 70+ in 2023).
2018,Traditional,25 under 30,184823.0,587931.0,1113985.0,9684856.0,former SOI methodology (2000-2021),"IRS SOI IRA Table 8 (by type of plan and age), TY2018, https://www.irs.gov/pub/irs-soi/18in08ira.xlsx",16.59,3181.0,Owners = taxpayers with year-end FMV > 0 of that type. TY2022 Table 8 not posted (link 404 on 2026-10-06). Age bands differ by year (top band 70+ in 2023).
2018,Roth,25 under 30,820624.0,2418561.0,1287781.0,13963240.0,former SOI methodology (2000-2021),"IRS SOI IRA Table 8 (by type of plan and age), TY2018, https://www.irs.gov/pub/irs-soi/18in08ira.xlsx",63.72,2947.0,Owners = taxpayers with year-end FMV > 0 of that type. TY2022 Table 8 not posted (link 404 on 2026-10-06). Age bands differ by year (top band 70+ in 2023).
2018,SEP,25 under 30,24868.0,194232.0,35758.0,701280.0,former SOI methodology (2000-2021),"IRS SOI IRA Table 8 (by type of plan and age), TY2018, https://www.irs.gov/pub/irs-soi/18in08ira.xlsx",69.55,7811.0,Owners = taxpayers with year-end FMV > 0 of that type. TY2022 Table 8 not posted (link 404 on 2026-10-06). Age bands differ by year (top band 70+ in 2023).
2018,SIMPLE,25 under 30,175676.0,443632.0,219939.0,1063741.0,former SOI methodology (2000-2021),"IRS SOI IRA Table 8 (by type of plan and age), TY2018, https://www.irs.gov/pub/irs-soi/18in08ira.xlsx",79.87,2525.0,Owners = taxpayers with year-end FMV > 0 of that type. TY2022 Table 8 not posted (link 404 on 2026-10-06). Age bands differ by year (top band 70+ in 2023).
2018,Traditional,30 under 35,306894.0,1067451.0,1885397.0,30722593.0,former SOI methodology (2000-2021),"IRS SOI IRA Table 8 (by type of plan and age), TY2018, https://www.irs.gov/pub/irs-soi/18in08ira.xlsx",16.28,3478.0,Owners = taxpayers with year-end FMV > 0 of that type. TY2022 Table 8 not posted (link 404 on 2026-10-06). Age bands differ by year (top band 70+ in 2023).
2018,Roth,30 under 35,856098.0,2629455.0,1782571.0,31076507.0,former SOI methodology (2000-2021),"IRS SOI IRA Table 8 (by type of plan and age), TY2018, https://www.irs.gov/pub/irs-soi/18in08ira.xlsx",48.03,3071.0,Owners = taxpayers with year-end FMV > 0 of that type. TY2022 Table 8 not posted (link 404 on 2026-10-06). Age bands differ by year (top band 70+ in 2023).
2018,SEP,30 under 35,60507.0,812299.0,116875.0,2640419.0,former SOI methodology (2000-2021),"IRS SOI IRA Table 8 (by type of plan and age), TY2018, https://www.irs.gov/pub/irs-soi/18in08ira.xlsx",51.77,13425.0,Owners = taxpayers with year-end FMV > 0 of that type. TY2022 Table 8 not posted (link 404 on 2026-10-06). Age bands differ by year (top band 70+ in 2023).
2018,SIMPLE,30 under 35,207778.0,711847.0,316544.0,3065212.0,former SOI methodology (2000-2021),"IRS SOI IRA Table 8 (by type of plan and age), TY2018, https://www.irs.gov/pub/irs-soi/18in08ira.xlsx",65.64,3426.0,Owners = taxpayers with year-end FMV > 0 of that type. TY2022 Table 8 not posted (link 404 on 2026-10-06). Age bands differ by year (top band 70+ in 2023).
2018,Traditional,35 under 40,411285.0,1506996.0,2511615.0,81416147.0,former SOI methodology (2000-2021),"IRS SOI IRA Table 8 (by type of plan and age), TY2018, https://www.irs.gov/pub/irs-soi/18in08ira.xlsx",16.38,3664.0,Owners = taxpayers with year-end FMV > 0 of that type. TY2022 Table 8 not posted (link 404 on 2026-10-06). Age bands differ by year (top band 70+ in 2023).
2018,Roth,35 under 40,856740.0,2541144.0,2110827.0,49061473.0,former SOI methodology (2000-2021),"IRS SOI IRA Table 8 (by type of plan and age), TY2018, https://www.irs.gov/pub/irs-soi/18in08ira.xlsx",40.59,2966.0,Owners = taxpayers with year-end FMV > 0 of that type. TY2022 Table 8 not posted (link 404 on 2026-10-06). Age bands differ by year (top band 70+ in 2023).
2018,SEP,35 under 40,91313.0,1223912.0,181772.0,8159665.0,former SOI methodology (2000-2021),"IRS SOI IRA Table 8 (by type of plan and age), TY2018, https://www.irs.gov/pub/irs-soi/18in08ira.xlsx",50.23,13403.0,Owners = taxpayers with year-end FMV > 0 of that type. TY2022 Table 8 not posted (link 404 on 2026-10-06). Age bands differ by year (top band 70+ in 2023).
2018,SIMPLE,35 under 40,245391.0,1181025.0,400454.0,6494333.0,former SOI methodology (2000-2021),"IRS SOI IRA Table 8 (by type of plan and age), TY2018, https://www.irs.gov/pub/irs-soi/18in08ira.xlsx",61.28,4813.0,Owners = taxpayers with year-end FMV > 0 of that type. TY2022 Table 8 not posted (link 404 on 2026-10-06). Age bands differ by year (top band 70+ in 2023).
2018,Traditional,40 under 45,415515.0,1614431.0,2955035.0,158265697.0,former SOI methodology (2000-2021),"IRS SOI IRA Table 8 (by type of plan and age), TY2018, https://www.irs.gov/pub/irs-soi/18in08ira.xlsx",14.06,3885.0,Owners = taxpayers with year-end FMV > 0 of that type. TY2022 Table 8 not posted (link 404 on 2026-10-06). Age bands differ by year (top band 70+ in 2023).
2018,Roth,40 under 45,727082.0,2036869.0,2101055.0,56827780.0,former SOI methodology (2000-2021),"IRS SOI IRA Table 8 (by type of plan and age), TY2018, https://www.irs.gov/pub/irs-soi/18in08ira.xlsx",34.61,2801.0,Owners = taxpayers with year-end FMV > 0 of that type. TY2022 Table 8 not posted (link 404 on 2026-10-06). Age bands differ by year (top band 70+ in 2023).
2018,SEP,40 under 45,95724.0,1401551.0,234113.0,15023747.0,former SOI methodology (2000-2021),"IRS SOI IRA Table 8 (by type of plan and age), TY2018, https://www.irs.gov/pub/irs-soi/18in08ira.xlsx",40.89,14642.0,Owners = taxpayers with year-end FMV > 0 of that type. TY2022 Table 8 not posted (link 404 on 2026-10-06). Age bands differ by year (top band 70+ in 2023).
2018,SIMPLE,40 under 45,190488.0,1005110.0,340426.0,8972395.0,former SOI methodology (2000-2021),"IRS SOI IRA Table 8 (by type of plan and age), TY2018, https://www.irs.gov/pub/irs-soi/18in08ira.xlsx",55.96,5277.0,Owners = taxpayers with year-end FMV > 0 of that type. TY2022 Table 8 not posted (link 404 on 2026-10-06). Age bands differ by year (top band 70+ in 2023).
2018,Traditional,45 under 50,472888.0,1787997.0,3770416.0,290411549.0,former SOI methodology (2000-2021),"IRS SOI IRA Table 8 (by type of plan and age), TY2018, https://www.irs.gov/pub/irs-soi/18in08ira.xlsx",12.54,3781.0,Owners = taxpayers with year-end FMV > 0 of that type. TY2022 Table 8 not posted (link 404 on 2026-10-06). Age bands differ by year (top band 70+ in 2023).
2018,Roth,45 under 50,703672.0,2098163.0,2183099.0,68078962.0,former SOI methodology (2000-2021),"IRS SOI IRA Table 8 (by type of plan and age), TY2018, https://www.irs.gov/pub/irs-soi/18in08ira.xlsx",32.23,2982.0,Owners = taxpayers with year-end FMV > 0 of that type. TY2022 Table 8 not posted (link 404 on 2026-10-06). Age bands differ by year (top band 70+ in 2023).
2018,SEP,45 under 50,127365.0,1893369.0,346687.0,27373162.0,former SOI methodology (2000-2021),"IRS SOI IRA Table 8 (by type of plan and age), TY2018, https://www.irs.gov/pub/irs-soi/18in08ira.xlsx",36.74,14866.0,Owners = taxpayers with year-end FMV > 0 of that type. TY2022 Table 8 not posted (link 404 on 2026-10-06). Age bands differ by year (top band 70+ in 2023).
2018,SIMPLE,45 under 50,238165.0,1275729.0,390199.0,14208224.0,former SOI methodology (2000-2021),"IRS SOI IRA Table 8 (by type of plan and age), TY2018, https://www.irs.gov/pub/irs-soi/18in08ira.xlsx",61.04,5356.0,Owners = taxpayers with year-end FMV > 0 of that type. TY2022 Table 8 not posted (link 404 on 2026-10-06). Age bands differ by year (top band 70+ in 2023).
2018,Traditional,50 under 55,600758.0,2633027.0,4576031.0,487655100.0,former SOI methodology (2000-2021),"IRS SOI IRA Table 8 (by type of plan and age), TY2018, https://www.irs.gov/pub/irs-soi/18in08ira.xlsx",13.13,4383.0,Owners = taxpayers with year-end FMV > 0 of that type. TY2022 Table 8 not posted (link 404 on 2026-10-06). Age bands differ by year (top band 70+ in 2023).
2018,Roth,50 under 55,692981.0,2653598.0,2259423.0,83973581.0,former SOI methodology (2000-2021),"IRS SOI IRA Table 8 (by type of plan and age), TY2018, https://www.irs.gov/pub/irs-soi/18in08ira.xlsx",30.67,3829.0,Owners = taxpayers with year-end FMV > 0 of that type. TY2022 Table 8 not posted (link 404 on 2026-10-06). Age bands differ by year (top band 70+ in 2023).
2018,SEP,50 under 55,143277.0,2147676.0,415092.0,44400586.0,former SOI methodology (2000-2021),"IRS SOI IRA Table 8 (by type of plan and age), TY2018, https://www.irs.gov/pub/irs-soi/18in08ira.xlsx",34.52,14990.0,Owners = taxpayers with year-end FMV > 0 of that type. TY2022 Table 8 not posted (link 404 on 2026-10-06). Age bands differ by year (top band 70+ in 2023).
2018,SIMPLE,50 under 55,254063.0,1743602.0,385298.0,19478888.0,former SOI methodology (2000-2021),"IRS SOI IRA Table 8 (by type of plan and age), TY2018, https://www.irs.gov/pub/irs-soi/18in08ira.xlsx",65.94,6863.0,Owners = taxpayers with year-end FMV > 0 of that type. TY2022 Table 8 not posted (link 404 on 2026-10-06). Age bands differ by year (top band 70+ in 2023).
2018,Traditional,55 under 60,728762.0,3334918.0,5940910.0,860035209.0,former SOI methodology (2000-2021),"IRS SOI IRA Table 8 (by type of plan and age), TY2018, https://www.irs.gov/pub/irs-soi/18in08ira.xlsx",12.27,4576.0,Owners = taxpayers with year-end FMV > 0 of that type. TY2022 Table 8 not posted (link 404 on 2026-10-06). Age bands differ by year (top band 70+ in 2023).
2018,Roth,55 under 60,752504.0,3026012.0,2532195.0,100104698.0,former SOI methodology (2000-2021),"IRS SOI IRA Table 8 (by type of plan and age), TY2018, https://www.irs.gov/pub/irs-soi/18in08ira.xlsx",29.72,4021.0,Owners = taxpayers with year-end FMV > 0 of that type. TY2022 Table 8 not posted (link 404 on 2026-10-06). Age bands differ by year (top band 70+ in 2023).
2018,SEP,55 under 60,173972.0,2618099.0,506211.0,61218454.0,former SOI methodology (2000-2021),"IRS SOI IRA Table 8 (by type of plan and age), TY2018, https://www.irs.gov/pub/irs-soi/18in08ira.xlsx",34.37,15049.0,Owners = taxpayers with year-end FMV > 0 of that type. TY2022 Table 8 not posted (link 404 on 2026-10-06). Age bands differ by year (top band 70+ in 2023).
2018,SIMPLE,55 under 60,257484.0,1807384.0,406106.0,22186087.0,former SOI methodology (2000-2021),"IRS SOI IRA Table 8 (by type of plan and age), TY2018, https://www.irs.gov/pub/irs-soi/18in08ira.xlsx",63.4,7019.0,Owners = taxpayers with year-end FMV > 0 of that type. TY2022 Table 8 not posted (link 404 on 2026-10-06). Age bands differ by year (top band 70+ in 2023).
2018,Traditional,60 under 65,757023.0,3519435.0,6928811.0,1431602250.0,former SOI methodology (2000-2021),"IRS SOI IRA Table 8 (by type of plan and age), TY2018, https://www.irs.gov/pub/irs-soi/18in08ira.xlsx",10.93,4649.0,Owners = taxpayers with year-end FMV > 0 of that type. TY2022 Table 8 not posted (link 404 on 2026-10-06). Age bands differ by year (top band 70+ in 2023).
2018,Roth,60 under 65,675289.0,3041418.0,2455907.0,113051912.0,former SOI methodology (2000-2021),"IRS SOI IRA Table 8 (by type of plan and age), TY2018, https://www.irs.gov/pub/irs-soi/18in08ira.xlsx",27.5,4504.0,Owners = taxpayers with year-end FMV > 0 of that type. TY2022 Table 8 not posted (link 404 on 2026-10-06). Age bands differ by year (top band 70+ in 2023).
2018,SEP,60 under 65,179803.0,2901267.0,515321.0,85629648.0,former SOI methodology (2000-2021),"IRS SOI IRA Table 8 (by type of plan and age), TY2018, https://www.irs.gov/pub/irs-soi/18in08ira.xlsx",34.89,16136.0,Owners = taxpayers with year-end FMV > 0 of that type. TY2022 Table 8 not posted (link 404 on 2026-10-06). Age bands differ by year (top band 70+ in 2023).
2018,SIMPLE,60 under 65,209707.0,1476435.0,323464.0,22036953.0,former SOI methodology (2000-2021),"IRS SOI IRA Table 8 (by type of plan and age), TY2018, https://www.irs.gov/pub/irs-soi/18in08ira.xlsx",64.83,7040.0,Owners = taxpayers with year-end FMV > 0 of that type. TY2022 Table 8 not posted (link 404 on 2026-10-06). Age bands differ by year (top band 70+ in 2023).
2018,Traditional,65 under 70,468032.0,2266726.0,6353304.0,1571437844.0,former SOI methodology (2000-2021),"IRS SOI IRA Table 8 (by type of plan and age), TY2018, https://www.irs.gov/pub/irs-soi/18in08ira.xlsx",7.37,4843.0,Owners = taxpayers with year-end FMV > 0 of that type. TY2022 Table 8 not posted (link 404 on 2026-10-06). Age bands differ by year (top band 70+ in 2023).
2018,Roth,65 under 70,327510.0,1532151.0,1888591.0,111890964.0,former SOI methodology (2000-2021),"IRS SOI IRA Table 8 (by type of plan and age), TY2018, https://www.irs.gov/pub/irs-soi/18in08ira.xlsx",17.34,4678.0,Owners = taxpayers with year-end FMV > 0 of that type. TY2022 Table 8 not posted (link 404 on 2026-10-06). Age bands differ by year (top band 70+ in 2023).
2018,SEP,65 under 70,115916.0,1798097.0,406264.0,78804218.0,former SOI methodology (2000-2021),"IRS SOI IRA Table 8 (by type of plan and age), TY2018, https://www.irs.gov/pub/irs-soi/18in08ira.xlsx",28.53,15512.0,Owners = taxpayers with year-end FMV > 0 of that type. TY2022 Table 8 not posted (link 404 on 2026-10-06). Age bands differ by year (top band 70+ in 2023).
2018,SIMPLE,65 under 70,89786.0,661090.0,163486.0,14559148.0,former SOI methodology (2000-2021),"IRS SOI IRA Table 8 (by type of plan and age), TY2018, https://www.irs.gov/pub/irs-soi/18in08ira.xlsx",54.92,7363.0,Owners = taxpayers with year-end FMV > 0 of that type. TY2022 Table 8 not posted (link 404 on 2026-10-06). Age bands differ by year (top band 70+ in 2023).
2018,Traditional,70 and over,24102.0,121633.0,12165389.0,2817842155.0,former SOI methodology (2000-2021),"IRS SOI IRA Table 8 (by type of plan and age), TY2018, https://www.irs.gov/pub/irs-soi/18in08ira.xlsx",0.2,5047.0,Owners = taxpayers with year-end FMV > 0 of that type. TY2022 Table 8 not posted (link 404 on 2026-10-06). Age bands differ by year (top band 70+ in 2023).
2018,Roth,70 and over,173973.0,846884.0,2358324.0,213086777.0,former SOI methodology (2000-2021),"IRS SOI IRA Table 8 (by type of plan and age), TY2018, https://www.irs.gov/pub/irs-soi/18in08ira.xlsx",7.38,4868.0,Owners = taxpayers with year-end FMV > 0 of that type. TY2022 Table 8 not posted (link 404 on 2026-10-06). Age bands differ by year (top band 70+ in 2023).
2018,SEP,70 and over,98832.0,1376534.0,497296.0,98675805.0,former SOI methodology (2000-2021),"IRS SOI IRA Table 8 (by type of plan and age), TY2018, https://www.irs.gov/pub/irs-soi/18in08ira.xlsx",19.87,13928.0,Owners = taxpayers with year-end FMV > 0 of that type. TY2022 Table 8 not posted (link 404 on 2026-10-06). Age bands differ by year (top band 70+ in 2023).
2018,SIMPLE,70 and over,47318.0,347126.0,127578.0,9804071.0,former SOI methodology (2000-2021),"IRS SOI IRA Table 8 (by type of plan and age), TY2018, https://www.irs.gov/pub/irs-soi/18in08ira.xlsx",37.09,7336.0,Owners = taxpayers with year-end FMV > 0 of that type. TY2022 Table 8 not posted (link 404 on 2026-10-06). Age bands differ by year (top band 70+ in 2023).
2019,Traditional,All taxpayers,4566421.0,20061170.0,49483937.0,9297255782.0,former SOI methodology (2000-2021),"IRS SOI IRA Table 8 (by type of plan and age), TY2019, https://www.irs.gov/pub/irs-soi/19in08ira.xlsx",9.23,4393.0,Owners = taxpayers with year-end FMV > 0 of that type. TY2022 Table 8 not posted (link 404 on 2026-10-06). Age bands differ by year (top band 70+ in 2023).
2019,Roth,All taxpayers,7940007.0,27606885.0,21959857.0,1013727437.0,former SOI methodology (2000-2021),"IRS SOI IRA Table 8 (by type of plan and age), TY2019, https://www.irs.gov/pub/irs-soi/19in08ira.xlsx",36.16,3477.0,Owners = taxpayers with year-end FMV > 0 of that type. TY2022 Table 8 not posted (link 404 on 2026-10-06). Age bands differ by year (top band 70+ in 2023).
2019,SEP,All taxpayers,1085534.0,16522641.0,3143142.0,491380025.0,former SOI methodology (2000-2021),"IRS SOI IRA Table 8 (by type of plan and age), TY2019, https://www.irs.gov/pub/irs-soi/19in08ira.xlsx",34.54,15221.0,Owners = taxpayers with year-end FMV > 0 of that type. TY2022 Table 8 not posted (link 404 on 2026-10-06). Age bands differ by year (top band 70+ in 2023).
2019,SIMPLE,All taxpayers,2036200.0,11314684.0,3196813.0,146432038.0,former SOI methodology (2000-2021),"IRS SOI IRA Table 8 (by type of plan and age), TY2019, https://www.irs.gov/pub/irs-soi/19in08ira.xlsx",63.69,5557.0,Owners = taxpayers with year-end FMV > 0 of that type. TY2022 Table 8 not posted (link 404 on 2026-10-06). Age bands differ by year (top band 70+ in 2023).
2019,Traditional,No age information,3637.0,11144.0,41722.0,9164579.0,former SOI methodology (2000-2021),"IRS SOI IRA Table 8 (by type of plan and age), TY2019, https://www.irs.gov/pub/irs-soi/19in08ira.xlsx",8.72,3064.0,Owners = taxpayers with year-end FMV > 0 of that type. TY2022 Table 8 not posted (link 404 on 2026-10-06). Age bands differ by year (top band 70+ in 2023).
2019,Roth,No age information,4098.0,13668.0,,,former SOI methodology (2000-2021),"IRS SOI IRA Table 8 (by type of plan and age), TY2019, https://www.irs.gov/pub/irs-soi/19in08ira.xlsx",,3335.0,Owners = taxpayers with year-end FMV > 0 of that type. TY2022 Table 8 not posted (link 404 on 2026-10-06). Age bands differ by year (top band 70+ in 2023).
2019,SEP,No age information,318.0,1881.0,,,former SOI methodology (2000-2021),"IRS SOI IRA Table 8 (by type of plan and age), TY2019, https://www.irs.gov/pub/irs-soi/19in08ira.xlsx",,5915.0,Owners = taxpayers with year-end FMV > 0 of that type. TY2022 Table 8 not posted (link 404 on 2026-10-06). Age bands differ by year (top band 70+ in 2023).
2019,SIMPLE,No age information,0.0,0.0,0.0,0.0,former SOI methodology (2000-2021),"IRS SOI IRA Table 8 (by type of plan and age), TY2019, https://www.irs.gov/pub/irs-soi/19in08ira.xlsx",,,Owners = taxpayers with year-end FMV > 0 of that type. TY2022 Table 8 not posted (link 404 on 2026-10-06). Age bands differ by year (top band 70+ in 2023).
2019,Traditional,Under 15,0.0,0.0,5487.0,1355077.0,former SOI methodology (2000-2021),"IRS SOI IRA Table 8 (by type of plan and age), TY2019, https://www.irs.gov/pub/irs-soi/19in08ira.xlsx",0.0,,Owners = taxpayers with year-end FMV > 0 of that type. TY2022 Table 8 not posted (link 404 on 2026-10-06). Age bands differ by year (top band 70+ in 2023).
2019,Roth,Under 15,13219.0,46301.0,13219.0,190611.0,former SOI methodology (2000-2021),"IRS SOI IRA Table 8 (by type of plan and age), TY2019, https://www.irs.gov/pub/irs-soi/19in08ira.xlsx",100.0,3503.0,Owners = taxpayers with year-end FMV > 0 of that type. TY2022 Table 8 not posted (link 404 on 2026-10-06). Age bands differ by year (top band 70+ in 2023).
2019,SEP,Under 15,0.0,0.0,0.0,0.0,former SOI methodology (2000-2021),"IRS SOI IRA Table 8 (by type of plan and age), TY2019, https://www.irs.gov/pub/irs-soi/19in08ira.xlsx",,,Owners = taxpayers with year-end FMV > 0 of that type. TY2022 Table 8 not posted (link 404 on 2026-10-06). Age bands differ by year (top band 70+ in 2023).
2019,SIMPLE,Under 15,0.0,0.0,0.0,0.0,former SOI methodology (2000-2021),"IRS SOI IRA Table 8 (by type of plan and age), TY2019, https://www.irs.gov/pub/irs-soi/19in08ira.xlsx",,,Owners = taxpayers with year-end FMV > 0 of that type. TY2022 Table 8 not posted (link 404 on 2026-10-06). Age bands differ by year (top band 70+ in 2023).
2019,Traditional,15 under 20,8060.0,11494.0,35805.0,1216311.0,former SOI methodology (2000-2021),"IRS SOI IRA Table 8 (by type of plan and age), TY2019, https://www.irs.gov/pub/irs-soi/19in08ira.xlsx",22.51,1426.0,Owners = taxpayers with year-end FMV > 0 of that type. TY2022 Table 8 not posted (link 404 on 2026-10-06). Age bands differ by year (top band 70+ in 2023).
2019,Roth,15 under 20,137026.0,303193.0,,,former SOI methodology (2000-2021),"IRS SOI IRA Table 8 (by type of plan and age), TY2019, https://www.irs.gov/pub/irs-soi/19in08ira.xlsx",,2213.0,Owners = taxpayers with year-end FMV > 0 of that type. TY2022 Table 8 not posted (link 404 on 2026-10-06). Age bands differ by year (top band 70+ in 2023).
2019,SEP,15 under 20,,,,,former SOI methodology (2000-2021),"IRS SOI IRA Table 8 (by type of plan and age), TY2019, https://www.irs.gov/pub/irs-soi/19in08ira.xlsx",,,Owners = taxpayers with year-end FMV > 0 of that type. TY2022 Table 8 not posted (link 404 on 2026-10-06). Age bands differ by year (top band 70+ in 2023).
2019,SIMPLE,15 under 20,,,8020.0,8542.0,former SOI methodology (2000-2021),"IRS SOI IRA Table 8 (by type of plan and age), TY2019, https://www.irs.gov/pub/irs-soi/19in08ira.xlsx",,,Owners = taxpayers with year-end FMV > 0 of that type. TY2022 Table 8 not posted (link 404 on 2026-10-06). Age bands differ by year (top band 70+ in 2023).
2019,Traditional,20 under 25,67843.0,121564.0,291823.0,2520935.0,former SOI methodology (2000-2021),"IRS SOI IRA Table 8 (by type of plan and age), TY2019, https://www.irs.gov/pub/irs-soi/19in08ira.xlsx",23.25,1792.0,Owners = taxpayers with year-end FMV > 0 of that type. TY2022 Table 8 not posted (link 404 on 2026-10-06). Age bands differ by year (top band 70+ in 2023).
2019,Roth,20 under 25,593263.0,1572904.0,808449.0,5954788.0,former SOI methodology (2000-2021),"IRS SOI IRA Table 8 (by type of plan and age), TY2019, https://www.irs.gov/pub/irs-soi/19in08ira.xlsx",73.38,2651.0,Owners = taxpayers with year-end FMV > 0 of that type. TY2022 Table 8 not posted (link 404 on 2026-10-06). Age bands differ by year (top band 70+ in 2023).
2019,SEP,20 under 25,8625.0,32722.0,12826.0,106588.0,former SOI methodology (2000-2021),"IRS SOI IRA Table 8 (by type of plan and age), TY2019, https://www.irs.gov/pub/irs-soi/19in08ira.xlsx",67.25,3794.0,Owners = taxpayers with year-end FMV > 0 of that type. TY2022 Table 8 not posted (link 404 on 2026-10-06). Age bands differ by year (top band 70+ in 2023).
2019,SIMPLE,20 under 25,75365.0,111486.0,83713.0,183884.0,former SOI methodology (2000-2021),"IRS SOI IRA Table 8 (by type of plan and age), TY2019, https://www.irs.gov/pub/irs-soi/19in08ira.xlsx",90.03,1479.0,Owners = taxpayers with year-end FMV > 0 of that type. TY2022 Table 8 not posted (link 404 on 2026-10-06). Age bands differ by year (top band 70+ in 2023).
2019,Traditional,25 under 30,195781.0,682213.0,1249259.0,11998935.0,former SOI methodology (2000-2021),"IRS SOI IRA Table 8 (by type of plan and age), TY2019, https://www.irs.gov/pub/irs-soi/19in08ira.xlsx",15.67,3485.0,Owners = taxpayers with year-end FMV > 0 of that type. TY2022 Table 8 not posted (link 404 on 2026-10-06). Age bands differ by year (top band 70+ in 2023).
2019,Roth,25 under 30,920833.0,2856881.0,1350253.0,15872562.0,former SOI methodology (2000-2021),"IRS SOI IRA Table 8 (by type of plan and age), TY2019, https://www.irs.gov/pub/irs-soi/19in08ira.xlsx",68.2,3102.0,Owners = taxpayers with year-end FMV > 0 of that type. TY2022 Table 8 not posted (link 404 on 2026-10-06). Age bands differ by year (top band 70+ in 2023).
2019,SEP,25 under 30,34731.0,305419.0,40781.0,822685.0,former SOI methodology (2000-2021),"IRS SOI IRA Table 8 (by type of plan and age), TY2019, https://www.irs.gov/pub/irs-soi/19in08ira.xlsx",85.16,8794.0,Owners = taxpayers with year-end FMV > 0 of that type. TY2022 Table 8 not posted (link 404 on 2026-10-06). Age bands differ by year (top band 70+ in 2023).
2019,SIMPLE,25 under 30,198413.0,513724.0,259953.0,1561912.0,former SOI methodology (2000-2021),"IRS SOI IRA Table 8 (by type of plan and age), TY2019, https://www.irs.gov/pub/irs-soi/19in08ira.xlsx",76.33,2589.0,Owners = taxpayers with year-end FMV > 0 of that type. TY2022 Table 8 not posted (link 404 on 2026-10-06). Age bands differ by year (top band 70+ in 2023).
2019,Traditional,30 under 35,349960.0,1279010.0,1948710.0,39752806.0,former SOI methodology (2000-2021),"IRS SOI IRA Table 8 (by type of plan and age), TY2019, https://www.irs.gov/pub/irs-soi/19in08ira.xlsx",17.96,3655.0,Owners = taxpayers with year-end FMV > 0 of that type. TY2022 Table 8 not posted (link 404 on 2026-10-06). Age bands differ by year (top band 70+ in 2023).
2019,Roth,30 under 35,1017661.0,3233287.0,1880379.0,37384386.0,former SOI methodology (2000-2021),"IRS SOI IRA Table 8 (by type of plan and age), TY2019, https://www.irs.gov/pub/irs-soi/19in08ira.xlsx",54.12,3177.0,Owners = taxpayers with year-end FMV > 0 of that type. TY2022 Table 8 not posted (link 404 on 2026-10-06). Age bands differ by year (top band 70+ in 2023).
2019,SEP,30 under 35,59719.0,800985.0,116051.0,3677478.0,former SOI methodology (2000-2021),"IRS SOI IRA Table 8 (by type of plan and age), TY2019, https://www.irs.gov/pub/irs-soi/19in08ira.xlsx",51.46,13413.0,Owners = taxpayers with year-end FMV > 0 of that type. TY2022 Table 8 not posted (link 404 on 2026-10-06). Age bands differ by year (top band 70+ in 2023).
2019,SIMPLE,30 under 35,237997.0,845156.0,338507.0,3657478.0,former SOI methodology (2000-2021),"IRS SOI IRA Table 8 (by type of plan and age), TY2019, https://www.irs.gov/pub/irs-soi/19in08ira.xlsx",70.31,3551.0,Owners = taxpayers with year-end FMV > 0 of that type. TY2022 Table 8 not posted (link 404 on 2026-10-06). Age bands differ by year (top band 70+ in 2023).
2019,Traditional,35 under 40,454331.0,1865435.0,2565490.0,97015630.0,former SOI methodology (2000-2021),"IRS SOI IRA Table 8 (by type of plan and age), TY2019, https://www.irs.gov/pub/irs-soi/19in08ira.xlsx",17.71,4106.0,Owners = taxpayers with year-end FMV > 0 of that type. TY2022 Table 8 not posted (link 404 on 2026-10-06). Age bands differ by year (top band 70+ in 2023).
2019,Roth,35 under 40,948192.0,2881746.0,2130367.0,58786398.0,former SOI methodology (2000-2021),"IRS SOI IRA Table 8 (by type of plan and age), TY2019, https://www.irs.gov/pub/irs-soi/19in08ira.xlsx",44.51,3039.0,Owners = taxpayers with year-end FMV > 0 of that type. TY2022 Table 8 not posted (link 404 on 2026-10-06). Age bands differ by year (top band 70+ in 2023).
2019,SEP,35 under 40,86823.0,1269948.0,176154.0,9441721.0,former SOI methodology (2000-2021),"IRS SOI IRA Table 8 (by type of plan and age), TY2019, https://www.irs.gov/pub/irs-soi/19in08ira.xlsx",49.29,14627.0,Owners = taxpayers with year-end FMV > 0 of that type. TY2022 Table 8 not posted (link 404 on 2026-10-06). Age bands differ by year (top band 70+ in 2023).
2019,SIMPLE,35 under 40,248618.0,1127268.0,383300.0,7183072.0,former SOI methodology (2000-2021),"IRS SOI IRA Table 8 (by type of plan and age), TY2019, https://www.irs.gov/pub/irs-soi/19in08ira.xlsx",64.86,4534.0,Owners = taxpayers with year-end FMV > 0 of that type. TY2022 Table 8 not posted (link 404 on 2026-10-06). Age bands differ by year (top band 70+ in 2023).
2019,Traditional,40 under 45,478934.0,1868521.0,3045707.0,183361856.0,former SOI methodology (2000-2021),"IRS SOI IRA Table 8 (by type of plan and age), TY2019, https://www.irs.gov/pub/irs-soi/19in08ira.xlsx",15.72,3901.0,Owners = taxpayers with year-end FMV > 0 of that type. TY2022 Table 8 not posted (link 404 on 2026-10-06). Age bands differ by year (top band 70+ in 2023).
2019,Roth,40 under 45,814933.0,2452050.0,2145490.0,71592759.0,former SOI methodology (2000-2021),"IRS SOI IRA Table 8 (by type of plan and age), TY2019, https://www.irs.gov/pub/irs-soi/19in08ira.xlsx",37.98,3009.0,Owners = taxpayers with year-end FMV > 0 of that type. TY2022 Table 8 not posted (link 404 on 2026-10-06). Age bands differ by year (top band 70+ in 2023).
2019,SEP,40 under 45,98867.0,1588336.0,224015.0,16510949.0,former SOI methodology (2000-2021),"IRS SOI IRA Table 8 (by type of plan and age), TY2019, https://www.irs.gov/pub/irs-soi/19in08ira.xlsx",44.13,16065.0,Owners = taxpayers with year-end FMV > 0 of that type. TY2022 Table 8 not posted (link 404 on 2026-10-06). Age bands differ by year (top band 70+ in 2023).
2019,SIMPLE,40 under 45,194904.0,1021150.0,350589.0,10070505.0,former SOI methodology (2000-2021),"IRS SOI IRA Table 8 (by type of plan and age), TY2019, https://www.irs.gov/pub/irs-soi/19in08ira.xlsx",55.59,5239.0,Owners = taxpayers with year-end FMV > 0 of that type. TY2022 Table 8 not posted (link 404 on 2026-10-06). Age bands differ by year (top band 70+ in 2023).
2019,Traditional,45 under 50,482036.0,1991089.0,3708071.0,345043973.0,former SOI methodology (2000-2021),"IRS SOI IRA Table 8 (by type of plan and age), TY2019, https://www.irs.gov/pub/irs-soi/19in08ira.xlsx",13.0,4131.0,Owners = taxpayers with year-end FMV > 0 of that type. TY2022 Table 8 not posted (link 404 on 2026-10-06). Age bands differ by year (top band 70+ in 2023).
2019,Roth,45 under 50,760468.0,2308444.0,2157008.0,78388627.0,former SOI methodology (2000-2021),"IRS SOI IRA Table 8 (by type of plan and age), TY2019, https://www.irs.gov/pub/irs-soi/19in08ira.xlsx",35.26,3036.0,Owners = taxpayers with year-end FMV > 0 of that type. TY2022 Table 8 not posted (link 404 on 2026-10-06). Age bands differ by year (top band 70+ in 2023).
2019,SEP,45 under 50,117323.0,1813848.0,321907.0,30322679.0,former SOI methodology (2000-2021),"IRS SOI IRA Table 8 (by type of plan and age), TY2019, https://www.irs.gov/pub/irs-soi/19in08ira.xlsx",36.45,15460.0,Owners = taxpayers with year-end FMV > 0 of that type. TY2022 Table 8 not posted (link 404 on 2026-10-06). Age bands differ by year (top band 70+ in 2023).
2019,SIMPLE,45 under 50,227251.0,1294459.0,369696.0,15819534.0,former SOI methodology (2000-2021),"IRS SOI IRA Table 8 (by type of plan and age), TY2019, https://www.irs.gov/pub/irs-soi/19in08ira.xlsx",61.47,5696.0,Owners = taxpayers with year-end FMV > 0 of that type. TY2022 Table 8 not posted (link 404 on 2026-10-06). Age bands differ by year (top band 70+ in 2023).
2019,Traditional,50 under 55,572446.0,2692363.0,4573091.0,580133675.0,former SOI methodology (2000-2021),"IRS SOI IRA Table 8 (by type of plan and age), TY2019, https://www.irs.gov/pub/irs-soi/19in08ira.xlsx",12.52,4703.0,Owners = taxpayers with year-end FMV > 0 of that type. TY2022 Table 8 not posted (link 404 on 2026-10-06). Age bands differ by year (top band 70+ in 2023).
2019,Roth,50 under 55,724762.0,2838686.0,2226975.0,99230327.0,former SOI methodology (2000-2021),"IRS SOI IRA Table 8 (by type of plan and age), TY2019, https://www.irs.gov/pub/irs-soi/19in08ira.xlsx",32.54,3917.0,Owners = taxpayers with year-end FMV > 0 of that type. TY2022 Table 8 not posted (link 404 on 2026-10-06). Age bands differ by year (top band 70+ in 2023).
2019,SEP,50 under 55,145443.0,2194733.0,382985.0,48739245.0,former SOI methodology (2000-2021),"IRS SOI IRA Table 8 (by type of plan and age), TY2019, https://www.irs.gov/pub/irs-soi/19in08ira.xlsx",37.98,15090.0,Owners = taxpayers with year-end FMV > 0 of that type. TY2022 Table 8 not posted (link 404 on 2026-10-06). Age bands differ by year (top band 70+ in 2023).
2019,SIMPLE,50 under 55,234369.0,1726414.0,358090.0,23634411.0,former SOI methodology (2000-2021),"IRS SOI IRA Table 8 (by type of plan and age), TY2019, https://www.irs.gov/pub/irs-soi/19in08ira.xlsx",65.45,7366.0,Owners = taxpayers with year-end FMV > 0 of that type. TY2022 Table 8 not posted (link 404 on 2026-10-06). Age bands differ by year (top band 70+ in 2023).
2019,Traditional,55 under 60,715121.0,3398160.0,5912079.0,979451187.0,former SOI methodology (2000-2021),"IRS SOI IRA Table 8 (by type of plan and age), TY2019, https://www.irs.gov/pub/irs-soi/19in08ira.xlsx",12.1,4752.0,Owners = taxpayers with year-end FMV > 0 of that type. TY2022 Table 8 not posted (link 404 on 2026-10-06). Age bands differ by year (top band 70+ in 2023).
2019,Roth,55 under 60,786124.0,3274734.0,2431917.0,112396085.0,former SOI methodology (2000-2021),"IRS SOI IRA Table 8 (by type of plan and age), TY2019, https://www.irs.gov/pub/irs-soi/19in08ira.xlsx",32.33,4166.0,Owners = taxpayers with year-end FMV > 0 of that type. TY2022 Table 8 not posted (link 404 on 2026-10-06). Age bands differ by year (top band 70+ in 2023).
2019,SEP,55 under 60,151048.0,2620310.0,465776.0,72104439.0,former SOI methodology (2000-2021),"IRS SOI IRA Table 8 (by type of plan and age), TY2019, https://www.irs.gov/pub/irs-soi/19in08ira.xlsx",32.43,17348.0,Owners = taxpayers with year-end FMV > 0 of that type. TY2022 Table 8 not posted (link 404 on 2026-10-06). Age bands differ by year (top band 70+ in 2023).
2019,SIMPLE,55 under 60,258049.0,1830690.0,408446.0,25703279.0,former SOI methodology (2000-2021),"IRS SOI IRA Table 8 (by type of plan and age), TY2019, https://www.irs.gov/pub/irs-soi/19in08ira.xlsx",63.18,7094.0,Owners = taxpayers with year-end FMV > 0 of that type. TY2022 Table 8 not posted (link 404 on 2026-10-06). Age bands differ by year (top band 70+ in 2023).
2019,Traditional,60 under 65,720070.0,3561318.0,6901520.0,1678885105.0,former SOI methodology (2000-2021),"IRS SOI IRA Table 8 (by type of plan and age), TY2019, https://www.irs.gov/pub/irs-soi/19in08ira.xlsx",10.43,4946.0,Owners = taxpayers with year-end FMV > 0 of that type. TY2022 Table 8 not posted (link 404 on 2026-10-06). Age bands differ by year (top band 70+ in 2023).
2019,Roth,60 under 65,657591.0,3126733.0,2393825.0,134929263.0,former SOI methodology (2000-2021),"IRS SOI IRA Table 8 (by type of plan and age), TY2019, https://www.irs.gov/pub/irs-soi/19in08ira.xlsx",27.47,4755.0,Owners = taxpayers with year-end FMV > 0 of that type. TY2022 Table 8 not posted (link 404 on 2026-10-06). Age bands differ by year (top band 70+ in 2023).
2019,SEP,60 under 65,177579.0,2838745.0,482860.0,98140201.0,former SOI methodology (2000-2021),"IRS SOI IRA Table 8 (by type of plan and age), TY2019, https://www.irs.gov/pub/irs-soi/19in08ira.xlsx",36.78,15986.0,Owners = taxpayers with year-end FMV > 0 of that type. TY2022 Table 8 not posted (link 404 on 2026-10-06). Age bands differ by year (top band 70+ in 2023).
2019,SIMPLE,60 under 65,215881.0,1677249.0,330409.0,26934356.0,former SOI methodology (2000-2021),"IRS SOI IRA Table 8 (by type of plan and age), TY2019, https://www.irs.gov/pub/irs-soi/19in08ira.xlsx",65.34,7769.0,Owners = taxpayers with year-end FMV > 0 of that type. TY2022 Table 8 not posted (link 404 on 2026-10-06). Age bands differ by year (top band 70+ in 2023).
2019,Traditional,65 under 70,491294.0,2468315.0,6563356.0,1942076103.0,former SOI methodology (2000-2021),"IRS SOI IRA Table 8 (by type of plan and age), TY2019, https://www.irs.gov/pub/irs-soi/19in08ira.xlsx",7.49,5024.0,Owners = taxpayers with year-end FMV > 0 of that type. TY2022 Table 8 not posted (link 404 on 2026-10-06). Age bands differ by year (top band 70+ in 2023).
2019,Roth,65 under 70,381598.0,1813807.0,1983309.0,140205978.0,former SOI methodology (2000-2021),"IRS SOI IRA Table 8 (by type of plan and age), TY2019, https://www.irs.gov/pub/irs-soi/19in08ira.xlsx",19.24,4753.0,Owners = taxpayers with year-end FMV > 0 of that type. TY2022 Table 8 not posted (link 404 on 2026-10-06). Age bands differ by year (top band 70+ in 2023).
2019,SEP,65 under 70,106870.0,1730106.0,399013.0,98836182.0,former SOI methodology (2000-2021),"IRS SOI IRA Table 8 (by type of plan and age), TY2019, https://www.irs.gov/pub/irs-soi/19in08ira.xlsx",26.78,16189.0,Owners = taxpayers with year-end FMV > 0 of that type. TY2022 Table 8 not posted (link 404 on 2026-10-06). Age bands differ by year (top band 70+ in 2023).
2019,SIMPLE,65 under 70,97816.0,779316.0,178657.0,18764778.0,former SOI methodology (2000-2021),"IRS SOI IRA Table 8 (by type of plan and age), TY2019, https://www.irs.gov/pub/irs-soi/19in08ira.xlsx",54.75,7967.0,Owners = taxpayers with year-end FMV > 0 of that type. TY2022 Table 8 not posted (link 404 on 2026-10-06). Age bands differ by year (top band 70+ in 2023).
2019,Traditional,70 and over,26908.0,110544.0,12641817.0,3425279610.0,former SOI methodology (2000-2021),"IRS SOI IRA Table 8 (by type of plan and age), TY2019, https://www.irs.gov/pub/irs-soi/19in08ira.xlsx",0.21,4108.0,Owners = taxpayers with year-end FMV > 0 of that type. TY2022 Table 8 not posted (link 404 on 2026-10-06). Age bands differ by year (top band 70+ in 2023).
2019,Roth,70 and over,180239.0,884451.0,2438666.0,258795653.0,former SOI methodology (2000-2021),"IRS SOI IRA Table 8 (by type of plan and age), TY2019, https://www.irs.gov/pub/irs-soi/19in08ira.xlsx",7.39,4907.0,Owners = taxpayers with year-end FMV > 0 of that type. TY2022 Table 8 not posted (link 404 on 2026-10-06). Age bands differ by year (top band 70+ in 2023).
2019,SEP,70 and over,98186.0,1325608.0,520774.0,112677858.0,former SOI methodology (2000-2021),"IRS SOI IRA Table 8 (by type of plan and age), TY2019, https://www.irs.gov/pub/irs-soi/19in08ira.xlsx",18.85,13501.0,Owners = taxpayers with year-end FMV > 0 of that type. TY2022 Table 8 not posted (link 404 on 2026-10-06). Age bands differ by year (top band 70+ in 2023).
2019,SIMPLE,70 and over,47537.0,387772.0,127433.0,12910287.0,former SOI methodology (2000-2021),"IRS SOI IRA Table 8 (by type of plan and age), TY2019, https://www.irs.gov/pub/irs-soi/19in08ira.xlsx",37.3,8157.0,Owners = taxpayers with year-end FMV > 0 of that type. TY2022 Table 8 not posted (link 404 on 2026-10-06). Age bands differ by year (top band 70+ in 2023).
2020,Traditional,All taxpayers,5065226.0,22598295.0,50723742.0,10721941736.0,former SOI methodology (2000-2021),"IRS SOI IRA Table 8 (by type of plan and age), TY2020, https://www.irs.gov/pub/irs-soi/20in08ira.xlsx",9.99,4461.0,Owners = taxpayers with year-end FMV > 0 of that type. TY2022 Table 8 not posted (link 404 on 2026-10-06). Age bands differ by year (top band 70+ in 2023).
2020,Roth,All taxpayers,9210723.0,32982423.0,23604965.0,1233129905.0,former SOI methodology (2000-2021),"IRS SOI IRA Table 8 (by type of plan and age), TY2020, https://www.irs.gov/pub/irs-soi/20in08ira.xlsx",39.02,3581.0,Owners = taxpayers with year-end FMV > 0 of that type. TY2022 Table 8 not posted (link 404 on 2026-10-06). Age bands differ by year (top band 70+ in 2023).
2020,SEP,All taxpayers,1079797.0,16493166.0,3077669.0,537090232.0,former SOI methodology (2000-2021),"IRS SOI IRA Table 8 (by type of plan and age), TY2020, https://www.irs.gov/pub/irs-soi/20in08ira.xlsx",35.08,15274.0,Owners = taxpayers with year-end FMV > 0 of that type. TY2022 Table 8 not posted (link 404 on 2026-10-06). Age bands differ by year (top band 70+ in 2023).
2020,SIMPLE,All taxpayers,2065357.0,11552433.0,3249774.0,169041120.0,former SOI methodology (2000-2021),"IRS SOI IRA Table 8 (by type of plan and age), TY2020, https://www.irs.gov/pub/irs-soi/20in08ira.xlsx",63.55,5593.0,Owners = taxpayers with year-end FMV > 0 of that type. TY2022 Table 8 not posted (link 404 on 2026-10-06). Age bands differ by year (top band 70+ in 2023).
2020,Traditional,No age information,1395.0,6478.0,23134.0,3460568.0,former SOI methodology (2000-2021),"IRS SOI IRA Table 8 (by type of plan and age), TY2020, https://www.irs.gov/pub/irs-soi/20in08ira.xlsx",6.03,4644.0,Owners = taxpayers with year-end FMV > 0 of that type. TY2022 Table 8 not posted (link 404 on 2026-10-06). Age bands differ by year (top band 70+ in 2023).
2020,Roth,No age information,5017.0,17861.0,3587.0,17127.0,former SOI methodology (2000-2021),"IRS SOI IRA Table 8 (by type of plan and age), TY2020, https://www.irs.gov/pub/irs-soi/20in08ira.xlsx",139.87,3560.0,Owners = taxpayers with year-end FMV > 0 of that type. TY2022 Table 8 not posted (link 404 on 2026-10-06). Age bands differ by year (top band 70+ in 2023).
2020,SEP,No age information,0.0,0.0,0.0,0.0,former SOI methodology (2000-2021),"IRS SOI IRA Table 8 (by type of plan and age), TY2020, https://www.irs.gov/pub/irs-soi/20in08ira.xlsx",,,Owners = taxpayers with year-end FMV > 0 of that type. TY2022 Table 8 not posted (link 404 on 2026-10-06). Age bands differ by year (top band 70+ in 2023).
2020,SIMPLE,No age information,0.0,0.0,0.0,0.0,former SOI methodology (2000-2021),"IRS SOI IRA Table 8 (by type of plan and age), TY2020, https://www.irs.gov/pub/irs-soi/20in08ira.xlsx",,,Owners = taxpayers with year-end FMV > 0 of that type. TY2022 Table 8 not posted (link 404 on 2026-10-06). Age bands differ by year (top band 70+ in 2023).
2020,Traditional,Under 15,0.0,0.0,6050.0,1401071.0,former SOI methodology (2000-2021),"IRS SOI IRA Table 8 (by type of plan and age), TY2020, https://www.irs.gov/pub/irs-soi/20in08ira.xlsx",0.0,,Owners = taxpayers with year-end FMV > 0 of that type. TY2022 Table 8 not posted (link 404 on 2026-10-06). Age bands differ by year (top band 70+ in 2023).
2020,Roth,Under 15,11009.0,39412.0,12083.0,135581.0,former SOI methodology (2000-2021),"IRS SOI IRA Table 8 (by type of plan and age), TY2020, https://www.irs.gov/pub/irs-soi/20in08ira.xlsx",91.11,3580.0,Owners = taxpayers with year-end FMV > 0 of that type. TY2022 Table 8 not posted (link 404 on 2026-10-06). Age bands differ by year (top band 70+ in 2023).
2020,SEP,Under 15,0.0,0.0,0.0,0.0,former SOI methodology (2000-2021),"IRS SOI IRA Table 8 (by type of plan and age), TY2020, https://www.irs.gov/pub/irs-soi/20in08ira.xlsx",,,Owners = taxpayers with year-end FMV > 0 of that type. TY2022 Table 8 not posted (link 404 on 2026-10-06). Age bands differ by year (top band 70+ in 2023).
2020,SIMPLE,Under 15,0.0,0.0,0.0,0.0,former SOI methodology (2000-2021),"IRS SOI IRA Table 8 (by type of plan and age), TY2020, https://www.irs.gov/pub/irs-soi/20in08ira.xlsx",,,Owners = taxpayers with year-end FMV > 0 of that type. TY2022 Table 8 not posted (link 404 on 2026-10-06). Age bands differ by year (top band 70+ in 2023).
2020,Traditional,15 under 20,12053.0,14166.0,36504.0,749030.0,former SOI methodology (2000-2021),"IRS SOI IRA Table 8 (by type of plan and age), TY2020, https://www.irs.gov/pub/irs-soi/20in08ira.xlsx",33.02,1175.0,Owners = taxpayers with year-end FMV > 0 of that type. TY2022 Table 8 not posted (link 404 on 2026-10-06). Age bands differ by year (top band 70+ in 2023).
2020,Roth,15 under 20,164743.0,424230.0,154347.0,1430157.0,former SOI methodology (2000-2021),"IRS SOI IRA Table 8 (by type of plan and age), TY2020, https://www.irs.gov/pub/irs-soi/20in08ira.xlsx",106.74,2575.0,Owners = taxpayers with year-end FMV > 0 of that type. TY2022 Table 8 not posted (link 404 on 2026-10-06). Age bands differ by year (top band 70+ in 2023).
2020,SEP,15 under 20,51.0,2509.0,0.0,0.0,former SOI methodology (2000-2021),"IRS SOI IRA Table 8 (by type of plan and age), TY2020, https://www.irs.gov/pub/irs-soi/20in08ira.xlsx",inf,49196.0,Owners = taxpayers with year-end FMV > 0 of that type. TY2022 Table 8 not posted (link 404 on 2026-10-06). Age bands differ by year (top band 70+ in 2023).
2020,SIMPLE,15 under 20,6011.0,11358.0,0.0,0.0,former SOI methodology (2000-2021),"IRS SOI IRA Table 8 (by type of plan and age), TY2020, https://www.irs.gov/pub/irs-soi/20in08ira.xlsx",inf,1890.0,Owners = taxpayers with year-end FMV > 0 of that type. TY2022 Table 8 not posted (link 404 on 2026-10-06). Age bands differ by year (top band 70+ in 2023).
2020,Traditional,20 under 25,71079.0,139868.0,343461.0,3012532.0,former SOI methodology (2000-2021),"IRS SOI IRA Table 8 (by type of plan and age), TY2020, https://www.irs.gov/pub/irs-soi/20in08ira.xlsx",20.69,1968.0,Owners = taxpayers with year-end FMV > 0 of that type. TY2022 Table 8 not posted (link 404 on 2026-10-06). Age bands differ by year (top band 70+ in 2023).
2020,Roth,20 under 25,708595.0,1967631.0,793621.0,5509878.0,former SOI methodology (2000-2021),"IRS SOI IRA Table 8 (by type of plan and age), TY2020, https://www.irs.gov/pub/irs-soi/20in08ira.xlsx",89.29,2777.0,Owners = taxpayers with year-end FMV > 0 of that type. TY2022 Table 8 not posted (link 404 on 2026-10-06). Age bands differ by year (top band 70+ in 2023).
2020,SEP,20 under 25,9554.0,46126.0,13037.0,150254.0,former SOI methodology (2000-2021),"IRS SOI IRA Table 8 (by type of plan and age), TY2020, https://www.irs.gov/pub/irs-soi/20in08ira.xlsx",73.28,4828.0,Owners = taxpayers with year-end FMV > 0 of that type. TY2022 Table 8 not posted (link 404 on 2026-10-06). Age bands differ by year (top band 70+ in 2023).
2020,SIMPLE,20 under 25,77376.0,169848.0,98725.0,362542.0,former SOI methodology (2000-2021),"IRS SOI IRA Table 8 (by type of plan and age), TY2020, https://www.irs.gov/pub/irs-soi/20in08ira.xlsx",78.38,2195.0,Owners = taxpayers with year-end FMV > 0 of that type. TY2022 Table 8 not posted (link 404 on 2026-10-06). Age bands differ by year (top band 70+ in 2023).
2020,Traditional,25 under 30,212805.0,677815.0,1339375.0,13218284.0,former SOI methodology (2000-2021),"IRS SOI IRA Table 8 (by type of plan and age), TY2020, https://www.irs.gov/pub/irs-soi/20in08ira.xlsx",15.89,3185.0,Owners = taxpayers with year-end FMV > 0 of that type. TY2022 Table 8 not posted (link 404 on 2026-10-06). Age bands differ by year (top band 70+ in 2023).
2020,Roth,25 under 30,1151512.0,3690464.0,1539873.0,20930571.0,former SOI methodology (2000-2021),"IRS SOI IRA Table 8 (by type of plan and age), TY2020, https://www.irs.gov/pub/irs-soi/20in08ira.xlsx",74.78,3205.0,Owners = taxpayers with year-end FMV > 0 of that type. TY2022 Table 8 not posted (link 404 on 2026-10-06). Age bands differ by year (top band 70+ in 2023).
2020,SEP,25 under 30,34947.0,203443.0,45275.0,934006.0,former SOI methodology (2000-2021),"IRS SOI IRA Table 8 (by type of plan and age), TY2020, https://www.irs.gov/pub/irs-soi/20in08ira.xlsx",77.19,5821.0,Owners = taxpayers with year-end FMV > 0 of that type. TY2022 Table 8 not posted (link 404 on 2026-10-06). Age bands differ by year (top band 70+ in 2023).
2020,SIMPLE,25 under 30,206047.0,637706.0,276322.0,2137123.0,former SOI methodology (2000-2021),"IRS SOI IRA Table 8 (by type of plan and age), TY2020, https://www.irs.gov/pub/irs-soi/20in08ira.xlsx",74.57,3095.0,Owners = taxpayers with year-end FMV > 0 of that type. TY2022 Table 8 not posted (link 404 on 2026-10-06). Age bands differ by year (top band 70+ in 2023).
2020,Traditional,30 under 35,398881.0,1531716.0,2147001.0,47118811.0,former SOI methodology (2000-2021),"IRS SOI IRA Table 8 (by type of plan and age), TY2020, https://www.irs.gov/pub/irs-soi/20in08ira.xlsx",18.58,3840.0,Owners = taxpayers with year-end FMV > 0 of that type. TY2022 Table 8 not posted (link 404 on 2026-10-06). Age bands differ by year (top band 70+ in 2023).
2020,Roth,30 under 35,1197520.0,4016464.0,2087178.0,46350745.0,former SOI methodology (2000-2021),"IRS SOI IRA Table 8 (by type of plan and age), TY2020, https://www.irs.gov/pub/irs-soi/20in08ira.xlsx",57.38,3354.0,Owners = taxpayers with year-end FMV > 0 of that type. TY2022 Table 8 not posted (link 404 on 2026-10-06). Age bands differ by year (top band 70+ in 2023).
2020,SEP,30 under 35,58169.0,621799.0,107037.0,3793034.0,former SOI methodology (2000-2021),"IRS SOI IRA Table 8 (by type of plan and age), TY2020, https://www.irs.gov/pub/irs-soi/20in08ira.xlsx",54.34,10690.0,Owners = taxpayers with year-end FMV > 0 of that type. TY2022 Table 8 not posted (link 404 on 2026-10-06). Age bands differ by year (top band 70+ in 2023).
2020,SIMPLE,30 under 35,220627.0,791635.0,329141.0,3890168.0,former SOI methodology (2000-2021),"IRS SOI IRA Table 8 (by type of plan and age), TY2020, https://www.irs.gov/pub/irs-soi/20in08ira.xlsx",67.03,3588.0,Owners = taxpayers with year-end FMV > 0 of that type. TY2022 Table 8 not posted (link 404 on 2026-10-06). Age bands differ by year (top band 70+ in 2023).
2020,Traditional,35 under 40,517440.0,2150238.0,2641986.0,108248958.0,former SOI methodology (2000-2021),"IRS SOI IRA Table 8 (by type of plan and age), TY2020, https://www.irs.gov/pub/irs-soi/20in08ira.xlsx",19.59,4156.0,Owners = taxpayers with year-end FMV > 0 of that type. TY2022 Table 8 not posted (link 404 on 2026-10-06). Age bands differ by year (top band 70+ in 2023).
2020,Roth,35 under 40,1054937.0,3485365.0,2227864.0,72017747.0,former SOI methodology (2000-2021),"IRS SOI IRA Table 8 (by type of plan and age), TY2020, https://www.irs.gov/pub/irs-soi/20in08ira.xlsx",47.35,3304.0,Owners = taxpayers with year-end FMV > 0 of that type. TY2022 Table 8 not posted (link 404 on 2026-10-06). Age bands differ by year (top band 70+ in 2023).
2020,SEP,35 under 40,81713.0,1260757.0,158399.0,10037617.0,former SOI methodology (2000-2021),"IRS SOI IRA Table 8 (by type of plan and age), TY2020, https://www.irs.gov/pub/irs-soi/20in08ira.xlsx",51.59,15429.0,Owners = taxpayers with year-end FMV > 0 of that type. TY2022 Table 8 not posted (link 404 on 2026-10-06). Age bands differ by year (top band 70+ in 2023).
2020,SIMPLE,35 under 40,233422.0,1039437.0,360802.0,7355523.0,former SOI methodology (2000-2021),"IRS SOI IRA Table 8 (by type of plan and age), TY2020, https://www.irs.gov/pub/irs-soi/20in08ira.xlsx",64.7,4453.0,Owners = taxpayers with year-end FMV > 0 of that type. TY2022 Table 8 not posted (link 404 on 2026-10-06). Age bands differ by year (top band 70+ in 2023).
2020,Traditional,40 under 45,557002.0,2379910.0,3167977.0,212833160.0,former SOI methodology (2000-2021),"IRS SOI IRA Table 8 (by type of plan and age), TY2020, https://www.irs.gov/pub/irs-soi/20in08ira.xlsx",17.58,4273.0,Owners = taxpayers with year-end FMV > 0 of that type. TY2022 Table 8 not posted (link 404 on 2026-10-06). Age bands differ by year (top band 70+ in 2023).
2020,Roth,40 under 45,958337.0,2986717.0,2357682.0,89485319.0,former SOI methodology (2000-2021),"IRS SOI IRA Table 8 (by type of plan and age), TY2020, https://www.irs.gov/pub/irs-soi/20in08ira.xlsx",40.65,3117.0,Owners = taxpayers with year-end FMV > 0 of that type. TY2022 Table 8 not posted (link 404 on 2026-10-06). Age bands differ by year (top band 70+ in 2023).
2020,SEP,40 under 45,112618.0,1788315.0,239788.0,19259177.0,former SOI methodology (2000-2021),"IRS SOI IRA Table 8 (by type of plan and age), TY2020, https://www.irs.gov/pub/irs-soi/20in08ira.xlsx",46.97,15879.0,Owners = taxpayers with year-end FMV > 0 of that type. TY2022 Table 8 not posted (link 404 on 2026-10-06). Age bands differ by year (top band 70+ in 2023).
2020,SIMPLE,40 under 45,225430.0,1154422.0,377412.0,11322396.0,former SOI methodology (2000-2021),"IRS SOI IRA Table 8 (by type of plan and age), TY2020, https://www.irs.gov/pub/irs-soi/20in08ira.xlsx",59.73,5121.0,Owners = taxpayers with year-end FMV > 0 of that type. TY2022 Table 8 not posted (link 404 on 2026-10-06). Age bands differ by year (top band 70+ in 2023).
2020,Traditional,45 under 50,520146.0,2127236.0,3679467.0,475975749.0,former SOI methodology (2000-2021),"IRS SOI IRA Table 8 (by type of plan and age), TY2020, https://www.irs.gov/pub/irs-soi/20in08ira.xlsx",14.14,4090.0,Owners = taxpayers with year-end FMV > 0 of that type. TY2022 Table 8 not posted (link 404 on 2026-10-06). Age bands differ by year (top band 70+ in 2023).
2020,Roth,45 under 50,853780.0,2703788.0,2271786.0,95106823.0,former SOI methodology (2000-2021),"IRS SOI IRA Table 8 (by type of plan and age), TY2020, https://www.irs.gov/pub/irs-soi/20in08ira.xlsx",37.58,3167.0,Owners = taxpayers with year-end FMV > 0 of that type. TY2022 Table 8 not posted (link 404 on 2026-10-06). Age bands differ by year (top band 70+ in 2023).
2020,SEP,45 under 50,105676.0,1610107.0,311414.0,34886838.0,former SOI methodology (2000-2021),"IRS SOI IRA Table 8 (by type of plan and age), TY2020, https://www.irs.gov/pub/irs-soi/20in08ira.xlsx",33.93,15236.0,Owners = taxpayers with year-end FMV > 0 of that type. TY2022 Table 8 not posted (link 404 on 2026-10-06). Age bands differ by year (top band 70+ in 2023).
2020,SIMPLE,45 under 50,221278.0,1347329.0,376238.0,17984996.0,former SOI methodology (2000-2021),"IRS SOI IRA Table 8 (by type of plan and age), TY2020, https://www.irs.gov/pub/irs-soi/20in08ira.xlsx",58.81,6089.0,Owners = taxpayers with year-end FMV > 0 of that type. TY2022 Table 8 not posted (link 404 on 2026-10-06). Age bands differ by year (top band 70+ in 2023).
2020,Traditional,50 under 55,620407.0,2897849.0,4572948.0,674458663.0,former SOI methodology (2000-2021),"IRS SOI IRA Table 8 (by type of plan and age), TY2020, https://www.irs.gov/pub/irs-soi/20in08ira.xlsx",13.57,4671.0,Owners = taxpayers with year-end FMV > 0 of that type. TY2022 Table 8 not posted (link 404 on 2026-10-06). Age bands differ by year (top band 70+ in 2023).
2020,Roth,50 under 55,850038.0,3441180.0,2324459.0,125949870.0,former SOI methodology (2000-2021),"IRS SOI IRA Table 8 (by type of plan and age), TY2020, https://www.irs.gov/pub/irs-soi/20in08ira.xlsx",36.57,4048.0,Owners = taxpayers with year-end FMV > 0 of that type. TY2022 Table 8 not posted (link 404 on 2026-10-06). Age bands differ by year (top band 70+ in 2023).
2020,SEP,50 under 55,137927.0,2196328.0,371635.0,51190021.0,former SOI methodology (2000-2021),"IRS SOI IRA Table 8 (by type of plan and age), TY2020, https://www.irs.gov/pub/irs-soi/20in08ira.xlsx",37.11,15924.0,Owners = taxpayers with year-end FMV > 0 of that type. TY2022 Table 8 not posted (link 404 on 2026-10-06). Age bands differ by year (top band 70+ in 2023).
2020,SIMPLE,50 under 55,235702.0,1608802.0,363827.0,25482438.0,former SOI methodology (2000-2021),"IRS SOI IRA Table 8 (by type of plan and age), TY2020, https://www.irs.gov/pub/irs-soi/20in08ira.xlsx",64.78,6826.0,Owners = taxpayers with year-end FMV > 0 of that type. TY2022 Table 8 not posted (link 404 on 2026-10-06). Age bands differ by year (top band 70+ in 2023).
2020,Traditional,55 under 60,728237.0,3617617.0,5720220.0,1082108651.0,former SOI methodology (2000-2021),"IRS SOI IRA Table 8 (by type of plan and age), TY2020, https://www.irs.gov/pub/irs-soi/20in08ira.xlsx",12.73,4968.0,Owners = taxpayers with year-end FMV > 0 of that type. TY2022 Table 8 not posted (link 404 on 2026-10-06). Age bands differ by year (top band 70+ in 2023).
2020,Roth,55 under 60,918497.0,3914755.0,2489155.0,135702818.0,former SOI methodology (2000-2021),"IRS SOI IRA Table 8 (by type of plan and age), TY2020, https://www.irs.gov/pub/irs-soi/20in08ira.xlsx",36.9,4262.0,Owners = taxpayers with year-end FMV > 0 of that type. TY2022 Table 8 not posted (link 404 on 2026-10-06). Age bands differ by year (top band 70+ in 2023).
2020,SEP,55 under 60,158195.0,2587680.0,450576.0,77802207.0,former SOI methodology (2000-2021),"IRS SOI IRA Table 8 (by type of plan and age), TY2020, https://www.irs.gov/pub/irs-soi/20in08ira.xlsx",35.11,16358.0,Owners = taxpayers with year-end FMV > 0 of that type. TY2022 Table 8 not posted (link 404 on 2026-10-06). Age bands differ by year (top band 70+ in 2023).
2020,SIMPLE,55 under 60,262044.0,1965865.0,390235.0,32165764.0,former SOI methodology (2000-2021),"IRS SOI IRA Table 8 (by type of plan and age), TY2020, https://www.irs.gov/pub/irs-soi/20in08ira.xlsx",67.15,7502.0,Owners = taxpayers with year-end FMV > 0 of that type. TY2022 Table 8 not posted (link 404 on 2026-10-06). Age bands differ by year (top band 70+ in 2023).
2020,Traditional,60 under 65,759662.0,3695562.0,6960324.0,1871471746.0,former SOI methodology (2000-2021),"IRS SOI IRA Table 8 (by type of plan and age), TY2020, https://www.irs.gov/pub/irs-soi/20in08ira.xlsx",10.91,4865.0,Owners = taxpayers with year-end FMV > 0 of that type. TY2022 Table 8 not posted (link 404 on 2026-10-06). Age bands differ by year (top band 70+ in 2023).
2020,Roth,60 under 65,747922.0,3505964.0,2523080.0,159081091.0,former SOI methodology (2000-2021),"IRS SOI IRA Table 8 (by type of plan and age), TY2020, https://www.irs.gov/pub/irs-soi/20in08ira.xlsx",29.64,4688.0,Owners = taxpayers with year-end FMV > 0 of that type. TY2022 Table 8 not posted (link 404 on 2026-10-06). Age bands differ by year (top band 70+ in 2023).
2020,SEP,60 under 65,157562.0,2820955.0,463371.0,103347750.0,former SOI methodology (2000-2021),"IRS SOI IRA Table 8 (by type of plan and age), TY2020, https://www.irs.gov/pub/irs-soi/20in08ira.xlsx",34.0,17904.0,Owners = taxpayers with year-end FMV > 0 of that type. TY2022 Table 8 not posted (link 404 on 2026-10-06). Age bands differ by year (top band 70+ in 2023).
2020,SIMPLE,60 under 65,202267.0,1484890.0,334591.0,28500301.0,former SOI methodology (2000-2021),"IRS SOI IRA Table 8 (by type of plan and age), TY2020, https://www.irs.gov/pub/irs-soi/20in08ira.xlsx",60.45,7341.0,Owners = taxpayers with year-end FMV > 0 of that type. TY2022 Table 8 not posted (link 404 on 2026-10-06). Age bands differ by year (top band 70+ in 2023).
2020,Traditional,65 under 70,508928.0,2632978.0,6815456.0,2193720546.0,former SOI methodology (2000-2021),"IRS SOI IRA Table 8 (by type of plan and age), TY2020, https://www.irs.gov/pub/irs-soi/20in08ira.xlsx",7.47,5174.0,Owners = taxpayers with year-end FMV > 0 of that type. TY2022 Table 8 not posted (link 404 on 2026-10-06). Age bands differ by year (top band 70+ in 2023).
2020,Roth,65 under 70,395091.0,1902552.0,2101377.0,166804971.0,former SOI methodology (2000-2021),"IRS SOI IRA Table 8 (by type of plan and age), TY2020, https://www.irs.gov/pub/irs-soi/20in08ira.xlsx",18.8,4815.0,Owners = taxpayers with year-end FMV > 0 of that type. TY2022 Table 8 not posted (link 404 on 2026-10-06). Age bands differ by year (top band 70+ in 2023).
2020,SEP,65 under 70,122297.0,2022972.0,391176.0,102197613.0,former SOI methodology (2000-2021),"IRS SOI IRA Table 8 (by type of plan and age), TY2020, https://www.irs.gov/pub/irs-soi/20in08ira.xlsx",31.26,16541.0,Owners = taxpayers with year-end FMV > 0 of that type. TY2022 Table 8 not posted (link 404 on 2026-10-06). Age bands differ by year (top band 70+ in 2023).
2020,SIMPLE,65 under 70,118695.0,874173.0,195397.0,23522142.0,former SOI methodology (2000-2021),"IRS SOI IRA Table 8 (by type of plan and age), TY2020, https://www.irs.gov/pub/irs-soi/20in08ira.xlsx",60.75,7365.0,Owners = taxpayers with year-end FMV > 0 of that type. TY2022 Table 8 not posted (link 404 on 2026-10-06). Age bands differ by year (top band 70+ in 2023).
2020,Traditional,70 and over,157191.0,726862.0,13269838.0,4034163967.0,former SOI methodology (2000-2021),"IRS SOI IRA Table 8 (by type of plan and age), TY2020, https://www.irs.gov/pub/irs-soi/20in08ira.xlsx",1.18,4624.0,Owners = taxpayers with year-end FMV > 0 of that type. TY2022 Table 8 not posted (link 404 on 2026-10-06). Age bands differ by year (top band 70+ in 2023).
2020,Roth,70 and over,193725.0,886040.0,2718875.0,314607205.0,former SOI methodology (2000-2021),"IRS SOI IRA Table 8 (by type of plan and age), TY2020, https://www.irs.gov/pub/irs-soi/20in08ira.xlsx",7.13,4574.0,Owners = taxpayers with year-end FMV > 0 of that type. TY2022 Table 8 not posted (link 404 on 2026-10-06). Age bands differ by year (top band 70+ in 2023).
2020,SEP,70 and over,101088.0,1332176.0,525962.0,133491717.0,former SOI methodology (2000-2021),"IRS SOI IRA Table 8 (by type of plan and age), TY2020, https://www.irs.gov/pub/irs-soi/20in08ira.xlsx",19.22,13178.0,Owners = taxpayers with year-end FMV > 0 of that type. TY2022 Table 8 not posted (link 404 on 2026-10-06). Age bands differ by year (top band 70+ in 2023).
2020,SIMPLE,70 and over,56459.0,466969.0,147084.0,16317727.0,former SOI methodology (2000-2021),"IRS SOI IRA Table 8 (by type of plan and age), TY2020, https://www.irs.gov/pub/irs-soi/20in08ira.xlsx",38.39,8271.0,Owners = taxpayers with year-end FMV > 0 of that type. TY2022 Table 8 not posted (link 404 on 2026-10-06). Age bands differ by year (top band 70+ in 2023).
2021,Traditional,All taxpayers,5318407.0,24159443.0,51583459.0,12144857232.0,former SOI methodology (2000-2021),"IRS SOI IRA Table 8 (by type of plan and age), TY2021, https://www.irs.gov/pub/irs-soi/21in08ira.xlsx",10.31,4543.0,Owners = taxpayers with year-end FMV > 0 of that type. TY2022 Table 8 not posted (link 404 on 2026-10-06). Age bands differ by year (top band 70+ in 2023).
2021,Roth,All taxpayers,10169363.0,36470021.0,26546386.0,1566709332.0,former SOI methodology (2000-2021),"IRS SOI IRA Table 8 (by type of plan and age), TY2021, https://www.irs.gov/pub/irs-soi/21in08ira.xlsx",38.31,3586.0,Owners = taxpayers with year-end FMV > 0 of that type. TY2022 Table 8 not posted (link 404 on 2026-10-06). Age bands differ by year (top band 70+ in 2023).
2021,SEP,All taxpayers,1130872.0,18064859.0,3242823.0,651121137.0,former SOI methodology (2000-2021),"IRS SOI IRA Table 8 (by type of plan and age), TY2021, https://www.irs.gov/pub/irs-soi/21in08ira.xlsx",34.87,15974.0,Owners = taxpayers with year-end FMV > 0 of that type. TY2022 Table 8 not posted (link 404 on 2026-10-06). Age bands differ by year (top band 70+ in 2023).
2021,SIMPLE,All taxpayers,2150823.0,12919767.0,3464440.0,200252019.0,former SOI methodology (2000-2021),"IRS SOI IRA Table 8 (by type of plan and age), TY2021, https://www.irs.gov/pub/irs-soi/21in08ira.xlsx",62.08,6007.0,Owners = taxpayers with year-end FMV > 0 of that type. TY2022 Table 8 not posted (link 404 on 2026-10-06). Age bands differ by year (top band 70+ in 2023).
2021,Traditional,No age information,27.0,159.0,15153.0,3079905.0,former SOI methodology (2000-2021),"IRS SOI IRA Table 8 (by type of plan and age), TY2021, https://www.irs.gov/pub/irs-soi/21in08ira.xlsx",0.18,5889.0,Owners = taxpayers with year-end FMV > 0 of that type. TY2022 Table 8 not posted (link 404 on 2026-10-06). Age bands differ by year (top band 70+ in 2023).
2021,Roth,No age information,4990.0,17067.0,10040.0,585011.0,former SOI methodology (2000-2021),"IRS SOI IRA Table 8 (by type of plan and age), TY2021, https://www.irs.gov/pub/irs-soi/21in08ira.xlsx",49.7,3420.0,Owners = taxpayers with year-end FMV > 0 of that type. TY2022 Table 8 not posted (link 404 on 2026-10-06). Age bands differ by year (top band 70+ in 2023).
2021,SEP,No age information,49.0,2252.0,56.0,42379.0,former SOI methodology (2000-2021),"IRS SOI IRA Table 8 (by type of plan and age), TY2021, https://www.irs.gov/pub/irs-soi/21in08ira.xlsx",87.5,45959.0,Owners = taxpayers with year-end FMV > 0 of that type. TY2022 Table 8 not posted (link 404 on 2026-10-06). Age bands differ by year (top band 70+ in 2023).
2021,SIMPLE,No age information,0.0,0.0,0.0,0.0,former SOI methodology (2000-2021),"IRS SOI IRA Table 8 (by type of plan and age), TY2021, https://www.irs.gov/pub/irs-soi/21in08ira.xlsx",,,Owners = taxpayers with year-end FMV > 0 of that type. TY2022 Table 8 not posted (link 404 on 2026-10-06). Age bands differ by year (top band 70+ in 2023).
2021,Traditional,Under 15,0.0,0.0,6703.0,1522930.0,former SOI methodology (2000-2021),"IRS SOI IRA Table 8 (by type of plan and age), TY2021, https://www.irs.gov/pub/irs-soi/21in08ira.xlsx",0.0,,Owners = taxpayers with year-end FMV > 0 of that type. TY2022 Table 8 not posted (link 404 on 2026-10-06). Age bands differ by year (top band 70+ in 2023).
2021,Roth,Under 15,14572.0,60118.0,13157.0,280548.0,former SOI methodology (2000-2021),"IRS SOI IRA Table 8 (by type of plan and age), TY2021, https://www.irs.gov/pub/irs-soi/21in08ira.xlsx",110.75,4126.0,Owners = taxpayers with year-end FMV > 0 of that type. TY2022 Table 8 not posted (link 404 on 2026-10-06). Age bands differ by year (top band 70+ in 2023).
2021,SEP,Under 15,0.0,0.0,0.0,0.0,former SOI methodology (2000-2021),"IRS SOI IRA Table 8 (by type of plan and age), TY2021, https://www.irs.gov/pub/irs-soi/21in08ira.xlsx",,,Owners = taxpayers with year-end FMV > 0 of that type. TY2022 Table 8 not posted (link 404 on 2026-10-06). Age bands differ by year (top band 70+ in 2023).
2021,SIMPLE,Under 15,0.0,0.0,0.0,0.0,former SOI methodology (2000-2021),"IRS SOI IRA Table 8 (by type of plan and age), TY2021, https://www.irs.gov/pub/irs-soi/21in08ira.xlsx",,,Owners = taxpayers with year-end FMV > 0 of that type. TY2022 Table 8 not posted (link 404 on 2026-10-06). Age bands differ by year (top band 70+ in 2023).
2021,Traditional,15 under 20,9124.0,17839.0,30462.0,870834.0,former SOI methodology (2000-2021),"IRS SOI IRA Table 8 (by type of plan and age), TY2021, https://www.irs.gov/pub/irs-soi/21in08ira.xlsx",29.95,1955.0,Owners = taxpayers with year-end FMV > 0 of that type. TY2022 Table 8 not posted (link 404 on 2026-10-06). Age bands differ by year (top band 70+ in 2023).
2021,Roth,15 under 20,189146.0,519197.0,191220.0,1447008.0,former SOI methodology (2000-2021),"IRS SOI IRA Table 8 (by type of plan and age), TY2021, https://www.irs.gov/pub/irs-soi/21in08ira.xlsx",98.92,2745.0,Owners = taxpayers with year-end FMV > 0 of that type. TY2022 Table 8 not posted (link 404 on 2026-10-06). Age bands differ by year (top band 70+ in 2023).
2021,SEP,15 under 20,0.0,0.0,2003.0,2588.0,former SOI methodology (2000-2021),"IRS SOI IRA Table 8 (by type of plan and age), TY2021, https://www.irs.gov/pub/irs-soi/21in08ira.xlsx",0.0,,Owners = taxpayers with year-end FMV > 0 of that type. TY2022 Table 8 not posted (link 404 on 2026-10-06). Age bands differ by year (top band 70+ in 2023).
2021,SIMPLE,15 under 20,0.0,0.0,10070.0,20097.0,former SOI methodology (2000-2021),"IRS SOI IRA Table 8 (by type of plan and age), TY2021, https://www.irs.gov/pub/irs-soi/21in08ira.xlsx",0.0,,Owners = taxpayers with year-end FMV > 0 of that type. TY2022 Table 8 not posted (link 404 on 2026-10-06). Age bands differ by year (top band 70+ in 2023).
2021,Traditional,20 under 25,75979.0,155975.0,449623.0,6808712.0,former SOI methodology (2000-2021),"IRS SOI IRA Table 8 (by type of plan and age), TY2021, https://www.irs.gov/pub/irs-soi/21in08ira.xlsx",16.9,2053.0,Owners = taxpayers with year-end FMV > 0 of that type. TY2022 Table 8 not posted (link 404 on 2026-10-06). Age bands differ by year (top band 70+ in 2023).
2021,Roth,20 under 25,919632.0,2576730.0,1095764.0,8528478.0,former SOI methodology (2000-2021),"IRS SOI IRA Table 8 (by type of plan and age), TY2021, https://www.irs.gov/pub/irs-soi/21in08ira.xlsx",83.93,2802.0,Owners = taxpayers with year-end FMV > 0 of that type. TY2022 Table 8 not posted (link 404 on 2026-10-06). Age bands differ by year (top band 70+ in 2023).
2021,SEP,20 under 25,12451.0,69755.0,15128.0,165875.0,former SOI methodology (2000-2021),"IRS SOI IRA Table 8 (by type of plan and age), TY2021, https://www.irs.gov/pub/irs-soi/21in08ira.xlsx",82.3,5602.0,Owners = taxpayers with year-end FMV > 0 of that type. TY2022 Table 8 not posted (link 404 on 2026-10-06). Age bands differ by year (top band 70+ in 2023).
2021,SIMPLE,20 under 25,106125.0,221762.0,108420.0,418939.0,former SOI methodology (2000-2021),"IRS SOI IRA Table 8 (by type of plan and age), TY2021, https://www.irs.gov/pub/irs-soi/21in08ira.xlsx",97.88,2090.0,Owners = taxpayers with year-end FMV > 0 of that type. TY2022 Table 8 not posted (link 404 on 2026-10-06). Age bands differ by year (top band 70+ in 2023).
2021,Traditional,25 under 30,243613.0,732474.0,1439905.0,15124849.0,former SOI methodology (2000-2021),"IRS SOI IRA Table 8 (by type of plan and age), TY2021, https://www.irs.gov/pub/irs-soi/21in08ira.xlsx",16.92,3007.0,Owners = taxpayers with year-end FMV > 0 of that type. TY2022 Table 8 not posted (link 404 on 2026-10-06). Age bands differ by year (top band 70+ in 2023).
2021,Roth,25 under 30,1338481.0,4339698.0,1900846.0,26609669.0,former SOI methodology (2000-2021),"IRS SOI IRA Table 8 (by type of plan and age), TY2021, https://www.irs.gov/pub/irs-soi/21in08ira.xlsx",70.42,3242.0,Owners = taxpayers with year-end FMV > 0 of that type. TY2022 Table 8 not posted (link 404 on 2026-10-06). Age bands differ by year (top band 70+ in 2023).
2021,SEP,25 under 30,41640.0,280822.0,53119.0,1162954.0,former SOI methodology (2000-2021),"IRS SOI IRA Table 8 (by type of plan and age), TY2021, https://www.irs.gov/pub/irs-soi/21in08ira.xlsx",78.39,6744.0,Owners = taxpayers with year-end FMV > 0 of that type. TY2022 Table 8 not posted (link 404 on 2026-10-06). Age bands differ by year (top band 70+ in 2023).
2021,SIMPLE,25 under 30,206296.0,630954.0,283931.0,2237884.0,former SOI methodology (2000-2021),"IRS SOI IRA Table 8 (by type of plan and age), TY2021, https://www.irs.gov/pub/irs-soi/21in08ira.xlsx",72.66,3058.0,Owners = taxpayers with year-end FMV > 0 of that type. TY2022 Table 8 not posted (link 404 on 2026-10-06). Age bands differ by year (top band 70+ in 2023).
2021,Traditional,30 under 35,429710.0,1701642.0,2265219.0,52974742.0,former SOI methodology (2000-2021),"IRS SOI IRA Table 8 (by type of plan and age), TY2021, https://www.irs.gov/pub/irs-soi/21in08ira.xlsx",18.97,3960.0,Owners = taxpayers with year-end FMV > 0 of that type. TY2022 Table 8 not posted (link 404 on 2026-10-06). Age bands differ by year (top band 70+ in 2023).
2021,Roth,30 under 35,1359493.0,4455715.0,2378970.0,57149265.0,former SOI methodology (2000-2021),"IRS SOI IRA Table 8 (by type of plan and age), TY2021, https://www.irs.gov/pub/irs-soi/21in08ira.xlsx",57.15,3277.0,Owners = taxpayers with year-end FMV > 0 of that type. TY2022 Table 8 not posted (link 404 on 2026-10-06). Age bands differ by year (top band 70+ in 2023).
2021,SEP,30 under 35,58042.0,690686.0,101848.0,4088968.0,former SOI methodology (2000-2021),"IRS SOI IRA Table 8 (by type of plan and age), TY2021, https://www.irs.gov/pub/irs-soi/21in08ira.xlsx",56.99,11900.0,Owners = taxpayers with year-end FMV > 0 of that type. TY2022 Table 8 not posted (link 404 on 2026-10-06). Age bands differ by year (top band 70+ in 2023).
2021,SIMPLE,30 under 35,244110.0,912343.0,365350.0,5325544.0,former SOI methodology (2000-2021),"IRS SOI IRA Table 8 (by type of plan and age), TY2021, https://www.irs.gov/pub/irs-soi/21in08ira.xlsx",66.82,3737.0,Owners = taxpayers with year-end FMV > 0 of that type. TY2022 Table 8 not posted (link 404 on 2026-10-06). Age bands differ by year (top band 70+ in 2023).
2021,Traditional,35 under 40,554064.0,2300735.0,2744845.0,127887010.0,former SOI methodology (2000-2021),"IRS SOI IRA Table 8 (by type of plan and age), TY2021, https://www.irs.gov/pub/irs-soi/21in08ira.xlsx",20.19,4152.0,Owners = taxpayers with year-end FMV > 0 of that type. TY2022 Table 8 not posted (link 404 on 2026-10-06). Age bands differ by year (top band 70+ in 2023).
2021,Roth,35 under 40,1181381.0,4134380.0,2521593.0,89300663.0,former SOI methodology (2000-2021),"IRS SOI IRA Table 8 (by type of plan and age), TY2021, https://www.irs.gov/pub/irs-soi/21in08ira.xlsx",46.85,3500.0,Owners = taxpayers with year-end FMV > 0 of that type. TY2022 Table 8 not posted (link 404 on 2026-10-06). Age bands differ by year (top band 70+ in 2023).
2021,SEP,35 under 40,98723.0,1512688.0,183734.0,12490489.0,former SOI methodology (2000-2021),"IRS SOI IRA Table 8 (by type of plan and age), TY2021, https://www.irs.gov/pub/irs-soi/21in08ira.xlsx",53.73,15323.0,Owners = taxpayers with year-end FMV > 0 of that type. TY2022 Table 8 not posted (link 404 on 2026-10-06). Age bands differ by year (top band 70+ in 2023).
2021,SIMPLE,35 under 40,254758.0,1167006.0,391161.0,8887259.0,former SOI methodology (2000-2021),"IRS SOI IRA Table 8 (by type of plan and age), TY2021, https://www.irs.gov/pub/irs-soi/21in08ira.xlsx",65.13,4581.0,Owners = taxpayers with year-end FMV > 0 of that type. TY2022 Table 8 not posted (link 404 on 2026-10-06). Age bands differ by year (top band 70+ in 2023).
2021,Traditional,40 under 45,599508.0,2579182.0,3212038.0,242945062.0,former SOI methodology (2000-2021),"IRS SOI IRA Table 8 (by type of plan and age), TY2021, https://www.irs.gov/pub/irs-soi/21in08ira.xlsx",18.66,4302.0,Owners = taxpayers with year-end FMV > 0 of that type. TY2022 Table 8 not posted (link 404 on 2026-10-06). Age bands differ by year (top band 70+ in 2023).
2021,Roth,40 under 45,1025105.0,3327824.0,2538754.0,109956521.0,former SOI methodology (2000-2021),"IRS SOI IRA Table 8 (by type of plan and age), TY2021, https://www.irs.gov/pub/irs-soi/21in08ira.xlsx",40.38,3246.0,Owners = taxpayers with year-end FMV > 0 of that type. TY2022 Table 8 not posted (link 404 on 2026-10-06). Age bands differ by year (top band 70+ in 2023).
2021,SEP,40 under 45,108015.0,1825611.0,230721.0,20295676.0,former SOI methodology (2000-2021),"IRS SOI IRA Table 8 (by type of plan and age), TY2021, https://www.irs.gov/pub/irs-soi/21in08ira.xlsx",46.82,16901.0,Owners = taxpayers with year-end FMV > 0 of that type. TY2022 Table 8 not posted (link 404 on 2026-10-06). Age bands differ by year (top band 70+ in 2023).
2021,SIMPLE,40 under 45,228394.0,1229871.0,389284.0,12880899.0,former SOI methodology (2000-2021),"IRS SOI IRA Table 8 (by type of plan and age), TY2021, https://www.irs.gov/pub/irs-soi/21in08ira.xlsx",58.67,5385.0,Owners = taxpayers with year-end FMV > 0 of that type. TY2022 Table 8 not posted (link 404 on 2026-10-06). Age bands differ by year (top band 70+ in 2023).
2021,Traditional,45 under 50,548652.0,2386176.0,3606302.0,429758134.0,former SOI methodology (2000-2021),"IRS SOI IRA Table 8 (by type of plan and age), TY2021, https://www.irs.gov/pub/irs-soi/21in08ira.xlsx",15.21,4349.0,Owners = taxpayers with year-end FMV > 0 of that type. TY2022 Table 8 not posted (link 404 on 2026-10-06). Age bands differ by year (top band 70+ in 2023).
2021,Roth,45 under 50,888401.0,2791709.0,2396104.0,114005892.0,former SOI methodology (2000-2021),"IRS SOI IRA Table 8 (by type of plan and age), TY2021, https://www.irs.gov/pub/irs-soi/21in08ira.xlsx",37.08,3142.0,Owners = taxpayers with year-end FMV > 0 of that type. TY2022 Table 8 not posted (link 404 on 2026-10-06). Age bands differ by year (top band 70+ in 2023).
2021,SEP,45 under 50,104893.0,1839986.0,285621.0,35644736.0,former SOI methodology (2000-2021),"IRS SOI IRA Table 8 (by type of plan and age), TY2021, https://www.irs.gov/pub/irs-soi/21in08ira.xlsx",36.72,17542.0,Owners = taxpayers with year-end FMV > 0 of that type. TY2022 Table 8 not posted (link 404 on 2026-10-06). Age bands differ by year (top band 70+ in 2023).
2021,SIMPLE,45 under 50,208532.0,1329147.0,365990.0,20373132.0,former SOI methodology (2000-2021),"IRS SOI IRA Table 8 (by type of plan and age), TY2021, https://www.irs.gov/pub/irs-soi/21in08ira.xlsx",56.98,6374.0,Owners = taxpayers with year-end FMV > 0 of that type. TY2022 Table 8 not posted (link 404 on 2026-10-06). Age bands differ by year (top band 70+ in 2023).
2021,Traditional,50 under 55,658427.0,3177958.0,4533225.0,760460318.0,former SOI methodology (2000-2021),"IRS SOI IRA Table 8 (by type of plan and age), TY2021, https://www.irs.gov/pub/irs-soi/21in08ira.xlsx",14.52,4827.0,Owners = taxpayers with year-end FMV > 0 of that type. TY2022 Table 8 not posted (link 404 on 2026-10-06). Age bands differ by year (top band 70+ in 2023).
2021,Roth,50 under 55,944948.0,3805628.0,2651590.0,160960395.0,former SOI methodology (2000-2021),"IRS SOI IRA Table 8 (by type of plan and age), TY2021, https://www.irs.gov/pub/irs-soi/21in08ira.xlsx",35.64,4027.0,Owners = taxpayers with year-end FMV > 0 of that type. TY2022 Table 8 not posted (link 404 on 2026-10-06). Age bands differ by year (top band 70+ in 2023).
2021,SEP,50 under 55,135701.0,2284766.0,394104.0,58675060.0,former SOI methodology (2000-2021),"IRS SOI IRA Table 8 (by type of plan and age), TY2021, https://www.irs.gov/pub/irs-soi/21in08ira.xlsx",34.43,16837.0,Owners = taxpayers with year-end FMV > 0 of that type. TY2022 Table 8 not posted (link 404 on 2026-10-06). Age bands differ by year (top band 70+ in 2023).
2021,SIMPLE,50 under 55,270475.0,2093336.0,412143.0,30709321.0,former SOI methodology (2000-2021),"IRS SOI IRA Table 8 (by type of plan and age), TY2021, https://www.irs.gov/pub/irs-soi/21in08ira.xlsx",65.63,7739.0,Owners = taxpayers with year-end FMV > 0 of that type. TY2022 Table 8 not posted (link 404 on 2026-10-06). Age bands differ by year (top band 70+ in 2023).
2021,Traditional,55 under 60,735918.0,3743026.0,5631276.0,1222071015.0,former SOI methodology (2000-2021),"IRS SOI IRA Table 8 (by type of plan and age), TY2021, https://www.irs.gov/pub/irs-soi/21in08ira.xlsx",13.07,5086.0,Owners = taxpayers with year-end FMV > 0 of that type. TY2022 Table 8 not posted (link 404 on 2026-10-06). Age bands differ by year (top band 70+ in 2023).
2021,Roth,55 under 60,926825.0,4047721.0,2604117.0,163859324.0,former SOI methodology (2000-2021),"IRS SOI IRA Table 8 (by type of plan and age), TY2021, https://www.irs.gov/pub/irs-soi/21in08ira.xlsx",35.59,4367.0,Owners = taxpayers with year-end FMV > 0 of that type. TY2022 Table 8 not posted (link 404 on 2026-10-06). Age bands differ by year (top band 70+ in 2023).
2021,SEP,55 under 60,163006.0,2927972.0,451235.0,90752155.0,former SOI methodology (2000-2021),"IRS SOI IRA Table 8 (by type of plan and age), TY2021, https://www.irs.gov/pub/irs-soi/21in08ira.xlsx",36.12,17962.0,Owners = taxpayers with year-end FMV > 0 of that type. TY2022 Table 8 not posted (link 404 on 2026-10-06). Age bands differ by year (top band 70+ in 2023).
2021,SIMPLE,55 under 60,253543.0,2152481.0,394380.0,35865412.0,former SOI methodology (2000-2021),"IRS SOI IRA Table 8 (by type of plan and age), TY2021, https://www.irs.gov/pub/irs-soi/21in08ira.xlsx",64.29,8490.0,Owners = taxpayers with year-end FMV > 0 of that type. TY2022 Table 8 not posted (link 404 on 2026-10-06). Age bands differ by year (top band 70+ in 2023).
2021,Traditional,60 under 65,734414.0,3716155.0,6887505.0,2073349109.0,former SOI methodology (2000-2021),"IRS SOI IRA Table 8 (by type of plan and age), TY2021, https://www.irs.gov/pub/irs-soi/21in08ira.xlsx",10.66,5060.0,Owners = taxpayers with year-end FMV > 0 of that type. TY2022 Table 8 not posted (link 404 on 2026-10-06). Age bands differ by year (top band 70+ in 2023).
2021,Roth,60 under 65,768838.0,3512218.0,2757610.0,200874364.0,former SOI methodology (2000-2021),"IRS SOI IRA Table 8 (by type of plan and age), TY2021, https://www.irs.gov/pub/irs-soi/21in08ira.xlsx",27.88,4568.0,Owners = taxpayers with year-end FMV > 0 of that type. TY2022 Table 8 not posted (link 404 on 2026-10-06). Age bands differ by year (top band 70+ in 2023).
2021,SEP,60 under 65,174768.0,2973343.0,495970.0,115783787.0,former SOI methodology (2000-2021),"IRS SOI IRA Table 8 (by type of plan and age), TY2021, https://www.irs.gov/pub/irs-soi/21in08ira.xlsx",35.24,17013.0,Owners = taxpayers with year-end FMV > 0 of that type. TY2022 Table 8 not posted (link 404 on 2026-10-06). Age bands differ by year (top band 70+ in 2023).
2021,SIMPLE,60 under 65,203623.0,1709656.0,362814.0,36391169.0,former SOI methodology (2000-2021),"IRS SOI IRA Table 8 (by type of plan and age), TY2021, https://www.irs.gov/pub/irs-soi/21in08ira.xlsx",56.12,8396.0,Owners = taxpayers with year-end FMV > 0 of that type. TY2022 Table 8 not posted (link 404 on 2026-10-06). Age bands differ by year (top band 70+ in 2023).
2021,Traditional,65 under 70,499561.0,2532701.0,7065418.0,2577804521.0,former SOI methodology (2000-2021),"IRS SOI IRA Table 8 (by type of plan and age), TY2021, https://www.irs.gov/pub/irs-soi/21in08ira.xlsx",7.07,5070.0,Owners = taxpayers with year-end FMV > 0 of that type. TY2022 Table 8 not posted (link 404 on 2026-10-06). Age bands differ by year (top band 70+ in 2023).
2021,Roth,65 under 70,409145.0,1957784.0,2335411.0,218436093.0,former SOI methodology (2000-2021),"IRS SOI IRA Table 8 (by type of plan and age), TY2021, https://www.irs.gov/pub/irs-soi/21in08ira.xlsx",17.52,4785.0,Owners = taxpayers with year-end FMV > 0 of that type. TY2022 Table 8 not posted (link 404 on 2026-10-06). Age bands differ by year (top band 70+ in 2023).
2021,SEP,65 under 70,112305.0,1937763.0,402156.0,121050329.0,former SOI methodology (2000-2021),"IRS SOI IRA Table 8 (by type of plan and age), TY2021, https://www.irs.gov/pub/irs-soi/21in08ira.xlsx",27.93,17254.0,Owners = taxpayers with year-end FMV > 0 of that type. TY2022 Table 8 not posted (link 404 on 2026-10-06). Age bands differ by year (top band 70+ in 2023).
2021,SIMPLE,65 under 70,115366.0,942775.0,219088.0,27323367.0,former SOI methodology (2000-2021),"IRS SOI IRA Table 8 (by type of plan and age), TY2021, https://www.irs.gov/pub/irs-soi/21in08ira.xlsx",52.66,8172.0,Owners = taxpayers with year-end FMV > 0 of that type. TY2022 Table 8 not posted (link 404 on 2026-10-06). Age bands differ by year (top band 70+ in 2023).
2021,Traditional,70 and over,229410.0,1115421.0,13695785.0,4630200091.0,former SOI methodology (2000-2021),"IRS SOI IRA Table 8 (by type of plan and age), TY2021, https://www.irs.gov/pub/irs-soi/21in08ira.xlsx",1.68,4862.0,Owners = taxpayers with year-end FMV > 0 of that type. TY2022 Table 8 not posted (link 404 on 2026-10-06). Age bands differ by year (top band 70+ in 2023).
2021,Roth,70 and over,198406.0,924232.0,3151210.0,414716101.0,former SOI methodology (2000-2021),"IRS SOI IRA Table 8 (by type of plan and age), TY2021, https://www.irs.gov/pub/irs-soi/21in08ira.xlsx",6.3,4658.0,Owners = taxpayers with year-end FMV > 0 of that type. TY2022 Table 8 not posted (link 404 on 2026-10-06). Age bands differ by year (top band 70+ in 2023).
2021,SEP,70 and over,121279.0,1719215.0,627128.0,190966141.0,former SOI methodology (2000-2021),"IRS SOI IRA Table 8 (by type of plan and age), TY2021, https://www.irs.gov/pub/irs-soi/21in08ira.xlsx",19.34,14176.0,Owners = taxpayers with year-end FMV > 0 of that type. TY2022 Table 8 not posted (link 404 on 2026-10-06). Age bands differ by year (top band 70+ in 2023).
2021,SIMPLE,70 and over,59601.0,530436.0,161809.0,19818996.0,former SOI methodology (2000-2021),"IRS SOI IRA Table 8 (by type of plan and age), TY2021, https://www.irs.gov/pub/irs-soi/21in08ira.xlsx",36.83,8900.0,Owners = taxpayers with year-end FMV > 0 of that type. TY2022 Table 8 not posted (link 404 on 2026-10-06). Age bands differ by year (top band 70+ in 2023).
2023,Traditional,All taxpayers,5873053.0,26901749.0,53679821.0,12100134806.0,new SOI methodology (2022+),"IRS SOI IRA Table 8 (by type of plan and age), TY2023, https://www.irs.gov/pub/irs-soi/23in08ira.xlsx",10.94,4581.0,Owners = taxpayers with year-end FMV > 0 of that type. TY2022 Table 8 not posted (link 404 on 2026-10-06). Age bands differ by year (top band 70+ in 2023).
2023,Roth,All taxpayers,9488414.0,32809393.0,29301806.0,1683383257.0,new SOI methodology (2022+),"IRS SOI IRA Table 8 (by type of plan and age), TY2023, https://www.irs.gov/pub/irs-soi/23in08ira.xlsx",32.38,3458.0,Owners = taxpayers with year-end FMV > 0 of that type. TY2022 Table 8 not posted (link 404 on 2026-10-06). Age bands differ by year (top band 70+ in 2023).
2023,SEP,All taxpayers,1008686.0,16595875.0,3216883.0,609835421.0,new SOI methodology (2022+),"IRS SOI IRA Table 8 (by type of plan and age), TY2023, https://www.irs.gov/pub/irs-soi/23in08ira.xlsx",31.36,16453.0,Owners = taxpayers with year-end FMV > 0 of that type. TY2022 Table 8 not posted (link 404 on 2026-10-06). Age bands differ by year (top band 70+ in 2023).
2023,SIMPLE,All taxpayers,2191821.0,12802062.0,3519806.0,190602037.0,new SOI methodology (2022+),"IRS SOI IRA Table 8 (by type of plan and age), TY2023, https://www.irs.gov/pub/irs-soi/23in08ira.xlsx",62.27,5841.0,Owners = taxpayers with year-end FMV > 0 of that type. TY2022 Table 8 not posted (link 404 on 2026-10-06). Age bands differ by year (top band 70+ in 2023).
2023,Traditional,Under 20,10366.0,23210.0,34543.0,1985611.0,new SOI methodology (2022+),"IRS SOI IRA Table 8 (by type of plan and age), TY2023, https://www.irs.gov/pub/irs-soi/23in08ira.xlsx",30.01,2239.0,Owners = taxpayers with year-end FMV > 0 of that type. TY2022 Table 8 not posted (link 404 on 2026-10-06). Age bands differ by year (top band 70+ in 2023).
2023,Roth,Under 20,224370.0,632421.0,236919.0,1514429.0,new SOI methodology (2022+),"IRS SOI IRA Table 8 (by type of plan and age), TY2023, https://www.irs.gov/pub/irs-soi/23in08ira.xlsx",94.7,2819.0,Owners = taxpayers with year-end FMV > 0 of that type. TY2022 Table 8 not posted (link 404 on 2026-10-06). Age bands differ by year (top band 70+ in 2023).
2023,SEP,Under 20,0.0,0.0,1019.0,9342.0,new SOI methodology (2022+),"IRS SOI IRA Table 8 (by type of plan and age), TY2023, https://www.irs.gov/pub/irs-soi/23in08ira.xlsx",0.0,,Owners = taxpayers with year-end FMV > 0 of that type. TY2022 Table 8 not posted (link 404 on 2026-10-06). Age bands differ by year (top band 70+ in 2023).
2023,SIMPLE,Under 20,0.0,0.0,7055.0,22307.0,new SOI methodology (2022+),"IRS SOI IRA Table 8 (by type of plan and age), TY2023, https://www.irs.gov/pub/irs-soi/23in08ira.xlsx",0.0,,Owners = taxpayers with year-end FMV > 0 of that type. TY2022 Table 8 not posted (link 404 on 2026-10-06). Age bands differ by year (top band 70+ in 2023).
2023,Traditional,20 under 25,77843.0,212608.0,564473.0,5258131.0,new SOI methodology (2022+),"IRS SOI IRA Table 8 (by type of plan and age), TY2023, https://www.irs.gov/pub/irs-soi/23in08ira.xlsx",13.79,2731.0,Owners = taxpayers with year-end FMV > 0 of that type. TY2022 Table 8 not posted (link 404 on 2026-10-06). Age bands differ by year (top band 70+ in 2023).
2023,Roth,20 under 25,939021.0,2631470.0,1276900.0,9247284.0,new SOI methodology (2022+),"IRS SOI IRA Table 8 (by type of plan and age), TY2023, https://www.irs.gov/pub/irs-soi/23in08ira.xlsx",73.54,2802.0,Owners = taxpayers with year-end FMV > 0 of that type. TY2022 Table 8 not posted (link 404 on 2026-10-06). Age bands differ by year (top band 70+ in 2023).
2023,SEP,20 under 25,10519.0,48960.0,13785.0,108557.0,new SOI methodology (2022+),"IRS SOI IRA Table 8 (by type of plan and age), TY2023, https://www.irs.gov/pub/irs-soi/23in08ira.xlsx",76.31,4654.0,Owners = taxpayers with year-end FMV > 0 of that type. TY2022 Table 8 not posted (link 404 on 2026-10-06). Age bands differ by year (top band 70+ in 2023).
2023,SIMPLE,20 under 25,95592.0,189851.0,98538.0,416673.0,new SOI methodology (2022+),"IRS SOI IRA Table 8 (by type of plan and age), TY2023, https://www.irs.gov/pub/irs-soi/23in08ira.xlsx",97.01,1986.0,Owners = taxpayers with year-end FMV > 0 of that type. TY2022 Table 8 not posted (link 404 on 2026-10-06). Age bands differ by year (top band 70+ in 2023).
2023,Traditional,25 under 30,256814.0,846115.0,1722686.0,17212330.0,new SOI methodology (2022+),"IRS SOI IRA Table 8 (by type of plan and age), TY2023, https://www.irs.gov/pub/irs-soi/23in08ira.xlsx",14.91,3295.0,Owners = taxpayers with year-end FMV > 0 of that type. TY2022 Table 8 not posted (link 404 on 2026-10-06). Age bands differ by year (top band 70+ in 2023).
2023,Roth,25 under 30,1387833.0,4530510.0,2263579.0,28488612.0,new SOI methodology (2022+),"IRS SOI IRA Table 8 (by type of plan and age), TY2023, https://www.irs.gov/pub/irs-soi/23in08ira.xlsx",61.31,3264.0,Owners = taxpayers with year-end FMV > 0 of that type. TY2022 Table 8 not posted (link 404 on 2026-10-06). Age bands differ by year (top band 70+ in 2023).
2023,SEP,25 under 30,27798.0,263202.0,49789.0,1219666.0,new SOI methodology (2022+),"IRS SOI IRA Table 8 (by type of plan and age), TY2023, https://www.irs.gov/pub/irs-soi/23in08ira.xlsx",55.83,9468.0,Owners = taxpayers with year-end FMV > 0 of that type. TY2022 Table 8 not posted (link 404 on 2026-10-06). Age bands differ by year (top band 70+ in 2023).
2023,SIMPLE,25 under 30,177035.0,555622.0,262954.0,2163380.0,new SOI methodology (2022+),"IRS SOI IRA Table 8 (by type of plan and age), TY2023, https://www.irs.gov/pub/irs-soi/23in08ira.xlsx",67.33,3138.0,Owners = taxpayers with year-end FMV > 0 of that type. TY2022 Table 8 not posted (link 404 on 2026-10-06). Age bands differ by year (top band 70+ in 2023).
2023,Traditional,30 under 35,517317.0,2131754.0,2633870.0,50250547.0,new SOI methodology (2022+),"IRS SOI IRA Table 8 (by type of plan and age), TY2023, https://www.irs.gov/pub/irs-soi/23in08ira.xlsx",19.64,4121.0,Owners = taxpayers with year-end FMV > 0 of that type. TY2022 Table 8 not posted (link 404 on 2026-10-06). Age bands differ by year (top band 70+ in 2023).
2023,Roth,30 under 35,1272243.0,4247847.0,2729587.0,57223695.0,new SOI methodology (2022+),"IRS SOI IRA Table 8 (by type of plan and age), TY2023, https://www.irs.gov/pub/irs-soi/23in08ira.xlsx",46.61,3339.0,Owners = taxpayers with year-end FMV > 0 of that type. TY2022 Table 8 not posted (link 404 on 2026-10-06). Age bands differ by year (top band 70+ in 2023).
2023,SEP,30 under 35,51351.0,585524.0,91323.0,3615884.0,new SOI methodology (2022+),"IRS SOI IRA Table 8 (by type of plan and age), TY2023, https://www.irs.gov/pub/irs-soi/23in08ira.xlsx",56.23,11402.0,Owners = taxpayers with year-end FMV > 0 of that type. TY2022 Table 8 not posted (link 404 on 2026-10-06). Age bands differ by year (top band 70+ in 2023).
2023,SIMPLE,30 under 35,253181.0,1013735.0,392801.0,5075015.0,new SOI methodology (2022+),"IRS SOI IRA Table 8 (by type of plan and age), TY2023, https://www.irs.gov/pub/irs-soi/23in08ira.xlsx",64.46,4004.0,Owners = taxpayers with year-end FMV > 0 of that type. TY2022 Table 8 not posted (link 404 on 2026-10-06). Age bands differ by year (top band 70+ in 2023).
2023,Traditional,35 under 40,666676.0,2912302.0,3026608.0,117096161.0,new SOI methodology (2022+),"IRS SOI IRA Table 8 (by type of plan and age), TY2023, https://www.irs.gov/pub/irs-soi/23in08ira.xlsx",22.03,4368.0,Owners = taxpayers with year-end FMV > 0 of that type. TY2022 Table 8 not posted (link 404 on 2026-10-06). Age bands differ by year (top band 70+ in 2023).
2023,Roth,35 under 40,1078188.0,3426020.0,2781086.0,83073295.0,new SOI methodology (2022+),"IRS SOI IRA Table 8 (by type of plan and age), TY2023, https://www.irs.gov/pub/irs-soi/23in08ira.xlsx",38.77,3178.0,Owners = taxpayers with year-end FMV > 0 of that type. TY2022 Table 8 not posted (link 404 on 2026-10-06). Age bands differ by year (top band 70+ in 2023).
2023,SEP,35 under 40,91087.0,1250634.0,181906.0,10403433.0,new SOI methodology (2022+),"IRS SOI IRA Table 8 (by type of plan and age), TY2023, https://www.irs.gov/pub/irs-soi/23in08ira.xlsx",50.07,13730.0,Owners = taxpayers with year-end FMV > 0 of that type. TY2022 Table 8 not posted (link 404 on 2026-10-06). Age bands differ by year (top band 70+ in 2023).
2023,SIMPLE,35 under 40,261283.0,1220211.0,383411.0,8288664.0,new SOI methodology (2022+),"IRS SOI IRA Table 8 (by type of plan and age), TY2023, https://www.irs.gov/pub/irs-soi/23in08ira.xlsx",68.15,4670.0,Owners = taxpayers with year-end FMV > 0 of that type. TY2022 Table 8 not posted (link 404 on 2026-10-06). Age bands differ by year (top band 70+ in 2023).
2023,Traditional,40 under 45,719386.0,3158047.0,3405568.0,222758528.0,new SOI methodology (2022+),"IRS SOI IRA Table 8 (by type of plan and age), TY2023, https://www.irs.gov/pub/irs-soi/23in08ira.xlsx",21.12,4390.0,Owners = taxpayers with year-end FMV > 0 of that type. TY2022 Table 8 not posted (link 404 on 2026-10-06). Age bands differ by year (top band 70+ in 2023).
2023,Roth,40 under 45,917898.0,3067013.0,2763662.0,112188287.0,new SOI methodology (2022+),"IRS SOI IRA Table 8 (by type of plan and age), TY2023, https://www.irs.gov/pub/irs-soi/23in08ira.xlsx",33.21,3341.0,Owners = taxpayers with year-end FMV > 0 of that type. TY2022 Table 8 not posted (link 404 on 2026-10-06). Age bands differ by year (top band 70+ in 2023).
2023,SEP,40 under 45,98588.0,1768596.0,227914.0,19369840.0,new SOI methodology (2022+),"IRS SOI IRA Table 8 (by type of plan and age), TY2023, https://www.irs.gov/pub/irs-soi/23in08ira.xlsx",43.26,17939.0,Owners = taxpayers with year-end FMV > 0 of that type. TY2022 Table 8 not posted (link 404 on 2026-10-06). Age bands differ by year (top band 70+ in 2023).
2023,SIMPLE,40 under 45,254122.0,1367584.0,419477.0,12177649.0,new SOI methodology (2022+),"IRS SOI IRA Table 8 (by type of plan and age), TY2023, https://www.irs.gov/pub/irs-soi/23in08ira.xlsx",60.58,5382.0,Owners = taxpayers with year-end FMV > 0 of that type. TY2022 Table 8 not posted (link 404 on 2026-10-06). Age bands differ by year (top band 70+ in 2023).
2023,Traditional,45 under 50,682088.0,3007066.0,3775976.0,403391100.0,new SOI methodology (2022+),"IRS SOI IRA Table 8 (by type of plan and age), TY2023, https://www.irs.gov/pub/irs-soi/23in08ira.xlsx",18.06,4409.0,Owners = taxpayers with year-end FMV > 0 of that type. TY2022 Table 8 not posted (link 404 on 2026-10-06). Age bands differ by year (top band 70+ in 2023).
2023,Roth,45 under 50,810872.0,2448413.0,2623108.0,121005456.0,new SOI methodology (2022+),"IRS SOI IRA Table 8 (by type of plan and age), TY2023, https://www.irs.gov/pub/irs-soi/23in08ira.xlsx",30.91,3019.0,Owners = taxpayers with year-end FMV > 0 of that type. TY2022 Table 8 not posted (link 404 on 2026-10-06). Age bands differ by year (top band 70+ in 2023).
2023,SEP,45 under 50,104589.0,1871578.0,286334.0,31683863.0,new SOI methodology (2022+),"IRS SOI IRA Table 8 (by type of plan and age), TY2023, https://www.irs.gov/pub/irs-soi/23in08ira.xlsx",36.53,17895.0,Owners = taxpayers with year-end FMV > 0 of that type. TY2022 Table 8 not posted (link 404 on 2026-10-06). Age bands differ by year (top band 70+ in 2023).
2023,SIMPLE,45 under 50,232471.0,1471317.0,381149.0,17253331.0,new SOI methodology (2022+),"IRS SOI IRA Table 8 (by type of plan and age), TY2023, https://www.irs.gov/pub/irs-soi/23in08ira.xlsx",60.99,6329.0,Owners = taxpayers with year-end FMV > 0 of that type. TY2022 Table 8 not posted (link 404 on 2026-10-06). Age bands differ by year (top band 70+ in 2023).
2023,Traditional,50 under 55,680911.0,3387638.0,4432371.0,662221201.0,new SOI methodology (2022+),"IRS SOI IRA Table 8 (by type of plan and age), TY2023, https://www.irs.gov/pub/irs-soi/23in08ira.xlsx",15.36,4975.0,Owners = taxpayers with year-end FMV > 0 of that type. TY2022 Table 8 not posted (link 404 on 2026-10-06). Age bands differ by year (top band 70+ in 2023).
2023,Roth,50 under 55,819265.0,2973045.0,2739783.0,149515446.0,new SOI methodology (2022+),"IRS SOI IRA Table 8 (by type of plan and age), TY2023, https://www.irs.gov/pub/irs-soi/23in08ira.xlsx",29.9,3629.0,Owners = taxpayers with year-end FMV > 0 of that type. TY2022 Table 8 not posted (link 404 on 2026-10-06). Age bands differ by year (top band 70+ in 2023).
2023,SEP,50 under 55,116624.0,2156681.0,352074.0,48992527.0,new SOI methodology (2022+),"IRS SOI IRA Table 8 (by type of plan and age), TY2023, https://www.irs.gov/pub/irs-soi/23in08ira.xlsx",33.12,18493.0,Owners = taxpayers with year-end FMV > 0 of that type. TY2022 Table 8 not posted (link 404 on 2026-10-06). Age bands differ by year (top band 70+ in 2023).
2023,SIMPLE,50 under 55,260514.0,1851134.0,404856.0,25596311.0,new SOI methodology (2022+),"IRS SOI IRA Table 8 (by type of plan and age), TY2023, https://www.irs.gov/pub/irs-soi/23in08ira.xlsx",64.35,7106.0,Owners = taxpayers with year-end FMV > 0 of that type. TY2022 Table 8 not posted (link 404 on 2026-10-06). Age bands differ by year (top band 70+ in 2023).
2023,Traditional,55 under 60,774293.0,3914877.0,5338468.0,1143055945.0,new SOI methodology (2022+),"IRS SOI IRA Table 8 (by type of plan and age), TY2023, https://www.irs.gov/pub/irs-soi/23in08ira.xlsx",14.5,5056.0,Owners = taxpayers with year-end FMV > 0 of that type. TY2022 Table 8 not posted (link 404 on 2026-10-06). Age bands differ by year (top band 70+ in 2023).
2023,Roth,55 under 60,760057.0,3233475.0,2671385.0,174651558.0,new SOI methodology (2022+),"IRS SOI IRA Table 8 (by type of plan and age), TY2023, https://www.irs.gov/pub/irs-soi/23in08ira.xlsx",28.45,4254.0,Owners = taxpayers with year-end FMV > 0 of that type. TY2022 Table 8 not posted (link 404 on 2026-10-06). Age bands differ by year (top band 70+ in 2023).
2023,SEP,55 under 60,133856.0,2314242.0,418142.0,74626039.0,new SOI methodology (2022+),"IRS SOI IRA Table 8 (by type of plan and age), TY2023, https://www.irs.gov/pub/irs-soi/23in08ira.xlsx",32.01,17289.0,Owners = taxpayers with year-end FMV > 0 of that type. TY2022 Table 8 not posted (link 404 on 2026-10-06). Age bands differ by year (top band 70+ in 2023).
2023,SIMPLE,55 under 60,250183.0,2000996.0,393074.0,34494639.0,new SOI methodology (2022+),"IRS SOI IRA Table 8 (by type of plan and age), TY2023, https://www.irs.gov/pub/irs-soi/23in08ira.xlsx",63.65,7998.0,Owners = taxpayers with year-end FMV > 0 of that type. TY2022 Table 8 not posted (link 404 on 2026-10-06). Age bands differ by year (top band 70+ in 2023).
2023,Traditional,60 under 65,720711.0,3614478.0,6718262.0,1941924135.0,new SOI methodology (2022+),"IRS SOI IRA Table 8 (by type of plan and age), TY2023, https://www.irs.gov/pub/irs-soi/23in08ira.xlsx",10.73,5015.0,Owners = taxpayers with year-end FMV > 0 of that type. TY2022 Table 8 not posted (link 404 on 2026-10-06). Age bands differ by year (top band 70+ in 2023).
2023,Roth,60 under 65,705454.0,3177336.0,2854570.0,205606389.0,new SOI methodology (2022+),"IRS SOI IRA Table 8 (by type of plan and age), TY2023, https://www.irs.gov/pub/irs-soi/23in08ira.xlsx",24.71,4504.0,Owners = taxpayers with year-end FMV > 0 of that type. TY2022 Table 8 not posted (link 404 on 2026-10-06). Age bands differ by year (top band 70+ in 2023).
2023,SEP,60 under 65,153147.0,2533916.0,485046.0,112274610.0,new SOI methodology (2022+),"IRS SOI IRA Table 8 (by type of plan and age), TY2023, https://www.irs.gov/pub/irs-soi/23in08ira.xlsx",31.57,16546.0,Owners = taxpayers with year-end FMV > 0 of that type. TY2022 Table 8 not posted (link 404 on 2026-10-06). Age bands differ by year (top band 70+ in 2023).
2023,SIMPLE,60 under 65,210703.0,1659714.0,339906.0,32180467.0,new SOI methodology (2022+),"IRS SOI IRA Table 8 (by type of plan and age), TY2023, https://www.irs.gov/pub/irs-soi/23in08ira.xlsx",61.99,7877.0,Owners = taxpayers with year-end FMV > 0 of that type. TY2022 Table 8 not posted (link 404 on 2026-10-06). Age bands differ by year (top band 70+ in 2023).
2023,Traditional,65 under 70,480185.0,2309616.0,7158838.0,2562163425.0,new SOI methodology (2022+),"IRS SOI IRA Table 8 (by type of plan and age), TY2023, https://www.irs.gov/pub/irs-soi/23in08ira.xlsx",6.71,4810.0,Owners = taxpayers with year-end FMV > 0 of that type. TY2022 Table 8 not posted (link 404 on 2026-10-06). Age bands differ by year (top band 70+ in 2023).
2023,Roth,65 under 70,373460.0,1633343.0,2539877.0,228658968.0,new SOI methodology (2022+),"IRS SOI IRA Table 8 (by type of plan and age), TY2023, https://www.irs.gov/pub/irs-soi/23in08ira.xlsx",14.7,4374.0,Owners = taxpayers with year-end FMV > 0 of that type. TY2022 Table 8 not posted (link 404 on 2026-10-06). Age bands differ by year (top band 70+ in 2023).
2023,SEP,65 under 70,120030.0,2145986.0,439706.0,113685417.0,new SOI methodology (2022+),"IRS SOI IRA Table 8 (by type of plan and age), TY2023, https://www.irs.gov/pub/irs-soi/23in08ira.xlsx",27.3,17879.0,Owners = taxpayers with year-end FMV > 0 of that type. TY2022 Table 8 not posted (link 404 on 2026-10-06). Age bands differ by year (top band 70+ in 2023).
2023,SIMPLE,65 under 70,121406.0,901486.0,245873.0,28151963.0,new SOI methodology (2022+),"IRS SOI IRA Table 8 (by type of plan and age), TY2023, https://www.irs.gov/pub/irs-soi/23in08ira.xlsx",49.38,7425.0,Owners = taxpayers with year-end FMV > 0 of that type. TY2022 Table 8 not posted (link 404 on 2026-10-06). Age bands differ by year (top band 70+ in 2023).
2023,Traditional,70 and over,286462.0,1384038.0,14868158.0,4972817691.0,new SOI methodology (2022+),"IRS SOI IRA Table 8 (by type of plan and age), TY2023, https://www.irs.gov/pub/irs-soi/23in08ira.xlsx",1.93,4831.0,Owners = taxpayers with year-end FMV > 0 of that type. TY2022 Table 8 not posted (link 404 on 2026-10-06). Age bands differ by year (top band 70+ in 2023).
2023,Roth,70 and over,199753.0,808500.0,3821352.0,512209837.0,new SOI methodology (2022+),"IRS SOI IRA Table 8 (by type of plan and age), TY2023, https://www.irs.gov/pub/irs-soi/23in08ira.xlsx",5.23,4047.0,Owners = taxpayers with year-end FMV > 0 of that type. TY2022 Table 8 not posted (link 404 on 2026-10-06). Age bands differ by year (top band 70+ in 2023).
2023,SEP,70 and over,101097.0,1656555.0,669844.0,193846241.0,new SOI methodology (2022+),"IRS SOI IRA Table 8 (by type of plan and age), TY2023, https://www.irs.gov/pub/irs-soi/23in08ira.xlsx",15.09,16386.0,Owners = taxpayers with year-end FMV > 0 of that type. TY2022 Table 8 not posted (link 404 on 2026-10-06). Age bands differ by year (top band 70+ in 2023).
2023,SIMPLE,70 and over,75330.0,570413.0,190713.0,24781637.0,new SOI methodology (2022+),"IRS SOI IRA Table 8 (by type of plan and age), TY2023, https://www.irs.gov/pub/irs-soi/23in08ira.xlsx",39.5,7572.0,Owners = taxpayers with year-end FMV > 0 of that type. TY2022 Table 8 not posted (link 404 on 2026-10-06). Age bands differ by year (top band 70+ in 2023).
