survey_year,income_year,group,stat,estimate,se,n_cases
1989,1988,all,share_agg_wage,66.2054,2.3666,3143
1989,1988,all,share_agg_xkg_wage,70.0771,1.8882,3143
1989,1988,all,pct_with_wage,73.3476,0.6290,3143
1989,1988,all,share_agg_bus,11.1699,2.0712,3143
1989,1988,all,share_agg_xkg_bus,11.8231,2.1337,3143
1989,1988,all,pct_with_bus,16.3803,0.7764,3143
1989,1988,all,share_agg_intdiv,6.4987,0.7429,3143
1989,1988,all,share_agg_xkg_intdiv,6.8788,0.7470,3143
1989,1988,all,pct_with_intdiv,45.2116,1.2497,3143
1989,1988,all,share_agg_kg,5.5249,2.4360,3143
1989,1988,all,pct_with_kg,7.2515,0.5885,3143
1989,1988,all,share_agg_ss,4.4375,0.2358,3143
1989,1988,all,share_agg_xkg_ss,4.6970,0.2429,3143
1989,1988,all,pct_with_ss,24.5340,0.4252,3143
1989,1988,all,share_agg_pen,3.3383,0.2129,3143
1989,1988,all,share_agg_xkg_pen,3.5336,0.2219,3143
1989,1988,all,pct_with_pen,15.2840,0.4692,3143
1989,1988,all,share_agg_sspen_unalloc,0.4698,0.1224,3143
1989,1988,all,share_agg_xkg_sspen_unalloc,0.4973,0.1289,3143
1989,1988,all,pct_with_sspen_unalloc,2.4171,0.2977,3143
1989,1988,all,share_agg_acctwd,0.0000,0.0000,3143
1989,1988,all,share_agg_xkg_acctwd,0.0000,0.0000,3143
1989,1988,all,pct_with_acctwd,0.0000,0.0000,3143
1989,1988,all,share_agg_transfers,1.6869,0.1871,3143
1989,1988,all,share_agg_xkg_transfers,1.7856,0.1994,3143
1989,1988,all,pct_with_transfers,18.6419,0.8640,3143
1989,1988,all,share_agg_other,0.6685,0.1254,3143
1989,1988,all,share_agg_xkg_other,0.7076,0.1347,3143
1989,1988,all,pct_with_other,8.3282,0.5867,3143
1989,1988,all,share_agg_other_raw_uncapped,1.9165,1.0745,3143
1989,1988,all,share_agg_ss_raw_uncapped_other,4.3817,0.2215,3143
1989,1988,all,share_agg_ss_plus_pen_plus_unalloc,8.2456,0.3782,3143
1989,1988,all,share_agg_pen_plus_acctwd,3.3383,0.2129,3143
1989,1988,all,share_agg_xkg_pen_plus_acctwd,3.5336,0.2219,3143
1989,1988,all,share_agg_comparable_other_plus_acctwd,2.3554,0.2311,3143
1989,1988,all,pct_with_ss_or_pen_any,30.2102,0.4977,3143
1989,1988,all,pct_with_pen_or_acctwd,15.2840,0.4692,3143
1989,1988,all,pct_receiving_ss_now,25.9445,0.3832,3143
1989,1988,all,pct_receiving_pension_now,16.5557,0.5181,3143
1989,1988,all,pct_ss_ge50pct_of_income,13.5290,0.5258,3143
1989,1988,all,pct_ss_ge90pct_of_income,4.2232,0.3138,3143
1989,1988,all,mean_hh_share_ss,13.3636,0.3633,3143
1989,1988,all,mean_hh_share_pen_plus_acctwd,5.2034,0.2398,3143
1989,1988,all,mean_hh_share_wage,62.4638,0.6677,3143
1989,1988,all,mean_hh_share_capital,10.8751,0.5338,3143
1989,1988,all,mean_income_2022usd,96179.6346,4398.8899,3143
1989,1988,all,pct_networth_ret,7.4685,0.5436,3143
1989,1988,all,pct_networth_homeeq,26.3670,1.0497,3143
1989,1988,all,pct_networth_othfin,27.9646,1.2167,3143
1989,1988,all,pct_networth_othnfin,42.5268,1.8475,3143
1989,1988,all,pct_networth_othdebt,-4.3269,0.2566,3143
1989,1988,all,pct_assets_ret,6.5633,0.4844,3143
1989,1988,all,pct_has_ret,37.1719,0.8495,3143
1989,1988,all,pct_has_ira,24.5411,0.7866,3143
1989,1988,all,pct_has_dcacct,21.7463,0.7205,3143
1989,1988,all,pct_has_home,63.8722,0.0182,3143
1989,1988,all,pct_has_db_receiving,16.5557,0.5181,3143
1989,1988,all,pct_has_db_future_or_cj,43.4423,0.8805,3143
1989,1988,all,pct_has_db_any,43.4423,0.8805,3143
1989,1988,all,pct_db_only,23.3036,0.8402,3143
1989,1988,all,pct_dc_only,17.0333,0.7414,3143
1989,1988,all,pct_db_and_dc,20.1386,0.7893,3143
1989,1988,all,pct_neither,39.5244,0.8590,3143
1989,1988,all,mean_networth_2022usd,436603.8113,34159.6187,3143
1989,1988,55-64,share_agg_wage,57.7863,5.0953,569
1989,1988,55-64,share_agg_xkg_wage,62.9714,4.0496,569
1989,1988,55-64,pct_with_wage,71.8656,1.9864,569
1989,1988,55-64,share_agg_bus,12.2058,4.8837,569
1989,1988,55-64,share_agg_xkg_bus,13.3010,5.0920,569
1989,1988,55-64,pct_with_bus,20.6253,1.9679,569
1989,1988,55-64,share_agg_intdiv,8.9280,1.5474,569
1989,1988,55-64,share_agg_xkg_intdiv,9.7291,1.5406,569
1989,1988,55-64,pct_with_intdiv,46.9510,2.3314,569
1989,1988,55-64,share_agg_kg,8.2340,4.8693,569
1989,1988,55-64,pct_with_kg,7.2043,1.1945,569
1989,1988,55-64,share_agg_ss,2.5598,0.3721,569
1989,1988,55-64,share_agg_xkg_ss,2.7895,0.3797,569
1989,1988,55-64,pct_with_ss,23.3894,1.9463,569
1989,1988,55-64,share_agg_pen,5.7423,0.7794,569
1989,1988,55-64,share_agg_xkg_pen,6.2576,0.7835,569
1989,1988,55-64,pct_with_pen,23.2686,1.6843,569
1989,1988,55-64,share_agg_sspen_unalloc,1.2470,0.6669,569
1989,1988,55-64,share_agg_xkg_sspen_unalloc,1.3589,0.7193,569
1989,1988,55-64,pct_with_sspen_unalloc,2.8319,0.5801,569
1989,1988,55-64,share_agg_acctwd,0.0000,0.0000,569
1989,1988,55-64,share_agg_xkg_acctwd,0.0000,0.0000,569
1989,1988,55-64,pct_with_acctwd,0.0000,0.0000,569
1989,1988,55-64,share_agg_transfers,2.0509,0.9410,569
1989,1988,55-64,share_agg_xkg_transfers,2.2349,1.0031,569
1989,1988,55-64,pct_with_transfers,18.4152,1.8857,569
1989,1988,55-64,share_agg_other,1.2459,0.4570,569
1989,1988,55-64,share_agg_xkg_other,1.3576,0.4950,569
1989,1988,55-64,pct_with_other,10.2066,1.4171,569
1989,1988,55-64,share_agg_other_raw_uncapped,1.4775,0.6060,569
1989,1988,55-64,share_agg_ss_raw_uncapped_other,2.5538,0.3692,569
1989,1988,55-64,share_agg_ss_plus_pen_plus_unalloc,9.5491,1.1419,569
1989,1988,55-64,share_agg_pen_plus_acctwd,5.7423,0.7794,569
1989,1988,55-64,share_agg_xkg_pen_plus_acctwd,6.2576,0.7835,569
1989,1988,55-64,share_agg_comparable_other_plus_acctwd,3.2967,1.0159,569
1989,1988,55-64,pct_with_ss_or_pen_any,37.3109,1.8451,569
1989,1988,55-64,pct_with_pen_or_acctwd,23.2686,1.6843,569
1989,1988,55-64,pct_receiving_ss_now,27.8552,2.0448,569
1989,1988,55-64,pct_receiving_pension_now,26.3198,1.9661,569
1989,1988,55-64,pct_ss_ge50pct_of_income,7.8653,1.0923,569
1989,1988,55-64,pct_ss_ge90pct_of_income,3.3262,0.4621,569
1989,1988,55-64,mean_hh_share_ss,9.9556,0.8854,569
1989,1988,55-64,mean_hh_share_pen_plus_acctwd,9.8434,0.8643,569
1989,1988,55-64,mean_hh_share_wage,56.1655,1.8680,569
1989,1988,55-64,mean_hh_share_capital,14.1816,1.3193,569
1989,1988,55-64,mean_income_2022usd,109313.0386,12353.6368,569
1989,1988,55-64,pct_networth_ret,9.5938,0.9678,569
1989,1988,55-64,pct_networth_homeeq,25.0539,1.6907,569
1989,1988,55-64,pct_networth_othfin,24.2029,1.9986,569
1989,1988,55-64,pct_networth_othnfin,43.9499,3.2138,569
1989,1988,55-64,pct_networth_othdebt,-2.8005,0.5239,569
1989,1988,55-64,pct_assets_ret,8.9434,0.9222,569
1989,1988,55-64,pct_has_ret,47.4460,2.4051,569
1989,1988,55-64,pct_has_ira,38.8211,2.3407,569
1989,1988,55-64,pct_has_dcacct,20.9809,2.0541,569
1989,1988,55-64,pct_has_home,80.1002,1.6427,569
1989,1988,55-64,pct_has_db_receiving,26.3198,1.9661,569
1989,1988,55-64,pct_has_db_future_or_cj,52.6720,2.1846,569
1989,1988,55-64,pct_has_db_any,52.6720,2.1846,569
1989,1988,55-64,pct_db_only,23.7172,2.3635,569
1989,1988,55-64,pct_dc_only,18.4911,1.8757,569
1989,1988,55-64,pct_db_and_dc,28.9548,2.3125,569
1989,1988,55-64,pct_neither,28.8369,1.9656,569
1989,1988,55-64,mean_networth_2022usd,710485.8877,85948.3260,569
1989,1988,65+,share_agg_wage,14.9839,2.4540,730
1989,1988,65+,share_agg_xkg_wage,16.4332,2.6298,730
1989,1988,65+,pct_with_wage,20.5626,1.3930,730
1989,1988,65+,share_agg_bus,17.5069,6.5883,730
1989,1988,65+,share_agg_xkg_bus,19.2002,6.9543,730
1989,1988,65+,pct_with_bus,17.8512,1.4856,730
1989,1988,65+,share_agg_intdiv,21.0037,2.9752,730
1989,1988,65+,share_agg_xkg_intdiv,23.0352,3.4347,730
1989,1988,65+,pct_with_intdiv,60.4127,1.8860,730
1989,1988,65+,share_agg_kg,8.8192,3.2434,730
1989,1988,65+,pct_with_kg,8.2741,1.3785,730
1989,1988,65+,share_agg_ss,23.2039,2.5898,730
1989,1988,65+,share_agg_xkg_ss,25.4483,2.9160,730
1989,1988,65+,pct_with_ss,92.2242,1.0747,730
1989,1988,65+,share_agg_pen,12.9082,1.5213,730
1989,1988,65+,share_agg_xkg_pen,14.1567,1.6738,730
1989,1988,65+,pct_with_pen,49.3342,1.5617,730
1989,1988,65+,share_agg_sspen_unalloc,0.2521,0.2519,730
1989,1988,65+,share_agg_xkg_sspen_unalloc,0.2765,0.2763,730
1989,1988,65+,pct_with_sspen_unalloc,0.3728,0.2480,730
1989,1988,65+,share_agg_acctwd,0.0000,0.0000,730
1989,1988,65+,share_agg_xkg_acctwd,0.0000,0.0000,730
1989,1988,65+,pct_with_acctwd,0.0000,0.0000,730
1989,1988,65+,share_agg_transfers,0.6813,0.1876,730
1989,1988,65+,share_agg_xkg_transfers,0.7472,0.2118,730
1989,1988,65+,pct_with_transfers,10.4443,0.9930,730
1989,1988,65+,share_agg_other,0.6408,0.3730,730
1989,1988,65+,share_agg_xkg_other,0.7028,0.4101,730
1989,1988,65+,pct_with_other,6.3686,0.6718,730
1989,1988,65+,share_agg_other_raw_uncapped,3.6870,4.5970,730
1989,1988,65+,share_agg_ss_raw_uncapped_other,22.4926,2.6803,730
1989,1988,65+,share_agg_ss_plus_pen_plus_unalloc,36.3642,3.8423,730
1989,1988,65+,share_agg_pen_plus_acctwd,12.9082,1.5213,730
1989,1988,65+,share_agg_xkg_pen_plus_acctwd,14.1567,1.6738,730
1989,1988,65+,share_agg_comparable_other_plus_acctwd,1.3221,0.4516,730
1989,1988,65+,pct_with_ss_or_pen_any,95.4825,0.7931,730
1989,1988,65+,pct_with_pen_or_acctwd,49.3342,1.5617,730
1989,1988,65+,pct_receiving_ss_now,94.6630,0.8249,730
1989,1988,65+,pct_receiving_pension_now,50.7150,1.5690,730
1989,1988,65+,pct_ss_ge50pct_of_income,54.2883,2.3004,730
1989,1988,65+,pct_ss_ge90pct_of_income,16.0257,1.4332,730
1989,1988,65+,mean_hh_share_ss,52.0314,1.4893,730
1989,1988,65+,mean_hh_share_pen_plus_acctwd,16.0231,0.8446,730
1989,1988,65+,mean_hh_share_wage,8.8025,0.7946,730
1989,1988,65+,mean_hh_share_capital,18.9006,1.4186,730
1989,1988,65+,mean_income_2022usd,73313.2977,7972.7870,730
1989,1988,65+,pct_networth_ret,3.5248,0.5818,730
1989,1988,65+,pct_networth_homeeq,24.4733,1.7241,730
1989,1988,65+,pct_networth_othfin,39.0502,2.9021,730
1989,1988,65+,pct_networth_othnfin,34.2175,3.4403,730
1989,1988,65+,pct_networth_othdebt,-1.2657,0.3156,730
1989,1988,65+,pct_assets_ret,3.4477,0.5705,730
1989,1988,65+,pct_has_ret,20.2853,1.4255,730
1989,1988,65+,pct_has_ira,19.1646,1.3717,730
1989,1988,65+,pct_has_dcacct,2.3411,0.5208,730
1989,1988,65+,pct_has_home,74.5393,1.0644,730
1989,1988,65+,pct_has_db_receiving,50.7150,1.5690,730
1989,1988,65+,pct_has_db_future_or_cj,52.2739,1.5059,730
1989,1988,65+,pct_has_db_any,52.2739,1.5059,730
1989,1988,65+,pct_db_only,38.6223,1.7141,730
1989,1988,65+,pct_dc_only,6.6337,1.0483,730
1989,1988,65+,pct_db_and_dc,13.6516,1.3175,730
1989,1988,65+,pct_neither,41.0924,1.6336,730
1989,1988,65+,mean_networth_2022usd,625249.5601,65762.2705,730
1989,1988,65-74,share_agg_wage,19.0444,3.1586,449
1989,1988,65-74,share_agg_xkg_wage,21.2694,3.1645,449
1989,1988,65-74,pct_with_wage,29.5413,2.1428,449
1989,1988,65-74,share_agg_bus,13.5147,2.8099,449
1989,1988,65-74,share_agg_xkg_bus,15.0936,3.1189,449
1989,1988,65-74,pct_with_bus,19.4724,2.0953,449
1989,1988,65-74,share_agg_intdiv,17.7588,3.5024,449
1989,1988,65-74,share_agg_xkg_intdiv,19.8335,3.8468,449
1989,1988,65-74,pct_with_intdiv,54.5523,2.4930,449
1989,1988,65-74,share_agg_kg,10.4608,4.5815,449
1989,1988,65-74,pct_with_kg,9.7493,1.8679,449
1989,1988,65-74,share_agg_ss,21.9163,2.4693,449
1989,1988,65-74,share_agg_xkg_ss,24.4768,2.3973,449
1989,1988,65-74,pct_with_ss,89.5807,1.7724,449
1989,1988,65-74,share_agg_pen,15.5806,1.7001,449
1989,1988,65-74,share_agg_xkg_pen,17.4009,1.6326,449
1989,1988,65-74,pct_with_pen,52.8925,2.3869,449
1989,1988,65-74,share_agg_sspen_unalloc,0.4171,0.4339,449
1989,1988,65-74,share_agg_xkg_sspen_unalloc,0.4658,0.4733,449
1989,1988,65-74,pct_with_sspen_unalloc,0.6361,0.4231,449
1989,1988,65-74,share_agg_acctwd,0.0000,0.0000,449
1989,1988,65-74,share_agg_xkg_acctwd,0.0000,0.0000,449
1989,1988,65-74,pct_with_acctwd,0.0000,0.0000,449
1989,1988,65-74,share_agg_transfers,0.7475,0.3157,449
1989,1988,65-74,share_agg_xkg_transfers,0.8349,0.3378,449
1989,1988,65-74,pct_with_transfers,9.6123,1.5255,449
1989,1988,65-74,share_agg_other,0.5597,0.2482,449
1989,1988,65-74,share_agg_xkg_other,0.6251,0.2695,449
1989,1988,65-74,pct_with_other,5.7596,1.1092,449
1989,1988,65-74,share_agg_other_raw_uncapped,0.8882,0.3220,449
1989,1988,65-74,share_agg_ss_raw_uncapped_other,21.8439,2.4635,449
1989,1988,65-74,share_agg_ss_plus_pen_plus_unalloc,37.9140,3.7016,449
1989,1988,65-74,share_agg_pen_plus_acctwd,15.5806,1.7001,449
1989,1988,65-74,share_agg_xkg_pen_plus_acctwd,17.4009,1.6326,449
1989,1988,65-74,share_agg_comparable_other_plus_acctwd,1.3073,0.4340,449
1989,1988,65-74,pct_with_ss_or_pen_any,93.3480,1.3809,449
1989,1988,65-74,pct_with_pen_or_acctwd,52.8925,2.3869,449
1989,1988,65-74,pct_receiving_ss_now,93.1453,1.2668,449
1989,1988,65-74,pct_receiving_pension_now,54.6693,2.3567,449
1989,1988,65-74,pct_ss_ge50pct_of_income,48.0550,3.0370,449
1989,1988,65-74,pct_ss_ge90pct_of_income,13.7461,1.8633,449
1989,1988,65-74,mean_hh_share_ss,47.2658,1.9663,449
1989,1988,65-74,mean_hh_share_pen_plus_acctwd,18.1321,1.1716,449
1989,1988,65-74,mean_hh_share_wage,13.1492,1.2210,449
1989,1988,65-74,mean_hh_share_capital,16.9585,1.8123,449
1989,1988,65-74,mean_income_2022usd,75597.9529,7325.1759,449
1989,1988,65-74,pct_networth_ret,5.0768,0.9052,449
1989,1988,65-74,pct_networth_homeeq,23.6352,2.0317,449
1989,1988,65-74,pct_networth_othfin,34.4538,3.0884,449
1989,1988,65-74,pct_networth_othnfin,38.5127,3.9344,449
1989,1988,65-74,pct_networth_othdebt,-1.6786,0.4752,449
1989,1988,65-74,pct_assets_ret,4.9332,0.8863,449
1989,1988,65-74,pct_has_ret,30.1303,2.2748,449
1989,1988,65-74,pct_has_ira,28.2200,2.2024,449
1989,1988,65-74,pct_has_dcacct,3.9925,0.8882,449
1989,1988,65-74,pct_has_home,77.8184,2.0366,449
1989,1988,65-74,pct_has_db_receiving,54.6693,2.3567,449
1989,1988,65-74,pct_has_db_future_or_cj,56.9301,2.2259,449
1989,1988,65-74,pct_has_db_any,56.9301,2.2259,449
1989,1988,65-74,pct_db_only,35.8907,2.3108,449
1989,1988,65-74,pct_dc_only,9.0909,1.5911,449
1989,1988,65-74,pct_db_and_dc,21.0394,2.1301,449
1989,1988,65-74,pct_neither,33.9790,2.2196,449
1989,1988,65-74,mean_networth_2022usd,673574.4834,87927.8103,449
1989,1988,75+,share_agg_wage,8.7808,3.5736,281
1989,1988,75+,share_agg_xkg_wage,9.3723,3.8678,281
1989,1988,75+,pct_with_wage,7.8479,1.6638,281
1989,1988,75+,share_agg_bus,23.6057,13.4391,281
1989,1988,75+,share_agg_xkg_bus,25.1959,14.0812,281
1989,1988,75+,pct_with_bus,15.5554,1.8426,281
1989,1988,75+,share_agg_intdiv,25.9608,5.6091,281
1989,1988,75+,share_agg_xkg_intdiv,27.7096,6.5646,281
1989,1988,75+,pct_with_intdiv,68.7117,2.7585,281
1989,1988,75+,share_agg_kg,6.3113,3.7948,281
1989,1988,75+,pct_with_kg,6.1851,1.4963,281
1989,1988,75+,share_agg_ss,25.1709,5.2272,281
1989,1988,75+,share_agg_xkg_ss,26.8666,5.8863,281
1989,1988,75+,pct_with_ss,95.9677,1.0854,281
1989,1988,75+,share_agg_pen,8.8257,2.0258,281
1989,1988,75+,share_agg_xkg_pen,9.4202,2.2151,281
1989,1988,75+,pct_with_pen,44.2952,2.6121,281
1989,1988,75+,share_agg_sspen_unalloc,0.0000,0.0000,281
1989,1988,75+,share_agg_xkg_sspen_unalloc,0.0000,0.0000,281
1989,1988,75+,pct_with_sspen_unalloc,0.0000,0.0000,281
1989,1988,75+,share_agg_acctwd,0.0000,0.0000,281
1989,1988,75+,share_agg_xkg_acctwd,0.0000,0.0000,281
1989,1988,75+,pct_with_acctwd,0.0000,0.0000,281
1989,1988,75+,share_agg_transfers,0.5800,0.1970,281
1989,1988,75+,share_agg_xkg_transfers,0.6191,0.2180,281
1989,1988,75+,pct_with_transfers,11.6226,2.2624,281
1989,1988,75+,share_agg_other,0.7648,0.8116,281
1989,1988,75+,share_agg_xkg_other,0.8163,0.8909,281
1989,1988,75+,pct_with_other,7.2310,1.1450,281
1989,1988,75+,share_agg_other_raw_uncapped,7.6779,9.7781,281
1989,1988,75+,share_agg_ss_raw_uncapped_other,23.4174,5.7245,281
1989,1988,75+,share_agg_ss_plus_pen_plus_unalloc,33.9966,6.9891,281
1989,1988,75+,share_agg_pen_plus_acctwd,8.8257,2.0258,281
1989,1988,75+,share_agg_xkg_pen_plus_acctwd,9.4202,2.2151,281
1989,1988,75+,share_agg_comparable_other_plus_acctwd,1.3448,0.8604,281
1989,1988,75+,pct_with_ss_or_pen_any,98.5053,0.4713,281
1989,1988,75+,pct_with_pen_or_acctwd,44.2952,2.6121,281
1989,1988,75+,pct_receiving_ss_now,96.8122,1.0529,281
1989,1988,75+,pct_receiving_pension_now,45.1153,2.6123,281
1989,1988,75+,pct_ss_ge50pct_of_income,63.1153,3.1058,281
1989,1988,75+,pct_ss_ge90pct_of_income,19.2538,2.9563,281
1989,1988,75+,mean_hh_share_ss,58.7837,2.2236,281
1989,1988,75+,mean_hh_share_pen_plus_acctwd,13.0348,1.2215,281
1989,1988,75+,mean_hh_share_wage,2.6437,0.6974,281
1989,1988,75+,mean_hh_share_capital,21.6524,1.8109,281
1989,1988,75+,mean_income_2022usd,70077.9678,15669.6708,281
1989,1988,75+,pct_networth_ret,0.8660,0.2933,281
1989,1988,75+,pct_networth_homeeq,25.9089,2.8312,281
1989,1988,75+,pct_networth_othfin,46.9240,4.9614,281
1989,1988,75+,pct_networth_othnfin,26.8595,6.0943,281
1989,1988,75+,pct_networth_othdebt,-0.5584,0.1802,281
1989,1988,75+,pct_assets_ret,0.8568,0.2904,281
1989,1988,75+,pct_has_ret,6.3436,1.5258,281
1989,1988,75+,pct_has_ira,6.3411,1.5265,281
1989,1988,75+,pct_has_dcacct,0.0025,0.0133,281
1989,1988,75+,pct_has_home,69.8957,2.5448,281
1989,1988,75+,pct_has_db_receiving,45.1153,2.6123,281
1989,1988,75+,pct_has_db_future_or_cj,45.6802,2.7451,281
1989,1988,75+,pct_has_db_any,45.6802,2.7451,281
1989,1988,75+,pct_db_only,42.4905,2.8030,281
1989,1988,75+,pct_dc_only,3.1539,1.1507,281
1989,1988,75+,pct_db_and_dc,3.1897,1.0900,281
1989,1988,75+,pct_neither,51.1659,3.0480,281
1989,1988,75+,mean_networth_2022usd,556816.0075,68492.4011,281
1992,1991,all,share_agg_wage,67.4330,2.4968,3906
1992,1991,all,share_agg_xkg_wage,68.8048,2.5759,3906
1992,1991,all,pct_with_wage,72.8361,0.6298,3906
1992,1991,all,share_agg_bus,14.1764,2.8439,3906
1992,1991,all,share_agg_xkg_bus,14.4648,2.8899,3906
1992,1991,all,pct_with_bus,16.5258,0.5581,3906
1992,1991,all,share_agg_intdiv,5.5949,0.2611,3906
1992,1991,all,share_agg_xkg_intdiv,5.7088,0.2688,3906
1992,1991,all,pct_with_intdiv,44.0668,1.0268,3906
1992,1991,all,share_agg_kg,1.9937,0.3439,3906
1992,1991,all,pct_with_kg,6.3371,0.3484,3906
1992,1991,all,share_agg_ss,4.7581,0.2176,3906
1992,1991,all,share_agg_xkg_ss,4.8549,0.2262,3906
1992,1991,all,pct_with_ss,24.1155,0.4227,3906
1992,1991,all,share_agg_pen,3.1003,0.2288,3906
1992,1991,all,share_agg_xkg_pen,3.1633,0.2357,3906
1992,1991,all,pct_with_pen,14.1570,0.5550,3906
1992,1991,all,share_agg_sspen_unalloc,0.4269,0.0627,3906
1992,1991,all,share_agg_xkg_sspen_unalloc,0.4356,0.0644,3906
1992,1991,all,pct_with_sspen_unalloc,2.7739,0.2438,3906
1992,1991,all,share_agg_acctwd,0.0000,0.0000,3906
1992,1991,all,share_agg_xkg_acctwd,0.0000,0.0000,3906
1992,1991,all,pct_with_acctwd,0.0000,0.0000,3906
1992,1991,all,share_agg_transfers,1.8836,0.1470,3906
1992,1991,all,share_agg_xkg_transfers,1.9220,0.1513,3906
1992,1991,all,pct_with_transfers,17.0369,0.6421,3906
1992,1991,all,share_agg_other,0.6329,0.0831,3906
1992,1991,all,share_agg_xkg_other,0.6458,0.0852,3906
1992,1991,all,pct_with_other,3.1262,0.2555,3906
1992,1991,all,share_agg_other_raw_uncapped,7.2512,2.0235,3906
1992,1991,all,share_agg_ss_raw_uncapped_other,4.4412,0.2449,3906
1992,1991,all,share_agg_ss_plus_pen_plus_unalloc,8.2853,0.4094,3906
1992,1991,all,share_agg_pen_plus_acctwd,3.1003,0.2288,3906
1992,1991,all,share_agg_xkg_pen_plus_acctwd,3.1633,0.2357,3906
1992,1991,all,share_agg_comparable_other_plus_acctwd,2.5166,0.1741,3906
1992,1991,all,pct_with_ss_or_pen_any,29.9146,0.4630,3906
1992,1991,all,pct_with_pen_or_acctwd,14.1570,0.5550,3906
1992,1991,all,pct_receiving_ss_now,26.4296,0.3964,3906
1992,1991,all,pct_receiving_pension_now,15.4018,0.5814,3906
1992,1991,all,pct_ss_ge50pct_of_income,13.6197,0.4919,3906
1992,1991,all,pct_ss_ge90pct_of_income,6.2086,0.4037,3906
1992,1991,all,mean_hh_share_ss,13.9137,0.3666,3906
1992,1991,all,mean_hh_share_pen_plus_acctwd,4.9385,0.2362,3906
1992,1991,all,mean_hh_share_wage,62.6995,0.5753,3906
1992,1991,all,mean_hh_share_capital,10.0701,0.3073,3906
1992,1991,all,mean_income_2022usd,91659.1703,3382.2083,3906
1992,1991,all,pct_networth_ret,9.5317,0.5081,3906
1992,1991,all,pct_networth_homeeq,25.3693,0.7035,3906
1992,1991,all,pct_networth_othfin,27.5497,0.6879,3906
1992,1991,all,pct_networth_othnfin,42.2892,1.2848,3906
1992,1991,all,pct_networth_othdebt,-4.7399,0.2344,3906
1992,1991,all,pct_assets_ret,8.1536,0.4306,3906
1992,1991,all,pct_has_ret,40.0878,0.8754,3906
1992,1991,all,pct_has_ira,26.0688,0.6702,3906
1992,1991,all,pct_has_dcacct,23.8744,0.7987,3906
1992,1991,all,pct_has_home,63.9289,0.0070,3906
1992,1991,all,pct_has_db_receiving,15.4018,0.5814,3906
1992,1991,all,pct_has_db_future_or_cj,40.5429,0.9079,3906
1992,1991,all,pct_has_db_any,40.5429,0.9079,3906
1992,1991,all,pct_db_only,20.8705,0.7575,3906
1992,1991,all,pct_dc_only,20.4154,0.6568,3906
1992,1991,all,pct_db_and_dc,19.6724,0.6080,3906
1992,1991,all,pct_neither,39.0417,0.9982,3906
1992,1991,all,mean_networth_2022usd,387602.0722,11490.4920,3906
1992,1991,55-64,share_agg_wage,64.2234,2.6974,589
1992,1991,55-64,share_agg_xkg_wage,66.1854,2.5491,589
1992,1991,55-64,pct_with_wage,71.3429,2.1183,589
1992,1991,55-64,share_agg_bus,15.0889,1.9422,589
1992,1991,55-64,share_agg_xkg_bus,15.5499,2.0014,589
1992,1991,55-64,pct_with_bus,20.2616,1.6826,589
1992,1991,55-64,share_agg_intdiv,8.0179,1.0654,589
1992,1991,55-64,share_agg_xkg_intdiv,8.2629,1.1026,589
1992,1991,55-64,pct_with_intdiv,49.8597,2.2270,589
1992,1991,55-64,share_agg_kg,2.9643,1.3374,589
1992,1991,55-64,pct_with_kg,8.8944,1.2254,589
1992,1991,55-64,share_agg_ss,3.2369,0.4028,589
1992,1991,55-64,share_agg_xkg_ss,3.3358,0.4188,589
1992,1991,55-64,pct_with_ss,23.7034,1.9047,589
1992,1991,55-64,share_agg_pen,4.8079,0.5671,589
1992,1991,55-64,share_agg_xkg_pen,4.9547,0.5908,589
1992,1991,55-64,pct_with_pen,22.8760,1.8241,589
1992,1991,55-64,share_agg_sspen_unalloc,0.4503,0.1588,589
1992,1991,55-64,share_agg_xkg_sspen_unalloc,0.4640,0.1649,589
1992,1991,55-64,pct_with_sspen_unalloc,3.8464,0.8374,589
1992,1991,55-64,share_agg_acctwd,0.0000,0.0000,589
1992,1991,55-64,share_agg_xkg_acctwd,0.0000,0.0000,589
1992,1991,55-64,pct_with_acctwd,0.0000,0.0000,589
1992,1991,55-64,share_agg_transfers,0.8549,0.1685,589
1992,1991,55-64,share_agg_xkg_transfers,0.8810,0.1751,589
1992,1991,55-64,pct_with_transfers,11.9680,1.4417,589
1992,1991,55-64,share_agg_other,0.3554,0.1984,589
1992,1991,55-64,share_agg_xkg_other,0.3662,0.2045,589
1992,1991,55-64,pct_with_other,1.6931,0.6595,589
1992,1991,55-64,share_agg_other_raw_uncapped,10.2507,3.8461,589
1992,1991,55-64,share_agg_ss_raw_uncapped_other,2.9155,0.3975,589
1992,1991,55-64,share_agg_ss_plus_pen_plus_unalloc,8.4951,0.8790,589
1992,1991,55-64,share_agg_pen_plus_acctwd,4.8079,0.5671,589
1992,1991,55-64,share_agg_xkg_pen_plus_acctwd,4.9547,0.5908,589
1992,1991,55-64,share_agg_comparable_other_plus_acctwd,1.2103,0.2505,589
1992,1991,55-64,pct_with_ss_or_pen_any,38.6220,2.5681,589
1992,1991,55-64,pct_with_pen_or_acctwd,22.8760,1.8241,589
1992,1991,55-64,pct_receiving_ss_now,30.3145,1.8158,589
1992,1991,55-64,pct_receiving_pension_now,25.3587,1.8513,589
1992,1991,55-64,pct_ss_ge50pct_of_income,11.7354,1.4152,589
1992,1991,55-64,pct_ss_ge90pct_of_income,6.0521,1.1668,589
1992,1991,55-64,mean_hh_share_ss,12.3816,1.3716,589
1992,1991,55-64,mean_hh_share_pen_plus_acctwd,10.0142,1.0202,589
1992,1991,55-64,mean_hh_share_wage,57.7975,2.1082,589
1992,1991,55-64,mean_hh_share_capital,12.4434,0.8863,589
1992,1991,55-64,mean_income_2022usd,115271.9687,6268.9738,589
1992,1991,55-64,pct_networth_ret,11.0986,1.4174,589
1992,1991,55-64,pct_networth_homeeq,21.9467,1.2504,589
1992,1991,55-64,pct_networth_othfin,27.9453,1.8108,589
1992,1991,55-64,pct_networth_othnfin,42.3079,2.4707,589
1992,1991,55-64,pct_networth_othdebt,-3.2985,0.3798,589
1992,1991,55-64,pct_assets_ret,10.2088,1.2979,589
1992,1991,55-64,pct_has_ret,53.0482,2.3689,589
1992,1991,55-64,pct_has_ira,44.9291,2.2566,589
1992,1991,55-64,pct_has_dcacct,23.7832,1.7871,589
1992,1991,55-64,pct_has_home,77.5079,1.3299,589
1992,1991,55-64,pct_has_db_receiving,25.3587,1.8513,589
1992,1991,55-64,pct_has_db_future_or_cj,53.4514,2.4039,589
1992,1991,55-64,pct_has_db_any,53.4514,2.4039,589
1992,1991,55-64,pct_db_only,22.7379,1.7633,589
1992,1991,55-64,pct_dc_only,22.3347,1.7894,589
1992,1991,55-64,pct_db_and_dc,30.7135,2.1469,589
1992,1991,55-64,pct_neither,24.2139,2.1656,589
1992,1991,55-64,mean_networth_2022usd,703196.1966,45607.5354,589
1992,1991,65+,share_agg_wage,16.2892,1.2768,904
1992,1991,65+,share_agg_xkg_wage,16.6773,1.3105,904
1992,1991,65+,pct_with_wage,20.8885,1.4252,904
1992,1991,65+,share_agg_bus,13.9901,1.5390,904
1992,1991,65+,share_agg_xkg_bus,14.3235,1.5752,904
1992,1991,65+,pct_with_bus,17.4620,1.1220,904
1992,1991,65+,share_agg_intdiv,19.3736,1.1667,904
1992,1991,65+,share_agg_xkg_intdiv,19.8352,1.2022,904
1992,1991,65+,pct_with_intdiv,58.1714,1.9757,904
1992,1991,65+,share_agg_kg,2.3272,0.5249,904
1992,1991,65+,pct_with_kg,8.9097,0.9606,904
1992,1991,65+,share_agg_ss,30.0701,1.2005,904
1992,1991,65+,share_agg_xkg_ss,30.7865,1.1873,904
1992,1991,65+,pct_with_ss,88.4487,1.3231,904
1992,1991,65+,share_agg_pen,15.5717,1.0479,904
1992,1991,65+,share_agg_xkg_pen,15.9428,1.0653,904
1992,1991,65+,pct_with_pen,45.3744,1.9777,904
1992,1991,65+,share_agg_sspen_unalloc,1.0620,0.2685,904
1992,1991,65+,share_agg_xkg_sspen_unalloc,1.0873,0.2746,904
1992,1991,65+,pct_with_sspen_unalloc,3.2659,0.8354,904
1992,1991,65+,share_agg_acctwd,0.0000,0.0000,904
1992,1991,65+,share_agg_xkg_acctwd,0.0000,0.0000,904
1992,1991,65+,pct_with_acctwd,0.0000,0.0000,904
1992,1991,65+,share_agg_transfers,0.5986,0.1224,904
1992,1991,65+,share_agg_xkg_transfers,0.6129,0.1260,904
1992,1991,65+,pct_with_transfers,6.7670,0.8733,904
1992,1991,65+,share_agg_other,0.7175,0.2495,904
1992,1991,65+,share_agg_xkg_other,0.7346,0.2555,904
1992,1991,65+,pct_with_other,2.4946,0.4741,904
1992,1991,65+,share_agg_other_raw_uncapped,10.7451,4.7893,904
1992,1991,65+,share_agg_ss_raw_uncapped_other,27.0330,1.8647,904
1992,1991,65+,share_agg_ss_plus_pen_plus_unalloc,46.7038,1.6112,904
1992,1991,65+,share_agg_pen_plus_acctwd,15.5717,1.0479,904
1992,1991,65+,share_agg_xkg_pen_plus_acctwd,15.9428,1.0653,904
1992,1991,65+,share_agg_comparable_other_plus_acctwd,1.3161,0.2977,904
1992,1991,65+,pct_with_ss_or_pen_any,94.3820,0.7275,904
1992,1991,65+,pct_with_pen_or_acctwd,45.3744,1.9777,904
1992,1991,65+,pct_receiving_ss_now,92.5232,1.1228,904
1992,1991,65+,pct_receiving_pension_now,46.2521,1.9891,904
1992,1991,65+,pct_ss_ge50pct_of_income,52.1908,1.9417,904
1992,1991,65+,pct_ss_ge90pct_of_income,23.0494,1.6255,904
1992,1991,65+,mean_hh_share_ss,52.4215,1.2680,904
1992,1991,65+,mean_hh_share_pen_plus_acctwd,14.9007,0.8848,904
1992,1991,65+,mean_hh_share_wage,10.5319,0.8363,904
1992,1991,65+,mean_hh_share_capital,17.9522,0.8751,904
1992,1991,65+,mean_income_2022usd,55094.9737,1781.0506,904
1992,1991,65+,pct_networth_ret,4.8307,0.5289,904
1992,1991,65+,pct_networth_homeeq,27.9734,1.1158,904
1992,1991,65+,pct_networth_othfin,35.9252,1.4823,904
1992,1991,65+,pct_networth_othnfin,33.1483,2.0051,904
1992,1991,65+,pct_networth_othdebt,-1.8776,0.3069,904
1992,1991,65+,pct_assets_ret,4.6554,0.5079,904
1992,1991,65+,pct_has_ret,22.7884,1.1278,904
1992,1991,65+,pct_has_ira,22.0988,1.1700,904
1992,1991,65+,pct_has_dcacct,2.2379,0.3620,904
1992,1991,65+,pct_has_home,78.4409,0.7842,904
1992,1991,65+,pct_has_db_receiving,46.2521,1.9891,904
1992,1991,65+,pct_has_db_future_or_cj,48.0216,1.8877,904
1992,1991,65+,pct_has_db_any,48.0216,1.8877,904
1992,1991,65+,pct_db_only,33.2604,1.7061,904
1992,1991,65+,pct_dc_only,8.0272,0.7271,904
1992,1991,65+,pct_db_and_dc,14.7612,0.9895,904
1992,1991,65+,pct_neither,43.9512,1.7523,904
1992,1991,65+,mean_networth_2022usd,531699.3460,23432.9696,904
1992,1991,65-74,share_agg_wage,22.6840,1.8508,575
1992,1991,65-74,share_agg_xkg_wage,23.2458,1.9213,575
1992,1991,65-74,pct_with_wage,29.4785,2.0292,575
1992,1991,65-74,share_agg_bus,15.8405,2.1870,575
1992,1991,65-74,share_agg_xkg_bus,16.2328,2.2352,575
1992,1991,65-74,pct_with_bus,17.8144,1.4328,575
1992,1991,65-74,share_agg_intdiv,15.2884,1.2060,575
1992,1991,65-74,share_agg_xkg_intdiv,15.6671,1.2237,575
1992,1991,65-74,pct_with_intdiv,56.7718,2.2832,575
1992,1991,65-74,share_agg_kg,2.4168,0.7379,575
1992,1991,65-74,pct_with_kg,10.4373,1.2582,575
1992,1991,65-74,share_agg_ss,27.0248,1.4755,575
1992,1991,65-74,share_agg_xkg_ss,27.6941,1.4965,575
1992,1991,65-74,pct_with_ss,87.9707,1.5082,575
1992,1991,65-74,share_agg_pen,15.1433,1.2457,575
1992,1991,65-74,share_agg_xkg_pen,15.5184,1.2650,575
1992,1991,65-74,pct_with_pen,49.1990,2.2685,575
1992,1991,65-74,share_agg_sspen_unalloc,0.7131,0.1992,575
1992,1991,65-74,share_agg_xkg_sspen_unalloc,0.7307,0.2037,575
1992,1991,65-74,pct_with_sspen_unalloc,2.1303,0.4613,575
1992,1991,65-74,share_agg_acctwd,0.0000,0.0000,575
1992,1991,65-74,share_agg_xkg_acctwd,0.0000,0.0000,575
1992,1991,65-74,pct_with_acctwd,0.0000,0.0000,575
1992,1991,65-74,share_agg_transfers,0.5558,0.1527,575
1992,1991,65-74,share_agg_xkg_transfers,0.5696,0.1559,575
1992,1991,65-74,pct_with_transfers,7.6001,1.0901,575
1992,1991,65-74,share_agg_other,0.3332,0.2525,575
1992,1991,65-74,share_agg_xkg_other,0.3415,0.2577,575
1992,1991,65-74,pct_with_other,2.5514,0.7261,575
1992,1991,65-74,share_agg_other_raw_uncapped,5.2803,6.0095,575
1992,1991,65-74,share_agg_ss_raw_uncapped_other,25.6834,2.2326,575
1992,1991,65-74,share_agg_ss_plus_pen_plus_unalloc,42.8812,2.1612,575
1992,1991,65-74,share_agg_pen_plus_acctwd,15.1433,1.2457,575
1992,1991,65-74,share_agg_xkg_pen_plus_acctwd,15.5184,1.2650,575
1992,1991,65-74,share_agg_comparable_other_plus_acctwd,0.8891,0.3171,575
1992,1991,65-74,pct_with_ss_or_pen_any,92.4471,1.0737,575
1992,1991,65-74,pct_with_pen_or_acctwd,49.1990,2.2685,575
1992,1991,65-74,pct_receiving_ss_now,93.1981,1.0253,575
1992,1991,65-74,pct_receiving_pension_now,50.3027,2.2691,575
1992,1991,65-74,pct_ss_ge50pct_of_income,49.9634,2.2050,575
1992,1991,65-74,pct_ss_ge90pct_of_income,18.4700,1.8017,575
1992,1991,65-74,mean_hh_share_ss,49.5092,1.4894,575
1992,1991,65-74,mean_hh_share_pen_plus_acctwd,16.0644,1.0732,575
1992,1991,65-74,mean_hh_share_wage,15.3877,1.1900,575
1992,1991,65-74,mean_hh_share_capital,16.1967,1.0791,575
1992,1991,65-74,mean_income_2022usd,60424.9808,2777.7762,575
1992,1991,65-74,pct_networth_ret,6.5976,0.7867,575
1992,1991,65-74,pct_networth_homeeq,25.8465,1.3145,575
1992,1991,65-74,pct_networth_othfin,30.5965,1.6599,575
1992,1991,65-74,pct_networth_othnfin,39.1868,2.4128,575
1992,1991,65-74,pct_networth_othdebt,-2.2273,0.3475,575
1992,1991,65-74,pct_assets_ret,6.3196,0.7576,575
1992,1991,65-74,pct_has_ret,35.0541,1.9301,575
1992,1991,65-74,pct_has_ira,33.8521,1.9524,575
1992,1991,65-74,pct_has_dcacct,3.6610,0.6073,575
1992,1991,65-74,pct_has_home,79.3299,1.2504,575
1992,1991,65-74,pct_has_db_receiving,50.3027,2.2691,575
1992,1991,65-74,pct_has_db_future_or_cj,53.3839,2.0679,575
1992,1991,65-74,pct_has_db_any,53.3839,2.0679,575
1992,1991,65-74,pct_db_only,30.4882,1.9230,575
1992,1991,65-74,pct_dc_only,12.1585,1.1936,575
1992,1991,65-74,pct_db_and_dc,22.8956,1.6180,575
1992,1991,65-74,pct_neither,34.4576,2.1016,575
1992,1991,65-74,mean_networth_2022usd,597011.6683,35080.3017,575
1992,1991,75+,share_agg_wage,5.4531,1.3137,329
1992,1991,75+,share_agg_xkg_wage,5.5744,1.3394,329
1992,1991,75+,pct_with_wage,9.3426,1.7130,329
1992,1991,75+,share_agg_bus,10.8547,2.4058,329
1992,1991,75+,share_agg_xkg_bus,11.0961,2.4434,329
1992,1991,75+,pct_with_bus,16.9884,1.8158,329
1992,1991,75+,share_agg_intdiv,26.2958,2.1842,329
1992,1991,75+,share_agg_xkg_intdiv,26.8806,2.2528,329
1992,1991,75+,pct_with_intdiv,60.0525,2.8424,329
1992,1991,75+,share_agg_kg,2.1754,0.8038,329
1992,1991,75+,pct_with_kg,6.8563,1.0505,329
1992,1991,75+,share_agg_ss,35.2302,1.6933,329
1992,1991,75+,share_agg_xkg_ss,36.0136,1.6286,329
1992,1991,75+,pct_with_ss,89.0912,1.8652,329
1992,1991,75+,share_agg_pen,16.2977,1.8146,329
1992,1991,75+,share_agg_xkg_pen,16.6601,1.8767,329
1992,1991,75+,pct_with_pen,40.2337,2.9453,329
1992,1991,75+,share_agg_sspen_unalloc,1.6534,0.5560,329
1992,1991,75+,share_agg_xkg_sspen_unalloc,1.6901,0.5697,329
1992,1991,75+,pct_with_sspen_unalloc,4.7922,1.5888,329
1992,1991,75+,share_agg_acctwd,0.0000,0.0000,329
1992,1991,75+,share_agg_xkg_acctwd,0.0000,0.0000,329
1992,1991,75+,pct_with_acctwd,0.0000,0.0000,329
1992,1991,75+,share_agg_transfers,0.6711,0.2318,329
1992,1991,75+,share_agg_xkg_transfers,0.6860,0.2366,329
1992,1991,75+,pct_with_transfers,5.6472,1.2347,329
1992,1991,75+,share_agg_other,1.3687,0.5514,329
1992,1991,75+,share_agg_xkg_other,1.3991,0.5643,329
1992,1991,75+,pct_with_other,2.4183,0.6822,329
1992,1991,75+,share_agg_other_raw_uncapped,18.7699,10.7984,329
1992,1991,75+,share_agg_ss_raw_uncapped_other,29.0146,4.2903,329
1992,1991,75+,share_agg_ss_plus_pen_plus_unalloc,53.1812,2.3399,329
1992,1991,75+,share_agg_pen_plus_acctwd,16.2977,1.8146,329
1992,1991,75+,share_agg_xkg_pen_plus_acctwd,16.6601,1.8767,329
1992,1991,75+,share_agg_comparable_other_plus_acctwd,2.0397,0.6578,329
1992,1991,75+,pct_with_ss_or_pen_any,96.9828,0.8983,329
1992,1991,75+,pct_with_pen_or_acctwd,40.2337,2.9453,329
1992,1991,75+,pct_receiving_ss_now,91.6161,1.7997,329
1992,1991,75+,pct_receiving_pension_now,40.8077,2.9404,329
1992,1991,75+,pct_ss_ge50pct_of_income,55.1847,2.9085,329
1992,1991,75+,pct_ss_ge90pct_of_income,29.2046,2.6748,329
1992,1991,75+,mean_hh_share_ss,56.3364,2.1295,329
1992,1991,75+,mean_hh_share_pen_plus_acctwd,13.3365,1.3913,329
1992,1991,75+,mean_hh_share_wage,4.0042,1.0539,329
1992,1991,75+,mean_hh_share_capital,20.3121,1.7661,329
1992,1991,75+,mean_income_2022usd,47930.7862,2282.3230,329
1992,1991,75+,pct_networth_ret,1.6367,0.3393,329
1992,1991,75+,pct_networth_homeeq,31.8182,1.8923,329
1992,1991,75+,pct_networth_othfin,45.5581,2.6523,329
1992,1991,75+,pct_networth_othnfin,22.2325,3.1854,329
1992,1991,75+,pct_networth_othdebt,-1.2454,0.5203,329
1992,1991,75+,pct_assets_ret,1.5949,0.3291,329
1992,1991,75+,pct_has_ret,6.3018,1.2615,329
1992,1991,75+,pct_has_ira,6.3010,1.2614,329
1992,1991,75+,pct_has_dcacct,0.3251,0.2220,329
1992,1991,75+,pct_has_home,77.2459,1.7007,329
1992,1991,75+,pct_has_db_receiving,40.8077,2.9404,329
1992,1991,75+,pct_has_db_future_or_cj,40.8141,2.9404,329
1992,1991,75+,pct_has_db_any,40.8141,2.9404,329
1992,1991,75+,pct_db_only,36.9865,2.9794,329
1992,1991,75+,pct_dc_only,2.4742,0.7437,329
1992,1991,75+,pct_db_and_dc,3.8276,0.9938,329
1992,1991,75+,pct_neither,56.7117,2.9224,329
1992,1991,75+,mean_networth_2022usd,443911.5214,33748.1474,329
1995,1994,all,share_agg_wage,69.9497,0.9451,4299
1995,1994,all,share_agg_xkg_wage,71.7838,0.9573,4299
1995,1994,all,pct_with_wage,73.4913,0.4759,4299
1995,1994,all,share_agg_bus,11.4021,0.9596,4299
1995,1994,all,share_agg_xkg_bus,11.7011,0.9857,4299
1995,1994,all,pct_with_bus,14.3825,0.4641,4299
1995,1994,all,share_agg_intdiv,5.3921,0.5766,4299
1995,1994,all,share_agg_xkg_intdiv,5.5335,0.5904,4299
1995,1994,all,pct_with_intdiv,36.4984,0.8128,4299
1995,1994,all,share_agg_kg,2.5550,0.2745,4299
1995,1994,all,pct_with_kg,6.7472,0.3022,4299
1995,1994,all,share_agg_ss,4.9051,0.1615,4299
1995,1994,all,share_agg_xkg_ss,5.0338,0.1656,4299
1995,1994,all,pct_with_ss,24.4892,0.4108,4299
1995,1994,all,share_agg_pen,3.3659,0.1678,4299
1995,1994,all,share_agg_xkg_pen,3.4542,0.1704,4299
1995,1994,all,pct_with_pen,13.8287,0.4396,4299
1995,1994,all,share_agg_sspen_unalloc,0.3465,0.0499,4299
1995,1994,all,share_agg_xkg_sspen_unalloc,0.3556,0.0514,4299
1995,1994,all,pct_with_sspen_unalloc,2.0172,0.1916,4299
1995,1994,all,share_agg_acctwd,0.0000,0.0000,4299
1995,1994,all,share_agg_xkg_acctwd,0.0000,0.0000,4299
1995,1994,all,pct_with_acctwd,0.0000,0.0000,4299
1995,1994,all,share_agg_transfers,1.5483,0.0903,4299
1995,1994,all,share_agg_xkg_transfers,1.5889,0.0929,4299
1995,1994,all,pct_with_transfers,19.3044,0.6124,4299
1995,1994,all,share_agg_other,0.5351,0.0915,4299
1995,1994,all,share_agg_xkg_other,0.5491,0.0939,4299
1995,1994,all,pct_with_other,5.0255,0.5253,4299
1995,1994,all,share_agg_other_raw_uncapped,0.8402,0.1500,4299
1995,1994,all,share_agg_ss_raw_uncapped_other,4.8901,0.1601,4299
1995,1994,all,share_agg_ss_plus_pen_plus_unalloc,8.6176,0.2538,4299
1995,1994,all,share_agg_pen_plus_acctwd,3.3659,0.1678,4299
1995,1994,all,share_agg_xkg_pen_plus_acctwd,3.4542,0.1704,4299
1995,1994,all,share_agg_comparable_other_plus_acctwd,2.0834,0.1266,4299
1995,1994,all,pct_with_ss_or_pen_any,30.2850,0.3954,4299
1995,1994,all,pct_with_pen_or_acctwd,13.8287,0.4396,4299
1995,1994,all,pct_receiving_ss_now,26.3262,0.4150,4299
1995,1994,all,pct_receiving_pension_now,16.1374,0.4807,4299
1995,1994,all,pct_ss_ge50pct_of_income,13.5652,0.4410,4299
1995,1994,all,pct_ss_ge90pct_of_income,6.1390,0.3646,4299
1995,1994,all,mean_hh_share_ss,14.1160,0.3259,4299
1995,1994,all,mean_hh_share_pen_plus_acctwd,5.4481,0.2089,4299
1995,1994,all,mean_hh_share_wage,63.9341,0.4792,4299
1995,1994,all,mean_hh_share_capital,8.6310,0.2936,4299
1995,1994,all,mean_income_2022usd,93439.5616,1776.0742,4299
1995,1994,all,pct_networth_ret,12.1876,0.5098,4299
1995,1994,all,pct_networth_homeeq,22.5185,0.5708,4299
1995,1994,all,pct_networth_othfin,30.9967,0.9506,4299
1995,1994,all,pct_networth_othnfin,38.9233,0.9464,4299
1995,1994,all,pct_networth_othdebt,-4.6261,0.2209,4299
1995,1994,all,pct_assets_ret,10.4120,0.4319,4299
1995,1994,all,pct_has_ret,45.3353,0.7817,4299
1995,1994,all,pct_has_ira,25.9495,0.6072,4299
1995,1994,all,pct_has_dcacct,29.4725,0.6812,4299
1995,1994,all,pct_has_home,64.7075,0.0238,4299
1995,1994,all,pct_has_db_receiving,16.1374,0.4807,4299
1995,1994,all,pct_has_db_future_or_cj,36.7673,0.7435,4299
1995,1994,all,pct_has_db_any,36.7673,0.7435,4299
1995,1994,all,pct_db_only,17.6247,0.6819,4299
1995,1994,all,pct_dc_only,26.1927,0.6781,4299
1995,1994,all,pct_db_and_dc,19.1426,0.5678,4299
1995,1994,all,pct_neither,37.0400,0.6716,4299
1995,1994,all,mean_networth_2022usd,412483.2263,10294.3674,4299
1995,1994,55-64,share_agg_wage,63.6414,2.2043,658
1995,1994,55-64,share_agg_xkg_wage,66.4492,2.2347,658
1995,1994,55-64,pct_with_wage,73.6798,1.9998,658
1995,1994,55-64,share_agg_bus,12.4515,1.4170,658
1995,1994,55-64,share_agg_xkg_bus,13.0008,1.5132,658
1995,1994,55-64,pct_with_bus,19.3939,1.5664,658
1995,1994,55-64,share_agg_intdiv,8.3498,2.3191,658
1995,1994,55-64,share_agg_xkg_intdiv,8.7182,2.4064,658
1995,1994,55-64,pct_with_intdiv,42.5777,1.8385,658
1995,1994,55-64,share_agg_kg,4.2254,1.0545,658
1995,1994,55-64,pct_with_kg,9.8658,1.1272,658
1995,1994,55-64,share_agg_ss,3.8416,0.4445,658
1995,1994,55-64,share_agg_xkg_ss,4.0110,0.4514,658
1995,1994,55-64,pct_with_ss,28.1949,2.2768,658
1995,1994,55-64,share_agg_pen,5.5758,0.7045,658
1995,1994,55-64,share_agg_xkg_pen,5.8218,0.7264,658
1995,1994,55-64,pct_with_pen,25.0608,1.8988,658
1995,1994,55-64,share_agg_sspen_unalloc,0.4344,0.0986,658
1995,1994,55-64,share_agg_xkg_sspen_unalloc,0.4535,0.1046,658
1995,1994,55-64,pct_with_sspen_unalloc,2.4894,0.5331,658
1995,1994,55-64,share_agg_acctwd,0.0000,0.0000,658
1995,1994,55-64,share_agg_xkg_acctwd,0.0000,0.0000,658
1995,1994,55-64,pct_with_acctwd,0.0000,0.0000,658
1995,1994,55-64,share_agg_transfers,0.9256,0.1891,658
1995,1994,55-64,share_agg_xkg_transfers,0.9664,0.1979,658
1995,1994,55-64,pct_with_transfers,13.8197,1.2080,658
1995,1994,55-64,share_agg_other,0.5546,0.1962,658
1995,1994,55-64,share_agg_xkg_other,0.5790,0.2045,658
1995,1994,55-64,pct_with_other,5.4019,1.0626,658
1995,1994,55-64,share_agg_other_raw_uncapped,1.0909,0.5022,658
1995,1994,55-64,share_agg_ss_raw_uncapped_other,3.8208,0.4399,658
1995,1994,55-64,share_agg_ss_plus_pen_plus_unalloc,9.8517,0.9458,658
1995,1994,55-64,share_agg_pen_plus_acctwd,5.5758,0.7045,658
1995,1994,55-64,share_agg_xkg_pen_plus_acctwd,5.8218,0.7264,658
1995,1994,55-64,share_agg_comparable_other_plus_acctwd,1.4801,0.2564,658
1995,1994,55-64,pct_with_ss_or_pen_any,42.4078,2.2293,658
1995,1994,55-64,pct_with_pen_or_acctwd,25.0608,1.8988,658
1995,1994,55-64,pct_receiving_ss_now,33.0602,2.4430,658
1995,1994,55-64,pct_receiving_pension_now,31.2767,2.0727,658
1995,1994,55-64,pct_ss_ge50pct_of_income,12.1865,1.5461,658
1995,1994,55-64,pct_ss_ge90pct_of_income,5.3824,1.0387,658
1995,1994,55-64,mean_hh_share_ss,13.9150,1.3209,658
1995,1994,55-64,mean_hh_share_pen_plus_acctwd,9.3870,0.8820,658
1995,1994,55-64,mean_hh_share_wage,60.3199,1.7138,658
1995,1994,55-64,mean_hh_share_capital,10.5700,0.8263,658
1995,1994,55-64,mean_income_2022usd,111483.5429,5758.3763,658
1995,1994,55-64,pct_networth_ret,12.4961,1.1248,658
1995,1994,55-64,pct_networth_homeeq,20.4063,1.2673,658
1995,1994,55-64,pct_networth_othfin,28.2169,2.1009,658
1995,1994,55-64,pct_networth_othnfin,42.1169,2.7117,658
1995,1994,55-64,pct_networth_othdebt,-3.2361,0.4262,658
1995,1994,55-64,pct_assets_ret,11.3727,1.0059,658
1995,1994,55-64,pct_has_ret,50.9554,2.1766,658
1995,1994,55-64,pct_has_ira,36.8918,1.8926,658
1995,1994,55-64,pct_has_dcacct,25.9961,2.0553,658
1995,1994,55-64,pct_has_home,82.0073,1.6196,658
1995,1994,55-64,pct_has_db_receiving,31.2767,2.0727,658
1995,1994,55-64,pct_has_db_future_or_cj,53.3416,1.9881,658
1995,1994,55-64,pct_has_db_any,53.3416,1.9881,658
1995,1994,55-64,pct_db_only,22.6692,1.7352,658
1995,1994,55-64,pct_dc_only,20.2830,1.6107,658
1995,1994,55-64,pct_db_and_dc,30.6724,1.9707,658
1995,1994,55-64,pct_neither,26.3754,1.8962,658
1995,1994,55-64,mean_networth_2022usd,740665.3098,49120.8125,658
1995,1994,65+,share_agg_wage,21.8069,2.0977,941
1995,1994,65+,share_agg_xkg_wage,23.3019,2.0628,941
1995,1994,65+,pct_with_wage,21.9172,1.1921,941
1995,1994,65+,share_agg_bus,14.1234,2.7544,941
1995,1994,65+,share_agg_xkg_bus,15.0916,2.8541,941
1995,1994,65+,pct_with_bus,13.3818,0.9986,941
1995,1994,65+,share_agg_intdiv,18.0023,2.4231,941
1995,1994,65+,share_agg_xkg_intdiv,19.2364,2.5605,941
1995,1994,65+,pct_with_intdiv,53.7310,2.1108,941
1995,1994,65+,share_agg_kg,6.4156,1.6994,941
1995,1994,65+,pct_with_kg,7.8745,0.7657,941
1995,1994,65+,share_agg_ss,25.0535,1.6155,941
1995,1994,65+,share_agg_xkg_ss,26.7710,1.8654,941
1995,1994,65+,pct_with_ss,87.2822,1.1717,941
1995,1994,65+,share_agg_pen,12.6461,1.0373,941
1995,1994,65+,share_agg_xkg_pen,13.5130,1.1800,941
1995,1994,65+,pct_with_pen,40.5931,1.4871,941
1995,1994,65+,share_agg_sspen_unalloc,0.6043,0.2390,941
1995,1994,65+,share_agg_xkg_sspen_unalloc,0.6458,0.2573,941
1995,1994,65+,pct_with_sspen_unalloc,1.7333,0.4435,941
1995,1994,65+,share_agg_acctwd,0.0000,0.0000,941
1995,1994,65+,share_agg_xkg_acctwd,0.0000,0.0000,941
1995,1994,65+,pct_with_acctwd,0.0000,0.0000,941
1995,1994,65+,share_agg_transfers,0.5872,0.1755,941
1995,1994,65+,share_agg_xkg_transfers,0.6275,0.1927,941
1995,1994,65+,pct_with_transfers,8.8680,0.8304,941
1995,1994,65+,share_agg_other,0.7606,0.2285,941
1995,1994,65+,share_agg_xkg_other,0.8128,0.2446,941
1995,1994,65+,pct_with_other,3.0821,0.5576,941
1995,1994,65+,share_agg_other_raw_uncapped,1.1625,0.3013,941
1995,1994,65+,share_agg_ss_raw_uncapped_other,24.9521,1.6029,941
1995,1994,65+,share_agg_ss_plus_pen_plus_unalloc,38.3039,2.3664,941
1995,1994,65+,share_agg_pen_plus_acctwd,12.6461,1.0373,941
1995,1994,65+,share_agg_xkg_pen_plus_acctwd,13.5130,1.1800,941
1995,1994,65+,share_agg_comparable_other_plus_acctwd,1.3479,0.2836,941
1995,1994,65+,pct_with_ss_or_pen_any,93.0498,0.7267,941
1995,1994,65+,pct_with_pen_or_acctwd,40.5931,1.4871,941
1995,1994,65+,pct_receiving_ss_now,91.0941,1.0585,941
1995,1994,65+,pct_receiving_pension_now,42.7128,1.5974,941
1995,1994,65+,pct_ss_ge50pct_of_income,50.9896,1.7260,941
1995,1994,65+,pct_ss_ge90pct_of_income,23.2302,1.5214,941
1995,1994,65+,mean_hh_share_ss,51.9382,1.1089,941
1995,1994,65+,mean_hh_share_pen_plus_acctwd,16.4372,0.7598,941
1995,1994,65+,mean_hh_share_wage,10.7943,0.7675,941
1995,1994,65+,mean_hh_share_capital,16.4774,0.9695,941
1995,1994,65+,mean_income_2022usd,68957.8367,4133.4436,941
1995,1994,65+,pct_networth_ret,6.8307,0.7077,941
1995,1994,65+,pct_networth_homeeq,24.2492,0.8970,941
1995,1994,65+,pct_networth_othfin,40.7980,1.6314,941
1995,1994,65+,pct_networth_othnfin,29.3464,1.6408,941
1995,1994,65+,pct_networth_othdebt,-1.2243,0.1800,941
1995,1994,65+,pct_assets_ret,6.6276,0.6857,941
1995,1994,65+,pct_has_ret,27.3050,1.7082,941
1995,1994,65+,pct_has_ira,26.3577,1.7038,941
1995,1994,65+,pct_has_dcacct,3.1948,0.5426,941
1995,1994,65+,pct_has_home,76.4971,0.9305,941
1995,1994,65+,pct_has_db_receiving,42.7128,1.5974,941
1995,1994,65+,pct_has_db_future_or_cj,45.6715,1.6849,941
1995,1994,65+,pct_has_db_any,45.6715,1.6849,941
1995,1994,65+,pct_db_only,29.6382,1.7233,941
1995,1994,65+,pct_dc_only,11.2717,0.8666,941
1995,1994,65+,pct_db_and_dc,16.0333,1.3750,941
1995,1994,65+,pct_neither,43.0567,1.8645,941
1995,1994,65+,mean_networth_2022usd,599351.0367,23956.4206,941
1995,1994,65-74,share_agg_wage,31.0130,2.8538,560
1995,1994,65-74,share_agg_xkg_wage,32.9621,2.6779,560
1995,1994,65-74,pct_with_wage,32.0218,1.9539,560
1995,1994,65-74,share_agg_bus,14.6836,2.3687,560
1995,1994,65-74,share_agg_xkg_bus,15.6065,2.4480,560
1995,1994,65-74,pct_with_bus,14.8884,1.3850,560
1995,1994,65-74,share_agg_intdiv,13.6210,2.3926,560
1995,1994,65-74,share_agg_xkg_intdiv,14.4770,2.5203,560
1995,1994,65-74,pct_with_intdiv,49.0123,2.2380,560
1995,1994,65-74,share_agg_kg,5.9132,1.9645,560
1995,1994,65-74,pct_with_kg,6.5771,0.8767,560
1995,1994,65-74,share_agg_ss,21.0554,1.8360,560
1995,1994,65-74,share_agg_xkg_ss,22.3787,2.1081,560
1995,1994,65-74,pct_with_ss,84.9636,1.4265,560
1995,1994,65-74,share_agg_pen,11.1863,1.2211,560
1995,1994,65-74,share_agg_xkg_pen,11.8893,1.3883,560
1995,1994,65-74,pct_with_pen,40.3802,2.0034,560
1995,1994,65-74,share_agg_sspen_unalloc,0.7444,0.3489,560
1995,1994,65-74,share_agg_xkg_sspen_unalloc,0.7911,0.3756,560
1995,1994,65-74,pct_with_sspen_unalloc,2.3819,0.7444,560
1995,1994,65-74,share_agg_acctwd,0.0000,0.0000,560
1995,1994,65-74,share_agg_xkg_acctwd,0.0000,0.0000,560
1995,1994,65-74,pct_with_acctwd,0.0000,0.0000,560
1995,1994,65-74,share_agg_transfers,0.7258,0.2775,560
1995,1994,65-74,share_agg_xkg_transfers,0.7714,0.3048,560
1995,1994,65-74,pct_with_transfers,9.0324,0.9774,560
1995,1994,65-74,share_agg_other,1.0574,0.3621,560
1995,1994,65-74,share_agg_xkg_other,1.1238,0.3868,560
1995,1994,65-74,pct_with_other,3.4924,0.8085,560
1995,1994,65-74,share_agg_other_raw_uncapped,1.5313,0.4735,560
1995,1994,65-74,share_agg_ss_raw_uncapped_other,20.9545,1.8204,560
1995,1994,65-74,share_agg_ss_plus_pen_plus_unalloc,32.9860,2.6699,560
1995,1994,65-74,share_agg_pen_plus_acctwd,11.1863,1.2211,560
1995,1994,65-74,share_agg_xkg_pen_plus_acctwd,11.8893,1.3883,560
1995,1994,65-74,share_agg_comparable_other_plus_acctwd,1.7832,0.4561,560
1995,1994,65-74,pct_with_ss_or_pen_any,90.4387,1.0956,560
1995,1994,65-74,pct_with_pen_or_acctwd,40.3802,2.0034,560
1995,1994,65-74,pct_receiving_ss_now,89.5842,1.1470,560
1995,1994,65-74,pct_receiving_pension_now,43.2381,2.1377,560
1995,1994,65-74,pct_ss_ge50pct_of_income,46.8273,2.2042,560
1995,1994,65-74,pct_ss_ge90pct_of_income,19.7759,1.6256,560
1995,1994,65-74,mean_hh_share_ss,47.2463,1.3726,560
1995,1994,65-74,mean_hh_share_pen_plus_acctwd,16.2758,0.9574,560
1995,1994,65-74,mean_hh_share_wage,16.7480,1.2172,560
1995,1994,65-74,mean_hh_share_capital,13.9389,0.9861,560
1995,1994,65-74,mean_income_2022usd,80792.4958,6391.2182,560
1995,1994,65-74,pct_networth_ret,8.7742,0.9199,560
1995,1994,65-74,pct_networth_homeeq,21.8954,1.2073,560
1995,1994,65-74,pct_networth_othfin,36.4232,2.1582,560
1995,1994,65-74,pct_networth_othnfin,34.4910,2.1964,560
1995,1994,65-74,pct_networth_othdebt,-1.5838,0.2499,560
1995,1994,65-74,pct_assets_ret,8.4238,0.8798,560
1995,1994,65-74,pct_has_ret,36.6375,2.6729,560
1995,1994,65-74,pct_has_ira,34.9196,2.6525,560
1995,1994,65-74,pct_has_dcacct,5.5142,0.9669,560
1995,1994,65-74,pct_has_home,79.4977,1.4853,560
1995,1994,65-74,pct_has_db_receiving,43.2381,2.1377,560
1995,1994,65-74,pct_has_db_future_or_cj,47.9565,2.2445,560
1995,1994,65-74,pct_has_db_any,47.9565,2.2445,560
1995,1994,65-74,pct_db_only,26.3461,2.2900,560
1995,1994,65-74,pct_dc_only,15.0271,1.3389,560
1995,1994,65-74,pct_db_and_dc,21.6104,2.0804,560
1995,1994,65-74,pct_neither,37.0164,2.4868,560
1995,1994,65-74,mean_networth_2022usd,677667.6422,41262.6138,560
1995,1994,75+,share_agg_wage,5.0528,0.8049,381
1995,1994,75+,share_agg_xkg_wage,5.4524,0.8793,381
1995,1994,75+,pct_with_wage,9.5250,1.3377,381
1995,1994,75+,share_agg_bus,13.1038,5.8320,381
1995,1994,75+,share_agg_xkg_bus,14.1403,6.1098,381
1995,1994,75+,pct_with_bus,11.5341,1.4686,381
1995,1994,75+,share_agg_intdiv,25.9759,4.9208,381
1995,1994,75+,share_agg_xkg_intdiv,28.0305,5.3551,381
1995,1994,75+,pct_with_intdiv,59.5179,3.1218,381
1995,1994,75+,share_agg_kg,7.3298,1.9676,381
1995,1994,75+,pct_with_kg,9.4656,1.3943,381
1995,1994,75+,share_agg_ss,32.3297,3.0989,381
1995,1994,75+,share_agg_xkg_ss,34.8869,3.3407,381
1995,1994,75+,pct_with_ss,90.1256,1.7731,381
1995,1994,75+,share_agg_pen,15.3028,1.7888,381
1995,1994,75+,share_agg_xkg_pen,16.5132,1.9093,381
1995,1994,75+,pct_with_pen,40.8543,2.2593,381
1995,1994,75+,share_agg_sspen_unalloc,0.3495,0.2279,381
1995,1994,75+,share_agg_xkg_sspen_unalloc,0.3772,0.2437,381
1995,1994,75+,pct_with_sspen_unalloc,0.9379,0.4571,381
1995,1994,75+,share_agg_acctwd,0.0000,0.0000,381
1995,1994,75+,share_agg_xkg_acctwd,0.0000,0.0000,381
1995,1994,75+,pct_with_acctwd,0.0000,0.0000,381
1995,1994,75+,share_agg_transfers,0.3351,0.0998,381
1995,1994,75+,share_agg_xkg_transfers,0.3616,0.1082,381
1995,1994,75+,pct_with_transfers,8.6664,1.3026,381
1995,1994,75+,share_agg_other,0.2206,0.1063,381
1995,1994,75+,share_agg_xkg_other,0.2380,0.1129,381
1995,1994,75+,pct_with_other,2.5789,0.8082,381
1995,1994,75+,share_agg_other_raw_uncapped,0.4899,0.1405,381
1995,1994,75+,share_agg_ss_raw_uncapped_other,32.2425,3.0947,381
1995,1994,75+,share_agg_ss_plus_pen_plus_unalloc,47.9821,4.3513,381
1995,1994,75+,share_agg_pen_plus_acctwd,15.3028,1.7888,381
1995,1994,75+,share_agg_xkg_pen_plus_acctwd,16.5132,1.9093,381
1995,1994,75+,share_agg_comparable_other_plus_acctwd,0.5556,0.1465,381
1995,1994,75+,pct_with_ss_or_pen_any,96.2519,1.0774,381
1995,1994,75+,pct_with_pen_or_acctwd,40.8543,2.2593,381
1995,1994,75+,pct_receiving_ss_now,92.9458,1.5201,381
1995,1994,75+,pct_receiving_pension_now,42.0685,2.3064,381
1995,1994,75+,pct_ss_ge50pct_of_income,56.0943,2.2947,381
1995,1994,75+,pct_ss_ge90pct_of_income,27.4665,2.4965,381
1995,1994,75+,mean_hh_share_ss,57.6750,1.7366,381
1995,1994,75+,mean_hh_share_pen_plus_acctwd,16.6346,1.2803,381
1995,1994,75+,mean_hh_share_wage,3.5146,0.7406,381
1995,1994,75+,mean_hh_share_capital,19.5812,1.4249,381
1995,1994,75+,mean_income_2022usd,54443.9910,5089.7591,381
1995,1994,75+,pct_networth_ret,3.6216,0.6930,381
1995,1994,75+,pct_networth_homeeq,28.1360,1.8206,381
1995,1994,75+,pct_networth_othfin,48.0217,2.7403,381
1995,1994,75+,pct_networth_othnfin,20.8514,2.0975,381
1995,1994,75+,pct_networth_othdebt,-0.6307,0.1758,381
1995,1994,75+,pct_assets_ret,3.5766,0.6829,381
1995,1994,75+,pct_has_ret,15.8598,1.6817,381
1995,1994,75+,pct_has_ira,15.8574,1.6818,381
1995,1994,75+,pct_has_dcacct,0.3503,0.1902,381
1995,1994,75+,pct_has_home,72.8171,1.3573,381
1995,1994,75+,pct_has_db_receiving,42.0685,2.3064,381
1995,1994,75+,pct_has_db_future_or_cj,42.8693,2.2906,381
1995,1994,75+,pct_has_db_any,42.8693,2.2906,381
1995,1994,75+,pct_db_only,33.6757,2.5256,381
1995,1994,75+,pct_dc_only,6.6662,1.0507,381
1995,1994,75+,pct_db_and_dc,9.1936,1.4523,381
1995,1994,75+,pct_neither,50.4645,2.3913,381
1995,1994,75+,mean_networth_2022usd,503304.7449,31140.7773,381
1998,1997,all,share_agg_wage,68.5770,1.1309,4305
1998,1997,all,share_agg_xkg_wage,71.8409,1.0809,4305
1998,1997,all,pct_with_wage,75.6130,0.4200,4305
1998,1997,all,share_agg_bus,12.8462,1.0917,4305
1998,1997,all,share_agg_xkg_bus,13.4577,1.1507,4305
1998,1997,all,pct_with_bus,13.9561,0.5290,4305
1998,1997,all,share_agg_intdiv,4.2006,0.2195,4305
1998,1997,all,share_agg_xkg_intdiv,4.4005,0.2313,4305
1998,1997,all,pct_with_intdiv,34.6607,0.7808,4305
1998,1997,all,share_agg_kg,4.5432,0.5004,4305
1998,1997,all,pct_with_kg,10.2411,0.4695,4305
1998,1997,all,share_agg_ss,4.3002,0.1415,4305
1998,1997,all,share_agg_xkg_ss,4.5049,0.1454,4305
1998,1997,all,pct_with_ss,22.8189,0.3609,4305
1998,1997,all,share_agg_pen,3.2936,0.1800,4305
1998,1997,all,share_agg_xkg_pen,3.4503,0.1871,4305
1998,1997,all,pct_with_pen,13.4447,0.4598,4305
1998,1997,all,share_agg_sspen_unalloc,0.5230,0.0654,4305
1998,1997,all,share_agg_xkg_sspen_unalloc,0.5479,0.0686,4305
1998,1997,all,pct_with_sspen_unalloc,2.7294,0.2382,4305
1998,1997,all,share_agg_acctwd,0.0000,0.0000,4305
1998,1997,all,share_agg_xkg_acctwd,0.0000,0.0000,4305
1998,1997,all,pct_with_acctwd,0.0000,0.0000,4305
1998,1997,all,share_agg_transfers,1.0938,0.0647,4305
1998,1997,all,share_agg_xkg_transfers,1.1459,0.0673,4305
1998,1997,all,pct_with_transfers,14.9666,0.5533,4305
1998,1997,all,share_agg_other,0.6223,0.1196,4305
1998,1997,all,share_agg_xkg_other,0.6519,0.1251,4305
1998,1997,all,pct_with_other,3.8477,0.3284,4305
1998,1997,all,share_agg_other_raw_uncapped,0.7422,0.1542,4305
1998,1997,all,share_agg_ss_raw_uncapped_other,4.2950,0.1415,4305
1998,1997,all,share_agg_ss_plus_pen_plus_unalloc,8.1168,0.2556,4305
1998,1997,all,share_agg_pen_plus_acctwd,3.2936,0.1800,4305
1998,1997,all,share_agg_xkg_pen_plus_acctwd,3.4503,0.1871,4305
1998,1997,all,share_agg_comparable_other_plus_acctwd,1.7161,0.1425,4305
1998,1997,all,pct_with_ss_or_pen_any,28.8646,0.4079,4305
1998,1997,all,pct_with_pen_or_acctwd,13.4447,0.4598,4305
1998,1997,all,pct_receiving_ss_now,24.8436,0.3309,4305
1998,1997,all,pct_receiving_pension_now,15.1744,0.4850,4305
1998,1997,all,pct_ss_ge50pct_of_income,12.2857,0.3568,4305
1998,1997,all,pct_ss_ge90pct_of_income,6.2308,0.3336,4305
1998,1997,all,mean_hh_share_ss,12.9801,0.2773,4305
1998,1997,all,mean_hh_share_pen_plus_acctwd,5.4402,0.2330,4305
1998,1997,all,mean_hh_share_wage,66.4784,0.4211,4305
1998,1997,all,mean_hh_share_capital,8.9551,0.3054,4305
1998,1997,all,mean_income_2022usd,101703.2787,2214.3487,4305
1998,1997,all,pct_networth_ret,13.1560,0.4896,4305
1998,1997,all,pct_networth_homeeq,20.5861,0.6086,4305
1998,1997,all,pct_networth_othfin,34.5242,0.9021,4305
1998,1997,all,pct_networth_othnfin,36.4926,1.1084,4305
1998,1997,all,pct_networth_othdebt,-4.7590,0.2464,4305
1998,1997,all,pct_assets_ret,11.2868,0.4148,4305
1998,1997,all,pct_has_ret,48.9195,0.8660,4305
1998,1997,all,pct_has_ira,28.3463,0.7118,4305
1998,1997,all,pct_has_dcacct,32.5625,0.7226,4305
1998,1997,all,pct_has_home,66.2562,0.0349,4305
1998,1997,all,pct_has_db_receiving,15.1744,0.4850,4305
1998,1997,all,pct_has_db_future_or_cj,33.6400,0.6482,4305
1998,1997,all,pct_has_db_any,33.6400,0.6482,4305
1998,1997,all,pct_db_only,14.7810,0.5392,4305
1998,1997,all,pct_dc_only,30.0605,0.7126,4305
1998,1997,all,pct_db_and_dc,18.8591,0.6119,4305
1998,1997,all,pct_neither,36.2995,0.7278,4305
1998,1997,all,mean_networth_2022usd,517170.6276,16790.8969,4305
1998,1997,55-64,share_agg_wage,58.9034,3.4037,685
1998,1997,55-64,share_agg_xkg_wage,63.5419,3.4724,685
1998,1997,55-64,pct_with_wage,78.2316,1.4066,685
1998,1997,55-64,share_agg_bus,20.1301,3.5911,685
1998,1997,55-64,share_agg_xkg_bus,21.7152,3.8077,685
1998,1997,55-64,pct_with_bus,18.2079,1.5101,685
1998,1997,55-64,share_agg_intdiv,4.5529,0.4433,685
1998,1997,55-64,share_agg_xkg_intdiv,4.9115,0.4738,685
1998,1997,55-64,pct_with_intdiv,38.4345,1.8755,685
1998,1997,55-64,share_agg_kg,7.2998,2.0929,685
1998,1997,55-64,pct_with_kg,9.2719,1.0394,685
1998,1997,55-64,share_agg_ss,2.2514,0.3024,685
1998,1997,55-64,share_agg_xkg_ss,2.4287,0.3256,685
1998,1997,55-64,pct_with_ss,17.7607,1.6059,685
1998,1997,55-64,share_agg_pen,3.9116,0.5467,685
1998,1997,55-64,share_agg_xkg_pen,4.2196,0.5903,685
1998,1997,55-64,pct_with_pen,18.1805,1.5723,685
1998,1997,55-64,share_agg_sspen_unalloc,1.2928,0.2518,685
1998,1997,55-64,share_agg_xkg_sspen_unalloc,1.3946,0.2701,685
1998,1997,55-64,pct_with_sspen_unalloc,6.7423,0.9408,685
1998,1997,55-64,share_agg_acctwd,0.0000,0.0000,685
1998,1997,55-64,share_agg_xkg_acctwd,0.0000,0.0000,685
1998,1997,55-64,pct_with_acctwd,0.0000,0.0000,685
1998,1997,55-64,share_agg_transfers,0.5234,0.1139,685
1998,1997,55-64,share_agg_xkg_transfers,0.5646,0.1225,685
1998,1997,55-64,pct_with_transfers,10.1369,1.1440,685
1998,1997,55-64,share_agg_other,1.1346,0.4403,685
1998,1997,55-64,share_agg_xkg_other,1.2239,0.4760,685
1998,1997,55-64,pct_with_other,3.8485,0.6678,685
1998,1997,55-64,share_agg_other_raw_uncapped,1.1657,0.4407,685
1998,1997,55-64,share_agg_ss_raw_uncapped_other,2.2507,0.3022,685
1998,1997,55-64,share_agg_ss_plus_pen_plus_unalloc,7.4558,0.6615,685
1998,1997,55-64,share_agg_pen_plus_acctwd,3.9116,0.5467,685
1998,1997,55-64,share_agg_xkg_pen_plus_acctwd,4.2196,0.5903,685
1998,1997,55-64,share_agg_comparable_other_plus_acctwd,1.6580,0.4483,685
1998,1997,55-64,pct_with_ss_or_pen_any,36.6540,1.6766,685
1998,1997,55-64,pct_with_pen_or_acctwd,18.1805,1.5723,685
1998,1997,55-64,pct_receiving_ss_now,21.1107,1.7148,685
1998,1997,55-64,pct_receiving_pension_now,21.8627,1.7982,685
1998,1997,55-64,pct_ss_ge50pct_of_income,8.2401,1.0694,685
1998,1997,55-64,pct_ss_ge90pct_of_income,5.1589,0.9017,685
1998,1997,55-64,mean_hh_share_ss,9.5149,0.9870,685
1998,1997,55-64,mean_hh_share_pen_plus_acctwd,8.0875,0.8865,685
1998,1997,55-64,mean_hh_share_wage,66.0283,1.4559,685
1998,1997,55-64,mean_hh_share_capital,10.0324,0.7603,685
1998,1997,55-64,mean_income_2022usd,141233.2807,9860.8617,685
1998,1997,55-64,pct_networth_ret,15.6600,1.2822,685
1998,1997,55-64,pct_networth_homeeq,17.4606,0.8965,685
1998,1997,55-64,pct_networth_othfin,32.8841,1.8415,685
1998,1997,55-64,pct_networth_othnfin,37.1360,2.2650,685
1998,1997,55-64,pct_networth_othdebt,-3.1408,0.2759,685
1998,1997,55-64,pct_assets_ret,14.2599,1.1506,685
1998,1997,55-64,pct_has_ret,58.3214,2.1433,685
1998,1997,55-64,pct_has_ira,42.1170,1.9816,685
1998,1997,55-64,pct_has_dcacct,33.6968,2.2311,685
1998,1997,55-64,pct_has_home,80.3258,1.3055,685
1998,1997,55-64,pct_has_db_receiving,21.8627,1.7982,685
1998,1997,55-64,pct_has_db_future_or_cj,45.4288,1.7440,685
1998,1997,55-64,pct_has_db_any,45.4288,1.7440,685
1998,1997,55-64,pct_db_only,17.4962,1.5795,685
1998,1997,55-64,pct_dc_only,30.3887,1.7373,685
1998,1997,55-64,pct_db_and_dc,27.9326,1.8326,685
1998,1997,55-64,pct_neither,24.1825,1.6791,685
1998,1997,55-64,mean_networth_2022usd,972758.2918,58617.4867,685
1998,1997,65+,share_agg_wage,20.2513,1.3191,904
1998,1997,65+,share_agg_xkg_wage,22.6595,1.4372,904
1998,1997,65+,pct_with_wage,25.0174,1.3084,904
1998,1997,65+,share_agg_bus,12.0086,1.4803,904
1998,1997,65+,share_agg_xkg_bus,13.4367,1.6438,904
1998,1997,65+,pct_with_bus,12.2434,0.9553,904
1998,1997,65+,share_agg_intdiv,13.8969,0.9511,904
1998,1997,65+,share_agg_xkg_intdiv,15.5495,1.1044,904
1998,1997,65+,pct_with_intdiv,45.9896,1.8031,904
1998,1997,65+,share_agg_kg,10.6279,1.3600,904
1998,1997,65+,pct_with_kg,14.4984,1.4304,904
1998,1997,65+,share_agg_ss,25.1557,1.1776,904
1998,1997,65+,share_agg_xkg_ss,28.1472,1.2403,904
1998,1997,65+,pct_with_ss,87.2870,1.1224,904
1998,1997,65+,share_agg_pen,15.9050,1.0499,904
1998,1997,65+,share_agg_xkg_pen,17.7964,1.0997,904
1998,1997,65+,pct_with_pen,44.0765,1.7987,904
1998,1997,65+,share_agg_sspen_unalloc,0.3818,0.1201,904
1998,1997,65+,share_agg_xkg_sspen_unalloc,0.4272,0.1349,904
1998,1997,65+,pct_with_sspen_unalloc,1.4343,0.3813,904
1998,1997,65+,share_agg_acctwd,0.0000,0.0000,904
1998,1997,65+,share_agg_xkg_acctwd,0.0000,0.0000,904
1998,1997,65+,pct_with_acctwd,0.0000,0.0000,904
1998,1997,65+,share_agg_transfers,0.5851,0.2611,904
1998,1997,65+,share_agg_xkg_transfers,0.6547,0.2928,904
1998,1997,65+,pct_with_transfers,4.6257,0.5922,904
1998,1997,65+,share_agg_other,1.1878,0.4831,904
1998,1997,65+,share_agg_xkg_other,1.3290,0.5417,904
1998,1997,65+,pct_with_other,3.7857,0.6114,904
1998,1997,65+,share_agg_other_raw_uncapped,1.7721,0.7754,904
1998,1997,65+,share_agg_ss_raw_uncapped_other,25.0070,1.1946,904
1998,1997,65+,share_agg_ss_plus_pen_plus_unalloc,41.4425,1.8227,904
1998,1997,65+,share_agg_pen_plus_acctwd,15.9050,1.0499,904
1998,1997,65+,share_agg_xkg_pen_plus_acctwd,17.7964,1.0997,904
1998,1997,65+,share_agg_comparable_other_plus_acctwd,1.7729,0.5368,904
1998,1997,65+,pct_with_ss_or_pen_any,91.6066,0.9509,904
1998,1997,65+,pct_with_pen_or_acctwd,44.0765,1.7987,904
1998,1997,65+,pct_receiving_ss_now,93.1415,0.6613,904
1998,1997,65+,pct_receiving_pension_now,46.2689,1.7491,904
1998,1997,65+,pct_ss_ge50pct_of_income,48.5381,1.6012,904
1998,1997,65+,pct_ss_ge90pct_of_income,24.9745,1.4128,904
1998,1997,65+,mean_hh_share_ss,51.1139,1.1471,904
1998,1997,65+,mean_hh_share_pen_plus_acctwd,17.6252,0.9638,904
1998,1997,65+,mean_hh_share_wage,12.6357,0.8845,904
1998,1997,65+,mean_hh_share_capital,15.6665,0.8192,904
1998,1997,65+,mean_income_2022usd,68691.7800,2808.7987,904
1998,1997,65+,pct_networth_ret,8.2521,0.7805,904
1998,1997,65+,pct_networth_homeeq,24.4339,1.1698,904
1998,1997,65+,pct_networth_othfin,41.9581,1.4007,904
1998,1997,65+,pct_networth_othnfin,27.0663,1.5403,904
1998,1997,65+,pct_networth_othdebt,-1.7105,0.2089,904
1998,1997,65+,pct_assets_ret,7.9353,0.7501,904
1998,1997,65+,pct_has_ret,32.1231,1.4316,904
1998,1997,65+,pct_has_ira,29.8588,1.4884,904
1998,1997,65+,pct_has_dcacct,4.1729,0.6357,904
1998,1997,65+,pct_has_home,79.3351,0.7733,904
1998,1997,65+,pct_has_db_receiving,46.2689,1.7491,904
1998,1997,65+,pct_has_db_future_or_cj,47.6323,1.8130,904
1998,1997,65+,pct_has_db_any,47.6323,1.8130,904
1998,1997,65+,pct_db_only,29.3503,1.5824,904
1998,1997,65+,pct_dc_only,13.8411,1.2054,904
1998,1997,65+,pct_db_and_dc,18.2820,1.1744,904
1998,1997,65+,pct_neither,38.5265,1.4327,904
1998,1997,65+,mean_networth_2022usd,715265.2727,38135.7277,904
1998,1997,65-74,share_agg_wage,27.4006,1.8656,524
1998,1997,65-74,share_agg_xkg_wage,30.7890,1.9476,524
1998,1997,65-74,pct_with_wage,39.0250,2.1981,524
1998,1997,65-74,share_agg_bus,14.0282,2.1282,524
1998,1997,65-74,share_agg_xkg_bus,15.7629,2.3629,524
1998,1997,65-74,pct_with_bus,13.8441,1.4414,524
1998,1997,65-74,share_agg_intdiv,11.9740,1.0385,524
1998,1997,65-74,share_agg_xkg_intdiv,13.4548,1.2446,524
1998,1997,65-74,pct_with_intdiv,45.6775,2.2361,524
1998,1997,65-74,share_agg_kg,11.0052,1.8459,524
1998,1997,65-74,pct_with_kg,15.3645,1.6634,524
1998,1997,65-74,share_agg_ss,18.9440,1.2280,524
1998,1997,65-74,share_agg_xkg_ss,21.2867,1.3037,524
1998,1997,65-74,pct_with_ss,83.8571,1.7545,524
1998,1997,65-74,share_agg_pen,13.9561,1.1727,524
1998,1997,65-74,share_agg_xkg_pen,15.6819,1.2461,524
1998,1997,65-74,pct_with_pen,45.7388,2.3735,524
1998,1997,65-74,share_agg_sspen_unalloc,0.4710,0.1489,524
1998,1997,65-74,share_agg_xkg_sspen_unalloc,0.5292,0.1677,524
1998,1997,65-74,pct_with_sspen_unalloc,2.2727,0.6502,524
1998,1997,65-74,share_agg_acctwd,0.0000,0.0000,524
1998,1997,65-74,share_agg_xkg_acctwd,0.0000,0.0000,524
1998,1997,65-74,pct_with_acctwd,0.0000,0.0000,524
1998,1997,65-74,share_agg_transfers,0.6975,0.3815,524
1998,1997,65-74,share_agg_xkg_transfers,0.7838,0.4291,524
1998,1997,65-74,pct_with_transfers,5.6670,0.9345,524
1998,1997,65-74,share_agg_other,1.5233,0.7017,524
1998,1997,65-74,share_agg_xkg_other,1.7117,0.7915,524
1998,1997,65-74,pct_with_other,4.0977,1.0421,524
1998,1997,65-74,share_agg_other_raw_uncapped,2.1591,1.1283,524
1998,1997,65-74,share_agg_ss_raw_uncapped_other,18.8217,1.2333,524
1998,1997,65-74,share_agg_ss_plus_pen_plus_unalloc,33.3711,1.9882,524
1998,1997,65-74,share_agg_pen_plus_acctwd,13.9561,1.1727,524
1998,1997,65-74,share_agg_xkg_pen_plus_acctwd,15.6819,1.2461,524
1998,1997,65-74,share_agg_comparable_other_plus_acctwd,2.2209,0.7790,524
1998,1997,65-74,pct_with_ss_or_pen_any,88.8498,1.4893,524
1998,1997,65-74,pct_with_pen_or_acctwd,45.7388,2.3735,524
1998,1997,65-74,pct_receiving_ss_now,90.8753,1.0661,524
1998,1997,65-74,pct_receiving_pension_now,48.3982,2.3022,524
1998,1997,65-74,pct_ss_ge50pct_of_income,37.2835,1.8262,524
1998,1997,65-74,pct_ss_ge90pct_of_income,19.2430,1.6715,524
1998,1997,65-74,mean_hh_share_ss,42.7468,1.4726,524
1998,1997,65-74,mean_hh_share_pen_plus_acctwd,18.1649,1.2766,524
1998,1997,65-74,mean_hh_share_wage,21.1858,1.5611,524
1998,1997,65-74,mean_hh_share_capital,14.3287,1.1029,524
1998,1997,65-74,mean_income_2022usd,88209.3422,4985.1796,524
1998,1997,65-74,pct_networth_ret,10.2151,0.7581,524
1998,1997,65-74,pct_networth_homeeq,21.4189,1.3501,524
1998,1997,65-74,pct_networth_othfin,41.2884,1.7319,524
1998,1997,65-74,pct_networth_othnfin,29.3089,1.8971,524
1998,1997,65-74,pct_networth_othdebt,-2.2313,0.3045,524
1998,1997,65-74,pct_assets_ret,9.7217,0.7161,524
1998,1997,65-74,pct_has_ret,46.1245,2.2114,524
1998,1997,65-74,pct_has_ira,42.6774,2.2961,524
1998,1997,65-74,pct_has_dcacct,6.9565,1.0925,524
1998,1997,65-74,pct_has_home,81.4669,1.4140,524
1998,1997,65-74,pct_has_db_receiving,48.3982,2.3022,524
1998,1997,65-74,pct_has_db_future_or_cj,50.9356,2.3923,524
1998,1997,65-74,pct_has_db_any,50.9356,2.3923,524
1998,1997,65-74,pct_db_only,24.3142,1.8929,524
1998,1997,65-74,pct_dc_only,19.5031,1.9617,524
1998,1997,65-74,pct_db_and_dc,26.6213,1.9298,524
1998,1997,65-74,pct_neither,29.5613,1.8868,524
1998,1997,65-74,mean_networth_2022usd,851091.0338,57005.9456,524
1998,1997,75+,share_agg_wage,5.5671,0.8678,380
1998,1997,75+,share_agg_xkg_wage,6.1756,0.9465,380
1998,1997,75+,pct_with_wage,9.6134,1.3665,380
1998,1997,75+,share_agg_bus,7.8606,1.6038,380
1998,1997,75+,share_agg_xkg_bus,8.7198,1.7666,380
1998,1997,75+,pct_with_bus,10.4831,1.3368,380
1998,1997,75+,share_agg_intdiv,17.8463,1.9885,380
1998,1997,75+,share_agg_xkg_intdiv,19.7968,2.2314,380
1998,1997,75+,pct_with_intdiv,46.3328,2.4051,380
1998,1997,75+,share_agg_kg,9.8529,2.0178,380
1998,1997,75+,pct_with_kg,13.5461,2.0679,380
1998,1997,75+,share_agg_ss,37.9140,1.8740,380
1998,1997,75+,share_agg_xkg_ss,42.0580,1.8611,380
1998,1997,75+,pct_with_ss,91.0588,1.4086,380
1998,1997,75+,share_agg_pen,19.9079,1.7053,380
1998,1997,75+,share_agg_xkg_pen,22.0837,1.7577,380
1998,1997,75+,pct_with_pen,42.2485,2.3846,380
1998,1997,75+,share_agg_sspen_unalloc,0.1985,0.2155,380
1998,1997,75+,share_agg_xkg_sspen_unalloc,0.2202,0.2390,380
1998,1997,75+,pct_with_sspen_unalloc,0.5124,0.3865,380
1998,1997,75+,share_agg_acctwd,0.0000,0.0000,380
1998,1997,75+,share_agg_xkg_acctwd,0.0000,0.0000,380
1998,1997,75+,pct_with_acctwd,0.0000,0.0000,380
1998,1997,75+,share_agg_transfers,0.3541,0.1330,380
1998,1997,75+,share_agg_xkg_transfers,0.3928,0.1475,380
1998,1997,75+,pct_with_transfers,3.4807,0.7316,380
1998,1997,75+,share_agg_other,0.4986,0.2764,380
1998,1997,75+,share_agg_xkg_other,0.5531,0.3071,380
1998,1997,75+,pct_with_other,3.4427,0.9169,380
1998,1997,75+,share_agg_other_raw_uncapped,0.9760,0.4983,380
1998,1997,75+,share_agg_ss_raw_uncapped_other,37.7321,1.9120,380
1998,1997,75+,share_agg_ss_plus_pen_plus_unalloc,58.0204,2.6023,380
1998,1997,75+,share_agg_pen_plus_acctwd,19.9079,1.7053,380
1998,1997,75+,share_agg_xkg_pen_plus_acctwd,22.0837,1.7577,380
1998,1997,75+,share_agg_comparable_other_plus_acctwd,0.8527,0.3023,380
1998,1997,75+,pct_with_ss_or_pen_any,94.6382,1.0979,380
1998,1997,75+,pct_with_pen_or_acctwd,42.2485,2.3846,380
1998,1997,75+,pct_receiving_ss_now,95.6336,0.8981,380
1998,1997,75+,pct_receiving_pension_now,43.9273,2.3766,380
1998,1997,75+,pct_ss_ge50pct_of_income,60.9146,2.6766,380
1998,1997,75+,pct_ss_ge90pct_of_income,31.2774,2.5300,380
1998,1997,75+,mean_hh_share_ss,60.3634,1.7363,380
1998,1997,75+,mean_hh_share_pen_plus_acctwd,17.0286,1.2922,380
1998,1997,75+,mean_hh_share_wage,3.1840,0.4823,380
1998,1997,75+,mean_hh_share_capital,17.1454,1.2545,380
1998,1997,75+,mean_income_2022usd,47228.5142,2350.4019,380
1998,1997,75+,pct_networth_ret,5.0056,1.6829,380
1998,1997,75+,pct_networth_homeeq,29.4204,2.1579,380
1998,1997,75+,pct_networth_othfin,43.0658,2.5576,380
1998,1997,75+,pct_networth_othnfin,23.3573,2.5998,380
1998,1997,75+,pct_networth_othdebt,-0.8491,0.2010,380
1998,1997,75+,pct_assets_ret,4.8977,1.6474,380
1998,1997,75+,pct_has_ret,16.7260,2.0645,380
1998,1997,75+,pct_has_ira,15.7623,2.0130,380
1998,1997,75+,pct_has_dcacct,1.1118,0.4219,380
1998,1997,75+,pct_has_home,76.9908,1.6249,380
1998,1997,75+,pct_has_db_receiving,43.9273,2.3766,380
1998,1997,75+,pct_has_db_future_or_cj,43.9998,2.3778,380
1998,1997,75+,pct_has_db_any,43.9998,2.3778,380
1998,1997,75+,pct_db_only,34.8885,2.4609,380
1998,1997,75+,pct_dc_only,7.6147,1.3947,380
1998,1997,75+,pct_db_and_dc,9.1114,1.4505,380
1998,1997,75+,pct_neither,48.3855,2.4022,380
1998,1997,75+,mean_networth_2022usd,565899.0572,44385.3368,380
2001,2000,all,share_agg_wage,68.5522,1.3915,4442
2001,2000,all,share_agg_xkg_wage,73.5169,0.7636,4442
2001,2000,all,pct_with_wage,77.2992,0.4447,4442
2001,2000,all,share_agg_bus,11.4473,0.6992,4442
2001,2000,all,share_agg_xkg_bus,12.2764,0.6819,4442
2001,2000,all,pct_with_bus,12.4271,0.4517,4442
2001,2000,all,share_agg_intdiv,4.1577,0.2450,4442
2001,2000,all,share_agg_xkg_intdiv,4.4588,0.2520,4442
2001,2000,all,pct_with_intdiv,33.5547,0.8189,4442
2001,2000,all,share_agg_kg,6.7531,1.7192,4442
2001,2000,all,pct_with_kg,10.8720,0.4134,4442
2001,2000,all,share_agg_ss,4.5045,0.1464,4442
2001,2000,all,share_agg_xkg_ss,4.8307,0.1282,4442
2001,2000,all,pct_with_ss,24.9871,0.2989,4442
2001,2000,all,share_agg_pen,2.8135,0.1577,4442
2001,2000,all,share_agg_xkg_pen,3.0173,0.1606,4442
2001,2000,all,pct_with_pen,13.6206,0.4652,4442
2001,2000,all,share_agg_sspen_unalloc,0.3146,0.0379,4442
2001,2000,all,share_agg_xkg_sspen_unalloc,0.3374,0.0400,4442
2001,2000,all,pct_with_sspen_unalloc,2.3190,0.1719,4442
2001,2000,all,share_agg_acctwd,0.0000,0.0000,4442
2001,2000,all,share_agg_xkg_acctwd,0.0000,0.0000,4442
2001,2000,all,pct_with_acctwd,0.0000,0.0000,4442
2001,2000,all,share_agg_transfers,0.8656,0.0639,4442
2001,2000,all,share_agg_xkg_transfers,0.9283,0.0681,4442
2001,2000,all,pct_with_transfers,14.2089,0.4790,4442
2001,2000,all,share_agg_other,0.5914,0.1291,4442
2001,2000,all,share_agg_xkg_other,0.6343,0.1375,4442
2001,2000,all,pct_with_other,2.6573,0.4215,4442
2001,2000,all,share_agg_other_raw_uncapped,0.7024,0.1366,4442
2001,2000,all,share_agg_ss_raw_uncapped_other,4.4995,0.1462,4442
2001,2000,all,share_agg_ss_plus_pen_plus_unalloc,7.6326,0.2562,4442
2001,2000,all,share_agg_pen_plus_acctwd,2.8135,0.1577,4442
2001,2000,all,share_agg_xkg_pen_plus_acctwd,3.0173,0.1606,4442
2001,2000,all,share_agg_comparable_other_plus_acctwd,1.4571,0.1489,4442
2001,2000,all,pct_with_ss_or_pen_any,30.5901,0.3857,4442
2001,2000,all,pct_with_pen_or_acctwd,13.6206,0.4652,4442
2001,2000,all,pct_receiving_ss_now,25.4967,0.2966,4442
2001,2000,all,pct_receiving_pension_now,14.4660,0.4634,4442
2001,2000,all,pct_ss_ge50pct_of_income,13.1427,0.4057,4442
2001,2000,all,pct_ss_ge90pct_of_income,6.5680,0.3073,4442
2001,2000,all,mean_hh_share_ss,14.1666,0.2807,4442
2001,2000,all,mean_hh_share_pen_plus_acctwd,4.9594,0.2095,4442
2001,2000,all,mean_hh_share_wage,67.7034,0.4057,4442
2001,2000,all,mean_hh_share_capital,8.3914,0.2389,4442
2001,2000,all,mean_income_2022usd,117854.6710,3154.5616,4442
2001,2000,all,pct_networth_ret,13.9299,0.5082,4442
2001,2000,all,pct_networth_homeeq,20.5370,0.4437,4442
2001,2000,all,pct_networth_othfin,34.4986,0.9382,4442
2001,2000,all,pct_networth_othnfin,34.4314,1.0916,4442
2001,2000,all,pct_networth_othdebt,-3.3969,0.1300,4442
2001,2000,all,pct_assets_ret,12.2502,0.4455,4442
2001,2000,all,pct_has_ret,52.7996,0.7016,4442
2001,2000,all,pct_has_ira,31.3340,0.5965,4442
2001,2000,all,pct_has_dcacct,34.9645,0.7053,4442
2001,2000,all,pct_has_home,67.6588,0.0250,4442
2001,2000,all,pct_has_db_receiving,14.4660,0.4634,4442
2001,2000,all,pct_has_db_future_or_cj,32.4223,0.8115,4442
2001,2000,all,pct_has_db_any,32.4223,0.8115,4442
2001,2000,all,pct_db_only,12.8649,0.4748,4442
2001,2000,all,pct_dc_only,33.2422,0.6904,4442
2001,2000,all,pct_db_and_dc,19.5574,0.6024,4442
2001,2000,all,pct_neither,34.3355,0.7065,4442
2001,2000,all,mean_networth_2022usd,665540.3065,10642.9715,4442
2001,2000,55-64,share_agg_wage,61.1625,2.7789,735
2001,2000,55-64,share_agg_xkg_wage,66.6336,2.6166,735
2001,2000,55-64,pct_with_wage,78.5858,1.5452,735
2001,2000,55-64,share_agg_bus,17.0289,2.5080,735
2001,2000,55-64,share_agg_xkg_bus,18.5522,2.5437,735
2001,2000,55-64,pct_with_bus,18.5469,1.3220,735
2001,2000,55-64,share_agg_intdiv,5.4104,0.5863,735
2001,2000,55-64,share_agg_xkg_intdiv,5.8944,0.5944,735
2001,2000,55-64,pct_with_intdiv,39.2641,1.8154,735
2001,2000,55-64,share_agg_kg,8.2108,2.8260,735
2001,2000,55-64,pct_with_kg,15.2910,1.3730,735
2001,2000,55-64,share_agg_ss,2.5632,0.2701,735
2001,2000,55-64,share_agg_xkg_ss,2.7925,0.2791,735
2001,2000,55-64,pct_with_ss,20.9018,1.3072,735
2001,2000,55-64,share_agg_pen,3.5616,0.4499,735
2001,2000,55-64,share_agg_xkg_pen,3.8802,0.4680,735
2001,2000,55-64,pct_with_pen,20.6770,1.3218,735
2001,2000,55-64,share_agg_sspen_unalloc,0.7120,0.1633,735
2001,2000,55-64,share_agg_xkg_sspen_unalloc,0.7757,0.1747,735
2001,2000,55-64,pct_with_sspen_unalloc,4.5190,0.7078,735
2001,2000,55-64,share_agg_acctwd,0.0000,0.0000,735
2001,2000,55-64,share_agg_xkg_acctwd,0.0000,0.0000,735
2001,2000,55-64,pct_with_acctwd,0.0000,0.0000,735
2001,2000,55-64,share_agg_transfers,0.4386,0.0941,735
2001,2000,55-64,share_agg_xkg_transfers,0.4778,0.1019,735
2001,2000,55-64,pct_with_transfers,9.3266,1.0802,735
2001,2000,55-64,share_agg_other,0.9121,0.6168,735
2001,2000,55-64,share_agg_xkg_other,0.9937,0.6625,735
2001,2000,55-64,pct_with_other,2.1520,0.4983,735
2001,2000,55-64,share_agg_other_raw_uncapped,1.1112,0.6242,735
2001,2000,55-64,share_agg_ss_raw_uncapped_other,2.5581,0.2692,735
2001,2000,55-64,share_agg_ss_plus_pen_plus_unalloc,6.8368,0.6347,735
2001,2000,55-64,share_agg_pen_plus_acctwd,3.5616,0.4499,735
2001,2000,55-64,share_agg_xkg_pen_plus_acctwd,3.8802,0.4680,735
2001,2000,55-64,share_agg_comparable_other_plus_acctwd,1.3506,0.6290,735
2001,2000,55-64,pct_with_ss_or_pen_any,36.9854,1.4524,735
2001,2000,55-64,pct_with_pen_or_acctwd,20.6770,1.3218,735
2001,2000,55-64,pct_receiving_ss_now,22.2800,1.3215,735
2001,2000,55-64,pct_receiving_pension_now,23.2329,1.4621,735
2001,2000,55-64,pct_ss_ge50pct_of_income,10.6716,1.2613,735
2001,2000,55-64,pct_ss_ge90pct_of_income,6.5608,1.1508,735
2001,2000,55-64,mean_hh_share_ss,11.7551,1.1111,735
2001,2000,55-64,mean_hh_share_pen_plus_acctwd,7.6228,0.6607,735
2001,2000,55-64,mean_hh_share_wage,65.1117,1.5030,735
2001,2000,55-64,mean_hh_share_capital,11.2511,0.7498,735
2001,2000,55-64,mean_income_2022usd,156311.6270,10846.6598,735
2001,2000,55-64,pct_networth_ret,16.1029,1.1308,735
2001,2000,55-64,pct_networth_homeeq,17.2188,0.8561,735
2001,2000,55-64,pct_networth_othfin,34.0883,1.9658,735
2001,2000,55-64,pct_networth_othnfin,34.9401,2.0120,735
2001,2000,55-64,pct_networth_othdebt,-2.3501,0.2100,735
2001,2000,55-64,pct_assets_ret,14.9519,1.0541,735
2001,2000,55-64,pct_has_ret,59.8003,1.7843,735
2001,2000,55-64,pct_has_ira,41.6552,2.0853,735
2001,2000,55-64,pct_has_dcacct,35.1318,1.8775,735
2001,2000,55-64,pct_has_home,83.1927,1.0584,735
2001,2000,55-64,pct_has_db_receiving,23.2329,1.4621,735
2001,2000,55-64,pct_has_db_future_or_cj,46.9748,1.7806,735
2001,2000,55-64,pct_has_db_any,46.9748,1.7806,735
2001,2000,55-64,pct_db_only,17.2670,1.4483,735
2001,2000,55-64,pct_dc_only,30.0926,1.7267,735
2001,2000,55-64,pct_db_and_dc,29.7077,1.6017,735
2001,2000,55-64,pct_neither,22.9327,1.4164,735
2001,2000,55-64,mean_networth_2022usd,1233588.0698,69286.0285,735
2001,2000,65+,share_agg_wage,21.0023,1.5536,908
2001,2000,65+,share_agg_xkg_wage,22.9158,1.7398,908
2001,2000,65+,pct_with_wage,26.1481,1.3052,908
2001,2000,65+,share_agg_bus,14.8095,1.3375,908
2001,2000,65+,share_agg_xkg_bus,16.1587,1.4116,908
2001,2000,65+,pct_with_bus,13.9273,1.0984,908
2001,2000,65+,share_agg_intdiv,12.4552,0.8975,908
2001,2000,65+,share_agg_xkg_intdiv,13.5899,0.9485,908
2001,2000,65+,pct_with_intdiv,47.3570,1.7681,908
2001,2000,65+,share_agg_kg,8.3500,1.2920,908
2001,2000,65+,pct_with_kg,13.9287,1.1574,908
2001,2000,65+,share_agg_ss,27.1759,1.1493,908
2001,2000,65+,share_agg_xkg_ss,29.6518,1.1286,908
2001,2000,65+,pct_with_ss,94.5641,0.6373,908
2001,2000,65+,share_agg_pen,14.1376,0.8837,908
2001,2000,65+,share_agg_xkg_pen,15.4256,0.9152,908
2001,2000,65+,pct_with_pen,44.3847,1.7267,908
2001,2000,65+,share_agg_sspen_unalloc,0.2604,0.1267,908
2001,2000,65+,share_agg_xkg_sspen_unalloc,0.2841,0.1379,908
2001,2000,65+,pct_with_sspen_unalloc,0.3732,0.1965,908
2001,2000,65+,share_agg_acctwd,0.0000,0.0000,908
2001,2000,65+,share_agg_xkg_acctwd,0.0000,0.0000,908
2001,2000,65+,pct_with_acctwd,0.0000,0.0000,908
2001,2000,65+,share_agg_transfers,0.2968,0.0568,908
2001,2000,65+,share_agg_xkg_transfers,0.3239,0.0611,908
2001,2000,65+,pct_with_transfers,5.3721,0.7057,908
2001,2000,65+,share_agg_other,1.5124,0.3367,908
2001,2000,65+,share_agg_xkg_other,1.6502,0.3658,908
2001,2000,65+,pct_with_other,3.3851,0.5666,908
2001,2000,65+,share_agg_other_raw_uncapped,1.6777,0.3522,908
2001,2000,65+,share_agg_ss_raw_uncapped_other,27.1302,1.1459,908
2001,2000,65+,share_agg_ss_plus_pen_plus_unalloc,41.5738,1.5522,908
2001,2000,65+,share_agg_pen_plus_acctwd,14.1376,0.8837,908
2001,2000,65+,share_agg_xkg_pen_plus_acctwd,15.4256,0.9152,908
2001,2000,65+,share_agg_comparable_other_plus_acctwd,1.8093,0.3354,908
2001,2000,65+,pct_with_ss_or_pen_any,97.3045,0.2904,908
2001,2000,65+,pct_with_pen_or_acctwd,44.3847,1.7267,908
2001,2000,65+,pct_receiving_ss_now,95.4194,0.5771,908
2001,2000,65+,pct_receiving_pension_now,44.5478,1.6985,908
2001,2000,65+,pct_ss_ge50pct_of_income,50.1358,1.7437,908
2001,2000,65+,pct_ss_ge90pct_of_income,24.2323,1.3330,908
2001,2000,65+,mean_hh_share_ss,53.5494,1.0797,908
2001,2000,65+,mean_hh_share_pen_plus_acctwd,16.2424,0.9021,908
2001,2000,65+,mean_hh_share_wage,12.6805,0.7741,908
2001,2000,65+,mean_hh_share_capital,14.8109,0.7415,908
2001,2000,65+,mean_income_2022usd,77590.1169,3109.3680,908
2001,2000,65+,pct_networth_ret,9.9969,0.7785,908
2001,2000,65+,pct_networth_homeeq,22.2792,0.7796,908
2001,2000,65+,pct_networth_othfin,40.5681,1.5920,908
2001,2000,65+,pct_networth_othnfin,28.2254,1.6752,908
2001,2000,65+,pct_networth_othdebt,-1.0696,0.1509,908
2001,2000,65+,pct_assets_ret,9.6741,0.7514,908
2001,2000,65+,pct_has_ret,36.5438,1.4967,908
2001,2000,65+,pct_has_ira,33.7448,1.4885,908
2001,2000,65+,pct_has_dcacct,6.4820,0.6930,908
2001,2000,65+,pct_has_home,79.4359,0.6684,908
2001,2000,65+,pct_has_db_receiving,44.5478,1.6985,908
2001,2000,65+,pct_has_db_future_or_cj,45.9784,1.6789,908
2001,2000,65+,pct_has_db_any,45.9784,1.6789,908
2001,2000,65+,pct_db_only,27.1428,1.5369,908
2001,2000,65+,pct_dc_only,17.7082,1.1547,908
2001,2000,65+,pct_db_and_dc,18.8356,1.1842,908
2001,2000,65+,pct_neither,36.3134,1.2896,908
2001,2000,65+,mean_networth_2022usd,961274.7851,39469.9018,908
2001,2000,65-74,share_agg_wage,26.0627,2.0834,500
2001,2000,65-74,share_agg_xkg_wage,28.5214,2.3735,500
2001,2000,65-74,pct_with_wage,36.1631,2.0953,500
2001,2000,65-74,share_agg_bus,18.2449,2.0979,500
2001,2000,65-74,share_agg_xkg_bus,19.9661,2.1389,500
2001,2000,65-74,pct_with_bus,17.7300,1.8484,500
2001,2000,65-74,share_agg_intdiv,9.2505,0.8095,500
2001,2000,65-74,share_agg_xkg_intdiv,10.1232,0.8926,500
2001,2000,65-74,pct_with_intdiv,44.9653,2.3524,500
2001,2000,65-74,share_agg_kg,8.6206,1.9039,500
2001,2000,65-74,pct_with_kg,14.7531,1.8269,500
2001,2000,65-74,share_agg_ss,22.3879,1.4072,500
2001,2000,65-74,share_agg_xkg_ss,24.5000,1.3920,500
2001,2000,65-74,pct_with_ss,93.0235,1.1542,500
2001,2000,65-74,share_agg_pen,13.0945,1.1134,500
2001,2000,65-74,share_agg_xkg_pen,14.3298,1.1565,500
2001,2000,65-74,pct_with_pen,43.3516,2.4465,500
2001,2000,65-74,share_agg_sspen_unalloc,0.2945,0.1670,500
2001,2000,65-74,share_agg_xkg_sspen_unalloc,0.3223,0.1808,500
2001,2000,65-74,pct_with_sspen_unalloc,0.4466,0.2709,500
2001,2000,65-74,share_agg_acctwd,0.0000,0.0000,500
2001,2000,65-74,share_agg_xkg_acctwd,0.0000,0.0000,500
2001,2000,65-74,pct_with_acctwd,0.0000,0.0000,500
2001,2000,65-74,share_agg_transfers,0.3740,0.1072,500
2001,2000,65-74,share_agg_xkg_transfers,0.4093,0.1154,500
2001,2000,65-74,pct_with_transfers,6.0930,1.1351,500
2001,2000,65-74,share_agg_other,1.6704,0.5108,500
2001,2000,65-74,share_agg_xkg_other,1.8280,0.5528,500
2001,2000,65-74,pct_with_other,3.5461,0.8141,500
2001,2000,65-74,share_agg_other_raw_uncapped,1.8508,0.5332,500
2001,2000,65-74,share_agg_ss_raw_uncapped_other,22.3469,1.4013,500
2001,2000,65-74,share_agg_ss_plus_pen_plus_unalloc,35.7769,1.9693,500
2001,2000,65-74,share_agg_pen_plus_acctwd,13.0945,1.1134,500
2001,2000,65-74,share_agg_xkg_pen_plus_acctwd,14.3298,1.1565,500
2001,2000,65-74,share_agg_comparable_other_plus_acctwd,2.0445,0.5159,500
2001,2000,65-74,pct_with_ss_or_pen_any,95.9499,0.8561,500
2001,2000,65-74,pct_with_pen_or_acctwd,43.3516,2.4465,500
2001,2000,65-74,pct_receiving_ss_now,94.7050,1.2261,500
2001,2000,65-74,pct_receiving_pension_now,43.6722,2.4065,500
2001,2000,65-74,pct_ss_ge50pct_of_income,41.3193,2.7749,500
2001,2000,65-74,pct_ss_ge90pct_of_income,21.7744,1.9814,500
2001,2000,65-74,mean_hh_share_ss,47.9645,1.8849,500
2001,2000,65-74,mean_hh_share_pen_plus_acctwd,16.0209,1.2198,500
2001,2000,65-74,mean_hh_share_wage,18.5709,1.3333,500
2001,2000,65-74,mean_hh_share_capital,14.6475,0.9446,500
2001,2000,65-74,mean_income_2022usd,94531.9653,5654.2189,500
2001,2000,65-74,pct_networth_ret,11.6637,1.0846,500
2001,2000,65-74,pct_networth_homeeq,19.5889,0.8439,500
2001,2000,65-74,pct_networth_othfin,34.8105,2.0433,500
2001,2000,65-74,pct_networth_othnfin,35.2598,2.3374,500
2001,2000,65-74,pct_networth_othdebt,-1.3228,0.2297,500
2001,2000,65-74,pct_assets_ret,11.1718,1.0331,500
2001,2000,65-74,pct_has_ret,45.0944,2.4176,500
2001,2000,65-74,pct_has_ira,41.5918,2.4033,500
2001,2000,65-74,pct_has_dcacct,8.8678,0.9501,500
2001,2000,65-74,pct_has_home,82.5326,1.4272,500
2001,2000,65-74,pct_has_db_receiving,43.6722,2.4065,500
2001,2000,65-74,pct_has_db_future_or_cj,45.9515,2.4398,500
2001,2000,65-74,pct_has_db_any,45.9515,2.4398,500
2001,2000,65-74,pct_db_only,23.2139,2.1289,500
2001,2000,65-74,pct_dc_only,22.3568,1.8425,500
2001,2000,65-74,pct_db_and_dc,22.7376,1.8817,500
2001,2000,65-74,pct_neither,31.6917,1.9723,500
2001,2000,65-74,mean_networth_2022usd,1132722.2824,65635.8933,500
2001,2000,75+,share_agg_wage,12.7553,2.0714,408
2001,2000,75+,share_agg_xkg_wage,13.8507,2.2034,408
2001,2000,75+,pct_with_wage,15.7798,1.7233,408
2001,2000,75+,share_agg_bus,9.2108,1.5273,408
2001,2000,75+,share_agg_xkg_bus,10.0018,1.6440,408
2001,2000,75+,pct_with_bus,9.9906,1.2327,408
2001,2000,75+,share_agg_intdiv,17.6779,1.8821,408
2001,2000,75+,share_agg_xkg_intdiv,19.1962,2.0234,408
2001,2000,75+,pct_with_intdiv,49.8329,2.5995,408
2001,2000,75+,share_agg_kg,7.9089,1.6000,408
2001,2000,75+,pct_with_kg,13.0752,1.5888,408
2001,2000,75+,share_agg_ss,34.9789,1.6253,408
2001,2000,75+,share_agg_xkg_ss,37.9829,1.7451,408
2001,2000,75+,pct_with_ss,96.1590,0.9152,408
2001,2000,75+,share_agg_pen,15.8375,1.5673,408
2001,2000,75+,share_agg_xkg_pen,17.1976,1.6639,408
2001,2000,75+,pct_with_pen,45.4542,2.2815,408
2001,2000,75+,share_agg_sspen_unalloc,0.2048,0.2092,408
2001,2000,75+,share_agg_xkg_sspen_unalloc,0.2224,0.2264,408
2001,2000,75+,pct_with_sspen_unalloc,0.2972,0.3057,408
2001,2000,75+,share_agg_acctwd,0.0000,0.0000,408
2001,2000,75+,share_agg_xkg_acctwd,0.0000,0.0000,408
2001,2000,75+,pct_with_acctwd,0.0000,0.0000,408
2001,2000,75+,share_agg_transfers,0.1710,0.0806,408
2001,2000,75+,share_agg_xkg_transfers,0.1857,0.0870,408
2001,2000,75+,pct_with_transfers,4.6257,0.9710,408
2001,2000,75+,share_agg_other,1.2549,0.3176,408
2001,2000,75+,share_agg_xkg_other,1.3627,0.3461,408
2001,2000,75+,pct_with_other,3.2183,0.7603,408
2001,2000,75+,share_agg_other_raw_uncapped,1.3956,0.3473,408
2001,2000,75+,share_agg_ss_raw_uncapped_other,34.9291,1.6183,408
2001,2000,75+,share_agg_ss_plus_pen_plus_unalloc,51.0212,2.1227,408
2001,2000,75+,share_agg_pen_plus_acctwd,15.8375,1.5673,408
2001,2000,75+,share_agg_xkg_pen_plus_acctwd,17.1976,1.6639,408
2001,2000,75+,share_agg_comparable_other_plus_acctwd,1.4259,0.3282,408
2001,2000,75+,pct_with_ss_or_pen_any,98.7070,0.5531,408
2001,2000,75+,pct_with_pen_or_acctwd,45.4542,2.2815,408
2001,2000,75+,pct_receiving_ss_now,96.1590,0.9152,408
2001,2000,75+,pct_receiving_pension_now,45.4542,2.2815,408
2001,2000,75+,pct_ss_ge50pct_of_income,59.2632,2.4195,408
2001,2000,75+,pct_ss_ge90pct_of_income,26.7768,2.0811,408
2001,2000,75+,mean_hh_share_ss,59.3468,1.6598,408
2001,2000,75+,mean_hh_share_pen_plus_acctwd,16.4723,1.2660,408
2001,2000,75+,mean_hh_share_wage,6.5661,0.8704,408
2001,2000,75+,mean_hh_share_capital,14.9804,1.1428,408
2001,2000,75+,mean_income_2022usd,60050.6500,2874.4771,408
2001,2000,75+,pct_networth_ret,7.5032,1.1424,408
2001,2000,75+,pct_networth_homeeq,26.3043,1.4196,408
2001,2000,75+,pct_networth_othfin,49.1825,2.5115,408
2001,2000,75+,pct_networth_othnfin,17.7008,2.0245,408
2001,2000,75+,pct_networth_othdebt,-0.6908,0.1385,408
2001,2000,75+,pct_assets_ret,7.3748,1.1219,408
2001,2000,75+,pct_has_ret,27.6915,1.8790,408
2001,2000,75+,pct_has_ira,25.6210,1.9421,408
2001,2000,75+,pct_has_dcacct,4.0120,0.8780,408
2001,2000,75+,pct_has_home,76.2300,1.4526,408
2001,2000,75+,pct_has_db_receiving,45.4542,2.2815,408
2001,2000,75+,pct_has_db_future_or_cj,46.0062,2.2655,408
2001,2000,75+,pct_has_db_any,46.0062,2.2655,408
2001,2000,75+,pct_db_only,31.2102,2.1482,408
2001,2000,75+,pct_dc_only,12.8956,1.5296,408
2001,2000,75+,pct_db_and_dc,14.7960,1.6077,408
2001,2000,75+,pct_neither,41.0982,1.7477,408
2001,2000,75+,mean_networth_2022usd,783779.5286,55174.1309,408
2004,2003,all,share_agg_wage,69.6713,0.7283,4519
2004,2003,all,share_agg_xkg_wage,71.9264,0.6629,4519
2004,2003,all,pct_with_wage,75.6268,0.4273,4519
2004,2003,all,share_agg_bus,11.0872,0.5665,4519
2004,2003,all,share_agg_xkg_bus,11.4461,0.5826,4519
2004,2003,all,pct_with_bus,14.0662,0.5146,4519
2004,2003,all,share_agg_intdiv,3.4748,0.1386,4519
2004,2003,all,share_agg_xkg_intdiv,3.5872,0.1460,4519
2004,2003,all,pct_with_intdiv,28.9379,0.8112,4519
2004,2003,all,share_agg_kg,3.1354,0.4464,4519
2004,2003,all,pct_with_kg,7.1597,0.4011,4519
2004,2003,all,share_agg_ss,5.3012,0.1310,4519
2004,2003,all,share_agg_xkg_ss,5.4728,0.1315,4519
2004,2003,all,pct_with_ss,25.7539,0.3070,4519
2004,2003,all,share_agg_pen,4.2687,0.1910,4519
2004,2003,all,share_agg_xkg_pen,4.4068,0.1968,4519
2004,2003,all,pct_with_pen,16.4314,0.4174,4519
2004,2003,all,share_agg_sspen_unalloc,0.1985,0.0355,4519
2004,2003,all,share_agg_xkg_sspen_unalloc,0.2049,0.0367,4519
2004,2003,all,pct_with_sspen_unalloc,1.3169,0.1484,4519
2004,2003,all,share_agg_acctwd,1.0986,0.1244,4519
2004,2003,all,share_agg_xkg_acctwd,1.1341,0.1284,4519
2004,2003,all,pct_with_acctwd,6.2218,0.3664,4519
2004,2003,all,share_agg_transfers,1.2213,0.0621,4519
2004,2003,all,share_agg_xkg_transfers,1.2609,0.0643,4519
2004,2003,all,pct_with_transfers,16.8026,0.5129,4519
2004,2003,all,share_agg_other,0.5431,0.1227,4519
2004,2003,all,share_agg_xkg_other,0.5606,0.1267,4519
2004,2003,all,pct_with_other,5.2344,0.2718,4519
2004,2003,all,share_agg_other_raw_uncapped,0.5637,0.1264,4519
2004,2003,all,share_agg_ss_raw_uncapped_other,5.3001,0.1310,4519
2004,2003,all,share_agg_ss_plus_pen_plus_unalloc,9.7684,0.2572,4519
2004,2003,all,share_agg_pen_plus_acctwd,5.3672,0.2371,4519
2004,2003,all,share_agg_xkg_pen_plus_acctwd,5.5410,0.2440,4519
2004,2003,all,share_agg_comparable_other_plus_acctwd,2.8630,0.1812,4519
2004,2003,all,pct_with_ss_or_pen_any,31.1908,0.3728,4519
2004,2003,all,pct_with_pen_or_acctwd,19.4946,0.4456,4519
2004,2003,all,pct_receiving_ss_now,26.0700,0.3134,4519
2004,2003,all,pct_receiving_pension_now,16.8743,0.4158,4519
2004,2003,all,pct_ss_ge50pct_of_income,13.2851,0.3163,4519
2004,2003,all,pct_ss_ge90pct_of_income,5.6501,0.2926,4519
2004,2003,all,mean_hh_share_ss,14.0889,0.2275,4519
2004,2003,all,mean_hh_share_pen_plus_acctwd,7.2247,0.2347,4519
2004,2003,all,mean_hh_share_wage,65.6250,0.4356,4519
2004,2003,all,mean_hh_share_capital,7.5850,0.2777,4519
2004,2003,all,mean_income_2022usd,110760.1592,1800.3043,4519
2004,2003,all,pct_networth_ret,13.6682,0.4427,4519
2004,2003,all,pct_networth_homeeq,24.7391,0.5344,4519
2004,2003,all,pct_networth_othfin,28.4894,0.7442,4519
2004,2003,all,pct_networth_othnfin,37.4943,0.9314,4519
2004,2003,all,pct_networth_othdebt,-4.3909,0.1981,4519
2004,2003,all,pct_assets_ret,11.6218,0.3758,4519
2004,2003,all,pct_has_ret,49.8720,0.9467,4519
2004,2003,all,pct_has_ira,29.0164,0.8037,4519
2004,2003,all,pct_has_dcacct,34.0180,0.8110,4519
2004,2003,all,pct_has_home,69.0528,0.0756,4519
2004,2003,all,pct_has_db_receiving,16.8743,0.4158,4519
2004,2003,all,pct_has_db_future_or_cj,32.5661,0.7001,4519
2004,2003,all,pct_has_db_any,33.7450,0.6689,4519
2004,2003,all,pct_db_only,14.4260,0.5185,4519
2004,2003,all,pct_dc_only,30.5531,0.7577,4519
2004,2003,all,pct_db_and_dc,19.3190,0.6280,4519
2004,2003,all,pct_neither,35.7019,0.8854,4519
2004,2003,all,mean_networth_2022usd,705714.2230,15288.3854,4519
2004,2003,55-64,share_agg_wage,64.9871,1.7589,919
2004,2003,55-64,share_agg_xkg_wage,67.9081,1.6044,919
2004,2003,55-64,pct_with_wage,75.5432,1.3441,919
2004,2003,55-64,share_agg_bus,14.9108,1.2505,919
2004,2003,55-64,share_agg_xkg_bus,15.5810,1.2867,919
2004,2003,55-64,pct_with_bus,20.8352,1.1610,919
2004,2003,55-64,share_agg_intdiv,5.1944,0.4348,919
2004,2003,55-64,share_agg_xkg_intdiv,5.4278,0.4629,919
2004,2003,55-64,pct_with_intdiv,38.7834,1.7135,919
2004,2003,55-64,share_agg_kg,4.3014,1.1481,919
2004,2003,55-64,pct_with_kg,9.5406,0.9984,919
2004,2003,55-64,share_agg_ss,2.6065,0.2465,919
2004,2003,55-64,share_agg_xkg_ss,2.7236,0.2576,919
2004,2003,55-64,pct_with_ss,21.5115,1.5852,919
2004,2003,55-64,share_agg_pen,5.6259,0.5002,919
2004,2003,55-64,share_agg_xkg_pen,5.8788,0.5262,919
2004,2003,55-64,pct_with_pen,24.3117,1.2212,919
2004,2003,55-64,share_agg_sspen_unalloc,0.4561,0.1420,919
2004,2003,55-64,share_agg_xkg_sspen_unalloc,0.4766,0.1488,919
2004,2003,55-64,pct_with_sspen_unalloc,2.6198,0.4836,919
2004,2003,55-64,share_agg_acctwd,1.0795,0.2929,919
2004,2003,55-64,share_agg_xkg_acctwd,1.1280,0.3075,919
2004,2003,55-64,pct_with_acctwd,4.9336,0.9105,919
2004,2003,55-64,share_agg_transfers,0.6414,0.0830,919
2004,2003,55-64,share_agg_xkg_transfers,0.6702,0.0867,919
2004,2003,55-64,pct_with_transfers,12.1018,0.9944,919
2004,2003,55-64,share_agg_other,0.1970,0.1265,919
2004,2003,55-64,share_agg_xkg_other,0.2059,0.1326,919
2004,2003,55-64,pct_with_other,3.9234,0.6389,919
2004,2003,55-64,share_agg_other_raw_uncapped,0.2044,0.1269,919
2004,2003,55-64,share_agg_ss_raw_uncapped_other,2.6063,0.2464,919
2004,2003,55-64,share_agg_ss_plus_pen_plus_unalloc,8.6885,0.6724,919
2004,2003,55-64,share_agg_pen_plus_acctwd,6.7054,0.6031,919
2004,2003,55-64,share_agg_xkg_pen_plus_acctwd,7.0068,0.6354,919
2004,2003,55-64,share_agg_comparable_other_plus_acctwd,1.9179,0.3248,919
2004,2003,55-64,pct_with_ss_or_pen_any,39.4646,1.7062,919
2004,2003,55-64,pct_with_pen_or_acctwd,27.8574,1.4135,919
2004,2003,55-64,pct_receiving_ss_now,22.6245,1.5709,919
2004,2003,55-64,pct_receiving_pension_now,25.6150,1.2712,919
2004,2003,55-64,pct_ss_ge50pct_of_income,10.7601,1.0214,919
2004,2003,55-64,pct_ss_ge90pct_of_income,5.7768,0.6336,919
2004,2003,55-64,mean_hh_share_ss,11.5802,0.8930,919
2004,2003,55-64,mean_hh_share_pen_plus_acctwd,10.6381,0.8464,919
2004,2003,55-64,mean_hh_share_wage,61.6335,1.4838,919
2004,2003,55-64,mean_hh_share_capital,11.3874,0.6813,919
2004,2003,55-64,mean_income_2022usd,155270.3210,5696.0764,919
2004,2003,55-64,pct_networth_ret,16.2164,1.0043,919
2004,2003,55-64,pct_networth_homeeq,22.6628,0.8541,919
2004,2003,55-64,pct_networth_othfin,27.9345,1.4442,919
2004,2003,55-64,pct_networth_othnfin,36.3292,1.8212,919
2004,2003,55-64,pct_networth_othdebt,-3.1429,0.4630,919
2004,2003,55-64,pct_assets_ret,14.7090,0.9078,919
2004,2003,55-64,pct_has_ret,63.4741,1.6213,919
2004,2003,55-64,pct_has_ira,43.8574,1.7695,919
2004,2003,55-64,pct_has_dcacct,41.4127,1.7485,919
2004,2003,55-64,pct_has_home,79.1169,0.9828,919
2004,2003,55-64,pct_has_db_receiving,25.6150,1.2712,919
2004,2003,55-64,pct_has_db_future_or_cj,42.8756,1.5964,919
2004,2003,55-64,pct_has_db_any,44.8222,1.5856,919
2004,2003,55-64,pct_db_only,13.8406,1.0548,919
2004,2003,55-64,pct_dc_only,32.4925,1.5294,919
2004,2003,55-64,pct_db_and_dc,30.9816,1.7387,919
2004,2003,55-64,pct_neither,22.6853,1.3639,919
2004,2003,55-64,mean_networth_2022usd,1331311.5846,60593.4664,919
2004,2003,65+,share_agg_wage,20.2101,1.2648,881
2004,2003,65+,share_agg_xkg_wage,21.0426,1.3095,881
2004,2003,65+,pct_with_wage,27.8236,1.3573,881
2004,2003,65+,share_agg_bus,11.4480,1.0309,881
2004,2003,65+,share_agg_xkg_bus,11.9195,1.0764,881
2004,2003,65+,pct_with_bus,14.0199,1.1856,881
2004,2003,65+,share_agg_intdiv,9.2742,0.6639,881
2004,2003,65+,share_agg_xkg_intdiv,9.6562,0.7048,881
2004,2003,65+,pct_with_intdiv,38.2519,1.8423,881
2004,2003,65+,share_agg_kg,3.9561,1.0248,881
2004,2003,65+,pct_with_kg,8.3419,0.9937,881
2004,2003,65+,share_agg_ss,30.5597,0.9852,881
2004,2003,65+,share_agg_xkg_ss,31.8185,0.9526,881
2004,2003,65+,pct_with_ss,96.8823,0.4302,881
2004,2003,65+,share_agg_pen,18.7432,0.9751,881
2004,2003,65+,share_agg_xkg_pen,19.5153,0.9771,881
2004,2003,65+,pct_with_pen,51.9724,1.8041,881
2004,2003,65+,share_agg_sspen_unalloc,0.0065,0.0077,881
2004,2003,65+,share_agg_xkg_sspen_unalloc,0.0068,0.0080,881
2004,2003,65+,pct_with_sspen_unalloc,0.0088,0.0079,881
2004,2003,65+,share_agg_acctwd,4.9951,0.6344,881
2004,2003,65+,share_agg_xkg_acctwd,5.2009,0.6569,881
2004,2003,65+,pct_with_acctwd,21.3295,1.3669,881
2004,2003,65+,share_agg_transfers,0.4692,0.0745,881
2004,2003,65+,share_agg_xkg_transfers,0.4885,0.0771,881
2004,2003,65+,pct_with_transfers,8.0424,0.8646,881
2004,2003,65+,share_agg_other,0.3377,0.2378,881
2004,2003,65+,share_agg_xkg_other,0.3516,0.2482,881
2004,2003,65+,pct_with_other,2.5579,0.5887,881
2004,2003,65+,share_agg_other_raw_uncapped,0.3624,0.2384,881
2004,2003,65+,share_agg_ss_raw_uncapped_other,30.5522,0.9849,881
2004,2003,65+,share_agg_ss_plus_pen_plus_unalloc,49.3095,1.5469,881
2004,2003,65+,share_agg_pen_plus_acctwd,23.7383,1.1649,881
2004,2003,65+,share_agg_xkg_pen_plus_acctwd,24.7161,1.1557,881
2004,2003,65+,share_agg_comparable_other_plus_acctwd,5.8020,0.6773,881
2004,2003,65+,pct_with_ss_or_pen_any,98.3126,0.2891,881
2004,2003,65+,pct_with_pen_or_acctwd,59.5108,1.9801,881
2004,2003,65+,pct_receiving_ss_now,97.2028,0.4373,881
2004,2003,65+,pct_receiving_pension_now,51.9780,1.8040,881
2004,2003,65+,pct_ss_ge50pct_of_income,50.0417,1.2921,881
2004,2003,65+,pct_ss_ge90pct_of_income,19.7223,1.3263,881
2004,2003,65+,mean_hh_share_ss,52.9299,0.7939,881
2004,2003,65+,mean_hh_share_pen_plus_acctwd,22.9935,0.9714,881
2004,2003,65+,mean_hh_share_wage,12.3447,0.7088,881
2004,2003,65+,mean_hh_share_capital,9.7674,0.6909,881
2004,2003,65+,mean_income_2022usd,76497.3742,2543.1084,881
2004,2003,65+,pct_networth_ret,10.2208,0.8633,881
2004,2003,65+,pct_networth_homeeq,27.2394,1.1978,881
2004,2003,65+,pct_networth_othfin,36.3549,1.6213,881
2004,2003,65+,pct_networth_othnfin,28.0632,1.6895,881
2004,2003,65+,pct_networth_othdebt,-1.8783,0.2630,881
2004,2003,65+,pct_assets_ret,9.7492,0.8253,881
2004,2003,65+,pct_has_ret,36.1351,1.8026,881
2004,2003,65+,pct_has_ira,31.3796,1.6988,881
2004,2003,65+,pct_has_dcacct,9.1446,0.9963,881
2004,2003,65+,pct_has_home,83.2797,0.7220,881
2004,2003,65+,pct_has_db_receiving,51.9780,1.8040,881
2004,2003,65+,pct_has_db_future_or_cj,53.3929,1.7748,881
2004,2003,65+,pct_has_db_any,54.1364,1.7688,881
2004,2003,65+,pct_db_only,30.8342,1.6002,881
2004,2003,65+,pct_dc_only,12.8329,1.1415,881
2004,2003,65+,pct_db_and_dc,23.3022,1.5082,881
2004,2003,65+,pct_neither,33.0306,2.0164,881
2004,2003,65+,mean_networth_2022usd,955590.0112,44835.8417,881
2004,2003,65-74,share_agg_wage,27.9582,1.8154,516
2004,2003,65-74,share_agg_xkg_wage,28.6557,1.8454,516
2004,2003,65-74,pct_with_wage,42.7301,2.0096,516
2004,2003,65-74,share_agg_bus,13.8149,1.4668,516
2004,2003,65-74,share_agg_xkg_bus,14.1596,1.5049,516
2004,2003,65-74,pct_with_bus,16.0583,1.6268,516
2004,2003,65-74,share_agg_intdiv,7.5313,0.7515,516
2004,2003,65-74,share_agg_xkg_intdiv,7.7192,0.7741,516
2004,2003,65-74,pct_with_intdiv,38.3099,1.9647,516
2004,2003,65-74,share_agg_kg,2.4343,1.3511,516
2004,2003,65-74,pct_with_kg,8.6548,1.3026,516
2004,2003,65-74,share_agg_ss,25.9608,1.1121,516
2004,2003,65-74,share_agg_xkg_ss,26.6086,1.0195,516
2004,2003,65-74,pct_with_ss,95.7407,0.8476,516
2004,2003,65-74,share_agg_pen,16.7142,1.2428,516
2004,2003,65-74,share_agg_xkg_pen,17.1312,1.2248,516
2004,2003,65-74,pct_with_pen,49.4012,2.0923,516
2004,2003,65-74,share_agg_sspen_unalloc,0.0111,0.0129,516
2004,2003,65-74,share_agg_xkg_sspen_unalloc,0.0114,0.0133,516
2004,2003,65-74,pct_with_sspen_unalloc,0.0178,0.0160,516
2004,2003,65-74,share_agg_acctwd,4.6314,0.5929,516
2004,2003,65-74,share_agg_xkg_acctwd,4.7469,0.6115,516
2004,2003,65-74,pct_with_acctwd,22.5087,1.6657,516
2004,2003,65-74,share_agg_transfers,0.4683,0.0850,516
2004,2003,65-74,share_agg_xkg_transfers,0.4800,0.0865,516
2004,2003,65-74,pct_with_transfers,9.4700,0.9701,516
2004,2003,65-74,share_agg_other,0.4755,0.3929,516
2004,2003,65-74,share_agg_xkg_other,0.4874,0.4028,516
2004,2003,65-74,pct_with_other,2.8557,0.8959,516
2004,2003,65-74,share_agg_other_raw_uncapped,0.5117,0.3934,516
2004,2003,65-74,share_agg_ss_raw_uncapped_other,25.9514,1.1113,516
2004,2003,65-74,share_agg_ss_plus_pen_plus_unalloc,42.6861,1.8649,516
2004,2003,65-74,share_agg_pen_plus_acctwd,21.3455,1.3501,516
2004,2003,65-74,share_agg_xkg_pen_plus_acctwd,21.8781,1.3299,516
2004,2003,65-74,share_agg_comparable_other_plus_acctwd,5.5752,0.7094,516
2004,2003,65-74,pct_with_ss_or_pen_any,97.8807,0.6148,516
2004,2003,65-74,pct_with_pen_or_acctwd,58.1350,2.2311,516
2004,2003,65-74,pct_receiving_ss_now,96.3888,0.8594,516
2004,2003,65-74,pct_receiving_pension_now,49.4124,2.0922,516
2004,2003,65-74,pct_ss_ge50pct_of_income,40.6389,2.1974,516
2004,2003,65-74,pct_ss_ge90pct_of_income,14.4391,1.4925,516
2004,2003,65-74,mean_hh_share_ss,46.4737,1.2951,516
2004,2003,65-74,mean_hh_share_pen_plus_acctwd,22.1645,1.1375,516
2004,2003,65-74,mean_hh_share_wage,20.1925,1.2116,516
2004,2003,65-74,mean_hh_share_capital,9.3524,0.7569,516
2004,2003,65-74,mean_income_2022usd,91348.7611,3783.2542,516
2004,2003,65-74,pct_networth_ret,13.0459,1.1283,516
2004,2003,65-74,pct_networth_homeeq,23.3598,1.3515,516
2004,2003,65-74,pct_networth_othfin,33.7425,2.2428,516
2004,2003,65-74,pct_networth_othnfin,31.7389,2.3640,516
2004,2003,65-74,pct_networth_othdebt,-1.8870,0.2646,516
2004,2003,65-74,pct_assets_ret,12.3714,1.0654,516
2004,2003,65-74,pct_has_ret,43.2221,2.0671,516
2004,2003,65-74,pct_has_ira,36.3739,1.8735,516
2004,2003,65-74,pct_has_dcacct,13.2372,1.4766,516
2004,2003,65-74,pct_has_home,81.3262,1.2873,516
2004,2003,65-74,pct_has_db_receiving,49.4124,2.0922,516
2004,2003,65-74,pct_has_db_future_or_cj,52.2357,1.9024,516
2004,2003,65-74,pct_has_db_any,52.9073,1.8868,516
2004,2003,65-74,pct_db_only,25.5592,2.0194,516
2004,2003,65-74,pct_dc_only,15.8741,1.7075,516
2004,2003,65-74,pct_db_and_dc,27.3481,1.7768,516
2004,2003,65-74,pct_neither,31.2187,2.2978,516
2004,2003,65-74,mean_networth_2022usd,1087185.0185,70671.7744,516
2004,2003,75+,share_agg_wage,9.0399,1.6061,365
2004,2003,75+,share_agg_xkg_wage,9.6323,1.6904,365
2004,2003,75+,pct_with_wage,13.2442,1.5025,365
2004,2003,75+,share_agg_bus,8.0357,1.1062,365
2004,2003,75+,share_agg_xkg_bus,8.5622,1.1739,365
2004,2003,75+,pct_with_bus,12.0263,1.5615,365
2004,2003,75+,share_agg_intdiv,11.7870,1.2580,365
2004,2003,75+,share_agg_xkg_intdiv,12.5594,1.3968,365
2004,2003,75+,pct_with_intdiv,38.1952,2.9568,365
2004,2003,75+,share_agg_kg,6.1500,1.6314,365
2004,2003,75+,pct_with_kg,8.0360,1.3354,365
2004,2003,75+,share_agg_ss,37.1899,1.6939,365
2004,2003,75+,share_agg_xkg_ss,39.6270,1.8013,365
2004,2003,75+,pct_with_ss,97.9989,0.7628,365
2004,2003,75+,share_agg_pen,21.6685,1.5313,365
2004,2003,75+,share_agg_xkg_pen,23.0884,1.5494,365
2004,2003,75+,pct_with_pen,54.4872,2.7217,365
2004,2003,75+,share_agg_sspen_unalloc,0.0000,0.0000,365
2004,2003,75+,share_agg_xkg_sspen_unalloc,0.0000,0.0000,365
2004,2003,75+,pct_with_sspen_unalloc,0.0000,0.0000,365
2004,2003,75+,share_agg_acctwd,5.5195,1.3207,365
2004,2003,75+,share_agg_xkg_acctwd,5.8812,1.3956,365
2004,2003,75+,pct_with_acctwd,20.1763,2.0011,365
2004,2003,75+,share_agg_transfers,0.4705,0.1499,365
2004,2003,75+,share_agg_xkg_transfers,0.5013,0.1579,365
2004,2003,75+,pct_with_transfers,6.6461,1.4095,365
2004,2003,75+,share_agg_other,0.1390,0.0987,365
2004,2003,75+,share_agg_xkg_other,0.1481,0.1045,365
2004,2003,75+,pct_with_other,2.2667,0.7841,365
2004,2003,75+,share_agg_other_raw_uncapped,0.1471,0.0988,365
2004,2003,75+,share_agg_ss_raw_uncapped_other,37.1869,1.6938,365
2004,2003,75+,share_agg_ss_plus_pen_plus_unalloc,58.8584,2.4488,365
2004,2003,75+,share_agg_pen_plus_acctwd,27.1880,2.0105,365
2004,2003,75+,share_agg_xkg_pen_plus_acctwd,28.9697,2.0044,365
2004,2003,75+,share_agg_comparable_other_plus_acctwd,6.1290,1.3292,365
2004,2003,75+,pct_with_ss_or_pen_any,98.7351,0.6835,365
2004,2003,75+,pct_with_pen_or_acctwd,60.8564,2.6393,365
2004,2003,75+,pct_receiving_ss_now,97.9989,0.7628,365
2004,2003,75+,pct_receiving_pension_now,54.4872,2.7217,365
2004,2003,75+,pct_ss_ge50pct_of_income,59.2381,2.2013,365
2004,2003,75+,pct_ss_ge90pct_of_income,24.8896,1.8509,365
2004,2003,75+,mean_hh_share_ss,59.1765,1.2366,365
2004,2003,75+,mean_hh_share_pen_plus_acctwd,23.7957,1.4794,365
2004,2003,75+,mean_hh_share_wage,4.7517,0.6607,365
2004,2003,75+,mean_hh_share_capital,10.1690,1.0743,365
2004,2003,75+,mean_income_2022usd,61971.9062,3289.7677,365
2004,2003,75+,pct_networth_ret,6.5878,1.2131,365
2004,2003,75+,pct_networth_homeeq,32.2283,2.0922,365
2004,2003,75+,pct_networth_othfin,39.7143,2.2059,365
2004,2003,75+,pct_networth_othnfin,23.3366,2.3443,365
2004,2003,75+,pct_networth_othdebt,-1.8670,0.5211,365
2004,2003,75+,pct_assets_ret,6.3316,1.1707,365
2004,2003,75+,pct_has_ret,29.2037,2.3241,365
2004,2003,75+,pct_has_ira,26.4949,2.2922,365
2004,2003,75+,pct_has_dcacct,5.1418,1.0408,365
2004,2003,75+,pct_has_home,85.1903,1.4312,365
2004,2003,75+,pct_has_db_receiving,54.4872,2.7217,365
2004,2003,75+,pct_has_db_future_or_cj,54.5248,2.7296,365
2004,2003,75+,pct_has_db_any,55.3386,2.7045,365
2004,2003,75+,pct_db_only,35.9935,2.2910,365
2004,2003,75+,pct_dc_only,9.8585,1.4919,365
2004,2003,75+,pct_db_and_dc,19.3451,1.9926,365
2004,2003,75+,pct_neither,34.8028,2.5766,365
2004,2003,75+,mean_networth_2022usd,826882.9017,63688.9827,365
2007,2006,all,share_agg_wage,64.3580,0.8696,4417
2007,2006,all,share_agg_xkg_wage,68.9026,0.7788,4417
2007,2006,all,pct_with_wage,74.0598,0.4520,4417
2007,2006,all,share_agg_bus,13.9278,0.6533,4417
2007,2006,all,share_agg_xkg_bus,14.9113,0.6907,4417
2007,2006,all,pct_with_bus,16.3312,0.4481,4417
2007,2006,all,share_agg_intdiv,3.6532,0.1521,4417
2007,2006,all,share_agg_xkg_intdiv,3.9112,0.1669,4417
2007,2006,all,pct_with_intdiv,29.5611,0.6857,4417
2007,2006,all,share_agg_kg,6.5957,0.6685,4417
2007,2006,all,pct_with_kg,8.5259,0.3699,4417
2007,2006,all,share_agg_ss,4.7055,0.1188,4417
2007,2006,all,share_agg_xkg_ss,5.0377,0.1265,4417
2007,2006,all,pct_with_ss,25.6548,0.3318,4417
2007,2006,all,share_agg_pen,3.3762,0.1643,4417
2007,2006,all,share_agg_xkg_pen,3.6146,0.1707,4417
2007,2006,all,pct_with_pen,15.9272,0.4609,4417
2007,2006,all,share_agg_sspen_unalloc,0.1882,0.0249,4417
2007,2006,all,share_agg_xkg_sspen_unalloc,0.2015,0.0266,4417
2007,2006,all,pct_with_sspen_unalloc,1.4787,0.1651,4417
2007,2006,all,share_agg_acctwd,1.2785,0.1322,4417
2007,2006,all,share_agg_xkg_acctwd,1.3687,0.1406,4417
2007,2006,all,pct_with_acctwd,6.8548,0.3156,4417
2007,2006,all,share_agg_transfers,1.2445,0.0678,4417
2007,2006,all,share_agg_xkg_transfers,1.3323,0.0732,4417
2007,2006,all,pct_with_transfers,17.6402,0.5755,4417
2007,2006,all,share_agg_other,0.6724,0.0861,4417
2007,2006,all,share_agg_xkg_other,0.7199,0.0918,4417
2007,2006,all,pct_with_other,4.9215,0.3856,4417
2007,2006,all,share_agg_other_raw_uncapped,0.7046,0.0893,4417
2007,2006,all,share_agg_ss_raw_uncapped_other,4.7039,0.1188,4417
2007,2006,all,share_agg_ss_plus_pen_plus_unalloc,8.2699,0.2301,4417
2007,2006,all,share_agg_pen_plus_acctwd,4.6547,0.2410,4417
2007,2006,all,share_agg_xkg_pen_plus_acctwd,4.9834,0.2511,4417
2007,2006,all,share_agg_comparable_other_plus_acctwd,3.1953,0.1608,4417
2007,2006,all,pct_with_ss_or_pen_any,31.0113,0.4084,4417
2007,2006,all,pct_with_pen_or_acctwd,19.6389,0.4762,4417
2007,2006,all,pct_receiving_ss_now,26.3950,0.3657,4417
2007,2006,all,pct_receiving_pension_now,16.7672,0.4594,4417
2007,2006,all,pct_ss_ge50pct_of_income,13.3545,0.3813,4417
2007,2006,all,pct_ss_ge90pct_of_income,5.4890,0.2862,4417
2007,2006,all,mean_hh_share_ss,14.0785,0.2730,4417
2007,2006,all,mean_hh_share_pen_plus_acctwd,6.8021,0.2186,4417
2007,2006,all,mean_hh_share_wage,63.2535,0.4263,4417
2007,2006,all,mean_hh_share_capital,9.5824,0.2742,4417
2007,2006,all,mean_income_2022usd,119583.2954,1893.3744,4417
2007,2006,all,pct_networth_ret,14.0113,0.4810,4417
2007,2006,all,pct_networth_homeeq,24.2854,0.4672,4417
2007,2006,all,pct_networth_othfin,26.2132,0.7734,4417
2007,2006,all,pct_networth_othnfin,39.9129,1.0523,4417
2007,2006,all,pct_networth_othdebt,-4.4227,0.1630,4417
2007,2006,all,pct_assets_ret,11.9309,0.4038,4417
2007,2006,all,pct_has_ret,52.9571,0.7716,4417
2007,2006,all,pct_has_ira,30.5683,0.6856,4417
2007,2006,all,pct_has_dcacct,36.7949,0.7053,4417
2007,2006,all,pct_has_home,68.6361,0.0701,4417
2007,2006,all,pct_has_db_receiving,16.7672,0.4594,4417
2007,2006,all,pct_has_db_future_or_cj,31.5753,0.7333,4417
2007,2006,all,pct_has_db_any,32.8965,0.7545,4417
2007,2006,all,pct_db_only,12.6416,0.4705,4417
2007,2006,all,pct_dc_only,32.7022,0.7446,4417
2007,2006,all,pct_db_and_dc,20.2549,0.6574,4417
2007,2006,all,pct_neither,34.4013,0.6944,4417
2007,2006,all,mean_networth_2022usd,796757.0227,13212.9083,4417
2007,2006,55-64,share_agg_wage,61.0184,1.9743,931
2007,2006,55-64,share_agg_xkg_wage,64.9750,1.9160,931
2007,2006,55-64,pct_with_wage,76.2258,1.6613,931
2007,2006,55-64,share_agg_bus,17.0252,1.5918,931
2007,2006,55-64,share_agg_xkg_bus,18.1292,1.7048,931
2007,2006,55-64,pct_with_bus,19.6875,1.2011,931
2007,2006,55-64,share_agg_intdiv,4.6835,0.3222,931
2007,2006,55-64,share_agg_xkg_intdiv,4.9872,0.3506,931
2007,2006,55-64,pct_with_intdiv,35.7292,1.4525,931
2007,2006,55-64,share_agg_kg,6.0893,0.9359,931
2007,2006,55-64,pct_with_kg,10.7502,0.9572,931
2007,2006,55-64,share_agg_ss,2.8831,0.2618,931
2007,2006,55-64,share_agg_xkg_ss,3.0701,0.2779,931
2007,2006,55-64,pct_with_ss,22.5052,1.4183,931
2007,2006,55-64,share_agg_pen,4.6135,0.4028,931
2007,2006,55-64,share_agg_xkg_pen,4.9127,0.4223,931
2007,2006,55-64,pct_with_pen,23.0751,1.3691,931
2007,2006,55-64,share_agg_sspen_unalloc,0.2461,0.0644,931
2007,2006,55-64,share_agg_xkg_sspen_unalloc,0.2621,0.0684,931
2007,2006,55-64,pct_with_sspen_unalloc,2.2540,0.5602,931
2007,2006,55-64,share_agg_acctwd,1.4868,0.4111,931
2007,2006,55-64,share_agg_xkg_acctwd,1.5832,0.4353,931
2007,2006,55-64,pct_with_acctwd,6.4475,0.7764,931
2007,2006,55-64,share_agg_transfers,0.9388,0.1734,931
2007,2006,55-64,share_agg_xkg_transfers,0.9997,0.1840,931
2007,2006,55-64,pct_with_transfers,12.9497,1.1053,931
2007,2006,55-64,share_agg_other,1.0151,0.3088,931
2007,2006,55-64,share_agg_xkg_other,1.0810,0.3274,931
2007,2006,55-64,pct_with_other,5.5941,0.9038,931
2007,2006,55-64,share_agg_other_raw_uncapped,1.0620,0.3294,931
2007,2006,55-64,share_agg_ss_raw_uncapped_other,2.8818,0.2617,931
2007,2006,55-64,share_agg_ss_plus_pen_plus_unalloc,7.7428,0.5370,931
2007,2006,55-64,share_agg_pen_plus_acctwd,6.1003,0.7145,931
2007,2006,55-64,share_agg_xkg_pen_plus_acctwd,6.4958,0.7513,931
2007,2006,55-64,share_agg_comparable_other_plus_acctwd,3.4407,0.5387,931
2007,2006,55-64,pct_with_ss_or_pen_any,37.1765,1.6923,931
2007,2006,55-64,pct_with_pen_or_acctwd,27.2686,1.4365,931
2007,2006,55-64,pct_receiving_ss_now,24.1153,1.5139,931
2007,2006,55-64,pct_receiving_pension_now,24.7989,1.4151,931
2007,2006,55-64,pct_ss_ge50pct_of_income,10.1614,1.0706,931
2007,2006,55-64,pct_ss_ge90pct_of_income,3.5862,0.6731,931
2007,2006,55-64,mean_hh_share_ss,10.9550,0.9416,931
2007,2006,55-64,mean_hh_share_pen_plus_acctwd,9.8462,0.7378,931
2007,2006,55-64,mean_hh_share_wage,60.9122,1.6329,931
2007,2006,55-64,mean_hh_share_capital,12.2138,0.7844,931
2007,2006,55-64,mean_income_2022usd,157706.1661,6768.2586,931
2007,2006,55-64,pct_networth_ret,17.6820,1.0461,931
2007,2006,55-64,pct_networth_homeeq,19.6249,0.8833,931
2007,2006,55-64,pct_networth_othfin,25.5540,1.3423,931
2007,2006,55-64,pct_networth_othnfin,40.5682,2.1197,931
2007,2006,55-64,pct_networth_othdebt,-3.4292,0.2884,931
2007,2006,55-64,pct_assets_ret,15.8571,0.9315,931
2007,2006,55-64,pct_has_ret,61.2143,1.5521,931
2007,2006,55-64,pct_has_ira,39.4671,1.5390,931
2007,2006,55-64,pct_has_dcacct,40.5780,1.4908,931
2007,2006,55-64,pct_has_home,81.0241,1.0422,931
2007,2006,55-64,pct_has_db_receiving,24.7989,1.4151,931
2007,2006,55-64,pct_has_db_future_or_cj,42.1605,1.5888,931
2007,2006,55-64,pct_has_db_any,44.7648,1.7384,931
2007,2006,55-64,pct_db_only,16.5963,1.4406,931
2007,2006,55-64,pct_dc_only,33.0458,1.3109,931
2007,2006,55-64,pct_db_and_dc,28.1685,1.4621,931
2007,2006,55-64,pct_neither,22.1894,1.5164,931
2007,2006,55-64,mean_networth_2022usd,1339840.0632,65371.9018,931
2007,2006,65+,share_agg_wage,18.4872,1.3061,960
2007,2006,65+,share_agg_xkg_wage,22.2086,1.4287,960
2007,2006,65+,pct_with_wage,26.1621,1.1500,960
2007,2006,65+,share_agg_bus,15.3276,1.3547,960
2007,2006,65+,share_agg_xkg_bus,18.4131,1.4867,960
2007,2006,65+,pct_with_bus,14.8854,0.8682,960
2007,2006,65+,share_agg_intdiv,9.3213,0.5933,960
2007,2006,65+,share_agg_xkg_intdiv,11.1977,0.6637,960
2007,2006,65+,pct_with_intdiv,41.1451,1.5142,960
2007,2006,65+,share_agg_kg,16.7569,2.5984,960
2007,2006,65+,pct_with_kg,11.8146,1.0248,960
2007,2006,65+,share_agg_ss,21.8780,0.9701,960
2007,2006,65+,share_agg_xkg_ss,26.2821,0.9018,960
2007,2006,65+,pct_with_ss,92.8271,0.6651,960
2007,2006,65+,share_agg_pen,12.2749,0.8203,960
2007,2006,65+,share_agg_xkg_pen,14.7458,0.8406,960
2007,2006,65+,pct_with_pen,49.3981,1.6129,960
2007,2006,65+,share_agg_sspen_unalloc,0.0040,0.0029,960
2007,2006,65+,share_agg_xkg_sspen_unalloc,0.0048,0.0034,960
2007,2006,65+,pct_with_sspen_unalloc,0.1876,0.1340,960
2007,2006,65+,share_agg_acctwd,5.0374,0.5287,960
2007,2006,65+,share_agg_xkg_acctwd,6.0515,0.5963,960
2007,2006,65+,pct_with_acctwd,23.3116,1.2618,960
2007,2006,65+,share_agg_transfers,0.3600,0.0741,960
2007,2006,65+,share_agg_xkg_transfers,0.4324,0.0874,960
2007,2006,65+,pct_with_transfers,6.8340,0.9775,960
2007,2006,65+,share_agg_other,0.5527,0.1837,960
2007,2006,65+,share_agg_xkg_other,0.6640,0.2180,960
2007,2006,65+,pct_with_other,3.7048,0.4950,960
2007,2006,65+,share_agg_other_raw_uncapped,0.5889,0.1832,960
2007,2006,65+,share_agg_ss_raw_uncapped_other,21.8701,0.9694,960
2007,2006,65+,share_agg_ss_plus_pen_plus_unalloc,34.1569,1.5941,960
2007,2006,65+,share_agg_pen_plus_acctwd,17.3123,0.9753,960
2007,2006,65+,share_agg_xkg_pen_plus_acctwd,20.7973,0.9160,960
2007,2006,65+,share_agg_comparable_other_plus_acctwd,5.9501,0.5644,960
2007,2006,65+,pct_with_ss_or_pen_any,95.2123,0.5908,960
2007,2006,65+,pct_with_pen_or_acctwd,59.6379,1.5408,960
2007,2006,65+,pct_receiving_ss_now,94.4593,0.6291,960
2007,2006,65+,pct_receiving_pension_now,50.5192,1.6510,960
2007,2006,65+,pct_ss_ge50pct_of_income,48.4883,1.6026,960
2007,2006,65+,pct_ss_ge90pct_of_income,19.9570,1.1958,960
2007,2006,65+,mean_hh_share_ss,51.1749,1.0226,960
2007,2006,65+,mean_hh_share_pen_plus_acctwd,21.5774,0.7321,960
2007,2006,65+,mean_hh_share_wage,12.7623,0.6320,960
2007,2006,65+,mean_hh_share_capital,12.4876,0.5816,960
2007,2006,65+,mean_income_2022usd,96414.4827,4407.6951,960
2007,2006,65+,pct_networth_ret,10.2502,0.6694,960
2007,2006,65+,pct_networth_homeeq,26.2162,1.1517,960
2007,2006,65+,pct_networth_othfin,32.1540,1.5391,960
2007,2006,65+,pct_networth_othnfin,32.8468,1.7322,960
2007,2006,65+,pct_networth_othdebt,-1.4672,0.1591,960
2007,2006,65+,pct_assets_ret,9.7520,0.6307,960
2007,2006,65+,pct_has_ret,40.7894,1.6451,960
2007,2006,65+,pct_has_ira,35.1482,1.3842,960
2007,2006,65+,pct_has_dcacct,11.0021,0.9075,960
2007,2006,65+,pct_has_home,81.2292,0.7992,960
2007,2006,65+,pct_has_db_receiving,50.5192,1.6510,960
2007,2006,65+,pct_has_db_future_or_cj,50.4749,1.6313,960
2007,2006,65+,pct_has_db_any,51.5968,1.6217,960
2007,2006,65+,pct_db_only,28.6634,1.2198,960
2007,2006,65+,pct_dc_only,17.8560,1.2038,960
2007,2006,65+,pct_db_and_dc,22.9334,1.4436,960
2007,2006,65+,pct_neither,30.5471,1.5862,960
2007,2006,65+,mean_networth_2022usd,1181168.7010,50678.3050,960
2007,2006,65-74,share_agg_wage,24.7754,1.8923,548
2007,2006,65-74,share_agg_xkg_wage,30.8074,1.9756,548
2007,2006,65-74,pct_with_wage,42.4596,2.1280,548
2007,2006,65-74,share_agg_bus,15.2599,1.7989,548
2007,2006,65-74,share_agg_xkg_bus,18.9753,2.0099,548
2007,2006,65-74,pct_with_bus,18.0821,1.5556,548
2007,2006,65-74,share_agg_intdiv,7.8795,0.6565,548
2007,2006,65-74,share_agg_xkg_intdiv,9.7979,0.7760,548
2007,2006,65-74,pct_with_intdiv,41.1223,2.1192,548
2007,2006,65-74,share_agg_kg,19.5799,3.5180,548
2007,2006,65-74,pct_with_kg,12.4443,1.2980,548
2007,2006,65-74,share_agg_ss,17.2083,1.0683,548
2007,2006,65-74,share_agg_xkg_ss,21.3981,0.9954,548
2007,2006,65-74,pct_with_ss,90.1973,1.1152,548
2007,2006,65-74,share_agg_pen,10.0956,0.9989,548
2007,2006,65-74,share_agg_xkg_pen,12.5535,1.0653,548
2007,2006,65-74,pct_with_pen,47.3169,2.2643,548
2007,2006,65-74,share_agg_sspen_unalloc,0.0060,0.0043,548
2007,2006,65-74,share_agg_xkg_sspen_unalloc,0.0074,0.0053,548
2007,2006,65-74,pct_with_sspen_unalloc,0.3769,0.2693,548
2007,2006,65-74,share_agg_acctwd,4.2176,0.5698,548
2007,2006,65-74,share_agg_xkg_acctwd,5.2444,0.6654,548
2007,2006,65-74,pct_with_acctwd,22.0168,1.4400,548
2007,2006,65-74,share_agg_transfers,0.3575,0.0804,548
2007,2006,65-74,share_agg_xkg_transfers,0.4445,0.0965,548
2007,2006,65-74,pct_with_transfers,8.0729,1.1766,548
2007,2006,65-74,share_agg_other,0.6204,0.2719,548
2007,2006,65-74,share_agg_xkg_other,0.7714,0.3310,548
2007,2006,65-74,pct_with_other,3.3846,0.7895,548
2007,2006,65-74,share_agg_other_raw_uncapped,0.6500,0.2719,548
2007,2006,65-74,share_agg_ss_raw_uncapped_other,17.2032,1.0676,548
2007,2006,65-74,share_agg_ss_plus_pen_plus_unalloc,27.3098,1.8311,548
2007,2006,65-74,share_agg_pen_plus_acctwd,14.3131,1.2100,548
2007,2006,65-74,share_agg_xkg_pen_plus_acctwd,17.7979,1.2201,548
2007,2006,65-74,share_agg_comparable_other_plus_acctwd,5.1954,0.6426,548
2007,2006,65-74,pct_with_ss_or_pen_any,92.1712,1.0605,548
2007,2006,65-74,pct_with_pen_or_acctwd,58.0709,2.2067,548
2007,2006,65-74,pct_receiving_ss_now,92.3729,0.9441,548
2007,2006,65-74,pct_receiving_pension_now,48.7443,2.2927,548
2007,2006,65-74,pct_ss_ge50pct_of_income,39.1160,2.6445,548
2007,2006,65-74,pct_ss_ge90pct_of_income,14.4654,1.7308,548
2007,2006,65-74,mean_hh_share_ss,43.8825,1.6561,548
2007,2006,65-74,mean_hh_share_pen_plus_acctwd,19.7180,1.0624,548
2007,2006,65-74,mean_hh_share_wage,22.0152,1.2270,548
2007,2006,65-74,mean_hh_share_capital,12.4351,0.9233,548
2007,2006,65-74,mean_income_2022usd,130860.5904,7963.4140,548
2007,2006,65-74,pct_networth_ret,13.6203,1.0017,548
2007,2006,65-74,pct_networth_homeeq,24.0687,1.4680,548
2007,2006,65-74,pct_networth_othfin,29.1110,1.9179,548
2007,2006,65-74,pct_networth_othnfin,35.2034,2.2829,548
2007,2006,65-74,pct_networth_othdebt,-2.0034,0.2285,548
2007,2006,65-74,pct_assets_ret,12.7345,0.9248,548
2007,2006,65-74,pct_has_ret,51.6987,2.1535,548
2007,2006,65-74,pct_has_ira,43.0399,1.9831,548
2007,2006,65-74,pct_has_dcacct,17.6376,1.4885,548
2007,2006,65-74,pct_has_home,85.4718,1.1320,548
2007,2006,65-74,pct_has_db_receiving,48.7443,2.2927,548
2007,2006,65-74,pct_has_db_future_or_cj,49.0309,2.2777,548
2007,2006,65-74,pct_has_db_any,50.5838,2.2286,548
2007,2006,65-74,pct_db_only,21.7678,1.4839,548
2007,2006,65-74,pct_dc_only,22.8827,1.7211,548
2007,2006,65-74,pct_db_and_dc,28.8160,2.0463,548
2007,2006,65-74,pct_neither,26.5335,2.1747,548
2007,2006,65-74,mean_networth_2022usd,1450176.8212,92026.4647,548
2007,2006,75+,share_agg_wage,5.3907,0.8866,412
2007,2006,75+,share_agg_xkg_wage,6.0487,0.9715,412
2007,2006,75+,pct_with_wage,10.0094,1.3091,412
2007,2006,75+,share_agg_bus,15.4686,1.9656,412
2007,2006,75+,share_agg_xkg_bus,17.3566,2.1879,412
2007,2006,75+,pct_with_bus,11.7171,1.1857,412
2007,2006,75+,share_agg_intdiv,12.3241,1.0241,412
2007,2006,75+,share_agg_xkg_intdiv,13.8283,1.1395,412
2007,2006,75+,pct_with_intdiv,41.1678,1.9162,412
2007,2006,75+,share_agg_kg,10.8774,2.4823,412
2007,2006,75+,pct_with_kg,11.1904,1.5395,412
2007,2006,75+,share_agg_ss,31.6036,1.7466,412
2007,2006,75+,share_agg_xkg_ss,35.4608,1.5853,412
2007,2006,75+,pct_with_ss,95.4335,0.9339,412
2007,2006,75+,share_agg_pen,16.8137,1.1799,412
2007,2006,75+,share_agg_xkg_pen,18.8658,1.2563,412
2007,2006,75+,pct_with_pen,51.4609,2.0652,412
2007,2006,75+,share_agg_sspen_unalloc,0.0000,0.0000,412
2007,2006,75+,share_agg_xkg_sspen_unalloc,0.0000,0.0000,412
2007,2006,75+,pct_with_sspen_unalloc,0.0000,0.0000,412
2007,2006,75+,share_agg_acctwd,6.7449,1.2013,412
2007,2006,75+,share_agg_xkg_acctwd,7.5681,1.3252,412
2007,2006,75+,pct_with_acctwd,24.5949,1.7684,412
2007,2006,75+,share_agg_transfers,0.3651,0.1036,412
2007,2006,75+,share_agg_xkg_transfers,0.4096,0.1159,412
2007,2006,75+,pct_with_transfers,5.6061,1.0834,412
2007,2006,75+,share_agg_other,0.4118,0.1113,412
2007,2006,75+,share_agg_xkg_other,0.4620,0.1257,412
2007,2006,75+,pct_with_other,4.0222,0.8782,412
2007,2006,75+,share_agg_other_raw_uncapped,0.4616,0.1154,412
2007,2006,75+,share_agg_ss_raw_uncapped_other,31.5878,1.7434,412
2007,2006,75+,share_agg_ss_plus_pen_plus_unalloc,48.4173,2.4341,412
2007,2006,75+,share_agg_pen_plus_acctwd,23.5587,1.5647,412
2007,2006,75+,share_agg_xkg_pen_plus_acctwd,26.4340,1.6016,412
2007,2006,75+,share_agg_comparable_other_plus_acctwd,7.5218,1.1878,412
2007,2006,75+,pct_with_ss_or_pen_any,98.2265,0.5507,412
2007,2006,75+,pct_with_pen_or_acctwd,61.1910,2.0494,412
2007,2006,75+,pct_receiving_ss_now,96.5271,0.8914,412
2007,2006,75+,pct_receiving_pension_now,52.2783,2.0537,412
2007,2006,75+,pct_ss_ge50pct_of_income,57.7774,2.1612,412
2007,2006,75+,pct_ss_ge90pct_of_income,25.3999,1.6969,412
2007,2006,75+,mean_hh_share_ss,58.3608,1.2030,412
2007,2006,75+,mean_hh_share_pen_plus_acctwd,23.4097,1.1592,412
2007,2006,75+,mean_hh_share_wage,3.6446,0.5580,412
2007,2006,75+,mean_hh_share_capital,12.5394,0.8736,412
2007,2006,75+,mean_income_2022usd,62274.2325,3815.1812,412
2007,2006,75+,pct_networth_ret,4.9539,0.5265,412
2007,2006,75+,pct_networth_homeeq,29.5911,1.8226,412
2007,2006,75+,pct_networth_othfin,36.9363,2.2341,412
2007,2006,75+,pct_networth_othnfin,29.1432,2.6702,412
2007,2006,75+,pct_networth_othdebt,-0.6245,0.1473,412
2007,2006,75+,pct_assets_ret,4.8469,0.5153,412
2007,2006,75+,pct_has_ret,29.9770,2.0226,412
2007,2006,75+,pct_has_ira,27.3265,1.8434,412
2007,2006,75+,pct_has_dcacct,4.4256,0.9220,412
2007,2006,75+,pct_has_home,77.0244,1.7514,412
2007,2006,75+,pct_has_db_receiving,52.2783,2.0537,412
2007,2006,75+,pct_has_db_future_or_cj,51.9060,1.9997,412
2007,2006,75+,pct_has_db_any,52.6009,2.0613,412
2007,2006,75+,pct_db_only,35.4978,1.9143,412
2007,2006,75+,pct_dc_only,12.8740,1.4966,412
2007,2006,75+,pct_db_and_dc,17.1030,1.5320,412
2007,2006,75+,pct_neither,34.5251,2.1944,412
2007,2006,75+,mean_networth_2022usd,914549.1857,60454.9629,412
2010,2009,all,share_agg_wage,67.3174,0.6885,6482
2010,2009,all,share_agg_xkg_wage,68.1706,0.6555,6482
2010,2009,all,pct_with_wage,72.9407,0.3800,6482
2010,2009,all,share_agg_bus,12.9729,0.6145,6482
2010,2009,all,share_agg_xkg_bus,13.1374,0.6240,6482
2010,2009,all,pct_with_bus,16.9011,0.3727,6482
2010,2009,all,share_agg_intdiv,3.5415,0.1811,6482
2010,2009,all,share_agg_xkg_intdiv,3.5864,0.1820,6482
2010,2009,all,pct_with_intdiv,23.9795,0.5370,6482
2010,2009,all,share_agg_kg,1.2516,0.3737,6482
2010,2009,all,pct_with_kg,4.4808,0.2584,6482
2010,2009,all,share_agg_ss,5.9433,0.1356,6482
2010,2009,all,share_agg_xkg_ss,6.0186,0.1332,6482
2010,2009,all,pct_with_ss,26.9698,0.2639,6482
2010,2009,all,share_agg_pen,4.3490,0.1580,6482
2010,2009,all,share_agg_xkg_pen,4.4041,0.1570,6482
2010,2009,all,pct_with_pen,16.1453,0.4057,6482
2010,2009,all,share_agg_sspen_unalloc,0.2127,0.0240,6482
2010,2009,all,share_agg_xkg_sspen_unalloc,0.2154,0.0243,6482
2010,2009,all,pct_with_sspen_unalloc,1.3250,0.1144,6482
2010,2009,all,share_agg_acctwd,1.3046,0.1228,6482
2010,2009,all,share_agg_xkg_acctwd,1.3211,0.1243,6482
2010,2009,all,pct_with_acctwd,5.9730,0.2690,6482
2010,2009,all,share_agg_transfers,2.2806,0.1552,6482
2010,2009,all,share_agg_xkg_transfers,2.3095,0.1567,6482
2010,2009,all,pct_with_transfers,23.1010,0.4284,6482
2010,2009,all,share_agg_other,0.8263,0.0848,6482
2010,2009,all,share_agg_xkg_other,0.8368,0.0858,6482
2010,2009,all,pct_with_other,6.8821,0.3091,6482
2010,2009,all,share_agg_other_raw_uncapped,0.9510,0.1351,6482
2010,2009,all,share_agg_ss_raw_uncapped_other,5.9358,0.1355,6482
2010,2009,all,share_agg_ss_plus_pen_plus_unalloc,10.5050,0.2143,6482
2010,2009,all,share_agg_pen_plus_acctwd,5.6536,0.1981,6482
2010,2009,all,share_agg_xkg_pen_plus_acctwd,5.7252,0.1971,6482
2010,2009,all,share_agg_comparable_other_plus_acctwd,4.4115,0.2175,6482
2010,2009,all,pct_with_ss_or_pen_any,31.9259,0.2737,6482
2010,2009,all,pct_with_pen_or_acctwd,19.6095,0.3637,6482
2010,2009,all,pct_receiving_ss_now,27.5246,0.2755,6482
2010,2009,all,pct_receiving_pension_now,16.7698,0.4108,6482
2010,2009,all,pct_ss_ge50pct_of_income,14.0222,0.4165,6482
2010,2009,all,pct_ss_ge90pct_of_income,4.9968,0.2713,6482
2010,2009,all,mean_hh_share_ss,14.5823,0.2915,6482
2010,2009,all,mean_hh_share_pen_plus_acctwd,7.2730,0.1909,6482
2010,2009,all,mean_hh_share_wage,60.7553,0.3112,6482
2010,2009,all,mean_hh_share_capital,8.4810,0.2234,6482
2010,2009,all,mean_income_2022usd,106822.1573,1715.6934,6482
2010,2009,all,pct_networth_ret,17.3968,0.6948,6482
2010,2009,all,pct_networth_homeeq,20.8698,0.5178,6482
2010,2009,all,pct_networth_othfin,27.8583,0.7771,6482
2010,2009,all,pct_networth_othnfin,38.9751,0.9626,6482
2010,2009,all,pct_networth_othdebt,-5.1000,0.1761,6482
2010,2009,all,pct_assets_ret,14.5294,0.5994,6482
2010,2009,all,pct_has_ret,50.3753,0.6331,6482
2010,2009,all,pct_has_ira,28.0227,0.5791,6482
2010,2009,all,pct_has_dcacct,34.8873,0.5108,6482
2010,2009,all,pct_has_home,67.2192,0.0668,6482
2010,2009,all,pct_has_db_receiving,16.7698,0.4108,6482
2010,2009,all,pct_has_db_future_or_cj,30.7943,0.5718,6482
2010,2009,all,pct_has_db_any,31.7142,0.5593,6482
2010,2009,all,pct_db_only,13.3428,0.4217,6482
2010,2009,all,pct_dc_only,32.0040,0.5982,6482
2010,2009,all,pct_db_and_dc,18.3714,0.4140,6482
2010,2009,all,pct_neither,36.2819,0.6193,6482
2010,2009,all,mean_networth_2022usd,675727.1392,16703.5654,6482
2010,2009,55-64,share_agg_wage,63.7205,1.7981,1362
2010,2009,55-64,share_agg_xkg_wage,65.6175,1.8114,1362
2010,2009,55-64,pct_with_wage,72.8472,1.0700,1362
2010,2009,55-64,share_agg_bus,16.0050,1.6274,1362
2010,2009,55-64,share_agg_xkg_bus,16.4815,1.6390,1362
2010,2009,55-64,pct_with_bus,21.9865,1.0668,1362
2010,2009,55-64,share_agg_intdiv,4.7620,0.4603,1362
2010,2009,55-64,share_agg_xkg_intdiv,4.9038,0.4720,1362
2010,2009,55-64,pct_with_intdiv,30.9309,1.2840,1362
2010,2009,55-64,share_agg_kg,2.8910,1.2214,1362
2010,2009,55-64,pct_with_kg,5.7012,0.6205,1362
2010,2009,55-64,share_agg_ss,3.0176,0.2309,1362
2010,2009,55-64,share_agg_xkg_ss,3.1075,0.2303,1362
2010,2009,55-64,pct_with_ss,22.1896,1.1564,1362
2010,2009,55-64,share_agg_pen,5.1229,0.4370,1362
2010,2009,55-64,share_agg_xkg_pen,5.2754,0.4332,1362
2010,2009,55-64,pct_with_pen,19.4213,0.8986,1362
2010,2009,55-64,share_agg_sspen_unalloc,0.2984,0.0722,1362
2010,2009,55-64,share_agg_xkg_sspen_unalloc,0.3073,0.0743,1362
2010,2009,55-64,pct_with_sspen_unalloc,2.0521,0.3010,1362
2010,2009,55-64,share_agg_acctwd,1.2034,0.2059,1362
2010,2009,55-64,share_agg_xkg_acctwd,1.2393,0.2094,1362
2010,2009,55-64,pct_with_acctwd,5.5823,0.5263,1362
2010,2009,55-64,share_agg_transfers,2.0288,0.5732,1362
2010,2009,55-64,share_agg_xkg_transfers,2.0892,0.5900,1362
2010,2009,55-64,pct_with_transfers,21.8001,1.0061,1362
2010,2009,55-64,share_agg_other,0.9503,0.2097,1362
2010,2009,55-64,share_agg_xkg_other,0.9786,0.2140,1362
2010,2009,55-64,pct_with_other,7.3968,0.8130,1362
2010,2009,55-64,share_agg_other_raw_uncapped,0.9915,0.2089,1362
2010,2009,55-64,share_agg_ss_raw_uncapped_other,3.0164,0.2308,1362
2010,2009,55-64,share_agg_ss_plus_pen_plus_unalloc,8.4390,0.5826,1362
2010,2009,55-64,share_agg_pen_plus_acctwd,6.3263,0.5065,1362
2010,2009,55-64,share_agg_xkg_pen_plus_acctwd,6.5147,0.4985,1362
2010,2009,55-64,share_agg_comparable_other_plus_acctwd,4.1826,0.6895,1362
2010,2009,55-64,pct_with_ss_or_pen_any,35.3454,1.1016,1362
2010,2009,55-64,pct_with_pen_or_acctwd,22.8377,0.9251,1362
2010,2009,55-64,pct_receiving_ss_now,23.5909,1.1961,1362
2010,2009,55-64,pct_receiving_pension_now,21.6682,0.9284,1362
2010,2009,55-64,pct_ss_ge50pct_of_income,10.5185,0.7743,1362
2010,2009,55-64,pct_ss_ge90pct_of_income,4.5564,0.4709,1362
2010,2009,55-64,mean_hh_share_ss,11.4365,0.6297,1362
2010,2009,55-64,mean_hh_share_pen_plus_acctwd,9.9558,0.5180,1362
2010,2009,55-64,mean_hh_share_wage,58.9006,0.9572,1362
2010,2009,55-64,mean_hh_share_capital,11.3664,0.6329,1362
2010,2009,55-64,mean_income_2022usd,143431.0764,6090.4144,1362
2010,2009,55-64,pct_networth_ret,19.8072,1.1693,1362
2010,2009,55-64,pct_networth_homeeq,18.1692,0.6880,1362
2010,2009,55-64,pct_networth_othfin,26.8998,1.3759,1362
2010,2009,55-64,pct_networth_othnfin,38.4761,1.6108,1362
2010,2009,55-64,pct_networth_othdebt,-3.3523,0.2555,1362
2010,2009,55-64,pct_assets_ret,17.6319,1.0431,1362
2010,2009,55-64,pct_has_ret,59.7926,1.2699,1362
2010,2009,55-64,pct_has_ira,41.3127,1.2635,1362
2010,2009,55-64,pct_has_dcacct,38.9854,1.2065,1362
2010,2009,55-64,pct_has_home,78.0646,0.8260,1362
2010,2009,55-64,pct_has_db_receiving,21.6682,0.9284,1362
2010,2009,55-64,pct_has_db_future_or_cj,40.3714,1.3601,1362
2010,2009,55-64,pct_has_db_any,41.9508,1.3129,1362
2010,2009,55-64,pct_db_only,14.0464,0.7627,1362
2010,2009,55-64,pct_dc_only,31.8882,1.2440,1362
2010,2009,55-64,pct_db_and_dc,27.9044,1.1494,1362
2010,2009,55-64,pct_neither,26.1610,1.1632,1362
2010,2009,55-64,mean_networth_2022usd,1200015.1258,60213.5547,1362
2010,2009,65+,share_agg_wage,24.5626,1.5186,1268
2010,2009,65+,share_agg_xkg_wage,25.0252,1.5456,1268
2010,2009,65+,pct_with_wage,30.4950,1.1490,1268
2010,2009,65+,share_agg_bus,12.9436,1.0524,1268
2010,2009,65+,share_agg_xkg_bus,13.1873,1.0649,1268
2010,2009,65+,pct_with_bus,16.3305,0.9064,1268
2010,2009,65+,share_agg_intdiv,8.8152,0.5853,1268
2010,2009,65+,share_agg_xkg_intdiv,8.9812,0.5939,1268
2010,2009,65+,pct_with_intdiv,36.7520,1.2331,1268
2010,2009,65+,share_agg_kg,1.8485,0.7546,1268
2010,2009,65+,pct_with_kg,6.2232,0.5680,1268
2010,2009,65+,share_agg_ss,28.6486,0.9474,1268
2010,2009,65+,share_agg_xkg_ss,29.1882,0.9473,1268
2010,2009,65+,pct_with_ss,93.9469,0.6207,1268
2010,2009,65+,share_agg_pen,16.2531,0.7509,1268
2010,2009,65+,share_agg_xkg_pen,16.5592,0.7467,1268
2010,2009,65+,pct_with_pen,50.2171,1.4211,1268
2010,2009,65+,share_agg_sspen_unalloc,0.0655,0.0451,1268
2010,2009,65+,share_agg_xkg_sspen_unalloc,0.0667,0.0461,1268
2010,2009,65+,pct_with_sspen_unalloc,0.0648,0.0451,1268
2010,2009,65+,share_agg_acctwd,5.1913,0.6436,1268
2010,2009,65+,share_agg_xkg_acctwd,5.2891,0.6548,1268
2010,2009,65+,pct_with_acctwd,18.6207,0.9440,1268
2010,2009,65+,share_agg_transfers,0.8234,0.0751,1268
2010,2009,65+,share_agg_xkg_transfers,0.8389,0.0758,1268
2010,2009,65+,pct_with_transfers,10.6501,0.6302,1268
2010,2009,65+,share_agg_other,0.8482,0.1715,1268
2010,2009,65+,share_agg_xkg_other,0.8642,0.1750,1268
2010,2009,65+,pct_with_other,5.2732,0.4932,1268
2010,2009,65+,share_agg_other_raw_uncapped,0.9117,0.1852,1268
2010,2009,65+,share_agg_ss_raw_uncapped_other,28.6302,0.9470,1268
2010,2009,65+,share_agg_ss_plus_pen_plus_unalloc,44.9672,1.3691,1268
2010,2009,65+,share_agg_pen_plus_acctwd,21.4444,0.9471,1268
2010,2009,65+,share_agg_xkg_pen_plus_acctwd,21.8483,0.9411,1268
2010,2009,65+,share_agg_comparable_other_plus_acctwd,6.8630,0.6754,1268
2010,2009,65+,pct_with_ss_or_pen_any,95.6963,0.4969,1268
2010,2009,65+,pct_with_pen_or_acctwd,59.4162,1.3043,1268
2010,2009,65+,pct_receiving_ss_now,94.9278,0.5115,1268
2010,2009,65+,pct_receiving_pension_now,50.6840,1.4101,1268
2010,2009,65+,pct_ss_ge50pct_of_income,49.8417,1.5231,1268
2010,2009,65+,pct_ss_ge90pct_of_income,17.4775,1.1029,1268
2010,2009,65+,mean_hh_share_ss,51.3670,0.9094,1268
2010,2009,65+,mean_hh_share_pen_plus_acctwd,21.9516,0.7550,1268
2010,2009,65+,mean_hh_share_wage,14.0693,0.5747,1268
2010,2009,65+,mean_hh_share_capital,9.2850,0.4603,1268
2010,2009,65+,mean_income_2022usd,82439.2169,2593.5137,1268
2010,2009,65+,pct_networth_ret,14.0076,1.4139,1268
2010,2009,65+,pct_networth_homeeq,22.9341,0.9324,1268
2010,2009,65+,pct_networth_othfin,31.1872,1.3991,1268
2010,2009,65+,pct_networth_othnfin,33.8869,1.6249,1268
2010,2009,65+,pct_networth_othdebt,-2.0158,0.2272,1268
2010,2009,65+,pct_assets_ret,13.1334,1.3348,1268
2010,2009,65+,pct_has_ret,41.1082,1.1901,1268
2010,2009,65+,pct_has_ira,35.5608,1.2742,1268
2010,2009,65+,pct_has_dcacct,11.6784,0.6995,1268
2010,2009,65+,pct_has_home,81.9315,0.6730,1268
2010,2009,65+,pct_has_db_receiving,50.6840,1.4101,1268
2010,2009,65+,pct_has_db_future_or_cj,51.5488,1.4346,1268
2010,2009,65+,pct_has_db_any,52.4024,1.4299,1268
2010,2009,65+,pct_db_only,29.1085,1.3062,1268
2010,2009,65+,pct_dc_only,17.8143,0.8313,1268
2010,2009,65+,pct_db_and_dc,23.2939,1.0066,1268
2010,2009,65+,pct_neither,29.7833,1.2583,1268
2010,2009,65+,mean_networth_2022usd,1029152.2904,46301.1568,1268
2010,2009,65-74,share_agg_wage,34.2497,2.1540,748
2010,2009,65-74,share_agg_xkg_wage,34.7489,2.1418,748
2010,2009,65-74,pct_with_wage,45.0051,1.7166,748
2010,2009,65-74,share_agg_bus,14.4531,1.3674,748
2010,2009,65-74,share_agg_xkg_bus,14.6638,1.3671,748
2010,2009,65-74,pct_with_bus,20.8770,1.2807,748
2010,2009,65-74,share_agg_intdiv,6.9993,0.6656,748
2010,2009,65-74,share_agg_xkg_intdiv,7.1013,0.6765,748
2010,2009,65-74,pct_with_intdiv,33.4920,1.5218,748
2010,2009,65-74,share_agg_kg,1.4367,1.0648,748
2010,2009,65-74,pct_with_kg,5.1778,0.7204,748
2010,2009,65-74,share_agg_ss,23.1692,1.0673,748
2010,2009,65-74,share_agg_xkg_ss,23.5070,1.0614,748
2010,2009,65-74,pct_with_ss,89.7391,0.9971,748
2010,2009,65-74,share_agg_pen,13.0370,0.7925,748
2010,2009,65-74,share_agg_xkg_pen,13.2270,0.7941,748
2010,2009,65-74,pct_with_pen,43.4933,1.6355,748
2010,2009,65-74,share_agg_sspen_unalloc,0.1030,0.0711,748
2010,2009,65-74,share_agg_xkg_sspen_unalloc,0.1045,0.0722,748
2010,2009,65-74,pct_with_sspen_unalloc,0.1254,0.0873,748
2010,2009,65-74,share_agg_acctwd,4.7408,0.9082,748
2010,2009,65-74,share_agg_xkg_acctwd,4.8099,0.9221,748
2010,2009,65-74,pct_with_acctwd,17.0922,1.2152,748
2010,2009,65-74,share_agg_transfers,0.9711,0.1135,748
2010,2009,65-74,share_agg_xkg_transfers,0.9853,0.1144,748
2010,2009,65-74,pct_with_transfers,13.3365,0.9311,748
2010,2009,65-74,share_agg_other,0.8401,0.2276,748
2010,2009,65-74,share_agg_xkg_other,0.8524,0.2303,748
2010,2009,65-74,pct_with_other,6.1098,0.7143,748
2010,2009,65-74,share_agg_other_raw_uncapped,0.9163,0.2563,748
2010,2009,65-74,share_agg_ss_raw_uncapped_other,23.1514,1.0668,748
2010,2009,65-74,share_agg_ss_plus_pen_plus_unalloc,36.3092,1.5485,748
2010,2009,65-74,share_agg_pen_plus_acctwd,17.7777,1.2082,748
2010,2009,65-74,share_agg_xkg_pen_plus_acctwd,18.0369,1.2191,748
2010,2009,65-74,share_agg_comparable_other_plus_acctwd,6.5520,0.9675,748
2010,2009,65-74,pct_with_ss_or_pen_any,92.3775,0.8304,748
2010,2009,65-74,pct_with_pen_or_acctwd,53.5159,1.5692,748
2010,2009,65-74,pct_receiving_ss_now,91.6360,0.7967,748
2010,2009,65-74,pct_receiving_pension_now,44.3962,1.6066,748
2010,2009,65-74,pct_ss_ge50pct_of_income,39.2997,1.8512,748
2010,2009,65-74,pct_ss_ge90pct_of_income,15.0186,1.0525,748
2010,2009,65-74,mean_hh_share_ss,44.5605,1.1369,748
2010,2009,65-74,mean_hh_share_pen_plus_acctwd,18.8176,0.8420,748
2010,2009,65-74,mean_hh_share_wage,22.7251,0.9801,748
2010,2009,65-74,mean_hh_share_capital,9.7375,0.6322,748
2010,2009,65-74,mean_income_2022usd,101364.2026,4361.1139,748
2010,2009,65-74,pct_networth_ret,17.9213,2.0606,748
2010,2009,65-74,pct_networth_homeeq,20.6651,0.9652,748
2010,2009,65-74,pct_networth_othfin,28.2276,1.7454,748
2010,2009,65-74,pct_networth_othnfin,35.7503,2.2800,748
2010,2009,65-74,pct_networth_othdebt,-2.5642,0.3434,748
2010,2009,65-74,pct_assets_ret,16.5231,1.9362,748
2010,2009,65-74,pct_has_ret,48.9227,1.6633,748
2010,2009,65-74,pct_has_ira,39.7959,1.6472,748
2010,2009,65-74,pct_has_dcacct,17.9417,1.0814,748
2010,2009,65-74,pct_has_home,82.5432,0.8515,748
2010,2009,65-74,pct_has_db_receiving,44.3962,1.6066,748
2010,2009,65-74,pct_has_db_future_or_cj,46.5680,1.6243,748
2010,2009,65-74,pct_has_db_any,47.5123,1.6302,748
2010,2009,65-74,pct_db_only,21.1837,1.4353,748
2010,2009,65-74,pct_dc_only,22.5941,1.4164,748
2010,2009,65-74,pct_db_and_dc,26.3286,1.4621,748
2010,2009,65-74,pct_neither,29.8936,1.5541,748
2010,2009,65-74,mean_networth_2022usd,1150737.1945,74357.1787,748
2010,2009,75+,share_agg_wage,7.6501,0.9356,520
2010,2009,75+,share_agg_xkg_wage,7.8517,0.9659,520
2010,2009,75+,pct_with_wage,14.9567,1.4519,520
2010,2009,75+,share_agg_bus,10.3081,1.5655,520
2010,2009,75+,share_agg_xkg_bus,10.5797,1.6071,520
2010,2009,75+,pct_with_bus,11.4618,1.2004,520
2010,2009,75+,share_agg_intdiv,11.9855,1.1200,520
2010,2009,75+,share_agg_xkg_intdiv,12.3014,1.1300,520
2010,2009,75+,pct_with_intdiv,40.2429,1.9419,520
2010,2009,75+,share_agg_kg,2.5676,1.0359,520
2010,2009,75+,pct_with_kg,7.3428,0.8456,520
2010,2009,75+,share_agg_ss,38.2149,1.4185,520
2010,2009,75+,share_agg_xkg_ss,39.2220,1.3969,520
2010,2009,75+,pct_with_ss,98.4528,0.4482,520
2010,2009,75+,share_agg_pen,21.8680,1.3145,520
2010,2009,75+,share_agg_xkg_pen,22.4443,1.2985,520
2010,2009,75+,pct_with_pen,57.4173,1.8649,520
2010,2009,75+,share_agg_sspen_unalloc,0.0000,0.0000,520
2010,2009,75+,share_agg_xkg_sspen_unalloc,0.0000,0.0000,520
2010,2009,75+,pct_with_sspen_unalloc,0.0000,0.0000,520
2010,2009,75+,share_agg_acctwd,5.9780,1.0651,520
2010,2009,75+,share_agg_xkg_acctwd,6.1355,1.1149,520
2010,2009,75+,pct_with_acctwd,20.2575,1.6318,520
2010,2009,75+,share_agg_transfers,0.5655,0.1277,520
2010,2009,75+,share_agg_xkg_transfers,0.5804,0.1322,520
2010,2009,75+,pct_with_transfers,7.7732,1.0475,520
2010,2009,75+,share_agg_other,0.8623,0.2610,520
2010,2009,75+,share_agg_xkg_other,0.8850,0.2698,520
2010,2009,75+,pct_with_other,4.3773,0.6656,520
2010,2009,75+,share_agg_other_raw_uncapped,0.9038,0.2571,520
2010,2009,75+,share_agg_ss_raw_uncapped_other,38.1989,1.4185,520
2010,2009,75+,share_agg_ss_plus_pen_plus_unalloc,60.0829,2.0783,520
2010,2009,75+,share_agg_pen_plus_acctwd,27.8460,1.3045,520
2010,2009,75+,share_agg_xkg_pen_plus_acctwd,28.5798,1.3376,520
2010,2009,75+,share_agg_comparable_other_plus_acctwd,7.4058,1.0618,520
2010,2009,75+,pct_with_ss_or_pen_any,99.2502,0.3620,520
2010,2009,75+,pct_with_pen_or_acctwd,65.7347,1.8446,520
2010,2009,75+,pct_receiving_ss_now,98.4528,0.4482,520
2010,2009,75+,pct_receiving_pension_now,57.4173,1.8649,520
2010,2009,75+,pct_ss_ge50pct_of_income,61.1307,1.8861,520
2010,2009,75+,pct_ss_ge90pct_of_income,20.1106,1.6509,520
2010,2009,75+,mean_hh_share_ss,58.6770,1.1047,520
2010,2009,75+,mean_hh_share_pen_plus_acctwd,25.3175,1.0811,520
2010,2009,75+,mean_hh_share_wage,4.7731,0.5427,520
2010,2009,75+,mean_hh_share_capital,8.7990,0.7168,520
2010,2009,75+,mean_income_2022usd,62173.2112,2439.4893,520
2010,2009,75+,pct_networth_ret,8.6427,1.3898,520
2010,2009,75+,pct_networth_homeeq,26.0445,1.7930,520
2010,2009,75+,pct_networth_othfin,35.2443,2.3243,520
2010,2009,75+,pct_networth_othnfin,31.3326,2.3748,520
2010,2009,75+,pct_networth_othdebt,-1.2641,0.2677,520
2010,2009,75+,pct_assets_ret,8.2958,1.3352,520
2010,2009,75+,pct_has_ret,32.7400,1.7377,520
2010,2009,75+,pct_has_ira,31.0256,1.7068,520
2010,2009,75+,pct_has_dcacct,4.9713,0.9598,520
2010,2009,75+,pct_has_home,81.2765,1.2230,520
2010,2009,75+,pct_has_db_receiving,57.4173,1.8649,520
2010,2009,75+,pct_has_db_future_or_cj,56.8826,1.9567,520
2010,2009,75+,pct_has_db_any,57.6389,1.8881,520
2010,2009,75+,pct_db_only,37.5947,1.7081,520
2010,2009,75+,pct_dc_only,12.6958,1.1779,520
2010,2009,75+,pct_db_and_dc,20.0442,1.3981,520
2010,2009,75+,pct_neither,29.6653,1.7757,520
2010,2009,75+,mean_networth_2022usd,898951.9086,63438.3690,520
2013,2012,all,share_agg_wage,62.4906,0.9166,6015
2013,2012,all,share_agg_xkg_wage,65.4945,0.7088,6015
2013,2012,all,pct_with_wage,72.0402,0.3669,6015
2013,2012,all,share_agg_bus,12.9932,0.6380,6015
2013,2012,all,share_agg_xkg_bus,13.6178,0.6600,6015
2013,2012,all,pct_with_bus,15.9826,0.3735,6015
2013,2012,all,share_agg_intdiv,3.4299,0.1637,6015
2013,2012,all,share_agg_xkg_intdiv,3.5948,0.1693,6015
2013,2012,all,pct_with_intdiv,22.1887,0.4186,6015
2013,2012,all,share_agg_kg,4.5865,0.8936,6015
2013,2012,all,pct_with_kg,5.9177,0.2258,6015
2013,2012,all,share_agg_ss,6.2391,0.1425,6015
2013,2012,all,share_agg_xkg_ss,6.5390,0.1425,6015
2013,2012,all,pct_with_ss,29.2334,0.3113,6015
2013,2012,all,share_agg_pen,4.7788,0.1948,6015
2013,2012,all,share_agg_xkg_pen,5.0085,0.1970,6015
2013,2012,all,pct_with_pen,17.8487,0.3723,6015
2013,2012,all,share_agg_sspen_unalloc,0.2365,0.0281,6015
2013,2012,all,share_agg_xkg_sspen_unalloc,0.2479,0.0293,6015
2013,2012,all,pct_with_sspen_unalloc,1.6812,0.1380,6015
2013,2012,all,share_agg_acctwd,1.7385,0.1580,6015
2013,2012,all,share_agg_xkg_acctwd,1.8221,0.1650,6015
2013,2012,all,pct_with_acctwd,6.8728,0.2258,6015
2013,2012,all,share_agg_transfers,1.7181,0.0542,6015
2013,2012,all,share_agg_xkg_transfers,1.8007,0.0548,6015
2013,2012,all,pct_with_transfers,22.0495,0.4558,6015
2013,2012,all,share_agg_other,1.7887,0.2141,6015
2013,2012,all,share_agg_xkg_other,1.8746,0.2238,6015
2013,2012,all,pct_with_other,10.4001,0.3007,6015
2013,2012,all,share_agg_other_raw_uncapped,1.8455,0.2160,6015
2013,2012,all,share_agg_ss_raw_uncapped_other,6.2355,0.1425,6015
2013,2012,all,share_agg_ss_plus_pen_plus_unalloc,11.2545,0.2682,6015
2013,2012,all,share_agg_pen_plus_acctwd,6.5173,0.2534,6015
2013,2012,all,share_agg_xkg_pen_plus_acctwd,6.8306,0.2566,6015
2013,2012,all,share_agg_comparable_other_plus_acctwd,5.2453,0.2703,6015
2013,2012,all,pct_with_ss_or_pen_any,35.6784,0.3506,6015
2013,2012,all,pct_with_pen_or_acctwd,21.3936,0.3701,6015
2013,2012,all,pct_receiving_ss_now,29.8324,0.3120,6015
2013,2012,all,pct_receiving_pension_now,18.5049,0.3771,6015
2013,2012,all,pct_ss_ge50pct_of_income,15.6532,0.3187,6015
2013,2012,all,pct_ss_ge90pct_of_income,5.7567,0.2576,6015
2013,2012,all,mean_hh_share_ss,16.0529,0.2377,6015
2013,2012,all,mean_hh_share_pen_plus_acctwd,8.1893,0.2203,6015
2013,2012,all,mean_hh_share_wage,59.5544,0.3245,6015
2013,2012,all,mean_hh_share_capital,7.5473,0.1991,6015
2013,2012,all,mean_income_2022usd,109984.5156,1900.4122,6015
2013,2012,all,pct_networth_ret,18.7401,0.5179,6015
2013,2012,all,pct_networth_homeeq,19.6524,0.3875,6015
2013,2012,all,pct_networth_othfin,29.1741,0.7359,6015
2013,2012,all,pct_networth_othnfin,36.9601,0.9689,6015
2013,2012,all,pct_networth_othdebt,-4.5266,0.1791,6015
2013,2012,all,pct_assets_ret,15.9833,0.4431,6015
2013,2012,all,pct_has_ret,49.2316,0.4873,6015
2013,2012,all,pct_has_ira,28.0987,0.4320,6015
2013,2012,all,pct_has_dcacct,34.5195,0.5203,6015
2013,2012,all,pct_has_home,65.1474,0.0635,6015
2013,2012,all,pct_has_db_receiving,18.5049,0.3771,6015
2013,2012,all,pct_has_db_future_or_cj,31.2754,0.4986,6015
2013,2012,all,pct_has_db_any,32.3685,0.4958,6015
2013,2012,all,pct_db_only,14.1225,0.3859,6015
2013,2012,all,pct_dc_only,30.9856,0.5164,6015
2013,2012,all,pct_db_and_dc,18.2460,0.4141,6015
2013,2012,all,pct_neither,36.6459,0.4910,6015
2013,2012,all,mean_networth_2022usd,672591.5442,12577.3003,6015
2013,2012,55-64,share_agg_wage,58.8132,2.4582,1281
2013,2012,55-64,share_agg_xkg_wage,63.9311,1.5190,1281
2013,2012,55-64,pct_with_wage,72.6714,1.0590,1281
2013,2012,55-64,share_agg_bus,15.1515,1.3852,1281
2013,2012,55-64,share_agg_xkg_bus,16.4700,1.3602,1281
2013,2012,55-64,pct_with_bus,19.6938,0.8228,1281
2013,2012,55-64,share_agg_intdiv,3.8774,0.4224,1281
2013,2012,55-64,share_agg_xkg_intdiv,4.2148,0.4293,1281
2013,2012,55-64,pct_with_intdiv,25.9335,1.0900,1281
2013,2012,55-64,share_agg_kg,8.0053,3.2550,1281
2013,2012,55-64,pct_with_kg,7.3557,0.6527,1281
2013,2012,55-64,share_agg_ss,3.4016,0.2590,1281
2013,2012,55-64,share_agg_xkg_ss,3.6976,0.2501,1281
2013,2012,55-64,pct_with_ss,25.2535,1.2252,1281
2013,2012,55-64,share_agg_pen,5.5894,0.4670,1281
2013,2012,55-64,share_agg_xkg_pen,6.0758,0.4573,1281
2013,2012,55-64,pct_with_pen,22.5624,1.0457,1281
2013,2012,55-64,share_agg_sspen_unalloc,0.3555,0.0693,1281
2013,2012,55-64,share_agg_xkg_sspen_unalloc,0.3864,0.0733,1281
2013,2012,55-64,pct_with_sspen_unalloc,2.6118,0.3288,1281
2013,2012,55-64,share_agg_acctwd,1.3808,0.2133,1281
2013,2012,55-64,share_agg_xkg_acctwd,1.5009,0.2230,1281
2013,2012,55-64,pct_with_acctwd,5.7867,0.4965,1281
2013,2012,55-64,share_agg_transfers,1.2463,0.1172,1281
2013,2012,55-64,share_agg_xkg_transfers,1.3548,0.1185,1281
2013,2012,55-64,pct_with_transfers,20.2395,1.1350,1281
2013,2012,55-64,share_agg_other,2.1791,0.4331,1281
2013,2012,55-64,share_agg_xkg_other,2.3687,0.4610,1281
2013,2012,55-64,pct_with_other,10.2682,0.7969,1281
2013,2012,55-64,share_agg_other_raw_uncapped,2.2582,0.4535,1281
2013,2012,55-64,share_agg_ss_raw_uncapped_other,3.3988,0.2588,1281
2013,2012,55-64,share_agg_ss_plus_pen_plus_unalloc,9.3464,0.6573,1281
2013,2012,55-64,share_agg_pen_plus_acctwd,6.9701,0.5574,1281
2013,2012,55-64,share_agg_xkg_pen_plus_acctwd,7.5767,0.5368,1281
2013,2012,55-64,share_agg_comparable_other_plus_acctwd,4.8061,0.4896,1281
2013,2012,55-64,pct_with_ss_or_pen_any,42.3220,1.4085,1281
2013,2012,55-64,pct_with_pen_or_acctwd,26.2055,1.0053,1281
2013,2012,55-64,pct_receiving_ss_now,26.5428,1.2406,1281
2013,2012,55-64,pct_receiving_pension_now,23.9121,1.0751,1281
2013,2012,55-64,pct_ss_ge50pct_of_income,11.6355,0.7607,1281
2013,2012,55-64,pct_ss_ge90pct_of_income,5.4599,0.5418,1281
2013,2012,55-64,mean_hh_share_ss,12.9511,0.7307,1281
2013,2012,55-64,mean_hh_share_pen_plus_acctwd,10.9143,0.5898,1281
2013,2012,55-64,mean_hh_share_wage,58.1672,1.0259,1281
2013,2012,55-64,mean_hh_share_capital,10.1192,0.5320,1281
2013,2012,55-64,mean_income_2022usd,138726.2208,7027.6763,1281
2013,2012,55-64,pct_networth_ret,21.2599,1.0335,1281
2013,2012,55-64,pct_networth_homeeq,18.1970,0.7375,1281
2013,2012,55-64,pct_networth_othfin,28.2548,1.4148,1281
2013,2012,55-64,pct_networth_othnfin,35.7954,1.6546,1281
2013,2012,55-64,pct_networth_othdebt,-3.5071,0.3264,1281
2013,2012,55-64,pct_assets_ret,18.8072,0.8922,1281
2013,2012,55-64,pct_has_ret,59.3315,1.1686,1281
2013,2012,55-64,pct_has_ira,38.2400,1.0393,1281
2013,2012,55-64,pct_has_dcacct,41.5117,1.1825,1281
2013,2012,55-64,pct_has_home,74.2411,0.6366,1281
2013,2012,55-64,pct_has_db_receiving,23.9121,1.0751,1281
2013,2012,55-64,pct_has_db_future_or_cj,40.0395,1.2761,1281
2013,2012,55-64,pct_has_db_any,41.9460,1.2388,1281
2013,2012,55-64,pct_db_only,14.4309,0.8711,1281
2013,2012,55-64,pct_dc_only,31.8164,1.0954,1281
2013,2012,55-64,pct_db_and_dc,27.5150,1.0931,1281
2013,2012,55-64,pct_neither,26.2376,0.9930,1281
2013,2012,55-64,mean_networth_2022usd,1012393.6796,51623.0888,1281
2013,2012,65+,share_agg_wage,23.4984,1.2754,1343
2013,2012,65+,share_agg_xkg_wage,25.3367,1.2908,1343
2013,2012,65+,pct_with_wage,29.1745,0.9808,1343
2013,2012,65+,share_agg_bus,12.5444,1.0397,1343
2013,2012,65+,share_agg_xkg_bus,13.5258,1.1128,1343
2013,2012,65+,pct_with_bus,14.8265,0.8617,1343
2013,2012,65+,share_agg_intdiv,8.3367,0.4799,1343
2013,2012,65+,share_agg_xkg_intdiv,8.9889,0.5357,1343
2013,2012,65+,pct_with_intdiv,33.2597,0.9314,1343
2013,2012,65+,share_agg_kg,7.2557,1.1889,1343
2013,2012,65+,pct_with_kg,8.2414,0.6077,1343
2013,2012,65+,share_agg_ss,24.3226,0.8346,1343
2013,2012,65+,share_agg_xkg_ss,26.2254,0.8620,1343
2013,2012,65+,pct_with_ss,92.4826,0.5980,1343
2013,2012,65+,share_agg_pen,14.8667,0.6954,1343
2013,2012,65+,share_agg_xkg_pen,16.0297,0.7087,1343
2013,2012,65+,pct_with_pen,51.5925,1.0597,1343
2013,2012,65+,share_agg_sspen_unalloc,0.1990,0.0782,1343
2013,2012,65+,share_agg_xkg_sspen_unalloc,0.2145,0.0843,1343
2013,2012,65+,pct_with_sspen_unalloc,0.5860,0.1797,1343
2013,2012,65+,share_agg_acctwd,6.1865,0.6487,1343
2013,2012,65+,share_agg_xkg_acctwd,6.6705,0.7029,1343
2013,2012,65+,pct_with_acctwd,21.0894,0.8456,1343
2013,2012,65+,share_agg_transfers,0.5579,0.0657,1343
2013,2012,65+,share_agg_xkg_transfers,0.6015,0.0699,1343
2013,2012,65+,pct_with_transfers,11.3456,0.8191,1343
2013,2012,65+,share_agg_other,2.2323,0.7735,1343
2013,2012,65+,share_agg_xkg_other,2.4070,0.8336,1343
2013,2012,65+,pct_with_other,7.9808,0.6831,1343
2013,2012,65+,share_agg_other_raw_uncapped,2.2662,0.7740,1343
2013,2012,65+,share_agg_ss_raw_uncapped_other,24.3141,0.8341,1343
2013,2012,65+,share_agg_ss_plus_pen_plus_unalloc,39.3882,1.2729,1343
2013,2012,65+,share_agg_pen_plus_acctwd,21.0532,0.8779,1343
2013,2012,65+,share_agg_xkg_pen_plus_acctwd,22.7002,0.9056,1343
2013,2012,65+,share_agg_comparable_other_plus_acctwd,8.9767,0.9829,1343
2013,2012,65+,pct_with_ss_or_pen_any,96.3426,0.3837,1343
2013,2012,65+,pct_with_pen_or_acctwd,60.3415,1.1117,1343
2013,2012,65+,pct_receiving_ss_now,93.8334,0.5605,1343
2013,2012,65+,pct_receiving_pension_now,51.9236,1.0416,1343
2013,2012,65+,pct_ss_ge50pct_of_income,51.1760,1.1715,1343
2013,2012,65+,pct_ss_ge90pct_of_income,18.2898,0.9696,1343
2013,2012,65+,mean_hh_share_ss,51.6402,0.7032,1343
2013,2012,65+,mean_hh_share_pen_plus_acctwd,23.0033,0.6281,1343
2013,2012,65+,mean_hh_share_wage,14.0448,0.5383,1343
2013,2012,65+,mean_hh_share_capital,8.1472,0.4199,1343
2013,2012,65+,mean_income_2022usd,96324.7891,3285.2024,1343
2013,2012,65+,pct_networth_ret,17.3602,0.9875,1343
2013,2012,65+,pct_networth_homeeq,20.8428,0.6875,1343
2013,2012,65+,pct_networth_othfin,33.5940,1.3543,1343
2013,2012,65+,pct_networth_othnfin,29.6685,1.5789,1343
2013,2012,65+,pct_networth_othdebt,-1.4656,0.1281,1343
2013,2012,65+,pct_assets_ret,16.3910,0.9326,1343
2013,2012,65+,pct_has_ret,39.3900,1.0514,1343
2013,2012,65+,pct_has_ira,34.5281,0.9567,1343
2013,2012,65+,pct_has_dcacct,11.3178,0.7227,1343
2013,2012,65+,pct_has_home,83.2242,0.5147,1343
2013,2012,65+,pct_has_db_receiving,51.9236,1.0416,1343
2013,2012,65+,pct_has_db_future_or_cj,54.0998,1.0172,1343
2013,2012,65+,pct_has_db_any,55.2199,1.0175,1343
2013,2012,65+,pct_db_only,30.8627,1.0080,1343
2013,2012,65+,pct_dc_only,15.0329,0.7592,1343
2013,2012,65+,pct_db_and_dc,24.3572,0.8670,1343
2013,2012,65+,pct_neither,29.7473,1.0851,1343
2013,2012,65+,mean_networth_2022usd,1081257.1228,45683.6938,1343
2013,2012,65-74,share_agg_wage,30.7471,1.7149,817
2013,2012,65-74,share_agg_xkg_wage,33.0341,1.7236,817
2013,2012,65-74,pct_with_wage,42.9191,1.3792,817
2013,2012,65-74,share_agg_bus,13.2000,1.3370,817
2013,2012,65-74,share_agg_xkg_bus,14.1818,1.4086,817
2013,2012,65-74,pct_with_bus,17.4840,1.1174,817
2013,2012,65-74,share_agg_intdiv,7.6486,0.6264,817
2013,2012,65-74,share_agg_xkg_intdiv,8.2175,0.7004,817
2013,2012,65-74,pct_with_intdiv,34.4227,1.2461,817
2013,2012,65-74,share_agg_kg,6.9230,1.3953,817
2013,2012,65-74,pct_with_kg,9.5250,0.9373,817
2013,2012,65-74,share_agg_ss,19.0815,0.9369,817
2013,2012,65-74,share_agg_xkg_ss,20.5007,0.9910,817
2013,2012,65-74,pct_with_ss,87.5343,1.0398,817
2013,2012,65-74,share_agg_pen,13.0967,0.7878,817
2013,2012,65-74,share_agg_xkg_pen,14.0708,0.8157,817
2013,2012,65-74,pct_with_pen,47.9765,1.6302,817
2013,2012,65-74,share_agg_sspen_unalloc,0.2847,0.1117,817
2013,2012,65-74,share_agg_xkg_sspen_unalloc,0.3059,0.1202,817
2013,2012,65-74,pct_with_sspen_unalloc,1.0729,0.3290,817
2013,2012,65-74,share_agg_acctwd,5.4900,0.8697,817
2013,2012,65-74,share_agg_xkg_acctwd,5.8984,0.9403,817
2013,2012,65-74,pct_with_acctwd,19.1727,1.2741,817
2013,2012,65-74,share_agg_transfers,0.6076,0.0845,817
2013,2012,65-74,share_agg_xkg_transfers,0.6528,0.0900,817
2013,2012,65-74,pct_with_transfers,13.2794,1.1212,817
2013,2012,65-74,share_agg_other,2.9207,1.0967,817
2013,2012,65-74,share_agg_xkg_other,3.1380,1.1789,817
2013,2012,65-74,pct_with_other,8.7102,1.0827,817
2013,2012,65-74,share_agg_other_raw_uncapped,2.9517,1.0976,817
2013,2012,65-74,share_agg_ss_raw_uncapped_other,19.0754,0.9366,817
2013,2012,65-74,share_agg_ss_plus_pen_plus_unalloc,32.4629,1.4040,817
2013,2012,65-74,share_agg_pen_plus_acctwd,18.5867,1.1013,817
2013,2012,65-74,share_agg_xkg_pen_plus_acctwd,19.9692,1.1604,817
2013,2012,65-74,share_agg_comparable_other_plus_acctwd,9.0183,1.3667,817
2013,2012,65-74,pct_with_ss_or_pen_any,93.3043,0.7025,817
2013,2012,65-74,pct_with_pen_or_acctwd,57.0225,1.6790,817
2013,2012,65-74,pct_receiving_ss_now,90.0075,0.9635,817
2013,2012,65-74,pct_receiving_pension_now,48.5827,1.5770,817
2013,2012,65-74,pct_ss_ge50pct_of_income,41.9693,1.5027,817
2013,2012,65-74,pct_ss_ge90pct_of_income,14.8460,1.1111,817
2013,2012,65-74,mean_hh_share_ss,44.0489,1.0027,817
2013,2012,65-74,mean_hh_share_pen_plus_acctwd,21.3986,0.8801,817
2013,2012,65-74,mean_hh_share_wage,22.0926,0.9444,817
2013,2012,65-74,mean_hh_share_capital,8.6334,0.5703,817
2013,2012,65-74,mean_income_2022usd,123262.9941,5642.6103,817
2013,2012,65-74,pct_networth_ret,20.3177,1.3201,817
2013,2012,65-74,pct_networth_homeeq,18.9610,0.7726,817
2013,2012,65-74,pct_networth_othfin,32.0592,1.6809,817
2013,2012,65-74,pct_networth_othnfin,30.2945,1.6916,817
2013,2012,65-74,pct_networth_othdebt,-1.6324,0.1814,817
2013,2012,65-74,pct_assets_ret,19.0068,1.2268,817
2013,2012,65-74,pct_has_ret,48.0335,1.5881,817
2013,2012,65-74,pct_has_ira,41.2324,1.4651,817
2013,2012,65-74,pct_has_dcacct,16.4852,1.0963,817
2013,2012,65-74,pct_has_home,85.8001,0.8898,817
2013,2012,65-74,pct_has_db_receiving,48.5827,1.5770,817
2013,2012,65-74,pct_has_db_future_or_cj,53.0180,1.4257,817
2013,2012,65-74,pct_has_db_any,54.0973,1.5111,817
2013,2012,65-74,pct_db_only,25.9616,1.4009,817
2013,2012,65-74,pct_dc_only,19.8978,1.2135,817
2013,2012,65-74,pct_db_and_dc,28.1357,1.2829,817
2013,2012,65-74,pct_neither,26.0049,1.5084,817
2013,2012,65-74,mean_networth_2022usd,1333057.0194,74208.3149,817
2013,2012,75+,share_agg_wage,6.6735,0.8592,526
2013,2012,75+,share_agg_xkg_wage,7.2560,0.9321,526
2013,2012,75+,pct_with_wage,12.6344,1.2240,526
2013,2012,75+,share_agg_bus,11.0226,1.4575,526
2013,2012,75+,share_agg_xkg_bus,11.9847,1.6126,526
2013,2012,75+,pct_with_bus,11.6285,1.1866,526
2013,2012,75+,share_agg_intdiv,9.9337,0.9481,526
2013,2012,75+,share_agg_xkg_intdiv,10.8008,1.0199,526
2013,2012,75+,pct_with_intdiv,31.8602,1.5252,526
2013,2012,75+,share_agg_kg,8.0277,1.6430,526
2013,2012,75+,pct_with_kg,6.6968,0.8837,526
2013,2012,75+,share_agg_ss,36.4875,1.4819,526
2013,2012,75+,share_agg_xkg_ss,39.6722,1.3741,526
2013,2012,75+,pct_with_ss,98.4374,0.3634,526
2013,2012,75+,share_agg_pen,18.9749,1.3224,526
2013,2012,75+,share_agg_xkg_pen,20.6310,1.2880,526
2013,2012,75+,pct_with_pen,55.9440,1.7325,526
2013,2012,75+,share_agg_sspen_unalloc,0.0000,0.0000,526
2013,2012,75+,share_agg_xkg_sspen_unalloc,0.0000,0.0000,526
2013,2012,75+,pct_with_sspen_unalloc,0.0000,0.0000,526
2013,2012,75+,share_agg_acctwd,7.8031,0.9602,526
2013,2012,75+,share_agg_xkg_acctwd,8.4842,1.0396,526
2013,2012,75+,pct_with_acctwd,23.3958,1.4663,526
2013,2012,75+,share_agg_transfers,0.4425,0.0731,526
2013,2012,75+,share_agg_xkg_transfers,0.4811,0.0781,526
2013,2012,75+,pct_with_transfers,9.0186,0.9743,526
2013,2012,75+,share_agg_other,0.6345,0.1465,526
2013,2012,75+,share_agg_xkg_other,0.6899,0.1655,526
2013,2012,75+,pct_with_other,7.1031,1.0190,526
2013,2012,75+,share_agg_other_raw_uncapped,0.6752,0.1475,526
2013,2012,75+,share_agg_ss_raw_uncapped_other,36.4725,1.4812,526
2013,2012,75+,share_agg_ss_plus_pen_plus_unalloc,55.4623,2.2724,526
2013,2012,75+,share_agg_pen_plus_acctwd,26.7780,1.4190,526
2013,2012,75+,share_agg_xkg_pen_plus_acctwd,29.1152,1.3302,526
2013,2012,75+,share_agg_comparable_other_plus_acctwd,8.8801,0.9515,526
2013,2012,75+,pct_with_ss_or_pen_any,99.9988,0.0015,526
2013,2012,75+,pct_with_pen_or_acctwd,64.3355,1.6637,526
2013,2012,75+,pct_receiving_ss_now,98.4374,0.3634,526
2013,2012,75+,pct_receiving_pension_now,55.9440,1.7325,526
2013,2012,75+,pct_ss_ge50pct_of_income,62.2551,2.0499,526
2013,2012,75+,pct_ss_ge90pct_of_income,22.4340,1.6597,526
2013,2012,75+,mean_hh_share_ss,60.7772,1.0770,526
2013,2012,75+,mean_hh_share_pen_plus_acctwd,24.9348,0.9215,526
2013,2012,75+,mean_hh_share_wage,4.3585,0.4808,526
2013,2012,75+,mean_hh_share_capital,7.5620,0.5997,526
2013,2012,75+,mean_income_2022usd,63907.6806,2871.1464,526
2013,2012,75+,pct_networth_ret,11.2642,1.6752,526
2013,2012,75+,pct_networth_homeeq,24.7218,1.6903,526
2013,2012,75+,pct_networth_othfin,36.7579,2.8090,526
2013,2012,75+,pct_networth_othnfin,28.3782,3.2972,526
2013,2012,75+,pct_networth_othdebt,-1.1220,0.1712,526
2013,2012,75+,pct_assets_ret,10.8428,1.6212,526
2013,2012,75+,pct_has_ret,28.9886,1.6018,526
2013,2012,75+,pct_has_ira,26.4603,1.4899,526
2013,2012,75+,pct_has_dcacct,5.0994,0.7838,526
2013,2012,75+,pct_has_home,80.1243,1.0083,526
2013,2012,75+,pct_has_db_receiving,55.9440,1.7325,526
2013,2012,75+,pct_has_db_future_or_cj,55.4016,1.7093,526
2013,2012,75+,pct_has_db_any,56.5708,1.7392,526
2013,2012,75+,pct_db_only,36.7607,1.6816,526
2013,2012,75+,pct_dc_only,9.1785,1.0025,526
2013,2012,75+,pct_db_and_dc,19.8101,1.4462,526
2013,2012,75+,pct_neither,34.2508,1.6946,526
2013,2012,75+,mean_networth_2022usd,778244.1887,64082.8206,526
2016,2015,all,share_agg_wage,60.5268,0.9486,6248
2016,2015,all,share_agg_xkg_wage,63.9513,0.8614,6248
2016,2015,all,pct_with_wage,70.7644,0.3306,6248
2016,2015,all,share_agg_bus,13.6735,0.6281,6248
2016,2015,all,share_agg_xkg_bus,14.4472,0.6520,6248
2016,2015,all,pct_with_bus,19.4485,0.4066,6248
2016,2015,all,share_agg_intdiv,3.3242,0.1290,6248
2016,2015,all,share_agg_xkg_intdiv,3.5123,0.1382,6248
2016,2015,all,pct_with_intdiv,19.6433,0.4918,6248
2016,2015,all,share_agg_kg,5.3549,0.7527,6248
2016,2015,all,pct_with_kg,7.0579,0.2681,6248
2016,2015,all,share_agg_ss,6.4468,0.1555,6248
2016,2015,all,share_agg_xkg_ss,6.8116,0.1584,6248
2016,2015,all,pct_with_ss,30.2796,0.2458,6248
2016,2015,all,share_agg_pen,4.7086,0.1611,6248
2016,2015,all,share_agg_xkg_pen,4.9750,0.1666,6248
2016,2015,all,pct_with_pen,17.4595,0.3651,6248
2016,2015,all,share_agg_sspen_unalloc,0.2402,0.0237,6248
2016,2015,all,share_agg_xkg_sspen_unalloc,0.2538,0.0251,6248
2016,2015,all,pct_with_sspen_unalloc,1.9550,0.1439,6248
2016,2015,all,share_agg_acctwd,2.0415,0.1427,6248
2016,2015,all,share_agg_xkg_acctwd,2.1570,0.1496,6248
2016,2015,all,pct_with_acctwd,9.4235,0.3193,6248
2016,2015,all,share_agg_transfers,1.1233,0.0444,6248
2016,2015,all,share_agg_xkg_transfers,1.1869,0.0471,6248
2016,2015,all,pct_with_transfers,19.9859,0.4684,6248
2016,2015,all,share_agg_other,2.5601,0.6311,6248
2016,2015,all,share_agg_xkg_other,2.7050,0.6660,6248
2016,2015,all,pct_with_other,8.8446,0.3384,6248
2016,2015,all,share_agg_other_raw_uncapped,2.7306,0.7029,6248
2016,2015,all,share_agg_ss_raw_uncapped_other,6.4355,0.1566,6248
2016,2015,all,share_agg_ss_plus_pen_plus_unalloc,11.3956,0.2761,6248
2016,2015,all,share_agg_pen_plus_acctwd,6.7501,0.2383,6248
2016,2015,all,share_agg_xkg_pen_plus_acctwd,7.1321,0.2459,6248
2016,2015,all,share_agg_comparable_other_plus_acctwd,5.7250,0.6351,6248
2016,2015,all,pct_with_ss_or_pen_any,36.3008,0.3275,6248
2016,2015,all,pct_with_pen_or_acctwd,22.3466,0.3993,6248
2016,2015,all,pct_receiving_ss_now,32.0556,0.2859,6248
2016,2015,all,pct_receiving_pension_now,17.8550,0.3666,6248
2016,2015,all,pct_ss_ge50pct_of_income,15.8392,0.2937,6248
2016,2015,all,pct_ss_ge90pct_of_income,5.5550,0.2445,6248
2016,2015,all,mean_hh_share_ss,16.3333,0.2065,6248
2016,2015,all,mean_hh_share_pen_plus_acctwd,8.3162,0.2009,6248
2016,2015,all,mean_hh_share_wage,58.8569,0.2930,6248
2016,2015,all,mean_hh_share_capital,8.9775,0.1811,6248
2016,2015,all,mean_income_2022usd,125614.7755,2347.6507,6248
2016,2015,all,pct_networth_ret,17.2695,0.4651,6248
2016,2015,all,pct_networth_homeeq,18.2651,0.4429,6248
2016,2015,all,pct_networth_othfin,31.2013,0.8067,6248
2016,2015,all,pct_networth_othnfin,37.5497,0.9765,6248
2016,2015,all,pct_networth_othdebt,-4.2856,0.1616,6248
2016,2015,all,pct_assets_ret,15.1683,0.4022,6248
2016,2015,all,pct_has_ret,52.0597,0.6040,6248
2016,2015,all,pct_has_ira,29.9287,0.6059,6248
2016,2015,all,pct_has_dcacct,35.7248,0.4771,6248
2016,2015,all,pct_has_home,63.6974,0.0643,6248
2016,2015,all,pct_has_db_receiving,17.8550,0.3666,6248
2016,2015,all,pct_has_db_future_or_cj,30.1689,0.5349,6248
2016,2015,all,pct_has_db_any,30.9577,0.5416,6248
2016,2015,all,pct_db_only,12.7462,0.4127,6248
2016,2015,all,pct_dc_only,33.8481,0.5880,6248
2016,2015,all,pct_db_and_dc,18.2116,0.4192,6248
2016,2015,all,pct_neither,35.1942,0.5508,6248
2016,2015,all,mean_networth_2022usd,850415.3168,15627.5394,6248
2016,2015,55-64,share_agg_wage,59.2504,2.1418,1446
2016,2015,55-64,share_agg_xkg_wage,64.4833,1.7847,1446
2016,2015,55-64,pct_with_wage,73.1639,0.8102,1446
2016,2015,55-64,share_agg_bus,17.0998,1.4213,1446
2016,2015,55-64,share_agg_xkg_bus,18.6101,1.4454,1446
2016,2015,55-64,pct_with_bus,25.2677,1.1209,1446
2016,2015,55-64,share_agg_intdiv,4.0393,0.2954,1446
2016,2015,55-64,share_agg_xkg_intdiv,4.3960,0.3280,1446
2016,2015,55-64,pct_with_intdiv,24.9736,1.1208,1446
2016,2015,55-64,share_agg_kg,8.1152,2.2289,1446
2016,2015,55-64,pct_with_kg,8.5641,0.6263,1446
2016,2015,55-64,share_agg_ss,2.9881,0.1990,1446
2016,2015,55-64,share_agg_xkg_ss,3.2520,0.1999,1446
2016,2015,55-64,pct_with_ss,24.9205,1.0659,1446
2016,2015,55-64,share_agg_pen,4.3108,0.3655,1446
2016,2015,55-64,share_agg_xkg_pen,4.6915,0.3757,1446
2016,2015,55-64,pct_with_pen,19.3146,0.9606,1446
2016,2015,55-64,share_agg_sspen_unalloc,0.3051,0.0639,1446
2016,2015,55-64,share_agg_xkg_sspen_unalloc,0.3320,0.0696,1446
2016,2015,55-64,pct_with_sspen_unalloc,2.4454,0.3319,1446
2016,2015,55-64,share_agg_acctwd,1.2761,0.2263,1446
2016,2015,55-64,share_agg_xkg_acctwd,1.3889,0.2449,1446
2016,2015,55-64,pct_with_acctwd,6.2554,0.5024,1446
2016,2015,55-64,share_agg_transfers,0.8138,0.0787,1446
2016,2015,55-64,share_agg_xkg_transfers,0.8856,0.0829,1446
2016,2015,55-64,pct_with_transfers,20.1218,0.9438,1446
2016,2015,55-64,share_agg_other,1.8014,0.4213,1446
2016,2015,55-64,share_agg_xkg_other,1.9605,0.4590,1446
2016,2015,55-64,pct_with_other,9.9172,0.6976,1446
2016,2015,55-64,share_agg_other_raw_uncapped,1.8519,0.4191,1446
2016,2015,55-64,share_agg_ss_raw_uncapped_other,2.9866,0.1989,1446
2016,2015,55-64,share_agg_ss_plus_pen_plus_unalloc,7.6039,0.4729,1446
2016,2015,55-64,share_agg_pen_plus_acctwd,5.5869,0.4631,1446
2016,2015,55-64,share_agg_xkg_pen_plus_acctwd,6.0803,0.4777,1446
2016,2015,55-64,share_agg_comparable_other_plus_acctwd,3.8913,0.4902,1446
2016,2015,55-64,pct_with_ss_or_pen_any,38.9576,1.1095,1446
2016,2015,55-64,pct_with_pen_or_acctwd,24.0994,0.9143,1446
2016,2015,55-64,pct_receiving_ss_now,28.5327,1.0857,1446
2016,2015,55-64,pct_receiving_pension_now,20.9649,0.9907,1446
2016,2015,55-64,pct_ss_ge50pct_of_income,12.8292,0.8114,1446
2016,2015,55-64,pct_ss_ge90pct_of_income,4.3091,0.3990,1446
2016,2015,55-64,mean_hh_share_ss,13.2489,0.6502,1446
2016,2015,55-64,mean_hh_share_pen_plus_acctwd,9.4062,0.5424,1446
2016,2015,55-64,mean_hh_share_wage,56.9547,0.7966,1446
2016,2015,55-64,mean_hh_share_capital,11.8485,0.5139,1446
2016,2015,55-64,mean_income_2022usd,172270.9760,8754.9382,1446
2016,2015,55-64,pct_networth_ret,18.9838,0.9594,1446
2016,2015,55-64,pct_networth_homeeq,15.2965,0.6585,1446
2016,2015,55-64,pct_networth_othfin,30.4502,1.6197,1446
2016,2015,55-64,pct_networth_othnfin,38.0886,1.8880,1446
2016,2015,55-64,pct_networth_othdebt,-2.8191,0.2178,1446
2016,2015,55-64,pct_assets_ret,17.3701,0.8564,1446
2016,2015,55-64,pct_has_ret,59.2534,1.1386,1446
2016,2015,55-64,pct_has_ira,37.7565,1.1452,1446
2016,2015,55-64,pct_has_dcacct,41.4687,1.0282,1446
2016,2015,55-64,pct_has_home,73.7242,0.6616,1446
2016,2015,55-64,pct_has_db_receiving,20.9649,0.9907,1446
2016,2015,55-64,pct_has_db_future_or_cj,37.3439,1.2336,1446
2016,2015,55-64,pct_has_db_any,39.2732,1.2535,1446
2016,2015,55-64,pct_db_only,13.5627,0.7886,1446
2016,2015,55-64,pct_dc_only,33.5430,1.3022,1446
2016,2015,55-64,pct_db_and_dc,25.7104,1.1054,1446
2016,2015,55-64,pct_neither,27.1839,1.0895,1446
2016,2015,55-64,mean_networth_2022usd,1436100.9283,65639.0196,1446
2016,2015,65+,share_agg_wage,24.2724,2.4467,1538
2016,2015,65+,share_agg_xkg_wage,26.2079,2.5484,1538
2016,2015,65+,pct_with_wage,27.7973,0.8238,1538
2016,2015,65+,share_agg_bus,12.9726,1.0930,1538
2016,2015,65+,share_agg_xkg_bus,14.0070,1.1892,1538
2016,2015,65+,pct_with_bus,20.6661,0.8290,1538
2016,2015,65+,share_agg_intdiv,7.4432,0.3999,1538
2016,2015,65+,share_agg_xkg_intdiv,8.0368,0.4490,1538
2016,2015,65+,pct_with_intdiv,31.3733,1.0043,1538
2016,2015,65+,share_agg_kg,7.3852,0.9423,1538
2016,2015,65+,pct_with_kg,11.2635,0.6988,1538
2016,2015,65+,share_agg_ss,23.4925,0.9411,1538
2016,2015,65+,share_agg_xkg_ss,25.3658,1.0397,1538
2016,2015,65+,pct_with_ss,92.4008,0.4759,1538
2016,2015,65+,share_agg_pen,14.5161,0.7082,1538
2016,2015,65+,share_agg_xkg_pen,15.6736,0.7727,1538
2016,2015,65+,pct_with_pen,48.9716,1.1439,1538
2016,2015,65+,share_agg_sspen_unalloc,0.0563,0.0196,1538
2016,2015,65+,share_agg_xkg_sspen_unalloc,0.0607,0.0212,1538
2016,2015,65+,pct_with_sspen_unalloc,0.3713,0.1165,1538
2016,2015,65+,share_agg_acctwd,7.0623,0.5166,1538
2016,2015,65+,share_agg_xkg_acctwd,7.6255,0.5649,1538
2016,2015,65+,pct_with_acctwd,29.6017,1.0820,1538
2016,2015,65+,share_agg_transfers,0.4978,0.0466,1538
2016,2015,65+,share_agg_xkg_transfers,0.5375,0.0507,1538
2016,2015,65+,pct_with_transfers,10.5060,0.5951,1538
2016,2015,65+,share_agg_other,2.3016,0.5733,1538
2016,2015,65+,share_agg_xkg_other,2.4852,0.6177,1538
2016,2015,65+,pct_with_other,7.2048,0.5880,1538
2016,2015,65+,share_agg_other_raw_uncapped,2.3723,0.5708,1538
2016,2015,65+,share_agg_ss_raw_uncapped_other,23.4755,0.9398,1538
2016,2015,65+,share_agg_ss_plus_pen_plus_unalloc,38.0649,1.5096,1538
2016,2015,65+,share_agg_pen_plus_acctwd,21.5784,0.9486,1538
2016,2015,65+,share_agg_xkg_pen_plus_acctwd,23.2991,1.0448,1538
2016,2015,65+,share_agg_comparable_other_plus_acctwd,9.8617,0.8159,1538
2016,2015,65+,pct_with_ss_or_pen_any,95.4510,0.4194,1538
2016,2015,65+,pct_with_pen_or_acctwd,62.0211,1.1196,1538
2016,2015,65+,pct_receiving_ss_now,93.8772,0.4370,1538
2016,2015,65+,pct_receiving_pension_now,48.9943,1.1432,1538
2016,2015,65+,pct_ss_ge50pct_of_income,48.4715,1.0499,1538
2016,2015,65+,pct_ss_ge90pct_of_income,16.8248,0.8679,1538
2016,2015,65+,mean_hh_share_ss,49.7822,0.6208,1538
2016,2015,65+,mean_hh_share_pen_plus_acctwd,23.6139,0.6057,1538
2016,2015,65+,mean_hh_share_wage,13.0975,0.5019,1538
2016,2015,65+,mean_hh_share_capital,10.2532,0.3906,1538
2016,2015,65+,mean_income_2022usd,113002.8502,4347.9562,1538
2016,2015,65+,pct_networth_ret,15.0975,0.6932,1538
2016,2015,65+,pct_networth_homeeq,18.6298,0.5994,1538
2016,2015,65+,pct_networth_othfin,35.8479,1.3746,1538
2016,2015,65+,pct_networth_othnfin,32.0868,1.5800,1538
2016,2015,65+,pct_networth_othdebt,-1.6619,0.1720,1538
2016,2015,65+,pct_assets_ret,14.3786,0.6544,1538
2016,2015,65+,pct_has_ret,45.8267,1.1586,1538
2016,2015,65+,pct_has_ira,38.1149,1.1451,1538
2016,2015,65+,pct_has_dcacct,14.1198,0.7269,1538
2016,2015,65+,pct_has_home,80.7713,0.5142,1538
2016,2015,65+,pct_has_db_receiving,48.9943,1.1432,1538
2016,2015,65+,pct_has_db_future_or_cj,51.5726,1.0996,1538
2016,2015,65+,pct_has_db_any,52.2063,1.1127,1538
2016,2015,65+,pct_db_only,26.0652,1.1432,1538
2016,2015,65+,pct_dc_only,19.6856,1.0049,1538
2016,2015,65+,pct_db_and_dc,26.1411,0.9584,1538
2016,2015,65+,pct_neither,28.1081,1.0266,1538
2016,2015,65+,mean_networth_2022usd,1309193.7744,45819.5897,1538
2016,2015,65-74,share_agg_wage,33.6859,3.3183,943
2016,2015,65-74,share_agg_xkg_wage,36.2237,3.3990,943
2016,2015,65-74,pct_with_wage,37.8176,1.1513,943
2016,2015,65-74,share_agg_bus,13.9897,1.4755,943
2016,2015,65-74,share_agg_xkg_bus,15.0436,1.6116,943
2016,2015,65-74,pct_with_bus,21.7941,1.0033,943
2016,2015,65-74,share_agg_intdiv,5.6192,0.4434,943
2016,2015,65-74,share_agg_xkg_intdiv,6.0425,0.5001,943
2016,2015,65-74,pct_with_intdiv,30.5723,1.4031,943
2016,2015,65-74,share_agg_kg,7.0058,1.1669,943
2016,2015,65-74,pct_with_kg,10.6793,0.9423,943
2016,2015,65-74,share_agg_ss,18.9375,1.1428,943
2016,2015,65-74,share_agg_xkg_ss,20.3642,1.2555,943
2016,2015,65-74,pct_with_ss,87.8819,0.8240,943
2016,2015,65-74,share_agg_pen,13.4615,0.9649,943
2016,2015,65-74,share_agg_xkg_pen,14.4756,1.0451,943
2016,2015,65-74,pct_with_pen,46.2377,1.5467,943
2016,2015,65-74,share_agg_sspen_unalloc,0.0882,0.0306,943
2016,2015,65-74,share_agg_xkg_sspen_unalloc,0.0948,0.0330,943
2016,2015,65-74,pct_with_sspen_unalloc,0.6653,0.2087,943
2016,2015,65-74,share_agg_acctwd,4.6911,0.4989,943
2016,2015,65-74,share_agg_xkg_acctwd,5.0445,0.5395,943
2016,2015,65-74,pct_with_acctwd,24.9360,1.4031,943
2016,2015,65-74,share_agg_transfers,0.5493,0.0741,943
2016,2015,65-74,share_agg_xkg_transfers,0.5907,0.0806,943
2016,2015,65-74,pct_with_transfers,12.8792,1.0561,943
2016,2015,65-74,share_agg_other,1.9719,0.5624,943
2016,2015,65-74,share_agg_xkg_other,2.1204,0.6046,943
2016,2015,65-74,pct_with_other,7.7144,0.8422,943
2016,2015,65-74,share_agg_other_raw_uncapped,2.0634,0.5642,943
2016,2015,65-74,share_agg_ss_raw_uncapped_other,18.9198,1.1409,943
2016,2015,65-74,share_agg_ss_plus_pen_plus_unalloc,32.4871,1.9752,943
2016,2015,65-74,share_agg_pen_plus_acctwd,18.1526,1.2003,943
2016,2015,65-74,share_agg_xkg_pen_plus_acctwd,19.5201,1.3038,943
2016,2015,65-74,share_agg_comparable_other_plus_acctwd,7.2123,0.8677,943
2016,2015,65-74,pct_with_ss_or_pen_any,92.2744,0.7031,943
2016,2015,65-74,pct_with_pen_or_acctwd,57.3396,1.7538,943
2016,2015,65-74,pct_receiving_ss_now,90.1034,0.8026,943
2016,2015,65-74,pct_receiving_pension_now,46.2783,1.5453,943
2016,2015,65-74,pct_ss_ge50pct_of_income,41.3198,1.4012,943
2016,2015,65-74,pct_ss_ge90pct_of_income,13.1710,0.9666,943
2016,2015,65-74,mean_hh_share_ss,44.1282,0.8855,943
2016,2015,65-74,mean_hh_share_pen_plus_acctwd,22.4486,0.8781,943
2016,2015,65-74,mean_hh_share_wage,19.5250,0.7979,943
2016,2015,65-74,mean_hh_share_capital,10.1150,0.5569,943
2016,2015,65-74,mean_income_2022usd,129215.7448,7471.2161,943
2016,2015,65-74,pct_networth_ret,16.8429,0.9735,943
2016,2015,65-74,pct_networth_homeeq,17.7908,0.7958,943
2016,2015,65-74,pct_networth_othfin,34.4451,1.7288,943
2016,2015,65-74,pct_networth_othnfin,32.9384,1.9798,943
2016,2015,65-74,pct_networth_othdebt,-2.0171,0.1777,943
2016,2015,65-74,pct_assets_ret,15.8549,0.9080,943
2016,2015,65-74,pct_has_ret,49.7693,1.4488,943
2016,2015,65-74,pct_has_ira,39.3362,1.5149,943
2016,2015,65-74,pct_has_dcacct,19.9811,1.0824,943
2016,2015,65-74,pct_has_home,78.9261,0.9553,943
2016,2015,65-74,pct_has_db_receiving,46.2783,1.5453,943
2016,2015,65-74,pct_has_db_future_or_cj,50.5763,1.3647,943
2016,2015,65-74,pct_has_db_any,51.7118,1.3695,943
2016,2015,65-74,pct_db_only,23.0713,1.4118,943
2016,2015,65-74,pct_dc_only,21.1288,1.2069,943
2016,2015,65-74,pct_db_and_dc,28.6405,1.4032,943
2016,2015,65-74,pct_neither,27.1594,1.4693,943
2016,2015,65-74,mean_networth_2022usd,1306045.2719,69726.0454,943
2016,2015,75+,share_agg_wage,7.6726,1.2335,595
2016,2015,75+,share_agg_xkg_wage,8.3447,1.3135,595
2016,2015,75+,pct_with_wage,15.1442,1.2836,595
2016,2015,75+,share_agg_bus,11.1790,1.2117,595
2016,2015,75+,share_agg_xkg_bus,12.1582,1.2904,595
2016,2015,75+,pct_with_bus,19.2418,1.3730,595
2016,2015,75+,share_agg_intdiv,10.6598,0.7823,595
2016,2015,75+,share_agg_xkg_intdiv,11.5936,0.8718,595
2016,2015,75+,pct_with_intdiv,32.3847,1.5779,595
2016,2015,75+,share_agg_kg,8.0543,1.5514,595
2016,2015,75+,pct_with_kg,12.0011,1.0773,595
2016,2015,75+,share_agg_ss,31.5248,1.2799,595
2016,2015,75+,share_agg_xkg_ss,34.2863,1.3103,595
2016,2015,75+,pct_with_ss,98.1069,0.5144,595
2016,2015,75+,share_agg_pen,16.3758,0.9915,595
2016,2015,75+,share_agg_xkg_pen,17.8103,1.0301,595
2016,2015,75+,pct_with_pen,52.4238,1.9989,595
2016,2015,75+,share_agg_sspen_unalloc,0.0000,0.0000,595
2016,2015,75+,share_agg_xkg_sspen_unalloc,0.0000,0.0000,595
2016,2015,75+,pct_with_sspen_unalloc,0.0000,0.0000,595
2016,2015,75+,share_agg_acctwd,11.2437,0.9970,595
2016,2015,75+,share_agg_xkg_acctwd,12.2286,1.0836,595
2016,2015,75+,pct_with_acctwd,35.4933,1.8142,595
2016,2015,75+,share_agg_transfers,0.4069,0.0723,595
2016,2015,75+,share_agg_xkg_transfers,0.4425,0.0793,595
2016,2015,75+,pct_with_transfers,7.5093,0.9268,595
2016,2015,75+,share_agg_other,2.8832,1.2176,595
2016,2015,75+,share_agg_xkg_other,3.1357,1.3179,595
2016,2015,75+,pct_with_other,6.5614,0.9281,595
2016,2015,75+,share_agg_other_raw_uncapped,2.9172,1.2173,595
2016,2015,75+,share_agg_ss_raw_uncapped_other,31.5138,1.2797,595
2016,2015,75+,share_agg_ss_plus_pen_plus_unalloc,47.9006,1.7794,595
2016,2015,75+,share_agg_pen_plus_acctwd,27.6195,1.3425,595
2016,2015,75+,share_agg_xkg_pen_plus_acctwd,30.0390,1.3974,595
2016,2015,75+,share_agg_comparable_other_plus_acctwd,14.5338,1.5024,595
2016,2015,75+,pct_with_ss_or_pen_any,99.4622,0.2778,595
2016,2015,75+,pct_with_pen_or_acctwd,67.9327,1.7272,595
2016,2015,75+,pct_receiving_ss_now,98.6426,0.4332,595
2016,2015,75+,pct_receiving_pension_now,52.4238,1.9989,595
2016,2015,75+,pct_ss_ge50pct_of_income,57.5022,1.7516,595
2016,2015,75+,pct_ss_ge90pct_of_income,21.4387,1.4453,595
2016,2015,75+,mean_hh_share_ss,56.9226,1.0348,595
2016,2015,75+,mean_hh_share_pen_plus_acctwd,25.0855,0.9577,595
2016,2015,75+,mean_hh_share_wage,4.9805,0.5271,595
2016,2015,75+,mean_hh_share_capital,10.4278,0.6250,595
2016,2015,75+,mean_income_2022usd,92530.1091,3631.5969,595
2016,2015,75+,pct_networth_ret,12.9054,0.9800,595
2016,2015,75+,pct_networth_homeeq,19.6835,0.9770,595
2016,2015,75+,pct_networth_othfin,37.6097,1.9764,595
2016,2015,75+,pct_networth_othnfin,31.0173,2.3835,595
2016,2015,75+,pct_networth_othdebt,-1.2158,0.3116,595
2016,2015,75+,pct_assets_ret,12.4747,0.9389,595
2016,2015,75+,pct_has_ret,40.8482,1.9080,595
2016,2015,75+,pct_has_ira,36.5727,1.9082,595
2016,2015,75+,pct_has_dcacct,6.7184,0.9815,595
2016,2015,75+,pct_has_home,83.1014,0.9937,595
2016,2015,75+,pct_has_db_receiving,52.4238,1.9989,595
2016,2015,75+,pct_has_db_future_or_cj,52.8306,2.0033,595
2016,2015,75+,pct_has_db_any,52.8306,2.0033,595
2016,2015,75+,pct_db_only,29.8457,1.9165,595
2016,2015,75+,pct_dc_only,17.8633,1.5481,595
2016,2015,75+,pct_db_and_dc,22.9849,1.3720,595
2016,2015,75+,pct_neither,29.3061,1.5203,595
2016,2015,75+,mean_networth_2022usd,1313169.5280,77634.0408,595
2019,2018,all,share_agg_wage,60.9223,0.8485,5777
2019,2018,all,share_agg_xkg_wage,64.3815,0.8042,5777
2019,2018,all,pct_with_wage,71.4604,0.3997,5777
2019,2018,all,share_agg_bus,13.7728,0.5169,5777
2019,2018,all,share_agg_xkg_bus,14.5548,0.5334,5777
2019,2018,all,pct_with_bus,20.5285,0.4180,5777
2019,2018,all,share_agg_intdiv,3.4498,0.1865,5777
2019,2018,all,share_agg_xkg_intdiv,3.6457,0.1979,5777
2019,2018,all,pct_with_intdiv,19.5270,0.4244,5777
2019,2018,all,share_agg_kg,5.3729,0.6142,5777
2019,2018,all,pct_with_kg,7.8142,0.3002,5777
2019,2018,all,share_agg_ss,6.3630,0.1271,5777
2019,2018,all,share_agg_xkg_ss,6.7243,0.1312,5777
2019,2018,all,pct_with_ss,30.4107,0.3277,5777
2019,2018,all,share_agg_pen,4.4905,0.1826,5777
2019,2018,all,share_agg_xkg_pen,4.7455,0.1922,5777
2019,2018,all,pct_with_pen,17.3673,0.4129,5777
2019,2018,all,share_agg_sspen_unalloc,0.2158,0.0262,5777
2019,2018,all,share_agg_xkg_sspen_unalloc,0.2281,0.0277,5777
2019,2018,all,pct_with_sspen_unalloc,1.3937,0.1213,5777
2019,2018,all,share_agg_acctwd,2.2860,0.2550,5777
2019,2018,all,share_agg_xkg_acctwd,2.4158,0.2688,5777
2019,2018,all,pct_with_acctwd,8.9340,0.3509,5777
2019,2018,all,share_agg_transfers,0.9413,0.0366,5777
2019,2018,all,share_agg_xkg_transfers,0.9947,0.0384,5777
2019,2018,all,pct_with_transfers,16.2262,0.4468,5777
2019,2018,all,share_agg_other,2.1856,0.6108,5777
2019,2018,all,share_agg_xkg_other,2.3097,0.6456,5777
2019,2018,all,pct_with_other,11.2140,0.3829,5777
2019,2018,all,share_agg_other_raw_uncapped,2.2076,0.6115,5777
2019,2018,all,share_agg_ss_raw_uncapped_other,6.3615,0.1271,5777
2019,2018,all,share_agg_ss_plus_pen_plus_unalloc,11.0693,0.2411,5777
2019,2018,all,share_agg_pen_plus_acctwd,6.7765,0.3067,5777
2019,2018,all,share_agg_xkg_pen_plus_acctwd,7.1613,0.3211,5777
2019,2018,all,share_agg_comparable_other_plus_acctwd,5.4129,0.6445,5777
2019,2018,all,pct_with_ss_or_pen_any,35.8064,0.4045,5777
2019,2018,all,pct_with_pen_or_acctwd,22.0909,0.4223,5777
2019,2018,all,pct_receiving_ss_now,33.0847,0.3185,5777
2019,2018,all,pct_receiving_pension_now,17.9286,0.4267,5777
2019,2018,all,pct_ss_ge50pct_of_income,15.2474,0.3983,5777
2019,2018,all,pct_ss_ge90pct_of_income,5.6325,0.3003,5777
2019,2018,all,mean_hh_share_ss,16.2298,0.2657,5777
2019,2018,all,mean_hh_share_pen_plus_acctwd,7.9750,0.2181,5777
2019,2018,all,mean_hh_share_wage,59.9211,0.3795,5777
2019,2018,all,mean_hh_share_capital,9.3168,0.2221,5777
2019,2018,all,mean_income_2022usd,123576.3903,1938.2086,5777
2019,2018,all,pct_networth_ret,17.2735,0.4831,5777
2019,2018,all,pct_networth_homeeq,19.7356,0.4566,5777
2019,2018,all,pct_networth_othfin,30.6776,0.8843,5777
2019,2018,all,pct_networth_othnfin,36.5484,1.1724,5777
2019,2018,all,pct_networth_othdebt,-4.2351,0.1376,5777
2019,2018,all,pct_assets_ret,15.0982,0.4177,5777
2019,2018,all,pct_has_ret,50.4953,0.5563,5777
2019,2018,all,pct_has_ira,25.4438,0.4513,5777
2019,2018,all,pct_has_dcacct,37.4654,0.5339,5777
2019,2018,all,pct_has_home,64.8986,0.0853,5777
2019,2018,all,pct_has_db_receiving,17.9286,0.4267,5777
2019,2018,all,pct_has_db_future_or_cj,30.1773,0.5927,5777
2019,2018,all,pct_has_db_any,31.2461,0.5893,5777
2019,2018,all,pct_db_only,13.5548,0.3774,5777
2019,2018,all,pct_dc_only,32.8040,0.5894,5777
2019,2018,all,pct_db_and_dc,17.6913,0.4349,5777
2019,2018,all,pct_neither,35.9498,0.5648,5777
2019,2018,all,mean_networth_2022usd,865703.6196,17976.1462,5777
2019,2018,55-64,share_agg_wage,60.7135,1.5904,1281
2019,2018,55-64,share_agg_xkg_wage,63.9290,1.4583,1281
2019,2018,55-64,pct_with_wage,72.6149,1.1339,1281
2019,2018,55-64,share_agg_bus,19.9843,1.3275,1281
2019,2018,55-64,share_agg_xkg_bus,21.0428,1.3781,1281
2019,2018,55-64,pct_with_bus,24.7435,0.9583,1281
2019,2018,55-64,share_agg_intdiv,4.1069,0.3063,1281
2019,2018,55-64,share_agg_xkg_intdiv,4.3244,0.3301,1281
2019,2018,55-64,pct_with_intdiv,21.3695,1.0610,1281
2019,2018,55-64,share_agg_kg,5.0298,1.0666,1281
2019,2018,55-64,pct_with_kg,8.7142,0.6790,1281
2019,2018,55-64,share_agg_ss,3.1076,0.1937,1281
2019,2018,55-64,share_agg_xkg_ss,3.2721,0.2033,1281
2019,2018,55-64,pct_with_ss,25.7473,1.0018,1281
2019,2018,55-64,share_agg_pen,3.9134,0.3722,1281
2019,2018,55-64,share_agg_xkg_pen,4.1207,0.3879,1281
2019,2018,55-64,pct_with_pen,16.9176,1.0296,1281
2019,2018,55-64,share_agg_sspen_unalloc,0.3384,0.0979,1281
2019,2018,55-64,share_agg_xkg_sspen_unalloc,0.3563,0.1032,1281
2019,2018,55-64,pct_with_sspen_unalloc,1.9030,0.3003,1281
2019,2018,55-64,share_agg_acctwd,1.2140,0.2257,1281
2019,2018,55-64,share_agg_xkg_acctwd,1.2783,0.2370,1281
2019,2018,55-64,pct_with_acctwd,5.9121,0.6003,1281
2019,2018,55-64,share_agg_transfers,0.7904,0.0719,1281
2019,2018,55-64,share_agg_xkg_transfers,0.8322,0.0753,1281
2019,2018,55-64,pct_with_transfers,18.1150,0.9221,1281
2019,2018,55-64,share_agg_other,0.8016,0.3305,1281
2019,2018,55-64,share_agg_xkg_other,0.8441,0.3498,1281
2019,2018,55-64,pct_with_other,11.0352,0.8307,1281
2019,2018,55-64,share_agg_other_raw_uncapped,0.8305,0.3313,1281
2019,2018,55-64,share_agg_ss_raw_uncapped_other,3.1067,0.1936,1281
2019,2018,55-64,share_agg_ss_plus_pen_plus_unalloc,7.3594,0.4669,1281
2019,2018,55-64,share_agg_pen_plus_acctwd,5.1275,0.4438,1281
2019,2018,55-64,share_agg_xkg_pen_plus_acctwd,5.3990,0.4616,1281
2019,2018,55-64,share_agg_comparable_other_plus_acctwd,2.8060,0.4116,1281
2019,2018,55-64,pct_with_ss_or_pen_any,37.7835,1.2168,1281
2019,2018,55-64,pct_with_pen_or_acctwd,21.2969,1.1882,1281
2019,2018,55-64,pct_receiving_ss_now,29.8088,1.0810,1281
2019,2018,55-64,pct_receiving_pension_now,18.5836,1.0395,1281
2019,2018,55-64,pct_ss_ge50pct_of_income,13.5082,0.8488,1281
2019,2018,55-64,pct_ss_ge90pct_of_income,6.4644,0.7074,1281
2019,2018,55-64,mean_hh_share_ss,14.1509,0.7660,1281
2019,2018,55-64,mean_hh_share_pen_plus_acctwd,7.4856,0.5210,1281
2019,2018,55-64,mean_hh_share_wage,59.2670,1.0471,1281
2019,2018,55-64,mean_hh_share_capital,12.1378,0.5899,1281
2019,2018,55-64,mean_income_2022usd,151696.0394,5483.6138,1281
2019,2018,55-64,pct_networth_ret,18.9101,1.0561,1281
2019,2018,55-64,pct_networth_homeeq,17.6831,0.7554,1281
2019,2018,55-64,pct_networth_othfin,28.8742,1.4983,1281
2019,2018,55-64,pct_networth_othnfin,37.5989,1.8929,1281
2019,2018,55-64,pct_networth_othdebt,-3.0664,0.2556,1281
2019,2018,55-64,pct_assets_ret,17.2567,0.9488,1281
2019,2018,55-64,pct_has_ret,54.4735,1.3755,1281
2019,2018,55-64,pct_has_ira,30.1750,1.2067,1281
2019,2018,55-64,pct_has_dcacct,42.3372,1.2147,1281
2019,2018,55-64,pct_has_home,74.0769,0.8130,1281
2019,2018,55-64,pct_has_db_receiving,18.5836,1.0395,1281
2019,2018,55-64,pct_has_db_future_or_cj,32.9131,1.1581,1281
2019,2018,55-64,pct_has_db_any,34.9402,1.1621,1281
2019,2018,55-64,pct_db_only,13.2444,0.7972,1281
2019,2018,55-64,pct_dc_only,32.7777,1.1101,1281
2019,2018,55-64,pct_db_and_dc,21.6959,1.0758,1281
2019,2018,55-64,pct_neither,32.2821,1.3295,1281
2019,2018,55-64,mean_networth_2022usd,1363822.5755,68624.4566,1281
2019,2018,65+,share_agg_wage,23.1853,1.4782,1551
2019,2018,65+,share_agg_xkg_wage,25.5046,1.5221,1551
2019,2018,65+,pct_with_wage,30.8801,1.1045,1551
2019,2018,65+,share_agg_bus,13.3994,0.9062,1551
2019,2018,65+,share_agg_xkg_bus,14.7398,0.9909,1551
2019,2018,65+,pct_with_bus,21.0482,0.8248,1551
2019,2018,65+,share_agg_intdiv,7.5778,0.6787,1551
2019,2018,65+,share_agg_xkg_intdiv,8.3358,0.7557,1551
2019,2018,65+,pct_with_intdiv,30.6122,1.0748,1551
2019,2018,65+,share_agg_kg,9.0936,1.3669,1551
2019,2018,65+,pct_with_kg,11.5656,0.7408,1551
2019,2018,65+,share_agg_ss,22.9284,0.7138,1551
2019,2018,65+,share_agg_xkg_ss,25.2220,0.7086,1551
2019,2018,65+,pct_with_ss,89.5457,0.5849,1551
2019,2018,65+,share_agg_pen,13.8745,0.7331,1551
2019,2018,65+,share_agg_xkg_pen,15.2624,0.7865,1551
2019,2018,65+,pct_with_pen,47.5518,1.2533,1551
2019,2018,65+,share_agg_sspen_unalloc,0.0605,0.0205,1551
2019,2018,65+,share_agg_xkg_sspen_unalloc,0.0666,0.0226,1551
2019,2018,65+,pct_with_sspen_unalloc,0.4723,0.1589,1551
2019,2018,65+,share_agg_acctwd,6.9206,0.5601,1551
2019,2018,65+,share_agg_xkg_acctwd,7.6129,0.6098,1551
2019,2018,65+,pct_with_acctwd,26.5009,1.1248,1551
2019,2018,65+,share_agg_transfers,0.6322,0.0698,1551
2019,2018,65+,share_agg_xkg_transfers,0.6955,0.0766,1551
2019,2018,65+,pct_with_transfers,12.4363,0.7668,1551
2019,2018,65+,share_agg_other,2.3277,0.6041,1551
2019,2018,65+,share_agg_xkg_other,2.5605,0.6611,1551
2019,2018,65+,pct_with_other,10.5832,0.8111,1551
2019,2018,65+,share_agg_other_raw_uncapped,2.3504,0.6045,1551
2019,2018,65+,share_agg_ss_raw_uncapped_other,22.9231,0.7136,1551
2019,2018,65+,share_agg_ss_plus_pen_plus_unalloc,36.8635,1.1942,1551
2019,2018,65+,share_agg_pen_plus_acctwd,20.7951,0.8506,1551
2019,2018,65+,share_agg_xkg_pen_plus_acctwd,22.8753,0.8945,1551
2019,2018,65+,share_agg_comparable_other_plus_acctwd,9.8804,0.7848,1551
2019,2018,65+,pct_with_ss_or_pen_any,92.5967,0.5538,1551
2019,2018,65+,pct_with_pen_or_acctwd,59.4026,1.0304,1551
2019,2018,65+,pct_receiving_ss_now,92.8919,0.4696,1551
2019,2018,65+,pct_receiving_pension_now,47.6702,1.2551,1551
2019,2018,65+,pct_ss_ge50pct_of_income,44.2857,1.4499,1551
2019,2018,65+,pct_ss_ge90pct_of_income,15.4549,0.9198,1551
2019,2018,65+,mean_hh_share_ss,47.3227,0.7843,1551
2019,2018,65+,mean_hh_share_pen_plus_acctwd,22.5353,0.6747,1551
2019,2018,65+,mean_hh_share_wage,15.3388,0.6142,1551
2019,2018,65+,mean_hh_share_capital,9.7956,0.4284,1551
2019,2018,65+,mean_income_2022usd,109446.8081,3512.4405,1551
2019,2018,65+,pct_networth_ret,15.9230,0.8327,1551
2019,2018,65+,pct_networth_homeeq,19.7507,0.7437,1551
2019,2018,65+,pct_networth_othfin,36.4643,1.4531,1551
2019,2018,65+,pct_networth_othnfin,29.4196,1.5760,1551
2019,2018,65+,pct_networth_othdebt,-1.5576,0.1053,1551
2019,2018,65+,pct_assets_ret,15.0857,0.7880,1551
2019,2018,65+,pct_has_ret,43.6888,1.2529,1551
2019,2018,65+,pct_has_ira,33.0211,1.1072,1551
2019,2018,65+,pct_has_dcacct,16.9520,0.8907,1551
2019,2018,65+,pct_has_home,80.0630,0.5858,1551
2019,2018,65+,pct_has_db_receiving,47.6702,1.2551,1551
2019,2018,65+,pct_has_db_future_or_cj,49.6557,1.2803,1551
2019,2018,65+,pct_has_db_any,50.9536,1.2861,1551
2019,2018,65+,pct_db_only,26.9578,1.1239,1551
2019,2018,65+,pct_dc_only,19.6930,0.9461,1551
2019,2018,65+,pct_db_and_dc,23.9958,1.1964,1551
2019,2018,65+,pct_neither,29.3534,1.0632,1551
2019,2018,65+,mean_networth_2022usd,1282992.9467,52370.3565,1551
2019,2018,65-74,share_agg_wage,31.2598,2.0891,997
2019,2018,65-74,share_agg_xkg_wage,34.8394,2.0754,997
2019,2018,65-74,pct_with_wage,41.1989,1.3494,997
2019,2018,65-74,share_agg_bus,14.6847,1.2388,997
2019,2018,65-74,share_agg_xkg_bus,16.3663,1.3669,997
2019,2018,65-74,pct_with_bus,22.7658,1.1532,997
2019,2018,65-74,share_agg_intdiv,5.8424,0.5513,997
2019,2018,65-74,share_agg_xkg_intdiv,6.5114,0.6374,997
2019,2018,65-74,pct_with_intdiv,29.4957,1.1594,997
2019,2018,65-74,share_agg_kg,10.2746,1.9708,997
2019,2018,65-74,pct_with_kg,12.2050,0.8261,997
2019,2018,65-74,share_agg_ss,17.5399,0.7960,997
2019,2018,65-74,share_agg_xkg_ss,19.5484,0.8089,997
2019,2018,65-74,pct_with_ss,83.4178,0.9904,997
2019,2018,65-74,share_agg_pen,11.9832,0.8838,997
2019,2018,65-74,share_agg_xkg_pen,13.3555,0.9523,997
2019,2018,65-74,pct_with_pen,44.4426,1.4548,997
2019,2018,65-74,share_agg_sspen_unalloc,0.0909,0.0308,997
2019,2018,65-74,share_agg_xkg_sspen_unalloc,0.1013,0.0345,997
2019,2018,65-74,pct_with_sspen_unalloc,0.8196,0.2758,997
2019,2018,65-74,share_agg_acctwd,4.7915,0.4281,997
2019,2018,65-74,share_agg_xkg_acctwd,5.3402,0.4742,997
2019,2018,65-74,pct_with_acctwd,21.7364,1.2581,997
2019,2018,65-74,share_agg_transfers,0.6248,0.0812,997
2019,2018,65-74,share_agg_xkg_transfers,0.6963,0.0901,997
2019,2018,65-74,pct_with_transfers,12.9112,0.9354,997
2019,2018,65-74,share_agg_other,2.9082,0.9021,997
2019,2018,65-74,share_agg_xkg_other,3.2413,0.9987,997
2019,2018,65-74,pct_with_other,11.7572,1.1237,997
2019,2018,65-74,share_agg_other_raw_uncapped,2.9310,0.9031,997
2019,2018,65-74,share_agg_ss_raw_uncapped_other,17.5358,0.7956,997
2019,2018,65-74,share_agg_ss_plus_pen_plus_unalloc,29.6140,1.4311,997
2019,2018,65-74,share_agg_pen_plus_acctwd,16.7747,1.0113,997
2019,2018,65-74,share_agg_xkg_pen_plus_acctwd,18.6956,1.0815,997
2019,2018,65-74,share_agg_comparable_other_plus_acctwd,8.3245,0.9598,997
2019,2018,65-74,pct_with_ss_or_pen_any,87.9776,1.0210,997
2019,2018,65-74,pct_with_pen_or_acctwd,54.1797,1.3957,997
2019,2018,65-74,pct_receiving_ss_now,88.4013,0.7786,997
2019,2018,65-74,pct_receiving_pension_now,44.6481,1.4664,997
2019,2018,65-74,pct_ss_ge50pct_of_income,36.3280,1.5582,997
2019,2018,65-74,pct_ss_ge90pct_of_income,12.8602,1.0813,997
2019,2018,65-74,mean_hh_share_ss,40.6444,0.9636,997
2019,2018,65-74,mean_hh_share_pen_plus_acctwd,20.4041,0.8409,997
2019,2018,65-74,mean_hh_share_wage,22.6806,0.9573,997
2019,2018,65-74,mean_hh_share_capital,10.2376,0.6220,997
2019,2018,65-74,mean_income_2022usd,126473.0865,5559.5302,997
2019,2018,65-74,pct_networth_ret,16.9034,1.0686,997
2019,2018,65-74,pct_networth_homeeq,18.6101,0.9532,997
2019,2018,65-74,pct_networth_othfin,35.3081,2.0197,997
2019,2018,65-74,pct_networth_othnfin,30.8734,2.2605,997
2019,2018,65-74,pct_networth_othdebt,-1.6950,0.1353,997
2019,2018,65-74,pct_assets_ret,15.9383,1.0034,997
2019,2018,65-74,pct_has_ret,48.0670,1.4659,997
2019,2018,65-74,pct_has_ira,35.6252,1.3019,997
2019,2018,65-74,pct_has_dcacct,22.0374,1.2864,997
2019,2018,65-74,pct_has_home,78.3570,1.0598,997
2019,2018,65-74,pct_has_db_receiving,44.6481,1.4664,997
2019,2018,65-74,pct_has_db_future_or_cj,48.3408,1.5551,997
2019,2018,65-74,pct_has_db_any,50.1349,1.5412,997
2019,2018,65-74,pct_db_only,23.6211,1.1661,997
2019,2018,65-74,pct_dc_only,21.5532,1.1938,997
2019,2018,65-74,pct_db_and_dc,26.5138,1.4201,997
2019,2018,65-74,pct_neither,28.3119,1.3651,997
2019,2018,65-74,mean_networth_2022usd,1409492.0312,76819.6338,997
2019,2018,75+,share_agg_wage,7.0888,0.8088,554
2019,2018,75+,share_agg_xkg_wage,7.6011,0.8596,554
2019,2018,75+,pct_with_wage,16.8453,1.3768,554
2019,2018,75+,share_agg_bus,10.8371,1.1957,554
2019,2018,75+,share_agg_xkg_bus,11.6202,1.2873,554
2019,2018,75+,pct_with_bus,18.7121,1.3268,554
2019,2018,75+,share_agg_intdiv,11.0374,1.6545,554
2019,2018,75+,share_agg_xkg_intdiv,11.8349,1.7711,554
2019,2018,75+,pct_with_intdiv,32.1307,2.1114,554
2019,2018,75+,share_agg_kg,6.7391,1.1213,554
2019,2018,75+,pct_with_kg,10.6960,1.2191,554
2019,2018,75+,share_agg_ss,33.6706,1.3860,554
2019,2018,75+,share_agg_xkg_ss,36.1036,1.3912,554
2019,2018,75+,pct_with_ss,97.8803,0.5372,554
2019,2018,75+,share_agg_pen,17.6448,1.0988,554
2019,2018,75+,share_agg_xkg_pen,18.9198,1.1422,554
2019,2018,75+,pct_with_pen,51.7808,2.0160,554
2019,2018,75+,share_agg_sspen_unalloc,0.0000,0.0000,554
2019,2018,75+,share_agg_xkg_sspen_unalloc,0.0000,0.0000,554
2019,2018,75+,pct_with_sspen_unalloc,0.0000,0.0000,554
2019,2018,75+,share_agg_acctwd,11.1649,1.3351,554
2019,2018,75+,share_agg_xkg_acctwd,11.9717,1.4283,554
2019,2018,75+,pct_with_acctwd,32.9811,1.9532,554
2019,2018,75+,share_agg_transfers,0.6470,0.1118,554
2019,2018,75+,share_agg_xkg_transfers,0.6938,0.1202,554
2019,2018,75+,pct_with_transfers,11.7902,1.2985,554
2019,2018,75+,share_agg_other,1.1703,0.2536,554
2019,2018,75+,share_agg_xkg_other,1.2549,0.2720,554
2019,2018,75+,pct_with_other,8.9864,1.1615,554
2019,2018,75+,share_agg_other_raw_uncapped,1.1930,0.2562,554
2019,2018,75+,share_agg_ss_raw_uncapped_other,33.6628,1.3854,554
2019,2018,75+,share_agg_ss_plus_pen_plus_unalloc,51.3154,1.8808,554
2019,2018,75+,share_agg_pen_plus_acctwd,28.8097,1.4499,554
2019,2018,75+,share_agg_xkg_pen_plus_acctwd,30.8915,1.5015,554
2019,2018,75+,share_agg_comparable_other_plus_acctwd,12.9822,1.3548,554
2019,2018,75+,pct_with_ss_or_pen_any,98.8793,0.4079,554
2019,2018,75+,pct_with_pen_or_acctwd,66.5062,1.9048,554
2019,2018,75+,pct_receiving_ss_now,98.9997,0.3482,554
2019,2018,75+,pct_receiving_pension_now,51.7808,2.0160,554
2019,2018,75+,pct_ss_ge50pct_of_income,55.1092,2.3615,554
2019,2018,75+,pct_ss_ge90pct_of_income,18.9840,1.7264,554
2019,2018,75+,mean_hh_share_ss,56.3998,1.3113,554
2019,2018,75+,mean_hh_share_pen_plus_acctwd,25.4320,1.1106,554
2019,2018,75+,mean_hh_share_wage,5.3598,0.4785,554
2019,2018,75+,mean_hh_share_capital,9.1949,0.5418,554
2019,2018,75+,mean_income_2022usd,86289.1327,3583.6490,554
2019,2018,75+,pct_networth_ret,14.2311,1.3751,554
2019,2018,75+,pct_networth_homeeq,21.7190,1.2425,554
2019,2018,75+,pct_networth_othfin,38.4595,1.9907,554
2019,2018,75+,pct_networth_othnfin,26.9110,2.1552,554
2019,2018,75+,pct_networth_othdebt,-1.3206,0.1716,554
2019,2018,75+,pct_assets_ret,13.5952,1.3157,554
2019,2018,75+,pct_has_ret,37.7340,1.9896,554
2019,2018,75+,pct_has_ira,29.4791,1.8077,554
2019,2018,75+,pct_has_dcacct,10.0352,1.1137,554
2019,2018,75+,pct_has_home,82.3834,1.3176,554
2019,2018,75+,pct_has_db_receiving,51.7808,2.0160,554
2019,2018,75+,pct_has_db_future_or_cj,51.4441,2.0582,554
2019,2018,75+,pct_has_db_any,52.0672,2.0276,554
2019,2018,75+,pct_db_only,31.4961,1.8801,554
2019,2018,75+,pct_dc_only,17.1629,1.4988,554
2019,2018,75+,pct_db_and_dc,20.5711,1.5623,554
2019,2018,75+,pct_neither,30.7699,1.9576,554
2019,2018,75+,mean_networth_2022usd,1110939.8017,71551.4689,554
2022,2021,all,share_agg_wage,58.6947,1.5538,4595
2022,2021,all,share_agg_xkg_wage,65.3726,0.8489,4595
2022,2021,all,pct_with_wage,70.0855,0.4739,4595
2022,2021,all,share_agg_bus,13.0728,0.6644,4595
2022,2021,all,share_agg_xkg_bus,14.5602,0.6601,4595
2022,2021,all,pct_with_bus,20.3701,0.5622,4595
2022,2021,all,share_agg_intdiv,3.3651,0.1892,4595
2022,2021,all,share_agg_xkg_intdiv,3.7480,0.2034,4595
2022,2021,all,pct_with_intdiv,23.3512,0.6284,4595
2022,2021,all,share_agg_kg,10.2152,2.0273,4595
2022,2021,all,pct_with_kg,10.3526,0.4582,4595
2022,2021,all,share_agg_ss,6.0024,0.2303,4595
2022,2021,all,share_agg_xkg_ss,6.6853,0.2126,4595
2022,2021,all,pct_with_ss,31.7333,0.4174,4595
2022,2021,all,share_agg_pen,3.4909,0.1698,4595
2022,2021,all,share_agg_xkg_pen,3.8881,0.1685,4595
2022,2021,all,pct_with_pen,16.5171,0.4369,4595
2022,2021,all,share_agg_sspen_unalloc,0.1980,0.0557,4595
2022,2021,all,share_agg_xkg_sspen_unalloc,0.2206,0.0616,4595
2022,2021,all,pct_with_sspen_unalloc,1.4516,0.1676,4595
2022,2021,all,share_agg_acctwd,2.2712,0.1732,4595
2022,2021,all,share_agg_xkg_acctwd,2.5296,0.1839,4595
2022,2021,all,pct_with_acctwd,9.5855,0.3778,4595
2022,2021,all,share_agg_transfers,1.3302,0.0934,4595
2022,2021,all,share_agg_xkg_transfers,1.4815,0.1003,4595
2022,2021,all,pct_with_transfers,20.6528,0.5442,4595
2022,2021,all,share_agg_other,1.3595,0.4222,4595
2022,2021,all,share_agg_xkg_other,1.5141,0.4678,4595
2022,2021,all,pct_with_other,7.6000,0.3822,4595
2022,2021,all,share_agg_other_raw_uncapped,1.3766,0.4222,4595
2022,2021,all,share_agg_ss_raw_uncapped_other,6.0013,0.2303,4595
2022,2021,all,share_agg_ss_plus_pen_plus_unalloc,9.6913,0.3403,4595
2022,2021,all,share_agg_pen_plus_acctwd,5.7621,0.2633,4595
2022,2021,all,share_agg_xkg_pen_plus_acctwd,6.4177,0.2554,4595
2022,2021,all,share_agg_comparable_other_plus_acctwd,4.9608,0.4636,4595
2022,2021,all,pct_with_ss_or_pen_any,37.0841,0.4323,4595
2022,2021,all,pct_with_pen_or_acctwd,21.9918,0.4557,4595
2022,2021,all,pct_receiving_ss_now,33.2721,0.4320,4595
2022,2021,all,pct_receiving_pension_now,17.1438,0.4668,4595
2022,2021,all,pct_ss_ge50pct_of_income,16.2447,0.5004,4595
2022,2021,all,pct_ss_ge90pct_of_income,5.9717,0.3974,4595
2022,2021,all,mean_hh_share_ss,17.1790,0.3645,4595
2022,2021,all,mean_hh_share_pen_plus_acctwd,7.5648,0.2444,4595
2022,2021,all,mean_hh_share_wage,58.1172,0.4279,4595
2022,2021,all,mean_hh_share_capital,10.2054,0.3157,4595
2022,2021,all,mean_income_2022usd,141988.3015,4216.8930,4595
2022,2021,all,pct_networth_ret,17.1359,0.6629,4595
2022,2021,all,pct_networth_homeeq,20.9061,0.4321,4595
2022,2021,all,pct_networth_othfin,30.3465,0.8641,4595
2022,2021,all,pct_networth_othnfin,35.1246,1.1163,4595
2022,2021,all,pct_networth_othdebt,-3.5131,0.1413,4595
2022,2021,all,pct_assets_ret,15.3034,0.5927,4595
2022,2021,all,pct_has_ret,54.3398,0.7216,4595
2022,2021,all,pct_has_ira,30.9766,0.6674,4595
2022,2021,all,pct_has_dcacct,38.0283,0.6542,4595
2022,2021,all,pct_has_home,66.0500,0.1240,4595
2022,2021,all,pct_has_db_receiving,17.1438,0.4668,4595
2022,2021,all,pct_has_db_future_or_cj,32.1557,0.6607,4595
2022,2021,all,pct_has_db_any,33.1035,0.6799,4595
2022,2021,all,pct_db_only,11.7425,0.4282,4595
2022,2021,all,pct_dc_only,32.9788,0.6947,4595
2022,2021,all,pct_db_and_dc,21.3610,0.5876,4595
2022,2021,all,pct_neither,33.9177,0.6919,4595
2022,2021,all,mean_networth_2022usd,1059457.4705,22859.8371,4595
2022,2021,55-64,share_agg_wage,61.2586,1.7703,1026
2022,2021,55-64,share_agg_xkg_wage,66.3358,1.7246,1026
2022,2021,55-64,pct_with_wage,73.2089,1.2491,1026
2022,2021,55-64,share_agg_bus,18.3002,1.4832,1026
2022,2021,55-64,share_agg_xkg_bus,19.8170,1.6043,1026
2022,2021,55-64,pct_with_bus,24.1028,1.4774,1026
2022,2021,55-64,share_agg_intdiv,3.4101,0.2932,1026
2022,2021,55-64,share_agg_xkg_intdiv,3.6927,0.3288,1026
2022,2021,55-64,pct_with_intdiv,22.8683,1.4384,1026
2022,2021,55-64,share_agg_kg,7.6538,0.8847,1026
2022,2021,55-64,pct_with_kg,11.5811,0.9551,1026
2022,2021,55-64,share_agg_ss,2.8654,0.3090,1026
2022,2021,55-64,share_agg_xkg_ss,3.1028,0.3343,1026
2022,2021,55-64,pct_with_ss,25.0014,1.7431,1026
2022,2021,55-64,share_agg_pen,2.7410,0.2987,1026
2022,2021,55-64,share_agg_xkg_pen,2.9682,0.3204,1026
2022,2021,55-64,pct_with_pen,15.2406,1.1550,1026
2022,2021,55-64,share_agg_sspen_unalloc,0.2679,0.2100,1026
2022,2021,55-64,share_agg_xkg_sspen_unalloc,0.2901,0.2271,1026
2022,2021,55-64,pct_with_sspen_unalloc,3.0449,0.6285,1026
2022,2021,55-64,share_agg_acctwd,0.7690,0.1362,1026
2022,2021,55-64,share_agg_xkg_acctwd,0.8327,0.1482,1026
2022,2021,55-64,pct_with_acctwd,5.3939,0.7569,1026
2022,2021,55-64,share_agg_transfers,1.1173,0.1189,1026
2022,2021,55-64,share_agg_xkg_transfers,1.2099,0.1296,1026
2022,2021,55-64,pct_with_transfers,22.9139,1.2936,1026
2022,2021,55-64,share_agg_other,1.6168,0.4525,1026
2022,2021,55-64,share_agg_xkg_other,1.7508,0.4873,1026
2022,2021,55-64,pct_with_other,8.3678,0.9092,1026
2022,2021,55-64,share_agg_other_raw_uncapped,1.6618,0.4555,1026
2022,2021,55-64,share_agg_ss_raw_uncapped_other,2.8640,0.3088,1026
2022,2021,55-64,share_agg_ss_plus_pen_plus_unalloc,5.8742,0.5204,1026
2022,2021,55-64,share_agg_pen_plus_acctwd,3.5100,0.3321,1026
2022,2021,55-64,share_agg_xkg_pen_plus_acctwd,3.8009,0.3580,1026
2022,2021,55-64,share_agg_comparable_other_plus_acctwd,3.5030,0.4783,1026
2022,2021,55-64,pct_with_ss_or_pen_any,37.2755,1.8439,1026
2022,2021,55-64,pct_with_pen_or_acctwd,19.3819,1.2913,1026
2022,2021,55-64,pct_receiving_ss_now,28.3080,1.7577,1026
2022,2021,55-64,pct_receiving_pension_now,17.0313,1.2699,1026
2022,2021,55-64,pct_ss_ge50pct_of_income,13.0392,1.3095,1026
2022,2021,55-64,pct_ss_ge90pct_of_income,5.1474,0.8088,1026
2022,2021,55-64,mean_hh_share_ss,13.3352,1.1009,1026
2022,2021,55-64,mean_hh_share_pen_plus_acctwd,5.9559,0.5110,1026
2022,2021,55-64,mean_hh_share_wage,58.7994,1.3061,1026
2022,2021,55-64,mean_hh_share_capital,13.2901,0.8937,1026
2022,2021,55-64,mean_income_2022usd,175843.7029,8238.1915,1026
2022,2021,55-64,pct_networth_ret,19.5903,1.1962,1026
2022,2021,55-64,pct_networth_homeeq,19.3391,0.8085,1026
2022,2021,55-64,pct_networth_othfin,27.9171,1.5633,1026
2022,2021,55-64,pct_networth_othnfin,35.8551,2.0455,1026
2022,2021,55-64,pct_networth_othdebt,-2.7016,0.2191,1026
2022,2021,55-64,pct_assets_ret,18.0612,1.1005,1026
2022,2021,55-64,pct_has_ret,56.9987,1.6568,1026
2022,2021,55-64,pct_has_ira,32.4438,1.4956,1026
2022,2021,55-64,pct_has_dcacct,42.7737,1.4675,1026
2022,2021,55-64,pct_has_home,77.8398,0.9931,1026
2022,2021,55-64,pct_has_db_receiving,17.0313,1.2699,1026
2022,2021,55-64,pct_has_db_future_or_cj,35.2717,1.7387,1026
2022,2021,55-64,pct_has_db_any,37.1622,1.7875,1026
2022,2021,55-64,pct_db_only,12.1049,1.0378,1026
2022,2021,55-64,pct_dc_only,31.9415,1.8109,1026
2022,2021,55-64,pct_db_and_dc,25.0572,1.4637,1026
2022,2021,55-64,pct_neither,30.8964,1.5169,1026
2022,2021,55-64,mean_networth_2022usd,1564060.1949,79653.6914,1026
2022,2021,65+,share_agg_wage,21.8927,1.5996,1373
2022,2021,65+,share_agg_xkg_wage,25.5111,1.7620,1373
2022,2021,65+,pct_with_wage,29.0084,1.0115,1373
2022,2021,65+,share_agg_bus,15.8117,1.1077,1373
2022,2021,65+,share_agg_xkg_bus,18.4250,1.2765,1373
2022,2021,65+,pct_with_bus,21.2906,1.1221,1373
2022,2021,65+,share_agg_intdiv,7.5993,0.5473,1373
2022,2021,65+,share_agg_xkg_intdiv,8.8553,0.6459,1373
2022,2021,65+,pct_with_intdiv,36.1332,1.3130,1373
2022,2021,65+,share_agg_kg,14.1836,1.5608,1373
2022,2021,65+,pct_with_kg,14.4653,0.8669,1373
2022,2021,65+,share_agg_ss,20.2370,0.8722,1373
2022,2021,65+,share_agg_xkg_ss,23.5817,0.9092,1373
2022,2021,65+,pct_with_ss,90.4563,0.6985,1373
2022,2021,65+,share_agg_pen,9.9679,0.5672,1373
2022,2021,65+,share_agg_xkg_pen,11.6153,0.6154,1373
2022,2021,65+,pct_with_pen,43.3259,1.3070,1373
2022,2021,65+,share_agg_sspen_unalloc,0.0892,0.0412,1373
2022,2021,65+,share_agg_xkg_sspen_unalloc,0.1040,0.0478,1373
2022,2021,65+,pct_with_sspen_unalloc,0.4293,0.1267,1373
2022,2021,65+,share_agg_acctwd,7.9577,0.6359,1373
2022,2021,65+,share_agg_xkg_acctwd,9.2729,0.7155,1373
2022,2021,65+,pct_with_acctwd,28.3334,1.2889,1373
2022,2021,65+,share_agg_transfers,0.8976,0.1112,1373
2022,2021,65+,share_agg_xkg_transfers,1.0459,0.1282,1373
2022,2021,65+,pct_with_transfers,14.9980,0.9944,1373
2022,2021,65+,share_agg_other,1.3634,0.3928,1373
2022,2021,65+,share_agg_xkg_other,1.5888,0.4552,1373
2022,2021,65+,pct_with_other,7.4957,0.7972,1373
2022,2021,65+,share_agg_other_raw_uncapped,1.3738,0.3939,1373
2022,2021,65+,share_agg_ss_raw_uncapped_other,20.2348,0.8718,1373
2022,2021,65+,share_agg_ss_plus_pen_plus_unalloc,30.2941,1.2284,1373
2022,2021,65+,share_agg_pen_plus_acctwd,17.9255,0.9169,1373
2022,2021,65+,share_agg_xkg_pen_plus_acctwd,20.8882,0.9780,1373
2022,2021,65+,share_agg_comparable_other_plus_acctwd,10.2187,0.7433,1373
2022,2021,65+,pct_with_ss_or_pen_any,93.7381,0.5539,1373
2022,2021,65+,pct_with_pen_or_acctwd,57.8792,1.3239,1373
2022,2021,65+,pct_receiving_ss_now,92.0871,0.6402,1373
2022,2021,65+,pct_receiving_pension_now,43.9682,1.3455,1373
2022,2021,65+,pct_ss_ge50pct_of_income,46.2073,1.5407,1373
2022,2021,65+,pct_ss_ge90pct_of_income,17.2777,1.3236,1373
2022,2021,65+,mean_hh_share_ss,49.1229,0.9767,1373
2022,2021,65+,mean_hh_share_pen_plus_acctwd,20.6701,0.7909,1373
2022,2021,65+,mean_hh_share_wage,14.3206,0.5889,1373
2022,2021,65+,mean_hh_share_capital,11.9898,0.6052,1373
2022,2021,65+,mean_income_2022usd,128787.5662,5084.4170,1373
2022,2021,65+,pct_networth_ret,15.2376,1.3144,1373
2022,2021,65+,pct_networth_homeeq,19.0921,0.7680,1373
2022,2021,65+,pct_networth_othfin,35.1291,1.6138,1373
2022,2021,65+,pct_networth_othnfin,32.0264,1.9799,1373
2022,2021,65+,pct_networth_othdebt,-1.4852,0.1690,1373
2022,2021,65+,pct_assets_ret,14.6254,1.2647,1373
2022,2021,65+,pct_has_ret,47.0550,1.5153,1373
2022,2021,65+,pct_has_ira,40.1867,1.3481,1373
2022,2021,65+,pct_has_dcacct,14.4624,0.9079,1373
2022,2021,65+,pct_has_home,78.1904,0.6842,1373
2022,2021,65+,pct_has_db_receiving,43.9682,1.3455,1373
2022,2021,65+,pct_has_db_future_or_cj,45.2317,1.3741,1373
2022,2021,65+,pct_has_db_any,45.9631,1.3880,1373
2022,2021,65+,pct_db_only,21.6216,1.0583,1373
2022,2021,65+,pct_dc_only,22.7135,1.1688,1373
2022,2021,65+,pct_db_and_dc,24.3415,1.1895,1373
2022,2021,65+,pct_neither,31.3234,1.3524,1373
2022,2021,65+,mean_networth_2022usd,1712104.9051,70859.4429,1373
2022,2021,65-74,share_agg_wage,30.5705,2.2809,866
2022,2021,65-74,share_agg_xkg_wage,34.7652,2.3903,866
2022,2021,65-74,pct_with_wage,39.3411,1.4497,866
2022,2021,65-74,share_agg_bus,17.4948,1.4745,866
2022,2021,65-74,share_agg_xkg_bus,19.8954,1.6832,866
2022,2021,65-74,pct_with_bus,24.2468,1.4137,866
2022,2021,65-74,share_agg_intdiv,5.7078,0.4798,866
2022,2021,65-74,share_agg_xkg_intdiv,6.4910,0.5517,866
2022,2021,65-74,pct_with_intdiv,34.1373,1.6337,866
2022,2021,65-74,share_agg_kg,12.0659,1.8452,866
2022,2021,65-74,pct_with_kg,14.1284,1.1080,866
2022,2021,65-74,share_agg_ss,16.7704,0.9518,866
2022,2021,65-74,share_agg_xkg_ss,19.0715,1.0048,866
2022,2021,65-74,pct_with_ss,84.3018,1.1735,866
2022,2021,65-74,share_agg_pen,8.6986,0.7031,866
2022,2021,65-74,share_agg_xkg_pen,9.8921,0.7619,866
2022,2021,65-74,pct_with_pen,37.7833,1.7424,866
2022,2021,65-74,share_agg_sspen_unalloc,0.1396,0.0648,866
2022,2021,65-74,share_agg_xkg_sspen_unalloc,0.1588,0.0732,866
2022,2021,65-74,pct_with_sspen_unalloc,0.7494,0.2212,866
2022,2021,65-74,share_agg_acctwd,6.0307,0.7263,866
2022,2021,65-74,share_agg_xkg_acctwd,6.8583,0.8134,866
2022,2021,65-74,pct_with_acctwd,21.7026,1.4762,866
2022,2021,65-74,share_agg_transfers,1.2288,0.1779,866
2022,2021,65-74,share_agg_xkg_transfers,1.3975,0.1996,866
2022,2021,65-74,pct_with_transfers,18.7233,1.2795,866
2022,2021,65-74,share_agg_other,1.2928,0.3782,866
2022,2021,65-74,share_agg_xkg_other,1.4702,0.4267,866
2022,2021,65-74,pct_with_other,8.1489,0.9983,866
2022,2021,65-74,share_agg_other_raw_uncapped,1.3012,0.3787,866
2022,2021,65-74,share_agg_ss_raw_uncapped_other,16.7689,0.9515,866
2022,2021,65-74,share_agg_ss_plus_pen_plus_unalloc,25.6085,1.4296,866
2022,2021,65-74,share_agg_pen_plus_acctwd,14.7293,1.0675,866
2022,2021,65-74,share_agg_xkg_pen_plus_acctwd,16.7504,1.1536,866
2022,2021,65-74,share_agg_comparable_other_plus_acctwd,8.5524,0.8186,866
2022,2021,65-74,pct_with_ss_or_pen_any,89.3161,0.9477,866
2022,2021,65-74,pct_with_pen_or_acctwd,50.1460,1.7925,866
2022,2021,65-74,pct_receiving_ss_now,87.1484,1.0671,866
2022,2021,65-74,pct_receiving_pension_now,38.9045,1.8134,866
2022,2021,65-74,pct_ss_ge50pct_of_income,39.0806,1.7976,866
2022,2021,65-74,pct_ss_ge90pct_of_income,13.8509,1.3994,866
2022,2021,65-74,mean_hh_share_ss,42.5641,1.3171,866
2022,2021,65-74,mean_hh_share_pen_plus_acctwd,17.8793,0.9543,866
2022,2021,65-74,mean_hh_share_wage,21.5329,1.0007,866
2022,2021,65-74,mean_hh_share_capital,12.7141,0.8677,866
2022,2021,65-74,mean_income_2022usd,143686.6776,7306.2847,866
2022,2021,65-74,pct_networth_ret,17.4455,1.9970,866
2022,2021,65-74,pct_networth_homeeq,18.4586,1.0751,866
2022,2021,65-74,pct_networth_othfin,32.6067,2.2481,866
2022,2021,65-74,pct_networth_othnfin,33.3813,2.7656,866
2022,2021,65-74,pct_networth_othdebt,-1.8921,0.2568,866
2022,2021,65-74,pct_assets_ret,16.6292,1.9122,866
2022,2021,65-74,pct_has_ret,50.9909,1.7642,866
2022,2021,65-74,pct_has_ira,42.3887,1.6738,866
2022,2021,65-74,pct_has_dcacct,19.9171,1.2560,866
2022,2021,65-74,pct_has_home,76.1255,1.1248,866
2022,2021,65-74,pct_has_db_receiving,38.9045,1.8134,866
2022,2021,65-74,pct_has_db_future_or_cj,41.6459,1.8622,866
2022,2021,65-74,pct_has_db_any,42.1405,1.8887,866
2022,2021,65-74,pct_db_only,16.8208,1.3447,866
2022,2021,65-74,pct_dc_only,25.6712,1.4557,866
2022,2021,65-74,pct_db_and_dc,25.3197,1.5039,866
2022,2021,65-74,pct_neither,32.1883,1.7415,866
2022,2021,65-74,mean_networth_2022usd,1780695.8055,105315.4687,866
2022,2021,75+,share_agg_wage,6.5213,0.9068,507
2022,2021,75+,share_agg_xkg_wage,7.9465,1.0684,507
2022,2021,75+,pct_with_wage,15.1490,1.5654,507
2022,2021,75+,share_agg_bus,12.8303,1.5448,507
2022,2021,75+,share_agg_xkg_bus,15.6343,1.7776,507
2022,2021,75+,pct_with_bus,17.3255,1.8627,507
2022,2021,75+,share_agg_intdiv,10.9497,1.1981,507
2022,2021,75+,share_agg_xkg_intdiv,13.3426,1.4685,507
2022,2021,75+,pct_with_intdiv,38.8103,1.9606,507
2022,2021,75+,share_agg_kg,17.9347,2.7902,507
2022,2021,75+,pct_with_kg,14.9171,1.3362,507
2022,2021,75+,share_agg_ss,26.3776,1.4284,507
2022,2021,75+,share_agg_xkg_ss,32.1422,1.3478,507
2022,2021,75+,pct_with_ss,98.7114,0.5647,507
2022,2021,75+,share_agg_pen,12.2162,1.0604,507
2022,2021,75+,share_agg_xkg_pen,14.8860,1.1481,507
2022,2021,75+,pct_with_pen,50.7603,2.2103,507
2022,2021,75+,share_agg_sspen_unalloc,0.0000,0.0000,507
2022,2021,75+,share_agg_xkg_sspen_unalloc,0.0000,0.0000,507
2022,2021,75+,pct_with_sspen_unalloc,0.0000,0.0000,507
2022,2021,75+,share_agg_acctwd,11.3709,1.1631,507
2022,2021,75+,share_agg_xkg_acctwd,13.8560,1.3116,507
2022,2021,75+,pct_with_acctwd,37.2272,2.2120,507
2022,2021,75+,share_agg_transfers,0.3107,0.0647,507
2022,2021,75+,share_agg_xkg_transfers,0.3787,0.0780,507
2022,2021,75+,pct_with_transfers,10.0011,1.3793,507
2022,2021,75+,share_agg_other,1.4885,0.8390,507
2022,2021,75+,share_agg_xkg_other,1.8138,1.0134,507
2022,2021,75+,pct_with_other,6.6196,1.3787,507
2022,2021,75+,share_agg_other_raw_uncapped,1.5025,0.8419,507
2022,2021,75+,share_agg_ss_raw_uncapped_other,26.3738,1.4275,507
2022,2021,75+,share_agg_ss_plus_pen_plus_unalloc,38.5938,2.1090,507
2022,2021,75+,share_agg_pen_plus_acctwd,23.5872,1.6560,507
2022,2021,75+,share_agg_xkg_pen_plus_acctwd,28.7420,1.6746,507
2022,2021,75+,share_agg_comparable_other_plus_acctwd,13.1702,1.3515,507
2022,2021,75+,pct_with_ss_or_pen_any,99.6695,0.1700,507
2022,2021,75+,pct_with_pen_or_acctwd,68.2519,2.2817,507
2022,2021,75+,pct_receiving_ss_now,98.7114,0.5647,507
2022,2021,75+,pct_receiving_pension_now,50.7603,2.2103,507
2022,2021,75+,pct_ss_ge50pct_of_income,55.7665,2.5917,507
2022,2021,75+,pct_ss_ge90pct_of_income,21.8741,2.4154,507
2022,2021,75+,mean_hh_share_ss,57.9204,1.3156,507
2022,2021,75+,mean_hh_share_pen_plus_acctwd,24.4135,1.2636,507
2022,2021,75+,mean_hh_share_wage,4.6466,0.5486,507
2022,2021,75+,mean_hh_share_capital,11.0184,0.8353,507
2022,2021,75+,mean_income_2022usd,108803.1581,5891.3795,507
2022,2021,75+,pct_networth_ret,11.9825,1.0935,507
2022,2021,75+,pct_networth_homeeq,20.0261,1.2952,507
2022,2021,75+,pct_networth_othfin,38.8480,2.1798,507
2022,2021,75+,pct_networth_othnfin,30.0289,2.3292,507
2022,2021,75+,pct_networth_othdebt,-0.8855,0.1682,507
2022,2021,75+,pct_assets_ret,11.6200,1.0582,507
2022,2021,75+,pct_has_ret,41.7757,2.3622,507
2022,2021,75+,pct_has_ira,37.2332,2.2570,507
2022,2021,75+,pct_has_dcacct,7.1460,1.0722,507
2022,2021,75+,pct_has_home,80.9601,1.4284,507
2022,2021,75+,pct_has_db_receiving,50.7603,2.2103,507
2022,2021,75+,pct_has_db_future_or_cj,50.0414,2.1849,507
2022,2021,75+,pct_has_db_any,51.0904,2.2017,507
2022,2021,75+,pct_db_only,28.0610,1.9214,507
2022,2021,75+,pct_dc_only,18.7464,1.7700,507
2022,2021,75+,pct_db_and_dc,23.0293,1.8636,507
2022,2021,75+,pct_neither,30.1633,2.2387,507
2022,2021,75+,mean_networth_2022usd,1620102.8723,107683.6675,507
