asec_year,income_year,group,measure,value,se,n
2010,2009,ss_retired_62+,population_m,32.46,,18193
2010,2009,ss_retired_62+,pct_employed,12.67,,18193
2010,2009,ss_retired_62+,pct_employed_pt,7.4,,18193
2010,2009,ss_retired_62+,pct_employed_ft,5.27,,18193
2010,2009,ss_retired_62+,pt_share_of_employed,58.41,,2468
2010,2009,ss_retired_62+,pct_worked_prior_year,16.42,,18193
2010,2009,ss_retired_62+,pct_worked_prior_year_pt,9.22,,18193
2010,2009,ss_retired_62+,pct_worked_prior_year_ft,7.2,,18193
2010,2009,ss_retired_62+,pt_share_of_prior_year_workers,56.16,,3162
2010,2009,ss_retired_65+,population_m,29.96,,16784
2010,2009,ss_retired_65+,pct_employed,12.07,,16784
2010,2009,ss_retired_65+,pct_employed_pt,6.89,,16784
2010,2009,ss_retired_65+,pct_employed_ft,5.19,,16784
2010,2009,ss_retired_65+,pt_share_of_employed,57.05,,2185
2010,2009,ss_retired_65+,pct_worked_prior_year,15.19,,16784
2010,2009,ss_retired_65+,pct_worked_prior_year_pt,8.57,,16784
2010,2009,ss_retired_65+,pct_worked_prior_year_ft,6.63,,16784
2010,2009,ss_retired_65+,pt_share_of_prior_year_workers,56.39,,2725
2010,2009,all_65+,population_m,38.61,,21856
2010,2009,all_65+,pct_ss_retired,77.58,,21856
2010,2009,all_65+,pct_employed,16.11,,21856
2010,2009,all_65+,pct_employed_pt,6.87,,21856
2010,2009,all_65+,pct_employed_ft,9.24,,21856
2010,2009,all_65+,pt_share_of_employed,42.66,,3724
2010,2009,all_65+,pct_worked_prior_year,19.36,,21856
2010,2009,all_65+,pct_worked_prior_year_pt,8.29,,21856
2010,2009,all_65+,pct_worked_prior_year_ft,11.07,,21856
2010,2009,all_65+,pt_share_of_prior_year_workers,42.81,,4449
2010,2009,all_62+,population_m,47.81,,27084
2010,2009,all_62+,pct_ss_retired,67.89,,27084
2010,2009,all_62+,pct_employed,22.21,,27084
2010,2009,all_62+,pct_employed_pt,7.88,,27084
2010,2009,all_62+,pct_employed_ft,14.33,,27084
2010,2009,all_62+,pt_share_of_employed,35.47,,6237
2010,2009,all_62+,pct_worked_prior_year,26.24,,27084
2010,2009,all_62+,pct_worked_prior_year_pt,9.33,,27084
2010,2009,all_62+,pct_worked_prior_year_ft,16.92,,27084
2010,2009,all_62+,pt_share_of_prior_year_workers,35.54,,7339
2010,2009,not_ss_retired_62+,population_m,15.35,,8891
2010,2009,not_ss_retired_62+,pct_employed,42.38,,8891
2010,2009,not_ss_retired_62+,pct_employed_pt,8.89,,8891
2010,2009,not_ss_retired_62+,pct_employed_ft,33.5,,8891
2010,2009,not_ss_retired_62+,pt_share_of_employed,20.97,,3769
2010,2009,not_ss_retired_62+,pct_worked_prior_year,47.0,,8891
2010,2009,not_ss_retired_62+,pct_worked_prior_year_pt,9.54,,8891
2010,2009,not_ss_retired_62+,pct_worked_prior_year_ft,37.46,,8891
2010,2009,not_ss_retired_62+,pt_share_of_prior_year_workers,20.3,,4177
2010,2009,ss_retired_62+_men,population_m,14.54,,8176
2010,2009,ss_retired_62+_men,pct_employed,15.32,,8176
2010,2009,ss_retired_62+_men,pct_employed_pt,8.14,,8176
2010,2009,ss_retired_62+_men,pct_employed_ft,7.17,,8176
2010,2009,ss_retired_62+_men,pt_share_of_employed,53.17,,1339
2010,2009,ss_retired_62+_men,pct_worked_prior_year,19.98,,8176
2010,2009,ss_retired_62+_men,pct_worked_prior_year_pt,10.2,,8176
2010,2009,ss_retired_62+_men,pct_worked_prior_year_ft,9.78,,8176
2010,2009,ss_retired_62+_men,pt_share_of_prior_year_workers,51.06,,1723
2010,2009,ss_retired_62+_women,population_m,17.92,,10017
2010,2009,ss_retired_62+_women,pct_employed,10.53,,10017
2010,2009,ss_retired_62+_women,pct_employed_pt,6.8,,10017
2010,2009,ss_retired_62+_women,pct_employed_ft,3.73,,10017
2010,2009,ss_retired_62+_women,pt_share_of_employed,64.6,,1129
2010,2009,ss_retired_62+_women,pct_worked_prior_year,13.54,,10017
2010,2009,ss_retired_62+_women,pct_worked_prior_year_pt,8.43,,10017
2010,2009,ss_retired_62+_women,pct_worked_prior_year_ft,5.11,,10017
2010,2009,ss_retired_62+_women,pt_share_of_prior_year_workers,62.25,,1439
2010,2009,ss_retired_62-64,population_m,2.5,,1409
2010,2009,ss_retired_62-64,pct_employed,19.83,,1409
2010,2009,ss_retired_62-64,pct_employed_pt,13.55,,1409
2010,2009,ss_retired_62-64,pct_employed_ft,6.28,,1409
2010,2009,ss_retired_62-64,pt_share_of_employed,68.34,,283
2010,2009,ss_retired_62-64,pct_worked_prior_year,31.1,,1409
2010,2009,ss_retired_62-64,pct_worked_prior_year_pt,17.04,,1409
2010,2009,ss_retired_62-64,pct_worked_prior_year_ft,14.06,,1409
2010,2009,ss_retired_62-64,pt_share_of_prior_year_workers,54.79,,437
2010,2009,ss_retired_65-69,population_m,8.17,,4733
2010,2009,ss_retired_65-69,pct_employed,21.29,,4733
2010,2009,ss_retired_65-69,pct_employed_pt,11.44,,4733
2010,2009,ss_retired_65-69,pct_employed_ft,9.85,,4733
2010,2009,ss_retired_65-69,pt_share_of_employed,53.75,,1074
2010,2009,ss_retired_65-69,pct_worked_prior_year,27.11,,4733
2010,2009,ss_retired_65-69,pct_worked_prior_year_pt,14.13,,4733
2010,2009,ss_retired_65-69,pct_worked_prior_year_ft,12.97,,4733
2010,2009,ss_retired_65-69,pt_share_of_prior_year_workers,52.14,,1343
2010,2009,ss_retired_70-74,population_m,7.21,,4127
2010,2009,ss_retired_70-74,pct_employed,14.7,,4127
2010,2009,ss_retired_70-74,pct_employed_pt,8.19,,4127
2010,2009,ss_retired_70-74,pct_employed_ft,6.51,,4127
2010,2009,ss_retired_70-74,pt_share_of_employed,55.73,,647
2010,2009,ss_retired_70-74,pct_worked_prior_year,17.92,,4127
2010,2009,ss_retired_70-74,pct_worked_prior_year_pt,9.86,,4127
2010,2009,ss_retired_70-74,pct_worked_prior_year_ft,8.06,,4127
2010,2009,ss_retired_70-74,pt_share_of_prior_year_workers,55.02,,795
2010,2009,ss_retired_75+,population_m,14.57,,7924
2010,2009,ss_retired_75+,pct_employed,5.61,,7924
2010,2009,ss_retired_75+,pct_employed_pt,3.69,,7924
2010,2009,ss_retired_75+,pct_employed_ft,1.92,,7924
2010,2009,ss_retired_75+,pt_share_of_employed,65.79,,464
2010,2009,ss_retired_75+,pct_worked_prior_year,7.17,,7924
2010,2009,ss_retired_75+,pct_worked_prior_year_pt,4.81,,7924
2010,2009,ss_retired_75+,pct_worked_prior_year_ft,2.36,,7924
2010,2009,ss_retired_75+,pt_share_of_prior_year_workers,67.11,,587
2011,2010,ss_retired_62+,population_m,32.95,,18200
2011,2010,ss_retired_62+,pct_employed,12.92,,18200
2011,2010,ss_retired_62+,pct_employed_pt,7.52,,18200
2011,2010,ss_retired_62+,pct_employed_ft,5.4,,18200
2011,2010,ss_retired_62+,pt_share_of_employed,58.19,,2499
2011,2010,ss_retired_62+,pct_worked_prior_year,16.77,,18200
2011,2010,ss_retired_62+,pct_worked_prior_year_pt,9.38,,18200
2011,2010,ss_retired_62+,pct_worked_prior_year_ft,7.39,,18200
2011,2010,ss_retired_62+,pt_share_of_prior_year_workers,55.94,,3229
2011,2010,ss_retired_65+,population_m,30.02,,16606
2011,2010,ss_retired_65+,pct_employed,12.38,,16606
2011,2010,ss_retired_65+,pct_employed_pt,7.05,,16606
2011,2010,ss_retired_65+,pct_employed_ft,5.32,,16606
2011,2010,ss_retired_65+,pt_share_of_employed,56.98,,2191
2011,2010,ss_retired_65+,pct_worked_prior_year,15.58,,16606
2011,2010,ss_retired_65+,pct_worked_prior_year_pt,8.67,,16606
2011,2010,ss_retired_65+,pct_worked_prior_year_ft,6.91,,16606
2011,2010,ss_retired_65+,pt_share_of_prior_year_workers,55.65,,2750
2011,2010,all_65+,population_m,39.18,,21946
2011,2010,all_65+,pct_ss_retired,76.61,,21946
2011,2010,all_65+,pct_employed,16.87,,21946
2011,2010,all_65+,pct_employed_pt,7.22,,21946
2011,2010,all_65+,pct_employed_ft,9.65,,21946
2011,2010,all_65+,pt_share_of_employed,42.78,,3879
2011,2010,all_65+,pct_worked_prior_year,20.02,,21946
2011,2010,all_65+,pct_worked_prior_year_pt,8.53,,21946
2011,2010,all_65+,pct_worked_prior_year_ft,11.49,,21946
2011,2010,all_65+,pt_share_of_prior_year_workers,42.59,,4604
2011,2010,all_62+,population_m,49.33,,27688
2011,2010,all_62+,pct_ss_retired,66.8,,27688
2011,2010,all_62+,pct_employed,22.96,,27688
2011,2010,all_62+,pct_employed_pt,8.07,,27688
2011,2010,all_62+,pct_employed_ft,14.89,,27688
2011,2010,all_62+,pt_share_of_employed,35.15,,6607
2011,2010,all_62+,pct_worked_prior_year,26.92,,27688
2011,2010,all_62+,pct_worked_prior_year_pt,9.44,,27688
2011,2010,all_62+,pct_worked_prior_year_ft,17.47,,27688
2011,2010,all_62+,pt_share_of_prior_year_workers,35.08,,7732
2011,2010,not_ss_retired_62+,population_m,16.38,,9488
2011,2010,not_ss_retired_62+,pct_employed,43.16,,9488
2011,2010,not_ss_retired_62+,pct_employed_pt,9.18,,9488
2011,2010,not_ss_retired_62+,pct_employed_ft,33.98,,9488
2011,2010,not_ss_retired_62+,pt_share_of_employed,21.27,,4108
2011,2010,not_ss_retired_62+,pct_worked_prior_year,47.33,,9488
2011,2010,not_ss_retired_62+,pct_worked_prior_year_pt,9.57,,9488
2011,2010,not_ss_retired_62+,pct_worked_prior_year_ft,37.77,,9488
2011,2010,not_ss_retired_62+,pt_share_of_prior_year_workers,20.21,,4503
2011,2010,ss_retired_62+_men,population_m,14.95,,8233
2011,2010,ss_retired_62+_men,pct_employed,15.77,,8233
2011,2010,ss_retired_62+_men,pct_employed_pt,7.94,,8233
2011,2010,ss_retired_62+_men,pct_employed_ft,7.84,,8233
2011,2010,ss_retired_62+_men,pt_share_of_employed,50.32,,1365
2011,2010,ss_retired_62+_men,pct_worked_prior_year,21.11,,8233
2011,2010,ss_retired_62+_men,pct_worked_prior_year_pt,10.64,,8233
2011,2010,ss_retired_62+_men,pct_worked_prior_year_ft,10.47,,8233
2011,2010,ss_retired_62+_men,pt_share_of_prior_year_workers,50.4,,1819
2011,2010,ss_retired_62+_women,population_m,18.0,,9967
2011,2010,ss_retired_62+_women,pct_employed,10.56,,9967
2011,2010,ss_retired_62+_women,pct_employed_pt,7.18,,9967
2011,2010,ss_retired_62+_women,pct_employed_ft,3.38,,9967
2011,2010,ss_retired_62+_women,pt_share_of_employed,67.97,,1134
2011,2010,ss_retired_62+_women,pct_worked_prior_year,13.16,,9967
2011,2010,ss_retired_62+_women,pct_worked_prior_year_pt,8.33,,9967
2011,2010,ss_retired_62+_women,pct_worked_prior_year_ft,4.83,,9967
2011,2010,ss_retired_62+_women,pt_share_of_prior_year_workers,63.32,,1410
2011,2010,ss_retired_62-64,population_m,2.94,,1594
2011,2010,ss_retired_62-64,pct_employed,18.52,,1594
2011,2010,ss_retired_62-64,pct_employed_pt,12.31,,1594
2011,2010,ss_retired_62-64,pct_employed_ft,6.21,,1594
2011,2010,ss_retired_62-64,pt_share_of_employed,66.47,,308
2011,2010,ss_retired_62-64,pct_worked_prior_year,28.88,,1594
2011,2010,ss_retired_62-64,pct_worked_prior_year_pt,16.61,,1594
2011,2010,ss_retired_62-64,pct_worked_prior_year_ft,12.27,,1594
2011,2010,ss_retired_62-64,pt_share_of_prior_year_workers,57.51,,479
2011,2010,ss_retired_65-69,population_m,7.99,,4479
2011,2010,ss_retired_65-69,pct_employed,22.93,,4479
2011,2010,ss_retired_65-69,pct_employed_pt,12.88,,4479
2011,2010,ss_retired_65-69,pct_employed_ft,10.05,,4479
2011,2010,ss_retired_65-69,pt_share_of_employed,56.17,,1076
2011,2010,ss_retired_65-69,pct_worked_prior_year,28.23,,4479
2011,2010,ss_retired_65-69,pct_worked_prior_year_pt,14.53,,4479
2011,2010,ss_retired_65-69,pct_worked_prior_year_ft,13.7,,4479
2011,2010,ss_retired_65-69,pt_share_of_prior_year_workers,51.46,,1321
2011,2010,ss_retired_70-74,population_m,7.4,,4164
2011,2010,ss_retired_70-74,pct_employed,15.08,,4164
2011,2010,ss_retired_70-74,pct_employed_pt,8.25,,4164
2011,2010,ss_retired_70-74,pct_employed_ft,6.83,,4164
2011,2010,ss_retired_70-74,pt_share_of_employed,54.72,,659
2011,2010,ss_retired_70-74,pct_worked_prior_year,18.82,,4164
2011,2010,ss_retired_70-74,pct_worked_prior_year_pt,10.66,,4164
2011,2010,ss_retired_70-74,pct_worked_prior_year_ft,8.16,,4164
2011,2010,ss_retired_70-74,pt_share_of_prior_year_workers,56.64,,817
2011,2010,ss_retired_75+,population_m,14.63,,7963
2011,2010,ss_retired_75+,pct_employed,5.25,,7963
2011,2010,ss_retired_75+,pct_employed_pt,3.26,,7963
2011,2010,ss_retired_75+,pct_employed_ft,1.98,,7963
2011,2010,ss_retired_75+,pt_share_of_employed,62.21,,456
2011,2010,ss_retired_75+,pct_worked_prior_year,7.03,,7963
2011,2010,ss_retired_75+,pct_worked_prior_year_pt,4.47,,7963
2011,2010,ss_retired_75+,pct_worked_prior_year_ft,2.57,,7963
2011,2010,ss_retired_75+,pt_share_of_prior_year_workers,63.51,,612
2012,2011,ss_retired_62+,population_m,34.82,,18636
2012,2011,ss_retired_62+,pct_employed,13.42,,18636
2012,2011,ss_retired_62+,pct_employed_pt,7.62,,18636
2012,2011,ss_retired_62+,pct_employed_ft,5.8,,18636
2012,2011,ss_retired_62+,pt_share_of_employed,56.78,,2595
2012,2011,ss_retired_62+,pct_worked_prior_year,16.72,,18636
2012,2011,ss_retired_62+,pct_worked_prior_year_pt,9.1,,18636
2012,2011,ss_retired_62+,pct_worked_prior_year_ft,7.61,,18636
2012,2011,ss_retired_62+,pt_share_of_prior_year_workers,54.45,,3255
2012,2011,ss_retired_65+,population_m,32.02,,17099
2012,2011,ss_retired_65+,pct_employed,13.01,,17099
2012,2011,ss_retired_65+,pct_employed_pt,7.26,,17099
2012,2011,ss_retired_65+,pct_employed_ft,5.74,,17099
2012,2011,ss_retired_65+,pt_share_of_employed,55.85,,2312
2012,2011,ss_retired_65+,pct_worked_prior_year,15.83,,17099
2012,2011,ss_retired_65+,pct_worked_prior_year_pt,8.59,,17099
2012,2011,ss_retired_65+,pct_worked_prior_year_ft,7.24,,17099
2012,2011,ss_retired_65+,pt_share_of_prior_year_workers,54.27,,2844
2012,2011,all_65+,population_m,41.51,,22507
2012,2011,all_65+,pct_ss_retired,77.15,,22507
2012,2011,all_65+,pct_employed,17.57,,22507
2012,2011,all_65+,pct_employed_pt,7.27,,22507
2012,2011,all_65+,pct_employed_ft,10.3,,22507
2012,2011,all_65+,pt_share_of_employed,41.36,,4076
2012,2011,all_65+,pct_worked_prior_year,20.51,,22507
2012,2011,all_65+,pct_worked_prior_year_pt,8.24,,22507
2012,2011,all_65+,pct_worked_prior_year_ft,12.27,,22507
2012,2011,all_65+,pt_share_of_prior_year_workers,40.17,,4776
2012,2011,all_62+,population_m,51.66,,28267
2012,2011,all_62+,pct_ss_retired,67.4,,28267
2012,2011,all_62+,pct_employed,23.5,,28267
2012,2011,all_62+,pct_employed_pt,7.89,,28267
2012,2011,all_62+,pct_employed_ft,15.61,,28267
2012,2011,all_62+,pt_share_of_employed,33.57,,6826
2012,2011,all_62+,pct_worked_prior_year,27.09,,28267
2012,2011,all_62+,pct_worked_prior_year_pt,9.01,,28267
2012,2011,all_62+,pct_worked_prior_year_ft,18.08,,28267
2012,2011,all_62+,pt_share_of_prior_year_workers,33.27,,7869
2012,2011,not_ss_retired_62+,population_m,16.84,,9631
2012,2011,not_ss_retired_62+,pct_employed,44.34,,9631
2012,2011,not_ss_retired_62+,pct_employed_pt,8.45,,9631
2012,2011,not_ss_retired_62+,pct_employed_ft,35.89,,9631
2012,2011,not_ss_retired_62+,pt_share_of_employed,19.05,,4231
2012,2011,not_ss_retired_62+,pct_worked_prior_year,48.53,,9631
2012,2011,not_ss_retired_62+,pct_worked_prior_year_pt,8.83,,9631
2012,2011,not_ss_retired_62+,pct_worked_prior_year_ft,39.7,,9631
2012,2011,not_ss_retired_62+,pt_share_of_prior_year_workers,18.19,,4614
2012,2011,ss_retired_62+_men,population_m,15.67,,8412
2012,2011,ss_retired_62+_men,pct_employed,17.3,,8412
2012,2011,ss_retired_62+_men,pct_employed_pt,8.69,,8412
2012,2011,ss_retired_62+_men,pct_employed_ft,8.61,,8412
2012,2011,ss_retired_62+_men,pt_share_of_employed,50.24,,1458
2012,2011,ss_retired_62+_men,pct_worked_prior_year,21.0,,8412
2012,2011,ss_retired_62+_men,pct_worked_prior_year_pt,10.03,,8412
2012,2011,ss_retired_62+_men,pct_worked_prior_year_ft,10.97,,8412
2012,2011,ss_retired_62+_men,pt_share_of_prior_year_workers,47.76,,1810
2012,2011,ss_retired_62+_women,population_m,19.15,,10224
2012,2011,ss_retired_62+_women,pct_employed,10.25,,10224
2012,2011,ss_retired_62+_women,pct_employed_pt,6.75,,10224
2012,2011,ss_retired_62+_women,pct_employed_ft,3.51,,10224
2012,2011,ss_retired_62+_women,pt_share_of_employed,65.81,,1137
2012,2011,ss_retired_62+_women,pct_worked_prior_year,13.21,,10224
2012,2011,ss_retired_62+_women,pct_worked_prior_year_pt,8.34,,10224
2012,2011,ss_retired_62+_women,pct_worked_prior_year_ft,4.87,,10224
2012,2011,ss_retired_62+_women,pt_share_of_prior_year_workers,63.15,,1445
2012,2011,ss_retired_62-64,population_m,2.8,,1537
2012,2011,ss_retired_62-64,pct_employed,18.17,,1537
2012,2011,ss_retired_62-64,pct_employed_pt,11.7,,1537
2012,2011,ss_retired_62-64,pct_employed_ft,6.46,,1537
2012,2011,ss_retired_62-64,pt_share_of_employed,64.42,,283
2012,2011,ss_retired_62-64,pct_worked_prior_year,26.82,,1537
2012,2011,ss_retired_62-64,pct_worked_prior_year_pt,14.94,,1537
2012,2011,ss_retired_62-64,pct_worked_prior_year_ft,11.88,,1537
2012,2011,ss_retired_62-64,pt_share_of_prior_year_workers,55.7,,411
2012,2011,ss_retired_65-69,population_m,9.21,,4884
2012,2011,ss_retired_65-69,pct_employed,22.06,,4884
2012,2011,ss_retired_65-69,pct_employed_pt,11.68,,4884
2012,2011,ss_retired_65-69,pct_employed_ft,10.38,,4884
2012,2011,ss_retired_65-69,pt_share_of_employed,52.96,,1127
2012,2011,ss_retired_65-69,pct_worked_prior_year,27.86,,4884
2012,2011,ss_retired_65-69,pct_worked_prior_year_pt,13.99,,4884
2012,2011,ss_retired_65-69,pct_worked_prior_year_ft,13.87,,4884
2012,2011,ss_retired_65-69,pt_share_of_prior_year_workers,50.21,,1428
2012,2011,ss_retired_70-74,population_m,7.87,,4249
2012,2011,ss_retired_70-74,pct_employed,15.64,,4249
2012,2011,ss_retired_70-74,pct_employed_pt,8.53,,4249
2012,2011,ss_retired_70-74,pct_employed_ft,7.11,,4249
2012,2011,ss_retired_70-74,pt_share_of_employed,54.53,,668
2012,2011,ss_retired_70-74,pct_worked_prior_year,18.22,,4249
2012,2011,ss_retired_70-74,pct_worked_prior_year_pt,9.92,,4249
2012,2011,ss_retired_70-74,pct_worked_prior_year_ft,8.3,,4249
2012,2011,ss_retired_70-74,pt_share_of_prior_year_workers,54.43,,797
2012,2011,ss_retired_75+,population_m,14.94,,7966
2012,2011,ss_retired_75+,pct_employed,6.04,,7966
2012,2011,ss_retired_75+,pct_employed_pt,3.88,,7966
2012,2011,ss_retired_75+,pct_employed_ft,2.17,,7966
2012,2011,ss_retired_75+,pt_share_of_employed,64.15,,517
2012,2011,ss_retired_75+,pct_worked_prior_year,7.16,,7966
2012,2011,ss_retired_75+,pct_worked_prior_year_pt,4.57,,7966
2012,2011,ss_retired_75+,pct_worked_prior_year_ft,2.59,,7966
2012,2011,ss_retired_75+,pt_share_of_prior_year_workers,63.78,,619
2013,2012,ss_retired_62+,population_m,35.75,,19165
2013,2012,ss_retired_62+,pct_employed,12.95,,19165
2013,2012,ss_retired_62+,pct_employed_pt,7.79,,19165
2013,2012,ss_retired_62+,pct_employed_ft,5.15,,19165
2013,2012,ss_retired_62+,pt_share_of_employed,60.19,,2591
2013,2012,ss_retired_62+,pct_worked_prior_year,16.83,,19165
2013,2012,ss_retired_62+,pct_worked_prior_year_pt,9.52,,19165
2013,2012,ss_retired_62+,pct_worked_prior_year_ft,7.31,,19165
2013,2012,ss_retired_62+,pt_share_of_prior_year_workers,56.56,,3373
2013,2012,ss_retired_65+,population_m,33.02,,17687
2013,2012,ss_retired_65+,pct_employed,12.61,,17687
2013,2012,ss_retired_65+,pct_employed_pt,7.51,,17687
2013,2012,ss_retired_65+,pct_employed_ft,5.1,,17687
2013,2012,ss_retired_65+,pt_share_of_employed,59.54,,2343
2013,2012,ss_retired_65+,pct_worked_prior_year,15.95,,17687
2013,2012,ss_retired_65+,pct_worked_prior_year_pt,9.12,,17687
2013,2012,ss_retired_65+,pct_worked_prior_year_ft,6.83,,17687
2013,2012,ss_retired_65+,pt_share_of_prior_year_workers,57.17,,2969
2013,2012,all_65+,population_m,43.29,,23446
2013,2012,all_65+,pct_ss_retired,76.28,,23446
2013,2012,all_65+,pct_employed,17.85,,23446
2013,2012,all_65+,pct_employed_pt,7.57,,23446
2013,2012,all_65+,pct_employed_ft,10.28,,23446
2013,2012,all_65+,pt_share_of_employed,42.41,,4336
2013,2012,all_65+,pct_worked_prior_year,21.29,,23446
2013,2012,all_65+,pct_worked_prior_year_pt,8.85,,23446
2013,2012,all_65+,pct_worked_prior_year_ft,12.44,,23446
2013,2012,all_65+,pt_share_of_prior_year_workers,41.56,,5158
2013,2012,all_62+,population_m,53.5,,29174
2013,2012,all_62+,pct_ss_retired,66.81,,29174
2013,2012,all_62+,pct_employed,23.46,,29174
2013,2012,all_62+,pct_employed_pt,8.27,,29174
2013,2012,all_62+,pct_employed_ft,15.19,,29174
2013,2012,all_62+,pt_share_of_employed,35.27,,7104
2013,2012,all_62+,pct_worked_prior_year,27.7,,29174
2013,2012,all_62+,pct_worked_prior_year_pt,9.59,,29174
2013,2012,all_62+,pct_worked_prior_year_ft,18.11,,29174
2013,2012,all_62+,pt_share_of_prior_year_workers,34.61,,8353
2013,2012,not_ss_retired_62+,population_m,17.75,,10009
2013,2012,not_ss_retired_62+,pct_employed,44.64,,10009
2013,2012,not_ss_retired_62+,pct_employed_pt,9.25,,10009
2013,2012,not_ss_retired_62+,pct_employed_ft,35.39,,10009
2013,2012,not_ss_retired_62+,pt_share_of_employed,20.71,,4513
2013,2012,not_ss_retired_62+,pct_worked_prior_year,49.58,,10009
2013,2012,not_ss_retired_62+,pct_worked_prior_year_pt,9.73,,10009
2013,2012,not_ss_retired_62+,pct_worked_prior_year_ft,39.86,,10009
2013,2012,not_ss_retired_62+,pt_share_of_prior_year_workers,19.61,,4980
2013,2012,ss_retired_62+_men,population_m,16.23,,8690
2013,2012,ss_retired_62+_men,pct_employed,16.07,,8690
2013,2012,ss_retired_62+_men,pct_employed_pt,8.69,,8690
2013,2012,ss_retired_62+_men,pct_employed_ft,7.38,,8690
2013,2012,ss_retired_62+_men,pt_share_of_employed,54.05,,1446
2013,2012,ss_retired_62+_men,pct_worked_prior_year,20.9,,8690
2013,2012,ss_retired_62+_men,pct_worked_prior_year_pt,10.69,,8690
2013,2012,ss_retired_62+_men,pct_worked_prior_year_ft,10.21,,8690
2013,2012,ss_retired_62+_men,pt_share_of_prior_year_workers,51.16,,1881
2013,2012,ss_retired_62+_women,population_m,19.52,,10475
2013,2012,ss_retired_62+_women,pct_employed,10.35,,10475
2013,2012,ss_retired_62+_women,pct_employed_pt,7.05,,10475
2013,2012,ss_retired_62+_women,pct_employed_ft,3.3,,10475
2013,2012,ss_retired_62+_women,pt_share_of_employed,68.1,,1145
2013,2012,ss_retired_62+_women,pct_worked_prior_year,13.44,,10475
2013,2012,ss_retired_62+_women,pct_worked_prior_year_pt,8.54,,10475
2013,2012,ss_retired_62+_women,pct_worked_prior_year_ft,4.9,,10475
2013,2012,ss_retired_62+_women,pt_share_of_prior_year_workers,63.55,,1492
2013,2012,ss_retired_62-64,population_m,2.73,,1478
2013,2012,ss_retired_62-64,pct_employed,16.99,,1478
2013,2012,ss_retired_62-64,pct_employed_pt,11.21,,1478
2013,2012,ss_retired_62-64,pct_employed_ft,5.78,,1478
2013,2012,ss_retired_62-64,pt_share_of_employed,65.99,,248
2013,2012,ss_retired_62-64,pct_worked_prior_year,27.47,,1478
2013,2012,ss_retired_62-64,pct_worked_prior_year_pt,14.37,,1478
2013,2012,ss_retired_62-64,pct_worked_prior_year_ft,13.09,,1478
2013,2012,ss_retired_62-64,pt_share_of_prior_year_workers,52.32,,404
2013,2012,ss_retired_65-69,population_m,9.39,,5128
2013,2012,ss_retired_65-69,pct_employed,21.33,,5128
2013,2012,ss_retired_65-69,pct_employed_pt,11.95,,5128
2013,2012,ss_retired_65-69,pct_employed_ft,9.38,,5128
2013,2012,ss_retired_65-69,pt_share_of_employed,56.03,,1112
2013,2012,ss_retired_65-69,pct_worked_prior_year,27.53,,5128
2013,2012,ss_retired_65-69,pct_worked_prior_year_pt,14.78,,5128
2013,2012,ss_retired_65-69,pct_worked_prior_year_ft,12.75,,5128
2013,2012,ss_retired_65-69,pt_share_of_prior_year_workers,53.7,,1446
2013,2012,ss_retired_70-74,population_m,8.28,,4583
2013,2012,ss_retired_70-74,pct_employed,14.62,,4583
2013,2012,ss_retired_70-74,pct_employed_pt,8.89,,4583
2013,2012,ss_retired_70-74,pct_employed_ft,5.73,,4583
2013,2012,ss_retired_70-74,pt_share_of_employed,60.79,,707
2013,2012,ss_retired_70-74,pct_worked_prior_year,18.09,,4583
2013,2012,ss_retired_70-74,pct_worked_prior_year_pt,10.4,,4583
2013,2012,ss_retired_70-74,pct_worked_prior_year_ft,7.69,,4583
2013,2012,ss_retired_70-74,pt_share_of_prior_year_workers,57.48,,879
2013,2012,ss_retired_75+,population_m,15.34,,7976
2013,2012,ss_retired_75+,pct_employed,6.19,,7976
2013,2012,ss_retired_75+,pct_employed_pt,4.05,,7976
2013,2012,ss_retired_75+,pct_employed_ft,2.14,,7976
2013,2012,ss_retired_75+,pt_share_of_employed,65.36,,524
2013,2012,ss_retired_75+,pct_worked_prior_year,7.7,,7976
2013,2012,ss_retired_75+,pct_worked_prior_year_pt,4.96,,7976
2013,2012,ss_retired_75+,pct_worked_prior_year_ft,2.75,,7976
2013,2012,ss_retired_75+,pt_share_of_prior_year_workers,64.36,,644
2014,2013,ss_retired_62+,population_m,35.94,,13150
2014,2013,ss_retired_62+,pct_employed,12.87,,13150
2014,2013,ss_retired_62+,pct_employed_pt,7.44,,13150
2014,2013,ss_retired_62+,pct_employed_ft,5.43,,13150
2014,2013,ss_retired_62+,pt_share_of_employed,57.82,,1736
2014,2013,ss_retired_62+,pct_worked_prior_year,16.54,,13150
2014,2013,ss_retired_62+,pct_worked_prior_year_pt,8.92,,13150
2014,2013,ss_retired_62+,pct_worked_prior_year_ft,7.62,,13150
2014,2013,ss_retired_62+,pt_share_of_prior_year_workers,53.94,,2219
2014,2013,ss_retired_65+,population_m,33.38,,12205
2014,2013,ss_retired_65+,pct_employed,12.65,,12205
2014,2013,ss_retired_65+,pct_employed_pt,7.11,,12205
2014,2013,ss_retired_65+,pct_employed_ft,5.54,,12205
2014,2013,ss_retired_65+,pt_share_of_employed,56.22,,1585
2014,2013,ss_retired_65+,pct_worked_prior_year,15.98,,12205
2014,2013,ss_retired_65+,pct_worked_prior_year_pt,8.47,,12205
2014,2013,ss_retired_65+,pct_worked_prior_year_ft,7.5,,12205
2014,2013,ss_retired_65+,pt_share_of_prior_year_workers,53.03,,1988
2014,2013,all_65+,population_m,44.51,,16546
2014,2013,all_65+,pct_ss_retired,74.99,,16546
2014,2013,all_65+,pct_employed,18.26,,16546
2014,2013,all_65+,pct_employed_pt,7.3,,16546
2014,2013,all_65+,pct_employed_ft,10.95,,16546
2014,2013,all_65+,pt_share_of_employed,40.01,,3137
2014,2013,all_65+,pct_worked_prior_year,21.67,,16546
2014,2013,all_65+,pct_worked_prior_year_pt,8.28,,16546
2014,2013,all_65+,pct_worked_prior_year_ft,13.39,,16546
2014,2013,all_65+,pt_share_of_prior_year_workers,38.22,,3683
2014,2013,all_62+,population_m,55.4,,20683
2014,2013,all_62+,pct_ss_retired,64.88,,20683
2014,2013,all_62+,pct_employed,24.18,,20683
2014,2013,all_62+,pct_employed_pt,7.97,,20683
2014,2013,all_62+,pct_employed_ft,16.21,,20683
2014,2013,all_62+,pt_share_of_employed,32.96,,5181
2014,2013,all_62+,pct_worked_prior_year,28.18,,20683
2014,2013,all_62+,pct_worked_prior_year_pt,8.98,,20683
2014,2013,all_62+,pct_worked_prior_year_ft,19.2,,20683
2014,2013,all_62+,pt_share_of_prior_year_workers,31.87,,5988
2014,2013,not_ss_retired_62+,population_m,19.46,,7533
2014,2013,not_ss_retired_62+,pct_employed,45.06,,7533
2014,2013,not_ss_retired_62+,pct_employed_pt,8.94,,7533
2014,2013,not_ss_retired_62+,pct_employed_ft,36.12,,7533
2014,2013,not_ss_retired_62+,pt_share_of_employed,19.84,,3445
2014,2013,not_ss_retired_62+,pct_worked_prior_year,49.7,,7533
2014,2013,not_ss_retired_62+,pct_worked_prior_year_pt,9.1,,7533
2014,2013,not_ss_retired_62+,pct_worked_prior_year_ft,40.6,,7533
2014,2013,not_ss_retired_62+,pt_share_of_prior_year_workers,18.31,,3769
2014,2013,ss_retired_62+_men,population_m,16.22,,5936
2014,2013,ss_retired_62+_men,pct_employed,15.87,,5936
2014,2013,ss_retired_62+_men,pct_employed_pt,8.32,,5936
2014,2013,ss_retired_62+_men,pct_employed_ft,7.55,,5936
2014,2013,ss_retired_62+_men,pt_share_of_employed,52.45,,960
2014,2013,ss_retired_62+_men,pct_worked_prior_year,20.4,,5936
2014,2013,ss_retired_62+_men,pct_worked_prior_year_pt,9.87,,5936
2014,2013,ss_retired_62+_men,pct_worked_prior_year_ft,10.52,,5936
2014,2013,ss_retired_62+_men,pt_share_of_prior_year_workers,48.41,,1220
2014,2013,ss_retired_62+_women,population_m,19.72,,7214
2014,2013,ss_retired_62+_women,pct_employed,10.41,,7214
2014,2013,ss_retired_62+_women,pct_employed_pt,6.72,,7214
2014,2013,ss_retired_62+_women,pct_employed_ft,3.69,,7214
2014,2013,ss_retired_62+_women,pt_share_of_employed,64.57,,776
2014,2013,ss_retired_62+_women,pct_worked_prior_year,13.36,,7214
2014,2013,ss_retired_62+_women,pct_worked_prior_year_pt,8.14,,7214
2014,2013,ss_retired_62+_women,pct_worked_prior_year_ft,5.23,,7214
2014,2013,ss_retired_62+_women,pt_share_of_prior_year_workers,60.89,,999
2014,2013,ss_retired_62-64,population_m,2.56,,945
2014,2013,ss_retired_62-64,pct_employed,15.74,,945
2014,2013,ss_retired_62-64,pct_employed_pt,11.75,,945
2014,2013,ss_retired_62-64,pct_employed_ft,3.99,,945
2014,2013,ss_retired_62-64,pt_share_of_employed,74.65,,151
2014,2013,ss_retired_62-64,pct_worked_prior_year,23.78,,945
2014,2013,ss_retired_62-64,pct_worked_prior_year_pt,14.71,,945
2014,2013,ss_retired_62-64,pct_worked_prior_year_ft,9.07,,945
2014,2013,ss_retired_62-64,pt_share_of_prior_year_workers,61.87,,231
2014,2013,ss_retired_65-69,population_m,9.44,,3516
2014,2013,ss_retired_65-69,pct_employed,20.58,,3516
2014,2013,ss_retired_65-69,pct_employed_pt,10.73,,3516
2014,2013,ss_retired_65-69,pct_employed_ft,9.85,,3516
2014,2013,ss_retired_65-69,pt_share_of_employed,52.14,,745
2014,2013,ss_retired_65-69,pct_worked_prior_year,26.6,,3516
2014,2013,ss_retired_65-69,pct_worked_prior_year_pt,12.82,,3516
2014,2013,ss_retired_65-69,pct_worked_prior_year_ft,13.78,,3516
2014,2013,ss_retired_65-69,pt_share_of_prior_year_workers,48.2,,942
2014,2013,ss_retired_70-74,population_m,8.52,,3066
2014,2013,ss_retired_70-74,pct_employed,14.75,,3066
2014,2013,ss_retired_70-74,pct_employed_pt,8.56,,3066
2014,2013,ss_retired_70-74,pct_employed_ft,6.19,,3066
2014,2013,ss_retired_70-74,pt_share_of_employed,58.01,,461
2014,2013,ss_retired_70-74,pct_worked_prior_year,18.42,,3066
2014,2013,ss_retired_70-74,pct_worked_prior_year_pt,10.17,,3066
2014,2013,ss_retired_70-74,pct_worked_prior_year_ft,8.25,,3066
2014,2013,ss_retired_70-74,pt_share_of_prior_year_workers,55.2,,582
2014,2013,ss_retired_75+,population_m,15.41,,5623
2014,2013,ss_retired_75+,pct_employed,6.63,,5623
2014,2013,ss_retired_75+,pct_employed_pt,4.1,,5623
2014,2013,ss_retired_75+,pct_employed_ft,2.54,,5623
2014,2013,ss_retired_75+,pt_share_of_employed,61.74,,379
2014,2013,ss_retired_75+,pct_worked_prior_year,8.12,,5623
2014,2013,ss_retired_75+,pct_worked_prior_year_pt,4.88,,5623
2014,2013,ss_retired_75+,pct_worked_prior_year_ft,3.25,,5623
2014,2013,ss_retired_75+,pt_share_of_prior_year_workers,60.02,,464
2015,2014,ss_retired_62+,population_m,37.1,,19653
2015,2014,ss_retired_62+,pct_employed,13.11,,19653
2015,2014,ss_retired_62+,pct_employed_pt,7.65,,19653
2015,2014,ss_retired_62+,pct_employed_ft,5.46,,19653
2015,2014,ss_retired_62+,pt_share_of_employed,58.34,,2601
2015,2014,ss_retired_62+,pct_worked_prior_year,16.64,,19653
2015,2014,ss_retired_62+,pct_worked_prior_year_pt,9.17,,19653
2015,2014,ss_retired_62+,pct_worked_prior_year_ft,7.47,,19653
2015,2014,ss_retired_62+,pt_share_of_prior_year_workers,55.11,,3296
2015,2014,ss_retired_65+,population_m,34.47,,18251
2015,2014,ss_retired_65+,pct_employed,12.74,,18251
2015,2014,ss_retired_65+,pct_employed_pt,7.28,,18251
2015,2014,ss_retired_65+,pct_employed_ft,5.46,,18251
2015,2014,ss_retired_65+,pt_share_of_employed,57.12,,2359
2015,2014,ss_retired_65+,pct_worked_prior_year,15.73,,18251
2015,2014,ss_retired_65+,pct_worked_prior_year_pt,8.64,,18251
2015,2014,ss_retired_65+,pct_worked_prior_year_ft,7.09,,18251
2015,2014,ss_retired_65+,pt_share_of_prior_year_workers,54.9,,2902
2015,2014,all_65+,population_m,45.99,,24826
2015,2014,all_65+,pct_ss_retired,74.94,,24826
2015,2014,all_65+,pct_employed,18.96,,24826
2015,2014,all_65+,pct_employed_pt,7.42,,24826
2015,2014,all_65+,pct_employed_ft,11.54,,24826
2015,2014,all_65+,pt_share_of_employed,39.14,,4755
2015,2014,all_65+,pct_worked_prior_year,22.16,,24826
2015,2014,all_65+,pct_worked_prior_year_pt,8.53,,24826
2015,2014,all_65+,pct_worked_prior_year_ft,13.63,,24826
2015,2014,all_65+,pt_share_of_prior_year_workers,38.48,,5561
2015,2014,all_62+,population_m,56.98,,30857
2015,2014,all_62+,pct_ss_retired,65.12,,30857
2015,2014,all_62+,pct_employed,24.81,,30857
2015,2014,all_62+,pct_employed_pt,8.03,,30857
2015,2014,all_62+,pct_employed_ft,16.78,,30857
2015,2014,all_62+,pt_share_of_employed,32.37,,7745
2015,2014,all_62+,pct_worked_prior_year,28.73,,30857
2015,2014,all_62+,pct_worked_prior_year_pt,9.27,,30857
2015,2014,all_62+,pct_worked_prior_year_ft,19.46,,30857
2015,2014,all_62+,pt_share_of_prior_year_workers,32.26,,8957
2015,2014,not_ss_retired_62+,population_m,19.87,,11204
2015,2014,not_ss_retired_62+,pct_employed,46.64,,11204
2015,2014,not_ss_retired_62+,pct_employed_pt,8.74,,11204
2015,2014,not_ss_retired_62+,pct_employed_ft,37.9,,11204
2015,2014,not_ss_retired_62+,pt_share_of_employed,18.74,,5144
2015,2014,not_ss_retired_62+,pct_worked_prior_year,51.3,,11204
2015,2014,not_ss_retired_62+,pct_worked_prior_year_pt,9.45,,11204
2015,2014,not_ss_retired_62+,pct_worked_prior_year_ft,41.84,,11204
2015,2014,not_ss_retired_62+,pt_share_of_prior_year_workers,18.43,,5661
2015,2014,ss_retired_62+_men,population_m,16.88,,8911
2015,2014,ss_retired_62+_men,pct_employed,15.74,,8911
2015,2014,ss_retired_62+_men,pct_employed_pt,8.42,,8911
2015,2014,ss_retired_62+_men,pct_employed_ft,7.32,,8911
2015,2014,ss_retired_62+_men,pt_share_of_employed,53.51,,1407
2015,2014,ss_retired_62+_men,pct_worked_prior_year,19.83,,8911
2015,2014,ss_retired_62+_men,pct_worked_prior_year_pt,9.81,,8911
2015,2014,ss_retired_62+_men,pct_worked_prior_year_ft,10.01,,8911
2015,2014,ss_retired_62+_men,pt_share_of_prior_year_workers,49.5,,1775
2015,2014,ss_retired_62+_women,population_m,20.23,,10742
2015,2014,ss_retired_62+_women,pct_employed,10.92,,10742
2015,2014,ss_retired_62+_women,pct_employed_pt,7.0,,10742
2015,2014,ss_retired_62+_women,pct_employed_ft,3.91,,10742
2015,2014,ss_retired_62+_women,pt_share_of_employed,64.15,,1194
2015,2014,ss_retired_62+_women,pct_worked_prior_year,13.98,,10742
2015,2014,ss_retired_62+_women,pct_worked_prior_year_pt,8.63,,10742
2015,2014,ss_retired_62+_women,pct_worked_prior_year_ft,5.35,,10742
2015,2014,ss_retired_62+_women,pt_share_of_prior_year_workers,61.75,,1521
2015,2014,ss_retired_62-64,population_m,2.64,,1402
2015,2014,ss_retired_62-64,pct_employed,17.95,,1402
2015,2014,ss_retired_62-64,pct_employed_pt,12.51,,1402
2015,2014,ss_retired_62-64,pct_employed_ft,5.44,,1402
2015,2014,ss_retired_62-64,pt_share_of_employed,69.72,,242
2015,2014,ss_retired_62-64,pct_worked_prior_year,28.52,,1402
2015,2014,ss_retired_62-64,pct_worked_prior_year_pt,16.14,,1402
2015,2014,ss_retired_62-64,pct_worked_prior_year_ft,12.37,,1402
2015,2014,ss_retired_62-64,pt_share_of_prior_year_workers,56.61,,394
2015,2014,ss_retired_65-69,population_m,9.96,,5429
2015,2014,ss_retired_65-69,pct_employed,21.29,,5429
2015,2014,ss_retired_65-69,pct_employed_pt,11.73,,5429
2015,2014,ss_retired_65-69,pct_employed_ft,9.55,,5429
2015,2014,ss_retired_65-69,pt_share_of_employed,55.12,,1160
2015,2014,ss_retired_65-69,pct_worked_prior_year,26.77,,5429
2015,2014,ss_retired_65-69,pct_worked_prior_year_pt,13.8,,5429
2015,2014,ss_retired_65-69,pct_worked_prior_year_ft,12.97,,5429
2015,2014,ss_retired_65-69,pt_share_of_prior_year_workers,51.54,,1428
2015,2014,ss_retired_70-74,population_m,8.9,,4714
2015,2014,ss_retired_70-74,pct_employed,15.03,,4714
2015,2014,ss_retired_70-74,pct_employed_pt,8.68,,4714
2015,2014,ss_retired_70-74,pct_employed_ft,6.35,,4714
2015,2014,ss_retired_70-74,pt_share_of_employed,57.73,,704
2015,2014,ss_retired_70-74,pct_worked_prior_year,18.55,,4714
2015,2014,ss_retired_70-74,pct_worked_prior_year_pt,10.57,,4714
2015,2014,ss_retired_70-74,pct_worked_prior_year_ft,7.98,,4714
2015,2014,ss_retired_70-74,pt_share_of_prior_year_workers,56.97,,885
2015,2014,ss_retired_75+,population_m,15.61,,8108
2015,2014,ss_retired_75+,pct_employed,5.98,,8108
2015,2014,ss_retired_75+,pct_employed_pt,3.64,,8108
2015,2014,ss_retired_75+,pct_employed_ft,2.35,,8108
2015,2014,ss_retired_75+,pt_share_of_employed,60.76,,495
2015,2014,ss_retired_75+,pct_worked_prior_year,7.08,,8108
2015,2014,ss_retired_75+,pct_worked_prior_year_pt,4.24,,8108
2015,2014,ss_retired_75+,pct_worked_prior_year_ft,2.84,,8108
2015,2014,ss_retired_75+,pt_share_of_prior_year_workers,59.93,,589
2016,2015,ss_retired_62+,population_m,38.45,,18837
2016,2015,ss_retired_62+,pct_employed,13.31,,18837
2016,2015,ss_retired_62+,pct_employed_pt,7.89,,18837
2016,2015,ss_retired_62+,pct_employed_ft,5.42,,18837
2016,2015,ss_retired_62+,pt_share_of_employed,59.3,,2600
2016,2015,ss_retired_62+,pct_worked_prior_year,16.93,,18837
2016,2015,ss_retired_62+,pct_worked_prior_year_pt,9.64,,18837
2016,2015,ss_retired_62+,pct_worked_prior_year_ft,7.29,,18837
2016,2015,ss_retired_62+,pt_share_of_prior_year_workers,56.96,,3280
2016,2015,ss_retired_65+,population_m,35.93,,17536
2016,2015,ss_retired_65+,pct_employed,13.05,,17536
2016,2015,ss_retired_65+,pct_employed_pt,7.57,,17536
2016,2015,ss_retired_65+,pct_employed_ft,5.48,,17536
2016,2015,ss_retired_65+,pt_share_of_employed,58.03,,2363
2016,2015,ss_retired_65+,pct_worked_prior_year,16.13,,17536
2016,2015,ss_retired_65+,pct_worked_prior_year_pt,9.19,,17536
2016,2015,ss_retired_65+,pct_worked_prior_year_ft,6.94,,17536
2016,2015,ss_retired_65+,pt_share_of_prior_year_workers,56.97,,2909
2016,2015,all_65+,population_m,47.55,,23697
2016,2015,all_65+,pct_ss_retired,75.58,,23697
2016,2015,all_65+,pct_employed,19.34,,23697
2016,2015,all_65+,pct_employed_pt,7.85,,23697
2016,2015,all_65+,pct_employed_ft,11.49,,23697
2016,2015,all_65+,pt_share_of_employed,40.57,,4665
2016,2015,all_65+,pct_worked_prior_year,22.57,,23697
2016,2015,all_65+,pct_worked_prior_year_pt,9.09,,23697
2016,2015,all_65+,pct_worked_prior_year_ft,13.48,,23697
2016,2015,all_65+,pt_share_of_prior_year_workers,40.26,,5438
2016,2015,all_62+,population_m,58.62,,29382
2016,2015,all_62+,pct_ss_retired,65.59,,29382
2016,2015,all_62+,pct_employed,25.1,,29382
2016,2015,all_62+,pct_employed_pt,8.48,,29382
2016,2015,all_62+,pct_employed_ft,16.62,,29382
2016,2015,all_62+,pt_share_of_employed,33.79,,7480
2016,2015,all_62+,pct_worked_prior_year,28.86,,29382
2016,2015,all_62+,pct_worked_prior_year_pt,9.72,,29382
2016,2015,all_62+,pct_worked_prior_year_ft,19.15,,29382
2016,2015,all_62+,pt_share_of_prior_year_workers,33.66,,8586
2016,2015,not_ss_retired_62+,population_m,20.17,,10545
2016,2015,not_ss_retired_62+,pct_employed,47.58,,10545
2016,2015,not_ss_retired_62+,pct_employed_pt,9.6,,10545
2016,2015,not_ss_retired_62+,pct_employed_ft,37.98,,10545
2016,2015,not_ss_retired_62+,pt_share_of_employed,20.18,,4880
2016,2015,not_ss_retired_62+,pct_worked_prior_year,51.61,,10545
2016,2015,not_ss_retired_62+,pct_worked_prior_year_pt,9.86,,10545
2016,2015,not_ss_retired_62+,pct_worked_prior_year_ft,41.76,,10545
2016,2015,not_ss_retired_62+,pt_share_of_prior_year_workers,19.1,,5306
2016,2015,ss_retired_62+_men,population_m,17.34,,8509
2016,2015,ss_retired_62+_men,pct_employed,16.2,,8509
2016,2015,ss_retired_62+_men,pct_employed_pt,8.52,,8509
2016,2015,ss_retired_62+_men,pct_employed_ft,7.68,,8509
2016,2015,ss_retired_62+_men,pt_share_of_employed,52.61,,1396
2016,2015,ss_retired_62+_men,pct_worked_prior_year,20.58,,8509
2016,2015,ss_retired_62+_men,pct_worked_prior_year_pt,10.41,,8509
2016,2015,ss_retired_62+_men,pct_worked_prior_year_ft,10.17,,8509
2016,2015,ss_retired_62+_men,pt_share_of_prior_year_workers,50.58,,1777
2016,2015,ss_retired_62+_women,population_m,21.11,,10328
2016,2015,ss_retired_62+_women,pct_employed,10.94,,10328
2016,2015,ss_retired_62+_women,pct_employed_pt,7.38,,10328
2016,2015,ss_retired_62+_women,pct_employed_ft,3.56,,10328
2016,2015,ss_retired_62+_women,pt_share_of_employed,67.44,,1204
2016,2015,ss_retired_62+_women,pct_worked_prior_year,13.93,,10328
2016,2015,ss_retired_62+_women,pct_worked_prior_year_pt,9.01,,10328
2016,2015,ss_retired_62+_women,pct_worked_prior_year_ft,4.92,,10328
2016,2015,ss_retired_62+_women,pt_share_of_prior_year_workers,64.7,,1503
2016,2015,ss_retired_62-64,population_m,2.52,,1301
2016,2015,ss_retired_62-64,pct_employed,17.12,,1301
2016,2015,ss_retired_62-64,pct_employed_pt,12.52,,1301
2016,2015,ss_retired_62-64,pct_employed_ft,4.6,,1301
2016,2015,ss_retired_62-64,pt_share_of_employed,73.14,,237
2016,2015,ss_retired_62-64,pct_worked_prior_year,28.33,,1301
2016,2015,ss_retired_62-64,pct_worked_prior_year_pt,16.1,,1301
2016,2015,ss_retired_62-64,pct_worked_prior_year_ft,12.22,,1301
2016,2015,ss_retired_62-64,pt_share_of_prior_year_workers,56.84,,371
2016,2015,ss_retired_65-69,population_m,10.52,,5262
2016,2015,ss_retired_65-69,pct_employed,22.05,,5262
2016,2015,ss_retired_65-69,pct_employed_pt,11.98,,5262
2016,2015,ss_retired_65-69,pct_employed_ft,10.06,,5262
2016,2015,ss_retired_65-69,pt_share_of_employed,54.36,,1172
2016,2015,ss_retired_65-69,pct_worked_prior_year,26.93,,5262
2016,2015,ss_retired_65-69,pct_worked_prior_year_pt,14.07,,5262
2016,2015,ss_retired_65-69,pct_worked_prior_year_ft,12.86,,5262
2016,2015,ss_retired_65-69,pt_share_of_prior_year_workers,52.26,,1422
2016,2015,ss_retired_70-74,population_m,9.14,,4481
2016,2015,ss_retired_70-74,pct_employed,14.97,,4481
2016,2015,ss_retired_70-74,pct_employed_pt,9.15,,4481
2016,2015,ss_retired_70-74,pct_employed_ft,5.83,,4481
2016,2015,ss_retired_70-74,pt_share_of_employed,61.09,,699
2016,2015,ss_retired_70-74,pct_worked_prior_year,18.4,,4481
2016,2015,ss_retired_70-74,pct_worked_prior_year_pt,10.89,,4481
2016,2015,ss_retired_70-74,pct_worked_prior_year_ft,7.5,,4481
2016,2015,ss_retired_70-74,pt_share_of_prior_year_workers,59.21,,856
2016,2015,ss_retired_75+,population_m,16.28,,7793
2016,2015,ss_retired_75+,pct_employed,6.15,,7793
2016,2015,ss_retired_75+,pct_employed_pt,3.83,,7793
2016,2015,ss_retired_75+,pct_employed_ft,2.31,,7793
2016,2015,ss_retired_75+,pt_share_of_employed,62.35,,492
2016,2015,ss_retired_75+,pct_worked_prior_year,7.88,,7793
2016,2015,ss_retired_75+,pct_worked_prior_year_pt,5.08,,7793
2016,2015,ss_retired_75+,pct_worked_prior_year_ft,2.8,,7793
2016,2015,ss_retired_75+,pt_share_of_prior_year_workers,64.44,,631
2017,2016,ss_retired_62+,population_m,39.23,,19499
2017,2016,ss_retired_62+,pct_employed,13.5,,19499
2017,2016,ss_retired_62+,pct_employed_pt,7.76,,19499
2017,2016,ss_retired_62+,pct_employed_ft,5.73,,19499
2017,2016,ss_retired_62+,pt_share_of_employed,57.51,,2613
2017,2016,ss_retired_62+,pct_worked_prior_year,17.02,,19499
2017,2016,ss_retired_62+,pct_worked_prior_year_pt,9.71,,19499
2017,2016,ss_retired_62+,pct_worked_prior_year_ft,7.3,,19499
2017,2016,ss_retired_62+,pt_share_of_prior_year_workers,57.07,,3315
2017,2016,ss_retired_65+,population_m,36.84,,18270
2017,2016,ss_retired_65+,pct_employed,13.33,,18270
2017,2016,ss_retired_65+,pct_employed_pt,7.52,,18270
2017,2016,ss_retired_65+,pct_employed_ft,5.8,,18270
2017,2016,ss_retired_65+,pt_share_of_employed,56.46,,2408
2017,2016,ss_retired_65+,pct_worked_prior_year,16.52,,18270
2017,2016,ss_retired_65+,pct_worked_prior_year_pt,9.39,,18270
2017,2016,ss_retired_65+,pct_worked_prior_year_ft,7.13,,18270
2017,2016,ss_retired_65+,pt_share_of_prior_year_workers,56.85,,3006
2017,2016,all_65+,population_m,49.27,,24928
2017,2016,all_65+,pct_ss_retired,74.76,,24928
2017,2016,all_65+,pct_employed,19.23,,24928
2017,2016,all_65+,pct_employed_pt,7.56,,24928
2017,2016,all_65+,pct_employed_ft,11.67,,24928
2017,2016,all_65+,pt_share_of_employed,39.32,,4841
2017,2016,all_65+,pct_worked_prior_year,22.75,,24928
2017,2016,all_65+,pct_worked_prior_year_pt,9.25,,24928
2017,2016,all_65+,pct_worked_prior_year_ft,13.5,,24928
2017,2016,all_65+,pt_share_of_prior_year_workers,40.67,,5691
2017,2016,all_62+,population_m,60.65,,30749
2017,2016,all_62+,pct_ss_retired,64.69,,30749
2017,2016,all_62+,pct_employed,25.26,,30749
2017,2016,all_62+,pct_employed_pt,8.13,,30749
2017,2016,all_62+,pct_employed_ft,17.12,,30749
2017,2016,all_62+,pt_share_of_employed,32.2,,7821
2017,2016,all_62+,pct_worked_prior_year,29.17,,30749
2017,2016,all_62+,pct_worked_prior_year_pt,9.78,,30749
2017,2016,all_62+,pct_worked_prior_year_ft,19.39,,30749
2017,2016,all_62+,pt_share_of_prior_year_workers,33.53,,9000
2017,2016,not_ss_retired_62+,population_m,21.42,,11250
2017,2016,not_ss_retired_62+,pct_employed,46.8,,11250
2017,2016,not_ss_retired_62+,pct_employed_pt,8.81,,11250
2017,2016,not_ss_retired_62+,pct_employed_ft,37.98,,11250
2017,2016,not_ss_retired_62+,pt_share_of_employed,18.83,,5208
2017,2016,not_ss_retired_62+,pct_worked_prior_year,51.43,,11250
2017,2016,not_ss_retired_62+,pct_worked_prior_year_pt,9.91,,11250
2017,2016,not_ss_retired_62+,pct_worked_prior_year_ft,41.52,,11250
2017,2016,not_ss_retired_62+,pt_share_of_prior_year_workers,19.27,,5685
2017,2016,ss_retired_62+_men,population_m,17.73,,8840
2017,2016,ss_retired_62+_men,pct_employed,16.94,,8840
2017,2016,ss_retired_62+_men,pct_employed_pt,8.51,,8840
2017,2016,ss_retired_62+_men,pct_employed_ft,8.43,,8840
2017,2016,ss_retired_62+_men,pt_share_of_employed,50.25,,1458
2017,2016,ss_retired_62+_men,pct_worked_prior_year,21.15,,8840
2017,2016,ss_retired_62+_men,pct_worked_prior_year_pt,10.71,,8840
2017,2016,ss_retired_62+_men,pct_worked_prior_year_ft,10.44,,8840
2017,2016,ss_retired_62+_men,pt_share_of_prior_year_workers,50.66,,1845
2017,2016,ss_retired_62+_women,population_m,21.51,,10659
2017,2016,ss_retired_62+_women,pct_employed,10.66,,10659
2017,2016,ss_retired_62+_women,pct_employed_pt,7.14,,10659
2017,2016,ss_retired_62+_women,pct_employed_ft,3.51,,10659
2017,2016,ss_retired_62+_women,pt_share_of_employed,67.03,,1155
2017,2016,ss_retired_62+_women,pct_worked_prior_year,13.61,,10659
2017,2016,ss_retired_62+_women,pct_worked_prior_year_pt,8.89,,10659
2017,2016,ss_retired_62+_women,pct_worked_prior_year_ft,4.72,,10659
2017,2016,ss_retired_62+_women,pt_share_of_prior_year_workers,65.29,,1470
2017,2016,ss_retired_62-64,population_m,2.4,,1229
2017,2016,ss_retired_62-64,pct_employed,16.14,,1229
2017,2016,ss_retired_62-64,pct_employed_pt,11.44,,1229
2017,2016,ss_retired_62-64,pct_employed_ft,4.69,,1229
2017,2016,ss_retired_62-64,pt_share_of_employed,70.91,,205
2017,2016,ss_retired_62-64,pct_worked_prior_year,24.57,,1229
2017,2016,ss_retired_62-64,pct_worked_prior_year_pt,14.6,,1229
2017,2016,ss_retired_62-64,pct_worked_prior_year_ft,9.97,,1229
2017,2016,ss_retired_62-64,pt_share_of_prior_year_workers,59.41,,309
2017,2016,ss_retired_65-69,population_m,10.33,,5203
2017,2016,ss_retired_65-69,pct_employed,21.63,,5203
2017,2016,ss_retired_65-69,pct_employed_pt,11.8,,5203
2017,2016,ss_retired_65-69,pct_employed_ft,9.82,,5203
2017,2016,ss_retired_65-69,pt_share_of_employed,54.57,,1113
2017,2016,ss_retired_65-69,pct_worked_prior_year,27.01,,5203
2017,2016,ss_retired_65-69,pct_worked_prior_year_pt,14.51,,5203
2017,2016,ss_retired_65-69,pct_worked_prior_year_ft,12.5,,5203
2017,2016,ss_retired_65-69,pt_share_of_prior_year_workers,53.74,,1393
2017,2016,ss_retired_70-74,population_m,10.03,,5065
2017,2016,ss_retired_70-74,pct_employed,16.08,,5065
2017,2016,ss_retired_70-74,pct_employed_pt,9.17,,5065
2017,2016,ss_retired_70-74,pct_employed_ft,6.91,,5065
2017,2016,ss_retired_70-74,pt_share_of_employed,57.06,,798
2017,2016,ss_retired_70-74,pct_worked_prior_year,19.33,,5065
2017,2016,ss_retired_70-74,pct_worked_prior_year_pt,11.01,,5065
2017,2016,ss_retired_70-74,pct_worked_prior_year_ft,8.32,,5065
2017,2016,ss_retired_70-74,pt_share_of_prior_year_workers,56.97,,961
2017,2016,ss_retired_75+,population_m,16.48,,8002
2017,2016,ss_retired_75+,pct_employed,6.45,,8002
2017,2016,ss_retired_75+,pct_employed_pt,3.84,,8002
2017,2016,ss_retired_75+,pct_employed_ft,2.61,,8002
2017,2016,ss_retired_75+,pt_share_of_employed,59.51,,497
2017,2016,ss_retired_75+,pct_worked_prior_year,8.25,,8002
2017,2016,ss_retired_75+,pct_worked_prior_year_pt,5.2,,8002
2017,2016,ss_retired_75+,pct_worked_prior_year_ft,3.05,,8002
2017,2016,ss_retired_75+,pt_share_of_prior_year_workers,63.05,,652
2018,2017,ss_retired_62+,population_m,40.69,,19915
2018,2017,ss_retired_62+,pct_employed,13.08,,19915
2018,2017,ss_retired_62+,pct_employed_pt,7.6,,19915
2018,2017,ss_retired_62+,pct_employed_ft,5.48,,19915
2018,2017,ss_retired_62+,pt_share_of_employed,58.12,,2574
2018,2017,ss_retired_62+,pct_worked_prior_year,16.18,,19915
2018,2017,ss_retired_62+,pct_worked_prior_year_pt,9.07,,19915
2018,2017,ss_retired_62+,pct_worked_prior_year_ft,7.11,,19915
2018,2017,ss_retired_62+,pt_share_of_prior_year_workers,56.06,,3200
2018,2017,ss_retired_65+,population_m,38.18,,18696
2018,2017,ss_retired_65+,pct_employed,13.06,,18696
2018,2017,ss_retired_65+,pct_employed_pt,7.51,,18696
2018,2017,ss_retired_65+,pct_employed_ft,5.56,,18696
2018,2017,ss_retired_65+,pt_share_of_employed,57.47,,2406
2018,2017,ss_retired_65+,pct_worked_prior_year,15.82,,18696
2018,2017,ss_retired_65+,pct_worked_prior_year_pt,8.89,,18696
2018,2017,ss_retired_65+,pct_worked_prior_year_ft,6.93,,18696
2018,2017,ss_retired_65+,pt_share_of_prior_year_workers,56.21,,2937
2018,2017,all_65+,population_m,51.08,,25459
2018,2017,all_65+,pct_ss_retired,74.74,,25459
2018,2017,all_65+,pct_employed,19.61,,25459
2018,2017,all_65+,pct_employed_pt,7.54,,25459
2018,2017,all_65+,pct_employed_ft,12.07,,25459
2018,2017,all_65+,pt_share_of_employed,38.45,,4948
2018,2017,all_65+,pct_worked_prior_year,22.57,,25459
2018,2017,all_65+,pct_worked_prior_year_pt,8.78,,25459
2018,2017,all_65+,pct_worked_prior_year_ft,13.8,,25459
2018,2017,all_65+,pt_share_of_prior_year_workers,38.88,,5718
2018,2017,all_62+,population_m,62.87,,31323
2018,2017,all_62+,pct_ss_retired,64.72,,31323
2018,2017,all_62+,pct_employed,25.65,,31323
2018,2017,all_62+,pct_employed_pt,8.11,,31323
2018,2017,all_62+,pct_employed_ft,17.54,,31323
2018,2017,all_62+,pt_share_of_employed,31.61,,7993
2018,2017,all_62+,pct_worked_prior_year,29.19,,31323
2018,2017,all_62+,pct_worked_prior_year_pt,9.28,,31323
2018,2017,all_62+,pct_worked_prior_year_ft,19.91,,31323
2018,2017,all_62+,pt_share_of_prior_year_workers,31.8,,9085
2018,2017,not_ss_retired_62+,population_m,22.18,,11408
2018,2017,not_ss_retired_62+,pct_employed,48.73,,11408
2018,2017,not_ss_retired_62+,pct_employed_pt,9.04,,11408
2018,2017,not_ss_retired_62+,pct_employed_ft,39.68,,11408
2018,2017,not_ss_retired_62+,pt_share_of_employed,18.56,,5419
2018,2017,not_ss_retired_62+,pct_worked_prior_year,53.05,,11408
2018,2017,not_ss_retired_62+,pct_worked_prior_year_pt,9.67,,11408
2018,2017,not_ss_retired_62+,pct_worked_prior_year_ft,43.39,,11408
2018,2017,not_ss_retired_62+,pt_share_of_prior_year_workers,18.22,,5885
2018,2017,ss_retired_62+_men,population_m,18.49,,9023
2018,2017,ss_retired_62+_men,pct_employed,16.4,,9023
2018,2017,ss_retired_62+_men,pct_employed_pt,8.39,,9023
2018,2017,ss_retired_62+_men,pct_employed_ft,8.02,,9023
2018,2017,ss_retired_62+_men,pt_share_of_employed,51.13,,1455
2018,2017,ss_retired_62+_men,pct_worked_prior_year,19.93,,9023
2018,2017,ss_retired_62+_men,pct_worked_prior_year_pt,9.53,,9023
2018,2017,ss_retired_62+_men,pct_worked_prior_year_ft,10.39,,9023
2018,2017,ss_retired_62+_men,pt_share_of_prior_year_workers,47.84,,1783
2018,2017,ss_retired_62+_women,population_m,22.2,,10892
2018,2017,ss_retired_62+_women,pct_employed,10.3,,10892
2018,2017,ss_retired_62+_women,pct_employed_pt,6.94,,10892
2018,2017,ss_retired_62+_women,pct_employed_ft,3.36,,10892
2018,2017,ss_retired_62+_women,pt_share_of_employed,67.39,,1119
2018,2017,ss_retired_62+_women,pct_worked_prior_year,13.07,,10892
2018,2017,ss_retired_62+_women,pct_worked_prior_year_pt,8.69,,10892
2018,2017,ss_retired_62+_women,pct_worked_prior_year_ft,4.37,,10892
2018,2017,ss_retired_62+_women,pt_share_of_prior_year_workers,66.52,,1417
2018,2017,ss_retired_62-64,population_m,2.51,,1219
2018,2017,ss_retired_62-64,pct_employed,13.27,,1219
2018,2017,ss_retired_62-64,pct_employed_pt,8.99,,1219
2018,2017,ss_retired_62-64,pct_employed_ft,4.28,,1219
2018,2017,ss_retired_62-64,pt_share_of_employed,67.77,,168
2018,2017,ss_retired_62-64,pct_worked_prior_year,21.76,,1219
2018,2017,ss_retired_62-64,pct_worked_prior_year_pt,11.86,,1219
2018,2017,ss_retired_62-64,pct_worked_prior_year_ft,9.91,,1219
2018,2017,ss_retired_62-64,pt_share_of_prior_year_workers,54.48,,263
2018,2017,ss_retired_65-69,population_m,10.58,,5233
2018,2017,ss_retired_65-69,pct_employed,20.31,,5233
2018,2017,ss_retired_65-69,pct_employed_pt,11.15,,5233
2018,2017,ss_retired_65-69,pct_employed_ft,9.16,,5233
2018,2017,ss_retired_65-69,pt_share_of_employed,54.89,,1055
2018,2017,ss_retired_65-69,pct_worked_prior_year,25.18,,5233
2018,2017,ss_retired_65-69,pct_worked_prior_year_pt,13.17,,5233
2018,2017,ss_retired_65-69,pct_worked_prior_year_ft,12.01,,5233
2018,2017,ss_retired_65-69,pt_share_of_prior_year_workers,52.29,,1305
2018,2017,ss_retired_70-74,population_m,10.64,,5301
2018,2017,ss_retired_70-74,pct_employed,16.1,,5301
2018,2017,ss_retired_70-74,pct_employed_pt,9.0,,5301
2018,2017,ss_retired_70-74,pct_employed_ft,7.1,,5301
2018,2017,ss_retired_70-74,pt_share_of_employed,55.88,,836
2018,2017,ss_retired_70-74,pct_worked_prior_year,18.9,,5301
2018,2017,ss_retired_70-74,pct_worked_prior_year_pt,10.47,,5301
2018,2017,ss_retired_70-74,pct_worked_prior_year_ft,8.43,,5301
2018,2017,ss_retired_70-74,pt_share_of_prior_year_workers,55.38,,992
2018,2017,ss_retired_75+,population_m,16.96,,8162
2018,2017,ss_retired_75+,pct_employed,6.64,,8162
2018,2017,ss_retired_75+,pct_employed_pt,4.3,,8162
2018,2017,ss_retired_75+,pct_employed_ft,2.33,,8162
2018,2017,ss_retired_75+,pt_share_of_employed,64.83,,515
2018,2017,ss_retired_75+,pct_worked_prior_year,8.04,,8162
2018,2017,ss_retired_75+,pct_worked_prior_year_pt,5.23,,8162
2018,2017,ss_retired_75+,pct_worked_prior_year_ft,2.81,,8162
2018,2017,ss_retired_75+,pt_share_of_prior_year_workers,65.07,,640
2019,2018,ss_retired_62+,population_m,41.77,0.21,20557
2019,2018,ss_retired_62+,pct_employed,13.22,0.3,20557
2019,2018,ss_retired_62+,pct_employed_pt,7.94,0.24,20557
2019,2018,ss_retired_62+,pct_employed_ft,5.28,0.19,20557
2019,2018,ss_retired_62+,pt_share_of_employed,60.04,1.17,2729
2019,2018,ss_retired_62+,pct_worked_prior_year,16.65,0.34,20557
2019,2018,ss_retired_62+,pct_worked_prior_year_pt,9.64,0.26,20557
2019,2018,ss_retired_62+,pct_worked_prior_year_ft,7.01,0.21,20557
2019,2018,ss_retired_62+,pt_share_of_prior_year_workers,57.91,0.96,3411
2019,2018,ss_retired_65+,population_m,39.43,0.2,19379
2019,2018,ss_retired_65+,pct_employed,13.16,0.31,19379
2019,2018,ss_retired_65+,pct_employed_pt,7.82,0.25,19379
2019,2018,ss_retired_65+,pct_employed_ft,5.34,0.2,19379
2019,2018,ss_retired_65+,pt_share_of_employed,59.41,1.22,2565
2019,2018,ss_retired_65+,pct_worked_prior_year,16.3,0.34,19379
2019,2018,ss_retired_65+,pct_worked_prior_year_pt,9.47,0.26,19379
2019,2018,ss_retired_65+,pct_worked_prior_year_ft,6.83,0.21,19379
2019,2018,ss_retired_65+,pt_share_of_prior_year_workers,58.08,0.97,3152
2019,2018,all_65+,population_m,52.79,0.16,26292
2019,2018,all_65+,pct_ss_retired,74.69,0.3,26292
2019,2018,all_65+,pct_employed,19.83,0.29,26292
2019,2018,all_65+,pct_employed_pt,7.98,0.21,26292
2019,2018,all_65+,pct_employed_ft,11.85,0.23,26292
2019,2018,all_65+,pt_share_of_employed,40.23,0.8,5243
2019,2018,all_65+,pct_worked_prior_year,23.19,0.31,26292
2019,2018,all_65+,pct_worked_prior_year_pt,9.3,0.21,26292
2019,2018,all_65+,pct_worked_prior_year_ft,13.89,0.24,26292
2019,2018,all_65+,pt_share_of_prior_year_workers,40.1,0.7,6103
2019,2018,all_62+,population_m,65.04,0.17,32509
2019,2018,all_62+,pct_ss_retired,64.22,0.3,32509
2019,2018,all_62+,pct_employed,25.84,0.3,32509
2019,2018,all_62+,pct_employed_pt,8.42,0.19,32509
2019,2018,all_62+,pct_employed_ft,17.42,0.26,32509
2019,2018,all_62+,pt_share_of_employed,32.57,0.62,8439
2019,2018,all_62+,pct_worked_prior_year,29.56,0.31,32509
2019,2018,all_62+,pct_worked_prior_year_pt,9.67,0.2,32509
2019,2018,all_62+,pct_worked_prior_year_ft,19.89,0.26,32509
2019,2018,all_62+,pt_share_of_prior_year_workers,32.71,0.58,9614
2019,2018,not_ss_retired_62+,population_m,23.27,0.21,11952
2019,2018,not_ss_retired_62+,pct_employed,48.5,0.6,11952
2019,2018,not_ss_retired_62+,pct_employed_pt,9.28,0.3,11952
2019,2018,not_ss_retired_62+,pct_employed_ft,39.22,0.55,11952
2019,2018,not_ss_retired_62+,pt_share_of_employed,19.14,0.57,5710
2019,2018,not_ss_retired_62+,pct_worked_prior_year,52.72,0.59,11952
2019,2018,not_ss_retired_62+,pct_worked_prior_year_pt,9.71,0.33,11952
2019,2018,not_ss_retired_62+,pct_worked_prior_year_ft,43.01,0.53,11952
2019,2018,not_ss_retired_62+,pt_share_of_prior_year_workers,18.42,0.57,6203
2019,2018,ss_retired_62+_withdrawer,population_m,8.43,0.16,3830
2019,2018,ss_retired_62+_withdrawer,pct_employed,12.88,0.71,3830
2019,2018,ss_retired_62+_withdrawer,pct_employed_pt,8.53,0.6,3830
2019,2018,ss_retired_62+_withdrawer,pct_employed_ft,4.35,0.42,3830
2019,2018,ss_retired_62+_withdrawer,pt_share_of_employed,66.25,2.73,500
2019,2018,ss_retired_62+_withdrawer,pct_worked_prior_year,17.14,0.8,3830
2019,2018,ss_retired_62+_withdrawer,pct_worked_prior_year_pt,10.72,0.68,3830
2019,2018,ss_retired_62+_withdrawer,pct_worked_prior_year_ft,6.42,0.47,3830
2019,2018,ss_retired_62+_withdrawer,pt_share_of_prior_year_workers,62.53,2.33,659
2019,2018,ss_retired_62+_nonwithdrawer,population_m,33.34,0.21,16727
2019,2018,ss_retired_62+_nonwithdrawer,pct_employed,13.3,0.33,16727
2019,2018,ss_retired_62+_nonwithdrawer,pct_employed_pt,7.78,0.26,16727
2019,2018,ss_retired_62+_nonwithdrawer,pct_employed_ft,5.52,0.22,16727
2019,2018,ss_retired_62+_nonwithdrawer,pt_share_of_employed,58.52,1.26,2229
2019,2018,ss_retired_62+_nonwithdrawer,pct_worked_prior_year,16.53,0.37,16727
2019,2018,ss_retired_62+_nonwithdrawer,pct_worked_prior_year_pt,9.37,0.26,16727
2019,2018,ss_retired_62+_nonwithdrawer,pct_worked_prior_year_ft,7.16,0.23,16727
2019,2018,ss_retired_62+_nonwithdrawer,pt_share_of_prior_year_workers,56.7,0.98,2752
2019,2018,ss_retired_62+_men,population_m,19.17,0.15,9414
2019,2018,ss_retired_62+_men,pct_employed,15.72,0.45,9414
2019,2018,ss_retired_62+_men,pct_employed_pt,8.35,0.33,9414
2019,2018,ss_retired_62+_men,pct_employed_ft,7.37,0.36,9414
2019,2018,ss_retired_62+_men,pt_share_of_employed,53.12,1.66,1484
2019,2018,ss_retired_62+_men,pct_worked_prior_year,19.6,0.5,9414
2019,2018,ss_retired_62+_men,pct_worked_prior_year_pt,10.26,0.35,9414
2019,2018,ss_retired_62+_men,pct_worked_prior_year_ft,9.34,0.38,9414
2019,2018,ss_retired_62+_men,pt_share_of_prior_year_workers,52.34,1.37,1845
2019,2018,ss_retired_62+_women,population_m,22.6,0.12,11143
2019,2018,ss_retired_62+_women,pct_employed,11.09,0.37,11143
2019,2018,ss_retired_62+_women,pct_employed_pt,7.58,0.3,11143
2019,2018,ss_retired_62+_women,pct_employed_ft,3.51,0.18,11143
2019,2018,ss_retired_62+_women,pt_share_of_employed,68.37,1.37,1245
2019,2018,ss_retired_62+_women,pct_worked_prior_year,14.15,0.43,11143
2019,2018,ss_retired_62+_women,pct_worked_prior_year_pt,9.12,0.32,11143
2019,2018,ss_retired_62+_women,pct_worked_prior_year_ft,5.03,0.25,11143
2019,2018,ss_retired_62+_women,pt_share_of_prior_year_workers,64.45,1.31,1566
2019,2018,ss_retired_62-64,population_m,2.34,0.08,1178
2019,2018,ss_retired_62-64,pct_employed,14.21,1.13,1178
2019,2018,ss_retired_62-64,pct_employed_pt,9.93,0.97,1178
2019,2018,ss_retired_62-64,pct_employed_ft,4.28,0.68,1178
2019,2018,ss_retired_62-64,pt_share_of_employed,69.91,4.08,164
2019,2018,ss_retired_62-64,pct_worked_prior_year,22.59,1.55,1178
2019,2018,ss_retired_62-64,pct_worked_prior_year_pt,12.62,1.13,1178
2019,2018,ss_retired_62-64,pct_worked_prior_year_ft,9.97,1.16,1178
2019,2018,ss_retired_62-64,pt_share_of_prior_year_workers,55.85,3.79,259
2019,2018,ss_retired_65-69,population_m,10.57,0.13,5305
2019,2018,ss_retired_65-69,pct_employed,21.3,0.73,5305
2019,2018,ss_retired_65-69,pct_employed_pt,11.92,0.56,5305
2019,2018,ss_retired_65-69,pct_employed_ft,9.38,0.49,5305
2019,2018,ss_retired_65-69,pt_share_of_employed,55.97,1.79,1148
2019,2018,ss_retired_65-69,pct_worked_prior_year,26.72,0.75,5305
2019,2018,ss_retired_65-69,pct_worked_prior_year_pt,14.64,0.6,5305
2019,2018,ss_retired_65-69,pct_worked_prior_year_ft,12.08,0.54,5305
2019,2018,ss_retired_65-69,pt_share_of_prior_year_workers,54.8,1.61,1428
2019,2018,ss_retired_70-74,population_m,11.21,0.12,5559
2019,2018,ss_retired_70-74,pct_employed,14.96,0.62,5559
2019,2018,ss_retired_70-74,pct_employed_pt,8.83,0.48,5559
2019,2018,ss_retired_70-74,pct_employed_ft,6.14,0.38,5559
2019,2018,ss_retired_70-74,pt_share_of_employed,58.99,2.01,821
2019,2018,ss_retired_70-74,pct_worked_prior_year,18.61,0.63,5559
2019,2018,ss_retired_70-74,pct_worked_prior_year_pt,10.71,0.5,5559
2019,2018,ss_retired_70-74,pct_worked_prior_year_ft,7.9,0.37,5559
2019,2018,ss_retired_70-74,pt_share_of_prior_year_workers,57.56,1.6,1015
2019,2018,ss_retired_75+,population_m,17.65,0.15,8515
2019,2018,ss_retired_75+,pct_employed,7.13,0.33,8515
2019,2018,ss_retired_75+,pct_employed_pt,4.72,0.27,8515
2019,2018,ss_retired_75+,pct_employed_ft,2.42,0.19,8515
2019,2018,ss_retired_75+,pt_share_of_employed,66.11,2.19,596
2019,2018,ss_retired_75+,pct_worked_prior_year,8.58,0.36,8515
2019,2018,ss_retired_75+,pct_worked_prior_year_pt,5.57,0.27,8515
2019,2018,ss_retired_75+,pct_worked_prior_year_ft,3.01,0.21,8515
2019,2018,ss_retired_75+,pt_share_of_prior_year_workers,64.91,1.82,709
2020,2019,ss_retired_62+,population_m,43.54,0.24,19849
2020,2019,ss_retired_62+,pct_employed,12.43,0.28,19849
2020,2019,ss_retired_62+,pct_employed_pt,7.34,0.23,19849
2020,2019,ss_retired_62+,pct_employed_ft,5.09,0.16,19849
2020,2019,ss_retired_62+,pt_share_of_employed,59.07,1.05,2529
2020,2019,ss_retired_62+,pct_worked_prior_year,16.28,0.31,19849
2020,2019,ss_retired_62+,pct_worked_prior_year_pt,9.14,0.25,19849
2020,2019,ss_retired_62+,pct_worked_prior_year_ft,7.13,0.21,19849
2020,2019,ss_retired_62+,pt_share_of_prior_year_workers,56.17,1.03,3317
2020,2019,ss_retired_65+,population_m,41.22,0.24,18774
2020,2019,ss_retired_65+,pct_employed,12.31,0.29,18774
2020,2019,ss_retired_65+,pct_employed_pt,7.18,0.23,18774
2020,2019,ss_retired_65+,pct_employed_ft,5.13,0.17,18774
2020,2019,ss_retired_65+,pt_share_of_employed,58.3,1.11,2382
2020,2019,ss_retired_65+,pct_worked_prior_year,15.79,0.31,18774
2020,2019,ss_retired_65+,pct_worked_prior_year_pt,8.92,0.25,18774
2020,2019,ss_retired_65+,pct_worked_prior_year_ft,6.87,0.22,18774
2020,2019,ss_retired_65+,pt_share_of_prior_year_workers,56.5,1.08,3070
2020,2019,all_65+,population_m,54.64,0.17,25145
2020,2019,all_65+,pct_ss_retired,75.44,0.34,25145
2020,2019,all_65+,pct_employed,19.16,0.32,25145
2020,2019,all_65+,pct_employed_pt,7.2,0.2,25145
2020,2019,all_65+,pct_employed_ft,11.96,0.24,25145
2020,2019,all_65+,pt_share_of_employed,37.57,0.78,4920
2020,2019,all_65+,pct_worked_prior_year,22.88,0.35,25145
2020,2019,all_65+,pct_worked_prior_year_pt,8.72,0.21,25145
2020,2019,all_65+,pct_worked_prior_year_ft,14.16,0.27,25145
2020,2019,all_65+,pt_share_of_prior_year_workers,38.12,0.71,5896
2020,2019,all_62+,population_m,67.2,0.19,30911
2020,2019,all_62+,pct_ss_retired,64.79,0.33,30911
2020,2019,all_62+,pct_employed,25.07,0.31,30911
2020,2019,all_62+,pct_employed_pt,7.73,0.19,30911
2020,2019,all_62+,pct_employed_ft,17.34,0.25,30911
2020,2019,all_62+,pt_share_of_employed,30.84,0.61,7838
2020,2019,all_62+,pct_worked_prior_year,29.54,0.34,30911
2020,2019,all_62+,pct_worked_prior_year_pt,9.23,0.21,30911
2020,2019,all_62+,pct_worked_prior_year_ft,20.31,0.28,30911
2020,2019,all_62+,pt_share_of_prior_year_workers,31.26,0.58,9255
2020,2019,not_ss_retired_62+,population_m,23.66,0.24,11062
2020,2019,not_ss_retired_62+,pct_employed,48.32,0.59,11062
2020,2019,not_ss_retired_62+,pct_employed_pt,8.44,0.32,11062
2020,2019,not_ss_retired_62+,pct_employed_ft,39.88,0.58,11062
2020,2019,not_ss_retired_62+,pt_share_of_employed,17.47,0.62,5309
2020,2019,not_ss_retired_62+,pct_worked_prior_year,53.94,0.56,11062
2020,2019,not_ss_retired_62+,pct_worked_prior_year_pt,9.4,0.33,11062
2020,2019,not_ss_retired_62+,pct_worked_prior_year_ft,44.54,0.57,11062
2020,2019,not_ss_retired_62+,pt_share_of_prior_year_workers,17.42,0.59,5938
2020,2019,ss_retired_62+_withdrawer,population_m,9.4,0.2,4012
2020,2019,ss_retired_62+_withdrawer,pct_employed,10.3,0.52,4012
2020,2019,ss_retired_62+_withdrawer,pct_employed_pt,6.83,0.46,4012
2020,2019,ss_retired_62+_withdrawer,pct_employed_ft,3.47,0.29,4012
2020,2019,ss_retired_62+_withdrawer,pt_share_of_employed,66.28,2.47,426
2020,2019,ss_retired_62+_withdrawer,pct_worked_prior_year,13.69,0.61,4012
2020,2019,ss_retired_62+_withdrawer,pct_worked_prior_year_pt,8.91,0.58,4012
2020,2019,ss_retired_62+_withdrawer,pct_worked_prior_year_ft,4.78,0.33,4012
2020,2019,ss_retired_62+_withdrawer,pt_share_of_prior_year_workers,65.07,2.34,582
2020,2019,ss_retired_62+_nonwithdrawer,population_m,34.14,0.25,15837
2020,2019,ss_retired_62+_nonwithdrawer,pct_employed,13.02,0.33,15837
2020,2019,ss_retired_62+_nonwithdrawer,pct_employed_pt,7.49,0.26,15837
2020,2019,ss_retired_62+_nonwithdrawer,pct_employed_ft,5.53,0.19,15837
2020,2019,ss_retired_62+_nonwithdrawer,pt_share_of_employed,57.5,1.15,2103
2020,2019,ss_retired_62+_nonwithdrawer,pct_worked_prior_year,16.99,0.38,15837
2020,2019,ss_retired_62+_nonwithdrawer,pct_worked_prior_year_pt,9.21,0.28,15837
2020,2019,ss_retired_62+_nonwithdrawer,pct_worked_prior_year_ft,7.78,0.25,15837
2020,2019,ss_retired_62+_nonwithdrawer,pt_share_of_prior_year_workers,54.2,1.12,2735
2020,2019,ss_retired_62+_men,population_m,20.04,0.18,9125
2020,2019,ss_retired_62+_men,pct_employed,15.05,0.45,9125
2020,2019,ss_retired_62+_men,pct_employed_pt,7.91,0.32,9125
2020,2019,ss_retired_62+_men,pct_employed_ft,7.14,0.28,9125
2020,2019,ss_retired_62+_men,pt_share_of_employed,52.58,1.32,1398
2020,2019,ss_retired_62+_men,pct_worked_prior_year,19.45,0.5,9125
2020,2019,ss_retired_62+_men,pct_worked_prior_year_pt,9.68,0.36,9125
2020,2019,ss_retired_62+_men,pct_worked_prior_year_ft,9.77,0.36,9125
2020,2019,ss_retired_62+_men,pt_share_of_prior_year_workers,49.76,1.33,1823
2020,2019,ss_retired_62+_women,population_m,23.5,0.12,10724
2020,2019,ss_retired_62+_women,pct_employed,10.2,0.32,10724
2020,2019,ss_retired_62+_women,pct_employed_pt,6.86,0.3,10724
2020,2019,ss_retired_62+_women,pct_employed_ft,3.34,0.18,10724
2020,2019,ss_retired_62+_women,pt_share_of_employed,67.24,1.64,1131
2020,2019,ss_retired_62+_women,pct_worked_prior_year,13.57,0.37,10724
2020,2019,ss_retired_62+_women,pct_worked_prior_year_pt,8.69,0.33,10724
2020,2019,ss_retired_62+_women,pct_worked_prior_year_ft,4.88,0.23,10724
2020,2019,ss_retired_62+_women,pt_share_of_prior_year_workers,64.01,1.48,1494
2020,2019,ss_retired_62-64,population_m,2.32,0.08,1075
2020,2019,ss_retired_62-64,pct_employed,14.69,1.41,1075
2020,2019,ss_retired_62-64,pct_employed_pt,10.36,1.16,1075
2020,2019,ss_retired_62-64,pct_employed_ft,4.33,0.81,1075
2020,2019,ss_retired_62-64,pt_share_of_employed,70.51,4.51,147
2020,2019,ss_retired_62-64,pct_worked_prior_year,24.9,1.75,1075
2020,2019,ss_retired_62-64,pct_worked_prior_year_pt,13.08,1.41,1075
2020,2019,ss_retired_62-64,pct_worked_prior_year_ft,11.82,1.38,1075
2020,2019,ss_retired_62-64,pt_share_of_prior_year_workers,52.53,4.37,247
2020,2019,ss_retired_65-69,population_m,10.77,0.14,4986
2020,2019,ss_retired_65-69,pct_employed,19.98,0.69,4986
2020,2019,ss_retired_65-69,pct_employed_pt,11.18,0.53,4986
2020,2019,ss_retired_65-69,pct_employed_ft,8.8,0.44,4986
2020,2019,ss_retired_65-69,pt_share_of_employed,55.95,1.71,1021
2020,2019,ss_retired_65-69,pct_worked_prior_year,25.26,0.74,4986
2020,2019,ss_retired_65-69,pct_worked_prior_year_pt,13.45,0.55,4986
2020,2019,ss_retired_65-69,pct_worked_prior_year_ft,11.81,0.53,4986
2020,2019,ss_retired_65-69,pt_share_of_prior_year_workers,53.24,1.57,1303
2020,2019,ss_retired_70-74,population_m,11.71,0.14,5444
2020,2019,ss_retired_70-74,pct_employed,14.51,0.55,5444
2020,2019,ss_retired_70-74,pct_employed_pt,8.51,0.43,5444
2020,2019,ss_retired_70-74,pct_employed_ft,6.0,0.37,5444
2020,2019,ss_retired_70-74,pt_share_of_employed,58.64,1.97,809
2020,2019,ss_retired_70-74,pct_worked_prior_year,18.51,0.61,5444
2020,2019,ss_retired_70-74,pct_worked_prior_year_pt,10.46,0.46,5444
2020,2019,ss_retired_70-74,pct_worked_prior_year_ft,8.06,0.45,5444
2020,2019,ss_retired_70-74,pt_share_of_prior_year_workers,56.48,1.82,1038
2020,2019,ss_retired_75+,population_m,18.74,0.18,8344
2020,2019,ss_retired_75+,pct_employed,6.52,0.33,8344
2020,2019,ss_retired_75+,pct_employed_pt,4.04,0.26,8344
2020,2019,ss_retired_75+,pct_employed_ft,2.48,0.18,8344
2020,2019,ss_retired_75+,pt_share_of_employed,61.99,2.27,552
2020,2019,ss_retired_75+,pct_worked_prior_year,8.65,0.41,8344
2020,2019,ss_retired_75+,pct_worked_prior_year_pt,5.36,0.32,8344
2020,2019,ss_retired_75+,pct_worked_prior_year_ft,3.29,0.24,8344
2020,2019,ss_retired_75+,pt_share_of_prior_year_workers,61.98,2.14,729
2021,2020,ss_retired_62+,population_m,44.21,0.22,20373
2021,2020,ss_retired_62+,pct_employed,10.77,0.29,20373
2021,2020,ss_retired_62+,pct_employed_pt,5.6,0.2,20373
2021,2020,ss_retired_62+,pct_employed_ft,5.16,0.19,20373
2021,2020,ss_retired_62+,pt_share_of_employed,52.05,1.24,2289
2021,2020,ss_retired_62+,pct_worked_prior_year,14.67,0.33,20373
2021,2020,ss_retired_62+,pct_worked_prior_year_pt,7.61,0.23,20373
2021,2020,ss_retired_62+,pct_worked_prior_year_ft,7.06,0.23,20373
2021,2020,ss_retired_62+,pt_share_of_prior_year_workers,51.86,1.1,3096
2021,2020,ss_retired_65+,population_m,42.05,0.21,19382
2021,2020,ss_retired_65+,pct_employed,10.73,0.3,19382
2021,2020,ss_retired_65+,pct_employed_pt,5.5,0.21,19382
2021,2020,ss_retired_65+,pct_employed_ft,5.23,0.2,19382
2021,2020,ss_retired_65+,pt_share_of_employed,51.25,1.27,2178
2021,2020,ss_retired_65+,pct_worked_prior_year,14.44,0.34,19382
2021,2020,ss_retired_65+,pct_worked_prior_year_pt,7.44,0.23,19382
2021,2020,ss_retired_65+,pct_worked_prior_year_ft,7.0,0.24,19382
2021,2020,ss_retired_65+,pt_share_of_prior_year_workers,51.51,1.15,2897
2021,2020,all_65+,population_m,55.84,0.15,25899
2021,2020,all_65+,pct_ss_retired,75.31,0.31,25899
2021,2020,all_65+,pct_employed,17.82,0.32,25899
2021,2020,all_65+,pct_employed_pt,5.83,0.18,25899
2021,2020,all_65+,pct_employed_ft,11.99,0.26,25899
2021,2020,all_65+,pt_share_of_employed,32.73,0.84,4722
2021,2020,all_65+,pct_worked_prior_year,21.95,0.34,25899
2021,2020,all_65+,pct_worked_prior_year_pt,7.6,0.2,25899
2021,2020,all_65+,pct_worked_prior_year_ft,14.35,0.28,25899
2021,2020,all_65+,pt_share_of_prior_year_workers,34.62,0.74,5777
2021,2020,all_62+,population_m,68.25,0.16,31643
2021,2020,all_62+,pct_ss_retired,64.77,0.32,31643
2021,2020,all_62+,pct_employed,23.79,0.3,31643
2021,2020,all_62+,pct_employed_pt,6.45,0.17,31643
2021,2020,all_62+,pct_employed_ft,17.34,0.26,31643
2021,2020,all_62+,pt_share_of_employed,27.13,0.62,7602
2021,2020,all_62+,pct_worked_prior_year,28.49,0.32,31643
2021,2020,all_62+,pct_worked_prior_year_pt,8.22,0.18,31643
2021,2020,all_62+,pct_worked_prior_year_ft,20.27,0.27,31643
2021,2020,all_62+,pt_share_of_prior_year_workers,28.86,0.56,9091
2021,2020,not_ss_retired_62+,population_m,24.05,0.23,11270
2021,2020,not_ss_retired_62+,pct_employed,47.73,0.62,11270
2021,2020,not_ss_retired_62+,pct_employed_pt,8.02,0.31,11270
2021,2020,not_ss_retired_62+,pct_employed_ft,39.71,0.6,11270
2021,2020,not_ss_retired_62+,pt_share_of_employed,16.8,0.62,5313
2021,2020,not_ss_retired_62+,pct_worked_prior_year,53.91,0.59,11270
2021,2020,not_ss_retired_62+,pct_worked_prior_year_pt,9.36,0.32,11270
2021,2020,not_ss_retired_62+,pct_worked_prior_year_ft,44.55,0.59,11270
2021,2020,not_ss_retired_62+,pt_share_of_prior_year_workers,17.36,0.57,5995
2021,2020,ss_retired_62+_withdrawer,population_m,6.98,0.15,3052
2021,2020,ss_retired_62+_withdrawer,pct_employed,9.84,0.63,3052
2021,2020,ss_retired_62+_withdrawer,pct_employed_pt,6.03,0.55,3052
2021,2020,ss_retired_62+_withdrawer,pct_employed_ft,3.82,0.38,3052
2021,2020,ss_retired_62+_withdrawer,pt_share_of_employed,61.22,3.39,320
2021,2020,ss_retired_62+_withdrawer,pct_worked_prior_year,14.27,0.76,3052
2021,2020,ss_retired_62+_withdrawer,pct_worked_prior_year_pt,8.84,0.66,3052
2021,2020,ss_retired_62+_withdrawer,pct_worked_prior_year_ft,5.44,0.43,3052
2021,2020,ss_retired_62+_withdrawer,pt_share_of_prior_year_workers,61.9,2.64,459
2021,2020,ss_retired_62+_nonwithdrawer,population_m,37.23,0.21,17321
2021,2020,ss_retired_62+_nonwithdrawer,pct_employed,10.94,0.3,17321
2021,2020,ss_retired_62+_nonwithdrawer,pct_employed_pt,5.53,0.2,17321
2021,2020,ss_retired_62+_nonwithdrawer,pct_employed_ft,5.42,0.21,17321
2021,2020,ss_retired_62+_nonwithdrawer,pt_share_of_employed,50.5,1.32,1969
2021,2020,ss_retired_62+_nonwithdrawer,pct_worked_prior_year,14.74,0.34,17321
2021,2020,ss_retired_62+_nonwithdrawer,pct_worked_prior_year_pt,7.38,0.24,17321
2021,2020,ss_retired_62+_nonwithdrawer,pct_worked_prior_year_ft,7.37,0.26,17321
2021,2020,ss_retired_62+_nonwithdrawer,pt_share_of_prior_year_workers,50.04,1.22,2637
2021,2020,ss_retired_62+_men,population_m,20.1,0.16,9276
2021,2020,ss_retired_62+_men,pct_employed,13.23,0.43,9276
2021,2020,ss_retired_62+_men,pct_employed_pt,6.1,0.26,9276
2021,2020,ss_retired_62+_men,pct_employed_ft,7.13,0.31,9276
2021,2020,ss_retired_62+_men,pt_share_of_employed,46.11,1.44,1271
2021,2020,ss_retired_62+_men,pct_worked_prior_year,17.71,0.46,9276
2021,2020,ss_retired_62+_men,pct_worked_prior_year_pt,8.19,0.33,9276
2021,2020,ss_retired_62+_men,pct_worked_prior_year_ft,9.52,0.35,9276
2021,2020,ss_retired_62+_men,pt_share_of_prior_year_workers,46.26,1.43,1689
2021,2020,ss_retired_62+_women,population_m,24.11,0.13,11097
2021,2020,ss_retired_62+_women,pct_employed,8.72,0.3,11097
2021,2020,ss_retired_62+_women,pct_employed_pt,5.19,0.24,11097
2021,2020,ss_retired_62+_women,pct_employed_ft,3.52,0.21,11097
2021,2020,ss_retired_62+_women,pt_share_of_employed,59.57,1.91,1018
2021,2020,ss_retired_62+_women,pct_worked_prior_year,12.13,0.39,11097
2021,2020,ss_retired_62+_women,pct_worked_prior_year_pt,7.12,0.28,11097
2021,2020,ss_retired_62+_women,pct_worked_prior_year_ft,5.02,0.27,11097
2021,2020,ss_retired_62+_women,pt_share_of_prior_year_workers,58.67,1.61,1407
2021,2020,ss_retired_62-64,population_m,2.16,0.08,991
2021,2020,ss_retired_62-64,pct_employed,11.45,1.13,991
2021,2020,ss_retired_62-64,pct_employed_pt,7.64,0.95,991
2021,2020,ss_retired_62-64,pct_employed_ft,3.82,0.77,991
2021,2020,ss_retired_62-64,pt_share_of_employed,66.68,5.66,111
2021,2020,ss_retired_62-64,pct_worked_prior_year,19.12,1.23,991
2021,2020,ss_retired_62-64,pct_worked_prior_year_pt,10.88,1.05,991
2021,2020,ss_retired_62-64,pct_worked_prior_year_ft,8.23,0.85,991
2021,2020,ss_retired_62-64,pt_share_of_prior_year_workers,56.94,3.76,199
2021,2020,ss_retired_65-69,population_m,10.7,0.15,4939
2021,2020,ss_retired_65-69,pct_employed,17.97,0.66,4939
2021,2020,ss_retired_65-69,pct_employed_pt,8.76,0.5,4939
2021,2020,ss_retired_65-69,pct_employed_ft,9.21,0.48,4939
2021,2020,ss_retired_65-69,pt_share_of_employed,48.73,2.01,894
2021,2020,ss_retired_65-69,pct_worked_prior_year,24.49,0.78,4939
2021,2020,ss_retired_65-69,pct_worked_prior_year_pt,11.85,0.59,4939
2021,2020,ss_retired_65-69,pct_worked_prior_year_ft,12.64,0.56,4939
2021,2020,ss_retired_65-69,pt_share_of_prior_year_workers,48.4,1.73,1201
2021,2020,ss_retired_70-74,population_m,12.09,0.13,5801
2021,2020,ss_retired_70-74,pct_employed,12.57,0.55,5801
2021,2020,ss_retired_70-74,pct_employed_pt,6.34,0.39,5801
2021,2020,ss_retired_70-74,pct_employed_ft,6.23,0.41,5801
2021,2020,ss_retired_70-74,pt_share_of_employed,50.43,2.34,776
2021,2020,ss_retired_70-74,pct_worked_prior_year,16.32,0.58,5801
2021,2020,ss_retired_70-74,pct_worked_prior_year_pt,8.29,0.41,5801
2021,2020,ss_retired_70-74,pct_worked_prior_year_ft,8.03,0.42,5801
2021,2020,ss_retired_70-74,pt_share_of_prior_year_workers,50.81,1.84,1006
2021,2020,ss_retired_75+,population_m,19.26,0.17,8642
2021,2020,ss_retired_75+,pct_employed,5.56,0.3,8642
2021,2020,ss_retired_75+,pct_employed_pt,3.17,0.2,8642
2021,2020,ss_retired_75+,pct_employed_ft,2.4,0.19,8642
2021,2020,ss_retired_75+,pt_share_of_employed,56.92,2.26,508
2021,2020,ss_retired_75+,pct_worked_prior_year,7.68,0.35,8642
2021,2020,ss_retired_75+,pct_worked_prior_year_pt,4.45,0.27,8642
2021,2020,ss_retired_75+,pct_worked_prior_year_ft,3.23,0.24,8642
2021,2020,ss_retired_75+,pt_share_of_prior_year_workers,57.98,2.35,690
2022,2021,ss_retired_62+,population_m,43.9,0.21,19544
2022,2021,ss_retired_62+,pct_employed,11.41,0.27,19544
2022,2021,ss_retired_62+,pct_employed_pt,6.63,0.2,19544
2022,2021,ss_retired_62+,pct_employed_ft,4.78,0.19,19544
2022,2021,ss_retired_62+,pt_share_of_employed,58.09,1.25,2262
2022,2021,ss_retired_62+,pct_worked_prior_year,14.06,0.29,19544
2022,2021,ss_retired_62+,pct_worked_prior_year_pt,7.53,0.21,19544
2022,2021,ss_retired_62+,pct_worked_prior_year_ft,6.54,0.21,19544
2022,2021,ss_retired_62+,pt_share_of_prior_year_workers,53.53,1.06,2764
2022,2021,ss_retired_65+,population_m,41.89,0.19,18644
2022,2021,ss_retired_65+,pct_employed,11.39,0.27,18644
2022,2021,ss_retired_65+,pct_employed_pt,6.53,0.2,18644
2022,2021,ss_retired_65+,pct_employed_ft,4.86,0.19,18644
2022,2021,ss_retired_65+,pt_share_of_employed,57.31,1.27,2151
2022,2021,ss_retired_65+,pct_worked_prior_year,13.89,0.3,18644
2022,2021,ss_retired_65+,pct_worked_prior_year_pt,7.43,0.21,18644
2022,2021,ss_retired_65+,pct_worked_prior_year_ft,6.46,0.21,18644
2022,2021,ss_retired_65+,pt_share_of_prior_year_workers,53.51,1.08,2594
2022,2021,all_65+,population_m,56.19,0.04,25159
2022,2021,all_65+,pct_ss_retired,74.54,0.34,25159
2022,2021,all_65+,pct_employed,18.71,0.29,25159
2022,2021,all_65+,pct_employed_pt,6.96,0.18,25159
2022,2021,all_65+,pct_employed_ft,11.76,0.24,25159
2022,2021,all_65+,pt_share_of_employed,37.17,0.81,4719
2022,2021,all_65+,pct_worked_prior_year,21.47,0.31,25159
2022,2021,all_65+,pct_worked_prior_year_pt,7.64,0.2,25159
2022,2021,all_65+,pct_worked_prior_year_ft,13.84,0.26,25159
2022,2021,all_65+,pt_share_of_prior_year_workers,35.57,0.75,5360
2022,2021,all_62+,population_m,68.66,0.14,30531
2022,2021,all_62+,pct_ss_retired,63.94,0.33,30531
2022,2021,all_62+,pct_employed,24.94,0.28,30531
2022,2021,all_62+,pct_employed_pt,7.41,0.16,30531
2022,2021,all_62+,pct_employed_ft,17.53,0.26,30531
2022,2021,all_62+,pt_share_of_employed,29.7,0.58,7531
2022,2021,all_62+,pct_worked_prior_year,28.0,0.3,30531
2022,2021,all_62+,pct_worked_prior_year_pt,8.1,0.17,30531
2022,2021,all_62+,pct_worked_prior_year_ft,19.91,0.27,30531
2022,2021,all_62+,pt_share_of_prior_year_workers,28.91,0.56,8410
2022,2021,not_ss_retired_62+,population_m,24.76,0.25,10987
2022,2021,not_ss_retired_62+,pct_employed,48.92,0.56,10987
2022,2021,not_ss_retired_62+,pct_employed_pt,8.79,0.28,10987
2022,2021,not_ss_retired_62+,pct_employed_ft,40.13,0.58,10987
2022,2021,not_ss_retired_62+,pt_share_of_employed,17.96,0.58,5269
2022,2021,not_ss_retired_62+,pct_worked_prior_year,52.72,0.59,10987
2022,2021,not_ss_retired_62+,pct_worked_prior_year_pt,9.1,0.32,10987
2022,2021,not_ss_retired_62+,pct_worked_prior_year_ft,43.62,0.6,10987
2022,2021,not_ss_retired_62+,pt_share_of_prior_year_workers,17.27,0.59,5646
2022,2021,ss_retired_62+_withdrawer,population_m,8.52,0.16,3611
2022,2021,ss_retired_62+_withdrawer,pct_employed,10.4,0.6,3611
2022,2021,ss_retired_62+_withdrawer,pct_employed_pt,6.97,0.5,3611
2022,2021,ss_retired_62+_withdrawer,pct_employed_ft,3.43,0.35,3611
2022,2021,ss_retired_62+_withdrawer,pt_share_of_employed,67.03,2.73,384
2022,2021,ss_retired_62+_withdrawer,pct_worked_prior_year,13.64,0.64,3611
2022,2021,ss_retired_62+_withdrawer,pct_worked_prior_year_pt,8.45,0.51,3611
2022,2021,ss_retired_62+_withdrawer,pct_worked_prior_year_ft,5.19,0.37,3611
2022,2021,ss_retired_62+_withdrawer,pt_share_of_prior_year_workers,61.95,2.17,511
2022,2021,ss_retired_62+_nonwithdrawer,population_m,35.38,0.25,15933
2022,2021,ss_retired_62+_nonwithdrawer,pct_employed,11.66,0.3,15933
2022,2021,ss_retired_62+_nonwithdrawer,pct_employed_pt,6.55,0.22,15933
2022,2021,ss_retired_62+_nonwithdrawer,pct_employed_ft,5.11,0.21,15933
2022,2021,ss_retired_62+_nonwithdrawer,pt_share_of_employed,56.17,1.37,1878
2022,2021,ss_retired_62+_nonwithdrawer,pct_worked_prior_year,14.17,0.32,15933
2022,2021,ss_retired_62+_nonwithdrawer,pct_worked_prior_year_pt,7.31,0.23,15933
2022,2021,ss_retired_62+_nonwithdrawer,pct_worked_prior_year_ft,6.86,0.24,15933
2022,2021,ss_retired_62+_nonwithdrawer,pt_share_of_prior_year_workers,51.57,1.2,2253
2022,2021,ss_retired_62+_men,population_m,19.88,0.13,8853
2022,2021,ss_retired_62+_men,pct_employed,14.21,0.44,8853
2022,2021,ss_retired_62+_men,pct_employed_pt,7.23,0.33,8853
2022,2021,ss_retired_62+_men,pct_employed_ft,6.98,0.31,8853
2022,2021,ss_retired_62+_men,pt_share_of_employed,50.88,1.61,1254
2022,2021,ss_retired_62+_men,pct_worked_prior_year,16.93,0.47,8853
2022,2021,ss_retired_62+_men,pct_worked_prior_year_pt,8.19,0.34,8853
2022,2021,ss_retired_62+_men,pct_worked_prior_year_ft,8.75,0.32,8853
2022,2021,ss_retired_62+_men,pt_share_of_prior_year_workers,48.34,1.41,1502
2022,2021,ss_retired_62+_women,population_m,24.02,0.14,10691
2022,2021,ss_retired_62+_women,pct_employed,9.1,0.3,10691
2022,2021,ss_retired_62+_women,pct_employed_pt,6.14,0.24,10691
2022,2021,ss_retired_62+_women,pct_employed_ft,2.97,0.18,10691
2022,2021,ss_retired_62+_women,pt_share_of_employed,67.4,1.64,1008
2022,2021,ss_retired_62+_women,pct_worked_prior_year,11.69,0.35,10691
2022,2021,ss_retired_62+_women,pct_worked_prior_year_pt,6.98,0.26,10691
2022,2021,ss_retired_62+_women,pct_worked_prior_year_ft,4.71,0.23,10691
2022,2021,ss_retired_62+_women,pt_share_of_prior_year_workers,59.75,1.53,1262
2022,2021,ss_retired_62-64,population_m,2.01,0.08,900
2022,2021,ss_retired_62-64,pct_employed,11.86,1.34,900
2022,2021,ss_retired_62-64,pct_employed_pt,8.74,1.17,900
2022,2021,ss_retired_62-64,pct_employed_ft,3.12,0.68,900
2022,2021,ss_retired_62-64,pt_share_of_employed,73.66,4.97,111
2022,2021,ss_retired_62-64,pct_worked_prior_year,17.65,1.59,900
2022,2021,ss_retired_62-64,pct_worked_prior_year_pt,9.5,1.18,900
2022,2021,ss_retired_62-64,pct_worked_prior_year_ft,8.14,0.99,900
2022,2021,ss_retired_62-64,pt_share_of_prior_year_workers,53.86,4.2,170
2022,2021,ss_retired_65-69,population_m,10.76,0.15,4694
2022,2021,ss_retired_65-69,pct_employed,17.91,0.58,4694
2022,2021,ss_retired_65-69,pct_employed_pt,9.43,0.46,4694
2022,2021,ss_retired_65-69,pct_employed_ft,8.48,0.46,4694
2022,2021,ss_retired_65-69,pt_share_of_employed,52.65,2.0,856
2022,2021,ss_retired_65-69,pct_worked_prior_year,22.33,0.65,4694
2022,2021,ss_retired_65-69,pct_worked_prior_year_pt,10.73,0.51,4694
2022,2021,ss_retired_65-69,pct_worked_prior_year_ft,11.6,0.56,4694
2022,2021,ss_retired_65-69,pt_share_of_prior_year_workers,48.05,1.91,1056
2022,2021,ss_retired_70-74,population_m,12.15,0.14,5501
2022,2021,ss_retired_70-74,pct_employed,13.84,0.58,5501
2022,2021,ss_retired_70-74,pct_employed_pt,7.5,0.38,5501
2022,2021,ss_retired_70-74,pct_employed_ft,6.35,0.43,5501
2022,2021,ss_retired_70-74,pt_share_of_employed,54.16,2.05,769
2022,2021,ss_retired_70-74,pct_worked_prior_year,16.52,0.54,5501
2022,2021,ss_retired_70-74,pct_worked_prior_year_pt,8.71,0.42,5501
2022,2021,ss_retired_70-74,pct_worked_prior_year_ft,7.81,0.43,5501
2022,2021,ss_retired_70-74,pt_share_of_prior_year_workers,52.71,2.01,904
2022,2021,ss_retired_75+,population_m,18.97,0.16,8449
2022,2021,ss_retired_75+,pct_employed,6.13,0.32,8449
2022,2021,ss_retired_75+,pct_employed_pt,4.27,0.28,8449
2022,2021,ss_retired_75+,pct_employed_ft,1.86,0.17,8449
2022,2021,ss_retired_75+,pt_share_of_employed,69.6,2.4,526
2022,2021,ss_retired_75+,pct_worked_prior_year,7.42,0.35,8449
2022,2021,ss_retired_75+,pct_worked_prior_year_pt,4.75,0.27,8449
2022,2021,ss_retired_75+,pct_worked_prior_year_ft,2.68,0.2,8449
2022,2021,ss_retired_75+,pt_share_of_prior_year_workers,63.95,2.01,634
2023,2022,ss_retired_62+,population_m,45.68,0.24,19698
2023,2022,ss_retired_62+,pct_employed,11.79,0.3,19698
2023,2022,ss_retired_62+,pct_employed_pt,7.04,0.23,19698
2023,2022,ss_retired_62+,pct_employed_ft,4.75,0.17,19698
2023,2022,ss_retired_62+,pt_share_of_employed,59.72,1.13,2310
2023,2022,ss_retired_62+,pct_worked_prior_year,14.75,0.31,19698
2023,2022,ss_retired_62+,pct_worked_prior_year_pt,8.31,0.23,19698
2023,2022,ss_retired_62+,pct_worked_prior_year_ft,6.43,0.21,19698
2023,2022,ss_retired_62+,pt_share_of_prior_year_workers,56.38,1.01,2897
2023,2022,ss_retired_65+,population_m,43.34,0.21,18721
2023,2022,ss_retired_65+,pct_employed,11.77,0.3,18721
2023,2022,ss_retired_65+,pct_employed_pt,6.96,0.23,18721
2023,2022,ss_retired_65+,pct_employed_ft,4.81,0.18,18721
2023,2022,ss_retired_65+,pt_share_of_employed,59.11,1.18,2184
2023,2022,ss_retired_65+,pct_worked_prior_year,14.53,0.31,18721
2023,2022,ss_retired_65+,pct_worked_prior_year_pt,8.23,0.23,18721
2023,2022,ss_retired_65+,pct_worked_prior_year_ft,6.29,0.21,18721
2023,2022,ss_retired_65+,pt_share_of_prior_year_workers,56.68,1.06,2700
2023,2022,all_65+,population_m,57.88,0.07,25199
2023,2022,all_65+,pct_ss_retired,74.88,0.36,25199
2023,2022,all_65+,pct_employed,19.07,0.33,25199
2023,2022,all_65+,pct_employed_pt,7.17,0.22,25199
2023,2022,all_65+,pct_employed_ft,11.91,0.24,25199
2023,2022,all_65+,pt_share_of_employed,37.58,0.86,4764
2023,2022,all_65+,pct_worked_prior_year,22.02,0.33,25199
2023,2022,all_65+,pct_worked_prior_year_pt,8.17,0.22,25199
2023,2022,all_65+,pct_worked_prior_year_ft,13.85,0.25,25199
2023,2022,all_65+,pt_share_of_prior_year_workers,37.09,0.75,5492
2023,2022,all_62+,population_m,70.43,0.12,30393
2023,2022,all_62+,pct_ss_retired,64.86,0.34,30393
2023,2022,all_62+,pct_employed,24.64,0.33,30393
2023,2022,all_62+,pct_employed_pt,7.47,0.2,30393
2023,2022,all_62+,pct_employed_ft,17.17,0.26,30393
2023,2022,all_62+,pt_share_of_employed,30.31,0.67,7395
2023,2022,all_62+,pct_worked_prior_year,28.05,0.34,30393
2023,2022,all_62+,pct_worked_prior_year_pt,8.39,0.2,30393
2023,2022,all_62+,pct_worked_prior_year_ft,19.66,0.28,30393
2023,2022,all_62+,pt_share_of_prior_year_workers,29.91,0.58,8405
2023,2022,not_ss_retired_62+,population_m,24.75,0.25,10695
2023,2022,not_ss_retired_62+,pct_employed,48.36,0.6,10695
2023,2022,not_ss_retired_62+,pct_employed_pt,8.26,0.32,10695
2023,2022,not_ss_retired_62+,pct_employed_ft,40.1,0.6,10695
2023,2022,not_ss_retired_62+,pt_share_of_employed,17.08,0.64,5085
2023,2022,not_ss_retired_62+,pct_worked_prior_year,52.6,0.64,10695
2023,2022,not_ss_retired_62+,pct_worked_prior_year_pt,8.53,0.33,10695
2023,2022,not_ss_retired_62+,pct_worked_prior_year_ft,44.07,0.64,10695
2023,2022,not_ss_retired_62+,pt_share_of_prior_year_workers,16.22,0.61,5508
2023,2022,ss_retired_62+_withdrawer,population_m,8.9,0.18,3646
2023,2022,ss_retired_62+_withdrawer,pct_employed,10.49,0.57,3646
2023,2022,ss_retired_62+_withdrawer,pct_employed_pt,7.81,0.48,3646
2023,2022,ss_retired_62+_withdrawer,pct_employed_ft,2.68,0.32,3646
2023,2022,ss_retired_62+_withdrawer,pt_share_of_employed,74.46,2.58,378
2023,2022,ss_retired_62+_withdrawer,pct_worked_prior_year,12.85,0.59,3646
2023,2022,ss_retired_62+_withdrawer,pct_worked_prior_year_pt,8.77,0.5,3646
2023,2022,ss_retired_62+_withdrawer,pct_worked_prior_year_ft,4.08,0.37,3646
2023,2022,ss_retired_62+_withdrawer,pt_share_of_prior_year_workers,68.22,2.41,468
2023,2022,ss_retired_62+_nonwithdrawer,population_m,36.78,0.28,16052
2023,2022,ss_retired_62+_nonwithdrawer,pct_employed,12.1,0.33,16052
2023,2022,ss_retired_62+_nonwithdrawer,pct_employed_pt,6.85,0.25,16052
2023,2022,ss_retired_62+_nonwithdrawer,pct_employed_ft,5.25,0.2,16052
2023,2022,ss_retired_62+_nonwithdrawer,pt_share_of_employed,56.63,1.28,1932
2023,2022,ss_retired_62+_nonwithdrawer,pct_worked_prior_year,15.21,0.35,16052
2023,2022,ss_retired_62+_nonwithdrawer,pct_worked_prior_year_pt,8.2,0.24,16052
2023,2022,ss_retired_62+_nonwithdrawer,pct_worked_prior_year_ft,7.0,0.24,16052
2023,2022,ss_retired_62+_nonwithdrawer,pt_share_of_prior_year_workers,53.96,1.09,2429
2023,2022,ss_retired_62+_men,population_m,20.73,0.14,8888
2023,2022,ss_retired_62+_men,pct_employed,13.76,0.46,8888
2023,2022,ss_retired_62+_men,pct_employed_pt,7.35,0.34,8888
2023,2022,ss_retired_62+_men,pct_employed_ft,6.41,0.31,8888
2023,2022,ss_retired_62+_men,pt_share_of_employed,53.4,1.68,1209
2023,2022,ss_retired_62+_men,pct_worked_prior_year,16.76,0.48,8888
2023,2022,ss_retired_62+_men,pct_worked_prior_year_pt,8.49,0.36,8888
2023,2022,ss_retired_62+_men,pct_worked_prior_year_ft,8.27,0.37,8888
2023,2022,ss_retired_62+_men,pt_share_of_prior_year_workers,50.69,1.61,1495
2023,2022,ss_retired_62+_women,population_m,24.95,0.15,10810
2023,2022,ss_retired_62+_women,pct_employed,10.15,0.33,10810
2023,2022,ss_retired_62+_women,pct_employed_pt,6.78,0.28,10810
2023,2022,ss_retired_62+_women,pct_employed_ft,3.36,0.19,10810
2023,2022,ss_retired_62+_women,pt_share_of_employed,66.85,1.62,1101
2023,2022,ss_retired_62+_women,pct_worked_prior_year,13.07,0.36,10810
2023,2022,ss_retired_62+_women,pct_worked_prior_year_pt,8.16,0.28,10810
2023,2022,ss_retired_62+_women,pct_worked_prior_year_ft,4.91,0.22,10810
2023,2022,ss_retired_62+_women,pt_share_of_prior_year_workers,62.44,1.31,1402
2023,2022,ss_retired_62-64,population_m,2.34,0.08,977
2023,2022,ss_retired_62-64,pct_employed,12.2,1.17,977
2023,2022,ss_retired_62-64,pct_employed_pt,8.61,0.91,977
2023,2022,ss_retired_62-64,pct_employed_ft,3.59,0.71,977
2023,2022,ss_retired_62-64,pt_share_of_employed,70.6,4.58,126
2023,2022,ss_retired_62-64,pct_worked_prior_year,18.84,1.51,977
2023,2022,ss_retired_62-64,pct_worked_prior_year_pt,9.81,1.09,977
2023,2022,ss_retired_62-64,pct_worked_prior_year_ft,9.03,1.19,977
2023,2022,ss_retired_62-64,pt_share_of_prior_year_workers,52.06,4.57,197
2023,2022,ss_retired_65-69,population_m,10.65,0.15,4616
2023,2022,ss_retired_65-69,pct_employed,18.85,0.7,4616
2023,2022,ss_retired_65-69,pct_employed_pt,10.39,0.57,4616
2023,2022,ss_retired_65-69,pct_employed_ft,8.46,0.47,4616
2023,2022,ss_retired_65-69,pt_share_of_employed,55.12,2.01,866
2023,2022,ss_retired_65-69,pct_worked_prior_year,23.74,0.77,4616
2023,2022,ss_retired_65-69,pct_worked_prior_year_pt,12.27,0.52,4616
2023,2022,ss_retired_65-69,pct_worked_prior_year_ft,11.47,0.57,4616
2023,2022,ss_retired_65-69,pt_share_of_prior_year_workers,51.67,1.65,1085
2023,2022,ss_retired_70-74,population_m,12.51,0.16,5440
2023,2022,ss_retired_70-74,pct_employed,14.35,0.6,5440
2023,2022,ss_retired_70-74,pct_employed_pt,8.16,0.45,5440
2023,2022,ss_retired_70-74,pct_employed_ft,6.19,0.4,5440
2023,2022,ss_retired_70-74,pt_share_of_employed,56.87,2.1,782
2023,2022,ss_retired_70-74,pct_worked_prior_year,17.53,0.62,5440
2023,2022,ss_retired_70-74,pct_worked_prior_year_pt,9.66,0.46,5440
2023,2022,ss_retired_70-74,pct_worked_prior_year_ft,7.87,0.44,5440
2023,2022,ss_retired_70-74,pt_share_of_prior_year_workers,55.1,1.86,957
2023,2022,ss_retired_75+,population_m,20.18,0.15,8665
2023,2022,ss_retired_75+,pct_employed,6.43,0.33,8665
2023,2022,ss_retired_75+,pct_employed_pt,4.4,0.28,8665
2023,2022,ss_retired_75+,pct_employed_ft,2.03,0.17,8665
2023,2022,ss_retired_75+,pt_share_of_employed,68.37,2.26,536
2023,2022,ss_retired_75+,pct_worked_prior_year,7.8,0.36,8665
2023,2022,ss_retired_75+,pct_worked_prior_year_pt,5.22,0.3,8665
2023,2022,ss_retired_75+,pct_worked_prior_year_ft,2.58,0.21,8665
2023,2022,ss_retired_75+,pt_share_of_prior_year_workers,66.93,2.34,658
2024,2023,ss_retired_62+,population_m,46.83,0.22,19832
2024,2023,ss_retired_62+,pct_employed,12.3,0.29,19832
2024,2023,ss_retired_62+,pct_employed_pt,7.67,0.23,19832
2024,2023,ss_retired_62+,pct_employed_ft,4.63,0.17,19832
2024,2023,ss_retired_62+,pt_share_of_employed,62.36,1.14,2444
2024,2023,ss_retired_62+,pct_worked_prior_year,15.58,0.32,19832
2024,2023,ss_retired_62+,pct_worked_prior_year_pt,9.15,0.24,19832
2024,2023,ss_retired_62+,pct_worked_prior_year_ft,6.43,0.2,19832
2024,2023,ss_retired_62+,pt_share_of_prior_year_workers,58.72,0.95,3068
2024,2023,ss_retired_65+,population_m,44.59,0.19,18957
2024,2023,ss_retired_65+,pct_employed,12.21,0.29,18957
2024,2023,ss_retired_65+,pct_employed_pt,7.57,0.24,18957
2024,2023,ss_retired_65+,pct_employed_ft,4.64,0.18,18957
2024,2023,ss_retired_65+,pt_share_of_employed,62.01,1.23,2317
2024,2023,ss_retired_65+,pct_worked_prior_year,15.28,0.33,18957
2024,2023,ss_retired_65+,pct_worked_prior_year_pt,9.03,0.25,18957
2024,2023,ss_retired_65+,pct_worked_prior_year_ft,6.25,0.2,18957
2024,2023,ss_retired_65+,pt_share_of_prior_year_workers,59.1,1.0,2872
2024,2023,all_65+,population_m,59.24,0.03,25342
2024,2023,all_65+,pct_ss_retired,75.26,0.33,25342
2024,2023,all_65+,pct_employed,19.25,0.29,25342
2024,2023,all_65+,pct_employed_pt,7.69,0.21,25342
2024,2023,all_65+,pct_employed_ft,11.55,0.24,25342
2024,2023,all_65+,pt_share_of_employed,39.97,0.88,4853
2024,2023,all_65+,pct_worked_prior_year,22.61,0.34,25342
2024,2023,all_65+,pct_worked_prior_year_pt,9.0,0.22,25342
2024,2023,all_65+,pct_worked_prior_year_ft,13.61,0.25,25342
2024,2023,all_65+,pt_share_of_prior_year_workers,39.82,0.71,5671
2024,2023,all_62+,population_m,71.77,0.13,30364
2024,2023,all_62+,pct_ss_retired,65.24,0.32,30364
2024,2023,all_62+,pct_employed,25.05,0.29,30364
2024,2023,all_62+,pct_employed_pt,8.04,0.19,30364
2024,2023,all_62+,pct_employed_ft,17.0,0.25,30364
2024,2023,all_62+,pt_share_of_employed,32.11,0.66,7474
2024,2023,all_62+,pct_worked_prior_year,28.78,0.32,30364
2024,2023,all_62+,pct_worked_prior_year_pt,9.22,0.2,30364
2024,2023,all_62+,pct_worked_prior_year_ft,19.56,0.26,30364
2024,2023,all_62+,pt_share_of_prior_year_workers,32.04,0.56,8589
2024,2023,not_ss_retired_62+,population_m,24.95,0.24,10532
2024,2023,not_ss_retired_62+,pct_employed,48.98,0.6,10532
2024,2023,not_ss_retired_62+,pct_employed_pt,8.74,0.3,10532
2024,2023,not_ss_retired_62+,pct_employed_ft,40.23,0.56,10532
2024,2023,not_ss_retired_62+,pt_share_of_employed,17.85,0.58,5030
2024,2023,not_ss_retired_62+,pct_worked_prior_year,53.57,0.57,10532
2024,2023,not_ss_retired_62+,pct_worked_prior_year_pt,9.36,0.32,10532
2024,2023,not_ss_retired_62+,pct_worked_prior_year_ft,44.21,0.58,10532
2024,2023,not_ss_retired_62+,pt_share_of_prior_year_workers,17.47,0.58,5521
2024,2023,ss_retired_62+_withdrawer,population_m,9.08,0.19,3660
2024,2023,ss_retired_62+_withdrawer,pct_employed,10.66,0.56,3660
2024,2023,ss_retired_62+_withdrawer,pct_employed_pt,7.17,0.46,3660
2024,2023,ss_retired_62+_withdrawer,pct_employed_ft,3.48,0.32,3660
2024,2023,ss_retired_62+_withdrawer,pt_share_of_employed,67.33,2.53,396
2024,2023,ss_retired_62+_withdrawer,pct_worked_prior_year,13.53,0.67,3660
2024,2023,ss_retired_62+_withdrawer,pct_worked_prior_year_pt,8.84,0.52,3660
2024,2023,ss_retired_62+_withdrawer,pct_worked_prior_year_ft,4.68,0.44,3660
2024,2023,ss_retired_62+_withdrawer,pt_share_of_prior_year_workers,65.38,2.52,493
2024,2023,ss_retired_62+_nonwithdrawer,population_m,37.74,0.26,16172
2024,2023,ss_retired_62+_nonwithdrawer,pct_employed,12.69,0.32,16172
2024,2023,ss_retired_62+_nonwithdrawer,pct_employed_pt,7.79,0.26,16172
2024,2023,ss_retired_62+_nonwithdrawer,pct_employed_ft,4.91,0.2,16172
2024,2023,ss_retired_62+_nonwithdrawer,pt_share_of_employed,61.36,1.32,2048
2024,2023,ss_retired_62+_nonwithdrawer,pct_worked_prior_year,16.08,0.36,16172
2024,2023,ss_retired_62+_nonwithdrawer,pct_worked_prior_year_pt,9.22,0.27,16172
2024,2023,ss_retired_62+_nonwithdrawer,pct_worked_prior_year_ft,6.85,0.23,16172
2024,2023,ss_retired_62+_nonwithdrawer,pt_share_of_prior_year_workers,57.37,1.07,2575
2024,2023,ss_retired_62+_men,population_m,21.43,0.14,8940
2024,2023,ss_retired_62+_men,pct_employed,14.62,0.45,8940
2024,2023,ss_retired_62+_men,pct_employed_pt,8.35,0.33,8940
2024,2023,ss_retired_62+_men,pct_employed_ft,6.27,0.32,8940
2024,2023,ss_retired_62+_men,pt_share_of_employed,57.1,1.64,1312
2024,2023,ss_retired_62+_men,pct_worked_prior_year,18.5,0.5,8940
2024,2023,ss_retired_62+_men,pct_worked_prior_year_pt,10.2,0.37,8940
2024,2023,ss_retired_62+_men,pct_worked_prior_year_ft,8.3,0.36,8940
2024,2023,ss_retired_62+_men,pt_share_of_prior_year_workers,55.13,1.42,1642
2024,2023,ss_retired_62+_women,population_m,25.4,0.14,10892
2024,2023,ss_retired_62+_women,pct_employed,10.34,0.32,10892
2024,2023,ss_retired_62+_women,pct_employed_pt,7.1,0.27,10892
2024,2023,ss_retired_62+_women,pct_employed_ft,3.24,0.17,10892
2024,2023,ss_retired_62+_women,pt_share_of_employed,68.64,1.42,1132
2024,2023,ss_retired_62+_women,pct_worked_prior_year,13.12,0.36,10892
2024,2023,ss_retired_62+_women,pct_worked_prior_year_pt,8.26,0.29,10892
2024,2023,ss_retired_62+_women,pct_worked_prior_year_ft,4.85,0.22,10892
2024,2023,ss_retired_62+_women,pt_share_of_prior_year_workers,62.99,1.36,1426
2024,2023,ss_retired_62-64,population_m,2.24,0.09,875
2024,2023,ss_retired_62-64,pct_employed,13.97,1.33,875
2024,2023,ss_retired_62-64,pct_employed_pt,9.56,1.1,875
2024,2023,ss_retired_62-64,pct_employed_ft,4.41,0.77,875
2024,2023,ss_retired_62-64,pt_share_of_employed,68.45,4.58,127
2024,2023,ss_retired_62-64,pct_worked_prior_year,21.55,1.7,875
2024,2023,ss_retired_62-64,pct_worked_prior_year_pt,11.5,1.23,875
2024,2023,ss_retired_62-64,pct_worked_prior_year_ft,10.05,1.11,875
2024,2023,ss_retired_62-64,pt_share_of_prior_year_workers,53.36,3.72,196
2024,2023,ss_retired_65-69,population_m,11.21,0.14,4655
2024,2023,ss_retired_65-69,pct_employed,18.58,0.67,4655
2024,2023,ss_retired_65-69,pct_employed_pt,10.95,0.55,4655
2024,2023,ss_retired_65-69,pct_employed_ft,7.63,0.46,4655
2024,2023,ss_retired_65-69,pt_share_of_employed,58.96,2.01,884
2024,2023,ss_retired_65-69,pct_worked_prior_year,24.23,0.76,4655
2024,2023,ss_retired_65-69,pct_worked_prior_year_pt,13.32,0.61,4655
2024,2023,ss_retired_65-69,pct_worked_prior_year_ft,10.92,0.52,4655
2024,2023,ss_retired_65-69,pt_share_of_prior_year_workers,54.95,1.71,1125
2024,2023,ss_retired_70-74,population_m,12.64,0.12,5394
2024,2023,ss_retired_70-74,pct_employed,16.12,0.62,5394
2024,2023,ss_retired_70-74,pct_employed_pt,9.94,0.48,5394
2024,2023,ss_retired_70-74,pct_employed_ft,6.18,0.38,5394
2024,2023,ss_retired_70-74,pt_share_of_employed,61.68,1.84,865
2024,2023,ss_retired_70-74,pct_worked_prior_year,19.64,0.68,5394
2024,2023,ss_retired_70-74,pct_worked_prior_year_pt,11.45,0.5,5394
2024,2023,ss_retired_70-74,pct_worked_prior_year_ft,8.19,0.47,5394
2024,2023,ss_retired_70-74,pt_share_of_prior_year_workers,58.29,1.76,1043
2024,2023,ss_retired_75+,population_m,20.74,0.14,8908
2024,2023,ss_retired_75+,pct_employed,6.39,0.3,8908
2024,2023,ss_retired_75+,pct_employed_pt,4.3,0.24,8908
2024,2023,ss_retired_75+,pct_employed_ft,2.09,0.18,8908
2024,2023,ss_retired_75+,pt_share_of_employed,67.31,2.22,568
2024,2023,ss_retired_75+,pct_worked_prior_year,7.79,0.34,8908
2024,2023,ss_retired_75+,pct_worked_prior_year_pt,5.24,0.27,8908
2024,2023,ss_retired_75+,pct_worked_prior_year_ft,2.55,0.19,8908
2024,2023,ss_retired_75+,pt_share_of_prior_year_workers,67.3,1.89,704
2025,2024,ss_retired_62+,population_m,48.54,0.23,19940
2025,2024,ss_retired_62+,pct_employed,11.81,0.26,19940
2025,2024,ss_retired_62+,pct_employed_pt,7.14,0.23,19940
2025,2024,ss_retired_62+,pct_employed_ft,4.67,0.19,19940
2025,2024,ss_retired_62+,pt_share_of_employed,60.47,1.35,2441
2025,2024,ss_retired_62+,pct_worked_prior_year,15.1,0.29,19940
2025,2024,ss_retired_62+,pct_worked_prior_year_pt,8.91,0.23,19940
2025,2024,ss_retired_62+,pct_worked_prior_year_ft,6.19,0.21,19940
2025,2024,ss_retired_62+,pt_share_of_prior_year_workers,59.0,1.12,3089
2025,2024,ss_retired_65+,population_m,46.28,0.23,19046
2025,2024,ss_retired_65+,pct_employed,11.74,0.27,19046
2025,2024,ss_retired_65+,pct_employed_pt,7.0,0.23,19046
2025,2024,ss_retired_65+,pct_employed_ft,4.73,0.19,19046
2025,2024,ss_retired_65+,pt_share_of_employed,59.69,1.4,2322
2025,2024,ss_retired_65+,pct_worked_prior_year,14.73,0.3,19046
2025,2024,ss_retired_65+,pct_worked_prior_year_pt,8.68,0.24,19046
2025,2024,ss_retired_65+,pct_worked_prior_year_ft,6.06,0.22,19046
2025,2024,ss_retired_65+,pt_share_of_prior_year_workers,58.9,1.19,2886
2025,2024,all_65+,population_m,61.49,0.13,25502
2025,2024,all_65+,pct_ss_retired,75.27,0.34,25502
2025,2024,all_65+,pct_employed,18.74,0.31,25502
2025,2024,all_65+,pct_employed_pt,7.46,0.21,25502
2025,2024,all_65+,pct_employed_ft,11.28,0.25,25502
2025,2024,all_65+,pt_share_of_employed,39.81,0.91,4893
2025,2024,all_65+,pct_worked_prior_year,22.04,0.33,25502
2025,2024,all_65+,pct_worked_prior_year_pt,8.69,0.21,25502
2025,2024,all_65+,pct_worked_prior_year_ft,13.35,0.26,25502
2025,2024,all_65+,pt_share_of_prior_year_workers,39.43,0.76,5732
2025,2024,all_62+,population_m,74.16,0.14,30579
2025,2024,all_62+,pct_ss_retired,65.45,0.31,30579
2025,2024,all_62+,pct_employed,24.76,0.29,30579
2025,2024,all_62+,pct_employed_pt,7.99,0.2,30579
2025,2024,all_62+,pct_employed_ft,16.77,0.25,30579
2025,2024,all_62+,pt_share_of_employed,32.28,0.68,7626
2025,2024,all_62+,pct_worked_prior_year,28.47,0.32,30579
2025,2024,all_62+,pct_worked_prior_year_pt,9.09,0.2,30579
2025,2024,all_62+,pct_worked_prior_year_ft,19.38,0.27,30579
2025,2024,all_62+,pt_share_of_prior_year_workers,31.92,0.59,8731
2025,2024,not_ss_retired_62+,population_m,25.62,0.24,10639
2025,2024,not_ss_retired_62+,pct_employed,49.31,0.58,10639
2025,2024,not_ss_retired_62+,pct_employed_pt,9.61,0.38,10639
2025,2024,not_ss_retired_62+,pct_employed_ft,39.7,0.53,10639
2025,2024,not_ss_retired_62+,pt_share_of_employed,19.48,0.7,5185
2025,2024,not_ss_retired_62+,pct_worked_prior_year,53.81,0.63,10639
2025,2024,not_ss_retired_62+,pct_worked_prior_year_pt,9.43,0.36,10639
2025,2024,not_ss_retired_62+,pct_worked_prior_year_ft,44.38,0.56,10639
2025,2024,not_ss_retired_62+,pt_share_of_prior_year_workers,17.53,0.61,5642
2025,2024,ss_retired_62+_withdrawer,population_m,9.85,0.19,3838
2025,2024,ss_retired_62+_withdrawer,pct_employed,10.43,0.53,3838
2025,2024,ss_retired_62+_withdrawer,pct_employed_pt,7.16,0.46,3838
2025,2024,ss_retired_62+_withdrawer,pct_employed_ft,3.26,0.34,3838
2025,2024,ss_retired_62+_withdrawer,pt_share_of_employed,68.69,2.78,417
2025,2024,ss_retired_62+_withdrawer,pct_worked_prior_year,14.23,0.63,3838
2025,2024,ss_retired_62+_withdrawer,pct_worked_prior_year_pt,9.36,0.57,3838
2025,2024,ss_retired_62+_withdrawer,pct_worked_prior_year_ft,4.87,0.4,3838
2025,2024,ss_retired_62+_withdrawer,pt_share_of_prior_year_workers,65.78,2.47,550
2025,2024,ss_retired_62+_nonwithdrawer,population_m,38.69,0.27,16102
2025,2024,ss_retired_62+_nonwithdrawer,pct_employed,12.16,0.32,16102
2025,2024,ss_retired_62+_nonwithdrawer,pct_employed_pt,7.13,0.27,16102
2025,2024,ss_retired_62+_nonwithdrawer,pct_employed_ft,5.02,0.21,16102
2025,2024,ss_retired_62+_nonwithdrawer,pt_share_of_employed,58.68,1.5,2024
2025,2024,ss_retired_62+_nonwithdrawer,pct_worked_prior_year,15.32,0.36,16102
2025,2024,ss_retired_62+_nonwithdrawer,pct_worked_prior_year_pt,8.8,0.27,16102
2025,2024,ss_retired_62+_nonwithdrawer,pct_worked_prior_year_ft,6.53,0.24,16102
2025,2024,ss_retired_62+_nonwithdrawer,pt_share_of_prior_year_workers,57.39,1.2,2539
2025,2024,ss_retired_62+_men,population_m,22.55,0.16,9194
2025,2024,ss_retired_62+_men,pct_employed,14.08,0.39,9194
2025,2024,ss_retired_62+_men,pct_employed_pt,7.45,0.34,9194
2025,2024,ss_retired_62+_men,pct_employed_ft,6.63,0.29,9194
2025,2024,ss_retired_62+_men,pt_share_of_employed,52.89,1.76,1332
2025,2024,ss_retired_62+_men,pct_worked_prior_year,17.72,0.43,9194
2025,2024,ss_retired_62+_men,pct_worked_prior_year_pt,9.43,0.34,9194
2025,2024,ss_retired_62+_men,pct_worked_prior_year_ft,8.29,0.32,9194
2025,2024,ss_retired_62+_men,pt_share_of_prior_year_workers,53.22,1.4,1668
2025,2024,ss_retired_62+_women,population_m,25.99,0.14,10746
2025,2024,ss_retired_62+_women,pct_employed,9.84,0.3,10746
2025,2024,ss_retired_62+_women,pct_employed_pt,6.87,0.26,10746
2025,2024,ss_retired_62+_women,pct_employed_ft,2.96,0.2,10746
2025,2024,ss_retired_62+_women,pt_share_of_employed,69.88,1.71,1109
2025,2024,ss_retired_62+_women,pct_worked_prior_year,12.83,0.35,10746
2025,2024,ss_retired_62+_women,pct_worked_prior_year_pt,8.46,0.29,10746
2025,2024,ss_retired_62+_women,pct_worked_prior_year_ft,4.37,0.24,10746
2025,2024,ss_retired_62+_women,pt_share_of_prior_year_workers,65.92,1.58,1421
2025,2024,ss_retired_62-64,population_m,2.26,0.08,894
2025,2024,ss_retired_62-64,pct_employed,13.29,1.33,894
2025,2024,ss_retired_62-64,pct_employed_pt,9.92,1.12,894
2025,2024,ss_retired_62-64,pct_employed_ft,3.36,0.76,894
2025,2024,ss_retired_62-64,pt_share_of_employed,74.71,4.84,119
2025,2024,ss_retired_62-64,pct_worked_prior_year,22.73,1.58,894
2025,2024,ss_retired_62-64,pct_worked_prior_year_pt,13.71,1.26,894
2025,2024,ss_retired_62-64,pct_worked_prior_year_ft,9.02,1.1,894
2025,2024,ss_retired_62-64,pt_share_of_prior_year_workers,60.32,3.84,203
2025,2024,ss_retired_65-69,population_m,10.84,0.16,4442
2025,2024,ss_retired_65-69,pct_employed,19.0,0.68,4442
2025,2024,ss_retired_65-69,pct_employed_pt,10.74,0.58,4442
2025,2024,ss_retired_65-69,pct_employed_ft,8.26,0.47,4442
2025,2024,ss_retired_65-69,pt_share_of_employed,56.53,2.08,854
2025,2024,ss_retired_65-69,pct_worked_prior_year,24.46,0.78,4442
2025,2024,ss_retired_65-69,pct_worked_prior_year_pt,13.58,0.64,4442
2025,2024,ss_retired_65-69,pct_worked_prior_year_ft,10.88,0.56,4442
2025,2024,ss_retired_65-69,pt_share_of_prior_year_workers,55.51,1.83,1094
2025,2024,ss_retired_70-74,population_m,13.19,0.14,5455
2025,2024,ss_retired_70-74,pct_employed,14.84,0.61,5455
2025,2024,ss_retired_70-74,pct_employed_pt,8.71,0.49,5455
2025,2024,ss_retired_70-74,pct_employed_ft,6.14,0.39,5455
2025,2024,ss_retired_70-74,pt_share_of_employed,58.65,2.14,846
2025,2024,ss_retired_70-74,pct_worked_prior_year,17.98,0.67,5455
2025,2024,ss_retired_70-74,pct_worked_prior_year_pt,10.28,0.53,5455
2025,2024,ss_retired_70-74,pct_worked_prior_year_ft,7.7,0.46,5455
2025,2024,ss_retired_70-74,pt_share_of_prior_year_workers,57.18,2.02,1014
2025,2024,ss_retired_75+,population_m,22.25,0.17,9149
2025,2024,ss_retired_75+,pct_employed,6.35,0.29,9149
2025,2024,ss_retired_75+,pct_employed_pt,4.18,0.23,9149
2025,2024,ss_retired_75+,pct_employed_ft,2.18,0.2,9149
2025,2024,ss_retired_75+,pt_share_of_employed,65.72,2.5,622
2025,2024,ss_retired_75+,pct_worked_prior_year,8.07,0.33,9149
2025,2024,ss_retired_75+,pct_worked_prior_year_pt,5.34,0.26,9149
2025,2024,ss_retired_75+,pct_worked_prior_year_ft,2.73,0.21,9149
2025,2024,ss_retired_75+,pt_share_of_prior_year_workers,66.17,2.07,778
2026,2025,ss_retired_62+,population_m,51.81,0.31,20571
2026,2025,ss_retired_62+,pct_employed,11.7,0.24,20571
2026,2025,ss_retired_62+,pct_employed_pt,7.07,0.21,20571
2026,2025,ss_retired_62+,pct_employed_ft,4.63,0.17,20571
2026,2025,ss_retired_62+,pt_share_of_employed,60.4,1.19,2467
2026,2025,ss_retired_62+,pct_worked_prior_year,14.99,0.28,20571
2026,2025,ss_retired_62+,pct_worked_prior_year_pt,8.61,0.22,20571
2026,2025,ss_retired_62+,pct_worked_prior_year_ft,6.38,0.2,20571
2026,2025,ss_retired_62+,pt_share_of_prior_year_workers,57.43,1.02,3145
2026,2025,ss_retired_65+,population_m,49.52,0.28,19691
2026,2025,ss_retired_65+,pct_employed,11.66,0.24,19691
2026,2025,ss_retired_65+,pct_employed_pt,6.95,0.2,19691
2026,2025,ss_retired_65+,pct_employed_ft,4.7,0.17,19691
2026,2025,ss_retired_65+,pt_share_of_employed,59.66,1.23,2352
2026,2025,ss_retired_65+,pct_worked_prior_year,14.72,0.28,19691
2026,2025,ss_retired_65+,pct_worked_prior_year_pt,8.46,0.22,19691
2026,2025,ss_retired_65+,pct_worked_prior_year_ft,6.26,0.2,19691
2026,2025,ss_retired_65+,pt_share_of_prior_year_workers,57.44,1.08,2955
2026,2025,all_65+,population_m,65.21,0.19,26202
2026,2025,all_65+,pct_ss_retired,75.94,0.36,26202
2026,2025,all_65+,pct_employed,18.32,0.27,26202
2026,2025,all_65+,pct_employed_pt,7.22,0.19,26202
2026,2025,all_65+,pct_employed_ft,11.1,0.23,26202
2026,2025,all_65+,pt_share_of_employed,39.41,0.87,4930
2026,2025,all_65+,pct_worked_prior_year,21.89,0.3,26202
2026,2025,all_65+,pct_worked_prior_year_pt,8.38,0.21,26202
2026,2025,all_65+,pct_worked_prior_year_ft,13.51,0.26,26202
2026,2025,all_65+,pt_share_of_prior_year_workers,38.27,0.82,5866
2026,2025,all_62+,population_m,77.92,0.23,31153
2026,2025,all_62+,pct_ss_retired,66.49,0.36,31153
2026,2025,all_62+,pct_employed,23.94,0.29,31153
2026,2025,all_62+,pct_employed_pt,7.63,0.18,31153
2026,2025,all_62+,pct_employed_ft,16.31,0.27,31153
2026,2025,all_62+,pt_share_of_employed,31.88,0.67,7525
2026,2025,all_62+,pct_worked_prior_year,27.98,0.3,31153
2026,2025,all_62+,pct_worked_prior_year_pt,8.77,0.2,31153
2026,2025,all_62+,pct_worked_prior_year_ft,19.21,0.28,31153
2026,2025,all_62+,pt_share_of_prior_year_workers,31.33,0.64,8789
2026,2025,not_ss_retired_62+,population_m,26.11,0.3,10582
2026,2025,not_ss_retired_62+,pct_employed,48.22,0.62,10582
2026,2025,not_ss_retired_62+,pct_employed_pt,8.75,0.34,10582
2026,2025,not_ss_retired_62+,pct_employed_ft,39.47,0.6,10582
2026,2025,not_ss_retired_62+,pt_share_of_employed,18.14,0.67,5058
2026,2025,not_ss_retired_62+,pct_worked_prior_year,53.75,0.62,10582
2026,2025,not_ss_retired_62+,pct_worked_prior_year_pt,9.08,0.36,10582
2026,2025,not_ss_retired_62+,pct_worked_prior_year_ft,44.68,0.61,10582
2026,2025,not_ss_retired_62+,pt_share_of_prior_year_workers,16.89,0.63,5644
2026,2025,ss_retired_62+_withdrawer,population_m,10.55,0.19,3965
2026,2025,ss_retired_62+_withdrawer,pct_employed,10.39,0.61,3965
2026,2025,ss_retired_62+_withdrawer,pct_employed_pt,7.18,0.51,3965
2026,2025,ss_retired_62+_withdrawer,pct_employed_ft,3.21,0.34,3965
2026,2025,ss_retired_62+_withdrawer,pt_share_of_employed,69.11,2.71,433
2026,2025,ss_retired_62+_withdrawer,pct_worked_prior_year,13.81,0.65,3965
2026,2025,ss_retired_62+_withdrawer,pct_worked_prior_year_pt,9.1,0.58,3965
2026,2025,ss_retired_62+_withdrawer,pct_worked_prior_year_ft,4.71,0.37,3965
2026,2025,ss_retired_62+_withdrawer,pt_share_of_prior_year_workers,65.9,2.4,567
2026,2025,ss_retired_62+_nonwithdrawer,population_m,41.27,0.31,16606
2026,2025,ss_retired_62+_nonwithdrawer,pct_employed,12.04,0.28,16606
2026,2025,ss_retired_62+_nonwithdrawer,pct_employed_pt,7.04,0.24,16606
2026,2025,ss_retired_62+_nonwithdrawer,pct_employed_ft,5.0,0.19,16606
2026,2025,ss_retired_62+_nonwithdrawer,pt_share_of_employed,58.48,1.3,2034
2026,2025,ss_retired_62+_nonwithdrawer,pct_worked_prior_year,15.29,0.33,16606
2026,2025,ss_retired_62+_nonwithdrawer,pct_worked_prior_year_pt,8.48,0.26,16606
2026,2025,ss_retired_62+_nonwithdrawer,pct_worked_prior_year_ft,6.81,0.22,16606
2026,2025,ss_retired_62+_nonwithdrawer,pt_share_of_prior_year_workers,55.47,1.16,2578
2026,2025,ss_retired_62+_men,population_m,23.72,0.2,9417
2026,2025,ss_retired_62+_men,pct_employed,14.17,0.39,9417
2026,2025,ss_retired_62+_men,pct_employed_pt,7.61,0.3,9417
2026,2025,ss_retired_62+_men,pct_employed_ft,6.56,0.29,9417
2026,2025,ss_retired_62+_men,pt_share_of_employed,53.69,1.57,1357
2026,2025,ss_retired_62+_men,pct_worked_prior_year,17.74,0.43,9417
2026,2025,ss_retired_62+_men,pct_worked_prior_year_pt,9.07,0.33,9417
2026,2025,ss_retired_62+_men,pct_worked_prior_year_ft,8.67,0.33,9417
2026,2025,ss_retired_62+_men,pt_share_of_prior_year_workers,51.15,1.42,1690
2026,2025,ss_retired_62+_women,population_m,28.09,0.17,11154
2026,2025,ss_retired_62+_women,pct_employed,9.61,0.3,11154
2026,2025,ss_retired_62+_women,pct_employed_pt,6.61,0.26,11154
2026,2025,ss_retired_62+_women,pct_employed_ft,3.0,0.18,11154
2026,2025,ss_retired_62+_women,pt_share_of_employed,68.76,1.66,1110
2026,2025,ss_retired_62+_women,pct_worked_prior_year,12.67,0.35,11154
2026,2025,ss_retired_62+_women,pct_worked_prior_year_pt,8.22,0.28,11154
2026,2025,ss_retired_62+_women,pct_worked_prior_year_ft,4.45,0.22,11154
2026,2025,ss_retired_62+_women,pt_share_of_prior_year_workers,64.85,1.39,1455
2026,2025,ss_retired_62-64,population_m,2.29,0.09,880
2026,2025,ss_retired_62-64,pct_employed,12.62,1.39,880
2026,2025,ss_retired_62-64,pct_employed_pt,9.5,1.2,880
2026,2025,ss_retired_62-64,pct_employed_ft,3.12,0.68,880
2026,2025,ss_retired_62-64,pt_share_of_employed,75.28,4.65,115
2026,2025,ss_retired_62-64,pct_worked_prior_year,20.82,1.63,880
2026,2025,ss_retired_62-64,pct_worked_prior_year_pt,11.91,1.36,880
2026,2025,ss_retired_62-64,pct_worked_prior_year_ft,8.91,1.16,880
2026,2025,ss_retired_62-64,pt_share_of_prior_year_workers,57.22,4.56,190
2026,2025,ss_retired_65-69,population_m,11.3,0.17,4606
2026,2025,ss_retired_65-69,pct_employed,18.76,0.6,4606
2026,2025,ss_retired_65-69,pct_employed_pt,10.63,0.52,4606
2026,2025,ss_retired_65-69,pct_employed_ft,8.13,0.44,4606
2026,2025,ss_retired_65-69,pt_share_of_employed,56.68,2.0,879
2026,2025,ss_retired_65-69,pct_worked_prior_year,24.14,0.7,4606
2026,2025,ss_retired_65-69,pct_worked_prior_year_pt,12.68,0.55,4606
2026,2025,ss_retired_65-69,pct_worked_prior_year_ft,11.45,0.53,4606
2026,2025,ss_retired_65-69,pt_share_of_prior_year_workers,52.55,1.69,1135
2026,2025,ss_retired_70-74,population_m,13.92,0.18,5577
2026,2025,ss_retired_70-74,pct_employed,15.05,0.54,5577
2026,2025,ss_retired_70-74,pct_employed_pt,8.73,0.44,5577
2026,2025,ss_retired_70-74,pct_employed_ft,6.32,0.4,5577
2026,2025,ss_retired_70-74,pt_share_of_employed,58.03,2.14,838
2026,2025,ss_retired_70-74,pct_worked_prior_year,18.61,0.57,5577
2026,2025,ss_retired_70-74,pct_worked_prior_year_pt,10.51,0.48,5577
2026,2025,ss_retired_70-74,pct_worked_prior_year_ft,8.1,0.44,5577
2026,2025,ss_retired_70-74,pt_share_of_prior_year_workers,56.46,1.93,1026
2026,2025,ss_retired_75+,population_m,24.29,0.2,9508
2026,2025,ss_retired_75+,pct_employed,6.41,0.28,9508
2026,2025,ss_retired_75+,pct_employed_pt,4.22,0.23,9508
2026,2025,ss_retired_75+,pct_employed_ft,2.19,0.16,9508
2026,2025,ss_retired_75+,pt_share_of_employed,65.89,2.11,635
2026,2025,ss_retired_75+,pct_worked_prior_year,8.11,0.32,9508
2026,2025,ss_retired_75+,pct_worked_prior_year_pt,5.31,0.28,9508
2026,2025,ss_retired_75+,pct_worked_prior_year_ft,2.8,0.19,9508
2026,2025,ss_retired_75+,pt_share_of_prior_year_workers,65.5,1.95,794
