year,group,plan_type,access_pct,participation_pct,takeup_pct,takeup_note,reference,method_note,source_url
2003,all private industry,all retirement,57,49,86,Computed = participation/access (rounded published %s; approximate),March,Pre-2009 access definition (narrower; BLS broadened definition of access to retirement benefits in March 2009 release) - not strictly comparable with 2009+,"https://www.bls.gov/ebs/publications/pdf/bulletin-2573-january-2005-employee-benefits-in-private-industry-in-the-united-states-2002-2003.pdf (Tables 1-2, March 2003 recalculated)"
2004,all private industry,all retirement,59,50,85,Computed = participation/access (rounded published %s; approximate),March,Pre-2009 access definition (narrower; BLS broadened definition of access to retirement benefits in March 2009 release) - not strictly comparable with 2009+,https://www.bls.gov/ebs/publications/pdf/employee-benefits-in-private-industry-in-the-united-states-march-2004.pdf (Tables 1-2)
2005,all private industry,all retirement,60,50,83,Computed = participation/access (rounded published %s; approximate),March,Pre-2009 access definition (narrower; BLS broadened definition of access to retirement benefits in March 2009 release) - not strictly comparable with 2009+,https://www.bls.gov/ebs/publications/pdf/employee-benefits-in-private-industry-in-the-united-states-march-2005.pdf (Tables 1-2)
2006,all private industry,all retirement,60,51,85,published,March,Pre-2009 access definition (narrower; BLS broadened definition of access to retirement benefits in March 2009 release) - not strictly comparable with 2009+,"https://www.bls.gov/ebs/publications/pdf/employee-benefits-in-private-industry-in-the-united-states-march-2006.pdf (Tables 1, 2, 6)"
2007,all private industry,all retirement,61,51,84,published,March,Pre-2009 access definition (narrower; BLS broadened definition of access to retirement benefits in March 2009 release) - not strictly comparable with 2009+,https://www.bls.gov/ebs/publications/pdf/employee-benefits-in-private-industry-in-the-united-states-march-2007.pdf (Table 1)
2008,all private industry,all retirement,61,51,83,published,March,Pre-2009 access definition (narrower; BLS broadened definition of access to retirement benefits in March 2009 release) - not strictly comparable with 2009+,"https://www.bls.gov/news.release/archives/ebs2_08072008.htm (Table 1, private industry columns)"
2009,all private industry,all retirement,67,51,77,published,March,"First year of broadened access definition (BLS: ""The NCS has broadened the definition of access to retirement benefits"")","https://www.bls.gov/news.release/archives/ebs2_07282009.htm (Table 1, private industry columns)"
2010,all private industry,all retirement,65,50,76,published,March,"NCS nb database (2010+), broadened access definition in effect since 2009",https://download.bls.gov/pub/time.series/nb/ (series NBU29000000000000028319;NBU29000000000000026320;NBU29000000000000032321)
2011,all private industry,all retirement,64,49,76,published,March,"NCS nb database (2010+), broadened access definition in effect since 2009",https://download.bls.gov/pub/time.series/nb/ (series NBU29000000000000028319;NBU29000000000000026320;NBU29000000000000032321)
2012,all private industry,all retirement,65,48,75,published,March,"NCS nb database (2010+), broadened access definition in effect since 2009",https://download.bls.gov/pub/time.series/nb/ (series NBU29000000000000028319;NBU29000000000000026320;NBU29000000000000032321)
2013,all private industry,all retirement,64,49,76,published,March,"NCS nb database (2010+), broadened access definition in effect since 2009",https://download.bls.gov/pub/time.series/nb/ (series NBU29000000000000028319;NBU29000000000000026320;NBU29000000000000032321)
2014,all private industry,all retirement,65,49,76,published,March,"NCS nb database (2010+), broadened access definition in effect since 2009",https://download.bls.gov/pub/time.series/nb/ (series NBU29000000000000028319;NBU29000000000000026320;NBU29000000000000032321)
2015,all private industry,all retirement,66,50,75,published,March,"NCS nb database (2010+), broadened access definition in effect since 2009",https://download.bls.gov/pub/time.series/nb/ (series NBU29000000000000028319;NBU29000000000000026320;NBU29000000000000032321)
2016,all private industry,all retirement,66,50,76,published,March,"NCS nb database (2010+), broadened access definition in effect since 2009",https://download.bls.gov/pub/time.series/nb/ (series NBU29000000000000028319;NBU29000000000000026320;NBU29000000000000032321)
2017,all private industry,all retirement,66,51,76,published,March,"NCS nb database (2010+), broadened access definition in effect since 2009",https://download.bls.gov/pub/time.series/nb/ (series NBU29000000000000028319;NBU29000000000000026320;NBU29000000000000032321)
2018,all private industry,all retirement,68,51,76,published,March,"NCS nb database (2010+), broadened access definition in effect since 2009",https://download.bls.gov/pub/time.series/nb/ (series NBU29000000000000028319;NBU29000000000000026320;NBU29000000000000032321)
2019,all private industry,all retirement,67,52,77,published,March,"NCS nb database (2010+), broadened access definition in effect since 2009",https://download.bls.gov/pub/time.series/nb/ (series NBU29000000000000028319;NBU29000000000000026320;NBU29000000000000032321)
2020,all private industry,all retirement,67,51,76,published,March,"NCS nb database (2010+), broadened access definition in effect since 2009",https://download.bls.gov/pub/time.series/nb/ (series NBU29000000000000028319;NBU29000000000000026320;NBU29000000000000032321)
2021,all private industry,all retirement,68,51,75,published,March,"NCS nb database (2010+), broadened access definition in effect since 2009",https://download.bls.gov/pub/time.series/nb/ (series NBU29000000000000028319;NBU29000000000000026320;NBU29000000000000032321)
2022,all private industry,all retirement,69,52,75,published,March,"NCS nb database (2010+), broadened access definition in effect since 2009",https://download.bls.gov/pub/time.series/nb/ (series NBU29000000000000028319;NBU29000000000000026320;NBU29000000000000032321)
2023,all private industry,all retirement,70,53,75,published,March,"NCS nb database (2010+), broadened access definition in effect since 2009",https://download.bls.gov/pub/time.series/nb/ (series NBU29000000000000028319;NBU29000000000000026320;NBU29000000000000032321)
2024,all private industry,all retirement,72,53,73,published,March,"NCS nb database (2010+), broadened access definition in effect since 2009",https://download.bls.gov/pub/time.series/nb/ (series NBU29000000000000028319;NBU29000000000000026320;NBU29000000000000032321)
2025,all private industry,all retirement,72,53,73,published,March,"NCS nb database (2010+), broadened access definition in effect since 2009",https://download.bls.gov/pub/time.series/nb/ (series NBU29000000000000028319;NBU29000000000000026320;NBU29000000000000032321)
2026,all private industry,all retirement,72,52,72,published,March,"NCS nb database (2010+), broadened access definition in effect since 2009",https://download.bls.gov/pub/time.series/nb/ (series NBU29000000000000028319;NBU29000000000000026320;NBU29000000000000032321)
2003,establishments 100+ workers,all retirement,75,65,87,Computed = participation/access (rounded published %s; approximate),March,Pre-2009 access definition (narrower; BLS broadened definition of access to retirement benefits in March 2009 release) - not strictly comparable with 2009+,"https://www.bls.gov/ebs/publications/pdf/bulletin-2573-january-2005-employee-benefits-in-private-industry-in-the-united-states-2002-2003.pdf (Tables 1-2, March 2003 recalculated)"
2004,establishments 100+ workers,all retirement,77,67,87,Computed = participation/access (rounded published %s; approximate),March,Pre-2009 access definition (narrower; BLS broadened definition of access to retirement benefits in March 2009 release) - not strictly comparable with 2009+,https://www.bls.gov/ebs/publications/pdf/employee-benefits-in-private-industry-in-the-united-states-march-2004.pdf (Tables 1-2)
2005,establishments 100+ workers,all retirement,78,67,86,Computed = participation/access (rounded published %s; approximate),March,Pre-2009 access definition (narrower; BLS broadened definition of access to retirement benefits in March 2009 release) - not strictly comparable with 2009+,https://www.bls.gov/ebs/publications/pdf/employee-benefits-in-private-industry-in-the-united-states-march-2005.pdf (Tables 1-2)
2006,establishments 100+ workers,all retirement,78,67,85,published,March,Pre-2009 access definition (narrower; BLS broadened definition of access to retirement benefits in March 2009 release) - not strictly comparable with 2009+,"https://www.bls.gov/ebs/publications/pdf/employee-benefits-in-private-industry-in-the-united-states-march-2006.pdf (Tables 1, 2, 6)"
2007,establishments 100+ workers,all retirement,78,66,85,published,March,Pre-2009 access definition (narrower; BLS broadened definition of access to retirement benefits in March 2009 release) - not strictly comparable with 2009+,https://www.bls.gov/ebs/publications/pdf/employee-benefits-in-private-industry-in-the-united-states-march-2007.pdf (Table 1)
2008,establishments 100+ workers,all retirement,79,67,85,published,March,Pre-2009 access definition (narrower; BLS broadened definition of access to retirement benefits in March 2009 release) - not strictly comparable with 2009+,"https://www.bls.gov/news.release/archives/ebs2_08072008.htm (Table 1, private industry columns)"
2009,establishments 100+ workers,all retirement,83,68,82,published,March,"First year of broadened access definition (BLS: ""The NCS has broadened the definition of access to retirement benefits"")","https://www.bls.gov/news.release/archives/ebs2_07282009.htm (Table 1, private industry columns)"
2010,establishments 100+ workers,all retirement,81,66,82,published,March,"NCS nb database (2010+), broadened access definition in effect since 2009",https://download.bls.gov/pub/time.series/nb/ (series NBU29000000000000528319;NBU29000000000000526320;NBU29000000000000532321)
2011,establishments 100+ workers,all retirement,81,66,82,published,March,"NCS nb database (2010+), broadened access definition in effect since 2009",https://download.bls.gov/pub/time.series/nb/ (series NBU29000000000000528319;NBU29000000000000526320;NBU29000000000000532321)
2012,establishments 100+ workers,all retirement,82,65,80,published,March,"NCS nb database (2010+), broadened access definition in effect since 2009",https://download.bls.gov/pub/time.series/nb/ (series NBU29000000000000528319;NBU29000000000000526320;NBU29000000000000532321)
2013,establishments 100+ workers,all retirement,82,66,80,published,March,"NCS nb database (2010+), broadened access definition in effect since 2009",https://download.bls.gov/pub/time.series/nb/ (series NBU29000000000000528319;NBU29000000000000526320;NBU29000000000000532321)
2014,establishments 100+ workers,all retirement,82,65,79,published,March,"NCS nb database (2010+), broadened access definition in effect since 2009",https://download.bls.gov/pub/time.series/nb/ (series NBU29000000000000528319;NBU29000000000000526320;NBU29000000000000532321)
2015,establishments 100+ workers,all retirement,84,67,80,published,March,"NCS nb database (2010+), broadened access definition in effect since 2009",https://download.bls.gov/pub/time.series/nb/ (series NBU29000000000000528319;NBU29000000000000526320;NBU29000000000000532321)
2016,establishments 100+ workers,all retirement,83,68,81,published,March,"NCS nb database (2010+), broadened access definition in effect since 2009",https://download.bls.gov/pub/time.series/nb/ (series NBU29000000000000528319;NBU29000000000000526320;NBU29000000000000532321)
2017,establishments 100+ workers,all retirement,83,67,80,published,March,"NCS nb database (2010+), broadened access definition in effect since 2009",https://download.bls.gov/pub/time.series/nb/ (series NBU29000000000000528319;NBU29000000000000526320;NBU29000000000000532321)
2018,establishments 100+ workers,all retirement,85,67,79,published,March,"NCS nb database (2010+), broadened access definition in effect since 2009",https://download.bls.gov/pub/time.series/nb/ (series NBU29000000000000528319;NBU29000000000000526320;NBU29000000000000532321)
2019,establishments 100+ workers,all retirement,84,68,81,published,March,"NCS nb database (2010+), broadened access definition in effect since 2009",https://download.bls.gov/pub/time.series/nb/ (series NBU29000000000000528319;NBU29000000000000526320;NBU29000000000000532321)
2020,establishments 100+ workers,all retirement,83,67,81,published,March,"NCS nb database (2010+), broadened access definition in effect since 2009",https://download.bls.gov/pub/time.series/nb/ (series NBU29000000000000528319;NBU29000000000000526320;NBU29000000000000532321)
2021,establishments 100+ workers,all retirement,85,68,80,published,March,"NCS nb database (2010+), broadened access definition in effect since 2009",https://download.bls.gov/pub/time.series/nb/ (series NBU29000000000000528319;NBU29000000000000526320;NBU29000000000000532321)
2022,establishments 100+ workers,all retirement,86,68,80,published,March,"NCS nb database (2010+), broadened access definition in effect since 2009",https://download.bls.gov/pub/time.series/nb/ (series NBU29000000000000528319;NBU29000000000000526320;NBU29000000000000532321)
2023,establishments 100+ workers,all retirement,86,68,79,published,March,"NCS nb database (2010+), broadened access definition in effect since 2009",https://download.bls.gov/pub/time.series/nb/ (series NBU29000000000000528319;NBU29000000000000526320;NBU29000000000000532321)
2024,establishments 100+ workers,all retirement,89,69,77,published,March,"NCS nb database (2010+), broadened access definition in effect since 2009",https://download.bls.gov/pub/time.series/nb/ (series NBU29000000000000528319;NBU29000000000000526320;NBU29000000000000532321)
2025,establishments 100+ workers,all retirement,88,67,77,published,March,"NCS nb database (2010+), broadened access definition in effect since 2009",https://download.bls.gov/pub/time.series/nb/ (series NBU29000000000000528319;NBU29000000000000526320;NBU29000000000000532321)
2026,establishments 100+ workers,all retirement,87,68,77,published,March,"NCS nb database (2010+), broadened access definition in effect since 2009",https://download.bls.gov/pub/time.series/nb/ (series NBU29000000000000528319;NBU29000000000000526320;NBU29000000000000532321)
2008,establishments 100-499 workers,all retirement,73,60,83,published,March,Pre-2009 access definition (narrower; BLS broadened definition of access to retirement benefits in March 2009 release) - not strictly comparable with 2009+,"https://www.bls.gov/news.release/archives/ebs2_08072008.htm (Table 1, private industry columns)"
2009,establishments 100-499 workers,all retirement,79,61,77,published,March,"First year of broadened access definition (BLS: ""The NCS has broadened the definition of access to retirement benefits"")","https://www.bls.gov/news.release/archives/ebs2_07282009.htm (Table 1, private industry columns)"
2010,establishments 100-499 workers,all retirement,78,60,77,published,March,"NCS nb database (2010+), broadened access definition in effect since 2009",https://download.bls.gov/pub/time.series/nb/ (series NBU29000000000000628319;NBU29000000000000626320;NBU29000000000000632321)
2011,establishments 100-499 workers,all retirement,77,59,76,published,March,"NCS nb database (2010+), broadened access definition in effect since 2009",https://download.bls.gov/pub/time.series/nb/ (series NBU29000000000000628319;NBU29000000000000626320;NBU29000000000000632321)
2012,establishments 100-499 workers,all retirement,79,58,74,published,March,"NCS nb database (2010+), broadened access definition in effect since 2009",https://download.bls.gov/pub/time.series/nb/ (series NBU29000000000000628319;NBU29000000000000626320;NBU29000000000000632321)
2013,establishments 100-499 workers,all retirement,79,58,74,published,March,"NCS nb database (2010+), broadened access definition in effect since 2009",https://download.bls.gov/pub/time.series/nb/ (series NBU29000000000000628319;NBU29000000000000626320;NBU29000000000000632321)
2014,establishments 100-499 workers,all retirement,78,57,73,published,March,"NCS nb database (2010+), broadened access definition in effect since 2009",https://download.bls.gov/pub/time.series/nb/ (series NBU29000000000000628319;NBU29000000000000626320;NBU29000000000000632321)
2015,establishments 100-499 workers,all retirement,80,60,75,published,March,"NCS nb database (2010+), broadened access definition in effect since 2009",https://download.bls.gov/pub/time.series/nb/ (series NBU29000000000000628319;NBU29000000000000626320;NBU29000000000000632321)
2016,establishments 100-499 workers,all retirement,80,62,77,published,March,"NCS nb database (2010+), broadened access definition in effect since 2009",https://download.bls.gov/pub/time.series/nb/ (series NBU29000000000000628319;NBU29000000000000626320;NBU29000000000000632321)
2017,establishments 100-499 workers,all retirement,79,60,76,published,March,"NCS nb database (2010+), broadened access definition in effect since 2009",https://download.bls.gov/pub/time.series/nb/ (series NBU29000000000000628319;NBU29000000000000626320;NBU29000000000000632321)
2018,establishments 100-499 workers,all retirement,83,61,74,published,March,"NCS nb database (2010+), broadened access definition in effect since 2009",https://download.bls.gov/pub/time.series/nb/ (series NBU29000000000000628319;NBU29000000000000626320;NBU29000000000000632321)
2019,establishments 100-499 workers,all retirement,80,61,76,published,March,"NCS nb database (2010+), broadened access definition in effect since 2009",https://download.bls.gov/pub/time.series/nb/ (series NBU29000000000000628319;NBU29000000000000626320;NBU29000000000000632321)
2020,establishments 100-499 workers,all retirement,80,60,76,published,March,"NCS nb database (2010+), broadened access definition in effect since 2009",https://download.bls.gov/pub/time.series/nb/ (series NBU29000000000000628319;NBU29000000000000626320;NBU29000000000000632321)
2021,establishments 100-499 workers,all retirement,80,60,75,published,March,"NCS nb database (2010+), broadened access definition in effect since 2009",https://download.bls.gov/pub/time.series/nb/ (series NBU29000000000000628319;NBU29000000000000626320;NBU29000000000000632321)
2022,establishments 100-499 workers,all retirement,82,61,74,published,March,"NCS nb database (2010+), broadened access definition in effect since 2009",https://download.bls.gov/pub/time.series/nb/ (series NBU29000000000000628319;NBU29000000000000626320;NBU29000000000000632321)
2023,establishments 100-499 workers,all retirement,83,61,73,published,March,"NCS nb database (2010+), broadened access definition in effect since 2009",https://download.bls.gov/pub/time.series/nb/ (series NBU29000000000000628319;NBU29000000000000626320;NBU29000000000000632321)
2024,establishments 100-499 workers,all retirement,88,61,70,published,March,"NCS nb database (2010+), broadened access definition in effect since 2009",https://download.bls.gov/pub/time.series/nb/ (series NBU29000000000000628319;NBU29000000000000626320;NBU29000000000000632321)
2025,establishments 100-499 workers,all retirement,86,60,70,published,March,"NCS nb database (2010+), broadened access definition in effect since 2009",https://download.bls.gov/pub/time.series/nb/ (series NBU29000000000000628319;NBU29000000000000626320;NBU29000000000000632321)
2026,establishments 100-499 workers,all retirement,85,61,72,published,March,"NCS nb database (2010+), broadened access definition in effect since 2009",https://download.bls.gov/pub/time.series/nb/ (series NBU29000000000000628319;NBU29000000000000626320;NBU29000000000000632321)
2008,establishments 50-99 workers,all retirement,58,45,79,published,March,Pre-2009 access definition (narrower; BLS broadened definition of access to retirement benefits in March 2009 release) - not strictly comparable with 2009+,"https://www.bls.gov/news.release/archives/ebs2_08072008.htm (Table 1, private industry columns)"
2009,establishments 50-99 workers,all retirement,66,46,69,published,March,"First year of broadened access definition (BLS: ""The NCS has broadened the definition of access to retirement benefits"")","https://www.bls.gov/news.release/archives/ebs2_07282009.htm (Table 1, private industry columns)"
2010,establishments 50-99 workers,all retirement,64,43,68,published,March,"NCS nb database (2010+), broadened access definition in effect since 2009",https://download.bls.gov/pub/time.series/nb/ (series NBU29000000000000428319;NBU29000000000000426320;NBU29000000000000432321)
2011,establishments 50-99 workers,all retirement,62,41,66,published,March,"NCS nb database (2010+), broadened access definition in effect since 2009",https://download.bls.gov/pub/time.series/nb/ (series NBU29000000000000428319;NBU29000000000000426320;NBU29000000000000432321)
2012,establishments 50-99 workers,all retirement,63,42,67,published,March,"NCS nb database (2010+), broadened access definition in effect since 2009",https://download.bls.gov/pub/time.series/nb/ (series NBU29000000000000428319;NBU29000000000000426320;NBU29000000000000432321)
2013,establishments 50-99 workers,all retirement,63,43,68,published,March,"NCS nb database (2010+), broadened access definition in effect since 2009",https://download.bls.gov/pub/time.series/nb/ (series NBU29000000000000428319;NBU29000000000000426320;NBU29000000000000432321)
2014,establishments 50-99 workers,all retirement,63,43,69,published,March,"NCS nb database (2010+), broadened access definition in effect since 2009",https://download.bls.gov/pub/time.series/nb/ (series NBU29000000000000428319;NBU29000000000000426320;NBU29000000000000432321)
2015,establishments 50-99 workers,all retirement,66,45,68,published,March,"NCS nb database (2010+), broadened access definition in effect since 2009",https://download.bls.gov/pub/time.series/nb/ (series NBU29000000000000428319;NBU29000000000000426320;NBU29000000000000432321)
2016,establishments 50-99 workers,all retirement,65,46,70,published,March,"NCS nb database (2010+), broadened access definition in effect since 2009",https://download.bls.gov/pub/time.series/nb/ (series NBU29000000000000428319;NBU29000000000000426320;NBU29000000000000432321)
2017,establishments 50-99 workers,all retirement,65,46,71,published,March,"NCS nb database (2010+), broadened access definition in effect since 2009",https://download.bls.gov/pub/time.series/nb/ (series NBU29000000000000428319;NBU29000000000000426320;NBU29000000000000432321)
2018,establishments 50-99 workers,all retirement,66,46,70,published,March,"NCS nb database (2010+), broadened access definition in effect since 2009",https://download.bls.gov/pub/time.series/nb/ (series NBU29000000000000428319;NBU29000000000000426320;NBU29000000000000432321)
2019,establishments 50-99 workers,all retirement,67,46,69,published,March,"NCS nb database (2010+), broadened access definition in effect since 2009",https://download.bls.gov/pub/time.series/nb/ (series NBU29000000000000428319;NBU29000000000000426320;NBU29000000000000432321)
2020,establishments 50-99 workers,all retirement,69,46,68,published,March,"NCS nb database (2010+), broadened access definition in effect since 2009",https://download.bls.gov/pub/time.series/nb/ (series NBU29000000000000428319;NBU29000000000000426320;NBU29000000000000432321)
2021,establishments 50-99 workers,all retirement,70,51,72,published,March,"NCS nb database (2010+), broadened access definition in effect since 2009",https://download.bls.gov/pub/time.series/nb/ (series NBU29000000000000428319;NBU29000000000000426320;NBU29000000000000432321)
2022,establishments 50-99 workers,all retirement,69,50,72,published,March,"NCS nb database (2010+), broadened access definition in effect since 2009",https://download.bls.gov/pub/time.series/nb/ (series NBU29000000000000428319;NBU29000000000000426320;NBU29000000000000432321)
2023,establishments 50-99 workers,all retirement,71,50,70,published,March,"NCS nb database (2010+), broadened access definition in effect since 2009",https://download.bls.gov/pub/time.series/nb/ (series NBU29000000000000428319;NBU29000000000000426320;NBU29000000000000432321)
2024,establishments 50-99 workers,all retirement,70,45,65,published,March,"NCS nb database (2010+), broadened access definition in effect since 2009",https://download.bls.gov/pub/time.series/nb/ (series NBU29000000000000428319;NBU29000000000000426320;NBU29000000000000432321)
2025,establishments 50-99 workers,all retirement,71,45,63,published,March,"NCS nb database (2010+), broadened access definition in effect since 2009",https://download.bls.gov/pub/time.series/nb/ (series NBU29000000000000428319;NBU29000000000000426320;NBU29000000000000432321)
2026,establishments 50-99 workers,all retirement,72,46,63,published,March,"NCS nb database (2010+), broadened access definition in effect since 2009",https://download.bls.gov/pub/time.series/nb/ (series NBU29000000000000428319;NBU29000000000000426320;NBU29000000000000432321)
2008,establishments 500+ workers,all retirement,87,76,87,published,March,Pre-2009 access definition (narrower; BLS broadened definition of access to retirement benefits in March 2009 release) - not strictly comparable with 2009+,"https://www.bls.gov/news.release/archives/ebs2_08072008.htm (Table 1, private industry columns)"
2009,establishments 500+ workers,all retirement,88,77,88,published,March,"First year of broadened access definition (BLS: ""The NCS has broadened the definition of access to retirement benefits"")","https://www.bls.gov/news.release/archives/ebs2_07282009.htm (Table 1, private industry columns)"
2010,establishments 500+ workers,all retirement,85,75,88,published,March,"NCS nb database (2010+), broadened access definition in effect since 2009",https://download.bls.gov/pub/time.series/nb/ (series NBU29000000000000728319;NBU29000000000000726320;NBU29000000000000732321)
2011,establishments 500+ workers,all retirement,86,76,88,published,March,"NCS nb database (2010+), broadened access definition in effect since 2009",https://download.bls.gov/pub/time.series/nb/ (series NBU29000000000000728319;NBU29000000000000726320;NBU29000000000000732321)
2012,establishments 500+ workers,all retirement,86,76,88,published,March,"NCS nb database (2010+), broadened access definition in effect since 2009",https://download.bls.gov/pub/time.series/nb/ (series NBU29000000000000728319;NBU29000000000000726320;NBU29000000000000732321)
2013,establishments 500+ workers,all retirement,87,76,88,published,March,"NCS nb database (2010+), broadened access definition in effect since 2009",https://download.bls.gov/pub/time.series/nb/ (series NBU29000000000000728319;NBU29000000000000726320;NBU29000000000000732321)
2014,establishments 500+ workers,all retirement,89,77,87,published,March,"NCS nb database (2010+), broadened access definition in effect since 2009",https://download.bls.gov/pub/time.series/nb/ (series NBU29000000000000728319;NBU29000000000000726320;NBU29000000000000732321)
2015,establishments 500+ workers,all retirement,89,77,86,published,March,"NCS nb database (2010+), broadened access definition in effect since 2009",https://download.bls.gov/pub/time.series/nb/ (series NBU29000000000000728319;NBU29000000000000726320;NBU29000000000000732321)
2016,establishments 500+ workers,all retirement,90,77,86,published,March,"NCS nb database (2010+), broadened access definition in effect since 2009",https://download.bls.gov/pub/time.series/nb/ (series NBU29000000000000728319;NBU29000000000000726320;NBU29000000000000732321)
2017,establishments 500+ workers,all retirement,89,77,86,published,March,"NCS nb database (2010+), broadened access definition in effect since 2009",https://download.bls.gov/pub/time.series/nb/ (series NBU29000000000000728319;NBU29000000000000726320;NBU29000000000000732321)
2018,establishments 500+ workers,all retirement,88,77,87,published,March,"NCS nb database (2010+), broadened access definition in effect since 2009",https://download.bls.gov/pub/time.series/nb/ (series NBU29000000000000728319;NBU29000000000000726320;NBU29000000000000732321)
2019,establishments 500+ workers,all retirement,89,78,88,published,March,"NCS nb database (2010+), broadened access definition in effect since 2009",https://download.bls.gov/pub/time.series/nb/ (series NBU29000000000000728319;NBU29000000000000726320;NBU29000000000000732321)
2020,establishments 500+ workers,all retirement,88,77,88,published,March,"NCS nb database (2010+), broadened access definition in effect since 2009",https://download.bls.gov/pub/time.series/nb/ (series NBU29000000000000728319;NBU29000000000000726320;NBU29000000000000732321)
2021,establishments 500+ workers,all retirement,91,79,87,published,March,"NCS nb database (2010+), broadened access definition in effect since 2009",https://download.bls.gov/pub/time.series/nb/ (series NBU29000000000000728319;NBU29000000000000726320;NBU29000000000000732321)
2022,establishments 500+ workers,all retirement,90,78,86,published,March,"NCS nb database (2010+), broadened access definition in effect since 2009",https://download.bls.gov/pub/time.series/nb/ (series NBU29000000000000728319;NBU29000000000000726320;NBU29000000000000732321)
2023,establishments 500+ workers,all retirement,91,78,86,published,March,"NCS nb database (2010+), broadened access definition in effect since 2009",https://download.bls.gov/pub/time.series/nb/ (series NBU29000000000000728319;NBU29000000000000726320;NBU29000000000000732321)
2024,establishments 500+ workers,all retirement,90,78,86,published,March,"NCS nb database (2010+), broadened access definition in effect since 2009",https://download.bls.gov/pub/time.series/nb/ (series NBU29000000000000728319;NBU29000000000000726320;NBU29000000000000732321)
2025,establishments 500+ workers,all retirement,90,76,84,published,March,"NCS nb database (2010+), broadened access definition in effect since 2009",https://download.bls.gov/pub/time.series/nb/ (series NBU29000000000000728319;NBU29000000000000726320;NBU29000000000000732321)
2026,establishments 500+ workers,all retirement,91,76,84,published,March,"NCS nb database (2010+), broadened access definition in effect since 2009",https://download.bls.gov/pub/time.series/nb/ (series NBU29000000000000728319;NBU29000000000000726320;NBU29000000000000732321)
2003,establishments <100 workers,all retirement,42,35,83,Computed = participation/access (rounded published %s; approximate),March,Pre-2009 access definition (narrower; BLS broadened definition of access to retirement benefits in March 2009 release) - not strictly comparable with 2009+,"https://www.bls.gov/ebs/publications/pdf/bulletin-2573-january-2005-employee-benefits-in-private-industry-in-the-united-states-2002-2003.pdf (Tables 1-2, March 2003 recalculated)"
2004,establishments <100 workers,all retirement,44,37,84,Computed = participation/access (rounded published %s; approximate),March,Pre-2009 access definition (narrower; BLS broadened definition of access to retirement benefits in March 2009 release) - not strictly comparable with 2009+,https://www.bls.gov/ebs/publications/pdf/employee-benefits-in-private-industry-in-the-united-states-march-2004.pdf (Tables 1-2)
2005,establishments <100 workers,all retirement,44,37,84,Computed = participation/access (rounded published %s; approximate),March,Pre-2009 access definition (narrower; BLS broadened definition of access to retirement benefits in March 2009 release) - not strictly comparable with 2009+,https://www.bls.gov/ebs/publications/pdf/employee-benefits-in-private-industry-in-the-united-states-march-2005.pdf (Tables 1-2)
2006,establishments <100 workers,all retirement,44,37,84,published,March,Pre-2009 access definition (narrower; BLS broadened definition of access to retirement benefits in March 2009 release) - not strictly comparable with 2009+,"https://www.bls.gov/ebs/publications/pdf/employee-benefits-in-private-industry-in-the-united-states-march-2006.pdf (Tables 1, 2, 6)"
2007,establishments <100 workers,all retirement,45,37,82,published,March,Pre-2009 access definition (narrower; BLS broadened definition of access to retirement benefits in March 2009 release) - not strictly comparable with 2009+,https://www.bls.gov/ebs/publications/pdf/employee-benefits-in-private-industry-in-the-united-states-march-2007.pdf (Table 1)
2008,establishments <100 workers,all retirement,45,37,81,published,March,Pre-2009 access definition (narrower; BLS broadened definition of access to retirement benefits in March 2009 release) - not strictly comparable with 2009+,"https://www.bls.gov/news.release/archives/ebs2_08072008.htm (Table 1, private industry columns)"
2009,establishments <100 workers,all retirement,53,36,69,published,March,"First year of broadened access definition (BLS: ""The NCS has broadened the definition of access to retirement benefits"")","https://www.bls.gov/news.release/archives/ebs2_07282009.htm (Table 1, private industry columns)"
2010,establishments <100 workers,all retirement,51,35,69,published,March,"NCS nb database (2010+), broadened access definition in effect since 2009",https://download.bls.gov/pub/time.series/nb/ (series NBU29000000000000128319;NBU29000000000000126320;NBU29000000000000132321)
2011,establishments <100 workers,all retirement,49,34,69,published,March,"NCS nb database (2010+), broadened access definition in effect since 2009",https://download.bls.gov/pub/time.series/nb/ (series NBU29000000000000128319;NBU29000000000000126320;NBU29000000000000132321)
2012,establishments <100 workers,all retirement,50,34,68,published,March,"NCS nb database (2010+), broadened access definition in effect since 2009",https://download.bls.gov/pub/time.series/nb/ (series NBU29000000000000128319;NBU29000000000000126320;NBU29000000000000132321)
2013,establishments <100 workers,all retirement,49,35,71,published,March,"NCS nb database (2010+), broadened access definition in effect since 2009",https://download.bls.gov/pub/time.series/nb/ (series NBU29000000000000128319;NBU29000000000000126320;NBU29000000000000132321)
2014,establishments <100 workers,all retirement,50,35,71,published,March,"NCS nb database (2010+), broadened access definition in effect since 2009",https://download.bls.gov/pub/time.series/nb/ (series NBU29000000000000128319;NBU29000000000000126320;NBU29000000000000132321)
2015,establishments <100 workers,all retirement,51,35,70,published,March,"NCS nb database (2010+), broadened access definition in effect since 2009",https://download.bls.gov/pub/time.series/nb/ (series NBU29000000000000128319;NBU29000000000000126320;NBU29000000000000132321)
2016,establishments <100 workers,all retirement,52,36,71,published,March,"NCS nb database (2010+), broadened access definition in effect since 2009",https://download.bls.gov/pub/time.series/nb/ (series NBU29000000000000128319;NBU29000000000000126320;NBU29000000000000132321)
2017,establishments <100 workers,all retirement,53,37,71,published,March,"NCS nb database (2010+), broadened access definition in effect since 2009",https://download.bls.gov/pub/time.series/nb/ (series NBU29000000000000128319;NBU29000000000000126320;NBU29000000000000132321)
2018,establishments <100 workers,all retirement,53,37,70,published,March,"NCS nb database (2010+), broadened access definition in effect since 2009",https://download.bls.gov/pub/time.series/nb/ (series NBU29000000000000128319;NBU29000000000000126320;NBU29000000000000132321)
2019,establishments <100 workers,all retirement,54,38,71,published,March,"NCS nb database (2010+), broadened access definition in effect since 2009",https://download.bls.gov/pub/time.series/nb/ (series NBU29000000000000128319;NBU29000000000000126320;NBU29000000000000132321)
2020,establishments <100 workers,all retirement,53,37,69,published,March,"NCS nb database (2010+), broadened access definition in effect since 2009",https://download.bls.gov/pub/time.series/nb/ (series NBU29000000000000128319;NBU29000000000000126320;NBU29000000000000132321)
2021,establishments <100 workers,all retirement,56,39,69,published,March,"NCS nb database (2010+), broadened access definition in effect since 2009",https://download.bls.gov/pub/time.series/nb/ (series NBU29000000000000128319;NBU29000000000000126320;NBU29000000000000132321)
2022,establishments <100 workers,all retirement,56,38,69,published,March,"NCS nb database (2010+), broadened access definition in effect since 2009",https://download.bls.gov/pub/time.series/nb/ (series NBU29000000000000128319;NBU29000000000000126320;NBU29000000000000132321)
2023,establishments <100 workers,all retirement,57,40,70,published,March,"NCS nb database (2010+), broadened access definition in effect since 2009",https://download.bls.gov/pub/time.series/nb/ (series NBU29000000000000128319;NBU29000000000000126320;NBU29000000000000132321)
2024,establishments <100 workers,all retirement,58,40,69,published,March,"NCS nb database (2010+), broadened access definition in effect since 2009",https://download.bls.gov/pub/time.series/nb/ (series NBU29000000000000128319;NBU29000000000000126320;NBU29000000000000132321)
2025,establishments <100 workers,all retirement,59,40,68,published,March,"NCS nb database (2010+), broadened access definition in effect since 2009",https://download.bls.gov/pub/time.series/nb/ (series NBU29000000000000128319;NBU29000000000000126320;NBU29000000000000132321)
2026,establishments <100 workers,all retirement,59,39,66,published,March,"NCS nb database (2010+), broadened access definition in effect since 2009",https://download.bls.gov/pub/time.series/nb/ (series NBU29000000000000128319;NBU29000000000000126320;NBU29000000000000132321)
2008,establishments <50 workers,all retirement,41,34,82,published,March,Pre-2009 access definition (narrower; BLS broadened definition of access to retirement benefits in March 2009 release) - not strictly comparable with 2009+,"https://www.bls.gov/news.release/archives/ebs2_08072008.htm (Table 1, private industry columns)"
2009,establishments <50 workers,all retirement,48,33,69,published,March,"First year of broadened access definition (BLS: ""The NCS has broadened the definition of access to retirement benefits"")","https://www.bls.gov/news.release/archives/ebs2_07282009.htm (Table 1, private industry columns)"
2010,establishments <50 workers,all retirement,47,32,69,published,March,"NCS nb database (2010+), broadened access definition in effect since 2009",https://download.bls.gov/pub/time.series/nb/ (series NBU29000000000000228319;NBU29000000000000226320;NBU29000000000000232321)
2011,establishments <50 workers,all retirement,45,32,70,published,March,"NCS nb database (2010+), broadened access definition in effect since 2009",https://download.bls.gov/pub/time.series/nb/ (series NBU29000000000000228319;NBU29000000000000226320;NBU29000000000000232321)
2012,establishments <50 workers,all retirement,46,32,69,published,March,"NCS nb database (2010+), broadened access definition in effect since 2009",https://download.bls.gov/pub/time.series/nb/ (series NBU29000000000000228319;NBU29000000000000226320;NBU29000000000000232321)
2013,establishments <50 workers,all retirement,45,32,72,published,March,"NCS nb database (2010+), broadened access definition in effect since 2009",https://download.bls.gov/pub/time.series/nb/ (series NBU29000000000000228319;NBU29000000000000226320;NBU29000000000000232321)
2014,establishments <50 workers,all retirement,45,33,72,published,March,"NCS nb database (2010+), broadened access definition in effect since 2009",https://download.bls.gov/pub/time.series/nb/ (series NBU29000000000000228319;NBU29000000000000226320;NBU29000000000000232321)
2015,establishments <50 workers,all retirement,46,32,71,published,March,"NCS nb database (2010+), broadened access definition in effect since 2009",https://download.bls.gov/pub/time.series/nb/ (series NBU29000000000000228319;NBU29000000000000226320;NBU29000000000000232321)
2016,establishments <50 workers,all retirement,47,33,71,published,March,"NCS nb database (2010+), broadened access definition in effect since 2009",https://download.bls.gov/pub/time.series/nb/ (series NBU29000000000000228319;NBU29000000000000226320;NBU29000000000000232321)
2017,establishments <50 workers,all retirement,49,35,71,published,March,"NCS nb database (2010+), broadened access definition in effect since 2009",https://download.bls.gov/pub/time.series/nb/ (series NBU29000000000000228319;NBU29000000000000226320;NBU29000000000000232321)
2018,establishments <50 workers,all retirement,49,34,70,published,March,"NCS nb database (2010+), broadened access definition in effect since 2009",https://download.bls.gov/pub/time.series/nb/ (series NBU29000000000000228319;NBU29000000000000226320;NBU29000000000000232321)
2019,establishments <50 workers,all retirement,50,36,72,published,March,"NCS nb database (2010+), broadened access definition in effect since 2009",https://download.bls.gov/pub/time.series/nb/ (series NBU29000000000000228319;NBU29000000000000226320;NBU29000000000000232321)
2020,establishments <50 workers,all retirement,49,34,69,published,March,"NCS nb database (2010+), broadened access definition in effect since 2009",https://download.bls.gov/pub/time.series/nb/ (series NBU29000000000000228319;NBU29000000000000226320;NBU29000000000000232321)
2021,establishments <50 workers,all retirement,52,35,68,published,March,"NCS nb database (2010+), broadened access definition in effect since 2009",https://download.bls.gov/pub/time.series/nb/ (series NBU29000000000000228319;NBU29000000000000226320;NBU29000000000000232321)
2022,establishments <50 workers,all retirement,52,36,68,published,March,"NCS nb database (2010+), broadened access definition in effect since 2009",https://download.bls.gov/pub/time.series/nb/ (series NBU29000000000000228319;NBU29000000000000226320;NBU29000000000000232321)
2023,establishments <50 workers,all retirement,53,37,70,published,March,"NCS nb database (2010+), broadened access definition in effect since 2009",https://download.bls.gov/pub/time.series/nb/ (series NBU29000000000000228319;NBU29000000000000226320;NBU29000000000000232321)
2024,establishments <50 workers,all retirement,55,38,70,published,March,"NCS nb database (2010+), broadened access definition in effect since 2009",https://download.bls.gov/pub/time.series/nb/ (series NBU29000000000000228319;NBU29000000000000226320;NBU29000000000000232321)
2025,establishments <50 workers,all retirement,55,38,70,published,March,"NCS nb database (2010+), broadened access definition in effect since 2009",https://download.bls.gov/pub/time.series/nb/ (series NBU29000000000000228319;NBU29000000000000226320;NBU29000000000000232321)
2026,establishments <50 workers,all retirement,55,37,67,published,March,"NCS nb database (2010+), broadened access definition in effect since 2009",https://download.bls.gov/pub/time.series/nb/ (series NBU29000000000000228319;NBU29000000000000226320;NBU29000000000000232321)
2003,full-time,all retirement,67,58,87,Computed = participation/access (rounded published %s; approximate),March,Pre-2009 access definition (narrower; BLS broadened definition of access to retirement benefits in March 2009 release) - not strictly comparable with 2009+,"https://www.bls.gov/ebs/publications/pdf/bulletin-2573-january-2005-employee-benefits-in-private-industry-in-the-united-states-2002-2003.pdf (Tables 1-2, March 2003 recalculated)"
2004,full-time,all retirement,68,60,88,Computed = participation/access (rounded published %s; approximate),March,Pre-2009 access definition (narrower; BLS broadened definition of access to retirement benefits in March 2009 release) - not strictly comparable with 2009+,https://www.bls.gov/ebs/publications/pdf/employee-benefits-in-private-industry-in-the-united-states-march-2004.pdf (Tables 1-2)
2005,full-time,all retirement,69,60,87,Computed = participation/access (rounded published %s; approximate),March,Pre-2009 access definition (narrower; BLS broadened definition of access to retirement benefits in March 2009 release) - not strictly comparable with 2009+,https://www.bls.gov/ebs/publications/pdf/employee-benefits-in-private-industry-in-the-united-states-march-2005.pdf (Tables 1-2)
2006,full-time,all retirement,69,60,86,published,March,Pre-2009 access definition (narrower; BLS broadened definition of access to retirement benefits in March 2009 release) - not strictly comparable with 2009+,"https://www.bls.gov/ebs/publications/pdf/employee-benefits-in-private-industry-in-the-united-states-march-2006.pdf (Tables 1, 2, 6)"
2007,full-time,all retirement,70,60,85,published,March,Pre-2009 access definition (narrower; BLS broadened definition of access to retirement benefits in March 2009 release) - not strictly comparable with 2009+,https://www.bls.gov/ebs/publications/pdf/employee-benefits-in-private-industry-in-the-united-states-march-2007.pdf (Table 1)
2008,full-time,all retirement,71,60,85,published,March,Pre-2009 access definition (narrower; BLS broadened definition of access to retirement benefits in March 2009 release) - not strictly comparable with 2009+,"https://www.bls.gov/news.release/archives/ebs2_08072008.htm (Table 1, private industry columns)"
2009,full-time,all retirement,76,61,80,published,March,"First year of broadened access definition (BLS: ""The NCS has broadened the definition of access to retirement benefits"")","https://www.bls.gov/news.release/archives/ebs2_07282009.htm (Table 1, private industry columns)"
2010,full-time,all retirement,74,59,80,published,March,"NCS nb database (2010+), broadened access definition in effect since 2009",https://download.bls.gov/pub/time.series/nb/ (series NBU29000000000002528319;NBU29000000000002526320;NBU29000000000002532321)
2011,full-time,all retirement,73,59,80,published,March,"NCS nb database (2010+), broadened access definition in effect since 2009",https://download.bls.gov/pub/time.series/nb/ (series NBU29000000000002528319;NBU29000000000002526320;NBU29000000000002532321)
2012,full-time,all retirement,74,59,80,published,March,"NCS nb database (2010+), broadened access definition in effect since 2009",https://download.bls.gov/pub/time.series/nb/ (series NBU29000000000002528319;NBU29000000000002526320;NBU29000000000002532321)
2013,full-time,all retirement,74,59,80,published,March,"NCS nb database (2010+), broadened access definition in effect since 2009",https://download.bls.gov/pub/time.series/nb/ (series NBU29000000000002528319;NBU29000000000002526320;NBU29000000000002532321)
2014,full-time,all retirement,74,59,79,published,March,"NCS nb database (2010+), broadened access definition in effect since 2009",https://download.bls.gov/pub/time.series/nb/ (series NBU29000000000002528319;NBU29000000000002526320;NBU29000000000002532321)
2015,full-time,all retirement,76,60,79,published,March,"NCS nb database (2010+), broadened access definition in effect since 2009",https://download.bls.gov/pub/time.series/nb/ (series NBU29000000000002528319;NBU29000000000002526320;NBU29000000000002532321)
2016,full-time,all retirement,77,61,80,published,March,"NCS nb database (2010+), broadened access definition in effect since 2009",https://download.bls.gov/pub/time.series/nb/ (series NBU29000000000002528319;NBU29000000000002526320;NBU29000000000002532321)
2017,full-time,all retirement,77,61,80,published,March,"NCS nb database (2010+), broadened access definition in effect since 2009",https://download.bls.gov/pub/time.series/nb/ (series NBU29000000000002528319;NBU29000000000002526320;NBU29000000000002532321)
2018,full-time,all retirement,77,61,79,published,March,"NCS nb database (2010+), broadened access definition in effect since 2009",https://download.bls.gov/pub/time.series/nb/ (series NBU29000000000002528319;NBU29000000000002526320;NBU29000000000002532321)
2019,full-time,all retirement,77,61,80,published,March,"NCS nb database (2010+), broadened access definition in effect since 2009",https://download.bls.gov/pub/time.series/nb/ (series NBU29000000000002528319;NBU29000000000002526320;NBU29000000000002532321)
2020,full-time,all retirement,77,61,80,published,March,"NCS nb database (2010+), broadened access definition in effect since 2009",https://download.bls.gov/pub/time.series/nb/ (series NBU29000000000002528319;NBU29000000000002526320;NBU29000000000002532321)
2021,full-time,all retirement,78,62,80,published,March,"NCS nb database (2010+), broadened access definition in effect since 2009",https://download.bls.gov/pub/time.series/nb/ (series NBU29000000000002528319;NBU29000000000002526320;NBU29000000000002532321)
2022,full-time,all retirement,78,62,80,published,March,"NCS nb database (2010+), broadened access definition in effect since 2009",https://download.bls.gov/pub/time.series/nb/ (series NBU29000000000002528319;NBU29000000000002526320;NBU29000000000002532321)
2023,full-time,all retirement,79,63,79,published,March,"NCS nb database (2010+), broadened access definition in effect since 2009",https://download.bls.gov/pub/time.series/nb/ (series NBU29000000000002528319;NBU29000000000002526320;NBU29000000000002532321)
2024,full-time,all retirement,80,62,78,published,March,"NCS nb database (2010+), broadened access definition in effect since 2009",https://download.bls.gov/pub/time.series/nb/ (series NBU29000000000002528319;NBU29000000000002526320;NBU29000000000002532321)
2025,full-time,all retirement,81,62,77,published,March,"NCS nb database (2010+), broadened access definition in effect since 2009",https://download.bls.gov/pub/time.series/nb/ (series NBU29000000000002528319;NBU29000000000002526320;NBU29000000000002532321)
2026,full-time,all retirement,81,62,77,published,March,"NCS nb database (2010+), broadened access definition in effect since 2009",https://download.bls.gov/pub/time.series/nb/ (series NBU29000000000002528319;NBU29000000000002526320;NBU29000000000002532321)
2009,highest 25% wage,all retirement,84,75,89,published,March,"First year of broadened access definition (BLS: ""The NCS has broadened the definition of access to retirement benefits"")","https://www.bls.gov/news.release/archives/ebs2_07282009.htm (Table 1, private industry columns)"
2010,highest 25% wage,all retirement,84,75,89,published,March,"NCS nb database (2010+), broadened access definition in effect since 2009",https://download.bls.gov/pub/time.series/nb/ (series NBU29000000000005728319;NBU29000000000005726320;NBU29000000000005732321)
2011,highest 25% wage,all retirement,84,75,89,published,March,"NCS nb database (2010+), broadened access definition in effect since 2009",https://download.bls.gov/pub/time.series/nb/ (series NBU29000000000005728319;NBU29000000000005726320;NBU29000000000005732321)
2012,highest 25% wage,all retirement,85,75,89,published,March,"NCS nb database (2010+), broadened access definition in effect since 2009",https://download.bls.gov/pub/time.series/nb/ (series NBU29000000000005728319;NBU29000000000005726320;NBU29000000000005732321)
2013,highest 25% wage,all retirement,85,76,89,published,March,"NCS nb database (2010+), broadened access definition in effect since 2009",https://download.bls.gov/pub/time.series/nb/ (series NBU29000000000005728319;NBU29000000000005726320;NBU29000000000005732321)
2014,highest 25% wage,all retirement,85,75,88,published,March,"NCS nb database (2010+), broadened access definition in effect since 2009",https://download.bls.gov/pub/time.series/nb/ (series NBU29000000000005728319;NBU29000000000005726320;NBU29000000000005732321)
2015,highest 25% wage,all retirement,86,76,88,published,March,"NCS nb database (2010+), broadened access definition in effect since 2009",https://download.bls.gov/pub/time.series/nb/ (series NBU29000000000005728319;NBU29000000000005726320;NBU29000000000005732321)
2016,highest 25% wage,all retirement,87,77,89,published,March,"NCS nb database (2010+), broadened access definition in effect since 2009",https://download.bls.gov/pub/time.series/nb/ (series NBU29000000000005728319;NBU29000000000005726320;NBU29000000000005732321)
2017,highest 25% wage,all retirement,88,78,89,published,March,"NCS nb database (2010+), broadened access definition in effect since 2009",https://download.bls.gov/pub/time.series/nb/ (series NBU29000000000005728319;NBU29000000000005726320;NBU29000000000005732321)
2018,highest 25% wage,all retirement,87,77,89,published,March,"NCS nb database (2010+), broadened access definition in effect since 2009",https://download.bls.gov/pub/time.series/nb/ (series NBU29000000000005728319;NBU29000000000005726320;NBU29000000000005732321)
2019,highest 25% wage,all retirement,87,77,89,published,March,"NCS nb database (2010+), broadened access definition in effect since 2009",https://download.bls.gov/pub/time.series/nb/ (series NBU29000000000005728319;NBU29000000000005726320;NBU29000000000005732321)
2020,highest 25% wage,all retirement,88,78,89,published,March,"NCS nb database (2010+), broadened access definition in effect since 2009",https://download.bls.gov/pub/time.series/nb/ (series NBU29000000000005728319;NBU29000000000005726320;NBU29000000000005732321)
2021,highest 25% wage,all retirement,90,79,88,published,March,"NCS nb database (2010+), broadened access definition in effect since 2009",https://download.bls.gov/pub/time.series/nb/ (series NBU29000000000005728319;NBU29000000000005726320;NBU29000000000005732321)
2022,highest 25% wage,all retirement,90,80,89,published,March,"NCS nb database (2010+), broadened access definition in effect since 2009",https://download.bls.gov/pub/time.series/nb/ (series NBU29000000000005728319;NBU29000000000005726320;NBU29000000000005732321)
2023,highest 25% wage,all retirement,90,81,90,published,March,"NCS nb database (2010+), broadened access definition in effect since 2009",https://download.bls.gov/pub/time.series/nb/ (series NBU29000000000005728319;NBU29000000000005726320;NBU29000000000005732321)
2024,highest 25% wage,all retirement,90,79,88,published,March,"NCS nb database (2010+), broadened access definition in effect since 2009",https://download.bls.gov/pub/time.series/nb/ (series NBU29000000000005728319;NBU29000000000005726320;NBU29000000000005732321)
2025,highest 25% wage,all retirement,91,80,89,published,March,"NCS nb database (2010+), broadened access definition in effect since 2009",https://download.bls.gov/pub/time.series/nb/ (series NBU29000000000005728319;NBU29000000000005726320;NBU29000000000005732321)
2026,highest 25% wage,all retirement,92,81,88,published,March,"NCS nb database (2010+), broadened access definition in effect since 2009",https://download.bls.gov/pub/time.series/nb/ (series NBU29000000000005728319;NBU29000000000005726320;NBU29000000000005732321)
2009,lowest 25% wage,all retirement,43,23,52,published,March,"First year of broadened access definition (BLS: ""The NCS has broadened the definition of access to retirement benefits"")","https://www.bls.gov/news.release/archives/ebs2_07282009.htm (Table 1, private industry columns)"
2010,lowest 25% wage,all retirement,40,20,50,published,March,"NCS nb database (2010+), broadened access definition in effect since 2009",https://download.bls.gov/pub/time.series/nb/ (series NBU29000000000005628319;NBU29000000000005626320;NBU29000000000005632321)
2011,lowest 25% wage,all retirement,39,19,50,published,March,"NCS nb database (2010+), broadened access definition in effect since 2009",https://download.bls.gov/pub/time.series/nb/ (series NBU29000000000005628319;NBU29000000000005626320;NBU29000000000005632321)
2012,lowest 25% wage,all retirement,38,17,45,published,March,"NCS nb database (2010+), broadened access definition in effect since 2009",https://download.bls.gov/pub/time.series/nb/ (series NBU29000000000005628319;NBU29000000000005626320;NBU29000000000005632321)
2013,lowest 25% wage,all retirement,38,18,48,published,March,"NCS nb database (2010+), broadened access definition in effect since 2009",https://download.bls.gov/pub/time.series/nb/ (series NBU29000000000005628319;NBU29000000000005626320;NBU29000000000005632321)
2014,lowest 25% wage,all retirement,38,19,50,published,March,"NCS nb database (2010+), broadened access definition in effect since 2009",https://download.bls.gov/pub/time.series/nb/ (series NBU29000000000005628319;NBU29000000000005626320;NBU29000000000005632321)
2015,lowest 25% wage,all retirement,40,20,50,published,March,"NCS nb database (2010+), broadened access definition in effect since 2009",https://download.bls.gov/pub/time.series/nb/ (series NBU29000000000005628319;NBU29000000000005626320;NBU29000000000005632321)
2016,lowest 25% wage,all retirement,42,22,53,published,March,"NCS nb database (2010+), broadened access definition in effect since 2009",https://download.bls.gov/pub/time.series/nb/ (series NBU29000000000005628319;NBU29000000000005626320;NBU29000000000005632321)
2017,lowest 25% wage,all retirement,42,22,52,published,March,"NCS nb database (2010+), broadened access definition in effect since 2009",https://download.bls.gov/pub/time.series/nb/ (series NBU29000000000005628319;NBU29000000000005626320;NBU29000000000005632321)
2018,lowest 25% wage,all retirement,44,22,51,published,March,"NCS nb database (2010+), broadened access definition in effect since 2009",https://download.bls.gov/pub/time.series/nb/ (series NBU29000000000005628319;NBU29000000000005626320;NBU29000000000005632321)
2019,lowest 25% wage,all retirement,43,23,54,published,March,"NCS nb database (2010+), broadened access definition in effect since 2009",https://download.bls.gov/pub/time.series/nb/ (series NBU29000000000005628319;NBU29000000000005626320;NBU29000000000005632321)
2020,lowest 25% wage,all retirement,42,22,52,published,March,"NCS nb database (2010+), broadened access definition in effect since 2009",https://download.bls.gov/pub/time.series/nb/ (series NBU29000000000005628319;NBU29000000000005626320;NBU29000000000005632321)
2021,lowest 25% wage,all retirement,44,23,53,published,March,"NCS nb database (2010+), broadened access definition in effect since 2009",https://download.bls.gov/pub/time.series/nb/ (series NBU29000000000005628319;NBU29000000000005626320;NBU29000000000005632321)
2022,lowest 25% wage,all retirement,45,23,52,published,March,"NCS nb database (2010+), broadened access definition in effect since 2009",https://download.bls.gov/pub/time.series/nb/ (series NBU29000000000005628319;NBU29000000000005626320;NBU29000000000005632321)
2023,lowest 25% wage,all retirement,48,25,52,published,March,"NCS nb database (2010+), broadened access definition in effect since 2009",https://download.bls.gov/pub/time.series/nb/ (series NBU29000000000005628319;NBU29000000000005626320;NBU29000000000005632321)
2024,lowest 25% wage,all retirement,52,27,51,published,March,"NCS nb database (2010+), broadened access definition in effect since 2009",https://download.bls.gov/pub/time.series/nb/ (series NBU29000000000005628319;NBU29000000000005626320;NBU29000000000005632321)
2025,lowest 25% wage,all retirement,49,23,47,published,March,"NCS nb database (2010+), broadened access definition in effect since 2009",https://download.bls.gov/pub/time.series/nb/ (series NBU29000000000005628319;NBU29000000000005626320;NBU29000000000005632321)
2026,lowest 25% wage,all retirement,48,22,47,published,March,"NCS nb database (2010+), broadened access definition in effect since 2009",https://download.bls.gov/pub/time.series/nb/ (series NBU29000000000005628319;NBU29000000000005626320;NBU29000000000005632321)
2003,part-time,all retirement,24,18,75,Computed = participation/access (rounded published %s; approximate),March,Pre-2009 access definition (narrower; BLS broadened definition of access to retirement benefits in March 2009 release) - not strictly comparable with 2009+,"https://www.bls.gov/ebs/publications/pdf/bulletin-2573-january-2005-employee-benefits-in-private-industry-in-the-united-states-2002-2003.pdf (Tables 1-2, March 2003 recalculated)"
2004,part-time,all retirement,27,20,74,Computed = participation/access (rounded published %s; approximate),March,Pre-2009 access definition (narrower; BLS broadened definition of access to retirement benefits in March 2009 release) - not strictly comparable with 2009+,https://www.bls.gov/ebs/publications/pdf/employee-benefits-in-private-industry-in-the-united-states-march-2004.pdf (Tables 1-2)
2005,part-time,all retirement,27,19,70,Computed = participation/access (rounded published %s; approximate),March,Pre-2009 access definition (narrower; BLS broadened definition of access to retirement benefits in March 2009 release) - not strictly comparable with 2009+,https://www.bls.gov/ebs/publications/pdf/employee-benefits-in-private-industry-in-the-united-states-march-2005.pdf (Tables 1-2)
2006,part-time,all retirement,29,21,72,published,March,Pre-2009 access definition (narrower; BLS broadened definition of access to retirement benefits in March 2009 release) - not strictly comparable with 2009+,"https://www.bls.gov/ebs/publications/pdf/employee-benefits-in-private-industry-in-the-united-states-march-2006.pdf (Tables 1, 2, 6)"
2007,part-time,all retirement,31,23,73,published,March,Pre-2009 access definition (narrower; BLS broadened definition of access to retirement benefits in March 2009 release) - not strictly comparable with 2009+,https://www.bls.gov/ebs/publications/pdf/employee-benefits-in-private-industry-in-the-united-states-march-2007.pdf (Table 1)
2008,part-time,all retirement,32,23,73,published,March,Pre-2009 access definition (narrower; BLS broadened definition of access to retirement benefits in March 2009 release) - not strictly comparable with 2009+,"https://www.bls.gov/news.release/archives/ebs2_08072008.htm (Table 1, private industry columns)"
2009,part-time,all retirement,39,22,55,published,March,"First year of broadened access definition (BLS: ""The NCS has broadened the definition of access to retirement benefits"")","https://www.bls.gov/news.release/archives/ebs2_07282009.htm (Table 1, private industry columns)"
2010,part-time,all retirement,39,21,54,published,March,"NCS nb database (2010+), broadened access definition in effect since 2009",https://download.bls.gov/pub/time.series/nb/ (series NBU29000000000002628319;NBU29000000000002626320;NBU29000000000002632321)
2011,part-time,all retirement,37,20,54,published,March,"NCS nb database (2010+), broadened access definition in effect since 2009",https://download.bls.gov/pub/time.series/nb/ (series NBU29000000000002628319;NBU29000000000002626320;NBU29000000000002632321)
2012,part-time,all retirement,38,19,50,published,March,"NCS nb database (2010+), broadened access definition in effect since 2009",https://download.bls.gov/pub/time.series/nb/ (series NBU29000000000002628319;NBU29000000000002626320;NBU29000000000002632321)
2013,part-time,all retirement,37,20,54,published,March,"NCS nb database (2010+), broadened access definition in effect since 2009",https://download.bls.gov/pub/time.series/nb/ (series NBU29000000000002628319;NBU29000000000002626320;NBU29000000000002632321)
2014,part-time,all retirement,37,20,54,published,March,"NCS nb database (2010+), broadened access definition in effect since 2009",https://download.bls.gov/pub/time.series/nb/ (series NBU29000000000002628319;NBU29000000000002626320;NBU29000000000002632321)
2015,part-time,all retirement,37,20,54,published,March,"NCS nb database (2010+), broadened access definition in effect since 2009",https://download.bls.gov/pub/time.series/nb/ (series NBU29000000000002628319;NBU29000000000002626320;NBU29000000000002632321)
2016,part-time,all retirement,37,21,57,published,March,"NCS nb database (2010+), broadened access definition in effect since 2009",https://download.bls.gov/pub/time.series/nb/ (series NBU29000000000002628319;NBU29000000000002626320;NBU29000000000002632321)
2017,part-time,all retirement,38,21,57,published,March,"NCS nb database (2010+), broadened access definition in effect since 2009",https://download.bls.gov/pub/time.series/nb/ (series NBU29000000000002628319;NBU29000000000002626320;NBU29000000000002632321)
2018,part-time,all retirement,39,22,56,published,March,"NCS nb database (2010+), broadened access definition in effect since 2009",https://download.bls.gov/pub/time.series/nb/ (series NBU29000000000002628319;NBU29000000000002626320;NBU29000000000002632321)
2019,part-time,all retirement,39,22,57,published,March,"NCS nb database (2010+), broadened access definition in effect since 2009",https://download.bls.gov/pub/time.series/nb/ (series NBU29000000000002628319;NBU29000000000002626320;NBU29000000000002632321)
2020,part-time,all retirement,39,20,52,published,March,"NCS nb database (2010+), broadened access definition in effect since 2009",https://download.bls.gov/pub/time.series/nb/ (series NBU29000000000002628319;NBU29000000000002626320;NBU29000000000002632321)
2021,part-time,all retirement,41,21,50,published,March,"NCS nb database (2010+), broadened access definition in effect since 2009",https://download.bls.gov/pub/time.series/nb/ (series NBU29000000000002628319;NBU29000000000002626320;NBU29000000000002632321)
2022,part-time,all retirement,43,20,48,published,March,"NCS nb database (2010+), broadened access definition in effect since 2009",https://download.bls.gov/pub/time.series/nb/ (series NBU29000000000002628319;NBU29000000000002626320;NBU29000000000002632321)
2023,part-time,all retirement,44,22,51,published,March,"NCS nb database (2010+), broadened access definition in effect since 2009",https://download.bls.gov/pub/time.series/nb/ (series NBU29000000000002628319;NBU29000000000002626320;NBU29000000000002632321)
2024,part-time,all retirement,47,24,51,published,March,"NCS nb database (2010+), broadened access definition in effect since 2009",https://download.bls.gov/pub/time.series/nb/ (series NBU29000000000002628319;NBU29000000000002626320;NBU29000000000002632321)
2025,part-time,all retirement,47,23,49,published,March,"NCS nb database (2010+), broadened access definition in effect since 2009",https://download.bls.gov/pub/time.series/nb/ (series NBU29000000000002628319;NBU29000000000002626320;NBU29000000000002632321)
2026,part-time,all retirement,44,20,46,published,March,"NCS nb database (2010+), broadened access definition in effect since 2009",https://download.bls.gov/pub/time.series/nb/ (series NBU29000000000002628319;NBU29000000000002626320;NBU29000000000002632321)
2003,all private industry,defined contribution,51,40,78,Computed = participation/access (rounded published %s; approximate),March,Pre-2009 access definition (narrower; BLS broadened definition of access to retirement benefits in March 2009 release) - not strictly comparable with 2009+,"https://www.bls.gov/ebs/publications/pdf/bulletin-2573-january-2005-employee-benefits-in-private-industry-in-the-united-states-2002-2003.pdf (Tables 1-2, March 2003 recalculated)"
2004,all private industry,defined contribution,53,42,79,Computed = participation/access (rounded published %s; approximate),March,Pre-2009 access definition (narrower; BLS broadened definition of access to retirement benefits in March 2009 release) - not strictly comparable with 2009+,https://www.bls.gov/ebs/publications/pdf/employee-benefits-in-private-industry-in-the-united-states-march-2004.pdf (Tables 1-2)
2005,all private industry,defined contribution,53,42,79,Computed = participation/access (rounded published %s; approximate),March,Pre-2009 access definition (narrower; BLS broadened definition of access to retirement benefits in March 2009 release) - not strictly comparable with 2009+,https://www.bls.gov/ebs/publications/pdf/employee-benefits-in-private-industry-in-the-united-states-march-2005.pdf (Tables 1-2)
2006,all private industry,defined contribution,54,43,79,published,March,Pre-2009 access definition (narrower; BLS broadened definition of access to retirement benefits in March 2009 release) - not strictly comparable with 2009+,"https://www.bls.gov/ebs/publications/pdf/employee-benefits-in-private-industry-in-the-united-states-march-2006.pdf (Tables 1, 2, 6)"
2007,all private industry,defined contribution,55,43,77,published,March,Pre-2009 access definition (narrower; BLS broadened definition of access to retirement benefits in March 2009 release) - not strictly comparable with 2009+,https://www.bls.gov/ebs/publications/pdf/employee-benefits-in-private-industry-in-the-united-states-march-2007.pdf (Table 1)
2010,all private industry,defined contribution,59,41,70,published,March,"NCS nb database (2010+), broadened access definition in effect since 2009",https://download.bls.gov/pub/time.series/nb/ (series NBU22000000000000028312;NBU29000000000000026313;NBU29000000000000032314)
2011,all private industry,defined contribution,58,41,70,published,March,"NCS nb database (2010+), broadened access definition in effect since 2009",https://download.bls.gov/pub/time.series/nb/ (series NBU22000000000000028312;NBU29000000000000026313;NBU29000000000000032314)
2012,all private industry,defined contribution,59,41,70,published,March,"NCS nb database (2010+), broadened access definition in effect since 2009",https://download.bls.gov/pub/time.series/nb/ (series NBU22000000000000028312;NBU29000000000000026313;NBU29000000000000032314)
2013,all private industry,defined contribution,59,42,72,published,March,"NCS nb database (2010+), broadened access definition in effect since 2009",https://download.bls.gov/pub/time.series/nb/ (series NBU22000000000000028312;NBU29000000000000026313;NBU29000000000000032314)
2014,all private industry,defined contribution,60,43,71,published,March,"NCS nb database (2010+), broadened access definition in effect since 2009",https://download.bls.gov/pub/time.series/nb/ (series NBU22000000000000028312;NBU29000000000000026313;NBU29000000000000032314)
2015,all private industry,defined contribution,61,44,72,published,March,"NCS nb database (2010+), broadened access definition in effect since 2009",https://download.bls.gov/pub/time.series/nb/ (series NBU22000000000000028312;NBU29000000000000026313;NBU29000000000000032314)
2016,all private industry,defined contribution,62,45,73,published,March,"NCS nb database (2010+), broadened access definition in effect since 2009",https://download.bls.gov/pub/time.series/nb/ (series NBU22000000000000028312;NBU29000000000000026313;NBU29000000000000032314)
2017,all private industry,defined contribution,62,45,73,published,March,"NCS nb database (2010+), broadened access definition in effect since 2009",https://download.bls.gov/pub/time.series/nb/ (series NBU22000000000000028312;NBU29000000000000026313;NBU29000000000000032314)
2018,all private industry,defined contribution,64,47,73,published,March,"NCS nb database (2010+), broadened access definition in effect since 2009",https://download.bls.gov/pub/time.series/nb/ (series NBU22000000000000028312;NBU29000000000000026313;NBU29000000000000032314)
2019,all private industry,defined contribution,64,47,74,published,March,"NCS nb database (2010+), broadened access definition in effect since 2009",https://download.bls.gov/pub/time.series/nb/ (series NBU22000000000000028312;NBU29000000000000026313;NBU29000000000000032314)
2020,all private industry,defined contribution,64,47,74,published,March,"NCS nb database (2010+), broadened access definition in effect since 2009",https://download.bls.gov/pub/time.series/nb/ (series NBU22000000000000028312;NBU29000000000000026313;NBU29000000000000032314)
2021,all private industry,defined contribution,65,47,73,published,March,"NCS nb database (2010+), broadened access definition in effect since 2009",https://download.bls.gov/pub/time.series/nb/ (series NBU22000000000000028312;NBU29000000000000026313;NBU29000000000000032314)
2022,all private industry,defined contribution,66,48,73,published,March,"NCS nb database (2010+), broadened access definition in effect since 2009",https://download.bls.gov/pub/time.series/nb/ (series NBU22000000000000028312;NBU29000000000000026313;NBU29000000000000032314)
2023,all private industry,defined contribution,67,49,73,published,March,"NCS nb database (2010+), broadened access definition in effect since 2009",https://download.bls.gov/pub/time.series/nb/ (series NBU22000000000000028312;NBU29000000000000026313;NBU29000000000000032314)
2024,all private industry,defined contribution,70,50,71,published,March,"NCS nb database (2010+), broadened access definition in effect since 2009",https://download.bls.gov/pub/time.series/nb/ (series NBU22000000000000028312;NBU29000000000000026313;NBU29000000000000032314)
2025,all private industry,defined contribution,70,50,71,published,March,"NCS nb database (2010+), broadened access definition in effect since 2009",https://download.bls.gov/pub/time.series/nb/ (series NBU22000000000000028312;NBU29000000000000026313;NBU29000000000000032314)
2026,all private industry,defined contribution,70,49,70,published,March,"NCS nb database (2010+), broadened access definition in effect since 2009",https://download.bls.gov/pub/time.series/nb/ (series NBU22000000000000028312;NBU29000000000000026313;NBU29000000000000032314)
2003,establishments 100+ workers,defined contribution,65,51,78,Computed = participation/access (rounded published %s; approximate),March,Pre-2009 access definition (narrower; BLS broadened definition of access to retirement benefits in March 2009 release) - not strictly comparable with 2009+,"https://www.bls.gov/ebs/publications/pdf/bulletin-2573-january-2005-employee-benefits-in-private-industry-in-the-united-states-2002-2003.pdf (Tables 1-2, March 2003 recalculated)"
2004,establishments 100+ workers,defined contribution,68,53,78,Computed = participation/access (rounded published %s; approximate),March,Pre-2009 access definition (narrower; BLS broadened definition of access to retirement benefits in March 2009 release) - not strictly comparable with 2009+,https://www.bls.gov/ebs/publications/pdf/employee-benefits-in-private-industry-in-the-united-states-march-2004.pdf (Tables 1-2)
2005,establishments 100+ workers,defined contribution,69,53,77,Computed = participation/access (rounded published %s; approximate),March,Pre-2009 access definition (narrower; BLS broadened definition of access to retirement benefits in March 2009 release) - not strictly comparable with 2009+,https://www.bls.gov/ebs/publications/pdf/employee-benefits-in-private-industry-in-the-united-states-march-2005.pdf (Tables 1-2)
2006,establishments 100+ workers,defined contribution,70,54,77,published,March,Pre-2009 access definition (narrower; BLS broadened definition of access to retirement benefits in March 2009 release) - not strictly comparable with 2009+,"https://www.bls.gov/ebs/publications/pdf/employee-benefits-in-private-industry-in-the-united-states-march-2006.pdf (Tables 1, 2, 6)"
2007,establishments 100+ workers,defined contribution,70,53,76,published,March,Pre-2009 access definition (narrower; BLS broadened definition of access to retirement benefits in March 2009 release) - not strictly comparable with 2009+,https://www.bls.gov/ebs/publications/pdf/employee-benefits-in-private-industry-in-the-united-states-march-2007.pdf (Table 1)
2010,establishments 100+ workers,defined contribution,72,54,74,published,March,"NCS nb database (2010+), broadened access definition in effect since 2009",https://download.bls.gov/pub/time.series/nb/ (series NBU22000000000000528312;NBU29000000000000526313;NBU29000000000000532314)
2011,establishments 100+ workers,defined contribution,73,54,74,published,March,"NCS nb database (2010+), broadened access definition in effect since 2009",https://download.bls.gov/pub/time.series/nb/ (series NBU22000000000000528312;NBU29000000000000526313;NBU29000000000000532314)
2012,establishments 100+ workers,defined contribution,74,54,73,published,March,"NCS nb database (2010+), broadened access definition in effect since 2009",https://download.bls.gov/pub/time.series/nb/ (series NBU22000000000000528312;NBU29000000000000526313;NBU29000000000000532314)
2013,establishments 100+ workers,defined contribution,75,55,74,published,March,"NCS nb database (2010+), broadened access definition in effect since 2009",https://download.bls.gov/pub/time.series/nb/ (series NBU22000000000000528312;NBU29000000000000526313;NBU29000000000000532314)
2014,establishments 100+ workers,defined contribution,75,55,74,published,March,"NCS nb database (2010+), broadened access definition in effect since 2009",https://download.bls.gov/pub/time.series/nb/ (series NBU22000000000000528312;NBU29000000000000526313;NBU29000000000000532314)
2015,establishments 100+ workers,defined contribution,77,58,75,published,March,"NCS nb database (2010+), broadened access definition in effect since 2009",https://download.bls.gov/pub/time.series/nb/ (series NBU22000000000000528312;NBU29000000000000526313;NBU29000000000000532314)
2016,establishments 100+ workers,defined contribution,77,59,77,published,March,"NCS nb database (2010+), broadened access definition in effect since 2009",https://download.bls.gov/pub/time.series/nb/ (series NBU22000000000000528312;NBU29000000000000526313;NBU29000000000000532314)
2017,establishments 100+ workers,defined contribution,76,58,76,published,March,"NCS nb database (2010+), broadened access definition in effect since 2009",https://download.bls.gov/pub/time.series/nb/ (series NBU22000000000000528312;NBU29000000000000526313;NBU29000000000000532314)
2018,establishments 100+ workers,defined contribution,79,60,76,published,March,"NCS nb database (2010+), broadened access definition in effect since 2009",https://download.bls.gov/pub/time.series/nb/ (series NBU22000000000000528312;NBU29000000000000526313;NBU29000000000000532314)
2019,establishments 100+ workers,defined contribution,78,61,78,published,March,"NCS nb database (2010+), broadened access definition in effect since 2009",https://download.bls.gov/pub/time.series/nb/ (series NBU22000000000000528312;NBU29000000000000526313;NBU29000000000000532314)
2020,establishments 100+ workers,defined contribution,78,61,78,published,March,"NCS nb database (2010+), broadened access definition in effect since 2009",https://download.bls.gov/pub/time.series/nb/ (series NBU22000000000000528312;NBU29000000000000526313;NBU29000000000000532314)
2021,establishments 100+ workers,defined contribution,79,62,78,published,March,"NCS nb database (2010+), broadened access definition in effect since 2009",https://download.bls.gov/pub/time.series/nb/ (series NBU22000000000000528312;NBU29000000000000526313;NBU29000000000000532314)
2022,establishments 100+ workers,defined contribution,80,62,77,published,March,"NCS nb database (2010+), broadened access definition in effect since 2009",https://download.bls.gov/pub/time.series/nb/ (series NBU22000000000000528312;NBU29000000000000526313;NBU29000000000000532314)
2023,establishments 100+ workers,defined contribution,81,62,76,published,March,"NCS nb database (2010+), broadened access definition in effect since 2009",https://download.bls.gov/pub/time.series/nb/ (series NBU22000000000000528312;NBU29000000000000526313;NBU29000000000000532314)
2024,establishments 100+ workers,defined contribution,85,64,75,published,March,"NCS nb database (2010+), broadened access definition in effect since 2009",https://download.bls.gov/pub/time.series/nb/ (series NBU22000000000000528312;NBU29000000000000526313;NBU29000000000000532314)
2025,establishments 100+ workers,defined contribution,85,63,75,published,March,"NCS nb database (2010+), broadened access definition in effect since 2009",https://download.bls.gov/pub/time.series/nb/ (series NBU22000000000000528312;NBU29000000000000526313;NBU29000000000000532314)
2026,establishments 100+ workers,defined contribution,84,63,75,published,March,"NCS nb database (2010+), broadened access definition in effect since 2009",https://download.bls.gov/pub/time.series/nb/ (series NBU22000000000000528312;NBU29000000000000526313;NBU29000000000000532314)
2010,establishments 100-499 workers,defined contribution,70,51,72,published,March,"NCS nb database (2010+), broadened access definition in effect since 2009",https://download.bls.gov/pub/time.series/nb/ (series NBU22000000000000628312;NBU29000000000000626313;NBU29000000000000632314)
2011,establishments 100-499 workers,defined contribution,69,49,71,published,March,"NCS nb database (2010+), broadened access definition in effect since 2009",https://download.bls.gov/pub/time.series/nb/ (series NBU22000000000000628312;NBU29000000000000626313;NBU29000000000000632314)
2012,establishments 100-499 workers,defined contribution,71,49,69,published,March,"NCS nb database (2010+), broadened access definition in effect since 2009",https://download.bls.gov/pub/time.series/nb/ (series NBU22000000000000628312;NBU29000000000000626313;NBU29000000000000632314)
2013,establishments 100-499 workers,defined contribution,72,51,70,published,March,"NCS nb database (2010+), broadened access definition in effect since 2009",https://download.bls.gov/pub/time.series/nb/ (series NBU22000000000000628312;NBU29000000000000626313;NBU29000000000000632314)
2014,establishments 100-499 workers,defined contribution,72,50,69,published,March,"NCS nb database (2010+), broadened access definition in effect since 2009",https://download.bls.gov/pub/time.series/nb/ (series NBU22000000000000628312;NBU29000000000000626313;NBU29000000000000632314)
2015,establishments 100-499 workers,defined contribution,74,53,72,published,March,"NCS nb database (2010+), broadened access definition in effect since 2009",https://download.bls.gov/pub/time.series/nb/ (series NBU22000000000000628312;NBU29000000000000626313;NBU29000000000000632314)
2016,establishments 100-499 workers,defined contribution,74,55,74,published,March,"NCS nb database (2010+), broadened access definition in effect since 2009",https://download.bls.gov/pub/time.series/nb/ (series NBU22000000000000628312;NBU29000000000000626313;NBU29000000000000632314)
2017,establishments 100-499 workers,defined contribution,72,53,73,published,March,"NCS nb database (2010+), broadened access definition in effect since 2009",https://download.bls.gov/pub/time.series/nb/ (series NBU22000000000000628312;NBU29000000000000626313;NBU29000000000000632314)
2018,establishments 100-499 workers,defined contribution,77,55,72,published,March,"NCS nb database (2010+), broadened access definition in effect since 2009",https://download.bls.gov/pub/time.series/nb/ (series NBU22000000000000628312;NBU29000000000000626313;NBU29000000000000632314)
2019,establishments 100-499 workers,defined contribution,75,55,73,published,March,"NCS nb database (2010+), broadened access definition in effect since 2009",https://download.bls.gov/pub/time.series/nb/ (series NBU22000000000000628312;NBU29000000000000626313;NBU29000000000000632314)
2020,establishments 100-499 workers,defined contribution,76,56,74,published,March,"NCS nb database (2010+), broadened access definition in effect since 2009",https://download.bls.gov/pub/time.series/nb/ (series NBU22000000000000628312;NBU29000000000000626313;NBU29000000000000632314)
2021,establishments 100-499 workers,defined contribution,76,55,72,published,March,"NCS nb database (2010+), broadened access definition in effect since 2009",https://download.bls.gov/pub/time.series/nb/ (series NBU22000000000000628312;NBU29000000000000626313;NBU29000000000000632314)
2022,establishments 100-499 workers,defined contribution,78,55,71,published,March,"NCS nb database (2010+), broadened access definition in effect since 2009",https://download.bls.gov/pub/time.series/nb/ (series NBU22000000000000628312;NBU29000000000000626313;NBU29000000000000632314)
2023,establishments 100-499 workers,defined contribution,79,55,70,published,March,"NCS nb database (2010+), broadened access definition in effect since 2009",https://download.bls.gov/pub/time.series/nb/ (series NBU22000000000000628312;NBU29000000000000626313;NBU29000000000000632314)
2024,establishments 100-499 workers,defined contribution,84,57,68,published,March,"NCS nb database (2010+), broadened access definition in effect since 2009",https://download.bls.gov/pub/time.series/nb/ (series NBU22000000000000628312;NBU29000000000000626313;NBU29000000000000632314)
2025,establishments 100-499 workers,defined contribution,83,57,68,published,March,"NCS nb database (2010+), broadened access definition in effect since 2009",https://download.bls.gov/pub/time.series/nb/ (series NBU22000000000000628312;NBU29000000000000626313;NBU29000000000000632314)
2026,establishments 100-499 workers,defined contribution,82,57,70,published,March,"NCS nb database (2010+), broadened access definition in effect since 2009",https://download.bls.gov/pub/time.series/nb/ (series NBU22000000000000628312;NBU29000000000000626313;NBU29000000000000632314)
2010,establishments 50-99 workers,defined contribution,58,38,65,published,March,"NCS nb database (2010+), broadened access definition in effect since 2009",https://download.bls.gov/pub/time.series/nb/ (series NBU22000000000000428312;NBU29000000000000426313;NBU29000000000000432314)
2011,establishments 50-99 workers,defined contribution,57,35,62,published,March,"NCS nb database (2010+), broadened access definition in effect since 2009",https://download.bls.gov/pub/time.series/nb/ (series NBU22000000000000428312;NBU29000000000000426313;NBU29000000000000432314)
2012,establishments 50-99 workers,defined contribution,58,38,65,published,March,"NCS nb database (2010+), broadened access definition in effect since 2009",https://download.bls.gov/pub/time.series/nb/ (series NBU22000000000000428312;NBU29000000000000426313;NBU29000000000000432314)
2013,establishments 50-99 workers,defined contribution,58,38,65,published,March,"NCS nb database (2010+), broadened access definition in effect since 2009",https://download.bls.gov/pub/time.series/nb/ (series NBU22000000000000428312;NBU29000000000000426313;NBU29000000000000432314)
2014,establishments 50-99 workers,defined contribution,58,38,66,published,March,"NCS nb database (2010+), broadened access definition in effect since 2009",https://download.bls.gov/pub/time.series/nb/ (series NBU22000000000000428312;NBU29000000000000426313;NBU29000000000000432314)
2015,establishments 50-99 workers,defined contribution,60,39,65,published,March,"NCS nb database (2010+), broadened access definition in effect since 2009",https://download.bls.gov/pub/time.series/nb/ (series NBU22000000000000428312;NBU29000000000000426313;NBU29000000000000432314)
2016,establishments 50-99 workers,defined contribution,60,40,68,published,March,"NCS nb database (2010+), broadened access definition in effect since 2009",https://download.bls.gov/pub/time.series/nb/ (series NBU22000000000000428312;NBU29000000000000426313;NBU29000000000000432314)
2017,establishments 50-99 workers,defined contribution,60,41,69,published,March,"NCS nb database (2010+), broadened access definition in effect since 2009",https://download.bls.gov/pub/time.series/nb/ (series NBU22000000000000428312;NBU29000000000000426313;NBU29000000000000432314)
2018,establishments 50-99 workers,defined contribution,62,42,68,published,March,"NCS nb database (2010+), broadened access definition in effect since 2009",https://download.bls.gov/pub/time.series/nb/ (series NBU22000000000000428312;NBU29000000000000426313;NBU29000000000000432314)
2019,establishments 50-99 workers,defined contribution,63,42,67,published,March,"NCS nb database (2010+), broadened access definition in effect since 2009",https://download.bls.gov/pub/time.series/nb/ (series NBU22000000000000428312;NBU29000000000000426313;NBU29000000000000432314)
2020,establishments 50-99 workers,defined contribution,66,43,65,published,March,"NCS nb database (2010+), broadened access definition in effect since 2009",https://download.bls.gov/pub/time.series/nb/ (series NBU22000000000000428312;NBU29000000000000426313;NBU29000000000000432314)
2021,establishments 50-99 workers,defined contribution,68,48,71,published,March,"NCS nb database (2010+), broadened access definition in effect since 2009",https://download.bls.gov/pub/time.series/nb/ (series NBU22000000000000428312;NBU29000000000000426313;NBU29000000000000432314)
2022,establishments 50-99 workers,defined contribution,66,46,70,published,March,"NCS nb database (2010+), broadened access definition in effect since 2009",https://download.bls.gov/pub/time.series/nb/ (series NBU22000000000000428312;NBU29000000000000426313;NBU29000000000000432314)
2023,establishments 50-99 workers,defined contribution,68,47,68,published,March,"NCS nb database (2010+), broadened access definition in effect since 2009",https://download.bls.gov/pub/time.series/nb/ (series NBU22000000000000428312;NBU29000000000000426313;NBU29000000000000432314)
2024,establishments 50-99 workers,defined contribution,67,42,63,published,March,"NCS nb database (2010+), broadened access definition in effect since 2009",https://download.bls.gov/pub/time.series/nb/ (series NBU22000000000000428312;NBU29000000000000426313;NBU29000000000000432314)
2025,establishments 50-99 workers,defined contribution,69,42,61,published,March,"NCS nb database (2010+), broadened access definition in effect since 2009",https://download.bls.gov/pub/time.series/nb/ (series NBU22000000000000428312;NBU29000000000000426313;NBU29000000000000432314)
2026,establishments 50-99 workers,defined contribution,70,42,61,published,March,"NCS nb database (2010+), broadened access definition in effect since 2009",https://download.bls.gov/pub/time.series/nb/ (series NBU22000000000000428312;NBU29000000000000426313;NBU29000000000000432314)
2010,establishments 500+ workers,defined contribution,75,58,77,published,March,"NCS nb database (2010+), broadened access definition in effect since 2009",https://download.bls.gov/pub/time.series/nb/ (series NBU22000000000000728312;NBU29000000000000726313;NBU29000000000000732314)
2011,establishments 500+ workers,defined contribution,77,60,77,published,March,"NCS nb database (2010+), broadened access definition in effect since 2009",https://download.bls.gov/pub/time.series/nb/ (series NBU22000000000000728312;NBU29000000000000726313;NBU29000000000000732314)
2012,establishments 500+ workers,defined contribution,78,61,78,published,March,"NCS nb database (2010+), broadened access definition in effect since 2009",https://download.bls.gov/pub/time.series/nb/ (series NBU22000000000000728312;NBU29000000000000726313;NBU29000000000000732314)
2013,establishments 500+ workers,defined contribution,78,62,79,published,March,"NCS nb database (2010+), broadened access definition in effect since 2009",https://download.bls.gov/pub/time.series/nb/ (series NBU22000000000000728312;NBU29000000000000726313;NBU29000000000000732314)
2014,establishments 500+ workers,defined contribution,80,63,79,published,March,"NCS nb database (2010+), broadened access definition in effect since 2009",https://download.bls.gov/pub/time.series/nb/ (series NBU22000000000000728312;NBU29000000000000726313;NBU29000000000000732314)
2015,establishments 500+ workers,defined contribution,82,66,80,published,March,"NCS nb database (2010+), broadened access definition in effect since 2009",https://download.bls.gov/pub/time.series/nb/ (series NBU22000000000000728312;NBU29000000000000726313;NBU29000000000000732314)
2016,establishments 500+ workers,defined contribution,82,66,80,published,March,"NCS nb database (2010+), broadened access definition in effect since 2009",https://download.bls.gov/pub/time.series/nb/ (series NBU22000000000000728312;NBU29000000000000726313;NBU29000000000000732314)
2017,establishments 500+ workers,defined contribution,83,67,80,published,March,"NCS nb database (2010+), broadened access definition in effect since 2009",https://download.bls.gov/pub/time.series/nb/ (series NBU22000000000000728312;NBU29000000000000726313;NBU29000000000000732314)
2018,establishments 500+ workers,defined contribution,82,68,83,published,March,"NCS nb database (2010+), broadened access definition in effect since 2009",https://download.bls.gov/pub/time.series/nb/ (series NBU22000000000000728312;NBU29000000000000726313;NBU29000000000000732314)
2019,establishments 500+ workers,defined contribution,82,69,84,published,March,"NCS nb database (2010+), broadened access definition in effect since 2009",https://download.bls.gov/pub/time.series/nb/ (series NBU22000000000000728312;NBU29000000000000726313;NBU29000000000000732314)
2020,establishments 500+ workers,defined contribution,82,69,85,published,March,"NCS nb database (2010+), broadened access definition in effect since 2009",https://download.bls.gov/pub/time.series/nb/ (series NBU22000000000000728312;NBU29000000000000726313;NBU29000000000000732314)
2021,establishments 500+ workers,defined contribution,85,71,84,published,March,"NCS nb database (2010+), broadened access definition in effect since 2009",https://download.bls.gov/pub/time.series/nb/ (series NBU22000000000000728312;NBU29000000000000726313;NBU29000000000000732314)
2022,establishments 500+ workers,defined contribution,84,70,83,published,March,"NCS nb database (2010+), broadened access definition in effect since 2009",https://download.bls.gov/pub/time.series/nb/ (series NBU22000000000000728312;NBU29000000000000726313;NBU29000000000000732314)
2023,establishments 500+ workers,defined contribution,85,71,84,published,March,"NCS nb database (2010+), broadened access definition in effect since 2009",https://download.bls.gov/pub/time.series/nb/ (series NBU22000000000000728312;NBU29000000000000726313;NBU29000000000000732314)
2024,establishments 500+ workers,defined contribution,86,72,84,published,March,"NCS nb database (2010+), broadened access definition in effect since 2009",https://download.bls.gov/pub/time.series/nb/ (series NBU22000000000000728312;NBU29000000000000726313;NBU29000000000000732314)
2025,establishments 500+ workers,defined contribution,87,71,82,published,March,"NCS nb database (2010+), broadened access definition in effect since 2009",https://download.bls.gov/pub/time.series/nb/ (series NBU22000000000000728312;NBU29000000000000726313;NBU29000000000000732314)
2026,establishments 500+ workers,defined contribution,87,70,81,published,March,"NCS nb database (2010+), broadened access definition in effect since 2009",https://download.bls.gov/pub/time.series/nb/ (series NBU22000000000000728312;NBU29000000000000726313;NBU29000000000000732314)
2003,establishments <100 workers,defined contribution,38,31,82,Computed = participation/access (rounded published %s; approximate),March,Pre-2009 access definition (narrower; BLS broadened definition of access to retirement benefits in March 2009 release) - not strictly comparable with 2009+,"https://www.bls.gov/ebs/publications/pdf/bulletin-2573-january-2005-employee-benefits-in-private-industry-in-the-united-states-2002-2003.pdf (Tables 1-2, March 2003 recalculated)"
2004,establishments <100 workers,defined contribution,40,32,80,Computed = participation/access (rounded published %s; approximate),March,Pre-2009 access definition (narrower; BLS broadened definition of access to retirement benefits in March 2009 release) - not strictly comparable with 2009+,https://www.bls.gov/ebs/publications/pdf/employee-benefits-in-private-industry-in-the-united-states-march-2004.pdf (Tables 1-2)
2005,establishments <100 workers,defined contribution,40,32,80,Computed = participation/access (rounded published %s; approximate),March,Pre-2009 access definition (narrower; BLS broadened definition of access to retirement benefits in March 2009 release) - not strictly comparable with 2009+,https://www.bls.gov/ebs/publications/pdf/employee-benefits-in-private-industry-in-the-united-states-march-2005.pdf (Tables 1-2)
2006,establishments <100 workers,defined contribution,41,33,81,published,March,Pre-2009 access definition (narrower; BLS broadened definition of access to retirement benefits in March 2009 release) - not strictly comparable with 2009+,"https://www.bls.gov/ebs/publications/pdf/employee-benefits-in-private-industry-in-the-united-states-march-2006.pdf (Tables 1, 2, 6)"
2007,establishments <100 workers,defined contribution,42,33,79,published,March,Pre-2009 access definition (narrower; BLS broadened definition of access to retirement benefits in March 2009 release) - not strictly comparable with 2009+,https://www.bls.gov/ebs/publications/pdf/employee-benefits-in-private-industry-in-the-united-states-march-2007.pdf (Table 1)
2010,establishments <100 workers,defined contribution,47,31,65,published,March,"NCS nb database (2010+), broadened access definition in effect since 2009",https://download.bls.gov/pub/time.series/nb/ (series NBU22000000000000128312;NBU29000000000000126313;NBU29000000000000132314)
2011,establishments <100 workers,defined contribution,46,30,65,published,March,"NCS nb database (2010+), broadened access definition in effect since 2009",https://download.bls.gov/pub/time.series/nb/ (series NBU22000000000000128312;NBU29000000000000126313;NBU29000000000000132314)
2012,establishments <100 workers,defined contribution,47,31,66,published,March,"NCS nb database (2010+), broadened access definition in effect since 2009",https://download.bls.gov/pub/time.series/nb/ (series NBU22000000000000128312;NBU29000000000000126313;NBU29000000000000132314)
2013,establishments <100 workers,defined contribution,46,32,68,published,March,"NCS nb database (2010+), broadened access definition in effect since 2009",https://download.bls.gov/pub/time.series/nb/ (series NBU22000000000000128312;NBU29000000000000126313;NBU29000000000000132314)
2014,establishments <100 workers,defined contribution,47,32,68,published,March,"NCS nb database (2010+), broadened access definition in effect since 2009",https://download.bls.gov/pub/time.series/nb/ (series NBU22000000000000128312;NBU29000000000000126313;NBU29000000000000132314)
2015,establishments <100 workers,defined contribution,48,33,67,published,March,"NCS nb database (2010+), broadened access definition in effect since 2009",https://download.bls.gov/pub/time.series/nb/ (series NBU22000000000000128312;NBU29000000000000126313;NBU29000000000000132314)
2016,establishments <100 workers,defined contribution,49,34,69,published,March,"NCS nb database (2010+), broadened access definition in effect since 2009",https://download.bls.gov/pub/time.series/nb/ (series NBU22000000000000128312;NBU29000000000000126313;NBU29000000000000132314)
2017,establishments <100 workers,defined contribution,50,35,69,published,March,"NCS nb database (2010+), broadened access definition in effect since 2009",https://download.bls.gov/pub/time.series/nb/ (series NBU22000000000000128312;NBU29000000000000126313;NBU29000000000000132314)
2018,establishments <100 workers,defined contribution,51,35,69,published,March,"NCS nb database (2010+), broadened access definition in effect since 2009",https://download.bls.gov/pub/time.series/nb/ (series NBU22000000000000128312;NBU29000000000000126313;NBU29000000000000132314)
2019,establishments <100 workers,defined contribution,52,36,69,published,March,"NCS nb database (2010+), broadened access definition in effect since 2009",https://download.bls.gov/pub/time.series/nb/ (series NBU22000000000000128312;NBU29000000000000126313;NBU29000000000000132314)
2020,establishments <100 workers,defined contribution,51,35,67,published,March,"NCS nb database (2010+), broadened access definition in effect since 2009",https://download.bls.gov/pub/time.series/nb/ (series NBU22000000000000128312;NBU29000000000000126313;NBU29000000000000132314)
2021,establishments <100 workers,defined contribution,54,36,67,published,March,"NCS nb database (2010+), broadened access definition in effect since 2009",https://download.bls.gov/pub/time.series/nb/ (series NBU22000000000000128312;NBU29000000000000126313;NBU29000000000000132314)
2022,establishments <100 workers,defined contribution,54,37,67,published,March,"NCS nb database (2010+), broadened access definition in effect since 2009",https://download.bls.gov/pub/time.series/nb/ (series NBU22000000000000128312;NBU29000000000000126313;NBU29000000000000132314)
2023,establishments <100 workers,defined contribution,56,38,69,published,March,"NCS nb database (2010+), broadened access definition in effect since 2009",https://download.bls.gov/pub/time.series/nb/ (series NBU22000000000000128312;NBU29000000000000126313;NBU29000000000000132314)
2024,establishments <100 workers,defined contribution,57,38,67,published,March,"NCS nb database (2010+), broadened access definition in effect since 2009",https://download.bls.gov/pub/time.series/nb/ (series NBU22000000000000128312;NBU29000000000000126313;NBU29000000000000132314)
2025,establishments <100 workers,defined contribution,57,38,67,published,March,"NCS nb database (2010+), broadened access definition in effect since 2009",https://download.bls.gov/pub/time.series/nb/ (series NBU22000000000000128312;NBU29000000000000126313;NBU29000000000000132314)
2026,establishments <100 workers,defined contribution,58,37,65,published,March,"NCS nb database (2010+), broadened access definition in effect since 2009",https://download.bls.gov/pub/time.series/nb/ (series NBU22000000000000128312;NBU29000000000000126313;NBU29000000000000132314)
2010,establishments <50 workers,defined contribution,44,29,65,published,March,"NCS nb database (2010+), broadened access definition in effect since 2009",https://download.bls.gov/pub/time.series/nb/ (series NBU22000000000000228312;NBU29000000000000226313;NBU29000000000000232314)
2011,establishments <50 workers,defined contribution,42,28,66,published,March,"NCS nb database (2010+), broadened access definition in effect since 2009",https://download.bls.gov/pub/time.series/nb/ (series NBU22000000000000228312;NBU29000000000000226313;NBU29000000000000232314)
2012,establishments <50 workers,defined contribution,43,29,66,published,March,"NCS nb database (2010+), broadened access definition in effect since 2009",https://download.bls.gov/pub/time.series/nb/ (series NBU22000000000000228312;NBU29000000000000226313;NBU29000000000000232314)
2013,establishments <50 workers,defined contribution,43,30,70,published,March,"NCS nb database (2010+), broadened access definition in effect since 2009",https://download.bls.gov/pub/time.series/nb/ (series NBU22000000000000228312;NBU29000000000000226313;NBU29000000000000232314)
2014,establishments <50 workers,defined contribution,44,30,70,published,March,"NCS nb database (2010+), broadened access definition in effect since 2009",https://download.bls.gov/pub/time.series/nb/ (series NBU22000000000000228312;NBU29000000000000226313;NBU29000000000000232314)
2015,establishments <50 workers,defined contribution,44,30,68,published,March,"NCS nb database (2010+), broadened access definition in effect since 2009",https://download.bls.gov/pub/time.series/nb/ (series NBU22000000000000228312;NBU29000000000000226313;NBU29000000000000232314)
2016,establishments <50 workers,defined contribution,46,32,69,published,March,"NCS nb database (2010+), broadened access definition in effect since 2009",https://download.bls.gov/pub/time.series/nb/ (series NBU22000000000000228312;NBU29000000000000226313;NBU29000000000000232314)
2017,establishments <50 workers,defined contribution,47,33,69,published,March,"NCS nb database (2010+), broadened access definition in effect since 2009",https://download.bls.gov/pub/time.series/nb/ (series NBU22000000000000228312;NBU29000000000000226313;NBU29000000000000232314)
2018,establishments <50 workers,defined contribution,48,33,69,published,March,"NCS nb database (2010+), broadened access definition in effect since 2009",https://download.bls.gov/pub/time.series/nb/ (series NBU22000000000000228312;NBU29000000000000226313;NBU29000000000000232314)
2019,establishments <50 workers,defined contribution,48,34,71,published,March,"NCS nb database (2010+), broadened access definition in effect since 2009",https://download.bls.gov/pub/time.series/nb/ (series NBU22000000000000228312;NBU29000000000000226313;NBU29000000000000232314)
2020,establishments <50 workers,defined contribution,47,32,68,published,March,"NCS nb database (2010+), broadened access definition in effect since 2009",https://download.bls.gov/pub/time.series/nb/ (series NBU22000000000000228312;NBU29000000000000226313;NBU29000000000000232314)
2021,establishments <50 workers,defined contribution,51,33,66,published,March,"NCS nb database (2010+), broadened access definition in effect since 2009",https://download.bls.gov/pub/time.series/nb/ (series NBU22000000000000228312;NBU29000000000000226313;NBU29000000000000232314)
2022,establishments <50 workers,defined contribution,51,34,67,published,March,"NCS nb database (2010+), broadened access definition in effect since 2009",https://download.bls.gov/pub/time.series/nb/ (series NBU22000000000000228312;NBU29000000000000226313;NBU29000000000000232314)
2023,establishments <50 workers,defined contribution,52,36,69,published,March,"NCS nb database (2010+), broadened access definition in effect since 2009",https://download.bls.gov/pub/time.series/nb/ (series NBU22000000000000228312;NBU29000000000000226313;NBU29000000000000232314)
2024,establishments <50 workers,defined contribution,54,37,69,published,March,"NCS nb database (2010+), broadened access definition in effect since 2009",https://download.bls.gov/pub/time.series/nb/ (series NBU22000000000000228312;NBU29000000000000226313;NBU29000000000000232314)
2025,establishments <50 workers,defined contribution,54,37,69,published,March,"NCS nb database (2010+), broadened access definition in effect since 2009",https://download.bls.gov/pub/time.series/nb/ (series NBU22000000000000228312;NBU29000000000000226313;NBU29000000000000232314)
2026,establishments <50 workers,defined contribution,54,36,66,published,March,"NCS nb database (2010+), broadened access definition in effect since 2009",https://download.bls.gov/pub/time.series/nb/ (series NBU22000000000000228312;NBU29000000000000226313;NBU29000000000000232314)
2003,full-time,defined contribution,60,48,80,Computed = participation/access (rounded published %s; approximate),March,Pre-2009 access definition (narrower; BLS broadened definition of access to retirement benefits in March 2009 release) - not strictly comparable with 2009+,"https://www.bls.gov/ebs/publications/pdf/bulletin-2573-january-2005-employee-benefits-in-private-industry-in-the-united-states-2002-2003.pdf (Tables 1-2, March 2003 recalculated)"
2004,full-time,defined contribution,62,50,81,Computed = participation/access (rounded published %s; approximate),March,Pre-2009 access definition (narrower; BLS broadened definition of access to retirement benefits in March 2009 release) - not strictly comparable with 2009+,https://www.bls.gov/ebs/publications/pdf/employee-benefits-in-private-industry-in-the-united-states-march-2004.pdf (Tables 1-2)
2005,full-time,defined contribution,62,50,81,Computed = participation/access (rounded published %s; approximate),March,Pre-2009 access definition (narrower; BLS broadened definition of access to retirement benefits in March 2009 release) - not strictly comparable with 2009+,https://www.bls.gov/ebs/publications/pdf/employee-benefits-in-private-industry-in-the-united-states-march-2005.pdf (Tables 1-2)
2006,full-time,defined contribution,63,51,80,published,March,Pre-2009 access definition (narrower; BLS broadened definition of access to retirement benefits in March 2009 release) - not strictly comparable with 2009+,"https://www.bls.gov/ebs/publications/pdf/employee-benefits-in-private-industry-in-the-united-states-march-2006.pdf (Tables 1, 2, 6)"
2007,full-time,defined contribution,64,50,79,published,March,Pre-2009 access definition (narrower; BLS broadened definition of access to retirement benefits in March 2009 release) - not strictly comparable with 2009+,https://www.bls.gov/ebs/publications/pdf/employee-benefits-in-private-industry-in-the-united-states-march-2007.pdf (Table 1)
2010,full-time,defined contribution,68,50,74,published,March,"NCS nb database (2010+), broadened access definition in effect since 2009",https://download.bls.gov/pub/time.series/nb/ (series NBU22000000000002528312;NBU29000000000002526313;NBU29000000000002532314)
2011,full-time,defined contribution,68,50,74,published,March,"NCS nb database (2010+), broadened access definition in effect since 2009",https://download.bls.gov/pub/time.series/nb/ (series NBU22000000000002528312;NBU29000000000002526313;NBU29000000000002532314)
2012,full-time,defined contribution,69,51,74,published,March,"NCS nb database (2010+), broadened access definition in effect since 2009",https://download.bls.gov/pub/time.series/nb/ (series NBU22000000000002528312;NBU29000000000002526313;NBU29000000000002532314)
2013,full-time,defined contribution,69,52,75,published,March,"NCS nb database (2010+), broadened access definition in effect since 2009",https://download.bls.gov/pub/time.series/nb/ (series NBU22000000000002528312;NBU29000000000002526313;NBU29000000000002532314)
2014,full-time,defined contribution,70,52,75,published,March,"NCS nb database (2010+), broadened access definition in effect since 2009",https://download.bls.gov/pub/time.series/nb/ (series NBU22000000000002528312;NBU29000000000002526313;NBU29000000000002532314)
2015,full-time,defined contribution,72,54,76,published,March,"NCS nb database (2010+), broadened access definition in effect since 2009",https://download.bls.gov/pub/time.series/nb/ (series NBU22000000000002528312;NBU29000000000002526313;NBU29000000000002532314)
2016,full-time,defined contribution,72,55,76,published,March,"NCS nb database (2010+), broadened access definition in effect since 2009",https://download.bls.gov/pub/time.series/nb/ (series NBU22000000000002528312;NBU29000000000002526313;NBU29000000000002532314)
2017,full-time,defined contribution,73,56,76,published,March,"NCS nb database (2010+), broadened access definition in effect since 2009",https://download.bls.gov/pub/time.series/nb/ (series NBU22000000000002528312;NBU29000000000002526313;NBU29000000000002532314)
2018,full-time,defined contribution,74,56,76,published,March,"NCS nb database (2010+), broadened access definition in effect since 2009",https://download.bls.gov/pub/time.series/nb/ (series NBU22000000000002528312;NBU29000000000002526313;NBU29000000000002532314)
2019,full-time,defined contribution,73,57,77,published,March,"NCS nb database (2010+), broadened access definition in effect since 2009",https://download.bls.gov/pub/time.series/nb/ (series NBU22000000000002528312;NBU29000000000002526313;NBU29000000000002532314)
2020,full-time,defined contribution,73,57,78,published,March,"NCS nb database (2010+), broadened access definition in effect since 2009",https://download.bls.gov/pub/time.series/nb/ (series NBU22000000000002528312;NBU29000000000002526313;NBU29000000000002532314)
2021,full-time,defined contribution,74,57,77,published,March,"NCS nb database (2010+), broadened access definition in effect since 2009",https://download.bls.gov/pub/time.series/nb/ (series NBU22000000000002528312;NBU29000000000002526313;NBU29000000000002532314)
2022,full-time,defined contribution,75,58,78,published,March,"NCS nb database (2010+), broadened access definition in effect since 2009",https://download.bls.gov/pub/time.series/nb/ (series NBU22000000000002528312;NBU29000000000002526313;NBU29000000000002532314)
2023,full-time,defined contribution,76,59,77,published,March,"NCS nb database (2010+), broadened access definition in effect since 2009",https://download.bls.gov/pub/time.series/nb/ (series NBU22000000000002528312;NBU29000000000002526313;NBU29000000000002532314)
2024,full-time,defined contribution,78,59,76,published,March,"NCS nb database (2010+), broadened access definition in effect since 2009",https://download.bls.gov/pub/time.series/nb/ (series NBU22000000000002528312;NBU29000000000002526313;NBU29000000000002532314)
2025,full-time,defined contribution,78,59,75,published,March,"NCS nb database (2010+), broadened access definition in effect since 2009",https://download.bls.gov/pub/time.series/nb/ (series NBU22000000000002528312;NBU29000000000002526313;NBU29000000000002532314)
2026,full-time,defined contribution,79,59,75,published,March,"NCS nb database (2010+), broadened access definition in effect since 2009",https://download.bls.gov/pub/time.series/nb/ (series NBU22000000000002528312;NBU29000000000002526313;NBU29000000000002532314)
2010,highest 25% wage,defined contribution,76,62,82,published,March,"NCS nb database (2010+), broadened access definition in effect since 2009",https://download.bls.gov/pub/time.series/nb/ (series NBU22000000000005728312;NBU29000000000005726313;NBU29000000000005732314)
2011,highest 25% wage,defined contribution,77,63,81,published,March,"NCS nb database (2010+), broadened access definition in effect since 2009",https://download.bls.gov/pub/time.series/nb/ (series NBU22000000000005728312;NBU29000000000005726313;NBU29000000000005732314)
2012,highest 25% wage,defined contribution,79,65,83,published,March,"NCS nb database (2010+), broadened access definition in effect since 2009",https://download.bls.gov/pub/time.series/nb/ (series NBU22000000000005728312;NBU29000000000005726313;NBU29000000000005732314)
2013,highest 25% wage,defined contribution,79,66,84,published,March,"NCS nb database (2010+), broadened access definition in effect since 2009",https://download.bls.gov/pub/time.series/nb/ (series NBU22000000000005728312;NBU29000000000005726313;NBU29000000000005732314)
2014,highest 25% wage,defined contribution,80,66,83,published,March,"NCS nb database (2010+), broadened access definition in effect since 2009",https://download.bls.gov/pub/time.series/nb/ (series NBU22000000000005728312;NBU29000000000005726313;NBU29000000000005732314)
2015,highest 25% wage,defined contribution,81,68,84,published,March,"NCS nb database (2010+), broadened access definition in effect since 2009",https://download.bls.gov/pub/time.series/nb/ (series NBU22000000000005728312;NBU29000000000005726313;NBU29000000000005732314)
2016,highest 25% wage,defined contribution,82,69,85,published,March,"NCS nb database (2010+), broadened access definition in effect since 2009",https://download.bls.gov/pub/time.series/nb/ (series NBU22000000000005728312;NBU29000000000005726313;NBU29000000000005732314)
2017,highest 25% wage,defined contribution,82,70,85,published,March,"NCS nb database (2010+), broadened access definition in effect since 2009",https://download.bls.gov/pub/time.series/nb/ (series NBU22000000000005728312;NBU29000000000005726313;NBU29000000000005732314)
2018,highest 25% wage,defined contribution,82,70,86,published,March,"NCS nb database (2010+), broadened access definition in effect since 2009",https://download.bls.gov/pub/time.series/nb/ (series NBU22000000000005728312;NBU29000000000005726313;NBU29000000000005732314)
2019,highest 25% wage,defined contribution,82,71,86,published,March,"NCS nb database (2010+), broadened access definition in effect since 2009",https://download.bls.gov/pub/time.series/nb/ (series NBU22000000000005728312;NBU29000000000005726313;NBU29000000000005732314)
2020,highest 25% wage,defined contribution,84,72,86,published,March,"NCS nb database (2010+), broadened access definition in effect since 2009",https://download.bls.gov/pub/time.series/nb/ (series NBU22000000000005728312;NBU29000000000005726313;NBU29000000000005732314)
2021,highest 25% wage,defined contribution,85,73,86,published,March,"NCS nb database (2010+), broadened access definition in effect since 2009",https://download.bls.gov/pub/time.series/nb/ (series NBU22000000000005728312;NBU29000000000005726313;NBU29000000000005732314)
2022,highest 25% wage,defined contribution,86,74,87,published,March,"NCS nb database (2010+), broadened access definition in effect since 2009",https://download.bls.gov/pub/time.series/nb/ (series NBU22000000000005728312;NBU29000000000005726313;NBU29000000000005732314)
2023,highest 25% wage,defined contribution,86,75,87,published,March,"NCS nb database (2010+), broadened access definition in effect since 2009",https://download.bls.gov/pub/time.series/nb/ (series NBU22000000000005728312;NBU29000000000005726313;NBU29000000000005732314)
2024,highest 25% wage,defined contribution,87,75,86,published,March,"NCS nb database (2010+), broadened access definition in effect since 2009",https://download.bls.gov/pub/time.series/nb/ (series NBU22000000000005728312;NBU29000000000005726313;NBU29000000000005732314)
2025,highest 25% wage,defined contribution,87,76,87,published,March,"NCS nb database (2010+), broadened access definition in effect since 2009",https://download.bls.gov/pub/time.series/nb/ (series NBU22000000000005728312;NBU29000000000005726313;NBU29000000000005732314)
2026,highest 25% wage,defined contribution,89,77,86,published,March,"NCS nb database (2010+), broadened access definition in effect since 2009",https://download.bls.gov/pub/time.series/nb/ (series NBU22000000000005728312;NBU29000000000005726313;NBU29000000000005732314)
2010,lowest 25% wage,defined contribution,36,17,46,published,March,"NCS nb database (2010+), broadened access definition in effect since 2009",https://download.bls.gov/pub/time.series/nb/ (series NBU22000000000005628312;NBU29000000000005626313;NBU29000000000005632314)
2011,lowest 25% wage,defined contribution,35,16,46,published,March,"NCS nb database (2010+), broadened access definition in effect since 2009",https://download.bls.gov/pub/time.series/nb/ (series NBU22000000000005628312;NBU29000000000005626313;NBU29000000000005632314)
2012,lowest 25% wage,defined contribution,35,14,41,published,March,"NCS nb database (2010+), broadened access definition in effect since 2009",https://download.bls.gov/pub/time.series/nb/ (series NBU22000000000005628312;NBU29000000000005626313;NBU29000000000005632314)
2013,lowest 25% wage,defined contribution,34,15,45,published,March,"NCS nb database (2010+), broadened access definition in effect since 2009",https://download.bls.gov/pub/time.series/nb/ (series NBU22000000000005628312;NBU29000000000005626313;NBU29000000000005632314)
2014,lowest 25% wage,defined contribution,36,17,47,published,March,"NCS nb database (2010+), broadened access definition in effect since 2009",https://download.bls.gov/pub/time.series/nb/ (series NBU22000000000005628312;NBU29000000000005626313;NBU29000000000005632314)
2015,lowest 25% wage,defined contribution,37,17,47,published,March,"NCS nb database (2010+), broadened access definition in effect since 2009",https://download.bls.gov/pub/time.series/nb/ (series NBU22000000000005628312;NBU29000000000005626313;NBU29000000000005632314)
2016,lowest 25% wage,defined contribution,39,20,51,published,March,"NCS nb database (2010+), broadened access definition in effect since 2009",https://download.bls.gov/pub/time.series/nb/ (series NBU22000000000005628312;NBU29000000000005626313;NBU29000000000005632314)
2017,lowest 25% wage,defined contribution,39,20,51,published,March,"NCS nb database (2010+), broadened access definition in effect since 2009",https://download.bls.gov/pub/time.series/nb/ (series NBU22000000000005628312;NBU29000000000005626313;NBU29000000000005632314)
2018,lowest 25% wage,defined contribution,41,20,49,published,March,"NCS nb database (2010+), broadened access definition in effect since 2009",https://download.bls.gov/pub/time.series/nb/ (series NBU22000000000005628312;NBU29000000000005626313;NBU29000000000005632314)
2019,lowest 25% wage,defined contribution,40,21,52,published,March,"NCS nb database (2010+), broadened access definition in effect since 2009",https://download.bls.gov/pub/time.series/nb/ (series NBU22000000000005628312;NBU29000000000005626313;NBU29000000000005632314)
2020,lowest 25% wage,defined contribution,41,21,51,published,March,"NCS nb database (2010+), broadened access definition in effect since 2009",https://download.bls.gov/pub/time.series/nb/ (series NBU22000000000005628312;NBU29000000000005626313;NBU29000000000005632314)
2021,lowest 25% wage,defined contribution,42,22,52,published,March,"NCS nb database (2010+), broadened access definition in effect since 2009",https://download.bls.gov/pub/time.series/nb/ (series NBU22000000000005628312;NBU29000000000005626313;NBU29000000000005632314)
2022,lowest 25% wage,defined contribution,43,21,50,published,March,"NCS nb database (2010+), broadened access definition in effect since 2009",https://download.bls.gov/pub/time.series/nb/ (series NBU22000000000005628312;NBU29000000000005626313;NBU29000000000005632314)
2023,lowest 25% wage,defined contribution,46,23,51,published,March,"NCS nb database (2010+), broadened access definition in effect since 2009",https://download.bls.gov/pub/time.series/nb/ (series NBU22000000000005628312;NBU29000000000005626313;NBU29000000000005632314)
2024,lowest 25% wage,defined contribution,50,25,50,published,March,"NCS nb database (2010+), broadened access definition in effect since 2009",https://download.bls.gov/pub/time.series/nb/ (series NBU22000000000005628312;NBU29000000000005626313;NBU29000000000005632314)
2025,lowest 25% wage,defined contribution,48,21,45,published,March,"NCS nb database (2010+), broadened access definition in effect since 2009",https://download.bls.gov/pub/time.series/nb/ (series NBU22000000000005628312;NBU29000000000005626313;NBU29000000000005632314)
2026,lowest 25% wage,defined contribution,46,21,45,published,March,"NCS nb database (2010+), broadened access definition in effect since 2009",https://download.bls.gov/pub/time.series/nb/ (series NBU22000000000005628312;NBU29000000000005626313;NBU29000000000005632314)
2003,part-time,defined contribution,21,14,67,Computed = participation/access (rounded published %s; approximate),March,Pre-2009 access definition (narrower; BLS broadened definition of access to retirement benefits in March 2009 release) - not strictly comparable with 2009+,"https://www.bls.gov/ebs/publications/pdf/bulletin-2573-january-2005-employee-benefits-in-private-industry-in-the-united-states-2002-2003.pdf (Tables 1-2, March 2003 recalculated)"
2004,part-time,defined contribution,23,14,61,Computed = participation/access (rounded published %s; approximate),March,Pre-2009 access definition (narrower; BLS broadened definition of access to retirement benefits in March 2009 release) - not strictly comparable with 2009+,https://www.bls.gov/ebs/publications/pdf/employee-benefits-in-private-industry-in-the-united-states-march-2004.pdf (Tables 1-2)
2005,part-time,defined contribution,23,14,61,Computed = participation/access (rounded published %s; approximate),March,Pre-2009 access definition (narrower; BLS broadened definition of access to retirement benefits in March 2009 release) - not strictly comparable with 2009+,https://www.bls.gov/ebs/publications/pdf/employee-benefits-in-private-industry-in-the-united-states-march-2005.pdf (Tables 1-2)
2006,part-time,defined contribution,25,16,65,published,March,Pre-2009 access definition (narrower; BLS broadened definition of access to retirement benefits in March 2009 release) - not strictly comparable with 2009+,"https://www.bls.gov/ebs/publications/pdf/employee-benefits-in-private-industry-in-the-united-states-march-2006.pdf (Tables 1, 2, 6)"
2007,part-time,defined contribution,27,18,65,published,March,Pre-2009 access definition (narrower; BLS broadened definition of access to retirement benefits in March 2009 release) - not strictly comparable with 2009+,https://www.bls.gov/ebs/publications/pdf/employee-benefits-in-private-industry-in-the-united-states-march-2007.pdf (Table 1)
2010,part-time,defined contribution,33,15,47,published,March,"NCS nb database (2010+), broadened access definition in effect since 2009",https://download.bls.gov/pub/time.series/nb/ (series NBU22000000000002628312;NBU29000000000002626313;NBU29000000000002632314)
2011,part-time,defined contribution,31,14,46,published,March,"NCS nb database (2010+), broadened access definition in effect since 2009",https://download.bls.gov/pub/time.series/nb/ (series NBU22000000000002628312;NBU29000000000002626313;NBU29000000000002632314)
2012,part-time,defined contribution,33,14,44,published,March,"NCS nb database (2010+), broadened access definition in effect since 2009",https://download.bls.gov/pub/time.series/nb/ (series NBU22000000000002628312;NBU29000000000002626313;NBU29000000000002632314)
2013,part-time,defined contribution,31,15,48,published,March,"NCS nb database (2010+), broadened access definition in effect since 2009",https://download.bls.gov/pub/time.series/nb/ (series NBU22000000000002628312;NBU29000000000002626313;NBU29000000000002632314)
2014,part-time,defined contribution,32,16,49,published,March,"NCS nb database (2010+), broadened access definition in effect since 2009",https://download.bls.gov/pub/time.series/nb/ (series NBU22000000000002628312;NBU29000000000002626313;NBU29000000000002632314)
2015,part-time,defined contribution,33,16,49,published,March,"NCS nb database (2010+), broadened access definition in effect since 2009",https://download.bls.gov/pub/time.series/nb/ (series NBU22000000000002628312;NBU29000000000002626313;NBU29000000000002632314)
2016,part-time,defined contribution,33,18,54,published,March,"NCS nb database (2010+), broadened access definition in effect since 2009",https://download.bls.gov/pub/time.series/nb/ (series NBU22000000000002628312;NBU29000000000002626313;NBU29000000000002632314)
2017,part-time,defined contribution,33,18,54,published,March,"NCS nb database (2010+), broadened access definition in effect since 2009",https://download.bls.gov/pub/time.series/nb/ (series NBU22000000000002628312;NBU29000000000002626313;NBU29000000000002632314)
2018,part-time,defined contribution,34,18,52,published,March,"NCS nb database (2010+), broadened access definition in effect since 2009",https://download.bls.gov/pub/time.series/nb/ (series NBU22000000000002628312;NBU29000000000002626313;NBU29000000000002632314)
2019,part-time,defined contribution,35,19,54,published,March,"NCS nb database (2010+), broadened access definition in effect since 2009",https://download.bls.gov/pub/time.series/nb/ (series NBU22000000000002628312;NBU29000000000002626313;NBU29000000000002632314)
2020,part-time,defined contribution,36,17,49,published,March,"NCS nb database (2010+), broadened access definition in effect since 2009",https://download.bls.gov/pub/time.series/nb/ (series NBU22000000000002628312;NBU29000000000002626313;NBU29000000000002632314)
2021,part-time,defined contribution,38,18,47,published,March,"NCS nb database (2010+), broadened access definition in effect since 2009",https://download.bls.gov/pub/time.series/nb/ (series NBU22000000000002628312;NBU29000000000002626313;NBU29000000000002632314)
2022,part-time,defined contribution,39,17,43,published,March,"NCS nb database (2010+), broadened access definition in effect since 2009",https://download.bls.gov/pub/time.series/nb/ (series NBU22000000000002628312;NBU29000000000002626313;NBU29000000000002632314)
2023,part-time,defined contribution,40,19,47,published,March,"NCS nb database (2010+), broadened access definition in effect since 2009",https://download.bls.gov/pub/time.series/nb/ (series NBU22000000000002628312;NBU29000000000002626313;NBU29000000000002632314)
2024,part-time,defined contribution,43,20,47,published,March,"NCS nb database (2010+), broadened access definition in effect since 2009",https://download.bls.gov/pub/time.series/nb/ (series NBU22000000000002628312;NBU29000000000002626313;NBU29000000000002632314)
2025,part-time,defined contribution,43,20,46,published,March,"NCS nb database (2010+), broadened access definition in effect since 2009",https://download.bls.gov/pub/time.series/nb/ (series NBU22000000000002628312;NBU29000000000002626313;NBU29000000000002632314)
2026,part-time,defined contribution,41,17,41,published,March,"NCS nb database (2010+), broadened access definition in effect since 2009",https://download.bls.gov/pub/time.series/nb/ (series NBU22000000000002628312;NBU29000000000002626313;NBU29000000000002632314)
