asec_year,income_year,file,group,measure,estimate_pct,se,n,se_method,pop_m,deff
2001,2000,production,age_21_34,offer,53.0535,0.3922,27763,gvf_deff_2005_2010,38.7813,1.7144
2001,2000,production,age_21_34,participation,35.5916,0.3439,27763,gvf_deff_2005_2010,38.7813,1.4324
2001,2000,production,age_21_34,takeup,67.0862,0.4980,14842,gvf_deff_2005_2010,38.7813,1.6672
2001,2000,production,age_35_64,offer,63.7454,0.3133,47267,gvf_deff_2005_2010,61.9632,2.0076
2001,2000,production,age_35_64,participation,54.0251,0.3201,47267,gvf_deff_2005_2010,61.9632,1.9494
2001,2000,production,age_35_64,takeup,84.7513,0.2638,30354,gvf_deff_2005_2010,61.9632,1.6345
2001,2000,production,all_21_64,offer,59.6296,0.2626,75030,gvf_deff_2005_2010,100.7444,2.1487
2001,2000,production,all_21_64,participation,46.9292,0.2497,75030,gvf_deff_2005_2010,100.7444,1.8783
2001,2000,production,all_21_64,takeup,78.7011,0.2522,45196,gvf_deff_2005_2010,100.7444,1.7149
2001,2000,production,emp_1000plus,offer,77.9621,0.3365,27606,gvf_deff_2005_2010,38.1562,1.8195
2001,2000,production,emp_1000plus,participation,62.4476,0.3776,27606,gvf_deff_2005_2010,38.1562,1.6787
2001,2000,production,emp_1000plus,takeup,80.1000,0.3530,21708,gvf_deff_2005_2010,38.1562,1.6972
2001,2000,production,emp_100_499,offer,66.2307,0.5811,12057,gvf_deff_2005_2010,15.9667,1.8205
2001,2000,production,emp_100_499,participation,52.5356,0.5889,12057,gvf_deff_2005_2010,15.9667,1.6769
2001,2000,production,emp_100_499,takeup,79.3222,0.5659,8159,gvf_deff_2005_2010,15.9667,1.5932
2001,2000,production,emp_100plus,offer,74.2563,0.2920,44229,gvf_deff_2005_2010,60.2444,1.9734
2001,2000,production,emp_100plus,participation,59.1507,0.3123,44229,gvf_deff_2005_2010,60.2444,1.7854
2001,2000,production,emp_100plus,takeup,79.6575,0.2860,33206,gvf_deff_2005_2010,60.2444,1.6756
2001,2000,production,emp_100plus_age_21_34,offer,67.6963,0.4765,15872,gvf_deff_2005_2010,22.6027,1.6483
2001,2000,production,emp_100plus_age_21_34,participation,46.0039,0.4773,15872,gvf_deff_2005_2010,22.6027,1.4556
2001,2000,production,emp_100plus_age_21_34,takeup,67.9564,0.5747,10870,gvf_deff_2005_2010,22.6027,1.6489
2001,2000,production,emp_10_24,offer,34.8204,0.6456,8241,gvf_deff_2005_2010,10.9567,1.5135
2001,2000,production,emp_10_24,participation,26.7134,0.6107,8241,gvf_deff_2005_2010,10.9567,1.5697
2001,2000,production,emp_10_24,takeup,76.7178,0.9441,3032,gvf_deff_2005_2010,10.9567,1.5131
2001,2000,production,emp_25_99,offer,52.4209,0.5913,11826,gvf_deff_2005_2010,15.4591,1.6580
2001,2000,production,emp_25_99,participation,39.8415,0.5692,11826,gvf_deff_2005_2010,15.4591,1.5988
2001,2000,production,emp_25_99,takeup,76.0030,0.6569,6338,gvf_deff_2005_2010,15.4591,1.4994
2001,2000,production,emp_500_999,offer,72.0906,0.8379,4566,gvf_deff_2005_2010,6.1215,1.5933
2001,2000,production,emp_500_999,participation,55.8544,0.9078,4566,gvf_deff_2005_2010,6.1215,1.5260
2001,2000,production,emp_500_999,takeup,77.4780,0.8973,3339,gvf_deff_2005_2010,6.1215,1.5408
2001,2000,production,emp_lt10,offer,24.2774,0.5015,10734,gvf_deff_2005_2010,14.0843,1.4684
2001,2000,production,emp_lt10,participation,18.1587,0.4464,10734,gvf_deff_2005_2010,14.0843,1.4390
2001,2000,production,emp_lt10,takeup,74.7967,1.0366,2620,gvf_deff_2005_2010,14.0843,1.4935
2001,2000,production,emp_lt100,offer,37.8722,0.3477,30801,gvf_deff_2005_2010,40.5000,1.5830
2001,2000,production,emp_lt100,participation,28.7495,0.3180,30801,gvf_deff_2005_2010,40.5000,1.5203
2001,2000,production,emp_lt100,takeup,75.9119,0.5001,11990,gvf_deff_2005_2010,40.5000,1.6402
2001,2000,production,emp_lt100_age_21_34,offer,32.5964,0.5652,11891,gvf_deff_2005_2010,16.1786,1.7289
2001,2000,production,emp_lt100_age_21_34,participation,21.0447,0.4700,11891,gvf_deff_2005_2010,16.1786,1.5809
2001,2000,production,emp_lt100_age_21_34,takeup,64.5614,0.9679,3972,gvf_deff_2005_2010,16.1786,1.6264
2001,2000,production,fulltime_35h,offer,62.5990,0.2793,64455,gvf_deff_2005_2010,87.3198,2.1469
2001,2000,production,fulltime_35h,participation,51.1489,0.2767,64455,gvf_deff_2005_2010,87.3198,1.9747
2001,2000,production,fulltime_35h,takeup,81.7088,0.2401,40847,gvf_deff_2005_2010,87.3198,1.5757
2001,2000,production,fullyear_fulltime,offer,65.7514,0.2966,54335,gvf_deff_2005_2010,73.5006,2.1220
2001,2000,production,fullyear_fulltime,participation,55.6295,0.2923,54335,gvf_deff_2005_2010,73.5006,1.8813
2001,2000,production,fullyear_fulltime,takeup,84.6059,0.2415,36140,gvf_deff_2005_2010,73.5006,1.6178
2001,2000,production,parttime_lt35h,offer,40.3152,0.5726,10575,gvf_deff_2005_2010,13.4247,1.4411
2001,2000,production,parttime_lt35h,participation,19.4823,0.4675,10575,gvf_deff_2005_2010,13.4247,1.4735
2001,2000,production,parttime_lt35h,takeup,48.3248,0.9727,4349,gvf_deff_2005_2010,13.4247,1.6478
2002,2001,production,age_21_34,offer,51.1417,0.3986,26967,gvf_deff_2005_2010,38.2393,1.7144
2002,2001,production,age_21_34,participation,34.1053,0.3455,26967,gvf_deff_2005_2010,38.2393,1.4324
2002,2001,production,age_21_34,takeup,66.6878,0.5150,13963,gvf_deff_2005_2010,38.2393,1.6672
2002,2001,production,age_35_64,offer,62.7034,0.3149,47333,gvf_deff_2005_2010,62.9980,2.0076
2002,2001,production,age_35_64,participation,52.6482,0.3204,47333,gvf_deff_2005_2010,62.9980,1.9494
2002,2001,production,age_35_64,takeup,83.9640,0.2706,30054,gvf_deff_2005_2010,62.9980,1.6345
2002,2001,production,all_21_64,offer,58.3363,0.2651,74300,gvf_deff_2005_2010,101.2372,2.1487
2002,2001,production,all_21_64,participation,45.6442,0.2504,74300,gvf_deff_2005_2010,101.2372,1.8783
2002,2001,production,all_21_64,takeup,78.2432,0.2575,44017,gvf_deff_2005_2010,101.2372,1.7149
2002,2001,production,emp_1000plus,offer,77.6981,0.3390,27428,gvf_deff_2005_2010,38.1011,1.8195
2002,2001,production,emp_1000plus,participation,61.6595,0.3804,27428,gvf_deff_2005_2010,38.1011,1.6787
2002,2001,production,emp_1000plus,takeup,79.3578,0.3596,21506,gvf_deff_2005_2010,38.1011,1.6972
2002,2001,production,emp_100_499,offer,64.8915,0.5953,11705,gvf_deff_2005_2010,15.3869,1.8205
2002,2001,production,emp_100_499,participation,50.3725,0.5984,11705,gvf_deff_2005_2010,15.3869,1.6769
2002,2001,production,emp_100_499,takeup,77.6256,0.5969,7766,gvf_deff_2005_2010,15.3869,1.5932
2002,2001,production,emp_100plus,offer,73.6344,0.2961,43695,gvf_deff_2005_2010,59.7642,1.9734
2002,2001,production,emp_100plus,participation,58.1711,0.3153,43695,gvf_deff_2005_2010,59.7642,1.7854
2002,2001,production,emp_100plus,takeup,78.9999,0.2923,32531,gvf_deff_2005_2010,59.7642,1.6756
2002,2001,production,emp_100plus_age_21_34,offer,66.4687,0.4881,15418,gvf_deff_2005_2010,22.0035,1.6483
2002,2001,production,emp_100plus_age_21_34,participation,44.5212,0.4829,15418,gvf_deff_2005_2010,22.0035,1.4556
2002,2001,production,emp_100plus_age_21_34,takeup,66.9808,0.5940,10337,gvf_deff_2005_2010,22.0035,1.6489
2002,2001,production,emp_10_24,offer,34.0274,0.6339,8454,gvf_deff_2005_2010,11.5801,1.5135
2002,2001,production,emp_10_24,participation,25.7406,0.5958,8454,gvf_deff_2005_2010,11.5801,1.5697
2002,2001,production,emp_10_24,takeup,75.6468,0.9588,3032,gvf_deff_2005_2010,11.5801,1.5131
2002,2001,production,emp_25_99,offer,51.2754,0.5991,11542,gvf_deff_2005_2010,15.5478,1.6580
2002,2001,production,emp_25_99,participation,39.1692,0.5745,11542,gvf_deff_2005_2010,15.5478,1.5988
2002,2001,production,emp_25_99,takeup,76.3899,0.6665,6088,gvf_deff_2005_2010,15.5478,1.4994
2002,2001,production,emp_500_999,offer,70.3986,0.8531,4562,gvf_deff_2005_2010,6.2762,1.5933
2002,2001,production,emp_500_999,participation,56.1130,0.9076,4562,gvf_deff_2005_2010,6.2762,1.5260
2002,2001,production,emp_500_999,takeup,79.7075,0.8745,3259,gvf_deff_2005_2010,6.2762,1.5408
2002,2001,production,emp_lt10,offer,21.8780,0.4864,10609,gvf_deff_2005_2010,14.3450,1.4684
2002,2001,production,emp_lt10,participation,16.5400,0.4327,10609,gvf_deff_2005_2010,14.3450,1.4390
2002,2001,production,emp_lt10,takeup,75.6009,1.0791,2366,gvf_deff_2005_2010,14.3450,1.4935
2002,2001,production,emp_lt100,offer,36.2912,0.3458,30605,gvf_deff_2005_2010,41.4730,1.5830
2002,2001,production,emp_lt100,participation,27.5925,0.3150,30605,gvf_deff_2005_2010,41.4730,1.5203
2002,2001,production,emp_lt100,takeup,76.0308,0.5101,11486,gvf_deff_2005_2010,41.4730,1.6402
2002,2001,production,emp_lt100_age_21_34,offer,30.3698,0.5626,11549,gvf_deff_2005_2010,16.2358,1.7289
2002,2001,production,emp_lt100_age_21_34,participation,19.9891,0.4679,11549,gvf_deff_2005_2010,16.2358,1.5809
2002,2001,production,emp_lt100_age_21_34,takeup,65.8189,1.0046,3626,gvf_deff_2005_2010,16.2358,1.6264
2002,2001,production,fulltime_35h,offer,61.6382,0.2820,63825,gvf_deff_2005_2010,87.4602,2.1469
2002,2001,production,fulltime_35h,participation,49.9624,0.2781,63825,gvf_deff_2005_2010,87.4602,1.9747
2002,2001,production,fulltime_35h,takeup,81.0576,0.2460,39967,gvf_deff_2005_2010,87.4602,1.5757
2002,2001,production,fullyear_fulltime,offer,64.5889,0.3023,53114,gvf_deff_2005_2010,72.4889,2.1220
2002,2001,production,fullyear_fulltime,participation,54.2851,0.2965,53114,gvf_deff_2005_2010,72.4889,1.8813
2002,2001,production,fullyear_fulltime,takeup,84.0471,0.2495,34851,gvf_deff_2005_2010,72.4889,1.6178
2002,2001,production,parttime_lt35h,offer,37.3750,0.5675,10475,gvf_deff_2005_2010,13.7770,1.4411
2002,2001,production,parttime_lt35h,participation,18.2308,0.4579,10475,gvf_deff_2005_2010,13.7770,1.4735
2002,2001,production,parttime_lt35h,takeup,48.7781,1.0082,4050,gvf_deff_2005_2010,13.7770,1.6478
2003,2002,production,age_21_34,offer,48.8678,0.4053,26079,gvf_deff_2005_2010,38.0743,1.7144
2003,2002,production,age_21_34,participation,31.8278,0.3452,26079,gvf_deff_2005_2010,38.0743,1.4324
2003,2002,production,age_21_34,takeup,65.1304,0.5411,12932,gvf_deff_2005_2010,38.0743,1.6672
2003,2002,production,age_35_64,offer,60.2922,0.3205,46783,gvf_deff_2005_2010,62.9802,2.0076
2003,2002,production,age_35_64,participation,51.0325,0.3227,46783,gvf_deff_2005_2010,62.9802,1.9494
2003,2002,production,age_35_64,takeup,84.6419,0.2734,28424,gvf_deff_2005_2010,62.9802,1.6345
2003,2002,production,all_21_64,offer,55.9878,0.2696,72862,gvf_deff_2005_2010,101.0546,2.1487
2003,2002,production,all_21_64,participation,43.7967,0.2519,72862,gvf_deff_2005_2010,101.0546,1.8783
2003,2002,production,all_21_64,takeup,78.2254,0.2658,41356,gvf_deff_2005_2010,101.0546,1.7149
2003,2002,production,emp_1000plus,offer,75.5244,0.3600,25957,gvf_deff_2005_2010,36.6965,1.8195
2003,2002,production,emp_1000plus,participation,59.5487,0.3947,25957,gvf_deff_2005_2010,36.6965,1.6787
2003,2002,production,emp_1000plus,takeup,78.8469,0.3780,19810,gvf_deff_2005_2010,36.6965,1.6972
2003,2002,production,emp_100_499,offer,61.7222,0.6056,11727,gvf_deff_2005_2010,15.9684,1.8205
2003,2002,production,emp_100_499,participation,48.5664,0.5976,11727,gvf_deff_2005_2010,15.9684,1.6769
2003,2002,production,emp_100_499,takeup,78.6855,0.6000,7421,gvf_deff_2005_2010,15.9684,1.5932
2003,2002,production,emp_100plus,offer,71.0866,0.3108,41994,gvf_deff_2005_2010,58.6642,1.9734
2003,2002,production,emp_100plus,participation,56.1325,0.3236,41994,gvf_deff_2005_2010,58.6642,1.7854
2003,2002,production,emp_100plus,takeup,78.9636,0.3034,30228,gvf_deff_2005_2010,58.6642,1.6756
2003,2002,production,emp_100plus_age_21_34,offer,64.1080,0.5088,14648,gvf_deff_2005_2010,21.5927,1.6483
2003,2002,production,emp_100plus_age_21_34,participation,41.9223,0.4919,14648,gvf_deff_2005_2010,21.5927,1.4556
2003,2002,production,emp_100plus_age_21_34,takeup,65.3932,0.6259,9526,gvf_deff_2005_2010,21.5927,1.6489
2003,2002,production,emp_10_24,offer,33.6525,0.6370,8328,gvf_deff_2005_2010,11.2574,1.5135
2003,2002,production,emp_10_24,participation,25.1228,0.5955,8328,gvf_deff_2005_2010,11.2574,1.5697
2003,2002,production,emp_10_24,takeup,74.6537,0.9998,2864,gvf_deff_2005_2010,11.2574,1.5131
2003,2002,production,emp_25_99,offer,49.6704,0.5991,11547,gvf_deff_2005_2010,15.9271,1.6580
2003,2002,production,emp_25_99,participation,38.2757,0.5719,11547,gvf_deff_2005_2010,15.9271,1.5988
2003,2002,production,emp_25_99,takeup,77.0594,0.6703,5899,gvf_deff_2005_2010,15.9271,1.4994
2003,2002,production,emp_500_999,offer,68.8671,0.8903,4310,gvf_deff_2005_2010,5.9993,1.5933
2003,2002,production,emp_500_999,participation,55.3757,0.9354,4310,gvf_deff_2005_2010,5.9993,1.5260
2003,2002,production,emp_500_999,takeup,80.4095,0.8999,2997,gvf_deff_2005_2010,5.9993,1.5408
2003,2002,production,emp_lt10,offer,20.8895,0.4698,10993,gvf_deff_2005_2010,15.2059,1.4684
2003,2002,production,emp_lt10,participation,15.8131,0.4175,10993,gvf_deff_2005_2010,15.2059,1.4390
2003,2002,production,emp_lt10,takeup,75.6989,1.0778,2365,gvf_deff_2005_2010,15.2059,1.4935
2003,2002,production,emp_lt100,offer,35.0926,0.3418,30868,gvf_deff_2005_2010,42.3904,1.5830
2003,2002,production,emp_lt100,participation,26.7252,0.3106,30868,gvf_deff_2005_2010,42.3904,1.5203
2003,2002,production,emp_lt100,takeup,76.1562,0.5174,11128,gvf_deff_2005_2010,42.3904,1.6402
2003,2002,production,emp_lt100_age_21_34,offer,28.9014,0.5575,11431,gvf_deff_2005_2010,16.4816,1.7289
2003,2002,production,emp_lt100_age_21_34,participation,18.6029,0.4576,11431,gvf_deff_2005_2010,16.4816,1.5809
2003,2002,production,emp_lt100_age_21_34,takeup,64.3667,1.0465,3406,gvf_deff_2005_2010,16.4816,1.6264
2003,2002,production,fulltime_35h,offer,59.2621,0.2889,62082,gvf_deff_2005_2010,86.3942,2.1469
2003,2002,production,fulltime_35h,participation,48.2506,0.2818,62082,gvf_deff_2005_2010,86.3942,1.9747
2003,2002,production,fulltime_35h,takeup,81.4190,0.2526,37366,gvf_deff_2005_2010,86.3942,1.5757
2003,2002,production,fullyear_fulltime,offer,62.1011,0.3109,51655,gvf_deff_2005_2010,71.7124,2.1220
2003,2002,production,fullyear_fulltime,participation,52.5304,0.3014,51655,gvf_deff_2005_2010,71.7124,1.8813
2003,2002,production,fullyear_fulltime,takeup,84.5884,0.2545,32574,gvf_deff_2005_2010,71.7124,1.6178
2003,2002,production,parttime_lt35h,offer,36.6923,0.5572,10780,gvf_deff_2005_2010,14.6604,1.4411
2003,2002,production,parttime_lt35h,participation,17.5498,0.4447,10780,gvf_deff_2005_2010,14.6604,1.4735
2003,2002,production,parttime_lt35h,takeup,47.8297,1.0151,3990,gvf_deff_2005_2010,14.6604,1.6478
2004,2003,production,age_21_34,offer,48.1239,0.4115,25273,gvf_deff_2005_2010,38.0934,1.7144
2004,2003,production,age_21_34,participation,31.8625,0.3508,25273,gvf_deff_2005_2010,38.0934,1.4324
2004,2003,production,age_21_34,takeup,66.2094,0.5501,12327,gvf_deff_2005_2010,38.0934,1.6672
2004,2003,production,age_35_64,offer,60.8104,0.3223,46044,gvf_deff_2005_2010,62.8207,2.0076
2004,2003,production,age_35_64,participation,51.2193,0.3252,46044,gvf_deff_2005_2010,62.8207,1.9494
2004,2003,production,age_35_64,takeup,84.2277,0.2772,28259,gvf_deff_2005_2010,62.8207,1.6345
2004,2003,production,all_21_64,offer,56.0215,0.2725,71317,gvf_deff_2005_2010,100.9142,2.1487
2004,2003,production,all_21_64,participation,43.9124,0.2547,71317,gvf_deff_2005_2010,100.9142,1.8783
2004,2003,production,all_21_64,takeup,78.3850,0.2676,40586,gvf_deff_2005_2010,100.9142,1.7149
2004,2003,production,emp_1000plus,offer,76.3338,0.3606,25274,gvf_deff_2005_2010,36.6611,1.8195
2004,2003,production,emp_1000plus,participation,60.3289,0.3987,25274,gvf_deff_2005_2010,36.6611,1.6787
2004,2003,production,emp_1000plus,takeup,79.0330,0.3797,19506,gvf_deff_2005_2010,36.6611,1.6972
2004,2003,production,emp_100_499,offer,63.1168,0.6184,11084,gvf_deff_2005_2010,15.4379,1.8205
2004,2003,production,emp_100_499,participation,49.3172,0.6149,11084,gvf_deff_2005_2010,15.4379,1.6769
2004,2003,production,emp_100_499,takeup,78.1365,0.6170,7150,gvf_deff_2005_2010,15.4379,1.5932
2004,2003,production,emp_100plus,offer,71.8989,0.3138,40480,gvf_deff_2005_2010,57.9016,1.9734
2004,2003,production,emp_100plus,participation,56.5310,0.3292,40480,gvf_deff_2005_2010,57.9016,1.7854
2004,2003,production,emp_100plus,takeup,78.6257,0.3089,29512,gvf_deff_2005_2010,57.9016,1.6756
2004,2003,production,emp_100plus_age_21_34,offer,64.2860,0.5216,13910,gvf_deff_2005_2010,21.2085,1.6483
2004,2003,production,emp_100plus_age_21_34,participation,42.4478,0.5056,13910,gvf_deff_2005_2010,21.2085,1.4556
2004,2003,production,emp_100plus_age_21_34,takeup,66.0296,0.6396,9041,gvf_deff_2005_2010,21.2085,1.6489
2004,2003,production,emp_10_24,offer,32.9756,0.6300,8428,gvf_deff_2005_2010,11.8220,1.5135
2004,2003,production,emp_10_24,participation,25.4180,0.5942,8428,gvf_deff_2005_2010,11.8220,1.5697
2004,2003,production,emp_10_24,takeup,77.0813,0.9651,2870,gvf_deff_2005_2010,11.8220,1.5131
2004,2003,production,emp_25_99,offer,50.3108,0.6052,11316,gvf_deff_2005_2010,15.7542,1.6580
2004,2003,production,emp_25_99,participation,39.3686,0.5807,11316,gvf_deff_2005_2010,15.7542,1.5988
2004,2003,production,emp_25_99,takeup,78.2508,0.6599,5860,gvf_deff_2005_2010,15.7542,1.4994
2004,2003,production,emp_500_999,offer,67.2436,0.9227,4122,gvf_deff_2005_2010,5.8026,1.5933
2004,2003,production,emp_500_999,participation,51.7274,0.9615,4122,gvf_deff_2005_2010,5.8026,1.5260
2004,2003,production,emp_500_999,takeup,76.9253,0.9786,2856,gvf_deff_2005_2010,5.8026,1.5408
2004,2003,production,emp_lt10,offer,19.9434,0.4597,11093,gvf_deff_2005_2010,15.4363,1.4684
2004,2003,production,emp_lt10,participation,15.3816,0.4109,11093,gvf_deff_2005_2010,15.4363,1.4390
2004,2003,production,emp_lt10,takeup,77.1265,1.0602,2344,gvf_deff_2005_2010,15.4363,1.4935
2004,2003,production,emp_lt100,offer,34.6480,0.3409,30837,gvf_deff_2005_2010,43.0125,1.5830
2004,2003,production,emp_lt100,participation,26.9259,0.3115,30837,gvf_deff_2005_2010,43.0125,1.5203
2004,2003,production,emp_lt100,takeup,77.7126,0.5065,11074,gvf_deff_2005_2010,43.0125,1.6402
2004,2003,production,emp_lt100_age_21_34,offer,27.8234,0.5528,11363,gvf_deff_2005_2010,16.8850,1.7289
2004,2003,production,emp_lt100_age_21_34,participation,18.5668,0.4586,11363,gvf_deff_2005_2010,16.8850,1.5809
2004,2003,production,emp_lt100_age_21_34,takeup,66.7311,1.0483,3286,gvf_deff_2005_2010,16.8850,1.6264
2004,2003,production,fulltime_35h,offer,59.3800,0.2930,60333,gvf_deff_2005_2010,85.8581,2.1469
2004,2003,production,fulltime_35h,participation,48.4894,0.2859,60333,gvf_deff_2005_2010,85.8581,1.9747
2004,2003,production,fulltime_35h,takeup,81.6594,0.2545,36428,gvf_deff_2005_2010,85.8581,1.5757
2004,2003,production,fullyear_fulltime,offer,62.6715,0.3133,50579,gvf_deff_2005_2010,71.6272,2.1220
2004,2003,production,fullyear_fulltime,participation,52.9696,0.3044,50579,gvf_deff_2005_2010,71.6272,1.8813
2004,2003,production,fullyear_fulltime,takeup,84.5194,0.2566,32158,gvf_deff_2005_2010,71.6272,1.6178
2004,2003,production,parttime_lt35h,offer,36.8693,0.5526,10984,gvf_deff_2005_2010,15.0561,1.4411
2004,2003,production,parttime_lt35h,participation,17.8120,0.4432,10984,gvf_deff_2005_2010,15.0561,1.4735
2004,2003,production,parttime_lt35h,takeup,48.3113,0.9948,4158,gvf_deff_2005_2010,15.0561,1.6478
2005,2004,production,age_21_34,offer,48.0380,0.3829,24761,replicate_sdr,37.5741,1.7144
2005,2004,production,age_21_34,participation,31.7963,0.3447,24761,replicate_sdr,37.5741,1.4324
2005,2004,production,age_21_34,takeup,66.1898,0.5448,12206,replicate_sdr,37.5741,1.6672
2005,2004,production,age_35_64,offer,60.4286,0.3292,45129,replicate_sdr,63.5972,2.0076
2005,2004,production,age_35_64,participation,50.9787,0.3390,45129,replicate_sdr,63.5972,1.9494
2005,2004,production,age_35_64,takeup,84.3619,0.2815,27752,replicate_sdr,63.5972,1.6345
2005,2004,production,all_21_64,offer,55.8269,0.2666,69890,replicate_sdr,101.1713,2.1487
2005,2004,production,all_21_64,participation,43.8546,0.2576,69890,replicate_sdr,101.1713,1.8783
2005,2004,production,all_21_64,takeup,78.5546,0.2677,39958,replicate_sdr,101.1713,1.7149
2005,2004,production,emp_1000plus,offer,74.9055,0.3540,25408,replicate_sdr,37.2441,1.8195
2005,2004,production,emp_1000plus,participation,59.2166,0.4034,25408,replicate_sdr,37.2441,1.6787
2005,2004,production,emp_1000plus,takeup,79.0551,0.3827,19335,replicate_sdr,37.2441,1.6972
2005,2004,production,emp_100_499,offer,62.1937,0.6333,10823,replicate_sdr,15.5027,1.8205
2005,2004,production,emp_100_499,participation,49.2924,0.6442,10823,replicate_sdr,15.5027,1.6769
2005,2004,production,emp_100_499,takeup,79.2563,0.6175,6972,replicate_sdr,15.5027,1.5932
2005,2004,production,emp_100plus,offer,70.9996,0.2995,40188,replicate_sdr,58.4559,1.9734
2005,2004,production,emp_100plus,participation,56.1129,0.3233,40188,replicate_sdr,58.4559,1.7854
2005,2004,production,emp_100plus,takeup,79.0326,0.3160,29108,replicate_sdr,58.4559,1.6756
2005,2004,production,emp_100plus_age_21_34,offer,62.8281,0.4940,13876,replicate_sdr,21.2600,1.6483
2005,2004,production,emp_100plus_age_21_34,participation,41.6968,0.5206,13876,replicate_sdr,21.2600,1.4556
2005,2004,production,emp_100plus_age_21_34,takeup,66.3664,0.6392,8940,replicate_sdr,21.2600,1.6489
2005,2004,production,emp_10_24,offer,34.0046,0.6395,8080,replicate_sdr,11.6876,1.5135
2005,2004,production,emp_10_24,participation,26.6596,0.5809,8080,replicate_sdr,11.6876,1.5697
2005,2004,production,emp_10_24,takeup,78.3999,0.8446,2889,replicate_sdr,11.6876,1.5131
2005,2004,production,emp_25_99,offer,51.0992,0.6301,10737,replicate_sdr,15.3139,1.6580
2005,2004,production,emp_25_99,participation,39.5160,0.6110,10737,replicate_sdr,15.3139,1.5988
2005,2004,production,emp_25_99,takeup,77.3318,0.6544,5649,replicate_sdr,15.3139,1.4994
2005,2004,production,emp_500_999,offer,69.4305,0.9384,3957,replicate_sdr,5.7091,1.5933
2005,2004,production,emp_500_999,participation,54.3854,0.9998,3957,replicate_sdr,5.7091,1.5260
2005,2004,production,emp_500_999,takeup,78.3307,0.9219,2801,replicate_sdr,5.7091,1.5408
2005,2004,production,emp_lt10,offer,20.2223,0.4902,10885,replicate_sdr,15.7139,1.4684
2005,2004,production,emp_lt10,participation,15.2708,0.4163,10885,replicate_sdr,15.7139,1.4390
2005,2004,production,emp_lt10,takeup,75.5148,1.1003,2312,replicate_sdr,15.7139,1.4935
2005,2004,production,emp_lt100,offer,35.0631,0.3429,29702,replicate_sdr,42.7154,1.5830
2005,2004,production,emp_lt100,participation,27.0791,0.3122,29702,replicate_sdr,42.7154,1.5203
2005,2004,production,emp_lt100,takeup,77.2297,0.4569,10850,replicate_sdr,42.7154,1.6402
2005,2004,production,emp_lt100_age_21_34,offer,28.7641,0.5696,10885,replicate_sdr,16.3141,1.7289
2005,2004,production,emp_lt100_age_21_34,participation,18.8943,0.4363,10885,replicate_sdr,16.3141,1.5809
2005,2004,production,emp_lt100_age_21_34,takeup,65.6870,0.9184,3266,replicate_sdr,16.3141,1.6264
2005,2004,production,fulltime_35h,offer,58.9951,0.2841,59291,replicate_sdr,86.1987,2.1469
2005,2004,production,fulltime_35h,participation,48.3708,0.2877,59291,replicate_sdr,86.1987,1.9747
2005,2004,production,fulltime_35h,takeup,81.9913,0.2543,35840,replicate_sdr,86.1987,1.5757
2005,2004,production,fullyear_fulltime,offer,62.0043,0.2929,50156,replicate_sdr,72.7807,2.1220
2005,2004,production,fullyear_fulltime,participation,52.5100,0.3063,50156,replicate_sdr,72.7807,1.8813
2005,2004,production,fullyear_fulltime,takeup,84.6877,0.2601,31840,replicate_sdr,72.7807,1.6178
2005,2004,production,parttime_lt35h,offer,37.5872,0.5313,10599,replicate_sdr,14.9726,1.4411
2005,2004,production,parttime_lt35h,participation,17.8539,0.4096,10599,replicate_sdr,14.9726,1.4735
2005,2004,production,parttime_lt35h,takeup,47.5001,0.9614,4118,replicate_sdr,14.9726,1.6478
2006,2005,production,age_21_34,offer,45.5099,0.4375,24550,replicate_sdr,38.2326,1.7144
2006,2005,production,age_21_34,participation,30.1098,0.3470,24550,replicate_sdr,38.2326,1.4324
2006,2005,production,age_21_34,takeup,66.1610,0.5480,11426,replicate_sdr,38.2326,1.6672
2006,2005,production,age_35_64,offer,58.6918,0.3288,45364,replicate_sdr,65.0876,2.0076
2006,2005,production,age_35_64,participation,49.8092,0.3245,45364,replicate_sdr,65.0876,1.9494
2006,2005,production,age_35_64,takeup,84.8656,0.2803,27009,replicate_sdr,65.0876,1.6345
2006,2005,production,all_21_64,offer,53.8139,0.2863,69914,replicate_sdr,103.3202,2.1487
2006,2005,production,all_21_64,participation,42.5196,0.2558,69914,replicate_sdr,103.3202,1.8783
2006,2005,production,all_21_64,takeup,79.0122,0.2707,38435,replicate_sdr,103.3202,1.7149
2006,2005,production,emp_1000plus,offer,73.1756,0.4171,24942,replicate_sdr,37.5173,1.8195
2006,2005,production,emp_1000plus,participation,58.0097,0.4182,24942,replicate_sdr,37.5173,1.6787
2006,2005,production,emp_1000plus,takeup,79.2746,0.3891,18545,replicate_sdr,37.5173,1.6972
2006,2005,production,emp_100_499,offer,60.2880,0.6370,10851,replicate_sdr,15.5765,1.8205
2006,2005,production,emp_100_499,participation,48.2591,0.6065,10851,replicate_sdr,15.5765,1.6769
2006,2005,production,emp_100_499,takeup,80.0477,0.6019,6745,replicate_sdr,15.5765,1.5932
2006,2005,production,emp_100plus,offer,69.1444,0.3668,40016,replicate_sdr,59.3747,1.9734
2006,2005,production,emp_100plus,participation,55.0178,0.3443,40016,replicate_sdr,59.3747,1.7854
2006,2005,production,emp_100plus,takeup,79.5694,0.3032,28160,replicate_sdr,59.3747,1.6756
2006,2005,production,emp_100plus_age_21_34,offer,60.7043,0.6287,13540,replicate_sdr,21.1211,1.6483
2006,2005,production,emp_100plus_age_21_34,participation,40.2951,0.5553,13540,replicate_sdr,21.1211,1.4556
2006,2005,production,emp_100plus_age_21_34,takeup,66.3793,0.6500,8368,replicate_sdr,21.1211,1.6489
2006,2005,production,emp_10_24,offer,31.3418,0.6439,8068,replicate_sdr,11.9625,1.5135
2006,2005,production,emp_10_24,participation,24.4864,0.6068,8068,replicate_sdr,11.9625,1.5697
2006,2005,production,emp_10_24,takeup,78.1272,0.9874,2649,replicate_sdr,11.9625,1.5131
2006,2005,production,emp_25_99,offer,47.1642,0.6104,11077,replicate_sdr,16.4112,1.6580
2006,2005,production,emp_25_99,participation,36.4435,0.5714,11077,replicate_sdr,16.4112,1.5988
2006,2005,production,emp_25_99,takeup,77.2694,0.6911,5439,replicate_sdr,16.4112,1.4994
2006,2005,production,emp_500_999,offer,67.0289,0.9198,4223,replicate_sdr,6.2809,1.5933
2006,2005,production,emp_500_999,participation,53.9083,1.0220,4223,replicate_sdr,6.2809,1.5260
2006,2005,production,emp_500_999,takeup,80.4254,0.9457,2870,replicate_sdr,6.2809,1.5408
2006,2005,production,emp_lt10,offer,19.6311,0.4787,10753,replicate_sdr,15.5718,1.4684
2006,2005,production,emp_lt10,participation,15.1213,0.4597,10753,replicate_sdr,15.5718,1.4390
2006,2005,production,emp_lt10,takeup,77.0273,1.0918,2187,replicate_sdr,15.5718,1.4935
2006,2005,production,emp_lt100,offer,33.1010,0.3394,29898,replicate_sdr,43.9455,1.5830
2006,2005,production,emp_lt100,participation,25.6333,0.3160,29898,replicate_sdr,43.9455,1.5203
2006,2005,production,emp_lt100,takeup,77.4396,0.5527,10275,replicate_sdr,43.9455,1.6402
2006,2005,production,emp_lt100_age_21_34,offer,26.7551,0.5468,11010,replicate_sdr,17.1115,1.7289
2006,2005,production,emp_lt100_age_21_34,participation,17.5378,0.4403,11010,replicate_sdr,17.1115,1.5809
2006,2005,production,emp_lt100_age_21_34,takeup,65.5494,1.0665,3058,replicate_sdr,17.1115,1.6264
2006,2005,production,fulltime_35h,offer,56.9686,0.3110,59557,replicate_sdr,88.3605,2.1469
2006,2005,production,fulltime_35h,participation,46.6964,0.2895,59557,replicate_sdr,88.3605,1.9747
2006,2005,production,fulltime_35h,takeup,81.9687,0.2598,34638,replicate_sdr,88.3605,1.5757
2006,2005,production,fullyear_fulltime,offer,59.7280,0.3194,50648,replicate_sdr,74.7714,2.1220
2006,2005,production,fullyear_fulltime,participation,50.5788,0.3043,50648,replicate_sdr,74.7714,1.8813
2006,2005,production,fullyear_fulltime,takeup,84.6819,0.2574,30841,replicate_sdr,74.7714,1.6178
2006,2005,production,parttime_lt35h,offer,35.1808,0.5478,10357,replicate_sdr,14.9597,1.4411
2006,2005,production,parttime_lt35h,participation,17.8490,0.4460,10357,replicate_sdr,14.9597,1.4735
2006,2005,production,parttime_lt35h,takeup,50.7352,1.0276,3797,replicate_sdr,14.9597,1.6478
2007,2006,production,age_21_34,offer,44.5412,0.4599,24193,replicate_sdr,38.7550,1.7144
2007,2006,production,age_21_34,participation,30.2258,0.3567,24193,replicate_sdr,38.7550,1.4324
2007,2006,production,age_21_34,takeup,67.8603,0.5103,10902,replicate_sdr,38.7550,1.6672
2007,2006,production,age_35_64,offer,56.4146,0.3293,45179,replicate_sdr,65.9488,2.0076
2007,2006,production,age_35_64,participation,47.7932,0.3320,45179,replicate_sdr,65.9488,1.9494
2007,2006,production,age_35_64,takeup,84.7179,0.3123,25992,replicate_sdr,65.9488,1.6345
2007,2006,production,all_21_64,offer,52.0198,0.2759,69372,replicate_sdr,104.7038,2.1487
2007,2006,production,all_21_64,participation,41.2908,0.2512,69372,replicate_sdr,104.7038,1.8783
2007,2006,production,all_21_64,takeup,79.3753,0.2951,36894,replicate_sdr,104.7038,1.7149
2007,2006,production,emp_1000plus,offer,71.4179,0.3749,24745,replicate_sdr,38.0980,1.8195
2007,2006,production,emp_1000plus,participation,57.0566,0.4036,24745,replicate_sdr,38.0980,1.6787
2007,2006,production,emp_1000plus,takeup,79.8912,0.3890,17890,replicate_sdr,38.0980,1.6972
2007,2006,production,emp_100_499,offer,57.3555,0.6271,11209,replicate_sdr,16.4650,1.8205
2007,2006,production,emp_100_499,participation,45.6458,0.6325,11209,replicate_sdr,16.4650,1.6769
2007,2006,production,emp_100_499,takeup,79.5839,0.6212,6635,replicate_sdr,16.4650,1.5932
2007,2006,production,emp_100plus,offer,66.7674,0.3260,40165,replicate_sdr,60.9059,1.9734
2007,2006,production,emp_100plus,participation,53.3821,0.3397,40165,replicate_sdr,60.9059,1.7854
2007,2006,production,emp_100plus,takeup,79.9524,0.3478,27264,replicate_sdr,60.9059,1.6756
2007,2006,production,emp_100plus_age_21_34,offer,58.7884,0.5439,13528,replicate_sdr,21.8224,1.6483
2007,2006,production,emp_100plus_age_21_34,participation,39.8342,0.4724,13528,replicate_sdr,21.8224,1.4556
2007,2006,production,emp_100plus_age_21_34,takeup,67.7587,0.6311,8049,replicate_sdr,21.8224,1.6489
2007,2006,production,emp_10_24,offer,29.8273,0.5940,8146,replicate_sdr,12.2591,1.5135
2007,2006,production,emp_10_24,participation,23.3878,0.5566,8146,replicate_sdr,12.2591,1.5697
2007,2006,production,emp_10_24,takeup,78.4105,0.9323,2552,replicate_sdr,12.2591,1.5131
2007,2006,production,emp_25_99,offer,45.1567,0.6002,10987,replicate_sdr,16.4222,1.6580
2007,2006,production,emp_25_99,participation,34.9071,0.5794,10987,replicate_sdr,16.4222,1.5988
2007,2006,production,emp_25_99,takeup,77.3021,0.7356,5148,replicate_sdr,16.4222,1.4994
2007,2006,production,emp_500_999,offer,63.2661,0.8460,4211,replicate_sdr,6.3429,1.5933
2007,2006,production,emp_500_999,participation,51.3939,0.9474,4211,replicate_sdr,6.3429,1.5260
2007,2006,production,emp_500_999,takeup,81.2345,0.9804,2739,replicate_sdr,6.3429,1.5408
2007,2006,production,emp_lt10,offer,18.0540,0.4881,10074,replicate_sdr,15.1167,1.4684
2007,2006,production,emp_lt10,participation,14.0283,0.4557,10074,replicate_sdr,15.1167,1.4390
2007,2006,production,emp_lt10,takeup,77.7021,1.2254,1930,replicate_sdr,15.1167,1.4935
2007,2006,production,emp_lt100,offer,31.5116,0.3449,29207,replicate_sdr,43.7979,1.5830
2007,2006,production,emp_lt100,participation,24.4766,0.3055,29207,replicate_sdr,43.7979,1.5203
2007,2006,production,emp_lt100,takeup,77.6749,0.5579,9630,replicate_sdr,43.7979,1.6402
2007,2006,production,emp_lt100_age_21_34,offer,26.1797,0.5653,10665,replicate_sdr,16.9326,1.7289
2007,2006,production,emp_lt100_age_21_34,participation,17.8426,0.4930,10665,replicate_sdr,16.9326,1.5809
2007,2006,production,emp_lt100_age_21_34,takeup,68.1544,1.0708,2853,replicate_sdr,16.9326,1.6264
2007,2006,production,fulltime_35h,offer,55.1057,0.2923,59403,replicate_sdr,89.9720,2.1469
2007,2006,production,fulltime_35h,participation,45.3767,0.2591,59403,replicate_sdr,89.9720,1.9747
2007,2006,production,fulltime_35h,takeup,82.3449,0.2796,33462,replicate_sdr,89.9720,1.5757
2007,2006,production,fullyear_fulltime,offer,57.5717,0.3023,50908,replicate_sdr,76.8819,2.1220
2007,2006,production,fullyear_fulltime,participation,48.7903,0.2894,50908,replicate_sdr,76.8819,1.8813
2007,2006,production,fullyear_fulltime,takeup,84.7470,0.2810,30013,replicate_sdr,76.8819,1.6178
2007,2006,production,parttime_lt35h,offer,33.1729,0.6225,9969,replicate_sdr,14.7318,1.4411
2007,2006,production,parttime_lt35h,participation,16.3368,0.4883,9969,replicate_sdr,14.7318,1.4735
2007,2006,production,parttime_lt35h,takeup,49.2473,1.1674,3432,replicate_sdr,14.7318,1.6478
2008,2007,production,age_21_34,offer,45.9088,0.4289,24124,replicate_sdr,38.6654,1.7144
2008,2007,production,age_21_34,participation,30.7484,0.3805,24124,replicate_sdr,38.6654,1.4324
2008,2007,production,age_21_34,takeup,66.9771,0.6029,11260,replicate_sdr,38.6654,1.6672
2008,2007,production,age_35_64,offer,58.6266,0.3393,45347,replicate_sdr,66.6082,2.0076
2008,2007,production,age_35_64,participation,49.9909,0.3255,45347,replicate_sdr,66.6082,1.9494
2008,2007,production,age_35_64,takeup,85.2699,0.2525,26984,replicate_sdr,66.6082,1.6345
2008,2007,production,all_21_64,offer,53.9556,0.2888,69471,replicate_sdr,105.2736,2.1487
2008,2007,production,all_21_64,participation,42.9234,0.2698,69471,replicate_sdr,105.2736,1.8783
2008,2007,production,all_21_64,takeup,79.5533,0.2712,38244,replicate_sdr,105.2736,1.7149
2008,2007,production,emp_1000plus,offer,72.9840,0.3902,25064,replicate_sdr,38.8323,1.8195
2008,2007,production,emp_1000plus,participation,58.0385,0.4133,25064,replicate_sdr,38.8323,1.6787
2008,2007,production,emp_1000plus,takeup,79.5222,0.3639,18576,replicate_sdr,38.8323,1.6972
2008,2007,production,emp_100_499,offer,60.0208,0.5642,10962,replicate_sdr,16.1458,1.8205
2008,2007,production,emp_100_499,participation,48.3219,0.5827,10962,replicate_sdr,16.1458,1.6769
2008,2007,production,emp_100_499,takeup,80.5086,0.5913,6752,replicate_sdr,16.1458,1.5932
2008,2007,production,emp_100plus,offer,68.8764,0.3278,40363,replicate_sdr,61.4996,1.9734
2008,2007,production,emp_100plus,participation,55.0356,0.3347,40363,replicate_sdr,61.4996,1.7854
2008,2007,production,emp_100plus,takeup,79.9049,0.2977,28253,replicate_sdr,61.4996,1.6756
2008,2007,production,emp_100plus_age_21_34,offer,60.5448,0.5841,13593,replicate_sdr,22.0952,1.6483
2008,2007,production,emp_100plus_age_21_34,participation,40.6815,0.5573,13593,replicate_sdr,22.0952,1.4556
2008,2007,production,emp_100plus_age_21_34,takeup,67.1924,0.6615,8369,replicate_sdr,22.0952,1.6489
2008,2007,production,emp_10_24,offer,31.7097,0.6942,7879,replicate_sdr,11.8316,1.5135
2008,2007,production,emp_10_24,participation,25.0649,0.6492,7879,replicate_sdr,11.8316,1.5697
2008,2007,production,emp_10_24,takeup,79.0448,0.9998,2565,replicate_sdr,11.8316,1.5131
2008,2007,production,emp_25_99,offer,46.9195,0.6258,10892,replicate_sdr,16.3052,1.6580
2008,2007,production,emp_25_99,participation,36.8262,0.5246,10892,replicate_sdr,16.3052,1.5988
2008,2007,production,emp_25_99,takeup,78.4881,0.6943,5324,replicate_sdr,16.3052,1.4994
2008,2007,production,emp_500_999,offer,66.3425,0.8063,4337,replicate_sdr,6.5215,1.5933
2008,2007,production,emp_500_999,participation,53.7767,0.9272,4337,replicate_sdr,6.5215,1.5260
2008,2007,production,emp_500_999,takeup,81.0593,0.9236,2925,replicate_sdr,6.5215,1.5408
2008,2007,production,emp_lt10,offer,19.4417,0.4564,10337,replicate_sdr,15.6372,1.4684
2008,2007,production,emp_lt10,participation,15.1571,0.3995,10337,replicate_sdr,15.6372,1.4390
2008,2007,production,emp_lt10,takeup,77.9617,1.0425,2102,replicate_sdr,15.6372,1.4935
2008,2007,production,emp_lt100,offer,32.9927,0.3856,29108,replicate_sdr,43.7740,1.5830
2008,2007,production,emp_lt100,participation,25.9065,0.3403,29108,replicate_sdr,43.7740,1.5203
2008,2007,production,emp_lt100,takeup,78.5219,0.5077,9991,replicate_sdr,43.7740,1.6402
2008,2007,production,emp_lt100_age_21_34,offer,26.3929,0.5656,10531,replicate_sdr,16.5702,1.7289
2008,2007,production,emp_lt100_age_21_34,participation,17.5033,0.4808,10531,replicate_sdr,16.5702,1.5809
2008,2007,production,emp_lt100_age_21_34,takeup,66.3183,1.1503,2891,replicate_sdr,16.5702,1.6264
2008,2007,production,fulltime_35h,offer,57.1469,0.3126,59504,replicate_sdr,90.4772,2.1469
2008,2007,production,fulltime_35h,participation,47.2039,0.2883,59504,replicate_sdr,90.4772,1.9747
2008,2007,production,fulltime_35h,takeup,82.6011,0.2532,34721,replicate_sdr,90.4772,1.5757
2008,2007,production,fullyear_fulltime,offer,60.0232,0.3331,50904,replicate_sdr,77.0550,2.1220
2008,2007,production,fullyear_fulltime,participation,51.1577,0.3122,50904,replicate_sdr,77.0550,1.8813
2008,2007,production,fullyear_fulltime,takeup,85.2299,0.2517,31165,replicate_sdr,77.0550,1.6178
2008,2007,production,parttime_lt35h,offer,34.4416,0.5212,9967,replicate_sdr,14.7965,1.4411
2008,2007,production,parttime_lt35h,participation,16.7492,0.4655,9967,replicate_sdr,14.7965,1.4735
2008,2007,production,parttime_lt35h,takeup,48.6306,1.1200,3523,replicate_sdr,14.7965,1.6478
2009,2008,production,age_21_34,offer,44.6958,0.3876,24343,replicate_sdr,38.8856,1.7144
2009,2008,production,age_21_34,participation,30.3105,0.3466,24343,replicate_sdr,38.8856,1.4324
2009,2008,production,age_21_34,takeup,67.8150,0.5806,11145,replicate_sdr,38.8856,1.6672
2009,2008,production,age_35_64,offer,56.4509,0.3050,45724,replicate_sdr,67.0856,2.0076
2009,2008,production,age_35_64,participation,47.8314,0.2830,45724,replicate_sdr,67.0856,1.9494
2009,2008,production,age_35_64,takeup,84.7310,0.2474,26417,replicate_sdr,67.0856,1.6345
2009,2008,production,all_21_64,offer,52.1374,0.2506,70067,replicate_sdr,105.9711,2.1487
2009,2008,production,all_21_64,participation,41.4022,0.2234,70067,replicate_sdr,105.9711,1.8783
2009,2008,production,all_21_64,takeup,79.4097,0.2697,37562,replicate_sdr,105.9711,1.7149
2009,2008,production,emp_1000plus,offer,70.5141,0.3703,25490,replicate_sdr,39.3124,1.8195
2009,2008,production,emp_1000plus,participation,55.9231,0.3861,25490,replicate_sdr,39.3124,1.6787
2009,2008,production,emp_1000plus,takeup,79.3077,0.3755,18289,replicate_sdr,39.3124,1.6972
2009,2008,production,emp_100_499,offer,59.1400,0.5986,10890,replicate_sdr,15.9112,1.8205
2009,2008,production,emp_100_499,participation,46.7535,0.5728,10890,replicate_sdr,15.9112,1.6769
2009,2008,production,emp_100_499,takeup,79.0557,0.6630,6618,replicate_sdr,15.9112,1.5932
2009,2008,production,emp_100plus,offer,66.8854,0.3126,40661,replicate_sdr,61.6453,1.9734
2009,2008,production,emp_100plus,participation,53.0687,0.3032,40661,replicate_sdr,61.6453,1.7854
2009,2008,production,emp_100plus,takeup,79.3427,0.3073,27719,replicate_sdr,61.6453,1.6756
2009,2008,production,emp_100plus_age_21_34,offer,59.0864,0.4952,13725,replicate_sdr,22.2134,1.6483
2009,2008,production,emp_100plus_age_21_34,participation,39.8043,0.4880,13725,replicate_sdr,22.2134,1.4556
2009,2008,production,emp_100plus_age_21_34,takeup,67.3662,0.6666,8294,replicate_sdr,22.2134,1.6489
2009,2008,production,emp_10_24,offer,29.7902,0.5973,8167,replicate_sdr,12.4842,1.5135
2009,2008,production,emp_10_24,participation,23.8003,0.5884,8167,replicate_sdr,12.4842,1.5697
2009,2008,production,emp_10_24,takeup,79.8930,0.9692,2591,replicate_sdr,12.4842,1.5131
2009,2008,production,emp_25_99,offer,45.8734,0.6086,10903,replicate_sdr,16.1788,1.6580
2009,2008,production,emp_25_99,participation,36.3810,0.5781,10903,replicate_sdr,16.1788,1.5988
2009,2008,production,emp_25_99,takeup,79.3073,0.7547,5215,replicate_sdr,16.1788,1.4994
2009,2008,production,emp_500_999,offer,63.8620,1.0007,4281,replicate_sdr,6.4216,1.5933
2009,2008,production,emp_500_999,participation,51.2417,0.9477,4281,replicate_sdr,6.4216,1.5260
2009,2008,production,emp_500_999,takeup,80.2381,0.8652,2812,replicate_sdr,6.4216,1.5408
2009,2008,production,emp_lt10,offer,18.3755,0.4000,10336,replicate_sdr,15.6629,1.4684
2009,2008,production,emp_lt10,participation,14.7020,0.3662,10336,replicate_sdr,15.6629,1.4390
2009,2008,production,emp_lt10,takeup,80.0088,0.9840,2037,replicate_sdr,15.6629,1.4935
2009,2008,production,emp_lt100,offer,31.6271,0.3036,29406,replicate_sdr,44.3258,1.5830
2009,2008,production,emp_lt100,participation,25.1773,0.2941,29406,replicate_sdr,44.3258,1.5203
2009,2008,production,emp_lt100,takeup,79.6067,0.5536,9843,replicate_sdr,44.3258,1.6402
2009,2008,production,emp_lt100_age_21_34,offer,25.5224,0.4927,10618,replicate_sdr,16.6722,1.7289
2009,2008,production,emp_lt100_age_21_34,participation,17.6613,0.4435,10618,replicate_sdr,16.6722,1.5809
2009,2008,production,emp_lt100_age_21_34,takeup,69.1994,1.1726,2851,replicate_sdr,16.6722,1.6264
2009,2008,production,fulltime_35h,offer,55.8239,0.2742,59176,replicate_sdr,89.5046,2.1469
2009,2008,production,fulltime_35h,participation,46.1198,0.2559,59176,replicate_sdr,89.5046,1.9747
2009,2008,production,fulltime_35h,takeup,82.6166,0.2545,33929,replicate_sdr,89.5046,1.5757
2009,2008,production,fullyear_fulltime,offer,59.1400,0.3208,49213,replicate_sdr,74.0263,2.1220
2009,2008,production,fullyear_fulltime,participation,50.4687,0.2959,49213,replicate_sdr,74.0263,1.8813
2009,2008,production,fullyear_fulltime,takeup,85.3377,0.2424,29873,replicate_sdr,74.0263,1.6178
2009,2008,production,parttime_lt35h,offer,32.0994,0.5514,10891,replicate_sdr,16.4665,1.4411
2009,2008,production,parttime_lt35h,participation,15.7592,0.3797,10891,replicate_sdr,16.4665,1.4735
2009,2008,production,parttime_lt35h,takeup,49.0950,0.9854,3633,replicate_sdr,16.4665,1.6478
2010,2009,production,age_21_34,offer,42.0252,0.4082,24010,replicate_sdr,37.4508,1.7144
2010,2009,production,age_21_34,participation,28.6356,0.3541,24010,replicate_sdr,37.4508,1.4324
2010,2009,production,age_21_34,takeup,68.1389,0.5962,10478,replicate_sdr,37.4508,1.6672
2010,2009,production,age_35_64,offer,55.3138,0.3204,44773,replicate_sdr,65.3788,2.0076
2010,2009,production,age_35_64,participation,46.7914,0.3316,44773,replicate_sdr,65.3788,1.9494
2010,2009,production,age_35_64,takeup,84.5927,0.2883,25355,replicate_sdr,65.3788,1.6345
2010,2009,production,all_21_64,offer,50.4741,0.2816,68783,replicate_sdr,102.8296,2.1487
2010,2009,production,all_21_64,participation,40.1790,0.2644,68783,replicate_sdr,102.8296,1.8783
2010,2009,production,all_21_64,takeup,79.6033,0.2901,35833,replicate_sdr,102.8296,1.7149
2010,2009,production,emp_1000plus,offer,68.9615,0.4099,25583,replicate_sdr,38.9810,1.8195
2010,2009,production,emp_1000plus,participation,55.2340,0.3900,25583,replicate_sdr,38.9810,1.6787
2010,2009,production,emp_1000plus,takeup,80.0941,0.3917,18039,replicate_sdr,38.9810,1.6972
2010,2009,production,emp_100_499,offer,55.2400,0.6673,10274,replicate_sdr,14.8809,1.8205
2010,2009,production,emp_100_499,participation,43.7354,0.6484,10274,replicate_sdr,14.8809,1.6769
2010,2009,production,emp_100_499,takeup,79.1734,0.6691,5932,replicate_sdr,14.8809,1.5932
2010,2009,production,emp_100plus,offer,65.1208,0.3437,39885,replicate_sdr,59.7893,1.9734
2010,2009,production,emp_100plus,participation,52.1688,0.3303,39885,replicate_sdr,59.7893,1.7854
2010,2009,production,emp_100plus,takeup,80.1108,0.3404,26614,replicate_sdr,59.7893,1.6756
2010,2009,production,emp_100plus_age_21_34,offer,56.3350,0.5470,13521,replicate_sdr,21.2408,1.6483
2010,2009,production,emp_100plus_age_21_34,participation,38.6888,0.4721,13521,replicate_sdr,21.2408,1.4556
2010,2009,production,emp_100plus_age_21_34,takeup,68.6762,0.6897,7839,replicate_sdr,21.2408,1.6489
2010,2009,production,emp_10_24,offer,29.5213,0.6900,8157,replicate_sdr,12.1708,1.5135
2010,2009,production,emp_10_24,participation,23.3144,0.5886,8157,replicate_sdr,12.1708,1.5697
2010,2009,production,emp_10_24,takeup,78.9748,1.0449,2553,replicate_sdr,12.1708,1.5131
2010,2009,production,emp_25_99,offer,43.5928,0.6266,10393,replicate_sdr,15.3226,1.6580
2010,2009,production,emp_25_99,participation,33.9474,0.6030,10393,replicate_sdr,15.3226,1.5988
2010,2009,production,emp_25_99,takeup,77.8739,0.7077,4737,replicate_sdr,15.3226,1.4994
2010,2009,production,emp_500_999,offer,64.6690,0.9437,4028,replicate_sdr,5.9274,1.5933
2010,2009,production,emp_500_999,participation,53.1828,0.9565,4028,replicate_sdr,5.9274,1.5260
2010,2009,production,emp_500_999,takeup,82.2384,0.8972,2643,replicate_sdr,5.9274,1.5408
2010,2009,production,emp_lt10,offer,17.3314,0.4331,10348,replicate_sdr,15.5469,1.4684
2010,2009,production,emp_lt10,participation,13.4136,0.3992,10348,replicate_sdr,15.5469,1.4390
2010,2009,production,emp_lt10,takeup,77.3952,1.2875,1929,replicate_sdr,15.5469,1.4935
2010,2009,production,emp_lt100,offer,30.1276,0.3869,28898,replicate_sdr,43.0404,1.5830
2010,2009,production,emp_lt100,participation,23.5235,0.3485,28898,replicate_sdr,43.0404,1.5203
2010,2009,production,emp_lt100,takeup,78.0795,0.5367,9219,replicate_sdr,43.0404,1.6402
2010,2009,production,emp_lt100_age_21_34,offer,23.2743,0.5526,10489,replicate_sdr,16.2100,1.7289
2010,2009,production,emp_lt100_age_21_34,participation,15.4623,0.4902,10489,replicate_sdr,16.2100,1.5809
2010,2009,production,emp_lt100_age_21_34,takeup,66.4349,1.2088,2639,replicate_sdr,16.2100,1.6264
2010,2009,production,fulltime_35h,offer,54.7327,0.3120,57075,replicate_sdr,85.1615,2.1469
2010,2009,production,fulltime_35h,participation,45.3798,0.2966,57075,replicate_sdr,85.1615,1.9747
2010,2009,production,fulltime_35h,takeup,82.9116,0.2758,32138,replicate_sdr,85.1615,1.5757
2010,2009,production,fullyear_fulltime,offer,58.4163,0.3340,46776,replicate_sdr,69.4694,2.1220
2010,2009,production,fullyear_fulltime,participation,49.9028,0.3251,46776,replicate_sdr,69.4694,1.8813
2010,2009,production,fullyear_fulltime,takeup,85.4262,0.2861,28080,replicate_sdr,69.4694,1.6178
2010,2009,production,parttime_lt35h,offer,29.9469,0.5255,11708,replicate_sdr,17.6681,1.4411
2010,2009,production,parttime_lt35h,participation,15.1109,0.4110,11708,replicate_sdr,17.6681,1.4735
2010,2009,production,parttime_lt35h,takeup,50.4590,1.0698,3695,replicate_sdr,17.6681,1.6478
2011,2010,production,age_21_34,offer,42.4387,0.4751,23308,replicate_sdr,37.6841,1.7144
2011,2010,production,age_21_34,participation,29.0534,0.3987,23308,replicate_sdr,37.6841,1.4324
2011,2010,production,age_21_34,takeup,68.4596,0.6111,10131,replicate_sdr,37.6841,1.6672
2011,2010,production,age_35_64,offer,54.8400,0.3055,43663,replicate_sdr,64.9594,2.0076
2011,2010,production,age_35_64,participation,46.9307,0.2871,43663,replicate_sdr,64.9594,1.9494
2011,2010,production,age_35_64,takeup,85.5774,0.2675,24383,replicate_sdr,64.9594,1.6345
2011,2010,production,all_21_64,offer,50.2870,0.2672,66971,replicate_sdr,102.6436,2.1487
2011,2010,production,all_21_64,participation,40.3673,0.2455,66971,replicate_sdr,102.6436,1.8783
2011,2010,production,all_21_64,takeup,80.2737,0.2832,34514,replicate_sdr,102.6436,1.7149
2011,2010,production,emp_1000plus,offer,68.8592,0.3866,25302,replicate_sdr,39.3821,1.8195
2011,2010,production,emp_1000plus,participation,55.7197,0.3955,25302,replicate_sdr,39.3821,1.6787
2011,2010,production,emp_1000plus,takeup,80.9184,0.3799,17664,replicate_sdr,39.3821,1.6972
2011,2010,production,emp_100_499,offer,56.6144,0.6360,9782,replicate_sdr,14.6388,1.8205
2011,2010,production,emp_100_499,participation,45.4441,0.6568,9782,replicate_sdr,14.6388,1.6769
2011,2010,production,emp_100_499,takeup,80.2695,0.6247,5700,replicate_sdr,14.6388,1.5932
2011,2010,production,emp_100plus,offer,65.0067,0.3226,38887,replicate_sdr,59.8013,1.9734
2011,2010,production,emp_100plus,participation,52.5850,0.3355,38887,replicate_sdr,59.8013,1.7854
2011,2010,production,emp_100plus,takeup,80.8916,0.3223,25749,replicate_sdr,59.8013,1.6756
2011,2010,production,emp_100plus_age_21_34,offer,57.0294,0.5897,13033,replicate_sdr,21.3321,1.6483
2011,2010,production,emp_100plus_age_21_34,participation,39.4023,0.5381,13033,replicate_sdr,21.3321,1.4556
2011,2010,production,emp_100plus_age_21_34,takeup,69.0911,0.6682,7568,replicate_sdr,21.3321,1.6489
2011,2010,production,emp_10_49,offer,32.3988,0.5529,12181,replicate_sdr,18.3747,
2011,2010,production,emp_10_49,participation,25.2957,0.4980,12181,replicate_sdr,18.3747,
2011,2010,production,emp_10_49,takeup,78.0762,0.8078,4107,replicate_sdr,18.3747,
2011,2010,production,emp_500_999,offer,60.0131,0.8077,3803,replicate_sdr,5.7804,1.5933
2011,2010,production,emp_500_999,participation,49.3121,0.9031,3803,replicate_sdr,5.7804,1.5260
2011,2010,production,emp_500_999,takeup,82.1690,0.9495,2385,replicate_sdr,5.7804,1.5408
2011,2010,production,emp_50_99,offer,44.9561,0.8589,5717,replicate_sdr,8.8554,
2011,2010,production,emp_50_99,participation,35.0487,0.8087,5717,replicate_sdr,8.8554,
2011,2010,production,emp_50_99,takeup,77.9620,0.9439,2731,replicate_sdr,8.8554,
2011,2010,production,emp_lt10,offer,17.9819,0.5225,10186,replicate_sdr,15.6123,1.4684
2011,2010,production,emp_lt10,participation,14.3235,0.4482,10186,replicate_sdr,15.6123,1.4390
2011,2010,production,emp_lt10,takeup,79.6550,1.2012,1927,replicate_sdr,15.6123,1.4935
2011,2010,production,emp_lt100,offer,29.7407,0.3853,28084,replicate_sdr,42.8423,1.5830
2011,2010,production,emp_lt100,participation,23.3132,0.3306,28084,replicate_sdr,42.8423,1.5203
2011,2010,production,emp_lt100,takeup,78.3884,0.5299,8765,replicate_sdr,42.8423,1.6402
2011,2010,production,emp_lt100_age_21_34,offer,23.4043,0.6145,10275,replicate_sdr,16.3520,1.7289
2011,2010,production,emp_lt100_age_21_34,participation,15.5526,0.4950,10275,replicate_sdr,16.3520,1.5809
2011,2010,production,emp_lt100_age_21_34,takeup,66.4520,1.2414,2563,replicate_sdr,16.3520,1.6264
2011,2010,production,fulltime_35h,offer,54.6593,0.2871,55245,replicate_sdr,84.6385,2.1469
2011,2010,production,fulltime_35h,participation,45.7561,0.2829,55245,replicate_sdr,84.6385,1.9747
2011,2010,production,fulltime_35h,takeup,83.7115,0.2756,30922,replicate_sdr,84.6385,1.5757
2011,2010,production,fullyear_fulltime,offer,58.0752,0.3000,46002,replicate_sdr,70.2370,2.1220
2011,2010,production,fullyear_fulltime,participation,50.0701,0.3050,46002,replicate_sdr,70.2370,1.8813
2011,2010,production,fullyear_fulltime,takeup,86.2160,0.2652,27324,replicate_sdr,70.2370,1.6178
2011,2010,production,parttime_lt35h,offer,29.7340,0.5170,11726,replicate_sdr,18.0051,1.4411
2011,2010,production,parttime_lt35h,participation,15.0355,0.3592,11726,replicate_sdr,18.0051,1.4735
2011,2010,production,parttime_lt35h,takeup,50.5665,0.9571,3592,replicate_sdr,18.0051,1.6478
2012,2011,production,age_21_34,offer,41.9693,0.4328,22961,replicate_sdr,38.0100,1.7144
2012,2011,production,age_21_34,participation,28.3868,0.3385,22961,replicate_sdr,38.0100,1.4324
2012,2011,production,age_21_34,takeup,67.6371,0.5872,10011,replicate_sdr,38.0100,1.6672
2012,2011,production,age_35_64,offer,54.6058,0.3344,43003,replicate_sdr,65.9516,2.0076
2012,2011,production,age_35_64,participation,46.8140,0.3102,43003,replicate_sdr,65.9516,1.9494
2012,2011,production,age_35_64,takeup,85.7309,0.2612,24019,replicate_sdr,65.9516,1.6345
2012,2011,production,all_21_64,offer,49.9857,0.2686,65964,replicate_sdr,103.9616,2.1487
2012,2011,production,all_21_64,participation,40.0767,0.2298,65964,replicate_sdr,103.9616,1.8783
2012,2011,production,all_21_64,takeup,80.1764,0.2841,34030,replicate_sdr,103.9616,1.7149
2012,2011,production,emp_1000plus,offer,68.1413,0.4015,25322,replicate_sdr,40.5214,1.8195
2012,2011,production,emp_1000plus,participation,55.1422,0.4127,25322,replicate_sdr,40.5214,1.6787
2012,2011,production,emp_1000plus,takeup,80.9233,0.3680,17605,replicate_sdr,40.5214,1.6972
2012,2011,production,emp_100_499,offer,55.9651,0.6550,9600,replicate_sdr,14.8119,1.8205
2012,2011,production,emp_100_499,participation,44.3628,0.6382,9600,replicate_sdr,14.8119,1.6769
2012,2011,production,emp_100_499,takeup,79.2687,0.7397,5547,replicate_sdr,14.8119,1.5932
2012,2011,production,emp_100plus,offer,64.6590,0.3329,38589,replicate_sdr,61.0663,1.9734
2012,2011,production,emp_100plus,participation,52.0391,0.3250,38589,replicate_sdr,61.0663,1.7854
2012,2011,production,emp_100plus,takeup,80.4823,0.3316,25530,replicate_sdr,61.0663,1.6756
2012,2011,production,emp_100plus_age_21_34,offer,56.0574,0.5693,13150,replicate_sdr,21.8700,1.6483
2012,2011,production,emp_100plus_age_21_34,participation,38.0430,0.4963,13150,replicate_sdr,21.8700,1.4556
2012,2011,production,emp_100plus_age_21_34,takeup,67.8644,0.6627,7576,replicate_sdr,21.8700,1.6489
2012,2011,production,emp_10_49,offer,31.1813,0.6090,11843,replicate_sdr,18.5374,
2012,2011,production,emp_10_49,participation,24.5447,0.5589,11843,replicate_sdr,18.5374,
2012,2011,production,emp_10_49,takeup,78.7160,0.8714,3969,replicate_sdr,18.5374,
2012,2011,production,emp_500_999,offer,62.5076,0.9638,3667,replicate_sdr,5.7330,1.5933
2012,2011,production,emp_500_999,participation,49.9385,1.1077,3667,replicate_sdr,5.7330,1.5260
2012,2011,production,emp_500_999,takeup,79.8919,1.0763,2378,replicate_sdr,5.7330,1.5408
2012,2011,production,emp_50_99,offer,44.8156,0.8838,5702,replicate_sdr,8.9203,
2012,2011,production,emp_50_99,participation,35.3048,0.7661,5702,replicate_sdr,8.9203,
2012,2011,production,emp_50_99,takeup,78.7780,0.8597,2682,replicate_sdr,8.9203,
2012,2011,production,emp_lt10,offer,17.5102,0.4317,9830,replicate_sdr,15.4376,1.4684
2012,2011,production,emp_lt10,participation,14.1655,0.3882,9830,replicate_sdr,15.4376,1.4390
2012,2011,production,emp_lt10,takeup,80.8988,1.0418,1849,replicate_sdr,15.4376,1.4935
2012,2011,production,emp_lt100,offer,29.0965,0.3809,27375,replicate_sdr,42.8953,1.5830
2012,2011,production,emp_lt100,participation,23.0470,0.3408,27375,replicate_sdr,42.8953,1.5203
2012,2011,production,emp_lt100,takeup,79.2086,0.5090,8500,replicate_sdr,42.8953,1.6402
2012,2011,production,emp_lt100_age_21_34,offer,22.8797,0.5710,9811,replicate_sdr,16.1400,1.7289
2012,2011,production,emp_lt100_age_21_34,participation,15.3025,0.4550,9811,replicate_sdr,16.1400,1.5809
2012,2011,production,emp_lt100_age_21_34,takeup,66.8826,1.1187,2435,replicate_sdr,16.1400,1.6264
2012,2011,production,fulltime_35h,offer,54.1456,0.2981,54655,replicate_sdr,86.0378,2.1469
2012,2011,production,fulltime_35h,participation,45.2122,0.2675,54655,replicate_sdr,86.0378,1.9747
2012,2011,production,fulltime_35h,takeup,83.5012,0.2886,30500,replicate_sdr,86.0378,1.5757
2012,2011,production,fullyear_fulltime,offer,57.2884,0.3226,46135,replicate_sdr,72.2786,2.1220
2012,2011,production,fullyear_fulltime,participation,49.2042,0.2960,46135,replicate_sdr,72.2786,1.8813
2012,2011,production,fullyear_fulltime,takeup,85.8887,0.2868,27189,replicate_sdr,72.2786,1.6178
2012,2011,production,parttime_lt35h,offer,30.0171,0.4809,11309,replicate_sdr,17.9239,1.4411
2012,2011,production,parttime_lt35h,participation,15.4254,0.3587,11309,replicate_sdr,17.9239,1.4735
2012,2011,production,parttime_lt35h,takeup,51.3885,0.8825,3530,replicate_sdr,17.9239,1.6478
2013,2012,production,age_21_34,offer,41.2842,0.4508,23191,replicate_sdr,39.0168,1.7144
2013,2012,production,age_21_34,participation,28.1640,0.4112,23191,replicate_sdr,39.0168,1.4324
2013,2012,production,age_21_34,takeup,68.2197,0.5807,9874,replicate_sdr,39.0168,1.6672
2013,2012,production,age_35_64,offer,54.6353,0.2861,43406,replicate_sdr,66.5950,2.0076
2013,2012,production,age_35_64,participation,46.8909,0.2857,43406,replicate_sdr,66.5950,1.9494
2013,2012,production,age_35_64,takeup,85.8252,0.2720,24137,replicate_sdr,66.5950,1.6345
2013,2012,production,all_21_64,offer,49.7030,0.2716,66597,replicate_sdr,105.6117,2.1487
2013,2012,production,all_21_64,participation,39.9725,0.2470,66597,replicate_sdr,105.6117,1.8783
2013,2012,production,all_21_64,takeup,80.4227,0.2577,34011,replicate_sdr,105.6117,1.7149
2013,2012,production,emp_1000plus,offer,67.5168,0.3869,25668,replicate_sdr,41.2780,1.8195
2013,2012,production,emp_1000plus,participation,54.8520,0.3907,25668,replicate_sdr,41.2780,1.6787
2013,2012,production,emp_1000plus,takeup,81.2421,0.3684,17655,replicate_sdr,41.2780,1.6972
2013,2012,production,emp_100_499,offer,55.9054,0.6718,9626,replicate_sdr,14.8246,1.8205
2013,2012,production,emp_100_499,participation,44.8444,0.6355,9626,replicate_sdr,14.8246,1.6769
2013,2012,production,emp_100_499,takeup,80.2147,0.6617,5565,replicate_sdr,14.8246,1.5932
2013,2012,production,emp_100plus,offer,64.0923,0.3216,39013,replicate_sdr,61.9372,1.9734
2013,2012,production,emp_100plus,participation,51.9310,0.3074,39013,replicate_sdr,61.9372,1.7854
2013,2012,production,emp_100plus,takeup,81.0253,0.2820,25539,replicate_sdr,61.9372,1.6756
2013,2012,production,emp_100plus_age_21_34,offer,55.0004,0.5756,13251,replicate_sdr,22.4044,1.6483
2013,2012,production,emp_100plus_age_21_34,participation,37.7503,0.5621,13251,replicate_sdr,22.4044,1.4556
2013,2012,production,emp_100plus_age_21_34,takeup,68.6365,0.7013,7454,replicate_sdr,22.4044,1.6489
2013,2012,production,emp_10_49,offer,31.2632,0.5629,12055,replicate_sdr,19.0281,
2013,2012,production,emp_10_49,participation,24.3979,0.5317,12055,replicate_sdr,19.0281,
2013,2012,production,emp_10_49,takeup,78.0402,0.8174,4030,replicate_sdr,19.0281,
2013,2012,production,emp_500_999,offer,60.6665,1.0419,3719,replicate_sdr,5.8347,1.5933
2013,2012,production,emp_500_999,participation,49.2714,1.1392,3719,replicate_sdr,5.8347,1.5260
2013,2012,production,emp_500_999,takeup,81.2169,1.1491,2319,replicate_sdr,5.8347,1.5408
2013,2012,production,emp_50_99,offer,45.7404,0.7016,5770,replicate_sdr,9.1917,
2013,2012,production,emp_50_99,participation,36.5642,0.6582,5770,replicate_sdr,9.1917,
2013,2012,production,emp_50_99,takeup,79.9385,0.9081,2692,replicate_sdr,9.1917,
2013,2012,production,emp_lt10,offer,17.0956,0.4433,9759,replicate_sdr,15.4547,1.4684
2013,2012,production,emp_lt10,participation,13.2497,0.4122,9759,replicate_sdr,15.4547,1.4390
2013,2012,production,emp_lt10,takeup,77.5037,1.1991,1750,replicate_sdr,15.4547,1.4935
2013,2012,production,emp_lt100,offer,29.2967,0.3306,27584,replicate_sdr,43.6745,1.5830
2013,2012,production,emp_lt100,participation,23.0135,0.3113,27584,replicate_sdr,43.6745,1.5203
2013,2012,production,emp_lt100,takeup,78.5532,0.5318,8472,replicate_sdr,43.6745,1.6402
2013,2012,production,emp_lt100_age_21_34,offer,22.7859,0.5506,9940,replicate_sdr,16.6124,1.7289
2013,2012,production,emp_lt100_age_21_34,participation,15.2353,0.4738,9940,replicate_sdr,16.6124,1.5809
2013,2012,production,emp_lt100_age_21_34,takeup,66.8629,1.1057,2420,replicate_sdr,16.6124,1.6264
2013,2012,production,fulltime_35h,offer,54.2174,0.2813,55146,replicate_sdr,87.3001,2.1469
2013,2012,production,fulltime_35h,participation,45.5204,0.2795,55146,replicate_sdr,87.3001,1.9747
2013,2012,production,fulltime_35h,takeup,83.9591,0.2492,30622,replicate_sdr,87.3001,1.5757
2013,2012,production,fullyear_fulltime,offer,57.3152,0.3144,46654,replicate_sdr,73.5170,2.1220
2013,2012,production,fullyear_fulltime,participation,49.4951,0.3152,46654,replicate_sdr,73.5170,1.8813
2013,2012,production,fullyear_fulltime,takeup,86.3559,0.2525,27367,replicate_sdr,73.5170,1.6178
2013,2012,production,parttime_lt35h,offer,28.1806,0.5337,11451,replicate_sdr,18.3116,1.4411
2013,2012,production,parttime_lt35h,participation,13.5229,0.3891,11451,replicate_sdr,18.3116,1.4735
2013,2012,production,parttime_lt35h,takeup,47.9864,1.0287,3389,replicate_sdr,18.3116,1.6478
2014,2013,redesign_3x8,age_21_34,offer,42.4818,0.7376,6643,replicate_sdr,39.1219,1.7144
2014,2013,redesign_3x8,age_21_34,participation,27.4511,0.6522,6643,replicate_sdr,39.1219,1.4324
2014,2013,redesign_3x8,age_21_34,takeup,64.6185,1.0888,2896,replicate_sdr,39.1219,1.6672
2014,2013,redesign_3x8,age_35_64,offer,51.1088,0.5170,13091,replicate_sdr,68.0903,2.0076
2014,2013,redesign_3x8,age_35_64,participation,43.0069,0.4950,13091,replicate_sdr,68.0903,1.9494
2014,2013,redesign_3x8,age_35_64,takeup,84.1477,0.4921,6921,replicate_sdr,68.0903,1.6345
2014,2013,redesign_3x8,all_21_64,offer,47.9608,0.4470,19734,replicate_sdr,107.2122,2.1487
2014,2013,redesign_3x8,all_21_64,participation,37.3306,0.4117,19734,replicate_sdr,107.2122,1.8783
2014,2013,redesign_3x8,all_21_64,takeup,77.8355,0.5245,9817,replicate_sdr,107.2122,1.7149
2014,2013,redesign_3x8,emp_1000plus,offer,64.8826,0.7038,7493,replicate_sdr,40.7559,1.8195
2014,2013,redesign_3x8,emp_1000plus,participation,50.6664,0.6731,7493,replicate_sdr,40.7559,1.6787
2014,2013,redesign_3x8,emp_1000plus,takeup,78.0893,0.7991,4972,replicate_sdr,40.7559,1.6972
2014,2013,redesign_3x8,emp_100_499,offer,54.4746,1.1271,2928,replicate_sdr,15.5966,1.8205
2014,2013,redesign_3x8,emp_100_499,participation,42.9634,1.1377,2928,replicate_sdr,15.5966,1.6769
2014,2013,redesign_3x8,emp_100_499,takeup,78.8687,1.2922,1649,replicate_sdr,15.5966,1.5932
2014,2013,redesign_3x8,emp_100plus,offer,61.5298,0.5691,11518,replicate_sdr,62.0394,1.9734
2014,2013,redesign_3x8,emp_100plus,participation,48.3465,0.5670,11518,replicate_sdr,62.0394,1.7854
2014,2013,redesign_3x8,emp_100plus,takeup,78.5741,0.6169,7272,replicate_sdr,62.0394,1.6756
2014,2013,redesign_3x8,emp_100plus_age_21_34,offer,56.1981,1.0549,3813,replicate_sdr,22.4293,1.6483
2014,2013,redesign_3x8,emp_100plus_age_21_34,participation,36.1909,0.9514,3813,replicate_sdr,22.4293,1.4556
2014,2013,redesign_3x8,emp_100plus_age_21_34,takeup,64.3988,1.2671,2185,replicate_sdr,22.4293,1.6489
2014,2013,redesign_3x8,emp_10_49,offer,31.9869,1.0596,3591,replicate_sdr,19.6630,
2014,2013,redesign_3x8,emp_10_49,participation,23.9516,0.9131,3591,replicate_sdr,19.6630,
2014,2013,redesign_3x8,emp_10_49,takeup,74.8796,1.5902,1207,replicate_sdr,19.6630,
2014,2013,redesign_3x8,emp_500_999,offer,56.8508,1.6980,1097,replicate_sdr,5.6869,1.5933
2014,2013,redesign_3x8,emp_500_999,participation,46.4843,1.7600,1097,replicate_sdr,5.6869,1.5260
2014,2013,redesign_3x8,emp_500_999,takeup,81.7654,2.0203,651,replicate_sdr,5.6869,1.5408
2014,2013,redesign_3x8,emp_50_99,offer,46.0297,1.5512,1725,replicate_sdr,9.4101,
2014,2013,redesign_3x8,emp_50_99,participation,35.5478,1.4380,1725,replicate_sdr,9.4101,
2014,2013,redesign_3x8,emp_50_99,takeup,77.2280,1.7121,829,replicate_sdr,9.4101,
2014,2013,redesign_3x8,emp_lt10,offer,16.3112,0.8316,2900,replicate_sdr,16.0996,1.4684
2014,2013,redesign_3x8,emp_lt10,participation,12.2629,0.7606,2900,replicate_sdr,16.0996,1.4390
2014,2013,redesign_3x8,emp_lt10,takeup,75.1810,2.2176,509,replicate_sdr,16.0996,1.4935
2014,2013,redesign_3x8,emp_lt100,offer,29.3254,0.6678,8216,replicate_sdr,45.1728,1.5830
2014,2013,redesign_3x8,emp_lt100,participation,22.2014,0.5698,8216,replicate_sdr,45.1728,1.5203
2014,2013,redesign_3x8,emp_lt100,takeup,75.7072,0.9829,2545,replicate_sdr,45.1728,1.6402
2014,2013,redesign_3x8,emp_lt100_age_21_34,offer,24.0516,0.9920,2830,replicate_sdr,16.6926,1.7289
2014,2013,redesign_3x8,emp_lt100_age_21_34,participation,15.7077,0.8495,2830,replicate_sdr,16.6926,1.5809
2014,2013,redesign_3x8,emp_lt100_age_21_34,takeup,65.3083,2.1566,711,replicate_sdr,16.6926,1.6264
2014,2013,redesign_3x8,fulltime_35h,offer,51.5720,0.4881,16432,replicate_sdr,88.9275,2.1469
2014,2013,redesign_3x8,fulltime_35h,participation,42.4477,0.4618,16432,replicate_sdr,88.9275,1.9747
2014,2013,redesign_3x8,fulltime_35h,takeup,82.3077,0.4702,8739,replicate_sdr,88.9275,1.5757
2014,2013,redesign_3x8,fullyear_fulltime,offer,53.3090,0.5162,14058,replicate_sdr,75.6879,2.1220
2014,2013,redesign_3x8,fullyear_fulltime,participation,45.1705,0.4822,14058,replicate_sdr,75.6879,1.8813
2014,2013,redesign_3x8,fullyear_fulltime,takeup,84.7334,0.4582,7741,replicate_sdr,75.6879,1.6178
2014,2013,redesign_3x8,parttime_lt35h,offer,30.3979,1.0093,3302,replicate_sdr,18.2847,1.4411
2014,2013,redesign_3x8,parttime_lt35h,participation,12.4433,0.6146,3302,replicate_sdr,18.2847,1.4735
2014,2013,redesign_3x8,parttime_lt35h,takeup,40.9346,1.7741,1078,replicate_sdr,18.2847,1.6478
2014,2013,traditional_5x8,age_21_34,offer,44.8090,0.5143,16270,replicate_sdr,39.3881,1.7144
2014,2013,traditional_5x8,age_21_34,participation,29.9084,0.5094,16270,replicate_sdr,39.3881,1.4324
2014,2013,traditional_5x8,age_21_34,takeup,66.7464,0.8060,7396,replicate_sdr,39.3881,1.6672
2014,2013,traditional_5x8,age_35_64,offer,57.3554,0.4076,29815,replicate_sdr,67.6089,2.0076
2014,2013,traditional_5x8,age_35_64,participation,48.7092,0.3779,29815,replicate_sdr,67.6089,1.9494
2014,2013,traditional_5x8,age_35_64,takeup,84.9252,0.3395,17124,replicate_sdr,67.6089,1.6345
2014,2013,traditional_5x8,all_21_64,offer,52.7368,0.3185,46085,replicate_sdr,106.9969,2.1487
2014,2013,traditional_5x8,all_21_64,participation,41.7882,0.3214,46085,replicate_sdr,106.9969,1.8783
2014,2013,traditional_5x8,all_21_64,takeup,79.2392,0.3918,24520,replicate_sdr,106.9969,1.7149
2014,2013,traditional_5x8,emp_1000plus,offer,70.9966,0.4805,17766,replicate_sdr,42.1852,1.8195
2014,2013,traditional_5x8,emp_1000plus,participation,56.9941,0.4905,17766,replicate_sdr,42.1852,1.6787
2014,2013,traditional_5x8,emp_1000plus,takeup,80.2773,0.4647,12706,replicate_sdr,42.1852,1.6972
2014,2013,traditional_5x8,emp_100_499,offer,59.8745,0.7647,6913,replicate_sdr,15.8455,1.8205
2014,2013,traditional_5x8,emp_100_499,participation,47.1433,0.7474,6913,replicate_sdr,15.8455,1.6769
2014,2013,traditional_5x8,emp_100_499,takeup,78.7369,0.7968,4180,replicate_sdr,15.8455,1.5932
2014,2013,traditional_5x8,emp_100plus,offer,67.4610,0.4035,27250,replicate_sdr,63.8154,1.9734
2014,2013,traditional_5x8,emp_100plus,participation,53.8980,0.4114,27250,replicate_sdr,63.8154,1.7854
2014,2013,traditional_5x8,emp_100plus,takeup,79.8951,0.4315,18546,replicate_sdr,63.8154,1.6756
2014,2013,traditional_5x8,emp_100plus_age_21_34,offer,59.2645,0.6701,9399,replicate_sdr,23.0073,1.6483
2014,2013,traditional_5x8,emp_100plus_age_21_34,participation,39.6660,0.6851,9399,replicate_sdr,23.0073,1.4556
2014,2013,traditional_5x8,emp_100plus_age_21_34,takeup,66.9305,0.9059,5645,replicate_sdr,23.0073,1.6489
2014,2013,traditional_5x8,emp_10_49,offer,33.4380,0.6749,8167,replicate_sdr,18.7381,
2014,2013,traditional_5x8,emp_10_49,participation,25.6472,0.5838,8167,replicate_sdr,18.7381,
2014,2013,traditional_5x8,emp_10_49,takeup,76.7006,0.9774,2788,replicate_sdr,18.7381,
2014,2013,traditional_5x8,emp_500_999,offer,62.4581,1.3171,2571,replicate_sdr,5.7847,1.5933
2014,2013,traditional_5x8,emp_500_999,participation,49.8216,1.3009,2571,replicate_sdr,5.7847,1.5260
2014,2013,traditional_5x8,emp_500_999,takeup,79.7680,1.3656,1660,replicate_sdr,5.7847,1.5408
2014,2013,traditional_5x8,emp_50_99,offer,49.2800,1.0059,4004,replicate_sdr,9.0956,
2014,2013,traditional_5x8,emp_50_99,participation,38.2621,0.9276,4004,replicate_sdr,9.0956,
2014,2013,traditional_5x8,emp_50_99,takeup,77.6422,1.1121,2012,replicate_sdr,9.0956,
2014,2013,traditional_5x8,emp_lt10,offer,17.1248,0.5948,6664,replicate_sdr,15.3479,1.4684
2014,2013,traditional_5x8,emp_lt10,participation,13.2325,0.5093,6664,replicate_sdr,15.3479,1.4390
2014,2013,traditional_5x8,emp_lt10,takeup,77.2709,1.3088,1174,replicate_sdr,15.3479,1.4935
2014,2013,traditional_5x8,emp_lt100,offer,30.9768,0.4680,18835,replicate_sdr,43.1815,1.5830
2014,2013,traditional_5x8,emp_lt100,participation,23.8918,0.4157,18835,replicate_sdr,43.1815,1.5203
2014,2013,traditional_5x8,emp_lt100,takeup,77.1282,0.6801,5974,replicate_sdr,43.1815,1.6402
2014,2013,traditional_5x8,emp_lt100_age_21_34,offer,24.5057,0.7145,6871,replicate_sdr,16.3808,1.7289
2014,2013,traditional_5x8,emp_lt100_age_21_34,participation,16.2035,0.6181,6871,replicate_sdr,16.3808,1.5809
2014,2013,traditional_5x8,emp_lt100_age_21_34,takeup,66.1212,1.3621,1751,replicate_sdr,16.3808,1.6264
2014,2013,traditional_5x8,fulltime_35h,offer,56.8313,0.3307,38376,replicate_sdr,88.9677,2.1469
2014,2013,traditional_5x8,fulltime_35h,participation,47.1755,0.3530,38376,replicate_sdr,88.9677,1.9747
2014,2013,traditional_5x8,fulltime_35h,takeup,83.0096,0.3750,21950,replicate_sdr,88.9677,1.5757
2014,2013,traditional_5x8,fullyear_fulltime,offer,59.5728,0.3559,32735,replicate_sdr,75.7576,2.1220
2014,2013,traditional_5x8,fullyear_fulltime,participation,50.6960,0.3810,32735,replicate_sdr,75.7576,1.8813
2014,2013,traditional_5x8,fullyear_fulltime,takeup,85.0993,0.3805,19651,replicate_sdr,75.7576,1.6178
2014,2013,traditional_5x8,parttime_lt35h,offer,32.5314,0.6944,7709,replicate_sdr,18.0292,1.4411
2014,2013,traditional_5x8,parttime_lt35h,participation,15.2037,0.4751,7709,replicate_sdr,18.0292,1.4735
2014,2013,traditional_5x8,parttime_lt35h,takeup,46.7355,1.1795,2570,replicate_sdr,18.0292,1.6478
2015,2014,production,age_21_34,offer,40.5854,0.4134,22916,replicate_sdr,39.9017,1.7144
2015,2014,production,age_21_34,participation,26.4516,0.3537,22916,replicate_sdr,39.9017,1.4324
2015,2014,production,age_21_34,takeup,65.1751,0.5627,9374,replicate_sdr,39.9017,1.6672
2015,2014,production,age_35_64,offer,49.1368,0.3148,42592,replicate_sdr,68.0447,2.0076
2015,2014,production,age_35_64,participation,40.7785,0.2998,42592,replicate_sdr,68.0447,1.9494
2015,2014,production,age_35_64,takeup,82.9899,0.3323,21050,replicate_sdr,68.0447,1.6345
2015,2014,production,all_21_64,offer,45.9758,0.2639,65508,replicate_sdr,107.9464,2.1487
2015,2014,production,all_21_64,participation,35.4827,0.2383,65508,replicate_sdr,107.9464,1.8783
2015,2014,production,all_21_64,takeup,77.1768,0.3102,30424,replicate_sdr,107.9464,1.7149
2015,2014,production,emp_1000plus,offer,62.1265,0.4040,24781,replicate_sdr,42.0020,1.8195
2015,2014,production,emp_1000plus,participation,48.2607,0.3933,24781,replicate_sdr,42.0020,1.6787
2015,2014,production,emp_1000plus,takeup,77.6814,0.3798,15612,replicate_sdr,42.0020,1.6972
2015,2014,production,emp_100_499,offer,50.1470,0.6630,9660,replicate_sdr,15.5263,1.8205
2015,2014,production,emp_100_499,participation,39.0878,0.6177,9660,replicate_sdr,15.5263,1.6769
2015,2014,production,emp_100_499,takeup,77.9464,0.8176,4987,replicate_sdr,15.5263,1.5932
2015,2014,production,emp_100plus,offer,58.6549,0.3486,38409,replicate_sdr,64.0670,1.9734
2015,2014,production,emp_100plus,participation,45.6240,0.3282,38409,replicate_sdr,64.0670,1.7854
2015,2014,production,emp_100plus,takeup,77.7837,0.3456,22855,replicate_sdr,64.0670,1.6756
2015,2014,production,emp_100plus_age_21_34,offer,52.4063,0.5701,13258,replicate_sdr,23.5334,1.6483
2015,2014,production,emp_100plus_age_21_34,participation,34.3061,0.5162,13258,replicate_sdr,23.5334,1.4556
2015,2014,production,emp_100plus_age_21_34,takeup,65.4618,0.6415,7043,replicate_sdr,23.5334,1.6489
2015,2014,production,emp_10_49,offer,29.9729,0.4905,11500,replicate_sdr,18.5336,
2015,2014,production,emp_10_49,participation,22.3492,0.4366,11500,replicate_sdr,18.5336,
2015,2014,production,emp_10_49,takeup,74.5648,0.9363,3479,replicate_sdr,18.5336,
2015,2014,production,emp_500_999,offer,56.5570,1.0198,3968,replicate_sdr,6.5387,1.5933
2015,2014,production,emp_500_999,participation,44.2067,1.0442,3968,replicate_sdr,6.5387,1.5260
2015,2014,production,emp_500_999,takeup,78.1631,1.1295,2256,replicate_sdr,6.5387,1.5408
2015,2014,production,emp_50_99,offer,41.7433,0.7828,5885,replicate_sdr,9.5489,
2015,2014,production,emp_50_99,participation,32.0894,0.6891,5885,replicate_sdr,9.5489,
2015,2014,production,emp_50_99,takeup,76.8733,0.9628,2494,replicate_sdr,9.5489,
2015,2014,production,emp_lt10,offer,15.8874,0.4868,9714,replicate_sdr,15.7970,1.4684
2015,2014,production,emp_lt10,participation,11.8128,0.4264,9714,replicate_sdr,15.7970,1.4390
2015,2014,production,emp_lt10,takeup,74.3534,1.2955,1596,replicate_sdr,15.7970,1.4935
2015,2014,production,emp_lt100,offer,27.4634,0.3211,27099,replicate_sdr,43.8794,1.5830
2015,2014,production,emp_lt100,participation,20.6757,0.2995,27099,replicate_sdr,43.8794,1.5203
2015,2014,production,emp_lt100,takeup,75.2844,0.5890,7569,replicate_sdr,43.8794,1.6402
2015,2014,production,emp_lt100_age_21_34,offer,23.5902,0.5493,9658,replicate_sdr,16.3684,1.7289
2015,2014,production,emp_lt100_age_21_34,participation,15.1589,0.4769,9658,replicate_sdr,16.3684,1.5809
2015,2014,production,emp_lt100_age_21_34,takeup,64.2595,1.1625,2331,replicate_sdr,16.3684,1.6264
2015,2014,production,fulltime_35h,offer,49.1177,0.2836,55081,replicate_sdr,90.5990,2.1469
2015,2014,production,fulltime_35h,participation,39.6856,0.2640,55081,replicate_sdr,90.5990,1.9747
2015,2014,production,fulltime_35h,takeup,80.7969,0.3110,27294,replicate_sdr,90.5990,1.5757
2015,2014,production,fullyear_fulltime,offer,51.0086,0.3072,47493,replicate_sdr,77.9368,2.1220
2015,2014,production,fullyear_fulltime,participation,42.3462,0.2905,47493,replicate_sdr,77.9368,1.8813
2015,2014,production,fullyear_fulltime,takeup,83.0179,0.3183,24438,replicate_sdr,77.9368,1.6178
2015,2014,production,parttime_lt35h,offer,29.5670,0.5366,10427,replicate_sdr,17.3475,1.4411
2015,2014,production,parttime_lt35h,participation,13.5325,0.4015,10427,replicate_sdr,17.3475,1.4735
2015,2014,production,parttime_lt35h,takeup,45.7690,1.1054,3130,replicate_sdr,17.3475,1.6478
2016,2015,production,age_21_34,offer,36.8724,0.4568,21196,replicate_sdr,40.6611,1.7144
2016,2015,production,age_21_34,participation,23.2035,0.3892,21196,replicate_sdr,40.6611,1.4324
2016,2015,production,age_21_34,takeup,62.9293,0.6775,7914,replicate_sdr,40.6611,1.6672
2016,2015,production,age_35_64,offer,45.7063,0.3578,39687,replicate_sdr,68.9370,2.0076
2016,2015,production,age_35_64,participation,37.7518,0.3525,39687,replicate_sdr,68.9370,1.9494
2016,2015,production,age_35_64,takeup,82.5964,0.3553,18178,replicate_sdr,68.9370,1.6345
2016,2015,production,all_21_64,offer,42.4289,0.3022,60883,replicate_sdr,109.5981,2.1487
2016,2015,production,all_21_64,participation,32.3544,0.2859,60883,replicate_sdr,109.5981,1.8783
2016,2015,production,all_21_64,takeup,76.2554,0.3534,26092,replicate_sdr,109.5981,1.7149
2016,2015,production,emp_1000plus,offer,57.6512,0.4271,23845,replicate_sdr,44.0234,1.8195
2016,2015,production,emp_1000plus,participation,44.5798,0.4440,23845,replicate_sdr,44.0234,1.6787
2016,2015,production,emp_1000plus,takeup,77.3267,0.4946,13889,replicate_sdr,44.0234,1.6972
2016,2015,production,emp_100_499,offer,46.2389,0.6836,8843,replicate_sdr,15.5703,1.8205
2016,2015,production,emp_100_499,participation,34.6125,0.6890,8843,replicate_sdr,15.5703,1.6769
2016,2015,production,emp_100_499,takeup,74.8558,0.8462,4166,replicate_sdr,15.5703,1.5932
2016,2015,production,emp_100plus,offer,54.3153,0.3575,36289,replicate_sdr,65.9718,1.9734
2016,2015,production,emp_100plus,participation,41.7639,0.3713,36289,replicate_sdr,65.9718,1.7854
2016,2015,production,emp_100plus,takeup,76.8915,0.4071,19913,replicate_sdr,65.9718,1.6756
2016,2015,production,emp_100plus_age_21_34,offer,47.9053,0.6036,12514,replicate_sdr,24.1828,1.6483
2016,2015,production,emp_100plus_age_21_34,participation,30.4867,0.5485,12514,replicate_sdr,24.1828,1.4556
2016,2015,production,emp_100plus_age_21_34,takeup,63.6395,0.8056,6078,replicate_sdr,24.1828,1.6489
2016,2015,production,emp_10_49,offer,25.1863,0.5489,10837,replicate_sdr,19.4219,
2016,2015,production,emp_10_49,participation,18.4087,0.4614,10837,replicate_sdr,19.4219,
2016,2015,production,emp_10_49,takeup,73.0904,1.0210,2808,replicate_sdr,19.4219,
2016,2015,production,emp_500_999,offer,51.0063,0.9715,3601,replicate_sdr,6.3781,1.5933
2016,2015,production,emp_500_999,participation,39.7855,0.9866,3601,replicate_sdr,6.3781,1.5260
2016,2015,production,emp_500_999,takeup,78.0012,1.2431,1858,replicate_sdr,6.3781,1.5408
2016,2015,production,emp_50_99,offer,38.4164,0.8984,5143,replicate_sdr,9.1943,
2016,2015,production,emp_50_99,participation,28.8590,0.8079,5143,replicate_sdr,9.1943,
2016,2015,production,emp_50_99,takeup,75.1214,1.2169,1994,replicate_sdr,9.1943,
2016,2015,production,emp_lt10,offer,14.9547,0.5032,8614,replicate_sdr,15.0101,1.4684
2016,2015,production,emp_lt10,participation,11.1837,0.4340,8614,replicate_sdr,15.0101,1.4390
2016,2015,production,emp_lt10,takeup,74.7839,1.4385,1377,replicate_sdr,15.0101,1.4935
2016,2015,production,emp_lt100,offer,24.4543,0.3716,24594,replicate_sdr,43.6263,1.5830
2016,2015,production,emp_lt100,participation,18.1253,0.3238,24594,replicate_sdr,43.6263,1.5203
2016,2015,production,emp_lt100,takeup,74.1191,0.7265,6179,replicate_sdr,43.6263,1.6402
2016,2015,production,emp_lt100_age_21_34,offer,20.6810,0.5554,8682,replicate_sdr,16.4783,1.7289
2016,2015,production,emp_lt100_age_21_34,participation,12.5151,0.4471,8682,replicate_sdr,16.4783,1.5809
2016,2015,production,emp_lt100_age_21_34,takeup,60.5149,1.4825,1836,replicate_sdr,16.4783,1.6264
2016,2015,production,fulltime_35h,offer,45.2133,0.3493,51564,replicate_sdr,92.5566,2.1469
2016,2015,production,fulltime_35h,participation,36.2454,0.3245,51564,replicate_sdr,92.5566,1.9747
2016,2015,production,fulltime_35h,takeup,80.1654,0.3372,23540,replicate_sdr,92.5566,1.5757
2016,2015,production,fullyear_fulltime,offer,46.8171,0.3695,44637,replicate_sdr,79.8490,2.1220
2016,2015,production,fullyear_fulltime,participation,38.6011,0.3475,44637,replicate_sdr,79.8490,1.8813
2016,2015,production,fullyear_fulltime,takeup,82.4510,0.3261,21096,replicate_sdr,79.8490,1.6178
2016,2015,production,parttime_lt35h,offer,27.3063,0.5833,9319,replicate_sdr,17.0415,1.4411
2016,2015,production,parttime_lt35h,participation,11.2211,0.3806,9319,replicate_sdr,17.0415,1.4735
2016,2015,production,parttime_lt35h,takeup,41.0935,1.1128,2552,replicate_sdr,17.0415,1.6478
2017,2016,production,age_21_34,offer,35.7037,0.4148,21634,replicate_sdr,41.5584,1.7144
2017,2016,production,age_21_34,participation,23.3278,0.3753,21634,replicate_sdr,41.5584,1.4324
2017,2016,production,age_21_34,takeup,65.3371,0.7035,7843,replicate_sdr,41.5584,1.6672
2017,2016,production,age_35_64,offer,43.2494,0.3347,40049,replicate_sdr,69.1124,2.0076
2017,2016,production,age_35_64,participation,35.8079,0.3134,40049,replicate_sdr,69.1124,1.9494
2017,2016,production,age_35_64,takeup,82.7941,0.3419,17542,replicate_sdr,69.1124,1.6345
2017,2016,production,all_21_64,offer,40.4159,0.2539,61683,replicate_sdr,110.6708,2.1487
2017,2016,production,all_21_64,participation,31.1214,0.2446,61683,replicate_sdr,110.6708,1.8783
2017,2016,production,all_21_64,takeup,77.0030,0.3550,25385,replicate_sdr,110.6708,1.7149
2017,2016,production,emp_1000plus,offer,54.5560,0.3871,24488,replicate_sdr,44.9808,1.8195
2017,2016,production,emp_1000plus,participation,42.4661,0.3824,24488,replicate_sdr,44.9808,1.6787
2017,2016,production,emp_1000plus,takeup,77.8394,0.4460,13599,replicate_sdr,44.9808,1.6972
2017,2016,production,emp_100_499,offer,45.0612,0.6449,8827,replicate_sdr,15.7917,1.8205
2017,2016,production,emp_100_499,participation,35.1832,0.6778,8827,replicate_sdr,15.7917,1.6769
2017,2016,production,emp_100_499,takeup,78.0788,0.8224,4042,replicate_sdr,15.7917,1.5932
2017,2016,production,emp_100plus,offer,51.7648,0.3181,36755,replicate_sdr,66.8177,1.9734
2017,2016,production,emp_100plus,participation,40.4099,0.3282,36755,replicate_sdr,66.8177,1.7854
2017,2016,production,emp_100plus,takeup,78.0643,0.3846,19361,replicate_sdr,66.8177,1.6756
2017,2016,production,emp_100plus_age_21_34,offer,46.8372,0.5681,12673,replicate_sdr,24.7407,1.6483
2017,2016,production,emp_100plus_age_21_34,participation,31.1939,0.5337,12673,replicate_sdr,24.7407,1.4556
2017,2016,production,emp_100plus_age_21_34,takeup,66.6007,0.7528,6044,replicate_sdr,24.7407,1.6489
2017,2016,production,emp_10_49,offer,24.7456,0.5434,10930,replicate_sdr,19.3828,
2017,2016,production,emp_10_49,participation,17.8726,0.4837,10930,replicate_sdr,19.3828,
2017,2016,production,emp_10_49,takeup,72.2254,1.0985,2840,replicate_sdr,19.3828,
2017,2016,production,emp_500_999,offer,48.5080,0.9638,3440,replicate_sdr,6.0453,1.5933
2017,2016,production,emp_500_999,participation,38.7633,0.9788,3440,replicate_sdr,6.0453,1.5260
2017,2016,production,emp_500_999,takeup,79.9110,1.2034,1720,replicate_sdr,6.0453,1.5408
2017,2016,production,emp_50_99,offer,35.7668,0.7795,5244,replicate_sdr,9.2561,
2017,2016,production,emp_50_99,participation,26.2998,0.7127,5244,replicate_sdr,9.2561,
2017,2016,production,emp_50_99,takeup,73.5313,1.3311,1939,replicate_sdr,9.2561,
2017,2016,production,emp_lt10,offer,13.3657,0.4798,8754,replicate_sdr,15.2142,1.4684
2017,2016,production,emp_lt10,participation,10.1409,0.4340,8754,replicate_sdr,15.2142,1.4390
2017,2016,production,emp_lt10,takeup,75.8725,1.5746,1245,replicate_sdr,15.2142,1.4935
2017,2016,production,emp_lt100,offer,23.1238,0.3424,24928,replicate_sdr,43.8531,1.5830
2017,2016,production,emp_lt100,participation,16.9689,0.3044,24928,replicate_sdr,43.8531,1.5203
2017,2016,production,emp_lt100,takeup,73.3831,0.6785,6024,replicate_sdr,43.8531,1.6402
2017,2016,production,emp_lt100_age_21_34,offer,19.3251,0.5338,8961,replicate_sdr,16.8177,1.7289
2017,2016,production,emp_lt100_age_21_34,participation,11.7558,0.4355,8961,replicate_sdr,16.8177,1.5809
2017,2016,production,emp_lt100_age_21_34,takeup,60.8318,1.4129,1799,replicate_sdr,16.8177,1.6264
2017,2016,production,fulltime_35h,offer,43.1213,0.2872,52341,replicate_sdr,93.7605,2.1469
2017,2016,production,fulltime_35h,participation,34.8499,0.2693,52341,replicate_sdr,93.7605,1.9747
2017,2016,production,fulltime_35h,takeup,80.8184,0.3348,22946,replicate_sdr,93.7605,1.5757
2017,2016,production,fullyear_fulltime,offer,44.4107,0.3093,45649,replicate_sdr,81.6884,2.1220
2017,2016,production,fullyear_fulltime,participation,36.7940,0.2941,45649,replicate_sdr,81.6884,1.8813
2017,2016,production,fullyear_fulltime,takeup,82.8495,0.3316,20603,replicate_sdr,81.6884,1.6178
2017,2016,production,parttime_lt35h,offer,25.4155,0.5109,9342,replicate_sdr,16.9103,1.4411
2017,2016,production,parttime_lt35h,participation,10.4485,0.3749,9342,replicate_sdr,16.9103,1.4735
2017,2016,production,parttime_lt35h,takeup,41.1107,1.3372,2439,replicate_sdr,16.9103,1.6478
2017,2016,research_updated,age_21_34,offer,35.8890,0.4300,21590,replicate_sdr,41.4539,1.7144
2017,2016,research_updated,age_21_34,participation,23.6134,0.4031,21590,replicate_sdr,41.4539,1.4324
2017,2016,research_updated,age_21_34,takeup,65.7955,0.6629,7854,replicate_sdr,41.4539,1.6672
2017,2016,research_updated,age_35_64,offer,43.3456,0.3426,40024,replicate_sdr,69.0435,2.0076
2017,2016,research_updated,age_35_64,participation,35.9711,0.3017,40024,replicate_sdr,69.0435,1.9494
2017,2016,research_updated,age_35_64,takeup,82.9867,0.3286,17553,replicate_sdr,69.0435,1.6345
2017,2016,research_updated,all_21_64,offer,40.5482,0.2738,61614,replicate_sdr,110.4974,2.1487
2017,2016,research_updated,all_21_64,participation,31.3350,0.2478,61614,replicate_sdr,110.4974,1.8783
2017,2016,research_updated,all_21_64,takeup,77.2784,0.3070,25407,replicate_sdr,110.4974,1.7149
2017,2016,research_updated,emp_1000plus,offer,54.5542,0.4011,24427,replicate_sdr,44.8829,1.8195
2017,2016,research_updated,emp_1000plus,participation,42.4954,0.3807,24427,replicate_sdr,44.8829,1.6787
2017,2016,research_updated,emp_1000plus,takeup,77.8957,0.4061,13516,replicate_sdr,44.8829,1.6972
2017,2016,research_updated,emp_100_499,offer,44.7856,0.6538,8917,replicate_sdr,15.9586,1.8205
2017,2016,research_updated,emp_100_499,participation,35.1643,0.6493,8917,replicate_sdr,15.9586,1.6769
2017,2016,research_updated,emp_100_499,takeup,78.5170,0.7604,4078,replicate_sdr,15.9586,1.5932
2017,2016,research_updated,emp_100plus,offer,51.6531,0.3367,36807,replicate_sdr,66.9602,1.9734
2017,2016,research_updated,emp_100plus,participation,40.4761,0.3221,36807,replicate_sdr,66.9602,1.7854
2017,2016,research_updated,emp_100plus,takeup,78.3614,0.3420,19319,replicate_sdr,66.9602,1.6756
2017,2016,research_updated,emp_100plus_age_21_34,offer,46.8190,0.5785,12709,replicate_sdr,24.8393,1.6483
2017,2016,research_updated,emp_100plus_age_21_34,participation,31.4253,0.5506,12709,replicate_sdr,24.8393,1.4556
2017,2016,research_updated,emp_100plus_age_21_34,takeup,67.1209,0.7129,6046,replicate_sdr,24.8393,1.6489
2017,2016,research_updated,emp_10_49,offer,24.5726,0.5775,10897,replicate_sdr,19.3551,
2017,2016,research_updated,emp_10_49,participation,17.9152,0.5025,10897,replicate_sdr,19.3551,
2017,2016,research_updated,emp_10_49,takeup,72.9072,1.0579,2841,replicate_sdr,19.3551,
2017,2016,research_updated,emp_500_999,offer,48.2837,0.9872,3463,replicate_sdr,6.1187,1.5933
2017,2016,research_updated,emp_500_999,participation,39.5175,1.0042,3463,replicate_sdr,6.1187,1.5260
2017,2016,research_updated,emp_500_999,takeup,81.8444,1.1714,1725,replicate_sdr,6.1187,1.5408
2017,2016,research_updated,emp_50_99,offer,36.9811,0.7428,5216,replicate_sdr,9.1527,
2017,2016,research_updated,emp_50_99,participation,27.1118,0.6456,5216,replicate_sdr,9.1527,
2017,2016,research_updated,emp_50_99,takeup,73.3126,1.1741,1979,replicate_sdr,9.1527,
2017,2016,research_updated,emp_lt10,offer,13.8188,0.4849,8694,replicate_sdr,15.0294,1.4684
2017,2016,research_updated,emp_lt10,participation,10.4630,0.4419,8694,replicate_sdr,15.0294,1.4390
2017,2016,research_updated,emp_lt10,takeup,75.7156,1.4925,1268,replicate_sdr,15.0294,1.4935
2017,2016,research_updated,emp_lt100,offer,23.4689,0.3659,24807,replicate_sdr,43.5372,1.5830
2017,2016,research_updated,emp_lt100,participation,17.2760,0.3156,24807,replicate_sdr,43.5372,1.5203
2017,2016,research_updated,emp_lt100,takeup,73.6123,0.6353,6088,replicate_sdr,43.5372,1.6402
2017,2016,research_updated,emp_lt100_age_21_34,offer,19.5485,0.5313,8881,replicate_sdr,16.6146,1.7289
2017,2016,research_updated,emp_lt100_age_21_34,participation,11.9343,0.4551,8881,replicate_sdr,16.6146,1.5809
2017,2016,research_updated,emp_lt100_age_21_34,takeup,61.0498,1.4876,1808,replicate_sdr,16.6146,1.6264
2017,2016,research_updated,fulltime_35h,offer,43.2119,0.3153,52310,replicate_sdr,93.6180,2.1469
2017,2016,research_updated,fulltime_35h,participation,34.9826,0.2873,52310,replicate_sdr,93.6180,1.9747
2017,2016,research_updated,fulltime_35h,takeup,80.9559,0.3146,22970,replicate_sdr,93.6180,1.5757
2017,2016,research_updated,fullyear_fulltime,offer,44.4533,0.3333,45595,replicate_sdr,81.4995,2.1220
2017,2016,research_updated,fullyear_fulltime,participation,36.9048,0.3051,45595,replicate_sdr,81.4995,1.8813
2017,2016,research_updated,fullyear_fulltime,takeup,83.0193,0.3214,20584,replicate_sdr,81.4995,1.6178
2017,2016,research_updated,parttime_lt35h,offer,25.7745,0.4924,9304,replicate_sdr,16.8794,1.4411
2017,2016,research_updated,parttime_lt35h,participation,11.1044,0.3691,9304,replicate_sdr,16.8794,1.4735
2017,2016,research_updated,parttime_lt35h,takeup,43.0827,1.2259,2437,replicate_sdr,16.8794,1.6478
2018,2017,bridge_updated,age_21_34,offer,37.0351,0.4194,20396,replicate_sdr,41.4655,1.7144
2018,2017,bridge_updated,age_21_34,participation,23.7121,0.3639,20396,replicate_sdr,41.4655,1.4324
2018,2017,bridge_updated,age_21_34,takeup,64.0260,0.6525,7608,replicate_sdr,41.4655,1.6672
2018,2017,bridge_updated,age_35_64,offer,43.6743,0.3320,38729,replicate_sdr,69.8537,2.0076
2018,2017,bridge_updated,age_35_64,participation,36.5072,0.3230,38729,replicate_sdr,69.8537,1.9494
2018,2017,bridge_updated,age_35_64,takeup,83.5898,0.3602,16906,replicate_sdr,69.8537,1.6345
2018,2017,bridge_updated,all_21_64,offer,41.2012,0.2721,59125,replicate_sdr,111.3193,2.1487
2018,2017,bridge_updated,all_21_64,participation,31.7411,0.2460,59125,replicate_sdr,111.3193,1.8783
2018,2017,bridge_updated,all_21_64,takeup,77.0393,0.2995,24514,replicate_sdr,111.3193,1.7149
2018,2017,bridge_updated,emp_1000plus,offer,54.7484,0.4233,23702,replicate_sdr,45.7946,1.8195
2018,2017,bridge_updated,emp_1000plus,participation,42.2588,0.3957,23702,replicate_sdr,45.7946,1.6787
2018,2017,bridge_updated,emp_1000plus,takeup,77.1871,0.4092,13134,replicate_sdr,45.7946,1.6972
2018,2017,bridge_updated,emp_100_499,offer,43.6657,0.7392,8621,replicate_sdr,15.9270,1.8205
2018,2017,bridge_updated,emp_100_499,participation,34.0565,0.7025,8621,replicate_sdr,15.9270,1.6769
2018,2017,bridge_updated,emp_100_499,takeup,77.9937,0.8808,3786,replicate_sdr,15.9270,1.5932
2018,2017,bridge_updated,emp_100plus,offer,51.6615,0.3715,35820,replicate_sdr,68.0742,1.9734
2018,2017,bridge_updated,emp_100plus,participation,40.0749,0.3438,35820,replicate_sdr,68.0742,1.7854
2018,2017,bridge_updated,emp_100plus,takeup,77.5721,0.3390,18701,replicate_sdr,68.0742,1.6756
2018,2017,bridge_updated,emp_100plus_age_21_34,offer,46.8852,0.5637,12178,replicate_sdr,25.1786,1.6483
2018,2017,bridge_updated,emp_100plus_age_21_34,participation,30.0145,0.5235,12178,replicate_sdr,25.1786,1.4556
2018,2017,bridge_updated,emp_100plus_age_21_34,takeup,64.0170,0.7332,5788,replicate_sdr,25.1786,1.6489
2018,2017,bridge_updated,emp_10_49,offer,25.7176,0.5353,10151,replicate_sdr,18.8497,
2018,2017,bridge_updated,emp_10_49,participation,19.5713,0.5135,10151,replicate_sdr,18.8497,
2018,2017,bridge_updated,emp_10_49,takeup,76.1008,1.0022,2663,replicate_sdr,18.8497,
2018,2017,bridge_updated,emp_500_999,offer,49.4548,1.1253,3497,replicate_sdr,6.3526,1.5933
2018,2017,bridge_updated,emp_500_999,participation,39.4209,1.0444,3497,replicate_sdr,6.3526,1.5260
2018,2017,bridge_updated,emp_500_999,takeup,79.7110,1.1262,1781,replicate_sdr,6.3526,1.5408
2018,2017,bridge_updated,emp_50_99,offer,39.4665,0.9017,5050,replicate_sdr,9.5383,
2018,2017,bridge_updated,emp_50_99,participation,29.0718,0.7689,5050,replicate_sdr,9.5383,
2018,2017,bridge_updated,emp_50_99,takeup,73.6621,1.1385,1971,replicate_sdr,9.5383,
2018,2017,bridge_updated,emp_lt10,offer,14.0312,0.4652,8104,replicate_sdr,14.8570,1.4684
2018,2017,bridge_updated,emp_lt10,participation,10.7103,0.3910,8104,replicate_sdr,14.8570,1.4390
2018,2017,bridge_updated,emp_lt10,takeup,76.3321,1.5482,1179,replicate_sdr,14.8570,1.4935
2018,2017,bridge_updated,emp_lt100,offer,24.7352,0.3397,23305,replicate_sdr,43.2451,1.5830
2018,2017,bridge_updated,emp_lt100,participation,18.6226,0.3016,23305,replicate_sdr,43.2451,1.5203
2018,2017,bridge_updated,emp_lt100,takeup,75.2876,0.5643,5813,replicate_sdr,43.2451,1.6402
2018,2017,bridge_updated,emp_lt100_age_21_34,offer,21.8073,0.5687,8218,replicate_sdr,16.2869,1.7289
2018,2017,bridge_updated,emp_lt100_age_21_34,participation,13.9689,0.4594,8218,replicate_sdr,16.2869,1.5809
2018,2017,bridge_updated,emp_lt100_age_21_34,takeup,64.0559,1.3524,1820,replicate_sdr,16.2869,1.6264
2018,2017,bridge_updated,fulltime_35h,offer,43.7347,0.3089,50575,replicate_sdr,95.1030,2.1469
2018,2017,bridge_updated,fulltime_35h,participation,35.1378,0.2843,50575,replicate_sdr,95.1030,1.9747
2018,2017,bridge_updated,fulltime_35h,takeup,80.3430,0.3060,22218,replicate_sdr,95.1030,1.5757
2018,2017,bridge_updated,fullyear_fulltime,offer,44.8185,0.3246,44254,replicate_sdr,82.9831,2.1220
2018,2017,bridge_updated,fullyear_fulltime,participation,36.9709,0.3053,44254,replicate_sdr,82.9831,1.8813
2018,2017,bridge_updated,fullyear_fulltime,takeup,82.4903,0.3224,19918,replicate_sdr,82.9831,1.6178
2018,2017,bridge_updated,parttime_lt35h,offer,26.3429,0.5612,8550,replicate_sdr,16.2163,1.4411
2018,2017,bridge_updated,parttime_lt35h,participation,11.8209,0.3842,8550,replicate_sdr,16.2163,1.4735
2018,2017,bridge_updated,parttime_lt35h,takeup,44.8733,1.1299,2296,replicate_sdr,16.2163,1.6478
2018,2017,production,age_21_34,offer,36.7852,0.4490,20379,replicate_sdr,41.4463,1.7144
2018,2017,production,age_21_34,participation,23.7650,0.3943,20379,replicate_sdr,41.4463,1.4324
2018,2017,production,age_21_34,takeup,64.6047,0.6759,7527,replicate_sdr,41.4463,1.6672
2018,2017,production,age_35_64,offer,43.7017,0.3295,38682,replicate_sdr,69.7913,2.0076
2018,2017,production,age_35_64,participation,36.6007,0.3096,38682,replicate_sdr,69.7913,1.9494
2018,2017,production,age_35_64,takeup,83.7512,0.3412,16903,replicate_sdr,69.7913,1.6345
2018,2017,production,all_21_64,offer,41.1247,0.2821,59061,replicate_sdr,111.2376,2.1487
2018,2017,production,all_21_64,participation,31.8182,0.2533,59061,replicate_sdr,111.2376,1.8783
2018,2017,production,all_21_64,takeup,77.3701,0.3101,24430,replicate_sdr,111.2376,1.7149
2018,2017,production,emp_1000plus,offer,54.8515,0.4302,23576,replicate_sdr,45.6424,1.8195
2018,2017,production,emp_1000plus,participation,42.6247,0.4110,23576,replicate_sdr,45.6424,1.6787
2018,2017,production,emp_1000plus,takeup,77.7092,0.4178,13086,replicate_sdr,45.6424,1.6972
2018,2017,production,emp_100_499,offer,43.6081,0.7246,8633,replicate_sdr,15.9198,1.8205
2018,2017,production,emp_100_499,participation,34.0872,0.6782,8633,replicate_sdr,15.9198,1.6769
2018,2017,production,emp_100_499,takeup,78.1671,0.8352,3776,replicate_sdr,15.9198,1.5932
2018,2017,production,emp_100plus,offer,51.7331,0.3783,35717,replicate_sdr,67.9408,1.9734
2018,2017,production,emp_100plus,participation,40.3185,0.3510,35717,replicate_sdr,67.9408,1.7854
2018,2017,production,emp_100plus,takeup,77.9355,0.3528,18637,replicate_sdr,67.9408,1.6756
2018,2017,production,emp_100plus_age_21_34,offer,47.0493,0.5851,12104,replicate_sdr,25.0391,1.6483
2018,2017,production,emp_100plus_age_21_34,participation,30.4385,0.5465,12104,replicate_sdr,25.0391,1.4556
2018,2017,production,emp_100plus_age_21_34,takeup,64.6949,0.7441,5746,replicate_sdr,25.0391,1.6489
2018,2017,production,emp_10_49,offer,25.9053,0.5118,10207,replicate_sdr,18.9177,
2018,2017,production,emp_10_49,participation,19.6738,0.4851,10207,replicate_sdr,18.9177,
2018,2017,production,emp_10_49,takeup,75.9451,0.9547,2715,replicate_sdr,18.9177,
2018,2017,production,emp_500_999,offer,49.6978,1.2192,3508,replicate_sdr,6.3786,1.5933
2018,2017,production,emp_500_999,participation,39.3687,1.1338,3508,replicate_sdr,6.3786,1.5260
2018,2017,production,emp_500_999,takeup,79.2161,1.0578,1775,replicate_sdr,6.3786,1.5408
2018,2017,production,emp_50_99,offer,38.6888,0.9211,4997,replicate_sdr,9.4338,
2018,2017,production,emp_50_99,participation,28.8057,0.8055,4997,replicate_sdr,9.4338,
2018,2017,production,emp_50_99,takeup,74.4549,1.2135,1936,replicate_sdr,9.4338,
2018,2017,production,emp_lt10,offer,13.7014,0.4470,8140,replicate_sdr,14.9453,1.4684
2018,2017,production,emp_lt10,participation,10.4502,0.3870,8140,replicate_sdr,14.9453,1.4390
2018,2017,production,emp_lt10,takeup,76.2711,1.6214,1142,replicate_sdr,14.9453,1.4935
2018,2017,production,emp_lt100,offer,24.4781,0.3717,23344,replicate_sdr,43.2969,1.5830
2018,2017,production,emp_lt100,participation,18.4797,0.3306,23344,replicate_sdr,43.2969,1.5203
2018,2017,production,emp_lt100,takeup,75.4949,0.6049,5793,replicate_sdr,43.2969,1.6402
2018,2017,production,emp_lt100_age_21_34,offer,21.1211,0.6035,8275,replicate_sdr,16.4072,1.7289
2018,2017,production,emp_lt100_age_21_34,participation,13.5804,0.4647,8275,replicate_sdr,16.4072,1.5809
2018,2017,production,emp_lt100_age_21_34,takeup,64.2979,1.3707,1781,replicate_sdr,16.4072,1.6264
2018,2017,production,fulltime_35h,offer,43.5497,0.3090,50552,replicate_sdr,95.1413,2.1469
2018,2017,production,fulltime_35h,participation,35.1581,0.2839,50552,replicate_sdr,95.1413,1.9747
2018,2017,production,fulltime_35h,takeup,80.7310,0.3072,22126,replicate_sdr,95.1413,1.5757
2018,2017,production,fullyear_fulltime,offer,44.7464,0.3258,44244,replicate_sdr,83.0117,2.1220
2018,2017,production,fullyear_fulltime,participation,37.0153,0.3044,44244,replicate_sdr,83.0117,1.8813
2018,2017,production,fullyear_fulltime,takeup,82.7225,0.3222,19874,replicate_sdr,83.0117,1.6178
2018,2017,production,parttime_lt35h,offer,26.7909,0.5551,8509,replicate_sdr,16.0963,1.4411
2018,2017,production,parttime_lt35h,participation,12.0768,0.3866,8509,replicate_sdr,16.0963,1.4735
2018,2017,production,parttime_lt35h,takeup,45.0778,1.1905,2304,replicate_sdr,16.0963,1.6478
2019,2018,production,age_21_34,offer,36.5629,0.4556,20844,replicate_sdr,42.4908,1.7144
2019,2018,production,age_21_34,participation,24.6718,0.3800,20844,replicate_sdr,42.4908,1.4324
2019,2018,production,age_21_34,takeup,67.4775,0.7035,7674,replicate_sdr,42.4908,1.6672
2019,2018,production,age_35_64,offer,42.3009,0.3797,39157,replicate_sdr,70.3748,2.0076
2019,2018,production,age_35_64,participation,35.0867,0.3621,39157,replicate_sdr,70.3748,1.9494
2019,2018,production,age_35_64,takeup,82.9455,0.3567,16687,replicate_sdr,70.3748,1.6345
2019,2018,production,all_21_64,offer,40.1407,0.3196,60001,replicate_sdr,112.8657,2.1487
2019,2018,production,all_21_64,participation,31.1658,0.2887,60001,replicate_sdr,112.8657,1.8783
2019,2018,production,all_21_64,takeup,77.6413,0.3469,24361,replicate_sdr,112.8657,1.7149
2019,2018,production,emp_1000plus,offer,53.0446,0.4598,24409,replicate_sdr,47.2006,1.8195
2019,2018,production,emp_1000plus,participation,41.4167,0.4355,24409,replicate_sdr,47.2006,1.6787
2019,2018,production,emp_1000plus,takeup,78.0791,0.5278,13097,replicate_sdr,47.2006,1.6972
2019,2018,production,emp_100_499,offer,42.6726,0.7171,8711,replicate_sdr,16.0785,1.8205
2019,2018,production,emp_100_499,participation,33.0722,0.6715,8711,replicate_sdr,16.0785,1.6769
2019,2018,production,emp_100_499,takeup,77.5020,0.7965,3831,replicate_sdr,16.0785,1.5932
2019,2018,production,emp_100plus,offer,50.1949,0.3992,36568,replicate_sdr,69.7111,1.9734
2019,2018,production,emp_100plus,participation,39.3038,0.3613,36568,replicate_sdr,69.7111,1.7854
2019,2018,production,emp_100plus,takeup,78.3023,0.4098,18617,replicate_sdr,69.7111,1.6756
2019,2018,production,emp_100plus_age_21_34,offer,45.8500,0.5965,12741,replicate_sdr,26.4002,1.6483
2019,2018,production,emp_100plus_age_21_34,participation,31.1158,0.5028,12741,replicate_sdr,26.4002,1.4556
2019,2018,production,emp_100plus_age_21_34,takeup,67.8644,0.7734,5903,replicate_sdr,26.4002,1.6489
2019,2018,production,emp_10_49,offer,25.5735,0.5508,10305,replicate_sdr,19.1503,
2019,2018,production,emp_10_49,participation,19.3683,0.4845,10305,replicate_sdr,19.1503,
2019,2018,production,emp_10_49,takeup,75.7361,0.9828,2706,replicate_sdr,19.1503,
2019,2018,production,emp_500_999,offer,48.0872,1.0909,3448,replicate_sdr,6.4320,1.5933
2019,2018,production,emp_500_999,participation,39.3756,1.0160,3448,replicate_sdr,6.4320,1.5260
2019,2018,production,emp_500_999,takeup,81.8838,1.0772,1689,replicate_sdr,6.4320,1.5408
2019,2018,production,emp_50_99,offer,36.3734,0.8974,5065,replicate_sdr,9.3572,
2019,2018,production,emp_50_99,participation,27.4942,0.7793,5065,replicate_sdr,9.3572,
2019,2018,production,emp_50_99,takeup,75.5887,1.2237,1911,replicate_sdr,9.3572,
2019,2018,production,emp_lt10,offer,13.7415,0.4878,8063,replicate_sdr,14.6471,1.4684
2019,2018,production,emp_lt10,participation,10.2040,0.4436,8063,replicate_sdr,14.6471,1.4390
2019,2018,production,emp_lt10,takeup,74.2568,1.5343,1127,replicate_sdr,14.6471,1.4935
2019,2018,production,emp_lt100,offer,23.8993,0.3643,23433,replicate_sdr,43.1545,1.5830
2019,2018,production,emp_lt100,participation,18.0198,0.3312,23433,replicate_sdr,43.1545,1.5203
2019,2018,production,emp_lt100,takeup,75.3988,0.7053,5744,replicate_sdr,43.1545,1.6402
2019,2018,production,emp_lt100_age_21_34,offer,21.3255,0.5524,8103,replicate_sdr,16.0906,1.7289
2019,2018,production,emp_lt100_age_21_34,participation,14.0989,0.4530,8103,replicate_sdr,16.0906,1.5809
2019,2018,production,emp_lt100_age_21_34,takeup,66.1128,1.2562,1771,replicate_sdr,16.0906,1.6264
2019,2018,production,fulltime_35h,offer,42.2862,0.3488,51467,replicate_sdr,96.7371,2.1469
2019,2018,production,fulltime_35h,participation,34.2264,0.3150,51467,replicate_sdr,96.7371,1.9747
2019,2018,production,fulltime_35h,takeup,80.9399,0.3316,22055,replicate_sdr,96.7371,1.5757
2019,2018,production,fullyear_fulltime,offer,43.3277,0.3754,45419,replicate_sdr,85.2262,2.1220
2019,2018,production,fullyear_fulltime,participation,35.7895,0.3420,45419,replicate_sdr,85.2262,1.8813
2019,2018,production,fullyear_fulltime,takeup,82.6018,0.3373,19951,replicate_sdr,85.2262,1.6178
2019,2018,production,parttime_lt35h,offer,27.2721,0.6038,8534,replicate_sdr,16.1285,1.4411
2019,2018,production,parttime_lt35h,participation,12.8082,0.4926,8534,replicate_sdr,16.1285,1.4735
2019,2018,production,parttime_lt35h,takeup,46.9646,1.4834,2306,replicate_sdr,16.1285,1.6478
2020,2019,production,age_21_34,offer,34.5526,0.5044,17576,replicate_sdr,42.4255,1.7144
2020,2019,production,age_21_34,participation,24.0582,0.4462,17576,replicate_sdr,42.4255,1.4324
2020,2019,production,age_21_34,takeup,69.6280,0.7417,6280,replicate_sdr,42.4255,1.6672
2020,2019,production,age_35_64,offer,42.5100,0.3158,34679,replicate_sdr,71.1097,2.0076
2020,2019,production,age_35_64,participation,35.7902,0.3112,34679,replicate_sdr,71.1097,1.9494
2020,2019,production,age_35_64,takeup,84.1925,0.4123,14934,replicate_sdr,71.1097,1.6345
2020,2019,production,all_21_64,offer,39.5365,0.2597,52255,replicate_sdr,113.5352,2.1487
2020,2019,production,all_21_64,participation,31.4062,0.2430,52255,replicate_sdr,113.5352,1.8783
2020,2019,production,all_21_64,takeup,79.4361,0.3723,21214,replicate_sdr,113.5352,1.7149
2020,2019,production,emp_1000plus,offer,52.5825,0.4349,21561,replicate_sdr,47.9812,1.8195
2020,2019,production,emp_1000plus,participation,42.2614,0.4123,21561,replicate_sdr,47.9812,1.6787
2020,2019,production,emp_1000plus,takeup,80.3715,0.4431,11562,replicate_sdr,47.9812,1.6972
2020,2019,production,emp_100_499,offer,42.0719,0.7501,7185,replicate_sdr,15.3116,1.8205
2020,2019,production,emp_100_499,participation,33.8868,0.7638,7185,replicate_sdr,15.3116,1.6769
2020,2019,production,emp_100_499,takeup,80.5449,0.9391,3183,replicate_sdr,15.3116,1.5932
2020,2019,production,emp_100plus,offer,49.9881,0.3656,31924,replicate_sdr,69.9826,1.9734
2020,2019,production,emp_100plus,participation,40.2143,0.3561,31924,replicate_sdr,69.9826,1.7854
2020,2019,production,emp_100plus,takeup,80.4477,0.4063,16358,replicate_sdr,69.9826,1.6756
2020,2019,production,emp_100plus_age_21_34,offer,44.0434,0.6849,10544,replicate_sdr,26.0262,1.6483
2020,2019,production,emp_100plus_age_21_34,participation,30.8658,0.5884,10544,replicate_sdr,26.0262,1.4556
2020,2019,production,emp_100plus_age_21_34,takeup,70.0805,0.8119,4805,replicate_sdr,26.0262,1.6489
2020,2019,production,emp_10_49,offer,24.5352,0.5774,9109,replicate_sdr,19.6280,
2020,2019,production,emp_10_49,participation,18.3748,0.5307,9109,replicate_sdr,19.6280,
2020,2019,production,emp_10_49,takeup,74.8916,1.2552,2337,replicate_sdr,19.6280,
2020,2019,production,emp_500_999,offer,49.4989,1.0512,3178,replicate_sdr,6.6898,1.5933
2020,2019,production,emp_500_999,participation,40.0145,1.0964,3178,replicate_sdr,6.6898,1.5260
2020,2019,production,emp_500_999,takeup,80.8393,1.2736,1613,replicate_sdr,6.6898,1.5408
2020,2019,production,emp_50_99,offer,34.4399,0.8442,4403,replicate_sdr,9.5759,
2020,2019,production,emp_50_99,participation,26.5124,0.7351,4403,replicate_sdr,9.5759,
2020,2019,production,emp_50_99,takeup,76.9818,1.1602,1596,replicate_sdr,9.5759,
2020,2019,production,emp_lt10,offer,12.4827,0.4392,6819,replicate_sdr,14.3487,1.4684
2020,2019,production,emp_lt10,participation,9.5388,0.3812,6819,replicate_sdr,14.3487,1.4390
2020,2019,production,emp_lt10,takeup,76.4159,1.7191,923,replicate_sdr,14.3487,1.4935
2020,2019,production,emp_lt100,offer,22.7422,0.3442,20331,replicate_sdr,43.5526,1.5830
2020,2019,production,emp_lt100,participation,17.2529,0.2956,20331,replicate_sdr,43.5526,1.5203
2020,2019,production,emp_lt100,takeup,75.8632,0.8249,4856,replicate_sdr,43.5526,1.6402
2020,2019,production,emp_lt100_age_21_34,offer,19.4903,0.5451,7032,replicate_sdr,16.3993,1.7289
2020,2019,production,emp_lt100_age_21_34,participation,13.2544,0.4842,7032,replicate_sdr,16.3993,1.5809
2020,2019,production,emp_lt100_age_21_34,takeup,68.0050,1.5609,1475,replicate_sdr,16.3993,1.6264
2020,2019,production,fulltime_35h,offer,41.8679,0.2869,44772,replicate_sdr,97.1801,2.1469
2020,2019,production,fulltime_35h,participation,34.7809,0.2739,44772,replicate_sdr,97.1801,1.9747
2020,2019,production,fulltime_35h,takeup,83.0730,0.3451,19257,replicate_sdr,97.1801,1.5757
2020,2019,production,fullyear_fulltime,offer,43.2141,0.3189,39489,replicate_sdr,85.2368,2.1220
2020,2019,production,fullyear_fulltime,participation,36.6545,0.2965,39489,replicate_sdr,85.2368,1.8813
2020,2019,production,fullyear_fulltime,takeup,84.8207,0.3427,17506,replicate_sdr,85.2368,1.6178
2020,2019,production,parttime_lt35h,offer,25.6834,0.5971,7483,replicate_sdr,16.3551,1.4411
2020,2019,production,parttime_lt35h,participation,11.3544,0.4370,7483,replicate_sdr,16.3551,1.4735
2020,2019,production,parttime_lt35h,takeup,44.2092,1.4435,1957,replicate_sdr,16.3551,1.6478
2021,2020,production,age_21_34,offer,34.1766,0.4848,18263,replicate_sdr,41.7193,1.7144
2021,2020,production,age_21_34,participation,23.7532,0.4523,18263,replicate_sdr,41.7193,1.4324
2021,2020,production,age_21_34,takeup,69.5014,0.7434,6432,replicate_sdr,41.7193,1.6672
2021,2020,production,age_35_64,offer,41.6080,0.3794,35067,replicate_sdr,69.6420,2.0076
2021,2020,production,age_35_64,participation,34.7350,0.3451,35067,replicate_sdr,69.6420,1.9494
2021,2020,production,age_35_64,takeup,83.4815,0.4004,14742,replicate_sdr,69.6420,1.6345
2021,2020,production,all_21_64,offer,38.8240,0.3311,53330,replicate_sdr,111.3613,2.1487
2021,2020,production,all_21_64,participation,30.6209,0.2992,53330,replicate_sdr,111.3613,1.8783
2021,2020,production,all_21_64,takeup,78.8711,0.3726,21174,replicate_sdr,111.3613,1.7149
2021,2020,production,emp_1000plus,offer,51.0708,0.4833,22428,replicate_sdr,48.2773,1.8195
2021,2020,production,emp_1000plus,participation,40.7095,0.4520,22428,replicate_sdr,48.2773,1.6787
2021,2020,production,emp_1000plus,takeup,79.7119,0.4840,11700,replicate_sdr,48.2773,1.6972
2021,2020,production,emp_100_499,offer,43.0791,0.7206,7132,replicate_sdr,14.6140,1.8205
2021,2020,production,emp_100_499,participation,34.3759,0.7026,7132,replicate_sdr,14.6140,1.6769
2021,2020,production,emp_100_499,takeup,79.7971,0.8818,3140,replicate_sdr,14.6140,1.5932
2021,2020,production,emp_100plus,offer,48.8195,0.4273,32738,replicate_sdr,69.2612,1.9734
2021,2020,production,emp_100plus,participation,38.9508,0.3963,32738,replicate_sdr,69.2612,1.7854
2021,2020,production,emp_100plus,takeup,79.7852,0.4203,16322,replicate_sdr,69.2612,1.6756
2021,2020,production,emp_100plus_age_21_34,offer,43.5675,0.6616,11102,replicate_sdr,25.7138,1.6483
2021,2020,production,emp_100plus_age_21_34,participation,30.4699,0.5945,11102,replicate_sdr,25.7138,1.4556
2021,2020,production,emp_100plus_age_21_34,takeup,69.9371,0.7985,4975,replicate_sdr,25.7138,1.6489
2021,2020,production,emp_10_49,offer,24.3685,0.6229,8964,replicate_sdr,18.3708,
2021,2020,production,emp_10_49,participation,18.7456,0.5688,8964,replicate_sdr,18.3708,
2021,2020,production,emp_10_49,takeup,76.9253,1.2046,2258,replicate_sdr,18.3708,
2021,2020,production,emp_500_999,offer,44.9271,1.1986,3178,replicate_sdr,6.3700,1.5933
2021,2020,production,emp_500_999,participation,36.1175,1.1247,3178,replicate_sdr,6.3700,1.5260
2021,2020,production,emp_500_999,takeup,80.3912,1.1506,1482,replicate_sdr,6.3700,1.5408
2021,2020,production,emp_50_99,offer,34.6928,0.8364,4335,replicate_sdr,9.0068,
2021,2020,production,emp_50_99,participation,25.8925,0.7736,4335,replicate_sdr,9.0068,
2021,2020,production,emp_50_99,takeup,74.6335,1.3643,1586,replicate_sdr,9.0068,
2021,2020,production,emp_lt10,offer,12.3654,0.4698,7293,replicate_sdr,14.7225,1.4684
2021,2020,production,emp_lt10,participation,9.1442,0.3794,7293,replicate_sdr,14.7225,1.4390
2021,2020,production,emp_lt10,takeup,73.9497,1.6413,1008,replicate_sdr,14.7225,1.4935
2021,2020,production,emp_lt100,offer,22.3798,0.3983,20592,replicate_sdr,42.1001,1.5830
2021,2020,production,emp_lt100,participation,16.9169,0.3474,20592,replicate_sdr,42.1001,1.5203
2021,2020,production,emp_lt100,takeup,75.5903,0.8489,4852,replicate_sdr,42.1001,1.6402
2021,2020,production,emp_lt100_age_21_34,offer,19.0894,0.6302,7161,replicate_sdr,16.0054,1.7289
2021,2020,production,emp_lt100_age_21_34,participation,12.9624,0.5900,7161,replicate_sdr,16.0054,1.5809
2021,2020,production,emp_lt100_age_21_34,takeup,67.9037,1.7352,1457,replicate_sdr,16.0054,1.6264
2021,2020,production,fulltime_35h,offer,41.2906,0.3564,45744,replicate_sdr,95.3957,2.1469
2021,2020,production,fulltime_35h,participation,33.9203,0.3339,45744,replicate_sdr,95.3957,1.9747
2021,2020,production,fulltime_35h,takeup,82.1503,0.3559,19299,replicate_sdr,95.3957,1.5757
2021,2020,production,fullyear_fulltime,offer,43.7425,0.4231,36038,replicate_sdr,74.6166,2.1220
2021,2020,production,fullyear_fulltime,participation,37.4585,0.4068,36038,replicate_sdr,74.6166,1.8813
2021,2020,production,fullyear_fulltime,takeup,85.6341,0.3895,16051,replicate_sdr,74.6166,1.6178
2021,2020,production,parttime_lt35h,offer,24.0857,0.5695,7586,replicate_sdr,15.9655,1.4411
2021,2020,production,parttime_lt35h,participation,10.9063,0.4488,7586,replicate_sdr,15.9655,1.4735
2021,2020,production,parttime_lt35h,takeup,45.2812,1.5118,1875,replicate_sdr,15.9655,1.6478
2022,2021,production,age_21_34,offer,34.5852,0.4788,16889,replicate_sdr,41.3586,1.7144
2022,2021,production,age_21_34,participation,23.9654,0.4227,16889,replicate_sdr,41.3586,1.4324
2022,2021,production,age_21_34,takeup,69.2938,0.7540,5972,replicate_sdr,41.3586,1.6672
2022,2021,production,age_35_64,offer,39.7616,0.3746,32372,replicate_sdr,70.3843,2.0076
2022,2021,production,age_35_64,participation,33.4964,0.3435,32372,replicate_sdr,70.3843,1.9494
2022,2021,production,age_35_64,takeup,84.2431,0.3916,13232,replicate_sdr,70.3843,1.6345
2022,2021,production,all_21_64,offer,37.8457,0.3209,49261,replicate_sdr,111.7429,2.1487
2022,2021,production,all_21_64,participation,29.9687,0.2851,49261,replicate_sdr,111.7429,1.8783
2022,2021,production,all_21_64,takeup,79.1867,0.3564,19204,replicate_sdr,111.7429,1.7149
2022,2021,production,emp_1000plus,offer,49.3674,0.4589,20940,replicate_sdr,48.9546,1.8195
2022,2021,production,emp_1000plus,participation,39.3919,0.4481,20940,replicate_sdr,48.9546,1.6787
2022,2021,production,emp_1000plus,takeup,79.7934,0.4924,10647,replicate_sdr,48.9546,1.6972
2022,2021,production,emp_100_499,offer,41.0845,0.7700,6765,replicate_sdr,14.9969,1.8205
2022,2021,production,emp_100_499,participation,32.8113,0.7440,6765,replicate_sdr,14.9969,1.6769
2022,2021,production,emp_100_499,takeup,79.8629,0.9093,2864,replicate_sdr,14.9969,1.5932
2022,2021,production,emp_100plus,offer,47.1168,0.3943,30638,replicate_sdr,70.5448,1.9734
2022,2021,production,emp_100plus,participation,37.7118,0.3696,30638,replicate_sdr,70.5448,1.7854
2022,2021,production,emp_100plus,takeup,80.0390,0.4156,14883,replicate_sdr,70.5448,1.6756
2022,2021,production,emp_100plus_age_21_34,offer,43.2257,0.6062,10363,replicate_sdr,26.0375,1.6483
2022,2021,production,emp_100plus_age_21_34,participation,30.0257,0.5569,10363,replicate_sdr,26.0375,1.4556
2022,2021,production,emp_100plus_age_21_34,takeup,69.4627,0.8888,4613,replicate_sdr,26.0375,1.6489
2022,2021,production,emp_10_49,offer,22.9836,0.5419,8057,replicate_sdr,17.7695,
2022,2021,production,emp_10_49,participation,17.2036,0.4831,8057,replicate_sdr,17.7695,
2022,2021,production,emp_10_49,takeup,74.8515,1.0932,1977,replicate_sdr,17.7695,
2022,2021,production,emp_500_999,offer,44.1274,1.0547,2933,replicate_sdr,6.5933,1.5933
2022,2021,production,emp_500_999,participation,36.3840,0.9812,2933,replicate_sdr,6.5933,1.5260
2022,2021,production,emp_500_999,takeup,82.4522,1.1453,1372,replicate_sdr,6.5933,1.5408
2022,2021,production,emp_50_99,offer,34.3910,0.9261,4016,replicate_sdr,8.9658,
2022,2021,production,emp_50_99,participation,26.7350,0.8326,4016,replicate_sdr,8.9658,
2022,2021,production,emp_50_99,takeup,77.7383,1.3607,1450,replicate_sdr,8.9658,
2022,2021,production,emp_lt10,offer,13.0258,0.5162,6550,replicate_sdr,14.4628,1.4684
2022,2021,production,emp_lt10,participation,9.8889,0.4727,6550,replicate_sdr,14.4628,1.4390
2022,2021,production,emp_lt10,takeup,75.9177,1.8050,894,replicate_sdr,14.4628,1.4935
2022,2021,production,emp_lt100,offer,21.9704,0.3839,18623,replicate_sdr,41.1981,1.5830
2022,2021,production,emp_lt100,participation,16.7100,0.3253,18623,replicate_sdr,41.1981,1.5203
2022,2021,production,emp_lt100,takeup,76.0568,0.7125,4321,replicate_sdr,41.1981,1.6402
2022,2021,production,emp_lt100_age_21_34,offer,19.9010,0.6009,6526,replicate_sdr,15.3210,1.7289
2022,2021,production,emp_lt100_age_21_34,participation,13.6661,0.4967,6526,replicate_sdr,15.3210,1.5809
2022,2021,production,emp_lt100_age_21_34,takeup,68.6703,1.4610,1359,replicate_sdr,15.3210,1.6264
2022,2021,production,fulltime_35h,offer,39.8098,0.3635,42731,replicate_sdr,96.9722,2.1469
2022,2021,production,fulltime_35h,participation,32.7978,0.3401,42731,replicate_sdr,96.9722,1.9747
2022,2021,production,fulltime_35h,takeup,82.3864,0.3666,17559,replicate_sdr,96.9722,1.5757
2022,2021,production,fullyear_fulltime,offer,41.3570,0.3949,36997,replicate_sdr,83.4027,2.1220
2022,2021,production,fullyear_fulltime,participation,34.9607,0.3778,36997,replicate_sdr,83.4027,1.8813
2022,2021,production,fullyear_fulltime,takeup,84.5340,0.3804,15783,replicate_sdr,83.4027,1.6178
2022,2021,production,parttime_lt35h,offer,24.9512,0.6719,6530,replicate_sdr,14.7707,1.4411
2022,2021,production,parttime_lt35h,participation,11.3953,0.4750,6530,replicate_sdr,14.7707,1.4735
2022,2021,production,parttime_lt35h,takeup,45.6703,1.4774,1645,replicate_sdr,14.7707,1.6478
2023,2022,production,age_21_34,offer,34.1408,0.4773,16259,replicate_sdr,42.6512,1.7144
2023,2022,production,age_21_34,participation,23.4777,0.4590,16259,replicate_sdr,42.6512,1.4324
2023,2022,production,age_21_34,takeup,68.7673,0.8010,5647,replicate_sdr,42.6512,1.6672
2023,2022,production,age_35_64,offer,39.9498,0.3706,31416,replicate_sdr,71.4010,2.0076
2023,2022,production,age_35_64,participation,33.0891,0.3402,31416,replicate_sdr,71.4010,1.9494
2023,2022,production,age_35_64,takeup,82.8267,0.4190,12837,replicate_sdr,71.4010,1.6345
2023,2022,production,all_21_64,offer,37.7775,0.3205,47675,replicate_sdr,114.0522,2.1487
2023,2022,production,all_21_64,participation,29.4948,0.2857,47675,replicate_sdr,114.0522,1.8783
2023,2022,production,all_21_64,takeup,78.0752,0.3926,18484,replicate_sdr,114.0522,1.7149
2023,2022,production,emp_1000plus,offer,49.6608,0.4804,20298,replicate_sdr,49.7311,1.8195
2023,2022,production,emp_1000plus,participation,39.7378,0.4561,20298,replicate_sdr,49.7311,1.6787
2023,2022,production,emp_1000plus,takeup,80.0184,0.5404,10239,replicate_sdr,49.7311,1.6972
2023,2022,production,emp_100_499,offer,41.3190,0.7233,6562,replicate_sdr,15.3441,1.8205
2023,2022,production,emp_100_499,participation,32.1984,0.6756,6562,replicate_sdr,15.3441,1.6769
2023,2022,production,emp_100_499,takeup,77.9263,0.9544,2818,replicate_sdr,15.3441,1.5932
2023,2022,production,emp_100plus,offer,47.1391,0.3897,29745,replicate_sdr,71.8593,1.9734
2023,2022,production,emp_100plus,participation,37.5237,0.3589,29745,replicate_sdr,71.8593,1.7854
2023,2022,production,emp_100plus,takeup,79.6021,0.4399,14330,replicate_sdr,71.8593,1.6756
2023,2022,production,emp_100plus_age_21_34,offer,42.7942,0.6000,9967,replicate_sdr,26.4040,1.6483
2023,2022,production,emp_100plus_age_21_34,participation,29.8716,0.5792,9967,replicate_sdr,26.4040,1.4556
2023,2022,production,emp_100plus_age_21_34,takeup,69.8030,0.8954,4333,replicate_sdr,26.4040,1.6489
2023,2022,production,emp_10_49,offer,23.4197,0.5810,7959,replicate_sdr,18.8999,
2023,2022,production,emp_10_49,participation,17.0726,0.4783,7959,replicate_sdr,18.8999,
2023,2022,production,emp_10_49,takeup,72.8983,1.1814,1988,replicate_sdr,18.8999,
2023,2022,production,emp_500_999,offer,41.8175,1.2487,2885,replicate_sdr,6.7842,1.5933
2023,2022,production,emp_500_999,participation,33.3379,1.1730,2885,replicate_sdr,6.7842,1.5260
2023,2022,production,emp_500_999,takeup,79.7224,1.4535,1273,replicate_sdr,6.7842,1.5408
2023,2022,production,emp_50_99,offer,32.6935,0.9183,3851,replicate_sdr,9.0766,
2023,2022,production,emp_50_99,participation,24.1388,0.8746,3851,replicate_sdr,9.0766,
2023,2022,production,emp_50_99,takeup,73.8334,1.5901,1352,replicate_sdr,9.0766,
2023,2022,production,emp_lt10,offer,12.7910,0.4896,6120,replicate_sdr,14.2164,1.4684
2023,2022,production,emp_lt10,participation,8.8456,0.4280,6120,replicate_sdr,14.2164,1.4390
2023,2022,production,emp_lt10,takeup,69.1552,2.0994,814,replicate_sdr,14.2164,1.4935
2023,2022,production,emp_lt100,offer,21.8335,0.3794,17930,replicate_sdr,42.1929,1.5830
2023,2022,production,emp_lt100,participation,15.8207,0.3339,17930,replicate_sdr,42.1929,1.5203
2023,2022,production,emp_lt100,takeup,72.4607,0.9273,4154,replicate_sdr,42.1929,1.6402
2023,2022,production,emp_lt100_age_21_34,offer,20.0776,0.6456,6292,replicate_sdr,16.2472,1.7289
2023,2022,production,emp_lt100_age_21_34,participation,13.0866,0.5592,6292,replicate_sdr,16.2472,1.5809
2023,2022,production,emp_lt100_age_21_34,takeup,65.1798,1.6525,1314,replicate_sdr,16.2472,1.6264
2023,2022,production,fulltime_35h,offer,39.7878,0.3396,41614,replicate_sdr,99.3260,2.1469
2023,2022,production,fulltime_35h,participation,32.1038,0.3176,41614,replicate_sdr,99.3260,1.9747
2023,2022,production,fulltime_35h,takeup,80.6875,0.3976,16985,replicate_sdr,99.3260,1.5757
2023,2022,production,fullyear_fulltime,offer,40.8383,0.3661,36800,replicate_sdr,87.2908,2.1220
2023,2022,production,fullyear_fulltime,participation,33.6974,0.3458,36800,replicate_sdr,87.2908,1.8813
2023,2022,production,fullyear_fulltime,takeup,82.5142,0.4056,15435,replicate_sdr,87.2908,1.6178
2023,2022,production,parttime_lt35h,offer,24.2179,0.7193,6061,replicate_sdr,14.7262,1.4411
2023,2022,production,parttime_lt35h,participation,11.8975,0.4734,6061,replicate_sdr,14.7262,1.4735
2023,2022,production,parttime_lt35h,takeup,49.1270,1.6049,1499,replicate_sdr,14.7262,1.6478
2024,2023,production,age_21_34,offer,34.5789,0.5525,16440,replicate_sdr,42.4377,1.7144
2024,2023,production,age_21_34,participation,23.4098,0.4683,16440,replicate_sdr,42.4377,1.4324
2024,2023,production,age_21_34,takeup,67.6997,0.7736,5753,replicate_sdr,42.4377,1.6672
2024,2023,production,age_35_64,offer,39.8675,0.3910,31558,replicate_sdr,72.7940,2.0076
2024,2023,production,age_35_64,participation,33.1877,0.3650,31558,replicate_sdr,72.7940,1.9494
2024,2023,production,age_35_64,takeup,83.2449,0.3972,12851,replicate_sdr,72.7940,1.6345
2024,2023,production,all_21_64,offer,37.9198,0.3381,47998,replicate_sdr,115.2318,2.1487
2024,2023,production,all_21_64,participation,29.5867,0.3051,47998,replicate_sdr,115.2318,1.8783
2024,2023,production,all_21_64,takeup,78.0243,0.4105,18604,replicate_sdr,115.2318,1.7149
2024,2023,production,emp_1000plus,offer,49.4110,0.4764,20193,replicate_sdr,49.6647,1.8195
2024,2023,production,emp_1000plus,participation,38.9481,0.4549,20193,replicate_sdr,49.6647,1.6787
2024,2023,production,emp_1000plus,takeup,78.8247,0.5085,10185,replicate_sdr,49.6647,1.6972
2024,2023,production,emp_100_499,offer,40.8099,0.7405,6726,replicate_sdr,15.9806,1.8205
2024,2023,production,emp_100_499,participation,31.7694,0.7186,6726,replicate_sdr,15.9806,1.6769
2024,2023,production,emp_100_499,takeup,77.8473,1.1146,2866,replicate_sdr,15.9806,1.5932
2024,2023,production,emp_100plus,offer,47.0485,0.3993,29883,replicate_sdr,72.6815,1.9734
2024,2023,production,emp_100plus,participation,37.0119,0.3749,29883,replicate_sdr,72.6815,1.7854
2024,2023,production,emp_100plus,takeup,78.6677,0.4640,14401,replicate_sdr,72.6815,1.6756
2024,2023,production,emp_100plus_age_21_34,offer,43.4353,0.6647,10081,replicate_sdr,26.4546,1.6483
2024,2023,production,emp_100plus_age_21_34,participation,29.5262,0.5962,10081,replicate_sdr,26.4546,1.4556
2024,2023,production,emp_100plus_age_21_34,takeup,67.9775,0.9007,4489,replicate_sdr,26.4546,1.6489
2024,2023,production,emp_10_49,offer,23.8641,0.5964,8119,replicate_sdr,19.0321,
2024,2023,production,emp_10_49,participation,17.9191,0.5241,8119,replicate_sdr,19.0321,
2024,2023,production,emp_10_49,takeup,75.0884,1.2105,2046,replicate_sdr,19.0321,
2024,2023,production,emp_500_999,offer,44.5414,1.1276,2964,replicate_sdr,7.0363,1.5933
2024,2023,production,emp_500_999,participation,35.2526,0.9894,2964,replicate_sdr,7.0363,1.5260
2024,2023,production,emp_500_999,takeup,79.1456,1.3098,1350,replicate_sdr,7.0363,1.5408
2024,2023,production,emp_50_99,offer,33.8427,0.8984,3859,replicate_sdr,9.1981,
2024,2023,production,emp_50_99,participation,26.5877,0.8732,3859,replicate_sdr,9.1981,
2024,2023,production,emp_50_99,takeup,78.5627,1.3961,1349,replicate_sdr,9.1981,
2024,2023,production,emp_lt10,offer,12.8869,0.5265,6137,replicate_sdr,14.3201,1.4684
2024,2023,production,emp_lt10,participation,9.3326,0.4505,6137,replicate_sdr,14.3201,1.4390
2024,2023,production,emp_lt10,takeup,72.4192,2.0042,808,replicate_sdr,14.3201,1.4935
2024,2023,production,emp_lt100,offer,22.3268,0.4329,18115,replicate_sdr,42.5502,1.5830
2024,2023,production,emp_lt100,participation,16.9033,0.3845,18115,replicate_sdr,42.5502,1.5203
2024,2023,production,emp_lt100,takeup,75.7083,0.8308,4203,replicate_sdr,42.5502,1.6402
2024,2023,production,emp_lt100_age_21_34,offer,19.9201,0.6854,6359,replicate_sdr,15.9832,1.7289
2024,2023,production,emp_lt100_age_21_34,participation,13.2861,0.5710,6359,replicate_sdr,15.9832,1.5809
2024,2023,production,emp_lt100_age_21_34,takeup,66.6969,1.6873,1264,replicate_sdr,15.9832,1.6264
2024,2023,production,fulltime_35h,offer,39.9589,0.3606,41466,replicate_sdr,99.2483,2.1469
2024,2023,production,fulltime_35h,participation,32.4935,0.3371,41466,replicate_sdr,99.2483,1.9747
2024,2023,production,fulltime_35h,takeup,81.3174,0.4033,16935,replicate_sdr,99.2483,1.5757
2024,2023,production,fullyear_fulltime,offer,40.9016,0.3819,36482,replicate_sdr,87.0499,2.1220
2024,2023,production,fullyear_fulltime,participation,34.0459,0.3634,36482,replicate_sdr,87.0499,1.8813
2024,2023,production,fullyear_fulltime,takeup,83.2385,0.3971,15263,replicate_sdr,87.0499,1.6178
2024,2023,production,parttime_lt35h,offer,25.2582,0.6903,6532,replicate_sdr,15.9835,1.4411
2024,2023,production,parttime_lt35h,participation,11.5367,0.4943,6532,replicate_sdr,15.9835,1.4735
2024,2023,production,parttime_lt35h,takeup,45.6750,1.4919,1669,replicate_sdr,15.9835,1.6478
2025,2024,production,age_21_34,offer,33.3839,0.4922,16005,replicate_sdr,43.1912,1.7144
2025,2024,production,age_21_34,participation,22.5555,0.4173,16005,replicate_sdr,43.1912,1.4324
2025,2024,production,age_21_34,takeup,67.5639,0.7618,5453,replicate_sdr,43.1912,1.6672
2025,2024,production,age_35_64,offer,37.7075,0.3557,31113,replicate_sdr,74.0351,2.0076
2025,2024,production,age_35_64,participation,31.3163,0.3344,31113,replicate_sdr,74.0351,1.9494
2025,2024,production,age_35_64,takeup,83.0504,0.4177,12126,replicate_sdr,74.0351,1.6345
2025,2024,production,all_21_64,offer,36.1145,0.3140,47118,replicate_sdr,117.2263,2.1487
2025,2024,production,all_21_64,participation,28.0884,0.2691,47118,replicate_sdr,117.2263,1.8783
2025,2024,production,all_21_64,takeup,77.7759,0.3715,17579,replicate_sdr,117.2263,1.7149
2025,2024,production,emp_1000plus,offer,46.9905,0.4532,20100,replicate_sdr,51.3124,1.8195
2025,2024,production,emp_1000plus,participation,37.3381,0.4165,20100,replicate_sdr,51.3124,1.6787
2025,2024,production,emp_1000plus,takeup,79.4589,0.5160,9682,replicate_sdr,51.3124,1.6972
2025,2024,production,emp_100_499,offer,39.6272,0.8367,6618,replicate_sdr,16.0993,1.8205
2025,2024,production,emp_100_499,participation,30.5396,0.8149,6618,replicate_sdr,16.0993,1.6769
2025,2024,production,emp_100_499,takeup,77.0672,1.0128,2761,replicate_sdr,16.0993,1.5932
2025,2024,production,emp_100plus,offer,44.7951,0.3968,29524,replicate_sdr,74.1547,1.9734
2025,2024,production,emp_100plus,participation,35.3792,0.3507,29524,replicate_sdr,74.1547,1.7854
2025,2024,production,emp_100plus,takeup,78.9799,0.4160,13650,replicate_sdr,74.1547,1.6756
2025,2024,production,emp_100plus_age_21_34,offer,41.8012,0.6463,9873,replicate_sdr,27.0671,1.6483
2025,2024,production,emp_100plus_age_21_34,participation,28.7309,0.5722,9873,replicate_sdr,27.0671,1.4556
2025,2024,production,emp_100plus_age_21_34,takeup,68.7323,0.8841,4237,replicate_sdr,27.0671,1.6489
2025,2024,production,emp_10_49,offer,22.5197,0.5918,7913,replicate_sdr,19.3995,
2025,2024,production,emp_10_49,participation,16.7525,0.4981,7913,replicate_sdr,19.3995,
2025,2024,production,emp_10_49,takeup,74.3905,1.1817,1873,replicate_sdr,19.3995,
2025,2024,production,emp_500_999,offer,40.4275,1.0199,2806,replicate_sdr,6.7431,1.5933
2025,2024,production,emp_500_999,participation,32.0265,0.9819,2806,replicate_sdr,6.7431,1.5260
2025,2024,production,emp_500_999,takeup,79.2196,1.2676,1207,replicate_sdr,6.7431,1.5408
2025,2024,production,emp_50_99,offer,31.4678,0.8895,3820,replicate_sdr,9.5426,
2025,2024,production,emp_50_99,participation,22.4669,0.8660,3820,replicate_sdr,9.5426,
2025,2024,production,emp_50_99,takeup,71.3966,1.6091,1292,replicate_sdr,9.5426,
2025,2024,production,emp_lt10,offer,12.3603,0.5171,5861,replicate_sdr,14.1294,1.4684
2025,2024,production,emp_lt10,participation,9.1853,0.4692,5861,replicate_sdr,14.1294,1.4390
2025,2024,production,emp_lt10,takeup,74.3129,1.9707,764,replicate_sdr,14.1294,1.4935
2025,2024,production,emp_lt100,offer,21.1695,0.3772,17594,replicate_sdr,43.0716,1.5830
2025,2024,production,emp_lt100,participation,15.5362,0.3288,17594,replicate_sdr,43.0716,1.5203
2025,2024,production,emp_lt100,takeup,73.3896,0.8958,3929,replicate_sdr,43.0716,1.6402
2025,2024,production,emp_lt100_age_21_34,offer,19.2541,0.5977,6132,replicate_sdr,16.1241,1.7289
2025,2024,production,emp_lt100_age_21_34,participation,12.1889,0.4883,6132,replicate_sdr,16.1241,1.5809
2025,2024,production,emp_lt100_age_21_34,takeup,63.3058,1.7860,1216,replicate_sdr,16.1241,1.6264
2025,2024,production,fulltime_35h,offer,38.1451,0.3313,40571,replicate_sdr,100.5969,2.1469
2025,2024,production,fulltime_35h,participation,30.9589,0.3114,40571,replicate_sdr,100.5969,1.9747
2025,2024,production,fulltime_35h,takeup,81.1609,0.4019,15975,replicate_sdr,100.5969,1.5757
2025,2024,production,fullyear_fulltime,offer,38.9397,0.3404,35695,replicate_sdr,87.9915,2.1220
2025,2024,production,fullyear_fulltime,participation,32.3180,0.3253,35695,replicate_sdr,87.9915,1.8813
2025,2024,production,fullyear_fulltime,takeup,82.9949,0.4034,14341,replicate_sdr,87.9915,1.6178
2025,2024,production,parttime_lt35h,offer,23.8307,0.6474,6547,replicate_sdr,16.6294,1.4411
2025,2024,production,parttime_lt35h,participation,10.7237,0.4137,6547,replicate_sdr,16.6294,1.4735
2025,2024,production,parttime_lt35h,takeup,44.9996,1.3678,1604,replicate_sdr,16.6294,1.6478
2026,2025,production,age_21_34,offer,32.2959,0.5380,14408,replicate_sdr,43.2153,1.7144
2026,2025,production,age_21_34,participation,22.9366,0.4964,14408,replicate_sdr,43.2153,1.4324
2026,2025,production,age_21_34,takeup,71.0202,0.9186,4785,replicate_sdr,43.2153,1.6672
2026,2025,production,age_35_64,offer,38.0974,0.3808,29418,replicate_sdr,73.1672,2.0076
2026,2025,production,age_35_64,participation,31.6133,0.3382,29418,replicate_sdr,73.1672,1.9494
2026,2025,production,age_35_64,takeup,82.9801,0.4102,11482,replicate_sdr,73.1672,1.6345
2026,2025,production,all_21_64,offer,35.9432,0.3214,43826,replicate_sdr,116.3825,2.1487
2026,2025,production,all_21_64,participation,28.3915,0.2840,43826,replicate_sdr,116.3825,1.8783
2026,2025,production,all_21_64,takeup,78.9898,0.4017,16267,replicate_sdr,116.3825,1.7149
2026,2025,production,emp_1000plus,offer,45.6439,0.4826,18811,replicate_sdr,51.1490,1.8195
2026,2025,production,emp_1000plus,participation,36.5088,0.4400,18811,replicate_sdr,51.1490,1.6787
2026,2025,production,emp_1000plus,takeup,79.9862,0.4946,8871,replicate_sdr,51.1490,1.6972
2026,2025,production,emp_100_499,offer,37.7958,0.8006,6269,replicate_sdr,16.3066,1.8205
2026,2025,production,emp_100_499,participation,29.8950,0.7726,6269,replicate_sdr,16.3066,1.6769
2026,2025,production,emp_100_499,takeup,79.0960,1.0401,2510,replicate_sdr,16.3066,1.5932
2026,2025,production,emp_100plus,offer,43.6960,0.3988,27558,replicate_sdr,74.0514,1.9734
2026,2025,production,emp_100plus,participation,34.9333,0.3815,27558,replicate_sdr,74.0514,1.7854
2026,2025,production,emp_100plus,takeup,79.9462,0.4683,12498,replicate_sdr,74.0514,1.6756
2026,2025,production,emp_100plus_age_21_34,offer,40.1500,0.7031,8871,replicate_sdr,26.9483,1.6483
2026,2025,production,emp_100plus_age_21_34,participation,28.5308,0.6727,8871,replicate_sdr,26.9483,1.4556
2026,2025,production,emp_100plus_age_21_34,takeup,71.0607,1.0160,3684,replicate_sdr,26.9483,1.6489
2026,2025,production,emp_10_49,offer,24.1870,0.6056,7088,replicate_sdr,18.5626,
2026,2025,production,emp_10_49,participation,17.6229,0.5044,7088,replicate_sdr,18.5626,
2026,2025,production,emp_10_49,takeup,72.8611,1.2579,1788,replicate_sdr,18.5626,
2026,2025,production,emp_500_999,offer,43.1777,1.1293,2478,replicate_sdr,6.5959,1.5933
2026,2025,production,emp_500_999,participation,35.1715,1.0971,2478,replicate_sdr,6.5959,1.5260
2026,2025,production,emp_500_999,takeup,81.4577,1.4900,1117,replicate_sdr,6.5959,1.5408
2026,2025,production,emp_50_99,offer,32.7829,0.9827,3613,replicate_sdr,9.2865,
2026,2025,production,emp_50_99,participation,25.8746,0.9205,3613,replicate_sdr,9.2865,
2026,2025,production,emp_50_99,takeup,78.9270,1.4781,1219,replicate_sdr,9.2865,
2026,2025,production,emp_lt10,offer,13.3956,0.5891,5567,replicate_sdr,14.4820,1.4684
2026,2025,production,emp_lt10,participation,10.3576,0.5024,5567,replicate_sdr,14.4820,1.4390
2026,2025,production,emp_lt10,takeup,77.3209,1.9111,762,replicate_sdr,14.4820,1.4935
2026,2025,production,emp_lt100,offer,22.3809,0.4342,16268,replicate_sdr,42.3311,1.5830
2026,2025,production,emp_lt100,participation,16.9476,0.3758,16268,replicate_sdr,42.3311,1.5203
2026,2025,production,emp_lt100,takeup,75.7235,0.8813,3769,replicate_sdr,42.3311,1.6402
2026,2025,production,emp_lt100_age_21_34,offer,19.2847,0.6350,5537,replicate_sdr,16.2670,1.7289
2026,2025,production,emp_lt100_age_21_34,participation,13.6691,0.5677,5537,replicate_sdr,16.2670,1.5809
2026,2025,production,emp_lt100_age_21_34,takeup,70.8808,1.7220,1101,replicate_sdr,16.2670,1.6264
2026,2025,production,fulltime_35h,offer,38.0164,0.3497,37794,replicate_sdr,99.9595,2.1469
2026,2025,production,fulltime_35h,participation,31.2684,0.3154,37794,replicate_sdr,99.9595,1.9747
2026,2025,production,fulltime_35h,takeup,82.2498,0.3926,14825,replicate_sdr,99.9595,1.5757
2026,2025,production,fullyear_fulltime,offer,38.8852,0.3630,33601,replicate_sdr,88.6291,2.1220
2026,2025,production,fullyear_fulltime,participation,32.4707,0.3283,33601,replicate_sdr,88.6291,1.8813
2026,2025,production,fullyear_fulltime,takeup,83.5039,0.3864,13486,replicate_sdr,88.6291,1.6178
2026,2025,production,parttime_lt35h,offer,23.3242,0.6579,6032,replicate_sdr,16.4230,1.4411
2026,2025,production,parttime_lt35h,participation,10.8805,0.4682,6032,replicate_sdr,16.4230,1.4735
2026,2025,production,parttime_lt35h,takeup,46.6491,1.6864,1442,replicate_sdr,16.4230,1.6478
