year,dimension,group,taxpayers_with_wages,with_elective_deferral,pct_with_elective_deferral,rp_box_checked,pct_rp_box_checked,rp_box_or_deferral,pct_rp_box_or_deferral,pct_box_checked_without_deferral,source,note
2008,all,All taxpayers with wage income,140691543,48872713,34.7,65073260,46.3,69488074,49.4,14.7,"IRS SOI Form W-2 statistics, Table 3.C (TY2008), https://www.irs.gov/pub/irs-soi/18inallw2.xls","Computed: pct = count / taxpayers_with_wages. Unit = primary/secondary taxpayers on filed individual returns with W-2 wages (not all W-2 forms; non-filers excluded). Elective deferral = W-2 box 12 codes D,E,F,G,H,S,AA,BB,EE. rp_box_checked = W-2 box 13 retirement plan indicator (includes DB and employer-only DC). Covers private AND public employers. Wage bins are nominal dollars."
2009,all,All taxpayers with wage income,136603419,46143187,33.8,63019118,46.1,67068743,49.1,15.3,"IRS SOI Form W-2 statistics, Table 3.C (TY2009), https://www.irs.gov/pub/irs-soi/18inallw2.xls","Computed: pct = count / taxpayers_with_wages. Unit = primary/secondary taxpayers on filed individual returns with W-2 wages (not all W-2 forms; non-filers excluded). Elective deferral = W-2 box 12 codes D,E,F,G,H,S,AA,BB,EE. rp_box_checked = W-2 box 13 retirement plan indicator (includes DB and employer-only DC). Covers private AND public employers. Wage bins are nominal dollars."
2010,all,All taxpayers with wage income,136788989,45782796,33.5,61413006,44.9,65805406,48.1,14.6,"IRS SOI Form W-2 statistics, Table 3.C (TY2010), https://www.irs.gov/pub/irs-soi/18inallw2.xls","Computed: pct = count / taxpayers_with_wages. Unit = primary/secondary taxpayers on filed individual returns with W-2 wages (not all W-2 forms; non-filers excluded). Elective deferral = W-2 box 12 codes D,E,F,G,H,S,AA,BB,EE. rp_box_checked = W-2 box 13 retirement plan indicator (includes DB and employer-only DC). Covers private AND public employers. Wage bins are nominal dollars."
2011,all,All taxpayers with wage income,138582323,46978229,33.9,62136940,44.8,66372275,47.9,14.0,"IRS SOI Form W-2 statistics, Table 3.C (TY2011), https://www.irs.gov/pub/irs-soi/18inallw2.xls","Computed: pct = count / taxpayers_with_wages. Unit = primary/secondary taxpayers on filed individual returns with W-2 wages (not all W-2 forms; non-filers excluded). Elective deferral = W-2 box 12 codes D,E,F,G,H,S,AA,BB,EE. rp_box_checked = W-2 box 13 retirement plan indicator (includes DB and employer-only DC). Covers private AND public employers. Wage bins are nominal dollars."
2012,all,All taxpayers with wage income,139546045,48726737,34.9,63026803,45.2,67432933,48.3,13.4,"IRS SOI Form W-2 statistics, Table 3.C (TY2012), https://www.irs.gov/pub/irs-soi/18inallw2.xls","Computed: pct = count / taxpayers_with_wages. Unit = primary/secondary taxpayers on filed individual returns with W-2 wages (not all W-2 forms; non-filers excluded). Elective deferral = W-2 box 12 codes D,E,F,G,H,S,AA,BB,EE. rp_box_checked = W-2 box 13 retirement plan indicator (includes DB and employer-only DC). Covers private AND public employers. Wage bins are nominal dollars."
2013,all,All taxpayers with wage income,141853898,50203698,35.4,63825485,45.0,68448833,48.3,12.9,"IRS SOI Form W-2 statistics, Table 3.C (TY2013), https://www.irs.gov/pub/irs-soi/18inallw2.xls","Computed: pct = count / taxpayers_with_wages. Unit = primary/secondary taxpayers on filed individual returns with W-2 wages (not all W-2 forms; non-filers excluded). Elective deferral = W-2 box 12 codes D,E,F,G,H,S,AA,BB,EE. rp_box_checked = W-2 box 13 retirement plan indicator (includes DB and employer-only DC). Covers private AND public employers. Wage bins are nominal dollars."
2014,all,All taxpayers with wage income,142462598,52008961,36.5,64767233,45.5,69793168,49.0,12.5,"IRS SOI Form W-2 statistics, Table 3.C (TY2014), https://www.irs.gov/pub/irs-soi/18inallw2.xls","Computed: pct = count / taxpayers_with_wages. Unit = primary/secondary taxpayers on filed individual returns with W-2 wages (not all W-2 forms; non-filers excluded). Elective deferral = W-2 box 12 codes D,E,F,G,H,S,AA,BB,EE. rp_box_checked = W-2 box 13 retirement plan indicator (includes DB and employer-only DC). Covers private AND public employers. Wage bins are nominal dollars."
2015,all,All taxpayers with wage income,144055089,54101786,37.6,66343259,46.1,71629355,49.7,12.2,"IRS SOI Form W-2 statistics, Table 3.C (TY2015), https://www.irs.gov/pub/irs-soi/18inallw2.xls","Computed: pct = count / taxpayers_with_wages. Unit = primary/secondary taxpayers on filed individual returns with W-2 wages (not all W-2 forms; non-filers excluded). Elective deferral = W-2 box 12 codes D,E,F,G,H,S,AA,BB,EE. rp_box_checked = W-2 box 13 retirement plan indicator (includes DB and employer-only DC). Covers private AND public employers. Wage bins are nominal dollars."
2016,all,All taxpayers with wage income,144213523,55897292,38.8,67858989,47.1,72996102,50.6,11.9,"IRS SOI Form W-2 statistics, Table 3.C (TY2016), https://www.irs.gov/pub/irs-soi/18inallw2.xls","Computed: pct = count / taxpayers_with_wages. Unit = primary/secondary taxpayers on filed individual returns with W-2 wages (not all W-2 forms; non-filers excluded). Elective deferral = W-2 box 12 codes D,E,F,G,H,S,AA,BB,EE. rp_box_checked = W-2 box 13 retirement plan indicator (includes DB and employer-only DC). Covers private AND public employers. Wage bins are nominal dollars."
2017,all,All taxpayers with wage income,145758391,58113232,39.9,68653635,47.1,74503117,51.1,11.2,"IRS SOI Form W-2 statistics, Table 3.C (TY2017), https://www.irs.gov/pub/irs-soi/18inallw2.xls","Computed: pct = count / taxpayers_with_wages. Unit = primary/secondary taxpayers on filed individual returns with W-2 wages (not all W-2 forms; non-filers excluded). Elective deferral = W-2 box 12 codes D,E,F,G,H,S,AA,BB,EE. rp_box_checked = W-2 box 13 retirement plan indicator (includes DB and employer-only DC). Covers private AND public employers. Wage bins are nominal dollars."
2018,all,All taxpayers with wage income,144631072,60353306,41.7,70560745,48.8,76390569,52.8,11.1,"IRS SOI Form W-2 statistics, Table 3.C (TY2018), https://www.irs.gov/pub/irs-soi/18inallw2.xls","Computed: pct = count / taxpayers_with_wages. Unit = primary/secondary taxpayers on filed individual returns with W-2 wages (not all W-2 forms; non-filers excluded). Elective deferral = W-2 box 12 codes D,E,F,G,H,S,AA,BB,EE. rp_box_checked = W-2 box 13 retirement plan indicator (includes DB and employer-only DC). Covers private AND public employers. Wage bins are nominal dollars."
2019,all,All taxpayers with wage income,147093024,62038381,42.2,72126991,49.0,78052908,53.1,10.9,"IRS SOI Form W-2 statistics, Table 3.C (TY2019), https://www.irs.gov/pub/irs-soi/19in03w2all.xlsx","Computed: pct = count / taxpayers_with_wages. Unit = primary/secondary taxpayers on filed individual returns with W-2 wages (not all W-2 forms; non-filers excluded). Elective deferral = W-2 box 12 codes D,E,F,G,H,S,AA,BB,EE. rp_box_checked = W-2 box 13 retirement plan indicator (includes DB and employer-only DC). Covers private AND public employers. Wage bins are nominal dollars."
2020,all,All taxpayers with wage income,146152914,62600867,42.8,72670086,49.7,78271939,53.6,10.7,"IRS SOI Form W-2 statistics, Table 3.C (TY2020), https://www.irs.gov/pub/irs-soi/20in03w2all.xlsx","Computed: pct = count / taxpayers_with_wages. Unit = primary/secondary taxpayers on filed individual returns with W-2 wages (not all W-2 forms; non-filers excluded). Elective deferral = W-2 box 12 codes D,E,F,G,H,S,AA,BB,EE. rp_box_checked = W-2 box 13 retirement plan indicator (includes DB and employer-only DC). Covers private AND public employers. Wage bins are nominal dollars."
2008,age,Under 26,24750562,2989669,12.1,4963966,20.1,5426987,21.9,9.8,"IRS SOI Form W-2 statistics, Table 3.C (TY2008), https://www.irs.gov/pub/irs-soi/18inallw2.xls","Computed: pct = count / taxpayers_with_wages. Unit = primary/secondary taxpayers on filed individual returns with W-2 wages (not all W-2 forms; non-filers excluded). Elective deferral = W-2 box 12 codes D,E,F,G,H,S,AA,BB,EE. rp_box_checked = W-2 box 13 retirement plan indicator (includes DB and employer-only DC). Covers private AND public employers. Wage bins are nominal dollars."
2009,age,Under 26,22323818,2618832,11.7,4544308,20.4,4923857,22.1,10.3,"IRS SOI Form W-2 statistics, Table 3.C (TY2009), https://www.irs.gov/pub/irs-soi/18inallw2.xls","Computed: pct = count / taxpayers_with_wages. Unit = primary/secondary taxpayers on filed individual returns with W-2 wages (not all W-2 forms; non-filers excluded). Elective deferral = W-2 box 12 codes D,E,F,G,H,S,AA,BB,EE. rp_box_checked = W-2 box 13 retirement plan indicator (includes DB and employer-only DC). Covers private AND public employers. Wage bins are nominal dollars."
2010,age,Under 26,22331979,2636873,11.8,4218504,18.9,4642700,20.8,9.0,"IRS SOI Form W-2 statistics, Table 3.C (TY2010), https://www.irs.gov/pub/irs-soi/18inallw2.xls","Computed: pct = count / taxpayers_with_wages. Unit = primary/secondary taxpayers on filed individual returns with W-2 wages (not all W-2 forms; non-filers excluded). Elective deferral = W-2 box 12 codes D,E,F,G,H,S,AA,BB,EE. rp_box_checked = W-2 box 13 retirement plan indicator (includes DB and employer-only DC). Covers private AND public employers. Wage bins are nominal dollars."
2011,age,Under 26,23312348,2779005,11.9,4258365,18.3,4677818,20.1,8.1,"IRS SOI Form W-2 statistics, Table 3.C (TY2011), https://www.irs.gov/pub/irs-soi/18inallw2.xls","Computed: pct = count / taxpayers_with_wages. Unit = primary/secondary taxpayers on filed individual returns with W-2 wages (not all W-2 forms; non-filers excluded). Elective deferral = W-2 box 12 codes D,E,F,G,H,S,AA,BB,EE. rp_box_checked = W-2 box 13 retirement plan indicator (includes DB and employer-only DC). Covers private AND public employers. Wage bins are nominal dollars."
2012,age,Under 26,23518980,3025631,12.9,4364751,18.6,4825612,20.5,7.7,"IRS SOI Form W-2 statistics, Table 3.C (TY2012), https://www.irs.gov/pub/irs-soi/18inallw2.xls","Computed: pct = count / taxpayers_with_wages. Unit = primary/secondary taxpayers on filed individual returns with W-2 wages (not all W-2 forms; non-filers excluded). Elective deferral = W-2 box 12 codes D,E,F,G,H,S,AA,BB,EE. rp_box_checked = W-2 box 13 retirement plan indicator (includes DB and employer-only DC). Covers private AND public employers. Wage bins are nominal dollars."
2013,age,Under 26,24129267,3202957,13.3,4374984,18.1,4916198,20.4,7.1,"IRS SOI Form W-2 statistics, Table 3.C (TY2013), https://www.irs.gov/pub/irs-soi/18inallw2.xls","Computed: pct = count / taxpayers_with_wages. Unit = primary/secondary taxpayers on filed individual returns with W-2 wages (not all W-2 forms; non-filers excluded). Elective deferral = W-2 box 12 codes D,E,F,G,H,S,AA,BB,EE. rp_box_checked = W-2 box 13 retirement plan indicator (includes DB and employer-only DC). Covers private AND public employers. Wage bins are nominal dollars."
2014,age,Under 26,24371404,3541088,14.5,4808932,19.7,5338549,21.9,7.4,"IRS SOI Form W-2 statistics, Table 3.C (TY2014), https://www.irs.gov/pub/irs-soi/18inallw2.xls","Computed: pct = count / taxpayers_with_wages. Unit = primary/secondary taxpayers on filed individual returns with W-2 wages (not all W-2 forms; non-filers excluded). Elective deferral = W-2 box 12 codes D,E,F,G,H,S,AA,BB,EE. rp_box_checked = W-2 box 13 retirement plan indicator (includes DB and employer-only DC). Covers private AND public employers. Wage bins are nominal dollars."
2015,age,Under 26,24883941,3852230,15.5,5169958,20.8,5728103,23.0,7.5,"IRS SOI Form W-2 statistics, Table 3.C (TY2015), https://www.irs.gov/pub/irs-soi/18inallw2.xls","Computed: pct = count / taxpayers_with_wages. Unit = primary/secondary taxpayers on filed individual returns with W-2 wages (not all W-2 forms; non-filers excluded). Elective deferral = W-2 box 12 codes D,E,F,G,H,S,AA,BB,EE. rp_box_checked = W-2 box 13 retirement plan indicator (includes DB and employer-only DC). Covers private AND public employers. Wage bins are nominal dollars."
2016,age,Under 26,24756631,4091786,16.5,5408042,21.8,5979283,24.2,7.6,"IRS SOI Form W-2 statistics, Table 3.C (TY2016), https://www.irs.gov/pub/irs-soi/18inallw2.xls","Computed: pct = count / taxpayers_with_wages. Unit = primary/secondary taxpayers on filed individual returns with W-2 wages (not all W-2 forms; non-filers excluded). Elective deferral = W-2 box 12 codes D,E,F,G,H,S,AA,BB,EE. rp_box_checked = W-2 box 13 retirement plan indicator (includes DB and employer-only DC). Covers private AND public employers. Wage bins are nominal dollars."
2017,age,Under 26,24862657,4294094,17.3,5412811,21.8,6036597,24.3,7.0,"IRS SOI Form W-2 statistics, Table 3.C (TY2017), https://www.irs.gov/pub/irs-soi/18inallw2.xls","Computed: pct = count / taxpayers_with_wages. Unit = primary/secondary taxpayers on filed individual returns with W-2 wages (not all W-2 forms; non-filers excluded). Elective deferral = W-2 box 12 codes D,E,F,G,H,S,AA,BB,EE. rp_box_checked = W-2 box 13 retirement plan indicator (includes DB and employer-only DC). Covers private AND public employers. Wage bins are nominal dollars."
2018,age,Under 26,24397863,4610327,18.9,5643385,23.1,6311144,25.9,7.0,"IRS SOI Form W-2 statistics, Table 3.C (TY2018), https://www.irs.gov/pub/irs-soi/18inallw2.xls","Computed: pct = count / taxpayers_with_wages. Unit = primary/secondary taxpayers on filed individual returns with W-2 wages (not all W-2 forms; non-filers excluded). Elective deferral = W-2 box 12 codes D,E,F,G,H,S,AA,BB,EE. rp_box_checked = W-2 box 13 retirement plan indicator (includes DB and employer-only DC). Covers private AND public employers. Wage bins are nominal dollars."
2019,age,Under 26,24847692,4989090,20.1,6038882,24.3,6691035,26.9,6.8,"IRS SOI Form W-2 statistics, Table 3.C (TY2019), https://www.irs.gov/pub/irs-soi/19in03w2all.xlsx","Computed: pct = count / taxpayers_with_wages. Unit = primary/secondary taxpayers on filed individual returns with W-2 wages (not all W-2 forms; non-filers excluded). Elective deferral = W-2 box 12 codes D,E,F,G,H,S,AA,BB,EE. rp_box_checked = W-2 box 13 retirement plan indicator (includes DB and employer-only DC). Covers private AND public employers. Wage bins are nominal dollars."
2020,age,Under 26,24106268,5021032,20.8,5999761,24.9,6630197,27.5,6.7,"IRS SOI Form W-2 statistics, Table 3.C (TY2020), https://www.irs.gov/pub/irs-soi/20in03w2all.xlsx","Computed: pct = count / taxpayers_with_wages. Unit = primary/secondary taxpayers on filed individual returns with W-2 wages (not all W-2 forms; non-filers excluded). Elective deferral = W-2 box 12 codes D,E,F,G,H,S,AA,BB,EE. rp_box_checked = W-2 box 13 retirement plan indicator (includes DB and employer-only DC). Covers private AND public employers. Wage bins are nominal dollars."
2008,age,26 under 35,27288815,9156883,33.6,12084739,44.3,13061022,47.9,14.3,"IRS SOI Form W-2 statistics, Table 3.C (TY2008), https://www.irs.gov/pub/irs-soi/18inallw2.xls","Computed: pct = count / taxpayers_with_wages. Unit = primary/secondary taxpayers on filed individual returns with W-2 wages (not all W-2 forms; non-filers excluded). Elective deferral = W-2 box 12 codes D,E,F,G,H,S,AA,BB,EE. rp_box_checked = W-2 box 13 retirement plan indicator (includes DB and employer-only DC). Covers private AND public employers. Wage bins are nominal dollars."
2009,age,26 under 35,26944362,8429608,31.3,11580155,43.0,12446813,46.2,14.9,"IRS SOI Form W-2 statistics, Table 3.C (TY2009), https://www.irs.gov/pub/irs-soi/18inallw2.xls","Computed: pct = count / taxpayers_with_wages. Unit = primary/secondary taxpayers on filed individual returns with W-2 wages (not all W-2 forms; non-filers excluded). Elective deferral = W-2 box 12 codes D,E,F,G,H,S,AA,BB,EE. rp_box_checked = W-2 box 13 retirement plan indicator (includes DB and employer-only DC). Covers private AND public employers. Wage bins are nominal dollars."
2010,age,26 under 35,27122037,8556790,31.5,11441748,42.2,12387603,45.7,14.1,"IRS SOI Form W-2 statistics, Table 3.C (TY2010), https://www.irs.gov/pub/irs-soi/18inallw2.xls","Computed: pct = count / taxpayers_with_wages. Unit = primary/secondary taxpayers on filed individual returns with W-2 wages (not all W-2 forms; non-filers excluded). Elective deferral = W-2 box 12 codes D,E,F,G,H,S,AA,BB,EE. rp_box_checked = W-2 box 13 retirement plan indicator (includes DB and employer-only DC). Covers private AND public employers. Wage bins are nominal dollars."
2011,age,26 under 35,27650202,8903274,32.2,11677254,42.2,12594672,45.6,13.4,"IRS SOI Form W-2 statistics, Table 3.C (TY2011), https://www.irs.gov/pub/irs-soi/18inallw2.xls","Computed: pct = count / taxpayers_with_wages. Unit = primary/secondary taxpayers on filed individual returns with W-2 wages (not all W-2 forms; non-filers excluded). Elective deferral = W-2 box 12 codes D,E,F,G,H,S,AA,BB,EE. rp_box_checked = W-2 box 13 retirement plan indicator (includes DB and employer-only DC). Covers private AND public employers. Wage bins are nominal dollars."
2012,age,26 under 35,27909810,9331342,33.4,11913409,42.7,12873641,46.1,12.7,"IRS SOI Form W-2 statistics, Table 3.C (TY2012), https://www.irs.gov/pub/irs-soi/18inallw2.xls","Computed: pct = count / taxpayers_with_wages. Unit = primary/secondary taxpayers on filed individual returns with W-2 wages (not all W-2 forms; non-filers excluded). Elective deferral = W-2 box 12 codes D,E,F,G,H,S,AA,BB,EE. rp_box_checked = W-2 box 13 retirement plan indicator (includes DB and employer-only DC). Covers private AND public employers. Wage bins are nominal dollars."
2013,age,26 under 35,28761074,9772535,34.0,12370547,43.0,13334444,46.4,12.4,"IRS SOI Form W-2 statistics, Table 3.C (TY2013), https://www.irs.gov/pub/irs-soi/18inallw2.xls","Computed: pct = count / taxpayers_with_wages. Unit = primary/secondary taxpayers on filed individual returns with W-2 wages (not all W-2 forms; non-filers excluded). Elective deferral = W-2 box 12 codes D,E,F,G,H,S,AA,BB,EE. rp_box_checked = W-2 box 13 retirement plan indicator (includes DB and employer-only DC). Covers private AND public employers. Wage bins are nominal dollars."
2014,age,26 under 35,29043712,10211246,35.2,12600145,43.4,13687749,47.1,12.0,"IRS SOI Form W-2 statistics, Table 3.C (TY2014), https://www.irs.gov/pub/irs-soi/18inallw2.xls","Computed: pct = count / taxpayers_with_wages. Unit = primary/secondary taxpayers on filed individual returns with W-2 wages (not all W-2 forms; non-filers excluded). Elective deferral = W-2 box 12 codes D,E,F,G,H,S,AA,BB,EE. rp_box_checked = W-2 box 13 retirement plan indicator (includes DB and employer-only DC). Covers private AND public employers. Wage bins are nominal dollars."
2015,age,26 under 35,29310958,10809061,36.9,13021047,44.4,14189644,48.4,11.5,"IRS SOI Form W-2 statistics, Table 3.C (TY2015), https://www.irs.gov/pub/irs-soi/18inallw2.xls","Computed: pct = count / taxpayers_with_wages. Unit = primary/secondary taxpayers on filed individual returns with W-2 wages (not all W-2 forms; non-filers excluded). Elective deferral = W-2 box 12 codes D,E,F,G,H,S,AA,BB,EE. rp_box_checked = W-2 box 13 retirement plan indicator (includes DB and employer-only DC). Covers private AND public employers. Wage bins are nominal dollars."
2016,age,26 under 35,29690637,11493259,38.7,13663259,46.0,14785399,49.8,11.1,"IRS SOI Form W-2 statistics, Table 3.C (TY2016), https://www.irs.gov/pub/irs-soi/18inallw2.xls","Computed: pct = count / taxpayers_with_wages. Unit = primary/secondary taxpayers on filed individual returns with W-2 wages (not all W-2 forms; non-filers excluded). Elective deferral = W-2 box 12 codes D,E,F,G,H,S,AA,BB,EE. rp_box_checked = W-2 box 13 retirement plan indicator (includes DB and employer-only DC). Covers private AND public employers. Wage bins are nominal dollars."
2017,age,26 under 35,30064393,12148899,40.4,13981615,46.5,15299460,50.9,10.5,"IRS SOI Form W-2 statistics, Table 3.C (TY2017), https://www.irs.gov/pub/irs-soi/18inallw2.xls","Computed: pct = count / taxpayers_with_wages. Unit = primary/secondary taxpayers on filed individual returns with W-2 wages (not all W-2 forms; non-filers excluded). Elective deferral = W-2 box 12 codes D,E,F,G,H,S,AA,BB,EE. rp_box_checked = W-2 box 13 retirement plan indicator (includes DB and employer-only DC). Covers private AND public employers. Wage bins are nominal dollars."
2018,age,26 under 35,30091603,12980999,43.1,14727799,48.9,16081634,53.4,10.3,"IRS SOI Form W-2 statistics, Table 3.C (TY2018), https://www.irs.gov/pub/irs-soi/18inallw2.xls","Computed: pct = count / taxpayers_with_wages. Unit = primary/secondary taxpayers on filed individual returns with W-2 wages (not all W-2 forms; non-filers excluded). Elective deferral = W-2 box 12 codes D,E,F,G,H,S,AA,BB,EE. rp_box_checked = W-2 box 13 retirement plan indicator (includes DB and employer-only DC). Covers private AND public employers. Wage bins are nominal dollars."
2019,age,26 under 35,30608841,13407698,43.8,15146080,49.5,16599890,54.2,10.4,"IRS SOI Form W-2 statistics, Table 3.C (TY2019), https://www.irs.gov/pub/irs-soi/19in03w2all.xlsx","Computed: pct = count / taxpayers_with_wages. Unit = primary/secondary taxpayers on filed individual returns with W-2 wages (not all W-2 forms; non-filers excluded). Elective deferral = W-2 box 12 codes D,E,F,G,H,S,AA,BB,EE. rp_box_checked = W-2 box 13 retirement plan indicator (includes DB and employer-only DC). Covers private AND public employers. Wage bins are nominal dollars."
2020,age,26 under 35,30777746,13677819,44.4,15588094,50.6,16837220,54.7,10.3,"IRS SOI Form W-2 statistics, Table 3.C (TY2020), https://www.irs.gov/pub/irs-soi/20in03w2all.xlsx","Computed: pct = count / taxpayers_with_wages. Unit = primary/secondary taxpayers on filed individual returns with W-2 wages (not all W-2 forms; non-filers excluded). Elective deferral = W-2 box 12 codes D,E,F,G,H,S,AA,BB,EE. rp_box_checked = W-2 box 13 retirement plan indicator (includes DB and employer-only DC). Covers private AND public employers. Wage bins are nominal dollars."
2008,age,35 under 45,30784532,12578941,40.9,16173254,52.5,17274451,56.1,15.3,"IRS SOI Form W-2 statistics, Table 3.C (TY2008), https://www.irs.gov/pub/irs-soi/18inallw2.xls","Computed: pct = count / taxpayers_with_wages. Unit = primary/secondary taxpayers on filed individual returns with W-2 wages (not all W-2 forms; non-filers excluded). Elective deferral = W-2 box 12 codes D,E,F,G,H,S,AA,BB,EE. rp_box_checked = W-2 box 13 retirement plan indicator (includes DB and employer-only DC). Covers private AND public employers. Wage bins are nominal dollars."
2009,age,35 under 45,29349145,11506838,39.2,15227671,51.9,16213102,55.2,16.0,"IRS SOI Form W-2 statistics, Table 3.C (TY2009), https://www.irs.gov/pub/irs-soi/18inallw2.xls","Computed: pct = count / taxpayers_with_wages. Unit = primary/secondary taxpayers on filed individual returns with W-2 wages (not all W-2 forms; non-filers excluded). Elective deferral = W-2 box 12 codes D,E,F,G,H,S,AA,BB,EE. rp_box_checked = W-2 box 13 retirement plan indicator (includes DB and employer-only DC). Covers private AND public employers. Wage bins are nominal dollars."
2010,age,35 under 45,28961636,11249556,38.8,14615860,50.5,15713252,54.3,15.4,"IRS SOI Form W-2 statistics, Table 3.C (TY2010), https://www.irs.gov/pub/irs-soi/18inallw2.xls","Computed: pct = count / taxpayers_with_wages. Unit = primary/secondary taxpayers on filed individual returns with W-2 wages (not all W-2 forms; non-filers excluded). Elective deferral = W-2 box 12 codes D,E,F,G,H,S,AA,BB,EE. rp_box_checked = W-2 box 13 retirement plan indicator (includes DB and employer-only DC). Covers private AND public employers. Wage bins are nominal dollars."
2011,age,35 under 45,28534148,11293279,39.6,14572076,51.1,15560741,54.5,15.0,"IRS SOI Form W-2 statistics, Table 3.C (TY2011), https://www.irs.gov/pub/irs-soi/18inallw2.xls","Computed: pct = count / taxpayers_with_wages. Unit = primary/secondary taxpayers on filed individual returns with W-2 wages (not all W-2 forms; non-filers excluded). Elective deferral = W-2 box 12 codes D,E,F,G,H,S,AA,BB,EE. rp_box_checked = W-2 box 13 retirement plan indicator (includes DB and employer-only DC). Covers private AND public employers. Wage bins are nominal dollars."
2012,age,35 under 45,28409491,11532823,40.6,14648325,51.6,15638621,55.0,14.5,"IRS SOI Form W-2 statistics, Table 3.C (TY2012), https://www.irs.gov/pub/irs-soi/18inallw2.xls","Computed: pct = count / taxpayers_with_wages. Unit = primary/secondary taxpayers on filed individual returns with W-2 wages (not all W-2 forms; non-filers excluded). Elective deferral = W-2 box 12 codes D,E,F,G,H,S,AA,BB,EE. rp_box_checked = W-2 box 13 retirement plan indicator (includes DB and employer-only DC). Covers private AND public employers. Wage bins are nominal dollars."
2013,age,35 under 45,28472876,11803177,41.5,14705738,51.6,15746187,55.3,13.8,"IRS SOI Form W-2 statistics, Table 3.C (TY2013), https://www.irs.gov/pub/irs-soi/18inallw2.xls","Computed: pct = count / taxpayers_with_wages. Unit = primary/secondary taxpayers on filed individual returns with W-2 wages (not all W-2 forms; non-filers excluded). Elective deferral = W-2 box 12 codes D,E,F,G,H,S,AA,BB,EE. rp_box_checked = W-2 box 13 retirement plan indicator (includes DB and employer-only DC). Covers private AND public employers. Wage bins are nominal dollars."
2014,age,35 under 45,28413279,12077899,42.5,14726825,51.8,15852964,55.8,13.3,"IRS SOI Form W-2 statistics, Table 3.C (TY2014), https://www.irs.gov/pub/irs-soi/18inallw2.xls","Computed: pct = count / taxpayers_with_wages. Unit = primary/secondary taxpayers on filed individual returns with W-2 wages (not all W-2 forms; non-filers excluded). Elective deferral = W-2 box 12 codes D,E,F,G,H,S,AA,BB,EE. rp_box_checked = W-2 box 13 retirement plan indicator (includes DB and employer-only DC). Covers private AND public employers. Wage bins are nominal dollars."
2015,age,35 under 45,28673511,12371846,43.1,14960511,52.2,16126425,56.2,13.1,"IRS SOI Form W-2 statistics, Table 3.C (TY2015), https://www.irs.gov/pub/irs-soi/18inallw2.xls","Computed: pct = count / taxpayers_with_wages. Unit = primary/secondary taxpayers on filed individual returns with W-2 wages (not all W-2 forms; non-filers excluded). Elective deferral = W-2 box 12 codes D,E,F,G,H,S,AA,BB,EE. rp_box_checked = W-2 box 13 retirement plan indicator (includes DB and employer-only DC). Covers private AND public employers. Wage bins are nominal dollars."
2016,age,35 under 45,28596350,12743211,44.6,15209700,53.2,16366951,57.2,12.7,"IRS SOI Form W-2 statistics, Table 3.C (TY2016), https://www.irs.gov/pub/irs-soi/18inallw2.xls","Computed: pct = count / taxpayers_with_wages. Unit = primary/secondary taxpayers on filed individual returns with W-2 wages (not all W-2 forms; non-filers excluded). Elective deferral = W-2 box 12 codes D,E,F,G,H,S,AA,BB,EE. rp_box_checked = W-2 box 13 retirement plan indicator (includes DB and employer-only DC). Covers private AND public employers. Wage bins are nominal dollars."
2017,age,35 under 45,29025933,13304475,45.8,15456166,53.2,16769228,57.8,11.9,"IRS SOI Form W-2 statistics, Table 3.C (TY2017), https://www.irs.gov/pub/irs-soi/18inallw2.xls","Computed: pct = count / taxpayers_with_wages. Unit = primary/secondary taxpayers on filed individual returns with W-2 wages (not all W-2 forms; non-filers excluded). Elective deferral = W-2 box 12 codes D,E,F,G,H,S,AA,BB,EE. rp_box_checked = W-2 box 13 retirement plan indicator (includes DB and employer-only DC). Covers private AND public employers. Wage bins are nominal dollars."
2018,age,35 under 45,28889729,13872028,48.0,16000134,55.4,17321640,60.0,11.9,"IRS SOI Form W-2 statistics, Table 3.C (TY2018), https://www.irs.gov/pub/irs-soi/18inallw2.xls","Computed: pct = count / taxpayers_with_wages. Unit = primary/secondary taxpayers on filed individual returns with W-2 wages (not all W-2 forms; non-filers excluded). Elective deferral = W-2 box 12 codes D,E,F,G,H,S,AA,BB,EE. rp_box_checked = W-2 box 13 retirement plan indicator (includes DB and employer-only DC). Covers private AND public employers. Wage bins are nominal dollars."
2019,age,35 under 45,29850374,14437212,48.4,16637896,55.7,17956542,60.2,11.8,"IRS SOI Form W-2 statistics, Table 3.C (TY2019), https://www.irs.gov/pub/irs-soi/19in03w2all.xlsx","Computed: pct = count / taxpayers_with_wages. Unit = primary/secondary taxpayers on filed individual returns with W-2 wages (not all W-2 forms; non-filers excluded). Elective deferral = W-2 box 12 codes D,E,F,G,H,S,AA,BB,EE. rp_box_checked = W-2 box 13 retirement plan indicator (includes DB and employer-only DC). Covers private AND public employers. Wage bins are nominal dollars."
2020,age,35 under 45,30085717,14689317,48.8,16947015,56.3,18188842,60.5,11.6,"IRS SOI Form W-2 statistics, Table 3.C (TY2020), https://www.irs.gov/pub/irs-soi/20in03w2all.xlsx","Computed: pct = count / taxpayers_with_wages. Unit = primary/secondary taxpayers on filed individual returns with W-2 wages (not all W-2 forms; non-filers excluded). Elective deferral = W-2 box 12 codes D,E,F,G,H,S,AA,BB,EE. rp_box_checked = W-2 box 13 retirement plan indicator (includes DB and employer-only DC). Covers private AND public employers. Wage bins are nominal dollars."
2008,age,45 under 55,31069903,14012774,45.1,18049341,58.1,19164510,61.7,16.6,"IRS SOI Form W-2 statistics, Table 3.C (TY2008), https://www.irs.gov/pub/irs-soi/18inallw2.xls","Computed: pct = count / taxpayers_with_wages. Unit = primary/secondary taxpayers on filed individual returns with W-2 wages (not all W-2 forms; non-filers excluded). Elective deferral = W-2 box 12 codes D,E,F,G,H,S,AA,BB,EE. rp_box_checked = W-2 box 13 retirement plan indicator (includes DB and employer-only DC). Covers private AND public employers. Wage bins are nominal dollars."
2009,age,45 under 55,30551655,13276700,43.5,17439514,57.1,18508341,60.6,17.1,"IRS SOI Form W-2 statistics, Table 3.C (TY2009), https://www.irs.gov/pub/irs-soi/18inallw2.xls","Computed: pct = count / taxpayers_with_wages. Unit = primary/secondary taxpayers on filed individual returns with W-2 wages (not all W-2 forms; non-filers excluded). Elective deferral = W-2 box 12 codes D,E,F,G,H,S,AA,BB,EE. rp_box_checked = W-2 box 13 retirement plan indicator (includes DB and employer-only DC). Covers private AND public employers. Wage bins are nominal dollars."
2010,age,45 under 55,30138375,12845775,42.6,16750293,55.6,17845008,59.2,16.6,"IRS SOI Form W-2 statistics, Table 3.C (TY2010), https://www.irs.gov/pub/irs-soi/18inallw2.xls","Computed: pct = count / taxpayers_with_wages. Unit = primary/secondary taxpayers on filed individual returns with W-2 wages (not all W-2 forms; non-filers excluded). Elective deferral = W-2 box 12 codes D,E,F,G,H,S,AA,BB,EE. rp_box_checked = W-2 box 13 retirement plan indicator (includes DB and employer-only DC). Covers private AND public employers. Wage bins are nominal dollars."
2011,age,45 under 55,30125567,12920505,42.9,16653537,55.3,17705344,58.8,15.9,"IRS SOI Form W-2 statistics, Table 3.C (TY2011), https://www.irs.gov/pub/irs-soi/18inallw2.xls","Computed: pct = count / taxpayers_with_wages. Unit = primary/secondary taxpayers on filed individual returns with W-2 wages (not all W-2 forms; non-filers excluded). Elective deferral = W-2 box 12 codes D,E,F,G,H,S,AA,BB,EE. rp_box_checked = W-2 box 13 retirement plan indicator (includes DB and employer-only DC). Covers private AND public employers. Wage bins are nominal dollars."
2012,age,45 under 55,29862759,13109782,43.9,16578759,55.5,17655229,59.1,15.2,"IRS SOI Form W-2 statistics, Table 3.C (TY2012), https://www.irs.gov/pub/irs-soi/18inallw2.xls","Computed: pct = count / taxpayers_with_wages. Unit = primary/secondary taxpayers on filed individual returns with W-2 wages (not all W-2 forms; non-filers excluded). Elective deferral = W-2 box 12 codes D,E,F,G,H,S,AA,BB,EE. rp_box_checked = W-2 box 13 retirement plan indicator (includes DB and employer-only DC). Covers private AND public employers. Wage bins are nominal dollars."
2013,age,45 under 55,29775344,13247034,44.5,16499819,55.4,17587309,59.1,14.6,"IRS SOI Form W-2 statistics, Table 3.C (TY2013), https://www.irs.gov/pub/irs-soi/18inallw2.xls","Computed: pct = count / taxpayers_with_wages. Unit = primary/secondary taxpayers on filed individual returns with W-2 wages (not all W-2 forms; non-filers excluded). Elective deferral = W-2 box 12 codes D,E,F,G,H,S,AA,BB,EE. rp_box_checked = W-2 box 13 retirement plan indicator (includes DB and employer-only DC). Covers private AND public employers. Wage bins are nominal dollars."
2014,age,45 under 55,29457694,13480498,45.8,16501088,56.0,17701628,60.1,14.3,"IRS SOI Form W-2 statistics, Table 3.C (TY2014), https://www.irs.gov/pub/irs-soi/18inallw2.xls","Computed: pct = count / taxpayers_with_wages. Unit = primary/secondary taxpayers on filed individual returns with W-2 wages (not all W-2 forms; non-filers excluded). Elective deferral = W-2 box 12 codes D,E,F,G,H,S,AA,BB,EE. rp_box_checked = W-2 box 13 retirement plan indicator (includes DB and employer-only DC). Covers private AND public employers. Wage bins are nominal dollars."
2015,age,45 under 55,29159579,13663690,46.9,16466949,56.5,17698343,60.7,13.8,"IRS SOI Form W-2 statistics, Table 3.C (TY2015), https://www.irs.gov/pub/irs-soi/18inallw2.xls","Computed: pct = count / taxpayers_with_wages. Unit = primary/secondary taxpayers on filed individual returns with W-2 wages (not all W-2 forms; non-filers excluded). Elective deferral = W-2 box 12 codes D,E,F,G,H,S,AA,BB,EE. rp_box_checked = W-2 box 13 retirement plan indicator (includes DB and employer-only DC). Covers private AND public employers. Wage bins are nominal dollars."
2016,age,45 under 55,28639354,13735214,48.0,16447054,57.4,17612935,61.5,13.5,"IRS SOI Form W-2 statistics, Table 3.C (TY2016), https://www.irs.gov/pub/irs-soi/18inallw2.xls","Computed: pct = count / taxpayers_with_wages. Unit = primary/secondary taxpayers on filed individual returns with W-2 wages (not all W-2 forms; non-filers excluded). Elective deferral = W-2 box 12 codes D,E,F,G,H,S,AA,BB,EE. rp_box_checked = W-2 box 13 retirement plan indicator (includes DB and employer-only DC). Covers private AND public employers. Wage bins are nominal dollars."
2017,age,45 under 55,28313852,13896744,49.1,16187938,57.2,17527899,61.9,12.8,"IRS SOI Form W-2 statistics, Table 3.C (TY2017), https://www.irs.gov/pub/irs-soi/18inallw2.xls","Computed: pct = count / taxpayers_with_wages. Unit = primary/secondary taxpayers on filed individual returns with W-2 wages (not all W-2 forms; non-filers excluded). Elective deferral = W-2 box 12 codes D,E,F,G,H,S,AA,BB,EE. rp_box_checked = W-2 box 13 retirement plan indicator (includes DB and employer-only DC). Covers private AND public employers. Wage bins are nominal dollars."
2018,age,45 under 55,27568337,13980565,50.7,16174165,58.7,17430295,63.2,12.5,"IRS SOI Form W-2 statistics, Table 3.C (TY2018), https://www.irs.gov/pub/irs-soi/18inallw2.xls","Computed: pct = count / taxpayers_with_wages. Unit = primary/secondary taxpayers on filed individual returns with W-2 wages (not all W-2 forms; non-filers excluded). Elective deferral = W-2 box 12 codes D,E,F,G,H,S,AA,BB,EE. rp_box_checked = W-2 box 13 retirement plan indicator (includes DB and employer-only DC). Covers private AND public employers. Wage bins are nominal dollars."
2019,age,45 under 55,27506006,13930315,50.6,15995691,58.2,17247321,62.7,12.1,"IRS SOI Form W-2 statistics, Table 3.C (TY2019), https://www.irs.gov/pub/irs-soi/19in03w2all.xlsx","Computed: pct = count / taxpayers_with_wages. Unit = primary/secondary taxpayers on filed individual returns with W-2 wages (not all W-2 forms; non-filers excluded). Elective deferral = W-2 box 12 codes D,E,F,G,H,S,AA,BB,EE. rp_box_checked = W-2 box 13 retirement plan indicator (includes DB and employer-only DC). Covers private AND public employers. Wage bins are nominal dollars."
2020,age,45 under 55,27083547,13917808,51.4,16032244,59.2,17206382,63.5,12.1,"IRS SOI Form W-2 statistics, Table 3.C (TY2020), https://www.irs.gov/pub/irs-soi/20in03w2all.xlsx","Computed: pct = count / taxpayers_with_wages. Unit = primary/secondary taxpayers on filed individual returns with W-2 wages (not all W-2 forms; non-filers excluded). Elective deferral = W-2 box 12 codes D,E,F,G,H,S,AA,BB,EE. rp_box_checked = W-2 box 13 retirement plan indicator (includes DB and employer-only DC). Covers private AND public employers. Wage bins are nominal dollars."
2008,age,55 under 60,12048778,5490268,45.6,7147907,59.3,7546206,62.6,17.1,"IRS SOI Form W-2 statistics, Table 3.C (TY2008), https://www.irs.gov/pub/irs-soi/18inallw2.xls","Computed: pct = count / taxpayers_with_wages. Unit = primary/secondary taxpayers on filed individual returns with W-2 wages (not all W-2 forms; non-filers excluded). Elective deferral = W-2 box 12 codes D,E,F,G,H,S,AA,BB,EE. rp_box_checked = W-2 box 13 retirement plan indicator (includes DB and employer-only DC). Covers private AND public employers. Wage bins are nominal dollars."
2009,age,55 under 60,12291690,5493723,44.7,7249657,59.0,7655636,62.3,17.6,"IRS SOI Form W-2 statistics, Table 3.C (TY2009), https://www.irs.gov/pub/irs-soi/18inallw2.xls","Computed: pct = count / taxpayers_with_wages. Unit = primary/secondary taxpayers on filed individual returns with W-2 wages (not all W-2 forms; non-filers excluded). Elective deferral = W-2 box 12 codes D,E,F,G,H,S,AA,BB,EE. rp_box_checked = W-2 box 13 retirement plan indicator (includes DB and employer-only DC). Covers private AND public employers. Wage bins are nominal dollars."
2010,age,55 under 60,12597791,5592708,44.4,7322681,58.1,7754875,61.6,17.2,"IRS SOI Form W-2 statistics, Table 3.C (TY2010), https://www.irs.gov/pub/irs-soi/18inallw2.xls","Computed: pct = count / taxpayers_with_wages. Unit = primary/secondary taxpayers on filed individual returns with W-2 wages (not all W-2 forms; non-filers excluded). Elective deferral = W-2 box 12 codes D,E,F,G,H,S,AA,BB,EE. rp_box_checked = W-2 box 13 retirement plan indicator (includes DB and employer-only DC). Covers private AND public employers. Wage bins are nominal dollars."
2011,age,55 under 60,12894272,5845057,45.3,7580286,58.8,8025703,62.2,16.9,"IRS SOI Form W-2 statistics, Table 3.C (TY2011), https://www.irs.gov/pub/irs-soi/18inallw2.xls","Computed: pct = count / taxpayers_with_wages. Unit = primary/secondary taxpayers on filed individual returns with W-2 wages (not all W-2 forms; non-filers excluded). Elective deferral = W-2 box 12 codes D,E,F,G,H,S,AA,BB,EE. rp_box_checked = W-2 box 13 retirement plan indicator (includes DB and employer-only DC). Covers private AND public employers. Wage bins are nominal dollars."
2012,age,55 under 60,13094195,6023148,46.0,7702178,58.8,8165482,62.4,16.4,"IRS SOI Form W-2 statistics, Table 3.C (TY2012), https://www.irs.gov/pub/irs-soi/18inallw2.xls","Computed: pct = count / taxpayers_with_wages. Unit = primary/secondary taxpayers on filed individual returns with W-2 wages (not all W-2 forms; non-filers excluded). Elective deferral = W-2 box 12 codes D,E,F,G,H,S,AA,BB,EE. rp_box_checked = W-2 box 13 retirement plan indicator (includes DB and employer-only DC). Covers private AND public employers. Wage bins are nominal dollars."
2013,age,55 under 60,13238639,6107379,46.1,7712868,58.3,8210551,62.0,15.9,"IRS SOI Form W-2 statistics, Table 3.C (TY2013), https://www.irs.gov/pub/irs-soi/18inallw2.xls","Computed: pct = count / taxpayers_with_wages. Unit = primary/secondary taxpayers on filed individual returns with W-2 wages (not all W-2 forms; non-filers excluded). Elective deferral = W-2 box 12 codes D,E,F,G,H,S,AA,BB,EE. rp_box_checked = W-2 box 13 retirement plan indicator (includes DB and employer-only DC). Covers private AND public employers. Wage bins are nominal dollars."
2014,age,55 under 60,13255666,6233280,47.0,7690447,58.0,8217494,62.0,15.0,"IRS SOI Form W-2 statistics, Table 3.C (TY2014), https://www.irs.gov/pub/irs-soi/18inallw2.xls","Computed: pct = count / taxpayers_with_wages. Unit = primary/secondary taxpayers on filed individual returns with W-2 wages (not all W-2 forms; non-filers excluded). Elective deferral = W-2 box 12 codes D,E,F,G,H,S,AA,BB,EE. rp_box_checked = W-2 box 13 retirement plan indicator (includes DB and employer-only DC). Covers private AND public employers. Wage bins are nominal dollars."
2015,age,55 under 60,13482162,6446620,47.8,7790336,57.8,8356305,62.0,14.2,"IRS SOI Form W-2 statistics, Table 3.C (TY2015), https://www.irs.gov/pub/irs-soi/18inallw2.xls","Computed: pct = count / taxpayers_with_wages. Unit = primary/secondary taxpayers on filed individual returns with W-2 wages (not all W-2 forms; non-filers excluded). Elective deferral = W-2 box 12 codes D,E,F,G,H,S,AA,BB,EE. rp_box_checked = W-2 box 13 retirement plan indicator (includes DB and employer-only DC). Covers private AND public employers. Wage bins are nominal dollars."
2016,age,55 under 60,13454072,6571410,48.8,7874786,58.5,8409066,62.5,13.7,"IRS SOI Form W-2 statistics, Table 3.C (TY2016), https://www.irs.gov/pub/irs-soi/18inallw2.xls","Computed: pct = count / taxpayers_with_wages. Unit = primary/secondary taxpayers on filed individual returns with W-2 wages (not all W-2 forms; non-filers excluded). Elective deferral = W-2 box 12 codes D,E,F,G,H,S,AA,BB,EE. rp_box_checked = W-2 box 13 retirement plan indicator (includes DB and employer-only DC). Covers private AND public employers. Wage bins are nominal dollars."
2017,age,55 under 60,13671871,6762006,49.5,7990733,58.4,8558091,62.6,13.1,"IRS SOI Form W-2 statistics, Table 3.C (TY2017), https://www.irs.gov/pub/irs-soi/18inallw2.xls","Computed: pct = count / taxpayers_with_wages. Unit = primary/secondary taxpayers on filed individual returns with W-2 wages (not all W-2 forms; non-filers excluded). Elective deferral = W-2 box 12 codes D,E,F,G,H,S,AA,BB,EE. rp_box_checked = W-2 box 13 retirement plan indicator (includes DB and employer-only DC). Covers private AND public employers. Wage bins are nominal dollars."
2018,age,55 under 60,13510642,6916812,51.2,8124356,60.1,8691882,64.3,13.1,"IRS SOI Form W-2 statistics, Table 3.C (TY2018), https://www.irs.gov/pub/irs-soi/18inallw2.xls","Computed: pct = count / taxpayers_with_wages. Unit = primary/secondary taxpayers on filed individual returns with W-2 wages (not all W-2 forms; non-filers excluded). Elective deferral = W-2 box 12 codes D,E,F,G,H,S,AA,BB,EE. rp_box_checked = W-2 box 13 retirement plan indicator (includes DB and employer-only DC). Covers private AND public employers. Wage bins are nominal dollars."
2019,age,55 under 60,13638590,7026457,51.5,8148131,59.7,8714494,63.9,12.4,"IRS SOI Form W-2 statistics, Table 3.C (TY2019), https://www.irs.gov/pub/irs-soi/19in03w2all.xlsx","Computed: pct = count / taxpayers_with_wages. Unit = primary/secondary taxpayers on filed individual returns with W-2 wages (not all W-2 forms; non-filers excluded). Elective deferral = W-2 box 12 codes D,E,F,G,H,S,AA,BB,EE. rp_box_checked = W-2 box 13 retirement plan indicator (includes DB and employer-only DC). Covers private AND public employers. Wage bins are nominal dollars."
2020,age,55 under 60,13288251,6863307,51.6,7899598,59.4,8476328,63.8,12.1,"IRS SOI Form W-2 statistics, Table 3.C (TY2020), https://www.irs.gov/pub/irs-soi/20in03w2all.xlsx","Computed: pct = count / taxpayers_with_wages. Unit = primary/secondary taxpayers on filed individual returns with W-2 wages (not all W-2 forms; non-filers excluded). Elective deferral = W-2 box 12 codes D,E,F,G,H,S,AA,BB,EE. rp_box_checked = W-2 box 13 retirement plan indicator (includes DB and employer-only DC). Covers private AND public employers. Wage bins are nominal dollars."
2008,age,60 under 65,8138479,3204301,39.4,4383056,53.9,4613122,56.7,17.3,"IRS SOI Form W-2 statistics, Table 3.C (TY2008), https://www.irs.gov/pub/irs-soi/18inallw2.xls","Computed: pct = count / taxpayers_with_wages. Unit = primary/secondary taxpayers on filed individual returns with W-2 wages (not all W-2 forms; non-filers excluded). Elective deferral = W-2 box 12 codes D,E,F,G,H,S,AA,BB,EE. rp_box_checked = W-2 box 13 retirement plan indicator (includes DB and employer-only DC). Covers private AND public employers. Wage bins are nominal dollars."
2009,age,60 under 65,8455275,3309191,39.1,4618337,54.6,4839275,57.2,18.1,"IRS SOI Form W-2 statistics, Table 3.C (TY2009), https://www.irs.gov/pub/irs-soi/18inallw2.xls","Computed: pct = count / taxpayers_with_wages. Unit = primary/secondary taxpayers on filed individual returns with W-2 wages (not all W-2 forms; non-filers excluded). Elective deferral = W-2 box 12 codes D,E,F,G,H,S,AA,BB,EE. rp_box_checked = W-2 box 13 retirement plan indicator (includes DB and employer-only DC). Covers private AND public employers. Wage bins are nominal dollars."
2010,age,60 under 65,8745779,3396078,38.8,4710261,53.9,4966748,56.8,18.0,"IRS SOI Form W-2 statistics, Table 3.C (TY2010), https://www.irs.gov/pub/irs-soi/18inallw2.xls","Computed: pct = count / taxpayers_with_wages. Unit = primary/secondary taxpayers on filed individual returns with W-2 wages (not all W-2 forms; non-filers excluded). Elective deferral = W-2 box 12 codes D,E,F,G,H,S,AA,BB,EE. rp_box_checked = W-2 box 13 retirement plan indicator (includes DB and employer-only DC). Covers private AND public employers. Wage bins are nominal dollars."
2011,age,60 under 65,8910870,3590035,40.3,4875053,54.7,5142546,57.7,17.4,"IRS SOI Form W-2 statistics, Table 3.C (TY2011), https://www.irs.gov/pub/irs-soi/18inallw2.xls","Computed: pct = count / taxpayers_with_wages. Unit = primary/secondary taxpayers on filed individual returns with W-2 wages (not all W-2 forms; non-filers excluded). Elective deferral = W-2 box 12 codes D,E,F,G,H,S,AA,BB,EE. rp_box_checked = W-2 box 13 retirement plan indicator (includes DB and employer-only DC). Covers private AND public employers. Wage bins are nominal dollars."
2012,age,60 under 65,9110673,3824215,42.0,5025523,55.2,5328287,58.5,16.5,"IRS SOI Form W-2 statistics, Table 3.C (TY2012), https://www.irs.gov/pub/irs-soi/18inallw2.xls","Computed: pct = count / taxpayers_with_wages. Unit = primary/secondary taxpayers on filed individual returns with W-2 wages (not all W-2 forms; non-filers excluded). Elective deferral = W-2 box 12 codes D,E,F,G,H,S,AA,BB,EE. rp_box_checked = W-2 box 13 retirement plan indicator (includes DB and employer-only DC). Covers private AND public employers. Wage bins are nominal dollars."
2013,age,60 under 65,9408854,4031853,42.9,5174488,55.0,5489498,58.3,15.5,"IRS SOI Form W-2 statistics, Table 3.C (TY2013), https://www.irs.gov/pub/irs-soi/18inallw2.xls","Computed: pct = count / taxpayers_with_wages. Unit = primary/secondary taxpayers on filed individual returns with W-2 wages (not all W-2 forms; non-filers excluded). Elective deferral = W-2 box 12 codes D,E,F,G,H,S,AA,BB,EE. rp_box_checked = W-2 box 13 retirement plan indicator (includes DB and employer-only DC). Covers private AND public employers. Wage bins are nominal dollars."
2014,age,60 under 65,9767497,4265991,43.7,5369746,55.0,5717959,58.5,14.9,"IRS SOI Form W-2 statistics, Table 3.C (TY2014), https://www.irs.gov/pub/irs-soi/18inallw2.xls","Computed: pct = count / taxpayers_with_wages. Unit = primary/secondary taxpayers on filed individual returns with W-2 wages (not all W-2 forms; non-filers excluded). Elective deferral = W-2 box 12 codes D,E,F,G,H,S,AA,BB,EE. rp_box_checked = W-2 box 13 retirement plan indicator (includes DB and employer-only DC). Covers private AND public employers. Wage bins are nominal dollars."
2015,age,60 under 65,10114456,4620493,45.7,5712103,56.5,6085070,60.2,14.5,"IRS SOI Form W-2 statistics, Table 3.C (TY2015), https://www.irs.gov/pub/irs-soi/18inallw2.xls","Computed: pct = count / taxpayers_with_wages. Unit = primary/secondary taxpayers on filed individual returns with W-2 wages (not all W-2 forms; non-filers excluded). Elective deferral = W-2 box 12 codes D,E,F,G,H,S,AA,BB,EE. rp_box_checked = W-2 box 13 retirement plan indicator (includes DB and employer-only DC). Covers private AND public employers. Wage bins are nominal dollars."
2016,age,60 under 65,10342524,4749085,45.9,5850646,56.6,6214528,60.1,14.2,"IRS SOI Form W-2 statistics, Table 3.C (TY2016), https://www.irs.gov/pub/irs-soi/18inallw2.xls","Computed: pct = count / taxpayers_with_wages. Unit = primary/secondary taxpayers on filed individual returns with W-2 wages (not all W-2 forms; non-filers excluded). Elective deferral = W-2 box 12 codes D,E,F,G,H,S,AA,BB,EE. rp_box_checked = W-2 box 13 retirement plan indicator (includes DB and employer-only DC). Covers private AND public employers. Wage bins are nominal dollars."
2017,age,60 under 65,10719788,5022601,46.9,6044705,56.4,6491478,60.6,13.7,"IRS SOI Form W-2 statistics, Table 3.C (TY2017), https://www.irs.gov/pub/irs-soi/18inallw2.xls","Computed: pct = count / taxpayers_with_wages. Unit = primary/secondary taxpayers on filed individual returns with W-2 wages (not all W-2 forms; non-filers excluded). Elective deferral = W-2 box 12 codes D,E,F,G,H,S,AA,BB,EE. rp_box_checked = W-2 box 13 retirement plan indicator (includes DB and employer-only DC). Covers private AND public employers. Wage bins are nominal dollars."
2018,age,60 under 65,10781889,5141809,47.7,6170485,57.2,6589974,61.1,13.4,"IRS SOI Form W-2 statistics, Table 3.C (TY2018), https://www.irs.gov/pub/irs-soi/18inallw2.xls","Computed: pct = count / taxpayers_with_wages. Unit = primary/secondary taxpayers on filed individual returns with W-2 wages (not all W-2 forms; non-filers excluded). Elective deferral = W-2 box 12 codes D,E,F,G,H,S,AA,BB,EE. rp_box_checked = W-2 box 13 retirement plan indicator (includes DB and employer-only DC). Covers private AND public employers. Wage bins are nominal dollars."
2019,age,60 under 65,10789995,5158196,47.8,6197515,57.4,6608050,61.2,13.4,"IRS SOI Form W-2 statistics, Table 3.C (TY2019), https://www.irs.gov/pub/irs-soi/19in03w2all.xlsx","Computed: pct = count / taxpayers_with_wages. Unit = primary/secondary taxpayers on filed individual returns with W-2 wages (not all W-2 forms; non-filers excluded). Elective deferral = W-2 box 12 codes D,E,F,G,H,S,AA,BB,EE. rp_box_checked = W-2 box 13 retirement plan indicator (includes DB and employer-only DC). Covers private AND public employers. Wage bins are nominal dollars."
2020,age,60 under 65,10778785,5222221,48.4,6100822,56.6,6549352,60.8,12.3,"IRS SOI Form W-2 statistics, Table 3.C (TY2020), https://www.irs.gov/pub/irs-soi/20in03w2all.xlsx","Computed: pct = count / taxpayers_with_wages. Unit = primary/secondary taxpayers on filed individual returns with W-2 wages (not all W-2 forms; non-filers excluded). Elective deferral = W-2 box 12 codes D,E,F,G,H,S,AA,BB,EE. rp_box_checked = W-2 box 13 retirement plan indicator (includes DB and employer-only DC). Covers private AND public employers. Wage bins are nominal dollars."
2008,age,65 under 75,5467326,1324238,24.2,2030126,37.1,2149408,39.3,15.1,"IRS SOI Form W-2 statistics, Table 3.C (TY2008), https://www.irs.gov/pub/irs-soi/18inallw2.xls","Computed: pct = count / taxpayers_with_wages. Unit = primary/secondary taxpayers on filed individual returns with W-2 wages (not all W-2 forms; non-filers excluded). Elective deferral = W-2 box 12 codes D,E,F,G,H,S,AA,BB,EE. rp_box_checked = W-2 box 13 retirement plan indicator (includes DB and employer-only DC). Covers private AND public employers. Wage bins are nominal dollars."
2009,age,65 under 75,5553445,1388563,25.0,2110079,38.0,2225840,40.1,15.1,"IRS SOI Form W-2 statistics, Table 3.C (TY2009), https://www.irs.gov/pub/irs-soi/18inallw2.xls","Computed: pct = count / taxpayers_with_wages. Unit = primary/secondary taxpayers on filed individual returns with W-2 wages (not all W-2 forms; non-filers excluded). Elective deferral = W-2 box 12 codes D,E,F,G,H,S,AA,BB,EE. rp_box_checked = W-2 box 13 retirement plan indicator (includes DB and employer-only DC). Covers private AND public employers. Wage bins are nominal dollars."
2010,age,65 under 75,5660718,1374663,24.3,2104604,37.2,2227415,39.3,15.1,"IRS SOI Form W-2 statistics, Table 3.C (TY2010), https://www.irs.gov/pub/irs-soi/18inallw2.xls","Computed: pct = count / taxpayers_with_wages. Unit = primary/secondary taxpayers on filed individual returns with W-2 wages (not all W-2 forms; non-filers excluded). Elective deferral = W-2 box 12 codes D,E,F,G,H,S,AA,BB,EE. rp_box_checked = W-2 box 13 retirement plan indicator (includes DB and employer-only DC). Covers private AND public employers. Wage bins are nominal dollars."
2011,age,65 under 75,5951319,1521054,25.6,2257818,37.9,2390649,40.2,14.6,"IRS SOI Form W-2 statistics, Table 3.C (TY2011), https://www.irs.gov/pub/irs-soi/18inallw2.xls","Computed: pct = count / taxpayers_with_wages. Unit = primary/secondary taxpayers on filed individual returns with W-2 wages (not all W-2 forms; non-filers excluded). Elective deferral = W-2 box 12 codes D,E,F,G,H,S,AA,BB,EE. rp_box_checked = W-2 box 13 retirement plan indicator (includes DB and employer-only DC). Covers private AND public employers. Wage bins are nominal dollars."
2012,age,65 under 75,6396960,1734694,27.1,2518100,39.4,2654133,41.5,14.4,"IRS SOI Form W-2 statistics, Table 3.C (TY2012), https://www.irs.gov/pub/irs-soi/18inallw2.xls","Computed: pct = count / taxpayers_with_wages. Unit = primary/secondary taxpayers on filed individual returns with W-2 wages (not all W-2 forms; non-filers excluded). Elective deferral = W-2 box 12 codes D,E,F,G,H,S,AA,BB,EE. rp_box_checked = W-2 box 13 retirement plan indicator (includes DB and employer-only DC). Covers private AND public employers. Wage bins are nominal dollars."
2013,age,65 under 75,6752085,1878012,27.8,2689927,39.8,2844560,42.1,14.3,"IRS SOI Form W-2 statistics, Table 3.C (TY2013), https://www.irs.gov/pub/irs-soi/18inallw2.xls","Computed: pct = count / taxpayers_with_wages. Unit = primary/secondary taxpayers on filed individual returns with W-2 wages (not all W-2 forms; non-filers excluded). Elective deferral = W-2 box 12 codes D,E,F,G,H,S,AA,BB,EE. rp_box_checked = W-2 box 13 retirement plan indicator (includes DB and employer-only DC). Covers private AND public employers. Wage bins are nominal dollars."
2014,age,65 under 75,6930268,2040992,29.5,2784260,40.2,2977869,43.0,13.5,"IRS SOI Form W-2 statistics, Table 3.C (TY2014), https://www.irs.gov/pub/irs-soi/18inallw2.xls","Computed: pct = count / taxpayers_with_wages. Unit = primary/secondary taxpayers on filed individual returns with W-2 wages (not all W-2 forms; non-filers excluded). Elective deferral = W-2 box 12 codes D,E,F,G,H,S,AA,BB,EE. rp_box_checked = W-2 box 13 retirement plan indicator (includes DB and employer-only DC). Covers private AND public employers. Wage bins are nominal dollars."
2015,age,65 under 75,7138035,2166129,30.3,2925301,41.0,3135519,43.9,13.6,"IRS SOI Form W-2 statistics, Table 3.C (TY2015), https://www.irs.gov/pub/irs-soi/18inallw2.xls","Computed: pct = count / taxpayers_with_wages. Unit = primary/secondary taxpayers on filed individual returns with W-2 wages (not all W-2 forms; non-filers excluded). Elective deferral = W-2 box 12 codes D,E,F,G,H,S,AA,BB,EE. rp_box_checked = W-2 box 13 retirement plan indicator (includes DB and employer-only DC). Covers private AND public employers. Wage bins are nominal dollars."
2016,age,65 under 75,7423014,2325606,31.3,3079573,41.5,3285921,44.3,12.9,"IRS SOI Form W-2 statistics, Table 3.C (TY2016), https://www.irs.gov/pub/irs-soi/18inallw2.xls","Computed: pct = count / taxpayers_with_wages. Unit = primary/secondary taxpayers on filed individual returns with W-2 wages (not all W-2 forms; non-filers excluded). Elective deferral = W-2 box 12 codes D,E,F,G,H,S,AA,BB,EE. rp_box_checked = W-2 box 13 retirement plan indicator (includes DB and employer-only DC). Covers private AND public employers. Wage bins are nominal dollars."
2017,age,65 under 75,7744971,2471367,31.9,3233767,41.8,3456916,44.6,12.7,"IRS SOI Form W-2 statistics, Table 3.C (TY2017), https://www.irs.gov/pub/irs-soi/18inallw2.xls","Computed: pct = count / taxpayers_with_wages. Unit = primary/secondary taxpayers on filed individual returns with W-2 wages (not all W-2 forms; non-filers excluded). Elective deferral = W-2 box 12 codes D,E,F,G,H,S,AA,BB,EE. rp_box_checked = W-2 box 13 retirement plan indicator (includes DB and employer-only DC). Covers private AND public employers. Wage bins are nominal dollars."
2018,age,65 under 75,7975409,2642542,33.1,3385823,42.5,3604483,45.2,12.1,"IRS SOI Form W-2 statistics, Table 3.C (TY2018), https://www.irs.gov/pub/irs-soi/18inallw2.xls","Computed: pct = count / taxpayers_with_wages. Unit = primary/secondary taxpayers on filed individual returns with W-2 wages (not all W-2 forms; non-filers excluded). Elective deferral = W-2 box 12 codes D,E,F,G,H,S,AA,BB,EE. rp_box_checked = W-2 box 13 retirement plan indicator (includes DB and employer-only DC). Covers private AND public employers. Wage bins are nominal dollars."
2019,age,65 under 75,8363148,2863838,34.2,3595739,43.0,3842085,45.9,11.7,"IRS SOI Form W-2 statistics, Table 3.C (TY2019), https://www.irs.gov/pub/irs-soi/19in03w2all.xlsx","Computed: pct = count / taxpayers_with_wages. Unit = primary/secondary taxpayers on filed individual returns with W-2 wages (not all W-2 forms; non-filers excluded). Elective deferral = W-2 box 12 codes D,E,F,G,H,S,AA,BB,EE. rp_box_checked = W-2 box 13 retirement plan indicator (includes DB and employer-only DC). Covers private AND public employers. Wage bins are nominal dollars."
2020,age,65 under 75,8496897,2966158,34.9,3730359,43.9,3989857,47.0,12.0,"IRS SOI Form W-2 statistics, Table 3.C (TY2020), https://www.irs.gov/pub/irs-soi/20in03w2all.xlsx","Computed: pct = count / taxpayers_with_wages. Unit = primary/secondary taxpayers on filed individual returns with W-2 wages (not all W-2 forms; non-filers excluded). Elective deferral = W-2 box 12 codes D,E,F,G,H,S,AA,BB,EE. rp_box_checked = W-2 box 13 retirement plan indicator (includes DB and employer-only DC). Covers private AND public employers. Wage bins are nominal dollars."
2008,age,75 and over,1143148,115639,10.1,240871,21.1,252368,22.1,12.0,"IRS SOI Form W-2 statistics, Table 3.C (TY2008), https://www.irs.gov/pub/irs-soi/18inallw2.xls","Computed: pct = count / taxpayers_with_wages. Unit = primary/secondary taxpayers on filed individual returns with W-2 wages (not all W-2 forms; non-filers excluded). Elective deferral = W-2 box 12 codes D,E,F,G,H,S,AA,BB,EE. rp_box_checked = W-2 box 13 retirement plan indicator (includes DB and employer-only DC). Covers private AND public employers. Wage bins are nominal dollars."
2009,age,75 and over,1134029,119732,10.6,249397,22.0,255879,22.6,12.0,"IRS SOI Form W-2 statistics, Table 3.C (TY2009), https://www.irs.gov/pub/irs-soi/18inallw2.xls","Computed: pct = count / taxpayers_with_wages. Unit = primary/secondary taxpayers on filed individual returns with W-2 wages (not all W-2 forms; non-filers excluded). Elective deferral = W-2 box 12 codes D,E,F,G,H,S,AA,BB,EE. rp_box_checked = W-2 box 13 retirement plan indicator (includes DB and employer-only DC). Covers private AND public employers. Wage bins are nominal dollars."
2010,age,75 and over,1230674,130353,10.6,249055,20.2,267805,21.8,11.2,"IRS SOI Form W-2 statistics, Table 3.C (TY2010), https://www.irs.gov/pub/irs-soi/18inallw2.xls","Computed: pct = count / taxpayers_with_wages. Unit = primary/secondary taxpayers on filed individual returns with W-2 wages (not all W-2 forms; non-filers excluded). Elective deferral = W-2 box 12 codes D,E,F,G,H,S,AA,BB,EE. rp_box_checked = W-2 box 13 retirement plan indicator (includes DB and employer-only DC). Covers private AND public employers. Wage bins are nominal dollars."
2011,age,75 and over,1203597,126020,10.5,262551,21.8,274802,22.8,12.4,"IRS SOI Form W-2 statistics, Table 3.C (TY2011), https://www.irs.gov/pub/irs-soi/18inallw2.xls","Computed: pct = count / taxpayers_with_wages. Unit = primary/secondary taxpayers on filed individual returns with W-2 wages (not all W-2 forms; non-filers excluded). Elective deferral = W-2 box 12 codes D,E,F,G,H,S,AA,BB,EE. rp_box_checked = W-2 box 13 retirement plan indicator (includes DB and employer-only DC). Covers private AND public employers. Wage bins are nominal dollars."
2012,age,75 and over,1243177,145102,11.7,275758,22.2,291928,23.5,11.8,"IRS SOI Form W-2 statistics, Table 3.C (TY2012), https://www.irs.gov/pub/irs-soi/18inallw2.xls","Computed: pct = count / taxpayers_with_wages. Unit = primary/secondary taxpayers on filed individual returns with W-2 wages (not all W-2 forms; non-filers excluded). Elective deferral = W-2 box 12 codes D,E,F,G,H,S,AA,BB,EE. rp_box_checked = W-2 box 13 retirement plan indicator (includes DB and employer-only DC). Covers private AND public employers. Wage bins are nominal dollars."
2013,age,75 and over,1315759,160751,12.2,297114,22.6,320086,24.3,12.1,"IRS SOI Form W-2 statistics, Table 3.C (TY2013), https://www.irs.gov/pub/irs-soi/18inallw2.xls","Computed: pct = count / taxpayers_with_wages. Unit = primary/secondary taxpayers on filed individual returns with W-2 wages (not all W-2 forms; non-filers excluded). Elective deferral = W-2 box 12 codes D,E,F,G,H,S,AA,BB,EE. rp_box_checked = W-2 box 13 retirement plan indicator (includes DB and employer-only DC). Covers private AND public employers. Wage bins are nominal dollars."
2014,age,75 and over,1223078,157967,12.9,285790,23.4,298956,24.4,11.5,"IRS SOI Form W-2 statistics, Table 3.C (TY2014), https://www.irs.gov/pub/irs-soi/18inallw2.xls","Computed: pct = count / taxpayers_with_wages. Unit = primary/secondary taxpayers on filed individual returns with W-2 wages (not all W-2 forms; non-filers excluded). Elective deferral = W-2 box 12 codes D,E,F,G,H,S,AA,BB,EE. rp_box_checked = W-2 box 13 retirement plan indicator (includes DB and employer-only DC). Covers private AND public employers. Wage bins are nominal dollars."
2015,age,75 and over,1292447,171717,13.3,297054,23.0,309946,24.0,10.7,"IRS SOI Form W-2 statistics, Table 3.C (TY2015), https://www.irs.gov/pub/irs-soi/18inallw2.xls","Computed: pct = count / taxpayers_with_wages. Unit = primary/secondary taxpayers on filed individual returns with W-2 wages (not all W-2 forms; non-filers excluded). Elective deferral = W-2 box 12 codes D,E,F,G,H,S,AA,BB,EE. rp_box_checked = W-2 box 13 retirement plan indicator (includes DB and employer-only DC). Covers private AND public employers. Wage bins are nominal dollars."
2016,age,75 and over,1310941,187721,14.3,325929,24.9,342019,26.1,11.8,"IRS SOI Form W-2 statistics, Table 3.C (TY2016), https://www.irs.gov/pub/irs-soi/18inallw2.xls","Computed: pct = count / taxpayers_with_wages. Unit = primary/secondary taxpayers on filed individual returns with W-2 wages (not all W-2 forms; non-filers excluded). Elective deferral = W-2 box 12 codes D,E,F,G,H,S,AA,BB,EE. rp_box_checked = W-2 box 13 retirement plan indicator (includes DB and employer-only DC). Covers private AND public employers. Wage bins are nominal dollars."
2017,age,75 and over,1354926,213046,15.7,345900,25.5,363448,26.8,11.1,"IRS SOI Form W-2 statistics, Table 3.C (TY2017), https://www.irs.gov/pub/irs-soi/18inallw2.xls","Computed: pct = count / taxpayers_with_wages. Unit = primary/secondary taxpayers on filed individual returns with W-2 wages (not all W-2 forms; non-filers excluded). Elective deferral = W-2 box 12 codes D,E,F,G,H,S,AA,BB,EE. rp_box_checked = W-2 box 13 retirement plan indicator (includes DB and employer-only DC). Covers private AND public employers. Wage bins are nominal dollars."
2018,age,75 and over,1415600,208224,14.7,334598,23.6,359517,25.4,10.7,"IRS SOI Form W-2 statistics, Table 3.C (TY2018), https://www.irs.gov/pub/irs-soi/18inallw2.xls","Computed: pct = count / taxpayers_with_wages. Unit = primary/secondary taxpayers on filed individual returns with W-2 wages (not all W-2 forms; non-filers excluded). Elective deferral = W-2 box 12 codes D,E,F,G,H,S,AA,BB,EE. rp_box_checked = W-2 box 13 retirement plan indicator (includes DB and employer-only DC). Covers private AND public employers. Wage bins are nominal dollars."
2019,age,75 and over,1488378,225575,15.2,367057,24.7,393491,26.4,11.3,"IRS SOI Form W-2 statistics, Table 3.C (TY2019), https://www.irs.gov/pub/irs-soi/19in03w2all.xlsx","Computed: pct = count / taxpayers_with_wages. Unit = primary/secondary taxpayers on filed individual returns with W-2 wages (not all W-2 forms; non-filers excluded). Elective deferral = W-2 box 12 codes D,E,F,G,H,S,AA,BB,EE. rp_box_checked = W-2 box 13 retirement plan indicator (includes DB and employer-only DC). Covers private AND public employers. Wage bins are nominal dollars."
2020,age,75 and over,1535703,243205,15.8,372193,24.2,393761,25.6,9.8,"IRS SOI Form W-2 statistics, Table 3.C (TY2020), https://www.irs.gov/pub/irs-soi/20in03w2all.xlsx","Computed: pct = count / taxpayers_with_wages. Unit = primary/secondary taxpayers on filed individual returns with W-2 wages (not all W-2 forms; non-filers excluded). Elective deferral = W-2 box 12 codes D,E,F,G,H,S,AA,BB,EE. rp_box_checked = W-2 box 13 retirement plan indicator (includes DB and employer-only DC). Covers private AND public employers. Wage bins are nominal dollars."
2008,wage income size,"$1 under $5,000",15464256,491263,3.2,1290202,8.3,1415871,9.2,6.0,"IRS SOI Form W-2 statistics, Table 3.A (TY2008), https://www.irs.gov/pub/irs-soi/18inallw2.xls","Computed: pct = count / taxpayers_with_wages. Unit = primary/secondary taxpayers on filed individual returns with W-2 wages (not all W-2 forms; non-filers excluded). Elective deferral = W-2 box 12 codes D,E,F,G,H,S,AA,BB,EE. rp_box_checked = W-2 box 13 retirement plan indicator (includes DB and employer-only DC). Covers private AND public employers. Wage bins are nominal dollars."
2009,wage income size,"$1 under $5,000",14816172,581852,3.9,1351659,9.1,1480107,10.0,6.1,"IRS SOI Form W-2 statistics, Table 3.A (TY2009), https://www.irs.gov/pub/irs-soi/18inallw2.xls","Computed: pct = count / taxpayers_with_wages. Unit = primary/secondary taxpayers on filed individual returns with W-2 wages (not all W-2 forms; non-filers excluded). Elective deferral = W-2 box 12 codes D,E,F,G,H,S,AA,BB,EE. rp_box_checked = W-2 box 13 retirement plan indicator (includes DB and employer-only DC). Covers private AND public employers. Wage bins are nominal dollars."
2010,wage income size,"$1 under $5,000",14787811,508131,3.4,1241692,8.4,1374184,9.3,5.9,"IRS SOI Form W-2 statistics, Table 3.A (TY2010), https://www.irs.gov/pub/irs-soi/18inallw2.xls","Computed: pct = count / taxpayers_with_wages. Unit = primary/secondary taxpayers on filed individual returns with W-2 wages (not all W-2 forms; non-filers excluded). Elective deferral = W-2 box 12 codes D,E,F,G,H,S,AA,BB,EE. rp_box_checked = W-2 box 13 retirement plan indicator (includes DB and employer-only DC). Covers private AND public employers. Wage bins are nominal dollars."
2011,wage income size,"$1 under $5,000",14886762,512274,3.4,1208957,8.1,1331044,8.9,5.5,"IRS SOI Form W-2 statistics, Table 3.A (TY2011), https://www.irs.gov/pub/irs-soi/18inallw2.xls","Computed: pct = count / taxpayers_with_wages. Unit = primary/secondary taxpayers on filed individual returns with W-2 wages (not all W-2 forms; non-filers excluded). Elective deferral = W-2 box 12 codes D,E,F,G,H,S,AA,BB,EE. rp_box_checked = W-2 box 13 retirement plan indicator (includes DB and employer-only DC). Covers private AND public employers. Wage bins are nominal dollars."
2012,wage income size,"$1 under $5,000",14531464,527646,3.6,1222318,8.4,1382799,9.5,5.9,"IRS SOI Form W-2 statistics, Table 3.A (TY2012), https://www.irs.gov/pub/irs-soi/18inallw2.xls","Computed: pct = count / taxpayers_with_wages. Unit = primary/secondary taxpayers on filed individual returns with W-2 wages (not all W-2 forms; non-filers excluded). Elective deferral = W-2 box 12 codes D,E,F,G,H,S,AA,BB,EE. rp_box_checked = W-2 box 13 retirement plan indicator (includes DB and employer-only DC). Covers private AND public employers. Wage bins are nominal dollars."
2013,wage income size,"$1 under $5,000",14206294,525217,3.7,1157251,8.1,1302266,9.2,5.5,"IRS SOI Form W-2 statistics, Table 3.A (TY2013), https://www.irs.gov/pub/irs-soi/18inallw2.xls","Computed: pct = count / taxpayers_with_wages. Unit = primary/secondary taxpayers on filed individual returns with W-2 wages (not all W-2 forms; non-filers excluded). Elective deferral = W-2 box 12 codes D,E,F,G,H,S,AA,BB,EE. rp_box_checked = W-2 box 13 retirement plan indicator (includes DB and employer-only DC). Covers private AND public employers. Wage bins are nominal dollars."
2014,wage income size,"$1 under $5,000",13523168,539696,4.0,1112036,8.2,1237717,9.2,5.2,"IRS SOI Form W-2 statistics, Table 3.A (TY2014), https://www.irs.gov/pub/irs-soi/18inallw2.xls","Computed: pct = count / taxpayers_with_wages. Unit = primary/secondary taxpayers on filed individual returns with W-2 wages (not all W-2 forms; non-filers excluded). Elective deferral = W-2 box 12 codes D,E,F,G,H,S,AA,BB,EE. rp_box_checked = W-2 box 13 retirement plan indicator (includes DB and employer-only DC). Covers private AND public employers. Wage bins are nominal dollars."
2015,wage income size,"$1 under $5,000",13150496,523595,4.0,1074766,8.2,1202852,9.1,5.2,"IRS SOI Form W-2 statistics, Table 3.A (TY2015), https://www.irs.gov/pub/irs-soi/18inallw2.xls","Computed: pct = count / taxpayers_with_wages. Unit = primary/secondary taxpayers on filed individual returns with W-2 wages (not all W-2 forms; non-filers excluded). Elective deferral = W-2 box 12 codes D,E,F,G,H,S,AA,BB,EE. rp_box_checked = W-2 box 13 retirement plan indicator (includes DB and employer-only DC). Covers private AND public employers. Wage bins are nominal dollars."
2016,wage income size,"$1 under $5,000",12853487,552700,4.3,1140542,8.9,1261478,9.8,5.5,"IRS SOI Form W-2 statistics, Table 3.A (TY2016), https://www.irs.gov/pub/irs-soi/18inallw2.xls","Computed: pct = count / taxpayers_with_wages. Unit = primary/secondary taxpayers on filed individual returns with W-2 wages (not all W-2 forms; non-filers excluded). Elective deferral = W-2 box 12 codes D,E,F,G,H,S,AA,BB,EE. rp_box_checked = W-2 box 13 retirement plan indicator (includes DB and employer-only DC). Covers private AND public employers. Wage bins are nominal dollars."
2017,wage income size,"$1 under $5,000",12560482,531781,4.2,1064352,8.5,1201006,9.6,5.3,"IRS SOI Form W-2 statistics, Table 3.A (TY2017), https://www.irs.gov/pub/irs-soi/18inallw2.xls","Computed: pct = count / taxpayers_with_wages. Unit = primary/secondary taxpayers on filed individual returns with W-2 wages (not all W-2 forms; non-filers excluded). Elective deferral = W-2 box 12 codes D,E,F,G,H,S,AA,BB,EE. rp_box_checked = W-2 box 13 retirement plan indicator (includes DB and employer-only DC). Covers private AND public employers. Wage bins are nominal dollars."
2018,wage income size,"$1 under $5,000",11721110,530456,4.5,1058123,9.0,1181609,10.1,5.6,"IRS SOI Form W-2 statistics, Table 3.A (TY2018), https://www.irs.gov/pub/irs-soi/18inallw2.xls","Computed: pct = count / taxpayers_with_wages. Unit = primary/secondary taxpayers on filed individual returns with W-2 wages (not all W-2 forms; non-filers excluded). Elective deferral = W-2 box 12 codes D,E,F,G,H,S,AA,BB,EE. rp_box_checked = W-2 box 13 retirement plan indicator (includes DB and employer-only DC). Covers private AND public employers. Wage bins are nominal dollars."
2019,wage income size,"$1 under $5,000",11598743,560491,4.8,1064313,9.2,1174386,10.1,5.3,"IRS SOI Form W-2 statistics, Table 3.A (TY2019), https://www.irs.gov/pub/irs-soi/19in03w2all.xlsx","Computed: pct = count / taxpayers_with_wages. Unit = primary/secondary taxpayers on filed individual returns with W-2 wages (not all W-2 forms; non-filers excluded). Elective deferral = W-2 box 12 codes D,E,F,G,H,S,AA,BB,EE. rp_box_checked = W-2 box 13 retirement plan indicator (includes DB and employer-only DC). Covers private AND public employers. Wage bins are nominal dollars."
2020,wage income size,"$1 under $5,000",13327470,737882,5.5,1350570,10.1,1497456,11.2,5.7,"IRS SOI Form W-2 statistics, Table 3.A (TY2020), https://www.irs.gov/pub/irs-soi/20in03w2all.xlsx","Computed: pct = count / taxpayers_with_wages. Unit = primary/secondary taxpayers on filed individual returns with W-2 wages (not all W-2 forms; non-filers excluded). Elective deferral = W-2 box 12 codes D,E,F,G,H,S,AA,BB,EE. rp_box_checked = W-2 box 13 retirement plan indicator (includes DB and employer-only DC). Covers private AND public employers. Wage bins are nominal dollars."
2008,wage income size,"$5,000 under $10,000",13038463,796208,6.1,1806515,13.9,1957305,15.0,8.9,"IRS SOI Form W-2 statistics, Table 3.A (TY2008), https://www.irs.gov/pub/irs-soi/18inallw2.xls","Computed: pct = count / taxpayers_with_wages. Unit = primary/secondary taxpayers on filed individual returns with W-2 wages (not all W-2 forms; non-filers excluded). Elective deferral = W-2 box 12 codes D,E,F,G,H,S,AA,BB,EE. rp_box_checked = W-2 box 13 retirement plan indicator (includes DB and employer-only DC). Covers private AND public employers. Wage bins are nominal dollars."
2009,wage income size,"$5,000 under $10,000",12757338,930861,7.3,1881872,14.8,2032905,15.9,8.6,"IRS SOI Form W-2 statistics, Table 3.A (TY2009), https://www.irs.gov/pub/irs-soi/18inallw2.xls","Computed: pct = count / taxpayers_with_wages. Unit = primary/secondary taxpayers on filed individual returns with W-2 wages (not all W-2 forms; non-filers excluded). Elective deferral = W-2 box 12 codes D,E,F,G,H,S,AA,BB,EE. rp_box_checked = W-2 box 13 retirement plan indicator (includes DB and employer-only DC). Covers private AND public employers. Wage bins are nominal dollars."
2010,wage income size,"$5,000 under $10,000",12746412,867385,6.8,1744414,13.7,1908099,15.0,8.2,"IRS SOI Form W-2 statistics, Table 3.A (TY2010), https://www.irs.gov/pub/irs-soi/18inallw2.xls","Computed: pct = count / taxpayers_with_wages. Unit = primary/secondary taxpayers on filed individual returns with W-2 wages (not all W-2 forms; non-filers excluded). Elective deferral = W-2 box 12 codes D,E,F,G,H,S,AA,BB,EE. rp_box_checked = W-2 box 13 retirement plan indicator (includes DB and employer-only DC). Covers private AND public employers. Wage bins are nominal dollars."
2011,wage income size,"$5,000 under $10,000",12683868,858169,6.8,1697133,13.4,1860261,14.7,7.9,"IRS SOI Form W-2 statistics, Table 3.A (TY2011), https://www.irs.gov/pub/irs-soi/18inallw2.xls","Computed: pct = count / taxpayers_with_wages. Unit = primary/secondary taxpayers on filed individual returns with W-2 wages (not all W-2 forms; non-filers excluded). Elective deferral = W-2 box 12 codes D,E,F,G,H,S,AA,BB,EE. rp_box_checked = W-2 box 13 retirement plan indicator (includes DB and employer-only DC). Covers private AND public employers. Wage bins are nominal dollars."
2012,wage income size,"$5,000 under $10,000",12473382,860780,6.9,1650337,13.2,1805292,14.5,7.6,"IRS SOI Form W-2 statistics, Table 3.A (TY2012), https://www.irs.gov/pub/irs-soi/18inallw2.xls","Computed: pct = count / taxpayers_with_wages. Unit = primary/secondary taxpayers on filed individual returns with W-2 wages (not all W-2 forms; non-filers excluded). Elective deferral = W-2 box 12 codes D,E,F,G,H,S,AA,BB,EE. rp_box_checked = W-2 box 13 retirement plan indicator (includes DB and employer-only DC). Covers private AND public employers. Wage bins are nominal dollars."
2013,wage income size,"$5,000 under $10,000",12635689,886593,7.0,1603334,12.7,1779853,14.1,7.1,"IRS SOI Form W-2 statistics, Table 3.A (TY2013), https://www.irs.gov/pub/irs-soi/18inallw2.xls","Computed: pct = count / taxpayers_with_wages. Unit = primary/secondary taxpayers on filed individual returns with W-2 wages (not all W-2 forms; non-filers excluded). Elective deferral = W-2 box 12 codes D,E,F,G,H,S,AA,BB,EE. rp_box_checked = W-2 box 13 retirement plan indicator (includes DB and employer-only DC). Covers private AND public employers. Wage bins are nominal dollars."
2014,wage income size,"$5,000 under $10,000",12382848,845264,6.8,1496052,12.1,1659353,13.4,6.6,"IRS SOI Form W-2 statistics, Table 3.A (TY2014), https://www.irs.gov/pub/irs-soi/18inallw2.xls","Computed: pct = count / taxpayers_with_wages. Unit = primary/secondary taxpayers on filed individual returns with W-2 wages (not all W-2 forms; non-filers excluded). Elective deferral = W-2 box 12 codes D,E,F,G,H,S,AA,BB,EE. rp_box_checked = W-2 box 13 retirement plan indicator (includes DB and employer-only DC). Covers private AND public employers. Wage bins are nominal dollars."
2015,wage income size,"$5,000 under $10,000",12052073,874744,7.3,1550684,12.9,1716321,14.2,7.0,"IRS SOI Form W-2 statistics, Table 3.A (TY2015), https://www.irs.gov/pub/irs-soi/18inallw2.xls","Computed: pct = count / taxpayers_with_wages. Unit = primary/secondary taxpayers on filed individual returns with W-2 wages (not all W-2 forms; non-filers excluded). Elective deferral = W-2 box 12 codes D,E,F,G,H,S,AA,BB,EE. rp_box_checked = W-2 box 13 retirement plan indicator (includes DB and employer-only DC). Covers private AND public employers. Wage bins are nominal dollars."
2016,wage income size,"$5,000 under $10,000",11672127,902424,7.7,1543156,13.2,1711182,14.7,6.9,"IRS SOI Form W-2 statistics, Table 3.A (TY2016), https://www.irs.gov/pub/irs-soi/18inallw2.xls","Computed: pct = count / taxpayers_with_wages. Unit = primary/secondary taxpayers on filed individual returns with W-2 wages (not all W-2 forms; non-filers excluded). Elective deferral = W-2 box 12 codes D,E,F,G,H,S,AA,BB,EE. rp_box_checked = W-2 box 13 retirement plan indicator (includes DB and employer-only DC). Covers private AND public employers. Wage bins are nominal dollars."
2017,wage income size,"$5,000 under $10,000",11275879,918653,8.1,1425388,12.6,1611233,14.3,6.1,"IRS SOI Form W-2 statistics, Table 3.A (TY2017), https://www.irs.gov/pub/irs-soi/18inallw2.xls","Computed: pct = count / taxpayers_with_wages. Unit = primary/secondary taxpayers on filed individual returns with W-2 wages (not all W-2 forms; non-filers excluded). Elective deferral = W-2 box 12 codes D,E,F,G,H,S,AA,BB,EE. rp_box_checked = W-2 box 13 retirement plan indicator (includes DB and employer-only DC). Covers private AND public employers. Wage bins are nominal dollars."
2018,wage income size,"$5,000 under $10,000",10741982,919093,8.6,1444811,13.5,1624315,15.1,6.6,"IRS SOI Form W-2 statistics, Table 3.A (TY2018), https://www.irs.gov/pub/irs-soi/18inallw2.xls","Computed: pct = count / taxpayers_with_wages. Unit = primary/secondary taxpayers on filed individual returns with W-2 wages (not all W-2 forms; non-filers excluded). Elective deferral = W-2 box 12 codes D,E,F,G,H,S,AA,BB,EE. rp_box_checked = W-2 box 13 retirement plan indicator (includes DB and employer-only DC). Covers private AND public employers. Wage bins are nominal dollars."
2019,wage income size,"$5,000 under $10,000",10442592,921121,8.8,1478214,14.2,1624347,15.6,6.7,"IRS SOI Form W-2 statistics, Table 3.A (TY2019), https://www.irs.gov/pub/irs-soi/19in03w2all.xlsx","Computed: pct = count / taxpayers_with_wages. Unit = primary/secondary taxpayers on filed individual returns with W-2 wages (not all W-2 forms; non-filers excluded). Elective deferral = W-2 box 12 codes D,E,F,G,H,S,AA,BB,EE. rp_box_checked = W-2 box 13 retirement plan indicator (includes DB and employer-only DC). Covers private AND public employers. Wage bins are nominal dollars."
2020,wage income size,"$5,000 under $10,000",11168879,1147916,10.3,1681103,15.1,1852950,16.6,6.3,"IRS SOI Form W-2 statistics, Table 3.A (TY2020), https://www.irs.gov/pub/irs-soi/20in03w2all.xlsx","Computed: pct = count / taxpayers_with_wages. Unit = primary/secondary taxpayers on filed individual returns with W-2 wages (not all W-2 forms; non-filers excluded). Elective deferral = W-2 box 12 codes D,E,F,G,H,S,AA,BB,EE. rp_box_checked = W-2 box 13 retirement plan indicator (includes DB and employer-only DC). Covers private AND public employers. Wage bins are nominal dollars."
2008,wage income size,"$10,000 under $15,000",11846686,1394389,11.8,2652862,22.4,2846544,24.0,12.3,"IRS SOI Form W-2 statistics, Table 3.A (TY2008), https://www.irs.gov/pub/irs-soi/18inallw2.xls","Computed: pct = count / taxpayers_with_wages. Unit = primary/secondary taxpayers on filed individual returns with W-2 wages (not all W-2 forms; non-filers excluded). Elective deferral = W-2 box 12 codes D,E,F,G,H,S,AA,BB,EE. rp_box_checked = W-2 box 13 retirement plan indicator (includes DB and employer-only DC). Covers private AND public employers. Wage bins are nominal dollars."
2009,wage income size,"$10,000 under $15,000",12013245,1328290,11.1,2671092,22.2,2867289,23.9,12.8,"IRS SOI Form W-2 statistics, Table 3.A (TY2009), https://www.irs.gov/pub/irs-soi/18inallw2.xls","Computed: pct = count / taxpayers_with_wages. Unit = primary/secondary taxpayers on filed individual returns with W-2 wages (not all W-2 forms; non-filers excluded). Elective deferral = W-2 box 12 codes D,E,F,G,H,S,AA,BB,EE. rp_box_checked = W-2 box 13 retirement plan indicator (includes DB and employer-only DC). Covers private AND public employers. Wage bins are nominal dollars."
2010,wage income size,"$10,000 under $15,000",12071360,1299755,10.8,2555717,21.2,2764711,22.9,12.1,"IRS SOI Form W-2 statistics, Table 3.A (TY2010), https://www.irs.gov/pub/irs-soi/18inallw2.xls","Computed: pct = count / taxpayers_with_wages. Unit = primary/secondary taxpayers on filed individual returns with W-2 wages (not all W-2 forms; non-filers excluded). Elective deferral = W-2 box 12 codes D,E,F,G,H,S,AA,BB,EE. rp_box_checked = W-2 box 13 retirement plan indicator (includes DB and employer-only DC). Covers private AND public employers. Wage bins are nominal dollars."
2011,wage income size,"$10,000 under $15,000",12182841,1328112,10.9,2479312,20.4,2690595,22.1,11.2,"IRS SOI Form W-2 statistics, Table 3.A (TY2011), https://www.irs.gov/pub/irs-soi/18inallw2.xls","Computed: pct = count / taxpayers_with_wages. Unit = primary/secondary taxpayers on filed individual returns with W-2 wages (not all W-2 forms; non-filers excluded). Elective deferral = W-2 box 12 codes D,E,F,G,H,S,AA,BB,EE. rp_box_checked = W-2 box 13 retirement plan indicator (includes DB and employer-only DC). Covers private AND public employers. Wage bins are nominal dollars."
2012,wage income size,"$10,000 under $15,000",11995924,1370574,11.4,2418404,20.2,2621736,21.9,10.4,"IRS SOI Form W-2 statistics, Table 3.A (TY2012), https://www.irs.gov/pub/irs-soi/18inallw2.xls","Computed: pct = count / taxpayers_with_wages. Unit = primary/secondary taxpayers on filed individual returns with W-2 wages (not all W-2 forms; non-filers excluded). Elective deferral = W-2 box 12 codes D,E,F,G,H,S,AA,BB,EE. rp_box_checked = W-2 box 13 retirement plan indicator (includes DB and employer-only DC). Covers private AND public employers. Wage bins are nominal dollars."
2013,wage income size,"$10,000 under $15,000",11899367,1439647,12.1,2365839,19.9,2594473,21.8,9.7,"IRS SOI Form W-2 statistics, Table 3.A (TY2013), https://www.irs.gov/pub/irs-soi/18inallw2.xls","Computed: pct = count / taxpayers_with_wages. Unit = primary/secondary taxpayers on filed individual returns with W-2 wages (not all W-2 forms; non-filers excluded). Elective deferral = W-2 box 12 codes D,E,F,G,H,S,AA,BB,EE. rp_box_checked = W-2 box 13 retirement plan indicator (includes DB and employer-only DC). Covers private AND public employers. Wage bins are nominal dollars."
2014,wage income size,"$10,000 under $15,000",11538290,1424011,12.3,2311122,20.0,2557391,22.2,9.8,"IRS SOI Form W-2 statistics, Table 3.A (TY2014), https://www.irs.gov/pub/irs-soi/18inallw2.xls","Computed: pct = count / taxpayers_with_wages. Unit = primary/secondary taxpayers on filed individual returns with W-2 wages (not all W-2 forms; non-filers excluded). Elective deferral = W-2 box 12 codes D,E,F,G,H,S,AA,BB,EE. rp_box_checked = W-2 box 13 retirement plan indicator (includes DB and employer-only DC). Covers private AND public employers. Wage bins are nominal dollars."
2015,wage income size,"$10,000 under $15,000",11352677,1390130,12.2,2212174,19.5,2421058,21.3,9.1,"IRS SOI Form W-2 statistics, Table 3.A (TY2015), https://www.irs.gov/pub/irs-soi/18inallw2.xls","Computed: pct = count / taxpayers_with_wages. Unit = primary/secondary taxpayers on filed individual returns with W-2 wages (not all W-2 forms; non-filers excluded). Elective deferral = W-2 box 12 codes D,E,F,G,H,S,AA,BB,EE. rp_box_checked = W-2 box 13 retirement plan indicator (includes DB and employer-only DC). Covers private AND public employers. Wage bins are nominal dollars."
2016,wage income size,"$10,000 under $15,000",11080237,1407742,12.7,2210996,20.0,2415385,21.8,9.1,"IRS SOI Form W-2 statistics, Table 3.A (TY2016), https://www.irs.gov/pub/irs-soi/18inallw2.xls","Computed: pct = count / taxpayers_with_wages. Unit = primary/secondary taxpayers on filed individual returns with W-2 wages (not all W-2 forms; non-filers excluded). Elective deferral = W-2 box 12 codes D,E,F,G,H,S,AA,BB,EE. rp_box_checked = W-2 box 13 retirement plan indicator (includes DB and employer-only DC). Covers private AND public employers. Wage bins are nominal dollars."
2017,wage income size,"$10,000 under $15,000",10643132,1403428,13.2,2123470,20.0,2339310,22.0,8.8,"IRS SOI Form W-2 statistics, Table 3.A (TY2017), https://www.irs.gov/pub/irs-soi/18inallw2.xls","Computed: pct = count / taxpayers_with_wages. Unit = primary/secondary taxpayers on filed individual returns with W-2 wages (not all W-2 forms; non-filers excluded). Elective deferral = W-2 box 12 codes D,E,F,G,H,S,AA,BB,EE. rp_box_checked = W-2 box 13 retirement plan indicator (includes DB and employer-only DC). Covers private AND public employers. Wage bins are nominal dollars."
2018,wage income size,"$10,000 under $15,000",10221437,1385457,13.6,2030482,19.9,2267833,22.2,8.6,"IRS SOI Form W-2 statistics, Table 3.A (TY2018), https://www.irs.gov/pub/irs-soi/18inallw2.xls","Computed: pct = count / taxpayers_with_wages. Unit = primary/secondary taxpayers on filed individual returns with W-2 wages (not all W-2 forms; non-filers excluded). Elective deferral = W-2 box 12 codes D,E,F,G,H,S,AA,BB,EE. rp_box_checked = W-2 box 13 retirement plan indicator (includes DB and employer-only DC). Covers private AND public employers. Wage bins are nominal dollars."
2019,wage income size,"$10,000 under $15,000",9967607,1296680,13.0,1989252,20.0,2168070,21.8,8.7,"IRS SOI Form W-2 statistics, Table 3.A (TY2019), https://www.irs.gov/pub/irs-soi/19in03w2all.xlsx","Computed: pct = count / taxpayers_with_wages. Unit = primary/secondary taxpayers on filed individual returns with W-2 wages (not all W-2 forms; non-filers excluded). Elective deferral = W-2 box 12 codes D,E,F,G,H,S,AA,BB,EE. rp_box_checked = W-2 box 13 retirement plan indicator (includes DB and employer-only DC). Covers private AND public employers. Wage bins are nominal dollars."
2020,wage income size,"$10,000 under $15,000",9869689,1618563,16.4,2199113,22.3,2414957,24.5,8.1,"IRS SOI Form W-2 statistics, Table 3.A (TY2020), https://www.irs.gov/pub/irs-soi/20in03w2all.xlsx","Computed: pct = count / taxpayers_with_wages. Unit = primary/secondary taxpayers on filed individual returns with W-2 wages (not all W-2 forms; non-filers excluded). Elective deferral = W-2 box 12 codes D,E,F,G,H,S,AA,BB,EE. rp_box_checked = W-2 box 13 retirement plan indicator (includes DB and employer-only DC). Covers private AND public employers. Wage bins are nominal dollars."
2008,wage income size,"$15,000 under $20,000",11729432,2223376,19.0,3698121,31.5,3996907,34.1,15.1,"IRS SOI Form W-2 statistics, Table 3.A (TY2008), https://www.irs.gov/pub/irs-soi/18inallw2.xls","Computed: pct = count / taxpayers_with_wages. Unit = primary/secondary taxpayers on filed individual returns with W-2 wages (not all W-2 forms; non-filers excluded). Elective deferral = W-2 box 12 codes D,E,F,G,H,S,AA,BB,EE. rp_box_checked = W-2 box 13 retirement plan indicator (includes DB and employer-only DC). Covers private AND public employers. Wage bins are nominal dollars."
2009,wage income size,"$15,000 under $20,000",11548474,2095504,18.1,3619088,31.3,3863083,33.5,15.3,"IRS SOI Form W-2 statistics, Table 3.A (TY2009), https://www.irs.gov/pub/irs-soi/18inallw2.xls","Computed: pct = count / taxpayers_with_wages. Unit = primary/secondary taxpayers on filed individual returns with W-2 wages (not all W-2 forms; non-filers excluded). Elective deferral = W-2 box 12 codes D,E,F,G,H,S,AA,BB,EE. rp_box_checked = W-2 box 13 retirement plan indicator (includes DB and employer-only DC). Covers private AND public employers. Wage bins are nominal dollars."
2010,wage income size,"$15,000 under $20,000",11583754,2007212,17.3,3371153,29.1,3648756,31.5,14.2,"IRS SOI Form W-2 statistics, Table 3.A (TY2010), https://www.irs.gov/pub/irs-soi/18inallw2.xls","Computed: pct = count / taxpayers_with_wages. Unit = primary/secondary taxpayers on filed individual returns with W-2 wages (not all W-2 forms; non-filers excluded). Elective deferral = W-2 box 12 codes D,E,F,G,H,S,AA,BB,EE. rp_box_checked = W-2 box 13 retirement plan indicator (includes DB and employer-only DC). Covers private AND public employers. Wage bins are nominal dollars."
2011,wage income size,"$15,000 under $20,000",11527896,2010317,17.4,3240009,28.1,3522801,30.6,13.1,"IRS SOI Form W-2 statistics, Table 3.A (TY2011), https://www.irs.gov/pub/irs-soi/18inallw2.xls","Computed: pct = count / taxpayers_with_wages. Unit = primary/secondary taxpayers on filed individual returns with W-2 wages (not all W-2 forms; non-filers excluded). Elective deferral = W-2 box 12 codes D,E,F,G,H,S,AA,BB,EE. rp_box_checked = W-2 box 13 retirement plan indicator (includes DB and employer-only DC). Covers private AND public employers. Wage bins are nominal dollars."
2012,wage income size,"$15,000 under $20,000",11510732,2089167,18.1,3229863,28.1,3520151,30.6,12.4,"IRS SOI Form W-2 statistics, Table 3.A (TY2012), https://www.irs.gov/pub/irs-soi/18inallw2.xls","Computed: pct = count / taxpayers_with_wages. Unit = primary/secondary taxpayers on filed individual returns with W-2 wages (not all W-2 forms; non-filers excluded). Elective deferral = W-2 box 12 codes D,E,F,G,H,S,AA,BB,EE. rp_box_checked = W-2 box 13 retirement plan indicator (includes DB and employer-only DC). Covers private AND public employers. Wage bins are nominal dollars."
2013,wage income size,"$15,000 under $20,000",11538766,2031941,17.6,3151787,27.3,3447549,29.9,12.3,"IRS SOI Form W-2 statistics, Table 3.A (TY2013), https://www.irs.gov/pub/irs-soi/18inallw2.xls","Computed: pct = count / taxpayers_with_wages. Unit = primary/secondary taxpayers on filed individual returns with W-2 wages (not all W-2 forms; non-filers excluded). Elective deferral = W-2 box 12 codes D,E,F,G,H,S,AA,BB,EE. rp_box_checked = W-2 box 13 retirement plan indicator (includes DB and employer-only DC). Covers private AND public employers. Wage bins are nominal dollars."
2014,wage income size,"$15,000 under $20,000",11234820,2088491,18.6,3114338,27.7,3414770,30.4,11.8,"IRS SOI Form W-2 statistics, Table 3.A (TY2014), https://www.irs.gov/pub/irs-soi/18inallw2.xls","Computed: pct = count / taxpayers_with_wages. Unit = primary/secondary taxpayers on filed individual returns with W-2 wages (not all W-2 forms; non-filers excluded). Elective deferral = W-2 box 12 codes D,E,F,G,H,S,AA,BB,EE. rp_box_checked = W-2 box 13 retirement plan indicator (includes DB and employer-only DC). Covers private AND public employers. Wage bins are nominal dollars."
2015,wage income size,"$15,000 under $20,000",10998738,2009960,18.3,2900898,26.4,3208549,29.2,10.9,"IRS SOI Form W-2 statistics, Table 3.A (TY2015), https://www.irs.gov/pub/irs-soi/18inallw2.xls","Computed: pct = count / taxpayers_with_wages. Unit = primary/secondary taxpayers on filed individual returns with W-2 wages (not all W-2 forms; non-filers excluded). Elective deferral = W-2 box 12 codes D,E,F,G,H,S,AA,BB,EE. rp_box_checked = W-2 box 13 retirement plan indicator (includes DB and employer-only DC). Covers private AND public employers. Wage bins are nominal dollars."
2016,wage income size,"$15,000 under $20,000",10731763,2011203,18.7,2916434,27.2,3196792,29.8,11.0,"IRS SOI Form W-2 statistics, Table 3.A (TY2016), https://www.irs.gov/pub/irs-soi/18inallw2.xls","Computed: pct = count / taxpayers_with_wages. Unit = primary/secondary taxpayers on filed individual returns with W-2 wages (not all W-2 forms; non-filers excluded). Elective deferral = W-2 box 12 codes D,E,F,G,H,S,AA,BB,EE. rp_box_checked = W-2 box 13 retirement plan indicator (includes DB and employer-only DC). Covers private AND public employers. Wage bins are nominal dollars."
2017,wage income size,"$15,000 under $20,000",10371433,1968146,19.0,2801942,27.0,3060809,29.5,10.5,"IRS SOI Form W-2 statistics, Table 3.A (TY2017), https://www.irs.gov/pub/irs-soi/18inallw2.xls","Computed: pct = count / taxpayers_with_wages. Unit = primary/secondary taxpayers on filed individual returns with W-2 wages (not all W-2 forms; non-filers excluded). Elective deferral = W-2 box 12 codes D,E,F,G,H,S,AA,BB,EE. rp_box_checked = W-2 box 13 retirement plan indicator (includes DB and employer-only DC). Covers private AND public employers. Wage bins are nominal dollars."
2018,wage income size,"$15,000 under $20,000",9641109,1947493,20.2,2653855,27.5,2929891,30.4,10.2,"IRS SOI Form W-2 statistics, Table 3.A (TY2018), https://www.irs.gov/pub/irs-soi/18inallw2.xls","Computed: pct = count / taxpayers_with_wages. Unit = primary/secondary taxpayers on filed individual returns with W-2 wages (not all W-2 forms; non-filers excluded). Elective deferral = W-2 box 12 codes D,E,F,G,H,S,AA,BB,EE. rp_box_checked = W-2 box 13 retirement plan indicator (includes DB and employer-only DC). Covers private AND public employers. Wage bins are nominal dollars."
2019,wage income size,"$15,000 under $20,000",9383244,1807111,19.3,2542448,27.1,2787885,29.7,10.5,"IRS SOI Form W-2 statistics, Table 3.A (TY2019), https://www.irs.gov/pub/irs-soi/19in03w2all.xlsx","Computed: pct = count / taxpayers_with_wages. Unit = primary/secondary taxpayers on filed individual returns with W-2 wages (not all W-2 forms; non-filers excluded). Elective deferral = W-2 box 12 codes D,E,F,G,H,S,AA,BB,EE. rp_box_checked = W-2 box 13 retirement plan indicator (includes DB and employer-only DC). Covers private AND public employers. Wage bins are nominal dollars."
2020,wage income size,"$15,000 under $20,000",9052298,1910151,21.1,2620969,29.0,2867805,31.7,10.6,"IRS SOI Form W-2 statistics, Table 3.A (TY2020), https://www.irs.gov/pub/irs-soi/20in03w2all.xlsx","Computed: pct = count / taxpayers_with_wages. Unit = primary/secondary taxpayers on filed individual returns with W-2 wages (not all W-2 forms; non-filers excluded). Elective deferral = W-2 box 12 codes D,E,F,G,H,S,AA,BB,EE. rp_box_checked = W-2 box 13 retirement plan indicator (includes DB and employer-only DC). Covers private AND public employers. Wage bins are nominal dollars."
2008,wage income size,"$20,000 under $25,000",11409569,3124888,27.4,4639115,40.7,4988520,43.7,16.3,"IRS SOI Form W-2 statistics, Table 3.A (TY2008), https://www.irs.gov/pub/irs-soi/18inallw2.xls","Computed: pct = count / taxpayers_with_wages. Unit = primary/secondary taxpayers on filed individual returns with W-2 wages (not all W-2 forms; non-filers excluded). Elective deferral = W-2 box 12 codes D,E,F,G,H,S,AA,BB,EE. rp_box_checked = W-2 box 13 retirement plan indicator (includes DB and employer-only DC). Covers private AND public employers. Wage bins are nominal dollars."
2009,wage income size,"$20,000 under $25,000",10869385,2753240,25.3,4262158,39.2,4612576,42.4,17.1,"IRS SOI Form W-2 statistics, Table 3.A (TY2009), https://www.irs.gov/pub/irs-soi/18inallw2.xls","Computed: pct = count / taxpayers_with_wages. Unit = primary/secondary taxpayers on filed individual returns with W-2 wages (not all W-2 forms; non-filers excluded). Elective deferral = W-2 box 12 codes D,E,F,G,H,S,AA,BB,EE. rp_box_checked = W-2 box 13 retirement plan indicator (includes DB and employer-only DC). Covers private AND public employers. Wage bins are nominal dollars."
2010,wage income size,"$20,000 under $25,000",10825715,2803475,25.9,4163719,38.5,4515169,41.7,15.8,"IRS SOI Form W-2 statistics, Table 3.A (TY2010), https://www.irs.gov/pub/irs-soi/18inallw2.xls","Computed: pct = count / taxpayers_with_wages. Unit = primary/secondary taxpayers on filed individual returns with W-2 wages (not all W-2 forms; non-filers excluded). Elective deferral = W-2 box 12 codes D,E,F,G,H,S,AA,BB,EE. rp_box_checked = W-2 box 13 retirement plan indicator (includes DB and employer-only DC). Covers private AND public employers. Wage bins are nominal dollars."
2011,wage income size,"$20,000 under $25,000",10813221,2764506,25.6,4104631,38.0,4425903,40.9,15.4,"IRS SOI Form W-2 statistics, Table 3.A (TY2011), https://www.irs.gov/pub/irs-soi/18inallw2.xls","Computed: pct = count / taxpayers_with_wages. Unit = primary/secondary taxpayers on filed individual returns with W-2 wages (not all W-2 forms; non-filers excluded). Elective deferral = W-2 box 12 codes D,E,F,G,H,S,AA,BB,EE. rp_box_checked = W-2 box 13 retirement plan indicator (includes DB and employer-only DC). Covers private AND public employers. Wage bins are nominal dollars."
2012,wage income size,"$20,000 under $25,000",10913529,2760425,25.3,3937575,36.1,4285986,39.3,14.0,"IRS SOI Form W-2 statistics, Table 3.A (TY2012), https://www.irs.gov/pub/irs-soi/18inallw2.xls","Computed: pct = count / taxpayers_with_wages. Unit = primary/secondary taxpayers on filed individual returns with W-2 wages (not all W-2 forms; non-filers excluded). Elective deferral = W-2 box 12 codes D,E,F,G,H,S,AA,BB,EE. rp_box_checked = W-2 box 13 retirement plan indicator (includes DB and employer-only DC). Covers private AND public employers. Wage bins are nominal dollars."
2013,wage income size,"$20,000 under $25,000",11047800,2881431,26.1,4036305,36.5,4408953,39.9,13.8,"IRS SOI Form W-2 statistics, Table 3.A (TY2013), https://www.irs.gov/pub/irs-soi/18inallw2.xls","Computed: pct = count / taxpayers_with_wages. Unit = primary/secondary taxpayers on filed individual returns with W-2 wages (not all W-2 forms; non-filers excluded). Elective deferral = W-2 box 12 codes D,E,F,G,H,S,AA,BB,EE. rp_box_checked = W-2 box 13 retirement plan indicator (includes DB and employer-only DC). Covers private AND public employers. Wage bins are nominal dollars."
2014,wage income size,"$20,000 under $25,000",10915371,2802107,25.7,3882183,35.6,4240758,38.9,13.2,"IRS SOI Form W-2 statistics, Table 3.A (TY2014), https://www.irs.gov/pub/irs-soi/18inallw2.xls","Computed: pct = count / taxpayers_with_wages. Unit = primary/secondary taxpayers on filed individual returns with W-2 wages (not all W-2 forms; non-filers excluded). Elective deferral = W-2 box 12 codes D,E,F,G,H,S,AA,BB,EE. rp_box_checked = W-2 box 13 retirement plan indicator (includes DB and employer-only DC). Covers private AND public employers. Wage bins are nominal dollars."
2015,wage income size,"$20,000 under $25,000",10755673,2885700,26.8,3847585,35.8,4238261,39.4,12.6,"IRS SOI Form W-2 statistics, Table 3.A (TY2015), https://www.irs.gov/pub/irs-soi/18inallw2.xls","Computed: pct = count / taxpayers_with_wages. Unit = primary/secondary taxpayers on filed individual returns with W-2 wages (not all W-2 forms; non-filers excluded). Elective deferral = W-2 box 12 codes D,E,F,G,H,S,AA,BB,EE. rp_box_checked = W-2 box 13 retirement plan indicator (includes DB and employer-only DC). Covers private AND public employers. Wage bins are nominal dollars."
2016,wage income size,"$20,000 under $25,000",10605201,2912841,27.5,3835182,36.2,4195058,39.6,12.1,"IRS SOI Form W-2 statistics, Table 3.A (TY2016), https://www.irs.gov/pub/irs-soi/18inallw2.xls","Computed: pct = count / taxpayers_with_wages. Unit = primary/secondary taxpayers on filed individual returns with W-2 wages (not all W-2 forms; non-filers excluded). Elective deferral = W-2 box 12 codes D,E,F,G,H,S,AA,BB,EE. rp_box_checked = W-2 box 13 retirement plan indicator (includes DB and employer-only DC). Covers private AND public employers. Wage bins are nominal dollars."
2017,wage income size,"$20,000 under $25,000",10574854,2754963,26.1,3574496,33.8,3949817,37.4,11.3,"IRS SOI Form W-2 statistics, Table 3.A (TY2017), https://www.irs.gov/pub/irs-soi/18inallw2.xls","Computed: pct = count / taxpayers_with_wages. Unit = primary/secondary taxpayers on filed individual returns with W-2 wages (not all W-2 forms; non-filers excluded). Elective deferral = W-2 box 12 codes D,E,F,G,H,S,AA,BB,EE. rp_box_checked = W-2 box 13 retirement plan indicator (includes DB and employer-only DC). Covers private AND public employers. Wage bins are nominal dollars."
2018,wage income size,"$20,000 under $25,000",10020279,2714246,27.1,3515627,35.1,3849031,38.4,11.3,"IRS SOI Form W-2 statistics, Table 3.A (TY2018), https://www.irs.gov/pub/irs-soi/18inallw2.xls","Computed: pct = count / taxpayers_with_wages. Unit = primary/secondary taxpayers on filed individual returns with W-2 wages (not all W-2 forms; non-filers excluded). Elective deferral = W-2 box 12 codes D,E,F,G,H,S,AA,BB,EE. rp_box_checked = W-2 box 13 retirement plan indicator (includes DB and employer-only DC). Covers private AND public employers. Wage bins are nominal dollars."
2019,wage income size,"$20,000 under $25,000",9752090,2662740,27.3,3403712,34.9,3740691,38.4,11.1,"IRS SOI Form W-2 statistics, Table 3.A (TY2019), https://www.irs.gov/pub/irs-soi/19in03w2all.xlsx","Computed: pct = count / taxpayers_with_wages. Unit = primary/secondary taxpayers on filed individual returns with W-2 wages (not all W-2 forms; non-filers excluded). Elective deferral = W-2 box 12 codes D,E,F,G,H,S,AA,BB,EE. rp_box_checked = W-2 box 13 retirement plan indicator (includes DB and employer-only DC). Covers private AND public employers. Wage bins are nominal dollars."
2020,wage income size,"$20,000 under $25,000",8966692,2526012,28.2,3252154,36.3,3503028,39.1,10.9,"IRS SOI Form W-2 statistics, Table 3.A (TY2020), https://www.irs.gov/pub/irs-soi/20in03w2all.xlsx","Computed: pct = count / taxpayers_with_wages. Unit = primary/secondary taxpayers on filed individual returns with W-2 wages (not all W-2 forms; non-filers excluded). Elective deferral = W-2 box 12 codes D,E,F,G,H,S,AA,BB,EE. rp_box_checked = W-2 box 13 retirement plan indicator (includes DB and employer-only DC). Covers private AND public employers. Wage bins are nominal dollars."
2008,wage income size,"$25,000 under $30,000",10587703,3794559,35.8,5197983,49.1,5607575,53.0,17.1,"IRS SOI Form W-2 statistics, Table 3.A (TY2008), https://www.irs.gov/pub/irs-soi/18inallw2.xls","Computed: pct = count / taxpayers_with_wages. Unit = primary/secondary taxpayers on filed individual returns with W-2 wages (not all W-2 forms; non-filers excluded). Elective deferral = W-2 box 12 codes D,E,F,G,H,S,AA,BB,EE. rp_box_checked = W-2 box 13 retirement plan indicator (includes DB and employer-only DC). Covers private AND public employers. Wage bins are nominal dollars."
2009,wage income size,"$25,000 under $30,000",10102113,3403426,33.7,4868211,48.2,5252452,52.0,18.3,"IRS SOI Form W-2 statistics, Table 3.A (TY2009), https://www.irs.gov/pub/irs-soi/18inallw2.xls","Computed: pct = count / taxpayers_with_wages. Unit = primary/secondary taxpayers on filed individual returns with W-2 wages (not all W-2 forms; non-filers excluded). Elective deferral = W-2 box 12 codes D,E,F,G,H,S,AA,BB,EE. rp_box_checked = W-2 box 13 retirement plan indicator (includes DB and employer-only DC). Covers private AND public employers. Wage bins are nominal dollars."
2010,wage income size,"$25,000 under $30,000",9942357,3275260,32.9,4584091,46.1,4973972,50.0,17.1,"IRS SOI Form W-2 statistics, Table 3.A (TY2010), https://www.irs.gov/pub/irs-soi/18inallw2.xls","Computed: pct = count / taxpayers_with_wages. Unit = primary/secondary taxpayers on filed individual returns with W-2 wages (not all W-2 forms; non-filers excluded). Elective deferral = W-2 box 12 codes D,E,F,G,H,S,AA,BB,EE. rp_box_checked = W-2 box 13 retirement plan indicator (includes DB and employer-only DC). Covers private AND public employers. Wage bins are nominal dollars."
2011,wage income size,"$25,000 under $30,000",10089420,3307623,32.8,4636028,45.9,4980367,49.4,16.6,"IRS SOI Form W-2 statistics, Table 3.A (TY2011), https://www.irs.gov/pub/irs-soi/18inallw2.xls","Computed: pct = count / taxpayers_with_wages. Unit = primary/secondary taxpayers on filed individual returns with W-2 wages (not all W-2 forms; non-filers excluded). Elective deferral = W-2 box 12 codes D,E,F,G,H,S,AA,BB,EE. rp_box_checked = W-2 box 13 retirement plan indicator (includes DB and employer-only DC). Covers private AND public employers. Wage bins are nominal dollars."
2012,wage income size,"$25,000 under $30,000",10025555,3356411,33.5,4552574,45.4,4931619,49.2,15.7,"IRS SOI Form W-2 statistics, Table 3.A (TY2012), https://www.irs.gov/pub/irs-soi/18inallw2.xls","Computed: pct = count / taxpayers_with_wages. Unit = primary/secondary taxpayers on filed individual returns with W-2 wages (not all W-2 forms; non-filers excluded). Elective deferral = W-2 box 12 codes D,E,F,G,H,S,AA,BB,EE. rp_box_checked = W-2 box 13 retirement plan indicator (includes DB and employer-only DC). Covers private AND public employers. Wage bins are nominal dollars."
2013,wage income size,"$25,000 under $30,000",10227906,3409336,33.3,4495811,44.0,4908339,48.0,14.7,"IRS SOI Form W-2 statistics, Table 3.A (TY2013), https://www.irs.gov/pub/irs-soi/18inallw2.xls","Computed: pct = count / taxpayers_with_wages. Unit = primary/secondary taxpayers on filed individual returns with W-2 wages (not all W-2 forms; non-filers excluded). Elective deferral = W-2 box 12 codes D,E,F,G,H,S,AA,BB,EE. rp_box_checked = W-2 box 13 retirement plan indicator (includes DB and employer-only DC). Covers private AND public employers. Wage bins are nominal dollars."
2014,wage income size,"$25,000 under $30,000",10113841,3460107,34.2,4428695,43.8,4868771,48.1,13.9,"IRS SOI Form W-2 statistics, Table 3.A (TY2014), https://www.irs.gov/pub/irs-soi/18inallw2.xls","Computed: pct = count / taxpayers_with_wages. Unit = primary/secondary taxpayers on filed individual returns with W-2 wages (not all W-2 forms; non-filers excluded). Elective deferral = W-2 box 12 codes D,E,F,G,H,S,AA,BB,EE. rp_box_checked = W-2 box 13 retirement plan indicator (includes DB and employer-only DC). Covers private AND public employers. Wage bins are nominal dollars."
2015,wage income size,"$25,000 under $30,000",10067648,3347250,33.2,4300389,42.7,4719543,46.9,13.6,"IRS SOI Form W-2 statistics, Table 3.A (TY2015), https://www.irs.gov/pub/irs-soi/18inallw2.xls","Computed: pct = count / taxpayers_with_wages. Unit = primary/secondary taxpayers on filed individual returns with W-2 wages (not all W-2 forms; non-filers excluded). Elective deferral = W-2 box 12 codes D,E,F,G,H,S,AA,BB,EE. rp_box_checked = W-2 box 13 retirement plan indicator (includes DB and employer-only DC). Covers private AND public employers. Wage bins are nominal dollars."
2016,wage income size,"$25,000 under $30,000",10066284,3426923,34.0,4389290,43.6,4800402,47.7,13.6,"IRS SOI Form W-2 statistics, Table 3.A (TY2016), https://www.irs.gov/pub/irs-soi/18inallw2.xls","Computed: pct = count / taxpayers_with_wages. Unit = primary/secondary taxpayers on filed individual returns with W-2 wages (not all W-2 forms; non-filers excluded). Elective deferral = W-2 box 12 codes D,E,F,G,H,S,AA,BB,EE. rp_box_checked = W-2 box 13 retirement plan indicator (includes DB and employer-only DC). Covers private AND public employers. Wage bins are nominal dollars."
2017,wage income size,"$25,000 under $30,000",10031919,3479067,34.7,4248728,42.4,4704190,46.9,12.2,"IRS SOI Form W-2 statistics, Table 3.A (TY2017), https://www.irs.gov/pub/irs-soi/18inallw2.xls","Computed: pct = count / taxpayers_with_wages. Unit = primary/secondary taxpayers on filed individual returns with W-2 wages (not all W-2 forms; non-filers excluded). Elective deferral = W-2 box 12 codes D,E,F,G,H,S,AA,BB,EE. rp_box_checked = W-2 box 13 retirement plan indicator (includes DB and employer-only DC). Covers private AND public employers. Wage bins are nominal dollars."
2018,wage income size,"$25,000 under $30,000",9845443,3440360,34.9,4211101,42.8,4628727,47.0,12.1,"IRS SOI Form W-2 statistics, Table 3.A (TY2018), https://www.irs.gov/pub/irs-soi/18inallw2.xls","Computed: pct = count / taxpayers_with_wages. Unit = primary/secondary taxpayers on filed individual returns with W-2 wages (not all W-2 forms; non-filers excluded). Elective deferral = W-2 box 12 codes D,E,F,G,H,S,AA,BB,EE. rp_box_checked = W-2 box 13 retirement plan indicator (includes DB and employer-only DC). Covers private AND public employers. Wage bins are nominal dollars."
2019,wage income size,"$25,000 under $30,000",10158304,3568689,35.1,4271458,42.0,4712311,46.4,11.3,"IRS SOI Form W-2 statistics, Table 3.A (TY2019), https://www.irs.gov/pub/irs-soi/19in03w2all.xlsx","Computed: pct = count / taxpayers_with_wages. Unit = primary/secondary taxpayers on filed individual returns with W-2 wages (not all W-2 forms; non-filers excluded). Elective deferral = W-2 box 12 codes D,E,F,G,H,S,AA,BB,EE. rp_box_checked = W-2 box 13 retirement plan indicator (includes DB and employer-only DC). Covers private AND public employers. Wage bins are nominal dollars."
2020,wage income size,"$25,000 under $30,000",9267361,3279240,35.4,3992445,43.1,4376114,47.2,11.8,"IRS SOI Form W-2 statistics, Table 3.A (TY2020), https://www.irs.gov/pub/irs-soi/20in03w2all.xlsx","Computed: pct = count / taxpayers_with_wages. Unit = primary/secondary taxpayers on filed individual returns with W-2 wages (not all W-2 forms; non-filers excluded). Elective deferral = W-2 box 12 codes D,E,F,G,H,S,AA,BB,EE. rp_box_checked = W-2 box 13 retirement plan indicator (includes DB and employer-only DC). Covers private AND public employers. Wage bins are nominal dollars."
2008,wage income size,"$30,000 under $40,000",18457517,7888289,42.7,10542747,57.1,11402935,61.8,19.0,"IRS SOI Form W-2 statistics, Table 3.A (TY2008), https://www.irs.gov/pub/irs-soi/18inallw2.xls","Computed: pct = count / taxpayers_with_wages. Unit = primary/secondary taxpayers on filed individual returns with W-2 wages (not all W-2 forms; non-filers excluded). Elective deferral = W-2 box 12 codes D,E,F,G,H,S,AA,BB,EE. rp_box_checked = W-2 box 13 retirement plan indicator (includes DB and employer-only DC). Covers private AND public employers. Wage bins are nominal dollars."
2009,wage income size,"$30,000 under $40,000",17680598,7158469,40.5,10015691,56.6,10708134,60.6,20.1,"IRS SOI Form W-2 statistics, Table 3.A (TY2009), https://www.irs.gov/pub/irs-soi/18inallw2.xls","Computed: pct = count / taxpayers_with_wages. Unit = primary/secondary taxpayers on filed individual returns with W-2 wages (not all W-2 forms; non-filers excluded). Elective deferral = W-2 box 12 codes D,E,F,G,H,S,AA,BB,EE. rp_box_checked = W-2 box 13 retirement plan indicator (includes DB and employer-only DC). Covers private AND public employers. Wage bins are nominal dollars."
2010,wage income size,"$30,000 under $40,000",17542509,7083518,40.4,9594312,54.7,10357020,59.0,18.7,"IRS SOI Form W-2 statistics, Table 3.A (TY2010), https://www.irs.gov/pub/irs-soi/18inallw2.xls","Computed: pct = count / taxpayers_with_wages. Unit = primary/secondary taxpayers on filed individual returns with W-2 wages (not all W-2 forms; non-filers excluded). Elective deferral = W-2 box 12 codes D,E,F,G,H,S,AA,BB,EE. rp_box_checked = W-2 box 13 retirement plan indicator (includes DB and employer-only DC). Covers private AND public employers. Wage bins are nominal dollars."
2011,wage income size,"$30,000 under $40,000",17447549,7081089,40.6,9547805,54.7,10250041,58.7,18.2,"IRS SOI Form W-2 statistics, Table 3.A (TY2011), https://www.irs.gov/pub/irs-soi/18inallw2.xls","Computed: pct = count / taxpayers_with_wages. Unit = primary/secondary taxpayers on filed individual returns with W-2 wages (not all W-2 forms; non-filers excluded). Elective deferral = W-2 box 12 codes D,E,F,G,H,S,AA,BB,EE. rp_box_checked = W-2 box 13 retirement plan indicator (includes DB and employer-only DC). Covers private AND public employers. Wage bins are nominal dollars."
2012,wage income size,"$30,000 under $40,000",17331930,7115875,41.1,9462030,54.6,10159070,58.6,17.6,"IRS SOI Form W-2 statistics, Table 3.A (TY2012), https://www.irs.gov/pub/irs-soi/18inallw2.xls","Computed: pct = count / taxpayers_with_wages. Unit = primary/secondary taxpayers on filed individual returns with W-2 wages (not all W-2 forms; non-filers excluded). Elective deferral = W-2 box 12 codes D,E,F,G,H,S,AA,BB,EE. rp_box_checked = W-2 box 13 retirement plan indicator (includes DB and employer-only DC). Covers private AND public employers. Wage bins are nominal dollars."
2013,wage income size,"$30,000 under $40,000",17560514,7295313,41.5,9495224,54.1,10229915,58.3,16.7,"IRS SOI Form W-2 statistics, Table 3.A (TY2013), https://www.irs.gov/pub/irs-soi/18inallw2.xls","Computed: pct = count / taxpayers_with_wages. Unit = primary/secondary taxpayers on filed individual returns with W-2 wages (not all W-2 forms; non-filers excluded). Elective deferral = W-2 box 12 codes D,E,F,G,H,S,AA,BB,EE. rp_box_checked = W-2 box 13 retirement plan indicator (includes DB and employer-only DC). Covers private AND public employers. Wage bins are nominal dollars."
2014,wage income size,"$30,000 under $40,000",17779849,7359019,41.4,9440574,53.1,10248624,57.6,16.3,"IRS SOI Form W-2 statistics, Table 3.A (TY2014), https://www.irs.gov/pub/irs-soi/18inallw2.xls","Computed: pct = count / taxpayers_with_wages. Unit = primary/secondary taxpayers on filed individual returns with W-2 wages (not all W-2 forms; non-filers excluded). Elective deferral = W-2 box 12 codes D,E,F,G,H,S,AA,BB,EE. rp_box_checked = W-2 box 13 retirement plan indicator (includes DB and employer-only DC). Covers private AND public employers. Wage bins are nominal dollars."
2015,wage income size,"$30,000 under $40,000",17978430,7511187,41.8,9475106,52.7,10313203,57.4,15.6,"IRS SOI Form W-2 statistics, Table 3.A (TY2015), https://www.irs.gov/pub/irs-soi/18inallw2.xls","Computed: pct = count / taxpayers_with_wages. Unit = primary/secondary taxpayers on filed individual returns with W-2 wages (not all W-2 forms; non-filers excluded). Elective deferral = W-2 box 12 codes D,E,F,G,H,S,AA,BB,EE. rp_box_checked = W-2 box 13 retirement plan indicator (includes DB and employer-only DC). Covers private AND public employers. Wage bins are nominal dollars."
2016,wage income size,"$30,000 under $40,000",18168132,7727976,42.5,9635398,53.0,10449442,57.5,15.0,"IRS SOI Form W-2 statistics, Table 3.A (TY2016), https://www.irs.gov/pub/irs-soi/18inallw2.xls","Computed: pct = count / taxpayers_with_wages. Unit = primary/secondary taxpayers on filed individual returns with W-2 wages (not all W-2 forms; non-filers excluded). Elective deferral = W-2 box 12 codes D,E,F,G,H,S,AA,BB,EE. rp_box_checked = W-2 box 13 retirement plan indicator (includes DB and employer-only DC). Covers private AND public employers. Wage bins are nominal dollars."
2017,wage income size,"$30,000 under $40,000",18335072,7904730,43.1,9620277,52.5,10547210,57.5,14.4,"IRS SOI Form W-2 statistics, Table 3.A (TY2017), https://www.irs.gov/pub/irs-soi/18inallw2.xls","Computed: pct = count / taxpayers_with_wages. Unit = primary/secondary taxpayers on filed individual returns with W-2 wages (not all W-2 forms; non-filers excluded). Elective deferral = W-2 box 12 codes D,E,F,G,H,S,AA,BB,EE. rp_box_checked = W-2 box 13 retirement plan indicator (includes DB and employer-only DC). Covers private AND public employers. Wage bins are nominal dollars."
2018,wage income size,"$30,000 under $40,000",18206756,8069561,44.3,9637312,52.9,10511641,57.7,13.4,"IRS SOI Form W-2 statistics, Table 3.A (TY2018), https://www.irs.gov/pub/irs-soi/18inallw2.xls","Computed: pct = count / taxpayers_with_wages. Unit = primary/secondary taxpayers on filed individual returns with W-2 wages (not all W-2 forms; non-filers excluded). Elective deferral = W-2 box 12 codes D,E,F,G,H,S,AA,BB,EE. rp_box_checked = W-2 box 13 retirement plan indicator (includes DB and employer-only DC). Covers private AND public employers. Wage bins are nominal dollars."
2019,wage income size,"$30,000 under $40,000",18708059,8154808,43.6,9606596,51.4,10535035,56.3,12.7,"IRS SOI Form W-2 statistics, Table 3.A (TY2019), https://www.irs.gov/pub/irs-soi/19in03w2all.xlsx","Computed: pct = count / taxpayers_with_wages. Unit = primary/secondary taxpayers on filed individual returns with W-2 wages (not all W-2 forms; non-filers excluded). Elective deferral = W-2 box 12 codes D,E,F,G,H,S,AA,BB,EE. rp_box_checked = W-2 box 13 retirement plan indicator (includes DB and employer-only DC). Covers private AND public employers. Wage bins are nominal dollars."
2020,wage income size,"$30,000 under $40,000",17467429,7711198,44.1,9155046,52.4,9940976,56.9,12.8,"IRS SOI Form W-2 statistics, Table 3.A (TY2020), https://www.irs.gov/pub/irs-soi/20in03w2all.xlsx","Computed: pct = count / taxpayers_with_wages. Unit = primary/secondary taxpayers on filed individual returns with W-2 wages (not all W-2 forms; non-filers excluded). Elective deferral = W-2 box 12 codes D,E,F,G,H,S,AA,BB,EE. rp_box_checked = W-2 box 13 retirement plan indicator (includes DB and employer-only DC). Covers private AND public employers. Wage bins are nominal dollars."
2008,wage income size,"$40,000 under $50,000",13743028,6948869,50.6,9064765,66.0,9670283,70.4,19.8,"IRS SOI Form W-2 statistics, Table 3.A (TY2008), https://www.irs.gov/pub/irs-soi/18inallw2.xls","Computed: pct = count / taxpayers_with_wages. Unit = primary/secondary taxpayers on filed individual returns with W-2 wages (not all W-2 forms; non-filers excluded). Elective deferral = W-2 box 12 codes D,E,F,G,H,S,AA,BB,EE. rp_box_checked = W-2 box 13 retirement plan indicator (includes DB and employer-only DC). Covers private AND public employers. Wage bins are nominal dollars."
2009,wage income size,"$40,000 under $50,000",13154716,6473489,49.2,8629510,65.6,9214811,70.0,20.8,"IRS SOI Form W-2 statistics, Table 3.A (TY2009), https://www.irs.gov/pub/irs-soi/18inallw2.xls","Computed: pct = count / taxpayers_with_wages. Unit = primary/secondary taxpayers on filed individual returns with W-2 wages (not all W-2 forms; non-filers excluded). Elective deferral = W-2 box 12 codes D,E,F,G,H,S,AA,BB,EE. rp_box_checked = W-2 box 13 retirement plan indicator (includes DB and employer-only DC). Covers private AND public employers. Wage bins are nominal dollars."
2010,wage income size,"$40,000 under $50,000",13105067,6364996,48.6,8383938,64.0,9014294,68.8,20.2,"IRS SOI Form W-2 statistics, Table 3.A (TY2010), https://www.irs.gov/pub/irs-soi/18inallw2.xls","Computed: pct = count / taxpayers_with_wages. Unit = primary/secondary taxpayers on filed individual returns with W-2 wages (not all W-2 forms; non-filers excluded). Elective deferral = W-2 box 12 codes D,E,F,G,H,S,AA,BB,EE. rp_box_checked = W-2 box 13 retirement plan indicator (includes DB and employer-only DC). Covers private AND public employers. Wage bins are nominal dollars."
2011,wage income size,"$40,000 under $50,000",13153679,6359440,48.3,8407297,63.9,8953728,68.1,19.7,"IRS SOI Form W-2 statistics, Table 3.A (TY2011), https://www.irs.gov/pub/irs-soi/18inallw2.xls","Computed: pct = count / taxpayers_with_wages. Unit = primary/secondary taxpayers on filed individual returns with W-2 wages (not all W-2 forms; non-filers excluded). Elective deferral = W-2 box 12 codes D,E,F,G,H,S,AA,BB,EE. rp_box_checked = W-2 box 13 retirement plan indicator (includes DB and employer-only DC). Covers private AND public employers. Wage bins are nominal dollars."
2012,wage income size,"$40,000 under $50,000",13388703,6625981,49.5,8571006,64.0,9158795,68.4,18.9,"IRS SOI Form W-2 statistics, Table 3.A (TY2012), https://www.irs.gov/pub/irs-soi/18inallw2.xls","Computed: pct = count / taxpayers_with_wages. Unit = primary/secondary taxpayers on filed individual returns with W-2 wages (not all W-2 forms; non-filers excluded). Elective deferral = W-2 box 12 codes D,E,F,G,H,S,AA,BB,EE. rp_box_checked = W-2 box 13 retirement plan indicator (includes DB and employer-only DC). Covers private AND public employers. Wage bins are nominal dollars."
2013,wage income size,"$40,000 under $50,000",13845779,6702251,48.4,8618718,62.2,9241412,66.7,18.3,"IRS SOI Form W-2 statistics, Table 3.A (TY2013), https://www.irs.gov/pub/irs-soi/18inallw2.xls","Computed: pct = count / taxpayers_with_wages. Unit = primary/secondary taxpayers on filed individual returns with W-2 wages (not all W-2 forms; non-filers excluded). Elective deferral = W-2 box 12 codes D,E,F,G,H,S,AA,BB,EE. rp_box_checked = W-2 box 13 retirement plan indicator (includes DB and employer-only DC). Covers private AND public employers. Wage bins are nominal dollars."
2014,wage income size,"$40,000 under $50,000",13996929,6811149,48.7,8600646,61.4,9271060,66.2,17.6,"IRS SOI Form W-2 statistics, Table 3.A (TY2014), https://www.irs.gov/pub/irs-soi/18inallw2.xls","Computed: pct = count / taxpayers_with_wages. Unit = primary/secondary taxpayers on filed individual returns with W-2 wages (not all W-2 forms; non-filers excluded). Elective deferral = W-2 box 12 codes D,E,F,G,H,S,AA,BB,EE. rp_box_checked = W-2 box 13 retirement plan indicator (includes DB and employer-only DC). Covers private AND public employers. Wage bins are nominal dollars."
2015,wage income size,"$40,000 under $50,000",14230533,6995717,49.2,8762806,61.6,9487023,66.7,17.5,"IRS SOI Form W-2 statistics, Table 3.A (TY2015), https://www.irs.gov/pub/irs-soi/18inallw2.xls","Computed: pct = count / taxpayers_with_wages. Unit = primary/secondary taxpayers on filed individual returns with W-2 wages (not all W-2 forms; non-filers excluded). Elective deferral = W-2 box 12 codes D,E,F,G,H,S,AA,BB,EE. rp_box_checked = W-2 box 13 retirement plan indicator (includes DB and employer-only DC). Covers private AND public employers. Wage bins are nominal dollars."
2016,wage income size,"$40,000 under $50,000",14434503,7205859,49.9,8867398,61.4,9568882,66.3,16.4,"IRS SOI Form W-2 statistics, Table 3.A (TY2016), https://www.irs.gov/pub/irs-soi/18inallw2.xls","Computed: pct = count / taxpayers_with_wages. Unit = primary/secondary taxpayers on filed individual returns with W-2 wages (not all W-2 forms; non-filers excluded). Elective deferral = W-2 box 12 codes D,E,F,G,H,S,AA,BB,EE. rp_box_checked = W-2 box 13 retirement plan indicator (includes DB and employer-only DC). Covers private AND public employers. Wage bins are nominal dollars."
2017,wage income size,"$40,000 under $50,000",14765079,7494635,50.8,8928728,60.5,9730504,65.9,15.1,"IRS SOI Form W-2 statistics, Table 3.A (TY2017), https://www.irs.gov/pub/irs-soi/18inallw2.xls","Computed: pct = count / taxpayers_with_wages. Unit = primary/secondary taxpayers on filed individual returns with W-2 wages (not all W-2 forms; non-filers excluded). Elective deferral = W-2 box 12 codes D,E,F,G,H,S,AA,BB,EE. rp_box_checked = W-2 box 13 retirement plan indicator (includes DB and employer-only DC). Covers private AND public employers. Wage bins are nominal dollars."
2018,wage income size,"$40,000 under $50,000",14836774,7717204,52.0,9146122,61.6,9939375,67.0,15.0,"IRS SOI Form W-2 statistics, Table 3.A (TY2018), https://www.irs.gov/pub/irs-soi/18inallw2.xls","Computed: pct = count / taxpayers_with_wages. Unit = primary/secondary taxpayers on filed individual returns with W-2 wages (not all W-2 forms; non-filers excluded). Elective deferral = W-2 box 12 codes D,E,F,G,H,S,AA,BB,EE. rp_box_checked = W-2 box 13 retirement plan indicator (includes DB and employer-only DC). Covers private AND public employers. Wage bins are nominal dollars."
2019,wage income size,"$40,000 under $50,000",15277074,7900435,51.7,9272723,60.7,10101942,66.1,14.4,"IRS SOI Form W-2 statistics, Table 3.A (TY2019), https://www.irs.gov/pub/irs-soi/19in03w2all.xlsx","Computed: pct = count / taxpayers_with_wages. Unit = primary/secondary taxpayers on filed individual returns with W-2 wages (not all W-2 forms; non-filers excluded). Elective deferral = W-2 box 12 codes D,E,F,G,H,S,AA,BB,EE. rp_box_checked = W-2 box 13 retirement plan indicator (includes DB and employer-only DC). Covers private AND public employers. Wage bins are nominal dollars."
2020,wage income size,"$40,000 under $50,000",14645111,7623427,52.1,9002820,61.5,9758076,66.6,14.6,"IRS SOI Form W-2 statistics, Table 3.A (TY2020), https://www.irs.gov/pub/irs-soi/20in03w2all.xlsx","Computed: pct = count / taxpayers_with_wages. Unit = primary/secondary taxpayers on filed individual returns with W-2 wages (not all W-2 forms; non-filers excluded). Elective deferral = W-2 box 12 codes D,E,F,G,H,S,AA,BB,EE. rp_box_checked = W-2 box 13 retirement plan indicator (includes DB and employer-only DC). Covers private AND public employers. Wage bins are nominal dollars."
2008,wage income size,"$50,000 under $75,000",18924607,11217467,59.3,13838025,73.1,14633125,77.3,18.0,"IRS SOI Form W-2 statistics, Table 3.A (TY2008), https://www.irs.gov/pub/irs-soi/18inallw2.xls","Computed: pct = count / taxpayers_with_wages. Unit = primary/secondary taxpayers on filed individual returns with W-2 wages (not all W-2 forms; non-filers excluded). Elective deferral = W-2 box 12 codes D,E,F,G,H,S,AA,BB,EE. rp_box_checked = W-2 box 13 retirement plan indicator (includes DB and employer-only DC). Covers private AND public employers. Wage bins are nominal dollars."
2009,wage income size,"$50,000 under $75,000",18359632,10690919,58.2,13444794,73.2,14198094,77.3,19.1,"IRS SOI Form W-2 statistics, Table 3.A (TY2009), https://www.irs.gov/pub/irs-soi/18inallw2.xls","Computed: pct = count / taxpayers_with_wages. Unit = primary/secondary taxpayers on filed individual returns with W-2 wages (not all W-2 forms; non-filers excluded). Elective deferral = W-2 box 12 codes D,E,F,G,H,S,AA,BB,EE. rp_box_checked = W-2 box 13 retirement plan indicator (includes DB and employer-only DC). Covers private AND public employers. Wage bins are nominal dollars."
2010,wage income size,"$50,000 under $75,000",18396322,10522227,57.2,13211908,71.8,14054676,76.4,19.2,"IRS SOI Form W-2 statistics, Table 3.A (TY2010), https://www.irs.gov/pub/irs-soi/18inallw2.xls","Computed: pct = count / taxpayers_with_wages. Unit = primary/secondary taxpayers on filed individual returns with W-2 wages (not all W-2 forms; non-filers excluded). Elective deferral = W-2 box 12 codes D,E,F,G,H,S,AA,BB,EE. rp_box_checked = W-2 box 13 retirement plan indicator (includes DB and employer-only DC). Covers private AND public employers. Wage bins are nominal dollars."
2011,wage income size,"$50,000 under $75,000",18748883,10810953,57.7,13381097,71.4,14216233,75.8,18.2,"IRS SOI Form W-2 statistics, Table 3.A (TY2011), https://www.irs.gov/pub/irs-soi/18inallw2.xls","Computed: pct = count / taxpayers_with_wages. Unit = primary/secondary taxpayers on filed individual returns with W-2 wages (not all W-2 forms; non-filers excluded). Elective deferral = W-2 box 12 codes D,E,F,G,H,S,AA,BB,EE. rp_box_checked = W-2 box 13 retirement plan indicator (includes DB and employer-only DC). Covers private AND public employers. Wage bins are nominal dollars."
2012,wage income size,"$50,000 under $75,000",19176258,11132268,58.1,13649978,71.2,14492834,75.6,17.5,"IRS SOI Form W-2 statistics, Table 3.A (TY2012), https://www.irs.gov/pub/irs-soi/18inallw2.xls","Computed: pct = count / taxpayers_with_wages. Unit = primary/secondary taxpayers on filed individual returns with W-2 wages (not all W-2 forms; non-filers excluded). Elective deferral = W-2 box 12 codes D,E,F,G,H,S,AA,BB,EE. rp_box_checked = W-2 box 13 retirement plan indicator (includes DB and employer-only DC). Covers private AND public employers. Wage bins are nominal dollars."
2013,wage income size,"$50,000 under $75,000",19912039,11529319,57.9,13974956,70.2,14850409,74.6,16.7,"IRS SOI Form W-2 statistics, Table 3.A (TY2013), https://www.irs.gov/pub/irs-soi/18inallw2.xls","Computed: pct = count / taxpayers_with_wages. Unit = primary/secondary taxpayers on filed individual returns with W-2 wages (not all W-2 forms; non-filers excluded). Elective deferral = W-2 box 12 codes D,E,F,G,H,S,AA,BB,EE. rp_box_checked = W-2 box 13 retirement plan indicator (includes DB and employer-only DC). Covers private AND public employers. Wage bins are nominal dollars."
2014,wage income size,"$50,000 under $75,000",20454649,12002805,58.7,14397611,70.4,15384826,75.2,16.5,"IRS SOI Form W-2 statistics, Table 3.A (TY2014), https://www.irs.gov/pub/irs-soi/18inallw2.xls","Computed: pct = count / taxpayers_with_wages. Unit = primary/secondary taxpayers on filed individual returns with W-2 wages (not all W-2 forms; non-filers excluded). Elective deferral = W-2 box 12 codes D,E,F,G,H,S,AA,BB,EE. rp_box_checked = W-2 box 13 retirement plan indicator (includes DB and employer-only DC). Covers private AND public employers. Wage bins are nominal dollars."
2015,wage income size,"$50,000 under $75,000",21396990,12573328,58.8,14891547,69.6,15953894,74.6,15.8,"IRS SOI Form W-2 statistics, Table 3.A (TY2015), https://www.irs.gov/pub/irs-soi/18inallw2.xls","Computed: pct = count / taxpayers_with_wages. Unit = primary/secondary taxpayers on filed individual returns with W-2 wages (not all W-2 forms; non-filers excluded). Elective deferral = W-2 box 12 codes D,E,F,G,H,S,AA,BB,EE. rp_box_checked = W-2 box 13 retirement plan indicator (includes DB and employer-only DC). Covers private AND public employers. Wage bins are nominal dollars."
2016,wage income size,"$50,000 under $75,000",21768908,13049094,59.9,15267843,70.1,16330181,75.0,15.1,"IRS SOI Form W-2 statistics, Table 3.A (TY2016), https://www.irs.gov/pub/irs-soi/18inallw2.xls","Computed: pct = count / taxpayers_with_wages. Unit = primary/secondary taxpayers on filed individual returns with W-2 wages (not all W-2 forms; non-filers excluded). Elective deferral = W-2 box 12 codes D,E,F,G,H,S,AA,BB,EE. rp_box_checked = W-2 box 13 retirement plan indicator (includes DB and employer-only DC). Covers private AND public employers. Wage bins are nominal dollars."
2017,wage income size,"$50,000 under $75,000",22836445,13632135,59.7,15625383,68.4,16931425,74.1,14.4,"IRS SOI Form W-2 statistics, Table 3.A (TY2017), https://www.irs.gov/pub/irs-soi/18inallw2.xls","Computed: pct = count / taxpayers_with_wages. Unit = primary/secondary taxpayers on filed individual returns with W-2 wages (not all W-2 forms; non-filers excluded). Elective deferral = W-2 box 12 codes D,E,F,G,H,S,AA,BB,EE. rp_box_checked = W-2 box 13 retirement plan indicator (includes DB and employer-only DC). Covers private AND public employers. Wage bins are nominal dollars."
2018,wage income size,"$50,000 under $75,000",23398242,14227507,60.8,16278523,69.6,17581916,75.1,14.3,"IRS SOI Form W-2 statistics, Table 3.A (TY2018), https://www.irs.gov/pub/irs-soi/18inallw2.xls","Computed: pct = count / taxpayers_with_wages. Unit = primary/secondary taxpayers on filed individual returns with W-2 wages (not all W-2 forms; non-filers excluded). Elective deferral = W-2 box 12 codes D,E,F,G,H,S,AA,BB,EE. rp_box_checked = W-2 box 13 retirement plan indicator (includes DB and employer-only DC). Covers private AND public employers. Wage bins are nominal dollars."
2019,wage income size,"$50,000 under $75,000",24397300,14694878,60.2,16803125,68.9,18119277,74.3,14.0,"IRS SOI Form W-2 statistics, Table 3.A (TY2019), https://www.irs.gov/pub/irs-soi/19in03w2all.xlsx","Computed: pct = count / taxpayers_with_wages. Unit = primary/secondary taxpayers on filed individual returns with W-2 wages (not all W-2 forms; non-filers excluded). Elective deferral = W-2 box 12 codes D,E,F,G,H,S,AA,BB,EE. rp_box_checked = W-2 box 13 retirement plan indicator (includes DB and employer-only DC). Covers private AND public employers. Wage bins are nominal dollars."
2020,wage income size,"$50,000 under $75,000",24061637,14609074,60.7,16756570,69.6,18006197,74.8,14.1,"IRS SOI Form W-2 statistics, Table 3.A (TY2020), https://www.irs.gov/pub/irs-soi/20in03w2all.xlsx","Computed: pct = count / taxpayers_with_wages. Unit = primary/secondary taxpayers on filed individual returns with W-2 wages (not all W-2 forms; non-filers excluded). Elective deferral = W-2 box 12 codes D,E,F,G,H,S,AA,BB,EE. rp_box_checked = W-2 box 13 retirement plan indicator (includes DB and employer-only DC). Covers private AND public employers. Wage bins are nominal dollars."
2008,wage income size,"$75,000 under $100,000",7502631,5130186,68.4,5918654,78.9,6238885,83.2,14.8,"IRS SOI Form W-2 statistics, Table 3.A (TY2008), https://www.irs.gov/pub/irs-soi/18inallw2.xls","Computed: pct = count / taxpayers_with_wages. Unit = primary/secondary taxpayers on filed individual returns with W-2 wages (not all W-2 forms; non-filers excluded). Elective deferral = W-2 box 12 codes D,E,F,G,H,S,AA,BB,EE. rp_box_checked = W-2 box 13 retirement plan indicator (includes DB and employer-only DC). Covers private AND public employers. Wage bins are nominal dollars."
2009,wage income size,"$75,000 under $100,000",7432150,4986889,67.1,5898916,79.4,6188830,83.3,16.2,"IRS SOI Form W-2 statistics, Table 3.A (TY2009), https://www.irs.gov/pub/irs-soi/18inallw2.xls","Computed: pct = count / taxpayers_with_wages. Unit = primary/secondary taxpayers on filed individual returns with W-2 wages (not all W-2 forms; non-filers excluded). Elective deferral = W-2 box 12 codes D,E,F,G,H,S,AA,BB,EE. rp_box_checked = W-2 box 13 retirement plan indicator (includes DB and employer-only DC). Covers private AND public employers. Wage bins are nominal dollars."
2010,wage income size,"$75,000 under $100,000",7574968,5059079,66.8,5983162,79.0,6283411,82.9,16.2,"IRS SOI Form W-2 statistics, Table 3.A (TY2010), https://www.irs.gov/pub/irs-soi/18inallw2.xls","Computed: pct = count / taxpayers_with_wages. Unit = primary/secondary taxpayers on filed individual returns with W-2 wages (not all W-2 forms; non-filers excluded). Elective deferral = W-2 box 12 codes D,E,F,G,H,S,AA,BB,EE. rp_box_checked = W-2 box 13 retirement plan indicator (includes DB and employer-only DC). Covers private AND public employers. Wage bins are nominal dollars."
2011,wage income size,"$75,000 under $100,000",8017079,5300820,66.1,6199200,77.3,6537132,81.5,15.4,"IRS SOI Form W-2 statistics, Table 3.A (TY2011), https://www.irs.gov/pub/irs-soi/18inallw2.xls","Computed: pct = count / taxpayers_with_wages. Unit = primary/secondary taxpayers on filed individual returns with W-2 wages (not all W-2 forms; non-filers excluded). Elective deferral = W-2 box 12 codes D,E,F,G,H,S,AA,BB,EE. rp_box_checked = W-2 box 13 retirement plan indicator (includes DB and employer-only DC). Covers private AND public employers. Wage bins are nominal dollars."
2012,wage income size,"$75,000 under $100,000",8551314,5752073,67.3,6628166,77.5,6987573,81.7,14.4,"IRS SOI Form W-2 statistics, Table 3.A (TY2012), https://www.irs.gov/pub/irs-soi/18inallw2.xls","Computed: pct = count / taxpayers_with_wages. Unit = primary/secondary taxpayers on filed individual returns with W-2 wages (not all W-2 forms; non-filers excluded). Elective deferral = W-2 box 12 codes D,E,F,G,H,S,AA,BB,EE. rp_box_checked = W-2 box 13 retirement plan indicator (includes DB and employer-only DC). Covers private AND public employers. Wage bins are nominal dollars."
2013,wage income size,"$75,000 under $100,000",8769707,5864155,66.9,6738001,76.8,7084305,80.8,13.9,"IRS SOI Form W-2 statistics, Table 3.A (TY2013), https://www.irs.gov/pub/irs-soi/18inallw2.xls","Computed: pct = count / taxpayers_with_wages. Unit = primary/secondary taxpayers on filed individual returns with W-2 wages (not all W-2 forms; non-filers excluded). Elective deferral = W-2 box 12 codes D,E,F,G,H,S,AA,BB,EE. rp_box_checked = W-2 box 13 retirement plan indicator (includes DB and employer-only DC). Covers private AND public employers. Wage bins are nominal dollars."
2014,wage income size,"$75,000 under $100,000",9476612,6397743,67.5,7145827,75.4,7615045,80.4,12.8,"IRS SOI Form W-2 statistics, Table 3.A (TY2014), https://www.irs.gov/pub/irs-soi/18inallw2.xls","Computed: pct = count / taxpayers_with_wages. Unit = primary/secondary taxpayers on filed individual returns with W-2 wages (not all W-2 forms; non-filers excluded). Elective deferral = W-2 box 12 codes D,E,F,G,H,S,AA,BB,EE. rp_box_checked = W-2 box 13 retirement plan indicator (includes DB and employer-only DC). Covers private AND public employers. Wage bins are nominal dollars."
2015,wage income size,"$75,000 under $100,000",9950170,6784633,68.2,7580343,76.2,8103364,81.4,13.3,"IRS SOI Form W-2 statistics, Table 3.A (TY2015), https://www.irs.gov/pub/irs-soi/18inallw2.xls","Computed: pct = count / taxpayers_with_wages. Unit = primary/secondary taxpayers on filed individual returns with W-2 wages (not all W-2 forms; non-filers excluded). Elective deferral = W-2 box 12 codes D,E,F,G,H,S,AA,BB,EE. rp_box_checked = W-2 box 13 retirement plan indicator (includes DB and employer-only DC). Covers private AND public employers. Wage bins are nominal dollars."
2016,wage income size,"$75,000 under $100,000",10175972,7020531,69.0,7826123,76.9,8324886,81.8,12.8,"IRS SOI Form W-2 statistics, Table 3.A (TY2016), https://www.irs.gov/pub/irs-soi/18inallw2.xls","Computed: pct = count / taxpayers_with_wages. Unit = primary/secondary taxpayers on filed individual returns with W-2 wages (not all W-2 forms; non-filers excluded). Elective deferral = W-2 box 12 codes D,E,F,G,H,S,AA,BB,EE. rp_box_checked = W-2 box 13 retirement plan indicator (includes DB and employer-only DC). Covers private AND public employers. Wage bins are nominal dollars."
2017,wage income size,"$75,000 under $100,000",10763810,7469588,69.4,8186028,76.1,8770367,81.5,12.1,"IRS SOI Form W-2 statistics, Table 3.A (TY2017), https://www.irs.gov/pub/irs-soi/18inallw2.xls","Computed: pct = count / taxpayers_with_wages. Unit = primary/secondary taxpayers on filed individual returns with W-2 wages (not all W-2 forms; non-filers excluded). Elective deferral = W-2 box 12 codes D,E,F,G,H,S,AA,BB,EE. rp_box_checked = W-2 box 13 retirement plan indicator (includes DB and employer-only DC). Covers private AND public employers. Wage bins are nominal dollars."
2018,wage income size,"$75,000 under $100,000",11359739,7901840,69.6,8613807,75.8,9245107,81.4,11.8,"IRS SOI Form W-2 statistics, Table 3.A (TY2018), https://www.irs.gov/pub/irs-soi/18inallw2.xls","Computed: pct = count / taxpayers_with_wages. Unit = primary/secondary taxpayers on filed individual returns with W-2 wages (not all W-2 forms; non-filers excluded). Elective deferral = W-2 box 12 codes D,E,F,G,H,S,AA,BB,EE. rp_box_checked = W-2 box 13 retirement plan indicator (includes DB and employer-only DC). Covers private AND public employers. Wage bins are nominal dollars."
2019,wage income size,"$75,000 under $100,000",11770424,8156168,69.3,8909961,75.7,9543548,81.1,11.8,"IRS SOI Form W-2 statistics, Table 3.A (TY2019), https://www.irs.gov/pub/irs-soi/19in03w2all.xlsx","Computed: pct = count / taxpayers_with_wages. Unit = primary/secondary taxpayers on filed individual returns with W-2 wages (not all W-2 forms; non-filers excluded). Elective deferral = W-2 box 12 codes D,E,F,G,H,S,AA,BB,EE. rp_box_checked = W-2 box 13 retirement plan indicator (includes DB and employer-only DC). Covers private AND public employers. Wage bins are nominal dollars."
2020,wage income size,"$75,000 under $100,000",11940113,8390607,70.3,9164428,76.8,9778311,81.9,11.6,"IRS SOI Form W-2 statistics, Table 3.A (TY2020), https://www.irs.gov/pub/irs-soi/20in03w2all.xlsx","Computed: pct = count / taxpayers_with_wages. Unit = primary/secondary taxpayers on filed individual returns with W-2 wages (not all W-2 forms; non-filers excluded). Elective deferral = W-2 box 12 codes D,E,F,G,H,S,AA,BB,EE. rp_box_checked = W-2 box 13 retirement plan indicator (includes DB and employer-only DC). Covers private AND public employers. Wage bins are nominal dollars."
2008,wage income size,"$100,000 under $200,000",6215299,4532942,72.9,4982024,80.2,5230293,84.2,11.2,"IRS SOI Form W-2 statistics, Table 3.A (TY2008), https://www.irs.gov/pub/irs-soi/18inallw2.xls","Computed: pct = count / taxpayers_with_wages. Unit = primary/secondary taxpayers on filed individual returns with W-2 wages (not all W-2 forms; non-filers excluded). Elective deferral = W-2 box 12 codes D,E,F,G,H,S,AA,BB,EE. rp_box_checked = W-2 box 13 retirement plan indicator (includes DB and employer-only DC). Covers private AND public employers. Wage bins are nominal dollars."
2009,wage income size,"$100,000 under $200,000",6217303,4520097,72.7,5029895,80.9,5254053,84.5,11.8,"IRS SOI Form W-2 statistics, Table 3.A (TY2009), https://www.irs.gov/pub/irs-soi/18inallw2.xls","Computed: pct = count / taxpayers_with_wages. Unit = primary/secondary taxpayers on filed individual returns with W-2 wages (not all W-2 forms; non-filers excluded). Elective deferral = W-2 box 12 codes D,E,F,G,H,S,AA,BB,EE. rp_box_checked = W-2 box 13 retirement plan indicator (includes DB and employer-only DC). Covers private AND public employers. Wage bins are nominal dollars."
2010,wage income size,"$100,000 under $200,000",6427592,4660780,72.5,5124374,79.7,5396197,84.0,11.4,"IRS SOI Form W-2 statistics, Table 3.A (TY2010), https://www.irs.gov/pub/irs-soi/18inallw2.xls","Computed: pct = count / taxpayers_with_wages. Unit = primary/secondary taxpayers on filed individual returns with W-2 wages (not all W-2 forms; non-filers excluded). Elective deferral = W-2 box 12 codes D,E,F,G,H,S,AA,BB,EE. rp_box_checked = W-2 box 13 retirement plan indicator (includes DB and employer-only DC). Covers private AND public employers. Wage bins are nominal dollars."
2011,wage income size,"$100,000 under $200,000",7053734,5133882,72.8,5611660,79.6,5906305,83.7,11.0,"IRS SOI Form W-2 statistics, Table 3.A (TY2011), https://www.irs.gov/pub/irs-soi/18inallw2.xls","Computed: pct = count / taxpayers_with_wages. Unit = primary/secondary taxpayers on filed individual returns with W-2 wages (not all W-2 forms; non-filers excluded). Elective deferral = W-2 box 12 codes D,E,F,G,H,S,AA,BB,EE. rp_box_checked = W-2 box 13 retirement plan indicator (includes DB and employer-only DC). Covers private AND public employers. Wage bins are nominal dollars."
2012,wage income size,"$100,000 under $200,000",7476645,5456717,73.0,5915000,79.1,6220323,83.2,10.2,"IRS SOI Form W-2 statistics, Table 3.A (TY2012), https://www.irs.gov/pub/irs-soi/18inallw2.xls","Computed: pct = count / taxpayers_with_wages. Unit = primary/secondary taxpayers on filed individual returns with W-2 wages (not all W-2 forms; non-filers excluded). Elective deferral = W-2 box 12 codes D,E,F,G,H,S,AA,BB,EE. rp_box_checked = W-2 box 13 retirement plan indicator (includes DB and employer-only DC). Covers private AND public employers. Wage bins are nominal dollars."
2013,wage income size,"$100,000 under $200,000",7919091,5845085,73.8,6296888,79.5,6624589,83.7,9.8,"IRS SOI Form W-2 statistics, Table 3.A (TY2013), https://www.irs.gov/pub/irs-soi/18inallw2.xls","Computed: pct = count / taxpayers_with_wages. Unit = primary/secondary taxpayers on filed individual returns with W-2 wages (not all W-2 forms; non-filers excluded). Elective deferral = W-2 box 12 codes D,E,F,G,H,S,AA,BB,EE. rp_box_checked = W-2 box 13 retirement plan indicator (includes DB and employer-only DC). Covers private AND public employers. Wage bins are nominal dollars."
2014,wage income size,"$100,000 under $200,000",8573917,6324427,73.8,6791032,79.2,7162062,83.5,9.8,"IRS SOI Form W-2 statistics, Table 3.A (TY2014), https://www.irs.gov/pub/irs-soi/18inallw2.xls","Computed: pct = count / taxpayers_with_wages. Unit = primary/secondary taxpayers on filed individual returns with W-2 wages (not all W-2 forms; non-filers excluded). Elective deferral = W-2 box 12 codes D,E,F,G,H,S,AA,BB,EE. rp_box_checked = W-2 box 13 retirement plan indicator (includes DB and employer-only DC). Covers private AND public employers. Wage bins are nominal dollars."
2015,wage income size,"$100,000 under $200,000",9386714,7011332,74.7,7465582,79.5,7880234,84.0,9.3,"IRS SOI Form W-2 statistics, Table 3.A (TY2015), https://www.irs.gov/pub/irs-soi/18inallw2.xls","Computed: pct = count / taxpayers_with_wages. Unit = primary/secondary taxpayers on filed individual returns with W-2 wages (not all W-2 forms; non-filers excluded). Elective deferral = W-2 box 12 codes D,E,F,G,H,S,AA,BB,EE. rp_box_checked = W-2 box 13 retirement plan indicator (includes DB and employer-only DC). Covers private AND public employers. Wage bins are nominal dollars."
2016,wage income size,"$100,000 under $200,000",9797784,7374228,75.3,7833266,79.9,8244977,84.2,8.9,"IRS SOI Form W-2 statistics, Table 3.A (TY2016), https://www.irs.gov/pub/irs-soi/18inallw2.xls","Computed: pct = count / taxpayers_with_wages. Unit = primary/secondary taxpayers on filed individual returns with W-2 wages (not all W-2 forms; non-filers excluded). Elective deferral = W-2 box 12 codes D,E,F,G,H,S,AA,BB,EE. rp_box_checked = W-2 box 13 retirement plan indicator (includes DB and employer-only DC). Covers private AND public employers. Wage bins are nominal dollars."
2017,wage income size,"$100,000 under $200,000",10521685,8030911,76.3,8451381,80.3,8932666,84.9,8.6,"IRS SOI Form W-2 statistics, Table 3.A (TY2017), https://www.irs.gov/pub/irs-soi/18inallw2.xls","Computed: pct = count / taxpayers_with_wages. Unit = primary/secondary taxpayers on filed individual returns with W-2 wages (not all W-2 forms; non-filers excluded). Elective deferral = W-2 box 12 codes D,E,F,G,H,S,AA,BB,EE. rp_box_checked = W-2 box 13 retirement plan indicator (includes DB and employer-only DC). Covers private AND public employers. Wage bins are nominal dollars."
2018,wage income size,"$100,000 under $200,000",11304827,8735866,77.3,9134687,80.8,9673222,85.6,8.3,"IRS SOI Form W-2 statistics, Table 3.A (TY2018), https://www.irs.gov/pub/irs-soi/18inallw2.xls","Computed: pct = count / taxpayers_with_wages. Unit = primary/secondary taxpayers on filed individual returns with W-2 wages (not all W-2 forms; non-filers excluded). Elective deferral = W-2 box 12 codes D,E,F,G,H,S,AA,BB,EE. rp_box_checked = W-2 box 13 retirement plan indicator (includes DB and employer-only DC). Covers private AND public employers. Wage bins are nominal dollars."
2019,wage income size,"$100,000 under $200,000",12000141,9270927,77.3,9676233,80.6,10290958,85.8,8.5,"IRS SOI Form W-2 statistics, Table 3.A (TY2019), https://www.irs.gov/pub/irs-soi/19in03w2all.xlsx","Computed: pct = count / taxpayers_with_wages. Unit = primary/secondary taxpayers on filed individual returns with W-2 wages (not all W-2 forms; non-filers excluded). Elective deferral = W-2 box 12 codes D,E,F,G,H,S,AA,BB,EE. rp_box_checked = W-2 box 13 retirement plan indicator (includes DB and employer-only DC). Covers private AND public employers. Wage bins are nominal dollars."
2020,wage income size,"$100,000 under $200,000",12544378,9787819,78.0,10185608,81.2,10815105,86.2,8.2,"IRS SOI Form W-2 statistics, Table 3.A (TY2020), https://www.irs.gov/pub/irs-soi/20in03w2all.xlsx","Computed: pct = count / taxpayers_with_wages. Unit = primary/secondary taxpayers on filed individual returns with W-2 wages (not all W-2 forms; non-filers excluded). Elective deferral = W-2 box 12 codes D,E,F,G,H,S,AA,BB,EE. rp_box_checked = W-2 box 13 retirement plan indicator (includes DB and employer-only DC). Covers private AND public employers. Wage bins are nominal dollars."
2008,wage income size,"$200,000 under $500,000",1452785,1091009,75.1,1179756,81.2,1227804,84.5,9.4,"IRS SOI Form W-2 statistics, Table 3.A (TY2008), https://www.irs.gov/pub/irs-soi/18inallw2.xls","Computed: pct = count / taxpayers_with_wages. Unit = primary/secondary taxpayers on filed individual returns with W-2 wages (not all W-2 forms; non-filers excluded). Elective deferral = W-2 box 12 codes D,E,F,G,H,S,AA,BB,EE. rp_box_checked = W-2 box 13 retirement plan indicator (includes DB and employer-only DC). Covers private AND public employers. Wage bins are nominal dollars."
2009,wage income size,"$200,000 under $500,000",1383063,1022946,74.0,1126222,81.4,1168414,84.5,10.5,"IRS SOI Form W-2 statistics, Table 3.A (TY2009), https://www.irs.gov/pub/irs-soi/18inallw2.xls","Computed: pct = count / taxpayers_with_wages. Unit = primary/secondary taxpayers on filed individual returns with W-2 wages (not all W-2 forms; non-filers excluded). Elective deferral = W-2 box 12 codes D,E,F,G,H,S,AA,BB,EE. rp_box_checked = W-2 box 13 retirement plan indicator (includes DB and employer-only DC). Covers private AND public employers. Wage bins are nominal dollars."
2010,wage income size,"$200,000 under $500,000",1477010,1100260,74.5,1198009,81.1,1249009,84.6,10.1,"IRS SOI Form W-2 statistics, Table 3.A (TY2010), https://www.irs.gov/pub/irs-soi/18inallw2.xls","Computed: pct = count / taxpayers_with_wages. Unit = primary/secondary taxpayers on filed individual returns with W-2 wages (not all W-2 forms; non-filers excluded). Elective deferral = W-2 box 12 codes D,E,F,G,H,S,AA,BB,EE. rp_box_checked = W-2 box 13 retirement plan indicator (includes DB and employer-only DC). Covers private AND public employers. Wage bins are nominal dollars."
2011,wage income size,"$200,000 under $500,000",1627997,1240894,76.2,1333163,81.9,1396202,85.8,9.5,"IRS SOI Form W-2 statistics, Table 3.A (TY2011), https://www.irs.gov/pub/irs-soi/18inallw2.xls","Computed: pct = count / taxpayers_with_wages. Unit = primary/secondary taxpayers on filed individual returns with W-2 wages (not all W-2 forms; non-filers excluded). Elective deferral = W-2 box 12 codes D,E,F,G,H,S,AA,BB,EE. rp_box_checked = W-2 box 13 retirement plan indicator (includes DB and employer-only DC). Covers private AND public employers. Wage bins are nominal dollars."
2012,wage income size,"$200,000 under $500,000",1786528,1380611,77.3,1467114,82.1,1533751,85.9,8.6,"IRS SOI Form W-2 statistics, Table 3.A (TY2012), https://www.irs.gov/pub/irs-soi/18inallw2.xls","Computed: pct = count / taxpayers_with_wages. Unit = primary/secondary taxpayers on filed individual returns with W-2 wages (not all W-2 forms; non-filers excluded). Elective deferral = W-2 box 12 codes D,E,F,G,H,S,AA,BB,EE. rp_box_checked = W-2 box 13 retirement plan indicator (includes DB and employer-only DC). Covers private AND public employers. Wage bins are nominal dollars."
2013,wage income size,"$200,000 under $500,000",1907000,1486321,77.9,1566759,82.2,1640437,86.0,8.1,"IRS SOI Form W-2 statistics, Table 3.A (TY2013), https://www.irs.gov/pub/irs-soi/18inallw2.xls","Computed: pct = count / taxpayers_with_wages. Unit = primary/secondary taxpayers on filed individual returns with W-2 wages (not all W-2 forms; non-filers excluded). Elective deferral = W-2 box 12 codes D,E,F,G,H,S,AA,BB,EE. rp_box_checked = W-2 box 13 retirement plan indicator (includes DB and employer-only DC). Covers private AND public employers. Wage bins are nominal dollars."
2014,wage income size,"$200,000 under $500,000",2037144,1607967,78.9,1680458,82.5,1754358,86.1,7.2,"IRS SOI Form W-2 statistics, Table 3.A (TY2014), https://www.irs.gov/pub/irs-soi/18inallw2.xls","Computed: pct = count / taxpayers_with_wages. Unit = primary/secondary taxpayers on filed individual returns with W-2 wages (not all W-2 forms; non-filers excluded). Elective deferral = W-2 box 12 codes D,E,F,G,H,S,AA,BB,EE. rp_box_checked = W-2 box 13 retirement plan indicator (includes DB and employer-only DC). Covers private AND public employers. Wage bins are nominal dollars."
2015,wage income size,"$200,000 under $500,000",2263207,1808279,79.9,1880211,83.1,1968125,87.0,7.1,"IRS SOI Form W-2 statistics, Table 3.A (TY2015), https://www.irs.gov/pub/irs-soi/18inallw2.xls","Computed: pct = count / taxpayers_with_wages. Unit = primary/secondary taxpayers on filed individual returns with W-2 wages (not all W-2 forms; non-filers excluded). Elective deferral = W-2 box 12 codes D,E,F,G,H,S,AA,BB,EE. rp_box_checked = W-2 box 13 retirement plan indicator (includes DB and employer-only DC). Covers private AND public employers. Wage bins are nominal dollars."
2016,wage income size,"$200,000 under $500,000",2381942,1914435,80.4,1987636,83.4,2074994,87.1,6.7,"IRS SOI Form W-2 statistics, Table 3.A (TY2016), https://www.irs.gov/pub/irs-soi/18inallw2.xls","Computed: pct = count / taxpayers_with_wages. Unit = primary/secondary taxpayers on filed individual returns with W-2 wages (not all W-2 forms; non-filers excluded). Elective deferral = W-2 box 12 codes D,E,F,G,H,S,AA,BB,EE. rp_box_checked = W-2 box 13 retirement plan indicator (includes DB and employer-only DC). Covers private AND public employers. Wage bins are nominal dollars."
2017,wage income size,"$200,000 under $500,000",2569350,2103670,81.9,2165119,84.3,2269961,88.3,6.5,"IRS SOI Form W-2 statistics, Table 3.A (TY2017), https://www.irs.gov/pub/irs-soi/18inallw2.xls","Computed: pct = count / taxpayers_with_wages. Unit = primary/secondary taxpayers on filed individual returns with W-2 wages (not all W-2 forms; non-filers excluded). Elective deferral = W-2 box 12 codes D,E,F,G,H,S,AA,BB,EE. rp_box_checked = W-2 box 13 retirement plan indicator (includes DB and employer-only DC). Covers private AND public employers. Wage bins are nominal dollars."
2018,wage income size,"$200,000 under $500,000",2798839,2313568,82.7,2370255,84.7,2476665,88.5,5.8,"IRS SOI Form W-2 statistics, Table 3.A (TY2018), https://www.irs.gov/pub/irs-soi/18inallw2.xls","Computed: pct = count / taxpayers_with_wages. Unit = primary/secondary taxpayers on filed individual returns with W-2 wages (not all W-2 forms; non-filers excluded). Elective deferral = W-2 box 12 codes D,E,F,G,H,S,AA,BB,EE. rp_box_checked = W-2 box 13 retirement plan indicator (includes DB and employer-only DC). Covers private AND public employers. Wage bins are nominal dollars."
2019,wage income size,"$200,000 under $500,000",3056046,2547836,83.4,2599884,85.1,2726181,89.2,5.8,"IRS SOI Form W-2 statistics, Table 3.A (TY2019), https://www.irs.gov/pub/irs-soi/19in03w2all.xlsx","Computed: pct = count / taxpayers_with_wages. Unit = primary/secondary taxpayers on filed individual returns with W-2 wages (not all W-2 forms; non-filers excluded). Elective deferral = W-2 box 12 codes D,E,F,G,H,S,AA,BB,EE. rp_box_checked = W-2 box 13 retirement plan indicator (includes DB and employer-only DC). Covers private AND public employers. Wage bins are nominal dollars."
2020,wage income size,"$200,000 under $500,000",3215115,2714407,84.4,2752662,85.6,2885915,89.8,5.3,"IRS SOI Form W-2 statistics, Table 3.A (TY2020), https://www.irs.gov/pub/irs-soi/20in03w2all.xlsx","Computed: pct = count / taxpayers_with_wages. Unit = primary/secondary taxpayers on filed individual returns with W-2 wages (not all W-2 forms; non-filers excluded). Elective deferral = W-2 box 12 codes D,E,F,G,H,S,AA,BB,EE. rp_box_checked = W-2 box 13 retirement plan indicator (includes DB and employer-only DC). Covers private AND public employers. Wage bins are nominal dollars."
2008,wage income size,"$500,000 under $1,000,000",227969,171583,75.3,188352,82.6,195273,85.7,10.4,"IRS SOI Form W-2 statistics, Table 3.A (TY2008), https://www.irs.gov/pub/irs-soi/18inallw2.xls","Computed: pct = count / taxpayers_with_wages. Unit = primary/secondary taxpayers on filed individual returns with W-2 wages (not all W-2 forms; non-filers excluded). Elective deferral = W-2 box 12 codes D,E,F,G,H,S,AA,BB,EE. rp_box_checked = W-2 box 13 retirement plan indicator (includes DB and employer-only DC). Covers private AND public employers. Wage bins are nominal dollars."
2009,wage income size,"$500,000 under $1,000,000",196514,144889,73.7,161081,82.0,167239,85.1,11.4,"IRS SOI Form W-2 statistics, Table 3.A (TY2009), https://www.irs.gov/pub/irs-soi/18inallw2.xls","Computed: pct = count / taxpayers_with_wages. Unit = primary/secondary taxpayers on filed individual returns with W-2 wages (not all W-2 forms; non-filers excluded). Elective deferral = W-2 box 12 codes D,E,F,G,H,S,AA,BB,EE. rp_box_checked = W-2 box 13 retirement plan indicator (includes DB and employer-only DC). Covers private AND public employers. Wage bins are nominal dollars."
2010,wage income size,"$500,000 under $1,000,000",221138,166335,75.2,185081,83.7,192281,87.0,11.7,"IRS SOI Form W-2 statistics, Table 3.A (TY2010), https://www.irs.gov/pub/irs-soi/18inallw2.xls","Computed: pct = count / taxpayers_with_wages. Unit = primary/secondary taxpayers on filed individual returns with W-2 wages (not all W-2 forms; non-filers excluded). Elective deferral = W-2 box 12 codes D,E,F,G,H,S,AA,BB,EE. rp_box_checked = W-2 box 13 retirement plan indicator (includes DB and employer-only DC). Covers private AND public employers. Wage bins are nominal dollars."
2011,wage income size,"$500,000 under $1,000,000",254696,198683,78.0,212898,83.6,221382,86.9,8.9,"IRS SOI Form W-2 statistics, Table 3.A (TY2011), https://www.irs.gov/pub/irs-soi/18inallw2.xls","Computed: pct = count / taxpayers_with_wages. Unit = primary/secondary taxpayers on filed individual returns with W-2 wages (not all W-2 forms; non-filers excluded). Elective deferral = W-2 box 12 codes D,E,F,G,H,S,AA,BB,EE. rp_box_checked = W-2 box 13 retirement plan indicator (includes DB and employer-only DC). Covers private AND public employers. Wage bins are nominal dollars."
2012,wage income size,"$500,000 under $1,000,000",272157,211591,77.7,229187,84.2,236889,87.0,9.3,"IRS SOI Form W-2 statistics, Table 3.A (TY2012), https://www.irs.gov/pub/irs-soi/18inallw2.xls","Computed: pct = count / taxpayers_with_wages. Unit = primary/secondary taxpayers on filed individual returns with W-2 wages (not all W-2 forms; non-filers excluded). Elective deferral = W-2 box 12 codes D,E,F,G,H,S,AA,BB,EE. rp_box_checked = W-2 box 13 retirement plan indicator (includes DB and employer-only DC). Covers private AND public employers. Wage bins are nominal dollars."
2013,wage income size,"$500,000 under $1,000,000",279136,225174,80.7,237115,84.9,245992,88.1,7.5,"IRS SOI Form W-2 statistics, Table 3.A (TY2013), https://www.irs.gov/pub/irs-soi/18inallw2.xls","Computed: pct = count / taxpayers_with_wages. Unit = primary/secondary taxpayers on filed individual returns with W-2 wages (not all W-2 forms; non-filers excluded). Elective deferral = W-2 box 12 codes D,E,F,G,H,S,AA,BB,EE. rp_box_checked = W-2 box 13 retirement plan indicator (includes DB and employer-only DC). Covers private AND public employers. Wage bins are nominal dollars."
2014,wage income size,"$500,000 under $1,000,000",315084,252019,80.0,266138,84.5,274906,87.2,7.3,"IRS SOI Form W-2 statistics, Table 3.A (TY2014), https://www.irs.gov/pub/irs-soi/18inallw2.xls","Computed: pct = count / taxpayers_with_wages. Unit = primary/secondary taxpayers on filed individual returns with W-2 wages (not all W-2 forms; non-filers excluded). Elective deferral = W-2 box 12 codes D,E,F,G,H,S,AA,BB,EE. rp_box_checked = W-2 box 13 retirement plan indicator (includes DB and employer-only DC). Covers private AND public employers. Wage bins are nominal dollars."
2015,wage income size,"$500,000 under $1,000,000",343970,284435,82.7,292736,85.1,305282,88.8,6.1,"IRS SOI Form W-2 statistics, Table 3.A (TY2015), https://www.irs.gov/pub/irs-soi/18inallw2.xls","Computed: pct = count / taxpayers_with_wages. Unit = primary/secondary taxpayers on filed individual returns with W-2 wages (not all W-2 forms; non-filers excluded). Elective deferral = W-2 box 12 codes D,E,F,G,H,S,AA,BB,EE. rp_box_checked = W-2 box 13 retirement plan indicator (includes DB and employer-only DC). Covers private AND public employers. Wage bins are nominal dollars."
2016,wage income size,"$500,000 under $1,000,000",351172,290351,82.7,299046,85.2,312295,88.9,6.2,"IRS SOI Form W-2 statistics, Table 3.A (TY2016), https://www.irs.gov/pub/irs-soi/18inallw2.xls","Computed: pct = count / taxpayers_with_wages. Unit = primary/secondary taxpayers on filed individual returns with W-2 wages (not all W-2 forms; non-filers excluded). Elective deferral = W-2 box 12 codes D,E,F,G,H,S,AA,BB,EE. rp_box_checked = W-2 box 13 retirement plan indicator (includes DB and employer-only DC). Covers private AND public employers. Wage bins are nominal dollars."
2017,wage income size,"$500,000 under $1,000,000",372437,310046,83.2,321803,86.4,333749,89.6,6.4,"IRS SOI Form W-2 statistics, Table 3.A (TY2017), https://www.irs.gov/pub/irs-soi/18inallw2.xls","Computed: pct = count / taxpayers_with_wages. Unit = primary/secondary taxpayers on filed individual returns with W-2 wages (not all W-2 forms; non-filers excluded). Elective deferral = W-2 box 12 codes D,E,F,G,H,S,AA,BB,EE. rp_box_checked = W-2 box 13 retirement plan indicator (includes DB and employer-only DC). Covers private AND public employers. Wage bins are nominal dollars."
2018,wage income size,"$500,000 under $1,000,000",390442,331443,84.9,341304,87.4,352666,90.3,5.4,"IRS SOI Form W-2 statistics, Table 3.A (TY2018), https://www.irs.gov/pub/irs-soi/18inallw2.xls","Computed: pct = count / taxpayers_with_wages. Unit = primary/secondary taxpayers on filed individual returns with W-2 wages (not all W-2 forms; non-filers excluded). Elective deferral = W-2 box 12 codes D,E,F,G,H,S,AA,BB,EE. rp_box_checked = W-2 box 13 retirement plan indicator (includes DB and employer-only DC). Covers private AND public employers. Wage bins are nominal dollars."
2019,wage income size,"$500,000 under $1,000,000",429662,368508,85.8,377141,87.8,391349,91.1,5.3,"IRS SOI Form W-2 statistics, Table 3.A (TY2019), https://www.irs.gov/pub/irs-soi/19in03w2all.xlsx","Computed: pct = count / taxpayers_with_wages. Unit = primary/secondary taxpayers on filed individual returns with W-2 wages (not all W-2 forms; non-filers excluded). Elective deferral = W-2 box 12 codes D,E,F,G,H,S,AA,BB,EE. rp_box_checked = W-2 box 13 retirement plan indicator (includes DB and employer-only DC). Covers private AND public employers. Wage bins are nominal dollars."
2020,wage income size,"$500,000 under $1,000,000",463015,404748,87.4,412381,89.1,426394,92.1,4.7,"IRS SOI Form W-2 statistics, Table 3.A (TY2020), https://www.irs.gov/pub/irs-soi/20in03w2all.xlsx","Computed: pct = count / taxpayers_with_wages. Unit = primary/secondary taxpayers on filed individual returns with W-2 wages (not all W-2 forms; non-filers excluded). Elective deferral = W-2 box 12 codes D,E,F,G,H,S,AA,BB,EE. rp_box_checked = W-2 box 13 retirement plan indicator (includes DB and employer-only DC). Covers private AND public employers. Wage bins are nominal dollars."
2008,wage income size,"$1,000,000 under $1,500,000",44201,32882,74.4,35712,80.8,37135,84.0,9.6,"IRS SOI Form W-2 statistics, Table 3.A (TY2008), https://www.irs.gov/pub/irs-soi/18inallw2.xls","Computed: pct = count / taxpayers_with_wages. Unit = primary/secondary taxpayers on filed individual returns with W-2 wages (not all W-2 forms; non-filers excluded). Elective deferral = W-2 box 12 codes D,E,F,G,H,S,AA,BB,EE. rp_box_checked = W-2 box 13 retirement plan indicator (includes DB and employer-only DC). Covers private AND public employers. Wage bins are nominal dollars."
2009,wage income size,"$1,000,000 under $1,500,000",35835,26589,74.2,29053,81.1,30091,84.0,9.8,"IRS SOI Form W-2 statistics, Table 3.A (TY2009), https://www.irs.gov/pub/irs-soi/18inallw2.xls","Computed: pct = count / taxpayers_with_wages. Unit = primary/secondary taxpayers on filed individual returns with W-2 wages (not all W-2 forms; non-filers excluded). Elective deferral = W-2 box 12 codes D,E,F,G,H,S,AA,BB,EE. rp_box_checked = W-2 box 13 retirement plan indicator (includes DB and employer-only DC). Covers private AND public employers. Wage bins are nominal dollars."
2010,wage income size,"$1,000,000 under $1,500,000",42505,32006,75.3,35230,82.9,36386,85.6,10.3,"IRS SOI Form W-2 statistics, Table 3.A (TY2010), https://www.irs.gov/pub/irs-soi/18inallw2.xls","Computed: pct = count / taxpayers_with_wages. Unit = primary/secondary taxpayers on filed individual returns with W-2 wages (not all W-2 forms; non-filers excluded). Elective deferral = W-2 box 12 codes D,E,F,G,H,S,AA,BB,EE. rp_box_checked = W-2 box 13 retirement plan indicator (includes DB and employer-only DC). Covers private AND public employers. Wage bins are nominal dollars."
2011,wage income size,"$1,000,000 under $1,500,000",47575,36623,77.0,39589,83.2,40869,85.9,8.9,"IRS SOI Form W-2 statistics, Table 3.A (TY2011), https://www.irs.gov/pub/irs-soi/18inallw2.xls","Computed: pct = count / taxpayers_with_wages. Unit = primary/secondary taxpayers on filed individual returns with W-2 wages (not all W-2 forms; non-filers excluded). Elective deferral = W-2 box 12 codes D,E,F,G,H,S,AA,BB,EE. rp_box_checked = W-2 box 13 retirement plan indicator (includes DB and employer-only DC). Covers private AND public employers. Wage bins are nominal dollars."
2012,wage income size,"$1,000,000 under $1,500,000",55514,43535,78.4,46556,83.9,48003,86.5,8.0,"IRS SOI Form W-2 statistics, Table 3.A (TY2012), https://www.irs.gov/pub/irs-soi/18inallw2.xls","Computed: pct = count / taxpayers_with_wages. Unit = primary/secondary taxpayers on filed individual returns with W-2 wages (not all W-2 forms; non-filers excluded). Elective deferral = W-2 box 12 codes D,E,F,G,H,S,AA,BB,EE. rp_box_checked = W-2 box 13 retirement plan indicator (includes DB and employer-only DC). Covers private AND public employers. Wage bins are nominal dollars."
2013,wage income size,"$1,000,000 under $1,500,000",52211,41369,79.2,43581,83.5,45078,86.3,7.1,"IRS SOI Form W-2 statistics, Table 3.A (TY2013), https://www.irs.gov/pub/irs-soi/18inallw2.xls","Computed: pct = count / taxpayers_with_wages. Unit = primary/secondary taxpayers on filed individual returns with W-2 wages (not all W-2 forms; non-filers excluded). Elective deferral = W-2 box 12 codes D,E,F,G,H,S,AA,BB,EE. rp_box_checked = W-2 box 13 retirement plan indicator (includes DB and employer-only DC). Covers private AND public employers. Wage bins are nominal dollars."
2014,wage income size,"$1,000,000 under $1,500,000",58927,46438,78.8,49082,83.3,50624,85.9,7.1,"IRS SOI Form W-2 statistics, Table 3.A (TY2014), https://www.irs.gov/pub/irs-soi/18inallw2.xls","Computed: pct = count / taxpayers_with_wages. Unit = primary/secondary taxpayers on filed individual returns with W-2 wages (not all W-2 forms; non-filers excluded). Elective deferral = W-2 box 12 codes D,E,F,G,H,S,AA,BB,EE. rp_box_checked = W-2 box 13 retirement plan indicator (includes DB and employer-only DC). Covers private AND public employers. Wage bins are nominal dollars."
2015,wage income size,"$1,000,000 under $1,500,000",63675,51128,80.3,54243,85.2,55966,87.9,7.6,"IRS SOI Form W-2 statistics, Table 3.A (TY2015), https://www.irs.gov/pub/irs-soi/18inallw2.xls","Computed: pct = count / taxpayers_with_wages. Unit = primary/secondary taxpayers on filed individual returns with W-2 wages (not all W-2 forms; non-filers excluded). Elective deferral = W-2 box 12 codes D,E,F,G,H,S,AA,BB,EE. rp_box_checked = W-2 box 13 retirement plan indicator (includes DB and employer-only DC). Covers private AND public employers. Wage bins are nominal dollars."
2016,wage income size,"$1,000,000 under $1,500,000",64989,53283,82.0,55939,86.1,57806,88.9,7.0,"IRS SOI Form W-2 statistics, Table 3.A (TY2016), https://www.irs.gov/pub/irs-soi/18inallw2.xls","Computed: pct = count / taxpayers_with_wages. Unit = primary/secondary taxpayers on filed individual returns with W-2 wages (not all W-2 forms; non-filers excluded). Elective deferral = W-2 box 12 codes D,E,F,G,H,S,AA,BB,EE. rp_box_checked = W-2 box 13 retirement plan indicator (includes DB and employer-only DC). Covers private AND public employers. Wage bins are nominal dollars."
2017,wage income size,"$1,000,000 under $1,500,000",68338,56141,82.2,58123,85.1,60613,88.7,6.5,"IRS SOI Form W-2 statistics, Table 3.A (TY2017), https://www.irs.gov/pub/irs-soi/18inallw2.xls","Computed: pct = count / taxpayers_with_wages. Unit = primary/secondary taxpayers on filed individual returns with W-2 wages (not all W-2 forms; non-filers excluded). Elective deferral = W-2 box 12 codes D,E,F,G,H,S,AA,BB,EE. rp_box_checked = W-2 box 13 retirement plan indicator (includes DB and employer-only DC). Covers private AND public employers. Wage bins are nominal dollars."
2018,wage income size,"$1,000,000 under $1,500,000",71788,60134,83.8,62243,86.7,64294,89.6,5.8,"IRS SOI Form W-2 statistics, Table 3.A (TY2018), https://www.irs.gov/pub/irs-soi/18inallw2.xls","Computed: pct = count / taxpayers_with_wages. Unit = primary/secondary taxpayers on filed individual returns with W-2 wages (not all W-2 forms; non-filers excluded). Elective deferral = W-2 box 12 codes D,E,F,G,H,S,AA,BB,EE. rp_box_checked = W-2 box 13 retirement plan indicator (includes DB and employer-only DC). Covers private AND public employers. Wage bins are nominal dollars."
2019,wage income size,"$1,000,000 under $1,500,000",77498,66556,85.9,67448,87.0,70485,91.0,5.1,"IRS SOI Form W-2 statistics, Table 3.A (TY2019), https://www.irs.gov/pub/irs-soi/19in03w2all.xlsx","Computed: pct = count / taxpayers_with_wages. Unit = primary/secondary taxpayers on filed individual returns with W-2 wages (not all W-2 forms; non-filers excluded). Elective deferral = W-2 box 12 codes D,E,F,G,H,S,AA,BB,EE. rp_box_checked = W-2 box 13 retirement plan indicator (includes DB and employer-only DC). Covers private AND public employers. Wage bins are nominal dollars."
2020,wage income size,"$1,000,000 under $1,500,000",81976,71343,87.0,72346,88.3,74972,91.5,4.4,"IRS SOI Form W-2 statistics, Table 3.A (TY2020), https://www.irs.gov/pub/irs-soi/20in03w2all.xlsx","Computed: pct = count / taxpayers_with_wages. Unit = primary/secondary taxpayers on filed individual returns with W-2 wages (not all W-2 forms; non-filers excluded). Elective deferral = W-2 box 12 codes D,E,F,G,H,S,AA,BB,EE. rp_box_checked = W-2 box 13 retirement plan indicator (includes DB and employer-only DC). Covers private AND public employers. Wage bins are nominal dollars."
2008,wage income size,"$1,500,000 under $2,000,000",16890,12659,74.9,13714,81.2,14222,84.2,9.3,"IRS SOI Form W-2 statistics, Table 3.A (TY2008), https://www.irs.gov/pub/irs-soi/18inallw2.xls","Computed: pct = count / taxpayers_with_wages. Unit = primary/secondary taxpayers on filed individual returns with W-2 wages (not all W-2 forms; non-filers excluded). Elective deferral = W-2 box 12 codes D,E,F,G,H,S,AA,BB,EE. rp_box_checked = W-2 box 13 retirement plan indicator (includes DB and employer-only DC). Covers private AND public employers. Wage bins are nominal dollars."
2009,wage income size,"$1,500,000 under $2,000,000",13342,9490,71.1,10632,79.7,10937,82.0,10.8,"IRS SOI Form W-2 statistics, Table 3.A (TY2009), https://www.irs.gov/pub/irs-soi/18inallw2.xls","Computed: pct = count / taxpayers_with_wages. Unit = primary/secondary taxpayers on filed individual returns with W-2 wages (not all W-2 forms; non-filers excluded). Elective deferral = W-2 box 12 codes D,E,F,G,H,S,AA,BB,EE. rp_box_checked = W-2 box 13 retirement plan indicator (includes DB and employer-only DC). Covers private AND public employers. Wage bins are nominal dollars."
2010,wage income size,"$1,500,000 under $2,000,000",16284,12066,74.1,13392,82.2,13839,85.0,10.9,"IRS SOI Form W-2 statistics, Table 3.A (TY2010), https://www.irs.gov/pub/irs-soi/18inallw2.xls","Computed: pct = count / taxpayers_with_wages. Unit = primary/secondary taxpayers on filed individual returns with W-2 wages (not all W-2 forms; non-filers excluded). Elective deferral = W-2 box 12 codes D,E,F,G,H,S,AA,BB,EE. rp_box_checked = W-2 box 13 retirement plan indicator (includes DB and employer-only DC). Covers private AND public employers. Wage bins are nominal dollars."
2011,wage income size,"$1,500,000 under $2,000,000",17342,13113,75.6,14148,81.6,14622,84.3,8.7,"IRS SOI Form W-2 statistics, Table 3.A (TY2011), https://www.irs.gov/pub/irs-soi/18inallw2.xls","Computed: pct = count / taxpayers_with_wages. Unit = primary/secondary taxpayers on filed individual returns with W-2 wages (not all W-2 forms; non-filers excluded). Elective deferral = W-2 box 12 codes D,E,F,G,H,S,AA,BB,EE. rp_box_checked = W-2 box 13 retirement plan indicator (includes DB and employer-only DC). Covers private AND public employers. Wage bins are nominal dollars."
2012,wage income size,"$1,500,000 under $2,000,000",20393,16107,79.0,17162,84.2,17676,86.7,7.7,"IRS SOI Form W-2 statistics, Table 3.A (TY2012), https://www.irs.gov/pub/irs-soi/18inallw2.xls","Computed: pct = count / taxpayers_with_wages. Unit = primary/secondary taxpayers on filed individual returns with W-2 wages (not all W-2 forms; non-filers excluded). Elective deferral = W-2 box 12 codes D,E,F,G,H,S,AA,BB,EE. rp_box_checked = W-2 box 13 retirement plan indicator (includes DB and employer-only DC). Covers private AND public employers. Wage bins are nominal dollars."
2013,wage income size,"$1,500,000 under $2,000,000",19685,15352,78.0,16455,83.6,16990,86.3,8.3,"IRS SOI Form W-2 statistics, Table 3.A (TY2013), https://www.irs.gov/pub/irs-soi/18inallw2.xls","Computed: pct = count / taxpayers_with_wages. Unit = primary/secondary taxpayers on filed individual returns with W-2 wages (not all W-2 forms; non-filers excluded). Elective deferral = W-2 box 12 codes D,E,F,G,H,S,AA,BB,EE. rp_box_checked = W-2 box 13 retirement plan indicator (includes DB and employer-only DC). Covers private AND public employers. Wage bins are nominal dollars."
2014,wage income size,"$1,500,000 under $2,000,000",22238,17762,79.9,18765,84.4,19422,87.3,7.5,"IRS SOI Form W-2 statistics, Table 3.A (TY2014), https://www.irs.gov/pub/irs-soi/18inallw2.xls","Computed: pct = count / taxpayers_with_wages. Unit = primary/secondary taxpayers on filed individual returns with W-2 wages (not all W-2 forms; non-filers excluded). Elective deferral = W-2 box 12 codes D,E,F,G,H,S,AA,BB,EE. rp_box_checked = W-2 box 13 retirement plan indicator (includes DB and employer-only DC). Covers private AND public employers. Wage bins are nominal dollars."
2015,wage income size,"$1,500,000 under $2,000,000",23467,18684,79.6,19844,84.6,20493,87.3,7.7,"IRS SOI Form W-2 statistics, Table 3.A (TY2015), https://www.irs.gov/pub/irs-soi/18inallw2.xls","Computed: pct = count / taxpayers_with_wages. Unit = primary/secondary taxpayers on filed individual returns with W-2 wages (not all W-2 forms; non-filers excluded). Elective deferral = W-2 box 12 codes D,E,F,G,H,S,AA,BB,EE. rp_box_checked = W-2 box 13 retirement plan indicator (includes DB and employer-only DC). Covers private AND public employers. Wage bins are nominal dollars."
2016,wage income size,"$1,500,000 under $2,000,000",22143,17857,80.6,18862,85.2,19508,88.1,7.5,"IRS SOI Form W-2 statistics, Table 3.A (TY2016), https://www.irs.gov/pub/irs-soi/18inallw2.xls","Computed: pct = count / taxpayers_with_wages. Unit = primary/secondary taxpayers on filed individual returns with W-2 wages (not all W-2 forms; non-filers excluded). Elective deferral = W-2 box 12 codes D,E,F,G,H,S,AA,BB,EE. rp_box_checked = W-2 box 13 retirement plan indicator (includes DB and employer-only DC). Covers private AND public employers. Wage bins are nominal dollars."
2017,wage income size,"$1,500,000 under $2,000,000",24863,20623,82.9,21557,86.7,22211,89.3,6.4,"IRS SOI Form W-2 statistics, Table 3.A (TY2017), https://www.irs.gov/pub/irs-soi/18inallw2.xls","Computed: pct = count / taxpayers_with_wages. Unit = primary/secondary taxpayers on filed individual returns with W-2 wages (not all W-2 forms; non-filers excluded). Elective deferral = W-2 box 12 codes D,E,F,G,H,S,AA,BB,EE. rp_box_checked = W-2 box 13 retirement plan indicator (includes DB and employer-only DC). Covers private AND public employers. Wage bins are nominal dollars."
2018,wage income size,"$1,500,000 under $2,000,000",26804,22238,83.0,23128,86.3,23956,89.4,6.4,"IRS SOI Form W-2 statistics, Table 3.A (TY2018), https://www.irs.gov/pub/irs-soi/18inallw2.xls","Computed: pct = count / taxpayers_with_wages. Unit = primary/secondary taxpayers on filed individual returns with W-2 wages (not all W-2 forms; non-filers excluded). Elective deferral = W-2 box 12 codes D,E,F,G,H,S,AA,BB,EE. rp_box_checked = W-2 box 13 retirement plan indicator (includes DB and employer-only DC). Covers private AND public employers. Wage bins are nominal dollars."
2019,wage income size,"$1,500,000 under $2,000,000",28103,23867,84.9,24560,87.4,25427,90.5,5.6,"IRS SOI Form W-2 statistics, Table 3.A (TY2019), https://www.irs.gov/pub/irs-soi/19in03w2all.xlsx","Computed: pct = count / taxpayers_with_wages. Unit = primary/secondary taxpayers on filed individual returns with W-2 wages (not all W-2 forms; non-filers excluded). Elective deferral = W-2 box 12 codes D,E,F,G,H,S,AA,BB,EE. rp_box_checked = W-2 box 13 retirement plan indicator (includes DB and employer-only DC). Covers private AND public employers. Wage bins are nominal dollars."
2020,wage income size,"$1,500,000 under $2,000,000",29482,25125,85.2,26107,88.6,26779,90.8,5.6,"IRS SOI Form W-2 statistics, Table 3.A (TY2020), https://www.irs.gov/pub/irs-soi/20in03w2all.xlsx","Computed: pct = count / taxpayers_with_wages. Unit = primary/secondary taxpayers on filed individual returns with W-2 wages (not all W-2 forms; non-filers excluded). Elective deferral = W-2 box 12 codes D,E,F,G,H,S,AA,BB,EE. rp_box_checked = W-2 box 13 retirement plan indicator (includes DB and employer-only DC). Covers private AND public employers. Wage bins are nominal dollars."
2008,wage income size,"$2,000,000 under $5,000,000",22990,16708,72.7,18571,80.8,19103,83.1,10.4,"IRS SOI Form W-2 statistics, Table 3.A (TY2008), https://www.irs.gov/pub/irs-soi/18inallw2.xls","Computed: pct = count / taxpayers_with_wages. Unit = primary/secondary taxpayers on filed individual returns with W-2 wages (not all W-2 forms; non-filers excluded). Elective deferral = W-2 box 12 codes D,E,F,G,H,S,AA,BB,EE. rp_box_checked = W-2 box 13 retirement plan indicator (includes DB and employer-only DC). Covers private AND public employers. Wage bins are nominal dollars."
2009,wage income size,"$2,000,000 under $5,000,000",18113,12427,68.6,14808,81.8,15206,84.0,15.3,"IRS SOI Form W-2 statistics, Table 3.A (TY2009), https://www.irs.gov/pub/irs-soi/18inallw2.xls","Computed: pct = count / taxpayers_with_wages. Unit = primary/secondary taxpayers on filed individual returns with W-2 wages (not all W-2 forms; non-filers excluded). Elective deferral = W-2 box 12 codes D,E,F,G,H,S,AA,BB,EE. rp_box_checked = W-2 box 13 retirement plan indicator (includes DB and employer-only DC). Covers private AND public employers. Wage bins are nominal dollars."
2010,wage income size,"$2,000,000 under $5,000,000",21570,15663,72.6,17503,81.1,17922,83.1,10.5,"IRS SOI Form W-2 statistics, Table 3.A (TY2010), https://www.irs.gov/pub/irs-soi/18inallw2.xls","Computed: pct = count / taxpayers_with_wages. Unit = primary/secondary taxpayers on filed individual returns with W-2 wages (not all W-2 forms; non-filers excluded). Elective deferral = W-2 box 12 codes D,E,F,G,H,S,AA,BB,EE. rp_box_checked = W-2 box 13 retirement plan indicator (includes DB and employer-only DC). Covers private AND public employers. Wage bins are nominal dollars."
2011,wage income size,"$2,000,000 under $5,000,000",22823,16790,73.6,18486,81.0,19110,83.7,10.2,"IRS SOI Form W-2 statistics, Table 3.A (TY2011), https://www.irs.gov/pub/irs-soi/18inallw2.xls","Computed: pct = count / taxpayers_with_wages. Unit = primary/secondary taxpayers on filed individual returns with W-2 wages (not all W-2 forms; non-filers excluded). Elective deferral = W-2 box 12 codes D,E,F,G,H,S,AA,BB,EE. rp_box_checked = W-2 box 13 retirement plan indicator (includes DB and employer-only DC). Covers private AND public employers. Wage bins are nominal dollars."
2012,wage income size,"$2,000,000 under $5,000,000",27231,20440,75.1,22240,81.7,22978,84.4,9.3,"IRS SOI Form W-2 statistics, Table 3.A (TY2012), https://www.irs.gov/pub/irs-soi/18inallw2.xls","Computed: pct = count / taxpayers_with_wages. Unit = primary/secondary taxpayers on filed individual returns with W-2 wages (not all W-2 forms; non-filers excluded). Elective deferral = W-2 box 12 codes D,E,F,G,H,S,AA,BB,EE. rp_box_checked = W-2 box 13 retirement plan indicator (includes DB and employer-only DC). Covers private AND public employers. Wage bins are nominal dollars."
2013,wage income size,"$2,000,000 under $5,000,000",25357,19524,77.0,21150,83.4,21840,86.1,9.1,"IRS SOI Form W-2 statistics, Table 3.A (TY2013), https://www.irs.gov/pub/irs-soi/18inallw2.xls","Computed: pct = count / taxpayers_with_wages. Unit = primary/secondary taxpayers on filed individual returns with W-2 wages (not all W-2 forms; non-filers excluded). Elective deferral = W-2 box 12 codes D,E,F,G,H,S,AA,BB,EE. rp_box_checked = W-2 box 13 retirement plan indicator (includes DB and employer-only DC). Covers private AND public employers. Wage bins are nominal dollars."
2014,wage income size,"$2,000,000 under $5,000,000",29573,22970,77.7,24891,84.2,25518,86.3,8.6,"IRS SOI Form W-2 statistics, Table 3.A (TY2014), https://www.irs.gov/pub/irs-soi/18inallw2.xls","Computed: pct = count / taxpayers_with_wages. Unit = primary/secondary taxpayers on filed individual returns with W-2 wages (not all W-2 forms; non-filers excluded). Elective deferral = W-2 box 12 codes D,E,F,G,H,S,AA,BB,EE. rp_box_checked = W-2 box 13 retirement plan indicator (includes DB and employer-only DC). Covers private AND public employers. Wage bins are nominal dollars."
2015,wage income size,"$2,000,000 under $5,000,000",30893,24224,78.4,26192,84.8,26844,86.9,8.5,"IRS SOI Form W-2 statistics, Table 3.A (TY2015), https://www.irs.gov/pub/irs-soi/18inallw2.xls","Computed: pct = count / taxpayers_with_wages. Unit = primary/secondary taxpayers on filed individual returns with W-2 wages (not all W-2 forms; non-filers excluded). Elective deferral = W-2 box 12 codes D,E,F,G,H,S,AA,BB,EE. rp_box_checked = W-2 box 13 retirement plan indicator (includes DB and employer-only DC). Covers private AND public employers. Wage bins are nominal dollars."
2016,wage income size,"$2,000,000 under $5,000,000",29030,22963,79.1,24392,84.0,25134,86.6,7.5,"IRS SOI Form W-2 statistics, Table 3.A (TY2016), https://www.irs.gov/pub/irs-soi/18inallw2.xls","Computed: pct = count / taxpayers_with_wages. Unit = primary/secondary taxpayers on filed individual returns with W-2 wages (not all W-2 forms; non-filers excluded). Elective deferral = W-2 box 12 codes D,E,F,G,H,S,AA,BB,EE. rp_box_checked = W-2 box 13 retirement plan indicator (includes DB and employer-only DC). Covers private AND public employers. Wage bins are nominal dollars."
2017,wage income size,"$2,000,000 under $5,000,000",32669,26168,80.1,27640,84.6,28559,87.4,7.3,"IRS SOI Form W-2 statistics, Table 3.A (TY2017), https://www.irs.gov/pub/irs-soi/18inallw2.xls","Computed: pct = count / taxpayers_with_wages. Unit = primary/secondary taxpayers on filed individual returns with W-2 wages (not all W-2 forms; non-filers excluded). Elective deferral = W-2 box 12 codes D,E,F,G,H,S,AA,BB,EE. rp_box_checked = W-2 box 13 retirement plan indicator (includes DB and employer-only DC). Covers private AND public employers. Wage bins are nominal dollars."
2018,wage income size,"$2,000,000 under $5,000,000",34300,27927,81.4,29681,86.5,30427,88.7,7.3,"IRS SOI Form W-2 statistics, Table 3.A (TY2018), https://www.irs.gov/pub/irs-soi/18inallw2.xls","Computed: pct = count / taxpayers_with_wages. Unit = primary/secondary taxpayers on filed individual returns with W-2 wages (not all W-2 forms; non-filers excluded). Elective deferral = W-2 box 12 codes D,E,F,G,H,S,AA,BB,EE. rp_box_checked = W-2 box 13 retirement plan indicator (includes DB and employer-only DC). Covers private AND public employers. Wage bins are nominal dollars."
2019,wage income size,"$2,000,000 under $5,000,000",35163,28821,82.0,30463,86.6,31362,89.2,7.2,"IRS SOI Form W-2 statistics, Table 3.A (TY2019), https://www.irs.gov/pub/irs-soi/19in03w2all.xlsx","Computed: pct = count / taxpayers_with_wages. Unit = primary/secondary taxpayers on filed individual returns with W-2 wages (not all W-2 forms; non-filers excluded). Elective deferral = W-2 box 12 codes D,E,F,G,H,S,AA,BB,EE. rp_box_checked = W-2 box 13 retirement plan indicator (includes DB and employer-only DC). Covers private AND public employers. Wage bins are nominal dollars."
2020,wage income size,"$2,000,000 under $5,000,000",39449,32901,83.4,34560,87.6,35491,90.0,6.6,"IRS SOI Form W-2 statistics, Table 3.A (TY2020), https://www.irs.gov/pub/irs-soi/20in03w2all.xlsx","Computed: pct = count / taxpayers_with_wages. Unit = primary/secondary taxpayers on filed individual returns with W-2 wages (not all W-2 forms; non-filers excluded). Elective deferral = W-2 box 12 codes D,E,F,G,H,S,AA,BB,EE. rp_box_checked = W-2 box 13 retirement plan indicator (includes DB and employer-only DC). Covers private AND public employers. Wage bins are nominal dollars."
2008,wage income size,"$5,000,000 under $10,000,000",4935,3600,72.9,4043,81.9,4146,84.0,11.1,"IRS SOI Form W-2 statistics, Table 3.A (TY2008), https://www.irs.gov/pub/irs-soi/18inallw2.xls","Computed: pct = count / taxpayers_with_wages. Unit = primary/secondary taxpayers on filed individual returns with W-2 wages (not all W-2 forms; non-filers excluded). Elective deferral = W-2 box 12 codes D,E,F,G,H,S,AA,BB,EE. rp_box_checked = W-2 box 13 retirement plan indicator (includes DB and employer-only DC). Covers private AND public employers. Wage bins are nominal dollars."
2009,wage income size,"$5,000,000 under $10,000,000",3641,2597,71.3,2984,82.0,3039,83.5,12.1,"IRS SOI Form W-2 statistics, Table 3.A (TY2009), https://www.irs.gov/pub/irs-soi/18inallw2.xls","Computed: pct = count / taxpayers_with_wages. Unit = primary/secondary taxpayers on filed individual returns with W-2 wages (not all W-2 forms; non-filers excluded). Elective deferral = W-2 box 12 codes D,E,F,G,H,S,AA,BB,EE. rp_box_checked = W-2 box 13 retirement plan indicator (includes DB and employer-only DC). Covers private AND public employers. Wage bins are nominal dollars."
2010,wage income size,"$5,000,000 under $10,000,000",4535,3240,71.4,3665,80.8,3787,83.5,12.1,"IRS SOI Form W-2 statistics, Table 3.A (TY2010), https://www.irs.gov/pub/irs-soi/18inallw2.xls","Computed: pct = count / taxpayers_with_wages. Unit = primary/secondary taxpayers on filed individual returns with W-2 wages (not all W-2 forms; non-filers excluded). Elective deferral = W-2 box 12 codes D,E,F,G,H,S,AA,BB,EE. rp_box_checked = W-2 box 13 retirement plan indicator (includes DB and employer-only DC). Covers private AND public employers. Wage bins are nominal dollars."
2011,wage income size,"$5,000,000 under $10,000,000",4875,3482,71.4,3878,79.5,3976,81.6,10.1,"IRS SOI Form W-2 statistics, Table 3.A (TY2011), https://www.irs.gov/pub/irs-soi/18inallw2.xls","Computed: pct = count / taxpayers_with_wages. Unit = primary/secondary taxpayers on filed individual returns with W-2 wages (not all W-2 forms; non-filers excluded). Elective deferral = W-2 box 12 codes D,E,F,G,H,S,AA,BB,EE. rp_box_checked = W-2 box 13 retirement plan indicator (includes DB and employer-only DC). Covers private AND public employers. Wage bins are nominal dollars."
2012,wage income size,"$5,000,000 under $10,000,000",5903,4473,75.8,4935,83.6,5052,85.6,9.8,"IRS SOI Form W-2 statistics, Table 3.A (TY2012), https://www.irs.gov/pub/irs-soi/18inallw2.xls","Computed: pct = count / taxpayers_with_wages. Unit = primary/secondary taxpayers on filed individual returns with W-2 wages (not all W-2 forms; non-filers excluded). Elective deferral = W-2 box 12 codes D,E,F,G,H,S,AA,BB,EE. rp_box_checked = W-2 box 13 retirement plan indicator (includes DB and employer-only DC). Covers private AND public employers. Wage bins are nominal dollars."
2013,wage income size,"$5,000,000 under $10,000,000",5206,3957,76.0,4375,84.0,4459,85.7,9.6,"IRS SOI Form W-2 statistics, Table 3.A (TY2013), https://www.irs.gov/pub/irs-soi/18inallw2.xls","Computed: pct = count / taxpayers_with_wages. Unit = primary/secondary taxpayers on filed individual returns with W-2 wages (not all W-2 forms; non-filers excluded). Elective deferral = W-2 box 12 codes D,E,F,G,H,S,AA,BB,EE. rp_box_checked = W-2 box 13 retirement plan indicator (includes DB and employer-only DC). Covers private AND public employers. Wage bins are nominal dollars."
2014,wage income size,"$5,000,000 under $10,000,000",6290,4783,76.0,5258,83.6,5397,85.8,9.8,"IRS SOI Form W-2 statistics, Table 3.A (TY2014), https://www.irs.gov/pub/irs-soi/18inallw2.xls","Computed: pct = count / taxpayers_with_wages. Unit = primary/secondary taxpayers on filed individual returns with W-2 wages (not all W-2 forms; non-filers excluded). Elective deferral = W-2 box 12 codes D,E,F,G,H,S,AA,BB,EE. rp_box_checked = W-2 box 13 retirement plan indicator (includes DB and employer-only DC). Covers private AND public employers. Wage bins are nominal dollars."
2015,wage income size,"$5,000,000 under $10,000,000",6557,5089,77.6,5531,84.4,5675,86.5,8.9,"IRS SOI Form W-2 statistics, Table 3.A (TY2015), https://www.irs.gov/pub/irs-soi/18inallw2.xls","Computed: pct = count / taxpayers_with_wages. Unit = primary/secondary taxpayers on filed individual returns with W-2 wages (not all W-2 forms; non-filers excluded). Elective deferral = W-2 box 12 codes D,E,F,G,H,S,AA,BB,EE. rp_box_checked = W-2 box 13 retirement plan indicator (includes DB and employer-only DC). Covers private AND public employers. Wage bins are nominal dollars."
2016,wage income size,"$5,000,000 under $10,000,000",6954,4696,67.5,5058,72.7,5209,74.9,7.4,"IRS SOI Form W-2 statistics, Table 3.A (TY2016), https://www.irs.gov/pub/irs-soi/18inallw2.xls","Computed: pct = count / taxpayers_with_wages. Unit = primary/secondary taxpayers on filed individual returns with W-2 wages (not all W-2 forms; non-filers excluded). Elective deferral = W-2 box 12 codes D,E,F,G,H,S,AA,BB,EE. rp_box_checked = W-2 box 13 retirement plan indicator (includes DB and employer-only DC). Covers private AND public employers. Wage bins are nominal dollars."
2017,wage income size,"$5,000,000 under $10,000,000",7300,5795,79.4,6193,84.8,6370,87.3,7.9,"IRS SOI Form W-2 statistics, Table 3.A (TY2017), https://www.irs.gov/pub/irs-soi/18inallw2.xls","Computed: pct = count / taxpayers_with_wages. Unit = primary/secondary taxpayers on filed individual returns with W-2 wages (not all W-2 forms; non-filers excluded). Elective deferral = W-2 box 12 codes D,E,F,G,H,S,AA,BB,EE. rp_box_checked = W-2 box 13 retirement plan indicator (includes DB and employer-only DC). Covers private AND public employers. Wage bins are nominal dollars."
2018,wage income size,"$5,000,000 under $10,000,000",7432,5956,80.1,6439,86.6,6580,88.5,8.4,"IRS SOI Form W-2 statistics, Table 3.A (TY2018), https://www.irs.gov/pub/irs-soi/18inallw2.xls","Computed: pct = count / taxpayers_with_wages. Unit = primary/secondary taxpayers on filed individual returns with W-2 wages (not all W-2 forms; non-filers excluded). Elective deferral = W-2 box 12 codes D,E,F,G,H,S,AA,BB,EE. rp_box_checked = W-2 box 13 retirement plan indicator (includes DB and employer-only DC). Covers private AND public employers. Wage bins are nominal dollars."
2019,wage income size,"$5,000,000 under $10,000,000",7322,5916,80.8,6340,86.6,6473,88.4,7.6,"IRS SOI Form W-2 statistics, Table 3.A (TY2019), https://www.irs.gov/pub/irs-soi/19in03w2all.xlsx","Computed: pct = count / taxpayers_with_wages. Unit = primary/secondary taxpayers on filed individual returns with W-2 wages (not all W-2 forms; non-filers excluded). Elective deferral = W-2 box 12 codes D,E,F,G,H,S,AA,BB,EE. rp_box_checked = W-2 box 13 retirement plan indicator (includes DB and employer-only DC). Covers private AND public employers. Wage bins are nominal dollars."
2020,wage income size,"$5,000,000 under $10,000,000",8504,6993,82.2,7466,87.8,7607,89.5,7.2,"IRS SOI Form W-2 statistics, Table 3.A (TY2020), https://www.irs.gov/pub/irs-soi/20in03w2all.xlsx","Computed: pct = count / taxpayers_with_wages. Unit = primary/secondary taxpayers on filed individual returns with W-2 wages (not all W-2 forms; non-filers excluded). Elective deferral = W-2 box 12 codes D,E,F,G,H,S,AA,BB,EE. rp_box_checked = W-2 box 13 retirement plan indicator (includes DB and employer-only DC). Covers private AND public employers. Wage bins are nominal dollars."
2008,wage income size,"$10,000,000 and over",2582,1836,71.1,2099,81.3,2148,83.2,12.1,"IRS SOI Form W-2 statistics, Table 3.A (TY2008), https://www.irs.gov/pub/irs-soi/18inallw2.xls","Computed: pct = count / taxpayers_with_wages. Unit = primary/secondary taxpayers on filed individual returns with W-2 wages (not all W-2 forms; non-filers excluded). Elective deferral = W-2 box 12 codes D,E,F,G,H,S,AA,BB,EE. rp_box_checked = W-2 box 13 retirement plan indicator (includes DB and employer-only DC). Covers private AND public employers. Wage bins are nominal dollars."
2009,wage income size,"$10,000,000 and over",1785,1213,68.0,1452,81.3,1483,83.1,15.1,"IRS SOI Form W-2 statistics, Table 3.A (TY2009), https://www.irs.gov/pub/irs-soi/18inallw2.xls","Computed: pct = count / taxpayers_with_wages. Unit = primary/secondary taxpayers on filed individual returns with W-2 wages (not all W-2 forms; non-filers excluded). Elective deferral = W-2 box 12 codes D,E,F,G,H,S,AA,BB,EE. rp_box_checked = W-2 box 13 retirement plan indicator (includes DB and employer-only DC). Covers private AND public employers. Wage bins are nominal dollars."
2010,wage income size,"$10,000,000 and over",2080,1408,67.7,1646,79.1,1693,81.4,13.7,"IRS SOI Form W-2 statistics, Table 3.A (TY2010), https://www.irs.gov/pub/irs-soi/18inallw2.xls","Computed: pct = count / taxpayers_with_wages. Unit = primary/secondary taxpayers on filed individual returns with W-2 wages (not all W-2 forms; non-filers excluded). Elective deferral = W-2 box 12 codes D,E,F,G,H,S,AA,BB,EE. rp_box_checked = W-2 box 13 retirement plan indicator (includes DB and employer-only DC). Covers private AND public employers. Wage bins are nominal dollars."
2011,wage income size,"$10,000,000 and over",2083,1459,70.0,1649,79.2,1704,81.8,11.8,"IRS SOI Form W-2 statistics, Table 3.A (TY2011), https://www.irs.gov/pub/irs-soi/18inallw2.xls","Computed: pct = count / taxpayers_with_wages. Unit = primary/secondary taxpayers on filed individual returns with W-2 wages (not all W-2 forms; non-filers excluded). Elective deferral = W-2 box 12 codes D,E,F,G,H,S,AA,BB,EE. rp_box_checked = W-2 box 13 retirement plan indicator (includes DB and employer-only DC). Covers private AND public employers. Wage bins are nominal dollars."
2012,wage income size,"$10,000,000 and over",2883,2063,71.6,2358,81.8,2406,83.5,11.9,"IRS SOI Form W-2 statistics, Table 3.A (TY2012), https://www.irs.gov/pub/irs-soi/18inallw2.xls","Computed: pct = count / taxpayers_with_wages. Unit = primary/secondary taxpayers on filed individual returns with W-2 wages (not all W-2 forms; non-filers excluded). Elective deferral = W-2 box 12 codes D,E,F,G,H,S,AA,BB,EE. rp_box_checked = W-2 box 13 retirement plan indicator (includes DB and employer-only DC). Covers private AND public employers. Wage bins are nominal dollars."
2013,wage income size,"$10,000,000 and over",2351,1713,72.9,1936,82.3,1974,84.0,11.1,"IRS SOI Form W-2 statistics, Table 3.A (TY2013), https://www.irs.gov/pub/irs-soi/18inallw2.xls","Computed: pct = count / taxpayers_with_wages. Unit = primary/secondary taxpayers on filed individual returns with W-2 wages (not all W-2 forms; non-filers excluded). Elective deferral = W-2 box 12 codes D,E,F,G,H,S,AA,BB,EE. rp_box_checked = W-2 box 13 retirement plan indicator (includes DB and employer-only DC). Covers private AND public employers. Wage bins are nominal dollars."
2014,wage income size,"$10,000,000 and over",3048,2203,72.3,2525,82.8,2566,84.2,11.9,"IRS SOI Form W-2 statistics, Table 3.A (TY2014), https://www.irs.gov/pub/irs-soi/18inallw2.xls","Computed: pct = count / taxpayers_with_wages. Unit = primary/secondary taxpayers on filed individual returns with W-2 wages (not all W-2 forms; non-filers excluded). Elective deferral = W-2 box 12 codes D,E,F,G,H,S,AA,BB,EE. rp_box_checked = W-2 box 13 retirement plan indicator (includes DB and employer-only DC). Covers private AND public employers. Wage bins are nominal dollars."
2015,wage income size,"$10,000,000 and over",3178,2371,74.6,2622,82.5,2668,84.0,9.3,"IRS SOI Form W-2 statistics, Table 3.A (TY2015), https://www.irs.gov/pub/irs-soi/18inallw2.xls","Computed: pct = count / taxpayers_with_wages. Unit = primary/secondary taxpayers on filed individual returns with W-2 wages (not all W-2 forms; non-filers excluded). Elective deferral = W-2 box 12 codes D,E,F,G,H,S,AA,BB,EE. rp_box_checked = W-2 box 13 retirement plan indicator (includes DB and employer-only DC). Covers private AND public employers. Wage bins are nominal dollars."
2016,wage income size,"$10,000,000 and over",2895,2186,75.5,2428,83.9,2491,86.0,10.5,"IRS SOI Form W-2 statistics, Table 3.A (TY2016), https://www.irs.gov/pub/irs-soi/18inallw2.xls","Computed: pct = count / taxpayers_with_wages. Unit = primary/secondary taxpayers on filed individual returns with W-2 wages (not all W-2 forms; non-filers excluded). Elective deferral = W-2 box 12 codes D,E,F,G,H,S,AA,BB,EE. rp_box_checked = W-2 box 13 retirement plan indicator (includes DB and employer-only DC). Covers private AND public employers. Wage bins are nominal dollars."
2017,wage income size,"$10,000,000 and over",3644,2752,75.5,3027,83.1,3117,85.5,10.0,"IRS SOI Form W-2 statistics, Table 3.A (TY2017), https://www.irs.gov/pub/irs-soi/18inallw2.xls","Computed: pct = count / taxpayers_with_wages. Unit = primary/secondary taxpayers on filed individual returns with W-2 wages (not all W-2 forms; non-filers excluded). Elective deferral = W-2 box 12 codes D,E,F,G,H,S,AA,BB,EE. rp_box_checked = W-2 box 13 retirement plan indicator (includes DB and employer-only DC). Covers private AND public employers. Wage bins are nominal dollars."
2018,wage income size,"$10,000,000 and over",3769,2957,78.5,3245,86.1,3314,87.9,9.5,"IRS SOI Form W-2 statistics, Table 3.A (TY2018), https://www.irs.gov/pub/irs-soi/18inallw2.xls","Computed: pct = count / taxpayers_with_wages. Unit = primary/secondary taxpayers on filed individual returns with W-2 wages (not all W-2 forms; non-filers excluded). Elective deferral = W-2 box 12 codes D,E,F,G,H,S,AA,BB,EE. rp_box_checked = W-2 box 13 retirement plan indicator (includes DB and employer-only DC). Covers private AND public employers. Wage bins are nominal dollars."
2019,wage income size,"$10,000,000 and over",3652,2829,77.5,3120,85.4,3181,87.1,9.6,"IRS SOI Form W-2 statistics, Table 3.A (TY2019), https://www.irs.gov/pub/irs-soi/19in03w2all.xlsx","Computed: pct = count / taxpayers_with_wages. Unit = primary/secondary taxpayers on filed individual returns with W-2 wages (not all W-2 forms; non-filers excluded). Elective deferral = W-2 box 12 codes D,E,F,G,H,S,AA,BB,EE. rp_box_checked = W-2 box 13 retirement plan indicator (includes DB and employer-only DC). Covers private AND public employers. Wage bins are nominal dollars."
2020,wage income size,"$10,000,000 and over",4316,3461,80.2,3738,86.6,3806,88.2,8.0,"IRS SOI Form W-2 statistics, Table 3.A (TY2020), https://www.irs.gov/pub/irs-soi/20in03w2all.xlsx","Computed: pct = count / taxpayers_with_wages. Unit = primary/secondary taxpayers on filed individual returns with W-2 wages (not all W-2 forms; non-filers excluded). Elective deferral = W-2 box 12 codes D,E,F,G,H,S,AA,BB,EE. rp_box_checked = W-2 box 13 retirement plan indicator (includes DB and employer-only DC). Covers private AND public employers. Wage bins are nominal dollars."
