series_id,ownership,component,measure,year,quarter,value,source,note
CMU1010000000000D,civilian,total_comp,cost_per_hour_usd,2004,1,24.95,"BLS ECEC, https://data.bls.gov/timeseries/CMU1010000000000D","Employer cost per hour worked / % of total compensation; Qtr1=March, Qtr2=June, Qtr3=Sept, Qtr4=Dec reference periods. NAICS-based series start 2004 Q1."
CMU1010000000000D,civilian,total_comp,cost_per_hour_usd,2004,2,24.96,"BLS ECEC, https://data.bls.gov/timeseries/CMU1010000000000D","Employer cost per hour worked / % of total compensation; Qtr1=March, Qtr2=June, Qtr3=Sept, Qtr4=Dec reference periods. NAICS-based series start 2004 Q1."
CMU1010000000000D,civilian,total_comp,cost_per_hour_usd,2004,3,25.36,"BLS ECEC, https://data.bls.gov/timeseries/CMU1010000000000D","Employer cost per hour worked / % of total compensation; Qtr1=March, Qtr2=June, Qtr3=Sept, Qtr4=Dec reference periods. NAICS-based series start 2004 Q1."
CMU1010000000000D,civilian,total_comp,cost_per_hour_usd,2004,4,25.57,"BLS ECEC, https://data.bls.gov/timeseries/CMU1010000000000D","Employer cost per hour worked / % of total compensation; Qtr1=March, Qtr2=June, Qtr3=Sept, Qtr4=Dec reference periods. NAICS-based series start 2004 Q1."
CMU1010000000000D,civilian,total_comp,cost_per_hour_usd,2005,1,25.87,"BLS ECEC, https://data.bls.gov/timeseries/CMU1010000000000D","Employer cost per hour worked / % of total compensation; Qtr1=March, Qtr2=June, Qtr3=Sept, Qtr4=Dec reference periods. NAICS-based series start 2004 Q1."
CMU1010000000000D,civilian,total_comp,cost_per_hour_usd,2005,2,25.86,"BLS ECEC, https://data.bls.gov/timeseries/CMU1010000000000D","Employer cost per hour worked / % of total compensation; Qtr1=March, Qtr2=June, Qtr3=Sept, Qtr4=Dec reference periods. NAICS-based series start 2004 Q1."
CMU1010000000000D,civilian,total_comp,cost_per_hour_usd,2005,3,26.05,"BLS ECEC, https://data.bls.gov/timeseries/CMU1010000000000D","Employer cost per hour worked / % of total compensation; Qtr1=March, Qtr2=June, Qtr3=Sept, Qtr4=Dec reference periods. NAICS-based series start 2004 Q1."
CMU1010000000000D,civilian,total_comp,cost_per_hour_usd,2005,4,26.46,"BLS ECEC, https://data.bls.gov/timeseries/CMU1010000000000D","Employer cost per hour worked / % of total compensation; Qtr1=March, Qtr2=June, Qtr3=Sept, Qtr4=Dec reference periods. NAICS-based series start 2004 Q1."
CMU1010000000000D,civilian,total_comp,cost_per_hour_usd,2006,1,26.86,"BLS ECEC, https://data.bls.gov/timeseries/CMU1010000000000D","Employer cost per hour worked / % of total compensation; Qtr1=March, Qtr2=June, Qtr3=Sept, Qtr4=Dec reference periods. NAICS-based series start 2004 Q1."
CMU1010000000000D,civilian,total_comp,cost_per_hour_usd,2006,2,26.86,"BLS ECEC, https://data.bls.gov/timeseries/CMU1010000000000D","Employer cost per hour worked / % of total compensation; Qtr1=March, Qtr2=June, Qtr3=Sept, Qtr4=Dec reference periods. NAICS-based series start 2004 Q1."
CMU1010000000000D,civilian,total_comp,cost_per_hour_usd,2006,3,27.31,"BLS ECEC, https://data.bls.gov/timeseries/CMU1010000000000D","Employer cost per hour worked / % of total compensation; Qtr1=March, Qtr2=June, Qtr3=Sept, Qtr4=Dec reference periods. NAICS-based series start 2004 Q1."
CMU1010000000000D,civilian,total_comp,cost_per_hour_usd,2006,4,27.54,"BLS ECEC, https://data.bls.gov/timeseries/CMU1010000000000D","Employer cost per hour worked / % of total compensation; Qtr1=March, Qtr2=June, Qtr3=Sept, Qtr4=Dec reference periods. NAICS-based series start 2004 Q1."
CMU1010000000000D,civilian,total_comp,cost_per_hour_usd,2007,1,27.82,"BLS ECEC, https://data.bls.gov/timeseries/CMU1010000000000D","Employer cost per hour worked / % of total compensation; Qtr1=March, Qtr2=June, Qtr3=Sept, Qtr4=Dec reference periods. NAICS-based series start 2004 Q1."
CMU1010000000000D,civilian,total_comp,cost_per_hour_usd,2007,2,27.75,"BLS ECEC, https://data.bls.gov/timeseries/CMU1010000000000D","Employer cost per hour worked / % of total compensation; Qtr1=March, Qtr2=June, Qtr3=Sept, Qtr4=Dec reference periods. NAICS-based series start 2004 Q1."
CMU1010000000000D,civilian,total_comp,cost_per_hour_usd,2007,3,28.03,"BLS ECEC, https://data.bls.gov/timeseries/CMU1010000000000D","Employer cost per hour worked / % of total compensation; Qtr1=March, Qtr2=June, Qtr3=Sept, Qtr4=Dec reference periods. NAICS-based series start 2004 Q1."
CMU1010000000000D,civilian,total_comp,cost_per_hour_usd,2007,4,28.11,"BLS ECEC, https://data.bls.gov/timeseries/CMU1010000000000D","Employer cost per hour worked / % of total compensation; Qtr1=March, Qtr2=June, Qtr3=Sept, Qtr4=Dec reference periods. NAICS-based series start 2004 Q1."
CMU1010000000000D,civilian,total_comp,cost_per_hour_usd,2008,1,28.46,"BLS ECEC, https://data.bls.gov/timeseries/CMU1010000000000D","Employer cost per hour worked / % of total compensation; Qtr1=March, Qtr2=June, Qtr3=Sept, Qtr4=Dec reference periods. NAICS-based series start 2004 Q1."
CMU1010000000000D,civilian,total_comp,cost_per_hour_usd,2008,2,28.48,"BLS ECEC, https://data.bls.gov/timeseries/CMU1010000000000D","Employer cost per hour worked / % of total compensation; Qtr1=March, Qtr2=June, Qtr3=Sept, Qtr4=Dec reference periods. NAICS-based series start 2004 Q1."
CMU1010000000000D,civilian,total_comp,cost_per_hour_usd,2008,3,28.87,"BLS ECEC, https://data.bls.gov/timeseries/CMU1010000000000D","Employer cost per hour worked / % of total compensation; Qtr1=March, Qtr2=June, Qtr3=Sept, Qtr4=Dec reference periods. NAICS-based series start 2004 Q1."
CMU1010000000000D,civilian,total_comp,cost_per_hour_usd,2008,4,29.18,"BLS ECEC, https://data.bls.gov/timeseries/CMU1010000000000D","Employer cost per hour worked / % of total compensation; Qtr1=March, Qtr2=June, Qtr3=Sept, Qtr4=Dec reference periods. NAICS-based series start 2004 Q1."
CMU1010000000000D,civilian,total_comp,cost_per_hour_usd,2009,1,29.39,"BLS ECEC, https://data.bls.gov/timeseries/CMU1010000000000D","Employer cost per hour worked / % of total compensation; Qtr1=March, Qtr2=June, Qtr3=Sept, Qtr4=Dec reference periods. NAICS-based series start 2004 Q1."
CMU1010000000000D,civilian,total_comp,cost_per_hour_usd,2009,2,29.31,"BLS ECEC, https://data.bls.gov/timeseries/CMU1010000000000D","Employer cost per hour worked / % of total compensation; Qtr1=March, Qtr2=June, Qtr3=Sept, Qtr4=Dec reference periods. NAICS-based series start 2004 Q1."
CMU1010000000000D,civilian,total_comp,cost_per_hour_usd,2009,3,29.4,"BLS ECEC, https://data.bls.gov/timeseries/CMU1010000000000D","Employer cost per hour worked / % of total compensation; Qtr1=March, Qtr2=June, Qtr3=Sept, Qtr4=Dec reference periods. NAICS-based series start 2004 Q1."
CMU1010000000000D,civilian,total_comp,cost_per_hour_usd,2009,4,29.37,"BLS ECEC, https://data.bls.gov/timeseries/CMU1010000000000D","Employer cost per hour worked / % of total compensation; Qtr1=March, Qtr2=June, Qtr3=Sept, Qtr4=Dec reference periods. NAICS-based series start 2004 Q1."
CMU1010000000000D,civilian,total_comp,cost_per_hour_usd,2010,1,29.71,"BLS ECEC, https://data.bls.gov/timeseries/CMU1010000000000D","Employer cost per hour worked / % of total compensation; Qtr1=March, Qtr2=June, Qtr3=Sept, Qtr4=Dec reference periods. NAICS-based series start 2004 Q1."
CMU1010000000000D,civilian,total_comp,cost_per_hour_usd,2010,2,29.52,"BLS ECEC, https://data.bls.gov/timeseries/CMU1010000000000D","Employer cost per hour worked / % of total compensation; Qtr1=March, Qtr2=June, Qtr3=Sept, Qtr4=Dec reference periods. NAICS-based series start 2004 Q1."
CMU1010000000000D,civilian,total_comp,cost_per_hour_usd,2010,3,29.75,"BLS ECEC, https://data.bls.gov/timeseries/CMU1010000000000D","Employer cost per hour worked / % of total compensation; Qtr1=March, Qtr2=June, Qtr3=Sept, Qtr4=Dec reference periods. NAICS-based series start 2004 Q1."
CMU1010000000000D,civilian,total_comp,cost_per_hour_usd,2010,4,29.72,"BLS ECEC, https://data.bls.gov/timeseries/CMU1010000000000D","Employer cost per hour worked / % of total compensation; Qtr1=March, Qtr2=June, Qtr3=Sept, Qtr4=Dec reference periods. NAICS-based series start 2004 Q1."
CMU1010000000000D,civilian,total_comp,cost_per_hour_usd,2011,1,30.07,"BLS ECEC, https://data.bls.gov/timeseries/CMU1010000000000D","Employer cost per hour worked / % of total compensation; Qtr1=March, Qtr2=June, Qtr3=Sept, Qtr4=Dec reference periods. NAICS-based series start 2004 Q1."
CMU1010000000000D,civilian,total_comp,cost_per_hour_usd,2011,2,29.98,"BLS ECEC, https://data.bls.gov/timeseries/CMU1010000000000D","Employer cost per hour worked / % of total compensation; Qtr1=March, Qtr2=June, Qtr3=Sept, Qtr4=Dec reference periods. NAICS-based series start 2004 Q1."
CMU1010000000000D,civilian,total_comp,cost_per_hour_usd,2011,3,30.11,"BLS ECEC, https://data.bls.gov/timeseries/CMU1010000000000D","Employer cost per hour worked / % of total compensation; Qtr1=March, Qtr2=June, Qtr3=Sept, Qtr4=Dec reference periods. NAICS-based series start 2004 Q1."
CMU1010000000000D,civilian,total_comp,cost_per_hour_usd,2011,4,30.45,"BLS ECEC, https://data.bls.gov/timeseries/CMU1010000000000D","Employer cost per hour worked / % of total compensation; Qtr1=March, Qtr2=June, Qtr3=Sept, Qtr4=Dec reference periods. NAICS-based series start 2004 Q1."
CMU1010000000000D,civilian,total_comp,cost_per_hour_usd,2012,1,30.69,"BLS ECEC, https://data.bls.gov/timeseries/CMU1010000000000D","Employer cost per hour worked / % of total compensation; Qtr1=March, Qtr2=June, Qtr3=Sept, Qtr4=Dec reference periods. NAICS-based series start 2004 Q1."
CMU1010000000000D,civilian,total_comp,cost_per_hour_usd,2012,2,30.61,"BLS ECEC, https://data.bls.gov/timeseries/CMU1010000000000D","Employer cost per hour worked / % of total compensation; Qtr1=March, Qtr2=June, Qtr3=Sept, Qtr4=Dec reference periods. NAICS-based series start 2004 Q1."
CMU1010000000000D,civilian,total_comp,cost_per_hour_usd,2012,3,30.78,"BLS ECEC, https://data.bls.gov/timeseries/CMU1010000000000D","Employer cost per hour worked / % of total compensation; Qtr1=March, Qtr2=June, Qtr3=Sept, Qtr4=Dec reference periods. NAICS-based series start 2004 Q1."
CMU1010000000000D,civilian,total_comp,cost_per_hour_usd,2012,4,30.82,"BLS ECEC, https://data.bls.gov/timeseries/CMU1010000000000D","Employer cost per hour worked / % of total compensation; Qtr1=March, Qtr2=June, Qtr3=Sept, Qtr4=Dec reference periods. NAICS-based series start 2004 Q1."
CMU1010000000000D,civilian,total_comp,cost_per_hour_usd,2013,1,31.09,"BLS ECEC, https://data.bls.gov/timeseries/CMU1010000000000D","Employer cost per hour worked / % of total compensation; Qtr1=March, Qtr2=June, Qtr3=Sept, Qtr4=Dec reference periods. NAICS-based series start 2004 Q1."
CMU1010000000000D,civilian,total_comp,cost_per_hour_usd,2013,2,31.0,"BLS ECEC, https://data.bls.gov/timeseries/CMU1010000000000D","Employer cost per hour worked / % of total compensation; Qtr1=March, Qtr2=June, Qtr3=Sept, Qtr4=Dec reference periods. NAICS-based series start 2004 Q1."
CMU1010000000000D,civilian,total_comp,cost_per_hour_usd,2013,3,31.16,"BLS ECEC, https://data.bls.gov/timeseries/CMU1010000000000D","Employer cost per hour worked / % of total compensation; Qtr1=March, Qtr2=June, Qtr3=Sept, Qtr4=Dec reference periods. NAICS-based series start 2004 Q1."
CMU1010000000000D,civilian,total_comp,cost_per_hour_usd,2013,4,31.57,"BLS ECEC, https://data.bls.gov/timeseries/CMU1010000000000D","Employer cost per hour worked / % of total compensation; Qtr1=March, Qtr2=June, Qtr3=Sept, Qtr4=Dec reference periods. NAICS-based series start 2004 Q1."
CMU1010000000000D,civilian,total_comp,cost_per_hour_usd,2014,1,31.93,"BLS ECEC, https://data.bls.gov/timeseries/CMU1010000000000D","Employer cost per hour worked / % of total compensation; Qtr1=March, Qtr2=June, Qtr3=Sept, Qtr4=Dec reference periods. NAICS-based series start 2004 Q1."
CMU1010000000000D,civilian,total_comp,cost_per_hour_usd,2014,2,31.96,"BLS ECEC, https://data.bls.gov/timeseries/CMU1010000000000D","Employer cost per hour worked / % of total compensation; Qtr1=March, Qtr2=June, Qtr3=Sept, Qtr4=Dec reference periods. NAICS-based series start 2004 Q1."
CMU1010000000000D,civilian,total_comp,cost_per_hour_usd,2014,3,32.2,"BLS ECEC, https://data.bls.gov/timeseries/CMU1010000000000D","Employer cost per hour worked / % of total compensation; Qtr1=March, Qtr2=June, Qtr3=Sept, Qtr4=Dec reference periods. NAICS-based series start 2004 Q1."
CMU1010000000000D,civilian,total_comp,cost_per_hour_usd,2014,4,33.13,"BLS ECEC, https://data.bls.gov/timeseries/CMU1010000000000D","Employer cost per hour worked / % of total compensation; Qtr1=March, Qtr2=June, Qtr3=Sept, Qtr4=Dec reference periods. NAICS-based series start 2004 Q1."
CMU1010000000000D,civilian,total_comp,cost_per_hour_usd,2015,1,33.49,"BLS ECEC, https://data.bls.gov/timeseries/CMU1010000000000D","Employer cost per hour worked / % of total compensation; Qtr1=March, Qtr2=June, Qtr3=Sept, Qtr4=Dec reference periods. NAICS-based series start 2004 Q1."
CMU1010000000000D,civilian,total_comp,cost_per_hour_usd,2015,2,33.19,"BLS ECEC, https://data.bls.gov/timeseries/CMU1010000000000D","Employer cost per hour worked / % of total compensation; Qtr1=March, Qtr2=June, Qtr3=Sept, Qtr4=Dec reference periods. NAICS-based series start 2004 Q1."
CMU1010000000000D,civilian,total_comp,cost_per_hour_usd,2015,3,33.37,"BLS ECEC, https://data.bls.gov/timeseries/CMU1010000000000D","Employer cost per hour worked / % of total compensation; Qtr1=March, Qtr2=June, Qtr3=Sept, Qtr4=Dec reference periods. NAICS-based series start 2004 Q1."
CMU1010000000000D,civilian,total_comp,cost_per_hour_usd,2015,4,33.58,"BLS ECEC, https://data.bls.gov/timeseries/CMU1010000000000D","Employer cost per hour worked / % of total compensation; Qtr1=March, Qtr2=June, Qtr3=Sept, Qtr4=Dec reference periods. NAICS-based series start 2004 Q1."
CMU1010000000000D,civilian,total_comp,cost_per_hour_usd,2016,1,33.94,"BLS ECEC, https://data.bls.gov/timeseries/CMU1010000000000D","Employer cost per hour worked / % of total compensation; Qtr1=March, Qtr2=June, Qtr3=Sept, Qtr4=Dec reference periods. NAICS-based series start 2004 Q1."
CMU1010000000000D,civilian,total_comp,cost_per_hour_usd,2016,2,34.05,"BLS ECEC, https://data.bls.gov/timeseries/CMU1010000000000D","Employer cost per hour worked / % of total compensation; Qtr1=March, Qtr2=June, Qtr3=Sept, Qtr4=Dec reference periods. NAICS-based series start 2004 Q1."
CMU1010000000000D,civilian,total_comp,cost_per_hour_usd,2016,3,34.15,"BLS ECEC, https://data.bls.gov/timeseries/CMU1010000000000D","Employer cost per hour worked / % of total compensation; Qtr1=March, Qtr2=June, Qtr3=Sept, Qtr4=Dec reference periods. NAICS-based series start 2004 Q1."
CMU1010000000000D,civilian,total_comp,cost_per_hour_usd,2016,4,34.9,"BLS ECEC, https://data.bls.gov/timeseries/CMU1010000000000D","Employer cost per hour worked / % of total compensation; Qtr1=March, Qtr2=June, Qtr3=Sept, Qtr4=Dec reference periods. NAICS-based series start 2004 Q1."
CMU1010000000000D,civilian,total_comp,cost_per_hour_usd,2017,1,35.28,"BLS ECEC, https://data.bls.gov/timeseries/CMU1010000000000D","Employer cost per hour worked / % of total compensation; Qtr1=March, Qtr2=June, Qtr3=Sept, Qtr4=Dec reference periods. NAICS-based series start 2004 Q1."
CMU1010000000000D,civilian,total_comp,cost_per_hour_usd,2017,2,35.28,"BLS ECEC, https://data.bls.gov/timeseries/CMU1010000000000D","Employer cost per hour worked / % of total compensation; Qtr1=March, Qtr2=June, Qtr3=Sept, Qtr4=Dec reference periods. NAICS-based series start 2004 Q1."
CMU1010000000000D,civilian,total_comp,cost_per_hour_usd,2017,3,35.64,"BLS ECEC, https://data.bls.gov/timeseries/CMU1010000000000D","Employer cost per hour worked / % of total compensation; Qtr1=March, Qtr2=June, Qtr3=Sept, Qtr4=Dec reference periods. NAICS-based series start 2004 Q1."
CMU1010000000000D,civilian,total_comp,cost_per_hour_usd,2017,4,35.87,"BLS ECEC, https://data.bls.gov/timeseries/CMU1010000000000D","Employer cost per hour worked / % of total compensation; Qtr1=March, Qtr2=June, Qtr3=Sept, Qtr4=Dec reference periods. NAICS-based series start 2004 Q1."
CMU1010000000000D,civilian,total_comp,cost_per_hour_usd,2018,1,36.32,"BLS ECEC, https://data.bls.gov/timeseries/CMU1010000000000D","Employer cost per hour worked / % of total compensation; Qtr1=March, Qtr2=June, Qtr3=Sept, Qtr4=Dec reference periods. NAICS-based series start 2004 Q1."
CMU1010000000000D,civilian,total_comp,cost_per_hour_usd,2018,2,36.22,"BLS ECEC, https://data.bls.gov/timeseries/CMU1010000000000D","Employer cost per hour worked / % of total compensation; Qtr1=March, Qtr2=June, Qtr3=Sept, Qtr4=Dec reference periods. NAICS-based series start 2004 Q1."
CMU1010000000000D,civilian,total_comp,cost_per_hour_usd,2018,3,36.63,"BLS ECEC, https://data.bls.gov/timeseries/CMU1010000000000D","Employer cost per hour worked / % of total compensation; Qtr1=March, Qtr2=June, Qtr3=Sept, Qtr4=Dec reference periods. NAICS-based series start 2004 Q1."
CMU1010000000000D,civilian,total_comp,cost_per_hour_usd,2018,4,36.32,"BLS ECEC, https://data.bls.gov/timeseries/CMU1010000000000D","Employer cost per hour worked / % of total compensation; Qtr1=March, Qtr2=June, Qtr3=Sept, Qtr4=Dec reference periods. NAICS-based series start 2004 Q1."
CMU1010000000000D,civilian,total_comp,cost_per_hour_usd,2019,1,36.77,"BLS ECEC, https://data.bls.gov/timeseries/CMU1010000000000D","Employer cost per hour worked / % of total compensation; Qtr1=March, Qtr2=June, Qtr3=Sept, Qtr4=Dec reference periods. NAICS-based series start 2004 Q1."
CMU1010000000000D,civilian,total_comp,cost_per_hour_usd,2019,2,36.61,"BLS ECEC, https://data.bls.gov/timeseries/CMU1010000000000D","Employer cost per hour worked / % of total compensation; Qtr1=March, Qtr2=June, Qtr3=Sept, Qtr4=Dec reference periods. NAICS-based series start 2004 Q1."
CMU1010000000000D,civilian,total_comp,cost_per_hour_usd,2019,3,37.03,"BLS ECEC, https://data.bls.gov/timeseries/CMU1010000000000D","Employer cost per hour worked / % of total compensation; Qtr1=March, Qtr2=June, Qtr3=Sept, Qtr4=Dec reference periods. NAICS-based series start 2004 Q1."
CMU1010000000000D,civilian,total_comp,cost_per_hour_usd,2019,4,37.1,"BLS ECEC, https://data.bls.gov/timeseries/CMU1010000000000D","Employer cost per hour worked / % of total compensation; Qtr1=March, Qtr2=June, Qtr3=Sept, Qtr4=Dec reference periods. NAICS-based series start 2004 Q1."
CMU1010000000000D,civilian,total_comp,cost_per_hour_usd,2020,1,37.73,"BLS ECEC, https://data.bls.gov/timeseries/CMU1010000000000D","Employer cost per hour worked / % of total compensation; Qtr1=March, Qtr2=June, Qtr3=Sept, Qtr4=Dec reference periods. NAICS-based series start 2004 Q1."
CMU1010000000000D,civilian,total_comp,cost_per_hour_usd,2020,2,38.2,"BLS ECEC, https://data.bls.gov/timeseries/CMU1010000000000D","Employer cost per hour worked / % of total compensation; Qtr1=March, Qtr2=June, Qtr3=Sept, Qtr4=Dec reference periods. NAICS-based series start 2004 Q1."
CMU1010000000000D,civilian,total_comp,cost_per_hour_usd,2020,3,38.26,"BLS ECEC, https://data.bls.gov/timeseries/CMU1010000000000D","Employer cost per hour worked / % of total compensation; Qtr1=March, Qtr2=June, Qtr3=Sept, Qtr4=Dec reference periods. NAICS-based series start 2004 Q1."
CMU1010000000000D,civilian,total_comp,cost_per_hour_usd,2020,4,38.6,"BLS ECEC, https://data.bls.gov/timeseries/CMU1010000000000D","Employer cost per hour worked / % of total compensation; Qtr1=March, Qtr2=June, Qtr3=Sept, Qtr4=Dec reference periods. NAICS-based series start 2004 Q1."
CMU1010000000000D,civilian,total_comp,cost_per_hour_usd,2021,1,39.01,"BLS ECEC, https://data.bls.gov/timeseries/CMU1010000000000D","Employer cost per hour worked / % of total compensation; Qtr1=March, Qtr2=June, Qtr3=Sept, Qtr4=Dec reference periods. NAICS-based series start 2004 Q1."
CMU1010000000000D,civilian,total_comp,cost_per_hour_usd,2021,2,38.91,"BLS ECEC, https://data.bls.gov/timeseries/CMU1010000000000D","Employer cost per hour worked / % of total compensation; Qtr1=March, Qtr2=June, Qtr3=Sept, Qtr4=Dec reference periods. NAICS-based series start 2004 Q1."
CMU1010000000000D,civilian,total_comp,cost_per_hour_usd,2021,3,39.55,"BLS ECEC, https://data.bls.gov/timeseries/CMU1010000000000D","Employer cost per hour worked / % of total compensation; Qtr1=March, Qtr2=June, Qtr3=Sept, Qtr4=Dec reference periods. NAICS-based series start 2004 Q1."
CMU1010000000000D,civilian,total_comp,cost_per_hour_usd,2021,4,40.35,"BLS ECEC, https://data.bls.gov/timeseries/CMU1010000000000D","Employer cost per hour worked / % of total compensation; Qtr1=March, Qtr2=June, Qtr3=Sept, Qtr4=Dec reference periods. NAICS-based series start 2004 Q1."
CMU1010000000000D,civilian,total_comp,cost_per_hour_usd,2022,1,40.9,"BLS ECEC, https://data.bls.gov/timeseries/CMU1010000000000D","Employer cost per hour worked / % of total compensation; Qtr1=March, Qtr2=June, Qtr3=Sept, Qtr4=Dec reference periods. NAICS-based series start 2004 Q1."
CMU1010000000000D,civilian,total_comp,cost_per_hour_usd,2022,2,41.03,"BLS ECEC, https://data.bls.gov/timeseries/CMU1010000000000D","Employer cost per hour worked / % of total compensation; Qtr1=March, Qtr2=June, Qtr3=Sept, Qtr4=Dec reference periods. NAICS-based series start 2004 Q1."
CMU1010000000000D,civilian,total_comp,cost_per_hour_usd,2022,3,41.86,"BLS ECEC, https://data.bls.gov/timeseries/CMU1010000000000D","Employer cost per hour worked / % of total compensation; Qtr1=March, Qtr2=June, Qtr3=Sept, Qtr4=Dec reference periods. NAICS-based series start 2004 Q1."
CMU1010000000000D,civilian,total_comp,cost_per_hour_usd,2022,4,42.48,"BLS ECEC, https://data.bls.gov/timeseries/CMU1010000000000D","Employer cost per hour worked / % of total compensation; Qtr1=March, Qtr2=June, Qtr3=Sept, Qtr4=Dec reference periods. NAICS-based series start 2004 Q1."
CMU1010000000000D,civilian,total_comp,cost_per_hour_usd,2023,1,43.07,"BLS ECEC, https://data.bls.gov/timeseries/CMU1010000000000D","Employer cost per hour worked / % of total compensation; Qtr1=March, Qtr2=June, Qtr3=Sept, Qtr4=Dec reference periods. NAICS-based series start 2004 Q1."
CMU1010000000000D,civilian,total_comp,cost_per_hour_usd,2023,2,43.26,"BLS ECEC, https://data.bls.gov/timeseries/CMU1010000000000D","Employer cost per hour worked / % of total compensation; Qtr1=March, Qtr2=June, Qtr3=Sept, Qtr4=Dec reference periods. NAICS-based series start 2004 Q1."
CMU1010000000000D,civilian,total_comp,cost_per_hour_usd,2023,3,43.93,"BLS ECEC, https://data.bls.gov/timeseries/CMU1010000000000D","Employer cost per hour worked / % of total compensation; Qtr1=March, Qtr2=June, Qtr3=Sept, Qtr4=Dec reference periods. NAICS-based series start 2004 Q1."
CMU1010000000000D,civilian,total_comp,cost_per_hour_usd,2023,4,45.42,"BLS ECEC, https://data.bls.gov/timeseries/CMU1010000000000D","Employer cost per hour worked / % of total compensation; Qtr1=March, Qtr2=June, Qtr3=Sept, Qtr4=Dec reference periods. NAICS-based series start 2004 Q1."
CMU1010000000000D,civilian,total_comp,cost_per_hour_usd,2024,1,46.14,"BLS ECEC, https://data.bls.gov/timeseries/CMU1010000000000D","Employer cost per hour worked / % of total compensation; Qtr1=March, Qtr2=June, Qtr3=Sept, Qtr4=Dec reference periods. NAICS-based series start 2004 Q1."
CMU1010000000000D,civilian,total_comp,cost_per_hour_usd,2024,2,46.21,"BLS ECEC, https://data.bls.gov/timeseries/CMU1010000000000D","Employer cost per hour worked / % of total compensation; Qtr1=March, Qtr2=June, Qtr3=Sept, Qtr4=Dec reference periods. NAICS-based series start 2004 Q1."
CMU1010000000000D,civilian,total_comp,cost_per_hour_usd,2024,3,46.84,"BLS ECEC, https://data.bls.gov/timeseries/CMU1010000000000D","Employer cost per hour worked / % of total compensation; Qtr1=March, Qtr2=June, Qtr3=Sept, Qtr4=Dec reference periods. NAICS-based series start 2004 Q1."
CMU1010000000000D,civilian,total_comp,cost_per_hour_usd,2024,4,47.2,"BLS ECEC, https://data.bls.gov/timeseries/CMU1010000000000D","Employer cost per hour worked / % of total compensation; Qtr1=March, Qtr2=June, Qtr3=Sept, Qtr4=Dec reference periods. NAICS-based series start 2004 Q1."
CMU1010000000000D,civilian,total_comp,cost_per_hour_usd,2025,1,47.92,"BLS ECEC, https://data.bls.gov/timeseries/CMU1010000000000D","Employer cost per hour worked / % of total compensation; Qtr1=March, Qtr2=June, Qtr3=Sept, Qtr4=Dec reference periods. NAICS-based series start 2004 Q1."
CMU1010000000000D,civilian,total_comp,cost_per_hour_usd,2025,2,48.05,"BLS ECEC, https://data.bls.gov/timeseries/CMU1010000000000D","Employer cost per hour worked / % of total compensation; Qtr1=March, Qtr2=June, Qtr3=Sept, Qtr4=Dec reference periods. NAICS-based series start 2004 Q1."
CMU1010000000000D,civilian,total_comp,cost_per_hour_usd,2025,3,48.6,"BLS ECEC, https://data.bls.gov/timeseries/CMU1010000000000D","Employer cost per hour worked / % of total compensation; Qtr1=March, Qtr2=June, Qtr3=Sept, Qtr4=Dec reference periods. NAICS-based series start 2004 Q1."
CMU1010000000000D,civilian,total_comp,cost_per_hour_usd,2025,4,48.78,"BLS ECEC, https://data.bls.gov/timeseries/CMU1010000000000D","Employer cost per hour worked / % of total compensation; Qtr1=March, Qtr2=June, Qtr3=Sept, Qtr4=Dec reference periods. NAICS-based series start 2004 Q1."
CMU1010000000000D,civilian,total_comp,cost_per_hour_usd,2026,1,49.32,"BLS ECEC, https://data.bls.gov/timeseries/CMU1010000000000D","Employer cost per hour worked / % of total compensation; Qtr1=March, Qtr2=June, Qtr3=Sept, Qtr4=Dec reference periods. NAICS-based series start 2004 Q1."
CMU1010000000000D,civilian,total_comp,cost_per_hour_usd,2026,2,49.46,"BLS ECEC, https://data.bls.gov/timeseries/CMU1010000000000D","Employer cost per hour worked / % of total compensation; Qtr1=March, Qtr2=June, Qtr3=Sept, Qtr4=Dec reference periods. NAICS-based series start 2004 Q1."
CMU1010000000000P,civilian,total_comp,pct_total_comp,2004,1,100.0,"BLS ECEC, https://data.bls.gov/timeseries/CMU1010000000000P","Employer cost per hour worked / % of total compensation; Qtr1=March, Qtr2=June, Qtr3=Sept, Qtr4=Dec reference periods. NAICS-based series start 2004 Q1."
CMU1010000000000P,civilian,total_comp,pct_total_comp,2004,2,100.0,"BLS ECEC, https://data.bls.gov/timeseries/CMU1010000000000P","Employer cost per hour worked / % of total compensation; Qtr1=March, Qtr2=June, Qtr3=Sept, Qtr4=Dec reference periods. NAICS-based series start 2004 Q1."
CMU1010000000000P,civilian,total_comp,pct_total_comp,2004,3,100.0,"BLS ECEC, https://data.bls.gov/timeseries/CMU1010000000000P","Employer cost per hour worked / % of total compensation; Qtr1=March, Qtr2=June, Qtr3=Sept, Qtr4=Dec reference periods. NAICS-based series start 2004 Q1."
CMU1010000000000P,civilian,total_comp,pct_total_comp,2004,4,100.0,"BLS ECEC, https://data.bls.gov/timeseries/CMU1010000000000P","Employer cost per hour worked / % of total compensation; Qtr1=March, Qtr2=June, Qtr3=Sept, Qtr4=Dec reference periods. NAICS-based series start 2004 Q1."
CMU1010000000000P,civilian,total_comp,pct_total_comp,2005,1,100.0,"BLS ECEC, https://data.bls.gov/timeseries/CMU1010000000000P","Employer cost per hour worked / % of total compensation; Qtr1=March, Qtr2=June, Qtr3=Sept, Qtr4=Dec reference periods. NAICS-based series start 2004 Q1."
CMU1010000000000P,civilian,total_comp,pct_total_comp,2005,2,100.0,"BLS ECEC, https://data.bls.gov/timeseries/CMU1010000000000P","Employer cost per hour worked / % of total compensation; Qtr1=March, Qtr2=June, Qtr3=Sept, Qtr4=Dec reference periods. NAICS-based series start 2004 Q1."
CMU1010000000000P,civilian,total_comp,pct_total_comp,2005,3,100.0,"BLS ECEC, https://data.bls.gov/timeseries/CMU1010000000000P","Employer cost per hour worked / % of total compensation; Qtr1=March, Qtr2=June, Qtr3=Sept, Qtr4=Dec reference periods. NAICS-based series start 2004 Q1."
CMU1010000000000P,civilian,total_comp,pct_total_comp,2005,4,100.0,"BLS ECEC, https://data.bls.gov/timeseries/CMU1010000000000P","Employer cost per hour worked / % of total compensation; Qtr1=March, Qtr2=June, Qtr3=Sept, Qtr4=Dec reference periods. NAICS-based series start 2004 Q1."
CMU1010000000000P,civilian,total_comp,pct_total_comp,2006,1,100.0,"BLS ECEC, https://data.bls.gov/timeseries/CMU1010000000000P","Employer cost per hour worked / % of total compensation; Qtr1=March, Qtr2=June, Qtr3=Sept, Qtr4=Dec reference periods. NAICS-based series start 2004 Q1."
CMU1010000000000P,civilian,total_comp,pct_total_comp,2006,2,100.0,"BLS ECEC, https://data.bls.gov/timeseries/CMU1010000000000P","Employer cost per hour worked / % of total compensation; Qtr1=March, Qtr2=June, Qtr3=Sept, Qtr4=Dec reference periods. NAICS-based series start 2004 Q1."
CMU1010000000000P,civilian,total_comp,pct_total_comp,2006,3,100.0,"BLS ECEC, https://data.bls.gov/timeseries/CMU1010000000000P","Employer cost per hour worked / % of total compensation; Qtr1=March, Qtr2=June, Qtr3=Sept, Qtr4=Dec reference periods. NAICS-based series start 2004 Q1."
CMU1010000000000P,civilian,total_comp,pct_total_comp,2006,4,100.0,"BLS ECEC, https://data.bls.gov/timeseries/CMU1010000000000P","Employer cost per hour worked / % of total compensation; Qtr1=March, Qtr2=June, Qtr3=Sept, Qtr4=Dec reference periods. NAICS-based series start 2004 Q1."
CMU1010000000000P,civilian,total_comp,pct_total_comp,2007,1,100.0,"BLS ECEC, https://data.bls.gov/timeseries/CMU1010000000000P","Employer cost per hour worked / % of total compensation; Qtr1=March, Qtr2=June, Qtr3=Sept, Qtr4=Dec reference periods. NAICS-based series start 2004 Q1."
CMU1010000000000P,civilian,total_comp,pct_total_comp,2007,2,100.0,"BLS ECEC, https://data.bls.gov/timeseries/CMU1010000000000P","Employer cost per hour worked / % of total compensation; Qtr1=March, Qtr2=June, Qtr3=Sept, Qtr4=Dec reference periods. NAICS-based series start 2004 Q1."
CMU1010000000000P,civilian,total_comp,pct_total_comp,2007,3,100.0,"BLS ECEC, https://data.bls.gov/timeseries/CMU1010000000000P","Employer cost per hour worked / % of total compensation; Qtr1=March, Qtr2=June, Qtr3=Sept, Qtr4=Dec reference periods. NAICS-based series start 2004 Q1."
CMU1010000000000P,civilian,total_comp,pct_total_comp,2007,4,100.0,"BLS ECEC, https://data.bls.gov/timeseries/CMU1010000000000P","Employer cost per hour worked / % of total compensation; Qtr1=March, Qtr2=June, Qtr3=Sept, Qtr4=Dec reference periods. NAICS-based series start 2004 Q1."
CMU1010000000000P,civilian,total_comp,pct_total_comp,2008,1,100.0,"BLS ECEC, https://data.bls.gov/timeseries/CMU1010000000000P","Employer cost per hour worked / % of total compensation; Qtr1=March, Qtr2=June, Qtr3=Sept, Qtr4=Dec reference periods. NAICS-based series start 2004 Q1."
CMU1010000000000P,civilian,total_comp,pct_total_comp,2008,2,100.0,"BLS ECEC, https://data.bls.gov/timeseries/CMU1010000000000P","Employer cost per hour worked / % of total compensation; Qtr1=March, Qtr2=June, Qtr3=Sept, Qtr4=Dec reference periods. NAICS-based series start 2004 Q1."
CMU1010000000000P,civilian,total_comp,pct_total_comp,2008,3,100.0,"BLS ECEC, https://data.bls.gov/timeseries/CMU1010000000000P","Employer cost per hour worked / % of total compensation; Qtr1=March, Qtr2=June, Qtr3=Sept, Qtr4=Dec reference periods. NAICS-based series start 2004 Q1."
CMU1010000000000P,civilian,total_comp,pct_total_comp,2008,4,100.0,"BLS ECEC, https://data.bls.gov/timeseries/CMU1010000000000P","Employer cost per hour worked / % of total compensation; Qtr1=March, Qtr2=June, Qtr3=Sept, Qtr4=Dec reference periods. NAICS-based series start 2004 Q1."
CMU1010000000000P,civilian,total_comp,pct_total_comp,2009,1,100.0,"BLS ECEC, https://data.bls.gov/timeseries/CMU1010000000000P","Employer cost per hour worked / % of total compensation; Qtr1=March, Qtr2=June, Qtr3=Sept, Qtr4=Dec reference periods. NAICS-based series start 2004 Q1."
CMU1010000000000P,civilian,total_comp,pct_total_comp,2009,2,100.0,"BLS ECEC, https://data.bls.gov/timeseries/CMU1010000000000P","Employer cost per hour worked / % of total compensation; Qtr1=March, Qtr2=June, Qtr3=Sept, Qtr4=Dec reference periods. NAICS-based series start 2004 Q1."
CMU1010000000000P,civilian,total_comp,pct_total_comp,2009,3,100.0,"BLS ECEC, https://data.bls.gov/timeseries/CMU1010000000000P","Employer cost per hour worked / % of total compensation; Qtr1=March, Qtr2=June, Qtr3=Sept, Qtr4=Dec reference periods. NAICS-based series start 2004 Q1."
CMU1010000000000P,civilian,total_comp,pct_total_comp,2009,4,100.0,"BLS ECEC, https://data.bls.gov/timeseries/CMU1010000000000P","Employer cost per hour worked / % of total compensation; Qtr1=March, Qtr2=June, Qtr3=Sept, Qtr4=Dec reference periods. NAICS-based series start 2004 Q1."
CMU1010000000000P,civilian,total_comp,pct_total_comp,2010,1,100.0,"BLS ECEC, https://data.bls.gov/timeseries/CMU1010000000000P","Employer cost per hour worked / % of total compensation; Qtr1=March, Qtr2=June, Qtr3=Sept, Qtr4=Dec reference periods. NAICS-based series start 2004 Q1."
CMU1010000000000P,civilian,total_comp,pct_total_comp,2010,2,100.0,"BLS ECEC, https://data.bls.gov/timeseries/CMU1010000000000P","Employer cost per hour worked / % of total compensation; Qtr1=March, Qtr2=June, Qtr3=Sept, Qtr4=Dec reference periods. NAICS-based series start 2004 Q1."
CMU1010000000000P,civilian,total_comp,pct_total_comp,2010,3,100.0,"BLS ECEC, https://data.bls.gov/timeseries/CMU1010000000000P","Employer cost per hour worked / % of total compensation; Qtr1=March, Qtr2=June, Qtr3=Sept, Qtr4=Dec reference periods. NAICS-based series start 2004 Q1."
CMU1010000000000P,civilian,total_comp,pct_total_comp,2010,4,100.0,"BLS ECEC, https://data.bls.gov/timeseries/CMU1010000000000P","Employer cost per hour worked / % of total compensation; Qtr1=March, Qtr2=June, Qtr3=Sept, Qtr4=Dec reference periods. NAICS-based series start 2004 Q1."
CMU1010000000000P,civilian,total_comp,pct_total_comp,2011,1,100.0,"BLS ECEC, https://data.bls.gov/timeseries/CMU1010000000000P","Employer cost per hour worked / % of total compensation; Qtr1=March, Qtr2=June, Qtr3=Sept, Qtr4=Dec reference periods. NAICS-based series start 2004 Q1."
CMU1010000000000P,civilian,total_comp,pct_total_comp,2011,2,100.0,"BLS ECEC, https://data.bls.gov/timeseries/CMU1010000000000P","Employer cost per hour worked / % of total compensation; Qtr1=March, Qtr2=June, Qtr3=Sept, Qtr4=Dec reference periods. NAICS-based series start 2004 Q1."
CMU1010000000000P,civilian,total_comp,pct_total_comp,2011,3,100.0,"BLS ECEC, https://data.bls.gov/timeseries/CMU1010000000000P","Employer cost per hour worked / % of total compensation; Qtr1=March, Qtr2=June, Qtr3=Sept, Qtr4=Dec reference periods. NAICS-based series start 2004 Q1."
CMU1010000000000P,civilian,total_comp,pct_total_comp,2011,4,100.0,"BLS ECEC, https://data.bls.gov/timeseries/CMU1010000000000P","Employer cost per hour worked / % of total compensation; Qtr1=March, Qtr2=June, Qtr3=Sept, Qtr4=Dec reference periods. NAICS-based series start 2004 Q1."
CMU1010000000000P,civilian,total_comp,pct_total_comp,2012,1,100.0,"BLS ECEC, https://data.bls.gov/timeseries/CMU1010000000000P","Employer cost per hour worked / % of total compensation; Qtr1=March, Qtr2=June, Qtr3=Sept, Qtr4=Dec reference periods. NAICS-based series start 2004 Q1."
CMU1010000000000P,civilian,total_comp,pct_total_comp,2012,2,100.0,"BLS ECEC, https://data.bls.gov/timeseries/CMU1010000000000P","Employer cost per hour worked / % of total compensation; Qtr1=March, Qtr2=June, Qtr3=Sept, Qtr4=Dec reference periods. NAICS-based series start 2004 Q1."
CMU1010000000000P,civilian,total_comp,pct_total_comp,2012,3,100.0,"BLS ECEC, https://data.bls.gov/timeseries/CMU1010000000000P","Employer cost per hour worked / % of total compensation; Qtr1=March, Qtr2=June, Qtr3=Sept, Qtr4=Dec reference periods. NAICS-based series start 2004 Q1."
CMU1010000000000P,civilian,total_comp,pct_total_comp,2012,4,100.0,"BLS ECEC, https://data.bls.gov/timeseries/CMU1010000000000P","Employer cost per hour worked / % of total compensation; Qtr1=March, Qtr2=June, Qtr3=Sept, Qtr4=Dec reference periods. NAICS-based series start 2004 Q1."
CMU1010000000000P,civilian,total_comp,pct_total_comp,2013,1,100.0,"BLS ECEC, https://data.bls.gov/timeseries/CMU1010000000000P","Employer cost per hour worked / % of total compensation; Qtr1=March, Qtr2=June, Qtr3=Sept, Qtr4=Dec reference periods. NAICS-based series start 2004 Q1."
CMU1010000000000P,civilian,total_comp,pct_total_comp,2013,2,100.0,"BLS ECEC, https://data.bls.gov/timeseries/CMU1010000000000P","Employer cost per hour worked / % of total compensation; Qtr1=March, Qtr2=June, Qtr3=Sept, Qtr4=Dec reference periods. NAICS-based series start 2004 Q1."
CMU1010000000000P,civilian,total_comp,pct_total_comp,2013,3,100.0,"BLS ECEC, https://data.bls.gov/timeseries/CMU1010000000000P","Employer cost per hour worked / % of total compensation; Qtr1=March, Qtr2=June, Qtr3=Sept, Qtr4=Dec reference periods. NAICS-based series start 2004 Q1."
CMU1010000000000P,civilian,total_comp,pct_total_comp,2013,4,100.0,"BLS ECEC, https://data.bls.gov/timeseries/CMU1010000000000P","Employer cost per hour worked / % of total compensation; Qtr1=March, Qtr2=June, Qtr3=Sept, Qtr4=Dec reference periods. NAICS-based series start 2004 Q1."
CMU1010000000000P,civilian,total_comp,pct_total_comp,2014,1,100.0,"BLS ECEC, https://data.bls.gov/timeseries/CMU1010000000000P","Employer cost per hour worked / % of total compensation; Qtr1=March, Qtr2=June, Qtr3=Sept, Qtr4=Dec reference periods. NAICS-based series start 2004 Q1."
CMU1010000000000P,civilian,total_comp,pct_total_comp,2014,2,100.0,"BLS ECEC, https://data.bls.gov/timeseries/CMU1010000000000P","Employer cost per hour worked / % of total compensation; Qtr1=March, Qtr2=June, Qtr3=Sept, Qtr4=Dec reference periods. NAICS-based series start 2004 Q1."
CMU1010000000000P,civilian,total_comp,pct_total_comp,2014,3,100.0,"BLS ECEC, https://data.bls.gov/timeseries/CMU1010000000000P","Employer cost per hour worked / % of total compensation; Qtr1=March, Qtr2=June, Qtr3=Sept, Qtr4=Dec reference periods. NAICS-based series start 2004 Q1."
CMU1010000000000P,civilian,total_comp,pct_total_comp,2014,4,100.0,"BLS ECEC, https://data.bls.gov/timeseries/CMU1010000000000P","Employer cost per hour worked / % of total compensation; Qtr1=March, Qtr2=June, Qtr3=Sept, Qtr4=Dec reference periods. NAICS-based series start 2004 Q1."
CMU1010000000000P,civilian,total_comp,pct_total_comp,2015,1,100.0,"BLS ECEC, https://data.bls.gov/timeseries/CMU1010000000000P","Employer cost per hour worked / % of total compensation; Qtr1=March, Qtr2=June, Qtr3=Sept, Qtr4=Dec reference periods. NAICS-based series start 2004 Q1."
CMU1010000000000P,civilian,total_comp,pct_total_comp,2015,2,100.0,"BLS ECEC, https://data.bls.gov/timeseries/CMU1010000000000P","Employer cost per hour worked / % of total compensation; Qtr1=March, Qtr2=June, Qtr3=Sept, Qtr4=Dec reference periods. NAICS-based series start 2004 Q1."
CMU1010000000000P,civilian,total_comp,pct_total_comp,2015,3,100.0,"BLS ECEC, https://data.bls.gov/timeseries/CMU1010000000000P","Employer cost per hour worked / % of total compensation; Qtr1=March, Qtr2=June, Qtr3=Sept, Qtr4=Dec reference periods. NAICS-based series start 2004 Q1."
CMU1010000000000P,civilian,total_comp,pct_total_comp,2015,4,100.0,"BLS ECEC, https://data.bls.gov/timeseries/CMU1010000000000P","Employer cost per hour worked / % of total compensation; Qtr1=March, Qtr2=June, Qtr3=Sept, Qtr4=Dec reference periods. NAICS-based series start 2004 Q1."
CMU1010000000000P,civilian,total_comp,pct_total_comp,2016,1,100.0,"BLS ECEC, https://data.bls.gov/timeseries/CMU1010000000000P","Employer cost per hour worked / % of total compensation; Qtr1=March, Qtr2=June, Qtr3=Sept, Qtr4=Dec reference periods. NAICS-based series start 2004 Q1."
CMU1010000000000P,civilian,total_comp,pct_total_comp,2016,2,100.0,"BLS ECEC, https://data.bls.gov/timeseries/CMU1010000000000P","Employer cost per hour worked / % of total compensation; Qtr1=March, Qtr2=June, Qtr3=Sept, Qtr4=Dec reference periods. NAICS-based series start 2004 Q1."
CMU1010000000000P,civilian,total_comp,pct_total_comp,2016,3,100.0,"BLS ECEC, https://data.bls.gov/timeseries/CMU1010000000000P","Employer cost per hour worked / % of total compensation; Qtr1=March, Qtr2=June, Qtr3=Sept, Qtr4=Dec reference periods. NAICS-based series start 2004 Q1."
CMU1010000000000P,civilian,total_comp,pct_total_comp,2016,4,100.0,"BLS ECEC, https://data.bls.gov/timeseries/CMU1010000000000P","Employer cost per hour worked / % of total compensation; Qtr1=March, Qtr2=June, Qtr3=Sept, Qtr4=Dec reference periods. NAICS-based series start 2004 Q1."
CMU1010000000000P,civilian,total_comp,pct_total_comp,2017,1,100.0,"BLS ECEC, https://data.bls.gov/timeseries/CMU1010000000000P","Employer cost per hour worked / % of total compensation; Qtr1=March, Qtr2=June, Qtr3=Sept, Qtr4=Dec reference periods. NAICS-based series start 2004 Q1."
CMU1010000000000P,civilian,total_comp,pct_total_comp,2017,2,100.0,"BLS ECEC, https://data.bls.gov/timeseries/CMU1010000000000P","Employer cost per hour worked / % of total compensation; Qtr1=March, Qtr2=June, Qtr3=Sept, Qtr4=Dec reference periods. NAICS-based series start 2004 Q1."
CMU1010000000000P,civilian,total_comp,pct_total_comp,2017,3,100.0,"BLS ECEC, https://data.bls.gov/timeseries/CMU1010000000000P","Employer cost per hour worked / % of total compensation; Qtr1=March, Qtr2=June, Qtr3=Sept, Qtr4=Dec reference periods. NAICS-based series start 2004 Q1."
CMU1010000000000P,civilian,total_comp,pct_total_comp,2017,4,100.0,"BLS ECEC, https://data.bls.gov/timeseries/CMU1010000000000P","Employer cost per hour worked / % of total compensation; Qtr1=March, Qtr2=June, Qtr3=Sept, Qtr4=Dec reference periods. NAICS-based series start 2004 Q1."
CMU1010000000000P,civilian,total_comp,pct_total_comp,2018,1,100.0,"BLS ECEC, https://data.bls.gov/timeseries/CMU1010000000000P","Employer cost per hour worked / % of total compensation; Qtr1=March, Qtr2=June, Qtr3=Sept, Qtr4=Dec reference periods. NAICS-based series start 2004 Q1."
CMU1010000000000P,civilian,total_comp,pct_total_comp,2018,2,100.0,"BLS ECEC, https://data.bls.gov/timeseries/CMU1010000000000P","Employer cost per hour worked / % of total compensation; Qtr1=March, Qtr2=June, Qtr3=Sept, Qtr4=Dec reference periods. NAICS-based series start 2004 Q1."
CMU1010000000000P,civilian,total_comp,pct_total_comp,2018,3,100.0,"BLS ECEC, https://data.bls.gov/timeseries/CMU1010000000000P","Employer cost per hour worked / % of total compensation; Qtr1=March, Qtr2=June, Qtr3=Sept, Qtr4=Dec reference periods. NAICS-based series start 2004 Q1."
CMU1010000000000P,civilian,total_comp,pct_total_comp,2018,4,100.0,"BLS ECEC, https://data.bls.gov/timeseries/CMU1010000000000P","Employer cost per hour worked / % of total compensation; Qtr1=March, Qtr2=June, Qtr3=Sept, Qtr4=Dec reference periods. NAICS-based series start 2004 Q1."
CMU1010000000000P,civilian,total_comp,pct_total_comp,2019,1,100.0,"BLS ECEC, https://data.bls.gov/timeseries/CMU1010000000000P","Employer cost per hour worked / % of total compensation; Qtr1=March, Qtr2=June, Qtr3=Sept, Qtr4=Dec reference periods. NAICS-based series start 2004 Q1."
CMU1010000000000P,civilian,total_comp,pct_total_comp,2019,2,100.0,"BLS ECEC, https://data.bls.gov/timeseries/CMU1010000000000P","Employer cost per hour worked / % of total compensation; Qtr1=March, Qtr2=June, Qtr3=Sept, Qtr4=Dec reference periods. NAICS-based series start 2004 Q1."
CMU1010000000000P,civilian,total_comp,pct_total_comp,2019,3,100.0,"BLS ECEC, https://data.bls.gov/timeseries/CMU1010000000000P","Employer cost per hour worked / % of total compensation; Qtr1=March, Qtr2=June, Qtr3=Sept, Qtr4=Dec reference periods. NAICS-based series start 2004 Q1."
CMU1010000000000P,civilian,total_comp,pct_total_comp,2019,4,100.0,"BLS ECEC, https://data.bls.gov/timeseries/CMU1010000000000P","Employer cost per hour worked / % of total compensation; Qtr1=March, Qtr2=June, Qtr3=Sept, Qtr4=Dec reference periods. NAICS-based series start 2004 Q1."
CMU1010000000000P,civilian,total_comp,pct_total_comp,2020,1,100.0,"BLS ECEC, https://data.bls.gov/timeseries/CMU1010000000000P","Employer cost per hour worked / % of total compensation; Qtr1=March, Qtr2=June, Qtr3=Sept, Qtr4=Dec reference periods. NAICS-based series start 2004 Q1."
CMU1010000000000P,civilian,total_comp,pct_total_comp,2020,2,100.0,"BLS ECEC, https://data.bls.gov/timeseries/CMU1010000000000P","Employer cost per hour worked / % of total compensation; Qtr1=March, Qtr2=June, Qtr3=Sept, Qtr4=Dec reference periods. NAICS-based series start 2004 Q1."
CMU1010000000000P,civilian,total_comp,pct_total_comp,2020,3,100.0,"BLS ECEC, https://data.bls.gov/timeseries/CMU1010000000000P","Employer cost per hour worked / % of total compensation; Qtr1=March, Qtr2=June, Qtr3=Sept, Qtr4=Dec reference periods. NAICS-based series start 2004 Q1."
CMU1010000000000P,civilian,total_comp,pct_total_comp,2020,4,100.0,"BLS ECEC, https://data.bls.gov/timeseries/CMU1010000000000P","Employer cost per hour worked / % of total compensation; Qtr1=March, Qtr2=June, Qtr3=Sept, Qtr4=Dec reference periods. NAICS-based series start 2004 Q1."
CMU1010000000000P,civilian,total_comp,pct_total_comp,2021,1,100.0,"BLS ECEC, https://data.bls.gov/timeseries/CMU1010000000000P","Employer cost per hour worked / % of total compensation; Qtr1=March, Qtr2=June, Qtr3=Sept, Qtr4=Dec reference periods. NAICS-based series start 2004 Q1."
CMU1010000000000P,civilian,total_comp,pct_total_comp,2021,2,100.0,"BLS ECEC, https://data.bls.gov/timeseries/CMU1010000000000P","Employer cost per hour worked / % of total compensation; Qtr1=March, Qtr2=June, Qtr3=Sept, Qtr4=Dec reference periods. NAICS-based series start 2004 Q1."
CMU1010000000000P,civilian,total_comp,pct_total_comp,2021,3,100.0,"BLS ECEC, https://data.bls.gov/timeseries/CMU1010000000000P","Employer cost per hour worked / % of total compensation; Qtr1=March, Qtr2=June, Qtr3=Sept, Qtr4=Dec reference periods. NAICS-based series start 2004 Q1."
CMU1010000000000P,civilian,total_comp,pct_total_comp,2021,4,100.0,"BLS ECEC, https://data.bls.gov/timeseries/CMU1010000000000P","Employer cost per hour worked / % of total compensation; Qtr1=March, Qtr2=June, Qtr3=Sept, Qtr4=Dec reference periods. NAICS-based series start 2004 Q1."
CMU1010000000000P,civilian,total_comp,pct_total_comp,2022,1,100.0,"BLS ECEC, https://data.bls.gov/timeseries/CMU1010000000000P","Employer cost per hour worked / % of total compensation; Qtr1=March, Qtr2=June, Qtr3=Sept, Qtr4=Dec reference periods. NAICS-based series start 2004 Q1."
CMU1010000000000P,civilian,total_comp,pct_total_comp,2022,2,100.0,"BLS ECEC, https://data.bls.gov/timeseries/CMU1010000000000P","Employer cost per hour worked / % of total compensation; Qtr1=March, Qtr2=June, Qtr3=Sept, Qtr4=Dec reference periods. NAICS-based series start 2004 Q1."
CMU1010000000000P,civilian,total_comp,pct_total_comp,2022,3,100.0,"BLS ECEC, https://data.bls.gov/timeseries/CMU1010000000000P","Employer cost per hour worked / % of total compensation; Qtr1=March, Qtr2=June, Qtr3=Sept, Qtr4=Dec reference periods. NAICS-based series start 2004 Q1."
CMU1010000000000P,civilian,total_comp,pct_total_comp,2022,4,100.0,"BLS ECEC, https://data.bls.gov/timeseries/CMU1010000000000P","Employer cost per hour worked / % of total compensation; Qtr1=March, Qtr2=June, Qtr3=Sept, Qtr4=Dec reference periods. NAICS-based series start 2004 Q1."
CMU1010000000000P,civilian,total_comp,pct_total_comp,2023,1,100.0,"BLS ECEC, https://data.bls.gov/timeseries/CMU1010000000000P","Employer cost per hour worked / % of total compensation; Qtr1=March, Qtr2=June, Qtr3=Sept, Qtr4=Dec reference periods. NAICS-based series start 2004 Q1."
CMU1010000000000P,civilian,total_comp,pct_total_comp,2023,2,100.0,"BLS ECEC, https://data.bls.gov/timeseries/CMU1010000000000P","Employer cost per hour worked / % of total compensation; Qtr1=March, Qtr2=June, Qtr3=Sept, Qtr4=Dec reference periods. NAICS-based series start 2004 Q1."
CMU1010000000000P,civilian,total_comp,pct_total_comp,2023,3,100.0,"BLS ECEC, https://data.bls.gov/timeseries/CMU1010000000000P","Employer cost per hour worked / % of total compensation; Qtr1=March, Qtr2=June, Qtr3=Sept, Qtr4=Dec reference periods. NAICS-based series start 2004 Q1."
CMU1010000000000P,civilian,total_comp,pct_total_comp,2023,4,100.0,"BLS ECEC, https://data.bls.gov/timeseries/CMU1010000000000P","Employer cost per hour worked / % of total compensation; Qtr1=March, Qtr2=June, Qtr3=Sept, Qtr4=Dec reference periods. NAICS-based series start 2004 Q1."
CMU1010000000000P,civilian,total_comp,pct_total_comp,2024,1,100.0,"BLS ECEC, https://data.bls.gov/timeseries/CMU1010000000000P","Employer cost per hour worked / % of total compensation; Qtr1=March, Qtr2=June, Qtr3=Sept, Qtr4=Dec reference periods. NAICS-based series start 2004 Q1."
CMU1010000000000P,civilian,total_comp,pct_total_comp,2024,2,100.0,"BLS ECEC, https://data.bls.gov/timeseries/CMU1010000000000P","Employer cost per hour worked / % of total compensation; Qtr1=March, Qtr2=June, Qtr3=Sept, Qtr4=Dec reference periods. NAICS-based series start 2004 Q1."
CMU1010000000000P,civilian,total_comp,pct_total_comp,2024,3,100.0,"BLS ECEC, https://data.bls.gov/timeseries/CMU1010000000000P","Employer cost per hour worked / % of total compensation; Qtr1=March, Qtr2=June, Qtr3=Sept, Qtr4=Dec reference periods. NAICS-based series start 2004 Q1."
CMU1010000000000P,civilian,total_comp,pct_total_comp,2024,4,100.0,"BLS ECEC, https://data.bls.gov/timeseries/CMU1010000000000P","Employer cost per hour worked / % of total compensation; Qtr1=March, Qtr2=June, Qtr3=Sept, Qtr4=Dec reference periods. NAICS-based series start 2004 Q1."
CMU1010000000000P,civilian,total_comp,pct_total_comp,2025,1,100.0,"BLS ECEC, https://data.bls.gov/timeseries/CMU1010000000000P","Employer cost per hour worked / % of total compensation; Qtr1=March, Qtr2=June, Qtr3=Sept, Qtr4=Dec reference periods. NAICS-based series start 2004 Q1."
CMU1010000000000P,civilian,total_comp,pct_total_comp,2025,2,100.0,"BLS ECEC, https://data.bls.gov/timeseries/CMU1010000000000P","Employer cost per hour worked / % of total compensation; Qtr1=March, Qtr2=June, Qtr3=Sept, Qtr4=Dec reference periods. NAICS-based series start 2004 Q1."
CMU1010000000000P,civilian,total_comp,pct_total_comp,2025,3,100.0,"BLS ECEC, https://data.bls.gov/timeseries/CMU1010000000000P","Employer cost per hour worked / % of total compensation; Qtr1=March, Qtr2=June, Qtr3=Sept, Qtr4=Dec reference periods. NAICS-based series start 2004 Q1."
CMU1010000000000P,civilian,total_comp,pct_total_comp,2025,4,100.0,"BLS ECEC, https://data.bls.gov/timeseries/CMU1010000000000P","Employer cost per hour worked / % of total compensation; Qtr1=March, Qtr2=June, Qtr3=Sept, Qtr4=Dec reference periods. NAICS-based series start 2004 Q1."
CMU1010000000000P,civilian,total_comp,pct_total_comp,2026,1,100.0,"BLS ECEC, https://data.bls.gov/timeseries/CMU1010000000000P","Employer cost per hour worked / % of total compensation; Qtr1=March, Qtr2=June, Qtr3=Sept, Qtr4=Dec reference periods. NAICS-based series start 2004 Q1."
CMU1010000000000P,civilian,total_comp,pct_total_comp,2026,2,100.0,"BLS ECEC, https://data.bls.gov/timeseries/CMU1010000000000P","Employer cost per hour worked / % of total compensation; Qtr1=March, Qtr2=June, Qtr3=Sept, Qtr4=Dec reference periods. NAICS-based series start 2004 Q1."
CMU1020000000000D,civilian,wages,cost_per_hour_usd,2004,1,17.71,"BLS ECEC, https://data.bls.gov/timeseries/CMU1020000000000D","Employer cost per hour worked / % of total compensation; Qtr1=March, Qtr2=June, Qtr3=Sept, Qtr4=Dec reference periods. NAICS-based series start 2004 Q1."
CMU1020000000000D,civilian,wages,cost_per_hour_usd,2004,2,17.7,"BLS ECEC, https://data.bls.gov/timeseries/CMU1020000000000D","Employer cost per hour worked / % of total compensation; Qtr1=March, Qtr2=June, Qtr3=Sept, Qtr4=Dec reference periods. NAICS-based series start 2004 Q1."
CMU1020000000000D,civilian,wages,cost_per_hour_usd,2004,3,17.96,"BLS ECEC, https://data.bls.gov/timeseries/CMU1020000000000D","Employer cost per hour worked / % of total compensation; Qtr1=March, Qtr2=June, Qtr3=Sept, Qtr4=Dec reference periods. NAICS-based series start 2004 Q1."
CMU1020000000000D,civilian,wages,cost_per_hour_usd,2004,4,18.07,"BLS ECEC, https://data.bls.gov/timeseries/CMU1020000000000D","Employer cost per hour worked / % of total compensation; Qtr1=March, Qtr2=June, Qtr3=Sept, Qtr4=Dec reference periods. NAICS-based series start 2004 Q1."
CMU1020000000000D,civilian,wages,cost_per_hour_usd,2005,1,18.22,"BLS ECEC, https://data.bls.gov/timeseries/CMU1020000000000D","Employer cost per hour worked / % of total compensation; Qtr1=March, Qtr2=June, Qtr3=Sept, Qtr4=Dec reference periods. NAICS-based series start 2004 Q1."
CMU1020000000000D,civilian,wages,cost_per_hour_usd,2005,2,18.21,"BLS ECEC, https://data.bls.gov/timeseries/CMU1020000000000D","Employer cost per hour worked / % of total compensation; Qtr1=March, Qtr2=June, Qtr3=Sept, Qtr4=Dec reference periods. NAICS-based series start 2004 Q1."
CMU1020000000000D,civilian,wages,cost_per_hour_usd,2005,3,18.28,"BLS ECEC, https://data.bls.gov/timeseries/CMU1020000000000D","Employer cost per hour worked / % of total compensation; Qtr1=March, Qtr2=June, Qtr3=Sept, Qtr4=Dec reference periods. NAICS-based series start 2004 Q1."
CMU1020000000000D,civilian,wages,cost_per_hour_usd,2005,4,18.59,"BLS ECEC, https://data.bls.gov/timeseries/CMU1020000000000D","Employer cost per hour worked / % of total compensation; Qtr1=March, Qtr2=June, Qtr3=Sept, Qtr4=Dec reference periods. NAICS-based series start 2004 Q1."
CMU1020000000000D,civilian,wages,cost_per_hour_usd,2006,1,18.82,"BLS ECEC, https://data.bls.gov/timeseries/CMU1020000000000D","Employer cost per hour worked / % of total compensation; Qtr1=March, Qtr2=June, Qtr3=Sept, Qtr4=Dec reference periods. NAICS-based series start 2004 Q1."
CMU1020000000000D,civilian,wages,cost_per_hour_usd,2006,2,18.8,"BLS ECEC, https://data.bls.gov/timeseries/CMU1020000000000D","Employer cost per hour worked / % of total compensation; Qtr1=March, Qtr2=June, Qtr3=Sept, Qtr4=Dec reference periods. NAICS-based series start 2004 Q1."
CMU1020000000000D,civilian,wages,cost_per_hour_usd,2006,3,19.12,"BLS ECEC, https://data.bls.gov/timeseries/CMU1020000000000D","Employer cost per hour worked / % of total compensation; Qtr1=March, Qtr2=June, Qtr3=Sept, Qtr4=Dec reference periods. NAICS-based series start 2004 Q1."
CMU1020000000000D,civilian,wages,cost_per_hour_usd,2006,4,19.24,"BLS ECEC, https://data.bls.gov/timeseries/CMU1020000000000D","Employer cost per hour worked / % of total compensation; Qtr1=March, Qtr2=June, Qtr3=Sept, Qtr4=Dec reference periods. NAICS-based series start 2004 Q1."
CMU1020000000000D,civilian,wages,cost_per_hour_usd,2007,1,19.47,"BLS ECEC, https://data.bls.gov/timeseries/CMU1020000000000D","Employer cost per hour worked / % of total compensation; Qtr1=March, Qtr2=June, Qtr3=Sept, Qtr4=Dec reference periods. NAICS-based series start 2004 Q1."
CMU1020000000000D,civilian,wages,cost_per_hour_usd,2007,2,19.38,"BLS ECEC, https://data.bls.gov/timeseries/CMU1020000000000D","Employer cost per hour worked / % of total compensation; Qtr1=March, Qtr2=June, Qtr3=Sept, Qtr4=Dec reference periods. NAICS-based series start 2004 Q1."
CMU1020000000000D,civilian,wages,cost_per_hour_usd,2007,3,19.56,"BLS ECEC, https://data.bls.gov/timeseries/CMU1020000000000D","Employer cost per hour worked / % of total compensation; Qtr1=March, Qtr2=June, Qtr3=Sept, Qtr4=Dec reference periods. NAICS-based series start 2004 Q1."
CMU1020000000000D,civilian,wages,cost_per_hour_usd,2007,4,19.62,"BLS ECEC, https://data.bls.gov/timeseries/CMU1020000000000D","Employer cost per hour worked / % of total compensation; Qtr1=March, Qtr2=June, Qtr3=Sept, Qtr4=Dec reference periods. NAICS-based series start 2004 Q1."
CMU1020000000000D,civilian,wages,cost_per_hour_usd,2008,1,19.83,"BLS ECEC, https://data.bls.gov/timeseries/CMU1020000000000D","Employer cost per hour worked / % of total compensation; Qtr1=March, Qtr2=June, Qtr3=Sept, Qtr4=Dec reference periods. NAICS-based series start 2004 Q1."
CMU1020000000000D,civilian,wages,cost_per_hour_usd,2008,2,19.85,"BLS ECEC, https://data.bls.gov/timeseries/CMU1020000000000D","Employer cost per hour worked / % of total compensation; Qtr1=March, Qtr2=June, Qtr3=Sept, Qtr4=Dec reference periods. NAICS-based series start 2004 Q1."
CMU1020000000000D,civilian,wages,cost_per_hour_usd,2008,3,20.13,"BLS ECEC, https://data.bls.gov/timeseries/CMU1020000000000D","Employer cost per hour worked / % of total compensation; Qtr1=March, Qtr2=June, Qtr3=Sept, Qtr4=Dec reference periods. NAICS-based series start 2004 Q1."
CMU1020000000000D,civilian,wages,cost_per_hour_usd,2008,4,20.37,"BLS ECEC, https://data.bls.gov/timeseries/CMU1020000000000D","Employer cost per hour worked / % of total compensation; Qtr1=March, Qtr2=June, Qtr3=Sept, Qtr4=Dec reference periods. NAICS-based series start 2004 Q1."
CMU1020000000000D,civilian,wages,cost_per_hour_usd,2009,1,20.49,"BLS ECEC, https://data.bls.gov/timeseries/CMU1020000000000D","Employer cost per hour worked / % of total compensation; Qtr1=March, Qtr2=June, Qtr3=Sept, Qtr4=Dec reference periods. NAICS-based series start 2004 Q1."
CMU1020000000000D,civilian,wages,cost_per_hour_usd,2009,2,20.42,"BLS ECEC, https://data.bls.gov/timeseries/CMU1020000000000D","Employer cost per hour worked / % of total compensation; Qtr1=March, Qtr2=June, Qtr3=Sept, Qtr4=Dec reference periods. NAICS-based series start 2004 Q1."
CMU1020000000000D,civilian,wages,cost_per_hour_usd,2009,3,20.5,"BLS ECEC, https://data.bls.gov/timeseries/CMU1020000000000D","Employer cost per hour worked / % of total compensation; Qtr1=March, Qtr2=June, Qtr3=Sept, Qtr4=Dec reference periods. NAICS-based series start 2004 Q1."
CMU1020000000000D,civilian,wages,cost_per_hour_usd,2009,4,20.49,"BLS ECEC, https://data.bls.gov/timeseries/CMU1020000000000D","Employer cost per hour worked / % of total compensation; Qtr1=March, Qtr2=June, Qtr3=Sept, Qtr4=Dec reference periods. NAICS-based series start 2004 Q1."
CMU1020000000000D,civilian,wages,cost_per_hour_usd,2010,1,20.67,"BLS ECEC, https://data.bls.gov/timeseries/CMU1020000000000D","Employer cost per hour worked / % of total compensation; Qtr1=March, Qtr2=June, Qtr3=Sept, Qtr4=Dec reference periods. NAICS-based series start 2004 Q1."
CMU1020000000000D,civilian,wages,cost_per_hour_usd,2010,2,20.55,"BLS ECEC, https://data.bls.gov/timeseries/CMU1020000000000D","Employer cost per hour worked / % of total compensation; Qtr1=March, Qtr2=June, Qtr3=Sept, Qtr4=Dec reference periods. NAICS-based series start 2004 Q1."
CMU1020000000000D,civilian,wages,cost_per_hour_usd,2010,3,20.69,"BLS ECEC, https://data.bls.gov/timeseries/CMU1020000000000D","Employer cost per hour worked / % of total compensation; Qtr1=March, Qtr2=June, Qtr3=Sept, Qtr4=Dec reference periods. NAICS-based series start 2004 Q1."
CMU1020000000000D,civilian,wages,cost_per_hour_usd,2010,4,20.71,"BLS ECEC, https://data.bls.gov/timeseries/CMU1020000000000D","Employer cost per hour worked / % of total compensation; Qtr1=March, Qtr2=June, Qtr3=Sept, Qtr4=Dec reference periods. NAICS-based series start 2004 Q1."
CMU1020000000000D,civilian,wages,cost_per_hour_usd,2011,1,20.91,"BLS ECEC, https://data.bls.gov/timeseries/CMU1020000000000D","Employer cost per hour worked / % of total compensation; Qtr1=March, Qtr2=June, Qtr3=Sept, Qtr4=Dec reference periods. NAICS-based series start 2004 Q1."
CMU1020000000000D,civilian,wages,cost_per_hour_usd,2011,2,20.8,"BLS ECEC, https://data.bls.gov/timeseries/CMU1020000000000D","Employer cost per hour worked / % of total compensation; Qtr1=March, Qtr2=June, Qtr3=Sept, Qtr4=Dec reference periods. NAICS-based series start 2004 Q1."
CMU1020000000000D,civilian,wages,cost_per_hour_usd,2011,3,20.91,"BLS ECEC, https://data.bls.gov/timeseries/CMU1020000000000D","Employer cost per hour worked / % of total compensation; Qtr1=March, Qtr2=June, Qtr3=Sept, Qtr4=Dec reference periods. NAICS-based series start 2004 Q1."
CMU1020000000000D,civilian,wages,cost_per_hour_usd,2011,4,21.14,"BLS ECEC, https://data.bls.gov/timeseries/CMU1020000000000D","Employer cost per hour worked / % of total compensation; Qtr1=March, Qtr2=June, Qtr3=Sept, Qtr4=Dec reference periods. NAICS-based series start 2004 Q1."
CMU1020000000000D,civilian,wages,cost_per_hour_usd,2012,1,21.27,"BLS ECEC, https://data.bls.gov/timeseries/CMU1020000000000D","Employer cost per hour worked / % of total compensation; Qtr1=March, Qtr2=June, Qtr3=Sept, Qtr4=Dec reference periods. NAICS-based series start 2004 Q1."
CMU1020000000000D,civilian,wages,cost_per_hour_usd,2012,2,21.22,"BLS ECEC, https://data.bls.gov/timeseries/CMU1020000000000D","Employer cost per hour worked / % of total compensation; Qtr1=March, Qtr2=June, Qtr3=Sept, Qtr4=Dec reference periods. NAICS-based series start 2004 Q1."
CMU1020000000000D,civilian,wages,cost_per_hour_usd,2012,3,21.32,"BLS ECEC, https://data.bls.gov/timeseries/CMU1020000000000D","Employer cost per hour worked / % of total compensation; Qtr1=March, Qtr2=June, Qtr3=Sept, Qtr4=Dec reference periods. NAICS-based series start 2004 Q1."
CMU1020000000000D,civilian,wages,cost_per_hour_usd,2012,4,21.35,"BLS ECEC, https://data.bls.gov/timeseries/CMU1020000000000D","Employer cost per hour worked / % of total compensation; Qtr1=March, Qtr2=June, Qtr3=Sept, Qtr4=Dec reference periods. NAICS-based series start 2004 Q1."
CMU1020000000000D,civilian,wages,cost_per_hour_usd,2013,1,21.5,"BLS ECEC, https://data.bls.gov/timeseries/CMU1020000000000D","Employer cost per hour worked / % of total compensation; Qtr1=March, Qtr2=June, Qtr3=Sept, Qtr4=Dec reference periods. NAICS-based series start 2004 Q1."
CMU1020000000000D,civilian,wages,cost_per_hour_usd,2013,2,21.44,"BLS ECEC, https://data.bls.gov/timeseries/CMU1020000000000D","Employer cost per hour worked / % of total compensation; Qtr1=March, Qtr2=June, Qtr3=Sept, Qtr4=Dec reference periods. NAICS-based series start 2004 Q1."
CMU1020000000000D,civilian,wages,cost_per_hour_usd,2013,3,21.54,"BLS ECEC, https://data.bls.gov/timeseries/CMU1020000000000D","Employer cost per hour worked / % of total compensation; Qtr1=March, Qtr2=June, Qtr3=Sept, Qtr4=Dec reference periods. NAICS-based series start 2004 Q1."
CMU1020000000000D,civilian,wages,cost_per_hour_usd,2013,4,21.77,"BLS ECEC, https://data.bls.gov/timeseries/CMU1020000000000D","Employer cost per hour worked / % of total compensation; Qtr1=March, Qtr2=June, Qtr3=Sept, Qtr4=Dec reference periods. NAICS-based series start 2004 Q1."
CMU1020000000000D,civilian,wages,cost_per_hour_usd,2014,1,21.96,"BLS ECEC, https://data.bls.gov/timeseries/CMU1020000000000D","Employer cost per hour worked / % of total compensation; Qtr1=March, Qtr2=June, Qtr3=Sept, Qtr4=Dec reference periods. NAICS-based series start 2004 Q1."
CMU1020000000000D,civilian,wages,cost_per_hour_usd,2014,2,21.95,"BLS ECEC, https://data.bls.gov/timeseries/CMU1020000000000D","Employer cost per hour worked / % of total compensation; Qtr1=March, Qtr2=June, Qtr3=Sept, Qtr4=Dec reference periods. NAICS-based series start 2004 Q1."
CMU1020000000000D,civilian,wages,cost_per_hour_usd,2014,3,22.13,"BLS ECEC, https://data.bls.gov/timeseries/CMU1020000000000D","Employer cost per hour worked / % of total compensation; Qtr1=March, Qtr2=June, Qtr3=Sept, Qtr4=Dec reference periods. NAICS-based series start 2004 Q1."
CMU1020000000000D,civilian,wages,cost_per_hour_usd,2014,4,22.65,"BLS ECEC, https://data.bls.gov/timeseries/CMU1020000000000D","Employer cost per hour worked / % of total compensation; Qtr1=March, Qtr2=June, Qtr3=Sept, Qtr4=Dec reference periods. NAICS-based series start 2004 Q1."
CMU1020000000000D,civilian,wages,cost_per_hour_usd,2015,1,22.88,"BLS ECEC, https://data.bls.gov/timeseries/CMU1020000000000D","Employer cost per hour worked / % of total compensation; Qtr1=March, Qtr2=June, Qtr3=Sept, Qtr4=Dec reference periods. NAICS-based series start 2004 Q1."
CMU1020000000000D,civilian,wages,cost_per_hour_usd,2015,2,22.72,"BLS ECEC, https://data.bls.gov/timeseries/CMU1020000000000D","Employer cost per hour worked / % of total compensation; Qtr1=March, Qtr2=June, Qtr3=Sept, Qtr4=Dec reference periods. NAICS-based series start 2004 Q1."
CMU1020000000000D,civilian,wages,cost_per_hour_usd,2015,3,22.88,"BLS ECEC, https://data.bls.gov/timeseries/CMU1020000000000D","Employer cost per hour worked / % of total compensation; Qtr1=March, Qtr2=June, Qtr3=Sept, Qtr4=Dec reference periods. NAICS-based series start 2004 Q1."
CMU1020000000000D,civilian,wages,cost_per_hour_usd,2015,4,23.06,"BLS ECEC, https://data.bls.gov/timeseries/CMU1020000000000D","Employer cost per hour worked / % of total compensation; Qtr1=March, Qtr2=June, Qtr3=Sept, Qtr4=Dec reference periods. NAICS-based series start 2004 Q1."
CMU1020000000000D,civilian,wages,cost_per_hour_usd,2016,1,23.25,"BLS ECEC, https://data.bls.gov/timeseries/CMU1020000000000D","Employer cost per hour worked / % of total compensation; Qtr1=March, Qtr2=June, Qtr3=Sept, Qtr4=Dec reference periods. NAICS-based series start 2004 Q1."
CMU1020000000000D,civilian,wages,cost_per_hour_usd,2016,2,23.35,"BLS ECEC, https://data.bls.gov/timeseries/CMU1020000000000D","Employer cost per hour worked / % of total compensation; Qtr1=March, Qtr2=June, Qtr3=Sept, Qtr4=Dec reference periods. NAICS-based series start 2004 Q1."
CMU1020000000000D,civilian,wages,cost_per_hour_usd,2016,3,23.42,"BLS ECEC, https://data.bls.gov/timeseries/CMU1020000000000D","Employer cost per hour worked / % of total compensation; Qtr1=March, Qtr2=June, Qtr3=Sept, Qtr4=Dec reference periods. NAICS-based series start 2004 Q1."
CMU1020000000000D,civilian,wages,cost_per_hour_usd,2016,4,23.87,"BLS ECEC, https://data.bls.gov/timeseries/CMU1020000000000D","Employer cost per hour worked / % of total compensation; Qtr1=March, Qtr2=June, Qtr3=Sept, Qtr4=Dec reference periods. NAICS-based series start 2004 Q1."
CMU1020000000000D,civilian,wages,cost_per_hour_usd,2017,1,24.1,"BLS ECEC, https://data.bls.gov/timeseries/CMU1020000000000D","Employer cost per hour worked / % of total compensation; Qtr1=March, Qtr2=June, Qtr3=Sept, Qtr4=Dec reference periods. NAICS-based series start 2004 Q1."
CMU1020000000000D,civilian,wages,cost_per_hour_usd,2017,2,24.1,"BLS ECEC, https://data.bls.gov/timeseries/CMU1020000000000D","Employer cost per hour worked / % of total compensation; Qtr1=March, Qtr2=June, Qtr3=Sept, Qtr4=Dec reference periods. NAICS-based series start 2004 Q1."
CMU1020000000000D,civilian,wages,cost_per_hour_usd,2017,3,24.33,"BLS ECEC, https://data.bls.gov/timeseries/CMU1020000000000D","Employer cost per hour worked / % of total compensation; Qtr1=March, Qtr2=June, Qtr3=Sept, Qtr4=Dec reference periods. NAICS-based series start 2004 Q1."
CMU1020000000000D,civilian,wages,cost_per_hour_usd,2017,4,24.49,"BLS ECEC, https://data.bls.gov/timeseries/CMU1020000000000D","Employer cost per hour worked / % of total compensation; Qtr1=March, Qtr2=June, Qtr3=Sept, Qtr4=Dec reference periods. NAICS-based series start 2004 Q1."
CMU1020000000000D,civilian,wages,cost_per_hour_usd,2018,1,24.77,"BLS ECEC, https://data.bls.gov/timeseries/CMU1020000000000D","Employer cost per hour worked / % of total compensation; Qtr1=March, Qtr2=June, Qtr3=Sept, Qtr4=Dec reference periods. NAICS-based series start 2004 Q1."
CMU1020000000000D,civilian,wages,cost_per_hour_usd,2018,2,24.72,"BLS ECEC, https://data.bls.gov/timeseries/CMU1020000000000D","Employer cost per hour worked / % of total compensation; Qtr1=March, Qtr2=June, Qtr3=Sept, Qtr4=Dec reference periods. NAICS-based series start 2004 Q1."
CMU1020000000000D,civilian,wages,cost_per_hour_usd,2018,3,25.03,"BLS ECEC, https://data.bls.gov/timeseries/CMU1020000000000D","Employer cost per hour worked / % of total compensation; Qtr1=March, Qtr2=June, Qtr3=Sept, Qtr4=Dec reference periods. NAICS-based series start 2004 Q1."
CMU1020000000000D,civilian,wages,cost_per_hour_usd,2018,4,24.91,"BLS ECEC, https://data.bls.gov/timeseries/CMU1020000000000D","Employer cost per hour worked / % of total compensation; Qtr1=March, Qtr2=June, Qtr3=Sept, Qtr4=Dec reference periods. NAICS-based series start 2004 Q1."
CMU1020000000000D,civilian,wages,cost_per_hour_usd,2019,1,25.22,"BLS ECEC, https://data.bls.gov/timeseries/CMU1020000000000D","Employer cost per hour worked / % of total compensation; Qtr1=March, Qtr2=June, Qtr3=Sept, Qtr4=Dec reference periods. NAICS-based series start 2004 Q1."
CMU1020000000000D,civilian,wages,cost_per_hour_usd,2019,2,25.12,"BLS ECEC, https://data.bls.gov/timeseries/CMU1020000000000D","Employer cost per hour worked / % of total compensation; Qtr1=March, Qtr2=June, Qtr3=Sept, Qtr4=Dec reference periods. NAICS-based series start 2004 Q1."
CMU1020000000000D,civilian,wages,cost_per_hour_usd,2019,3,25.43,"BLS ECEC, https://data.bls.gov/timeseries/CMU1020000000000D","Employer cost per hour worked / % of total compensation; Qtr1=March, Qtr2=June, Qtr3=Sept, Qtr4=Dec reference periods. NAICS-based series start 2004 Q1."
CMU1020000000000D,civilian,wages,cost_per_hour_usd,2019,4,25.47,"BLS ECEC, https://data.bls.gov/timeseries/CMU1020000000000D","Employer cost per hour worked / % of total compensation; Qtr1=March, Qtr2=June, Qtr3=Sept, Qtr4=Dec reference periods. NAICS-based series start 2004 Q1."
CMU1020000000000D,civilian,wages,cost_per_hour_usd,2020,1,25.91,"BLS ECEC, https://data.bls.gov/timeseries/CMU1020000000000D","Employer cost per hour worked / % of total compensation; Qtr1=March, Qtr2=June, Qtr3=Sept, Qtr4=Dec reference periods. NAICS-based series start 2004 Q1."
CMU1020000000000D,civilian,wages,cost_per_hour_usd,2020,2,26.17,"BLS ECEC, https://data.bls.gov/timeseries/CMU1020000000000D","Employer cost per hour worked / % of total compensation; Qtr1=March, Qtr2=June, Qtr3=Sept, Qtr4=Dec reference periods. NAICS-based series start 2004 Q1."
CMU1020000000000D,civilian,wages,cost_per_hour_usd,2020,3,26.25,"BLS ECEC, https://data.bls.gov/timeseries/CMU1020000000000D","Employer cost per hour worked / % of total compensation; Qtr1=March, Qtr2=June, Qtr3=Sept, Qtr4=Dec reference periods. NAICS-based series start 2004 Q1."
CMU1020000000000D,civilian,wages,cost_per_hour_usd,2020,4,26.53,"BLS ECEC, https://data.bls.gov/timeseries/CMU1020000000000D","Employer cost per hour worked / % of total compensation; Qtr1=March, Qtr2=June, Qtr3=Sept, Qtr4=Dec reference periods. NAICS-based series start 2004 Q1."
CMU1020000000000D,civilian,wages,cost_per_hour_usd,2021,1,26.84,"BLS ECEC, https://data.bls.gov/timeseries/CMU1020000000000D","Employer cost per hour worked / % of total compensation; Qtr1=March, Qtr2=June, Qtr3=Sept, Qtr4=Dec reference periods. NAICS-based series start 2004 Q1."
CMU1020000000000D,civilian,wages,cost_per_hour_usd,2021,2,26.85,"BLS ECEC, https://data.bls.gov/timeseries/CMU1020000000000D","Employer cost per hour worked / % of total compensation; Qtr1=March, Qtr2=June, Qtr3=Sept, Qtr4=Dec reference periods. NAICS-based series start 2004 Q1."
CMU1020000000000D,civilian,wages,cost_per_hour_usd,2021,3,27.35,"BLS ECEC, https://data.bls.gov/timeseries/CMU1020000000000D","Employer cost per hour worked / % of total compensation; Qtr1=March, Qtr2=June, Qtr3=Sept, Qtr4=Dec reference periods. NAICS-based series start 2004 Q1."
CMU1020000000000D,civilian,wages,cost_per_hour_usd,2021,4,27.83,"BLS ECEC, https://data.bls.gov/timeseries/CMU1020000000000D","Employer cost per hour worked / % of total compensation; Qtr1=March, Qtr2=June, Qtr3=Sept, Qtr4=Dec reference periods. NAICS-based series start 2004 Q1."
CMU1020000000000D,civilian,wages,cost_per_hour_usd,2022,1,28.16,"BLS ECEC, https://data.bls.gov/timeseries/CMU1020000000000D","Employer cost per hour worked / % of total compensation; Qtr1=March, Qtr2=June, Qtr3=Sept, Qtr4=Dec reference periods. NAICS-based series start 2004 Q1."
CMU1020000000000D,civilian,wages,cost_per_hour_usd,2022,2,28.31,"BLS ECEC, https://data.bls.gov/timeseries/CMU1020000000000D","Employer cost per hour worked / % of total compensation; Qtr1=March, Qtr2=June, Qtr3=Sept, Qtr4=Dec reference periods. NAICS-based series start 2004 Q1."
CMU1020000000000D,civilian,wages,cost_per_hour_usd,2022,3,28.88,"BLS ECEC, https://data.bls.gov/timeseries/CMU1020000000000D","Employer cost per hour worked / % of total compensation; Qtr1=March, Qtr2=June, Qtr3=Sept, Qtr4=Dec reference periods. NAICS-based series start 2004 Q1."
CMU1020000000000D,civilian,wages,cost_per_hour_usd,2022,4,29.32,"BLS ECEC, https://data.bls.gov/timeseries/CMU1020000000000D","Employer cost per hour worked / % of total compensation; Qtr1=March, Qtr2=June, Qtr3=Sept, Qtr4=Dec reference periods. NAICS-based series start 2004 Q1."
CMU1020000000000D,civilian,wages,cost_per_hour_usd,2023,1,29.7,"BLS ECEC, https://data.bls.gov/timeseries/CMU1020000000000D","Employer cost per hour worked / % of total compensation; Qtr1=March, Qtr2=June, Qtr3=Sept, Qtr4=Dec reference periods. NAICS-based series start 2004 Q1."
CMU1020000000000D,civilian,wages,cost_per_hour_usd,2023,2,29.86,"BLS ECEC, https://data.bls.gov/timeseries/CMU1020000000000D","Employer cost per hour worked / % of total compensation; Qtr1=March, Qtr2=June, Qtr3=Sept, Qtr4=Dec reference periods. NAICS-based series start 2004 Q1."
CMU1020000000000D,civilian,wages,cost_per_hour_usd,2023,3,30.35,"BLS ECEC, https://data.bls.gov/timeseries/CMU1020000000000D","Employer cost per hour worked / % of total compensation; Qtr1=March, Qtr2=June, Qtr3=Sept, Qtr4=Dec reference periods. NAICS-based series start 2004 Q1."
CMU1020000000000D,civilian,wages,cost_per_hour_usd,2023,4,31.29,"BLS ECEC, https://data.bls.gov/timeseries/CMU1020000000000D","Employer cost per hour worked / % of total compensation; Qtr1=March, Qtr2=June, Qtr3=Sept, Qtr4=Dec reference periods. NAICS-based series start 2004 Q1."
CMU1020000000000D,civilian,wages,cost_per_hour_usd,2024,1,31.72,"BLS ECEC, https://data.bls.gov/timeseries/CMU1020000000000D","Employer cost per hour worked / % of total compensation; Qtr1=March, Qtr2=June, Qtr3=Sept, Qtr4=Dec reference periods. NAICS-based series start 2004 Q1."
CMU1020000000000D,civilian,wages,cost_per_hour_usd,2024,2,31.8,"BLS ECEC, https://data.bls.gov/timeseries/CMU1020000000000D","Employer cost per hour worked / % of total compensation; Qtr1=March, Qtr2=June, Qtr3=Sept, Qtr4=Dec reference periods. NAICS-based series start 2004 Q1."
CMU1020000000000D,civilian,wages,cost_per_hour_usd,2024,3,32.25,"BLS ECEC, https://data.bls.gov/timeseries/CMU1020000000000D","Employer cost per hour worked / % of total compensation; Qtr1=March, Qtr2=June, Qtr3=Sept, Qtr4=Dec reference periods. NAICS-based series start 2004 Q1."
CMU1020000000000D,civilian,wages,cost_per_hour_usd,2024,4,32.52,"BLS ECEC, https://data.bls.gov/timeseries/CMU1020000000000D","Employer cost per hour worked / % of total compensation; Qtr1=March, Qtr2=June, Qtr3=Sept, Qtr4=Dec reference periods. NAICS-based series start 2004 Q1."
CMU1020000000000D,civilian,wages,cost_per_hour_usd,2025,1,32.92,"BLS ECEC, https://data.bls.gov/timeseries/CMU1020000000000D","Employer cost per hour worked / % of total compensation; Qtr1=March, Qtr2=June, Qtr3=Sept, Qtr4=Dec reference periods. NAICS-based series start 2004 Q1."
CMU1020000000000D,civilian,wages,cost_per_hour_usd,2025,2,33.02,"BLS ECEC, https://data.bls.gov/timeseries/CMU1020000000000D","Employer cost per hour worked / % of total compensation; Qtr1=March, Qtr2=June, Qtr3=Sept, Qtr4=Dec reference periods. NAICS-based series start 2004 Q1."
CMU1020000000000D,civilian,wages,cost_per_hour_usd,2025,3,33.41,"BLS ECEC, https://data.bls.gov/timeseries/CMU1020000000000D","Employer cost per hour worked / % of total compensation; Qtr1=March, Qtr2=June, Qtr3=Sept, Qtr4=Dec reference periods. NAICS-based series start 2004 Q1."
CMU1020000000000D,civilian,wages,cost_per_hour_usd,2025,4,33.45,"BLS ECEC, https://data.bls.gov/timeseries/CMU1020000000000D","Employer cost per hour worked / % of total compensation; Qtr1=March, Qtr2=June, Qtr3=Sept, Qtr4=Dec reference periods. NAICS-based series start 2004 Q1."
CMU1020000000000D,civilian,wages,cost_per_hour_usd,2026,1,33.72,"BLS ECEC, https://data.bls.gov/timeseries/CMU1020000000000D","Employer cost per hour worked / % of total compensation; Qtr1=March, Qtr2=June, Qtr3=Sept, Qtr4=Dec reference periods. NAICS-based series start 2004 Q1."
CMU1020000000000D,civilian,wages,cost_per_hour_usd,2026,2,33.85,"BLS ECEC, https://data.bls.gov/timeseries/CMU1020000000000D","Employer cost per hour worked / % of total compensation; Qtr1=March, Qtr2=June, Qtr3=Sept, Qtr4=Dec reference periods. NAICS-based series start 2004 Q1."
CMU1020000000000P,civilian,wages,pct_total_comp,2004,1,71.0,"BLS ECEC, https://data.bls.gov/timeseries/CMU1020000000000P","Employer cost per hour worked / % of total compensation; Qtr1=March, Qtr2=June, Qtr3=Sept, Qtr4=Dec reference periods. NAICS-based series start 2004 Q1."
CMU1020000000000P,civilian,wages,pct_total_comp,2004,2,70.9,"BLS ECEC, https://data.bls.gov/timeseries/CMU1020000000000P","Employer cost per hour worked / % of total compensation; Qtr1=March, Qtr2=June, Qtr3=Sept, Qtr4=Dec reference periods. NAICS-based series start 2004 Q1."
CMU1020000000000P,civilian,wages,pct_total_comp,2004,3,70.8,"BLS ECEC, https://data.bls.gov/timeseries/CMU1020000000000P","Employer cost per hour worked / % of total compensation; Qtr1=March, Qtr2=June, Qtr3=Sept, Qtr4=Dec reference periods. NAICS-based series start 2004 Q1."
CMU1020000000000P,civilian,wages,pct_total_comp,2004,4,70.7,"BLS ECEC, https://data.bls.gov/timeseries/CMU1020000000000P","Employer cost per hour worked / % of total compensation; Qtr1=March, Qtr2=June, Qtr3=Sept, Qtr4=Dec reference periods. NAICS-based series start 2004 Q1."
CMU1020000000000P,civilian,wages,pct_total_comp,2005,1,70.4,"BLS ECEC, https://data.bls.gov/timeseries/CMU1020000000000P","Employer cost per hour worked / % of total compensation; Qtr1=March, Qtr2=June, Qtr3=Sept, Qtr4=Dec reference periods. NAICS-based series start 2004 Q1."
CMU1020000000000P,civilian,wages,pct_total_comp,2005,2,70.4,"BLS ECEC, https://data.bls.gov/timeseries/CMU1020000000000P","Employer cost per hour worked / % of total compensation; Qtr1=March, Qtr2=June, Qtr3=Sept, Qtr4=Dec reference periods. NAICS-based series start 2004 Q1."
CMU1020000000000P,civilian,wages,pct_total_comp,2005,3,70.2,"BLS ECEC, https://data.bls.gov/timeseries/CMU1020000000000P","Employer cost per hour worked / % of total compensation; Qtr1=March, Qtr2=June, Qtr3=Sept, Qtr4=Dec reference periods. NAICS-based series start 2004 Q1."
CMU1020000000000P,civilian,wages,pct_total_comp,2005,4,70.2,"BLS ECEC, https://data.bls.gov/timeseries/CMU1020000000000P","Employer cost per hour worked / % of total compensation; Qtr1=March, Qtr2=June, Qtr3=Sept, Qtr4=Dec reference periods. NAICS-based series start 2004 Q1."
CMU1020000000000P,civilian,wages,pct_total_comp,2006,1,70.1,"BLS ECEC, https://data.bls.gov/timeseries/CMU1020000000000P","Employer cost per hour worked / % of total compensation; Qtr1=March, Qtr2=June, Qtr3=Sept, Qtr4=Dec reference periods. NAICS-based series start 2004 Q1."
CMU1020000000000P,civilian,wages,pct_total_comp,2006,2,70.0,"BLS ECEC, https://data.bls.gov/timeseries/CMU1020000000000P","Employer cost per hour worked / % of total compensation; Qtr1=March, Qtr2=June, Qtr3=Sept, Qtr4=Dec reference periods. NAICS-based series start 2004 Q1."
CMU1020000000000P,civilian,wages,pct_total_comp,2006,3,70.0,"BLS ECEC, https://data.bls.gov/timeseries/CMU1020000000000P","Employer cost per hour worked / % of total compensation; Qtr1=March, Qtr2=June, Qtr3=Sept, Qtr4=Dec reference periods. NAICS-based series start 2004 Q1."
CMU1020000000000P,civilian,wages,pct_total_comp,2006,4,69.9,"BLS ECEC, https://data.bls.gov/timeseries/CMU1020000000000P","Employer cost per hour worked / % of total compensation; Qtr1=March, Qtr2=June, Qtr3=Sept, Qtr4=Dec reference periods. NAICS-based series start 2004 Q1."
CMU1020000000000P,civilian,wages,pct_total_comp,2007,1,70.0,"BLS ECEC, https://data.bls.gov/timeseries/CMU1020000000000P","Employer cost per hour worked / % of total compensation; Qtr1=March, Qtr2=June, Qtr3=Sept, Qtr4=Dec reference periods. NAICS-based series start 2004 Q1."
CMU1020000000000P,civilian,wages,pct_total_comp,2007,2,69.8,"BLS ECEC, https://data.bls.gov/timeseries/CMU1020000000000P","Employer cost per hour worked / % of total compensation; Qtr1=March, Qtr2=June, Qtr3=Sept, Qtr4=Dec reference periods. NAICS-based series start 2004 Q1."
CMU1020000000000P,civilian,wages,pct_total_comp,2007,3,69.8,"BLS ECEC, https://data.bls.gov/timeseries/CMU1020000000000P","Employer cost per hour worked / % of total compensation; Qtr1=March, Qtr2=June, Qtr3=Sept, Qtr4=Dec reference periods. NAICS-based series start 2004 Q1."
CMU1020000000000P,civilian,wages,pct_total_comp,2007,4,69.8,"BLS ECEC, https://data.bls.gov/timeseries/CMU1020000000000P","Employer cost per hour worked / % of total compensation; Qtr1=March, Qtr2=June, Qtr3=Sept, Qtr4=Dec reference periods. NAICS-based series start 2004 Q1."
CMU1020000000000P,civilian,wages,pct_total_comp,2008,1,69.7,"BLS ECEC, https://data.bls.gov/timeseries/CMU1020000000000P","Employer cost per hour worked / % of total compensation; Qtr1=March, Qtr2=June, Qtr3=Sept, Qtr4=Dec reference periods. NAICS-based series start 2004 Q1."
CMU1020000000000P,civilian,wages,pct_total_comp,2008,2,69.7,"BLS ECEC, https://data.bls.gov/timeseries/CMU1020000000000P","Employer cost per hour worked / % of total compensation; Qtr1=March, Qtr2=June, Qtr3=Sept, Qtr4=Dec reference periods. NAICS-based series start 2004 Q1."
CMU1020000000000P,civilian,wages,pct_total_comp,2008,3,69.7,"BLS ECEC, https://data.bls.gov/timeseries/CMU1020000000000P","Employer cost per hour worked / % of total compensation; Qtr1=March, Qtr2=June, Qtr3=Sept, Qtr4=Dec reference periods. NAICS-based series start 2004 Q1."
CMU1020000000000P,civilian,wages,pct_total_comp,2008,4,69.8,"BLS ECEC, https://data.bls.gov/timeseries/CMU1020000000000P","Employer cost per hour worked / % of total compensation; Qtr1=March, Qtr2=June, Qtr3=Sept, Qtr4=Dec reference periods. NAICS-based series start 2004 Q1."
CMU1020000000000P,civilian,wages,pct_total_comp,2009,1,69.7,"BLS ECEC, https://data.bls.gov/timeseries/CMU1020000000000P","Employer cost per hour worked / % of total compensation; Qtr1=March, Qtr2=June, Qtr3=Sept, Qtr4=Dec reference periods. NAICS-based series start 2004 Q1."
CMU1020000000000P,civilian,wages,pct_total_comp,2009,2,69.7,"BLS ECEC, https://data.bls.gov/timeseries/CMU1020000000000P","Employer cost per hour worked / % of total compensation; Qtr1=March, Qtr2=June, Qtr3=Sept, Qtr4=Dec reference periods. NAICS-based series start 2004 Q1."
CMU1020000000000P,civilian,wages,pct_total_comp,2009,3,69.7,"BLS ECEC, https://data.bls.gov/timeseries/CMU1020000000000P","Employer cost per hour worked / % of total compensation; Qtr1=March, Qtr2=June, Qtr3=Sept, Qtr4=Dec reference periods. NAICS-based series start 2004 Q1."
CMU1020000000000P,civilian,wages,pct_total_comp,2009,4,69.8,"BLS ECEC, https://data.bls.gov/timeseries/CMU1020000000000P","Employer cost per hour worked / % of total compensation; Qtr1=March, Qtr2=June, Qtr3=Sept, Qtr4=Dec reference periods. NAICS-based series start 2004 Q1."
CMU1020000000000P,civilian,wages,pct_total_comp,2010,1,69.6,"BLS ECEC, https://data.bls.gov/timeseries/CMU1020000000000P","Employer cost per hour worked / % of total compensation; Qtr1=March, Qtr2=June, Qtr3=Sept, Qtr4=Dec reference periods. NAICS-based series start 2004 Q1."
CMU1020000000000P,civilian,wages,pct_total_comp,2010,2,69.6,"BLS ECEC, https://data.bls.gov/timeseries/CMU1020000000000P","Employer cost per hour worked / % of total compensation; Qtr1=March, Qtr2=June, Qtr3=Sept, Qtr4=Dec reference periods. NAICS-based series start 2004 Q1."
CMU1020000000000P,civilian,wages,pct_total_comp,2010,3,69.5,"BLS ECEC, https://data.bls.gov/timeseries/CMU1020000000000P","Employer cost per hour worked / % of total compensation; Qtr1=March, Qtr2=June, Qtr3=Sept, Qtr4=Dec reference periods. NAICS-based series start 2004 Q1."
CMU1020000000000P,civilian,wages,pct_total_comp,2010,4,69.7,"BLS ECEC, https://data.bls.gov/timeseries/CMU1020000000000P","Employer cost per hour worked / % of total compensation; Qtr1=March, Qtr2=June, Qtr3=Sept, Qtr4=Dec reference periods. NAICS-based series start 2004 Q1."
CMU1020000000000P,civilian,wages,pct_total_comp,2011,1,69.6,"BLS ECEC, https://data.bls.gov/timeseries/CMU1020000000000P","Employer cost per hour worked / % of total compensation; Qtr1=March, Qtr2=June, Qtr3=Sept, Qtr4=Dec reference periods. NAICS-based series start 2004 Q1."
CMU1020000000000P,civilian,wages,pct_total_comp,2011,2,69.4,"BLS ECEC, https://data.bls.gov/timeseries/CMU1020000000000P","Employer cost per hour worked / % of total compensation; Qtr1=March, Qtr2=June, Qtr3=Sept, Qtr4=Dec reference periods. NAICS-based series start 2004 Q1."
CMU1020000000000P,civilian,wages,pct_total_comp,2011,3,69.4,"BLS ECEC, https://data.bls.gov/timeseries/CMU1020000000000P","Employer cost per hour worked / % of total compensation; Qtr1=March, Qtr2=June, Qtr3=Sept, Qtr4=Dec reference periods. NAICS-based series start 2004 Q1."
CMU1020000000000P,civilian,wages,pct_total_comp,2011,4,69.4,"BLS ECEC, https://data.bls.gov/timeseries/CMU1020000000000P","Employer cost per hour worked / % of total compensation; Qtr1=March, Qtr2=June, Qtr3=Sept, Qtr4=Dec reference periods. NAICS-based series start 2004 Q1."
CMU1020000000000P,civilian,wages,pct_total_comp,2012,1,69.3,"BLS ECEC, https://data.bls.gov/timeseries/CMU1020000000000P","Employer cost per hour worked / % of total compensation; Qtr1=March, Qtr2=June, Qtr3=Sept, Qtr4=Dec reference periods. NAICS-based series start 2004 Q1."
CMU1020000000000P,civilian,wages,pct_total_comp,2012,2,69.3,"BLS ECEC, https://data.bls.gov/timeseries/CMU1020000000000P","Employer cost per hour worked / % of total compensation; Qtr1=March, Qtr2=June, Qtr3=Sept, Qtr4=Dec reference periods. NAICS-based series start 2004 Q1."
CMU1020000000000P,civilian,wages,pct_total_comp,2012,3,69.3,"BLS ECEC, https://data.bls.gov/timeseries/CMU1020000000000P","Employer cost per hour worked / % of total compensation; Qtr1=March, Qtr2=June, Qtr3=Sept, Qtr4=Dec reference periods. NAICS-based series start 2004 Q1."
CMU1020000000000P,civilian,wages,pct_total_comp,2012,4,69.3,"BLS ECEC, https://data.bls.gov/timeseries/CMU1020000000000P","Employer cost per hour worked / % of total compensation; Qtr1=March, Qtr2=June, Qtr3=Sept, Qtr4=Dec reference periods. NAICS-based series start 2004 Q1."
CMU1020000000000P,civilian,wages,pct_total_comp,2013,1,69.1,"BLS ECEC, https://data.bls.gov/timeseries/CMU1020000000000P","Employer cost per hour worked / % of total compensation; Qtr1=March, Qtr2=June, Qtr3=Sept, Qtr4=Dec reference periods. NAICS-based series start 2004 Q1."
CMU1020000000000P,civilian,wages,pct_total_comp,2013,2,69.2,"BLS ECEC, https://data.bls.gov/timeseries/CMU1020000000000P","Employer cost per hour worked / % of total compensation; Qtr1=March, Qtr2=June, Qtr3=Sept, Qtr4=Dec reference periods. NAICS-based series start 2004 Q1."
CMU1020000000000P,civilian,wages,pct_total_comp,2013,3,69.1,"BLS ECEC, https://data.bls.gov/timeseries/CMU1020000000000P","Employer cost per hour worked / % of total compensation; Qtr1=March, Qtr2=June, Qtr3=Sept, Qtr4=Dec reference periods. NAICS-based series start 2004 Q1."
CMU1020000000000P,civilian,wages,pct_total_comp,2013,4,69.0,"BLS ECEC, https://data.bls.gov/timeseries/CMU1020000000000P","Employer cost per hour worked / % of total compensation; Qtr1=March, Qtr2=June, Qtr3=Sept, Qtr4=Dec reference periods. NAICS-based series start 2004 Q1."
CMU1020000000000P,civilian,wages,pct_total_comp,2014,1,68.8,"BLS ECEC, https://data.bls.gov/timeseries/CMU1020000000000P","Employer cost per hour worked / % of total compensation; Qtr1=March, Qtr2=June, Qtr3=Sept, Qtr4=Dec reference periods. NAICS-based series start 2004 Q1."
CMU1020000000000P,civilian,wages,pct_total_comp,2014,2,68.7,"BLS ECEC, https://data.bls.gov/timeseries/CMU1020000000000P","Employer cost per hour worked / % of total compensation; Qtr1=March, Qtr2=June, Qtr3=Sept, Qtr4=Dec reference periods. NAICS-based series start 2004 Q1."
CMU1020000000000P,civilian,wages,pct_total_comp,2014,3,68.7,"BLS ECEC, https://data.bls.gov/timeseries/CMU1020000000000P","Employer cost per hour worked / % of total compensation; Qtr1=March, Qtr2=June, Qtr3=Sept, Qtr4=Dec reference periods. NAICS-based series start 2004 Q1."
CMU1020000000000P,civilian,wages,pct_total_comp,2014,4,68.4,"BLS ECEC, https://data.bls.gov/timeseries/CMU1020000000000P","Employer cost per hour worked / % of total compensation; Qtr1=March, Qtr2=June, Qtr3=Sept, Qtr4=Dec reference periods. NAICS-based series start 2004 Q1."
CMU1020000000000P,civilian,wages,pct_total_comp,2015,1,68.3,"BLS ECEC, https://data.bls.gov/timeseries/CMU1020000000000P","Employer cost per hour worked / % of total compensation; Qtr1=March, Qtr2=June, Qtr3=Sept, Qtr4=Dec reference periods. NAICS-based series start 2004 Q1."
CMU1020000000000P,civilian,wages,pct_total_comp,2015,2,68.5,"BLS ECEC, https://data.bls.gov/timeseries/CMU1020000000000P","Employer cost per hour worked / % of total compensation; Qtr1=March, Qtr2=June, Qtr3=Sept, Qtr4=Dec reference periods. NAICS-based series start 2004 Q1."
CMU1020000000000P,civilian,wages,pct_total_comp,2015,3,68.6,"BLS ECEC, https://data.bls.gov/timeseries/CMU1020000000000P","Employer cost per hour worked / % of total compensation; Qtr1=March, Qtr2=June, Qtr3=Sept, Qtr4=Dec reference periods. NAICS-based series start 2004 Q1."
CMU1020000000000P,civilian,wages,pct_total_comp,2015,4,68.7,"BLS ECEC, https://data.bls.gov/timeseries/CMU1020000000000P","Employer cost per hour worked / % of total compensation; Qtr1=March, Qtr2=June, Qtr3=Sept, Qtr4=Dec reference periods. NAICS-based series start 2004 Q1."
CMU1020000000000P,civilian,wages,pct_total_comp,2016,1,68.5,"BLS ECEC, https://data.bls.gov/timeseries/CMU1020000000000P","Employer cost per hour worked / % of total compensation; Qtr1=March, Qtr2=June, Qtr3=Sept, Qtr4=Dec reference periods. NAICS-based series start 2004 Q1."
CMU1020000000000P,civilian,wages,pct_total_comp,2016,2,68.6,"BLS ECEC, https://data.bls.gov/timeseries/CMU1020000000000P","Employer cost per hour worked / % of total compensation; Qtr1=March, Qtr2=June, Qtr3=Sept, Qtr4=Dec reference periods. NAICS-based series start 2004 Q1."
CMU1020000000000P,civilian,wages,pct_total_comp,2016,3,68.6,"BLS ECEC, https://data.bls.gov/timeseries/CMU1020000000000P","Employer cost per hour worked / % of total compensation; Qtr1=March, Qtr2=June, Qtr3=Sept, Qtr4=Dec reference periods. NAICS-based series start 2004 Q1."
CMU1020000000000P,civilian,wages,pct_total_comp,2016,4,68.4,"BLS ECEC, https://data.bls.gov/timeseries/CMU1020000000000P","Employer cost per hour worked / % of total compensation; Qtr1=March, Qtr2=June, Qtr3=Sept, Qtr4=Dec reference periods. NAICS-based series start 2004 Q1."
CMU1020000000000P,civilian,wages,pct_total_comp,2017,1,68.3,"BLS ECEC, https://data.bls.gov/timeseries/CMU1020000000000P","Employer cost per hour worked / % of total compensation; Qtr1=March, Qtr2=June, Qtr3=Sept, Qtr4=Dec reference periods. NAICS-based series start 2004 Q1."
CMU1020000000000P,civilian,wages,pct_total_comp,2017,2,68.3,"BLS ECEC, https://data.bls.gov/timeseries/CMU1020000000000P","Employer cost per hour worked / % of total compensation; Qtr1=March, Qtr2=June, Qtr3=Sept, Qtr4=Dec reference periods. NAICS-based series start 2004 Q1."
CMU1020000000000P,civilian,wages,pct_total_comp,2017,3,68.3,"BLS ECEC, https://data.bls.gov/timeseries/CMU1020000000000P","Employer cost per hour worked / % of total compensation; Qtr1=March, Qtr2=June, Qtr3=Sept, Qtr4=Dec reference periods. NAICS-based series start 2004 Q1."
CMU1020000000000P,civilian,wages,pct_total_comp,2017,4,68.3,"BLS ECEC, https://data.bls.gov/timeseries/CMU1020000000000P","Employer cost per hour worked / % of total compensation; Qtr1=March, Qtr2=June, Qtr3=Sept, Qtr4=Dec reference periods. NAICS-based series start 2004 Q1."
CMU1020000000000P,civilian,wages,pct_total_comp,2018,1,68.2,"BLS ECEC, https://data.bls.gov/timeseries/CMU1020000000000P","Employer cost per hour worked / % of total compensation; Qtr1=March, Qtr2=June, Qtr3=Sept, Qtr4=Dec reference periods. NAICS-based series start 2004 Q1."
CMU1020000000000P,civilian,wages,pct_total_comp,2018,2,68.3,"BLS ECEC, https://data.bls.gov/timeseries/CMU1020000000000P","Employer cost per hour worked / % of total compensation; Qtr1=March, Qtr2=June, Qtr3=Sept, Qtr4=Dec reference periods. NAICS-based series start 2004 Q1."
CMU1020000000000P,civilian,wages,pct_total_comp,2018,3,68.3,"BLS ECEC, https://data.bls.gov/timeseries/CMU1020000000000P","Employer cost per hour worked / % of total compensation; Qtr1=March, Qtr2=June, Qtr3=Sept, Qtr4=Dec reference periods. NAICS-based series start 2004 Q1."
CMU1020000000000P,civilian,wages,pct_total_comp,2018,4,68.6,"BLS ECEC, https://data.bls.gov/timeseries/CMU1020000000000P","Employer cost per hour worked / % of total compensation; Qtr1=March, Qtr2=June, Qtr3=Sept, Qtr4=Dec reference periods. NAICS-based series start 2004 Q1."
CMU1020000000000P,civilian,wages,pct_total_comp,2019,1,68.6,"BLS ECEC, https://data.bls.gov/timeseries/CMU1020000000000P","Employer cost per hour worked / % of total compensation; Qtr1=March, Qtr2=June, Qtr3=Sept, Qtr4=Dec reference periods. NAICS-based series start 2004 Q1."
CMU1020000000000P,civilian,wages,pct_total_comp,2019,2,68.6,"BLS ECEC, https://data.bls.gov/timeseries/CMU1020000000000P","Employer cost per hour worked / % of total compensation; Qtr1=March, Qtr2=June, Qtr3=Sept, Qtr4=Dec reference periods. NAICS-based series start 2004 Q1."
CMU1020000000000P,civilian,wages,pct_total_comp,2019,3,68.7,"BLS ECEC, https://data.bls.gov/timeseries/CMU1020000000000P","Employer cost per hour worked / % of total compensation; Qtr1=March, Qtr2=June, Qtr3=Sept, Qtr4=Dec reference periods. NAICS-based series start 2004 Q1."
CMU1020000000000P,civilian,wages,pct_total_comp,2019,4,68.6,"BLS ECEC, https://data.bls.gov/timeseries/CMU1020000000000P","Employer cost per hour worked / % of total compensation; Qtr1=March, Qtr2=June, Qtr3=Sept, Qtr4=Dec reference periods. NAICS-based series start 2004 Q1."
CMU1020000000000P,civilian,wages,pct_total_comp,2020,1,68.7,"BLS ECEC, https://data.bls.gov/timeseries/CMU1020000000000P","Employer cost per hour worked / % of total compensation; Qtr1=March, Qtr2=June, Qtr3=Sept, Qtr4=Dec reference periods. NAICS-based series start 2004 Q1."
CMU1020000000000P,civilian,wages,pct_total_comp,2020,2,68.5,"BLS ECEC, https://data.bls.gov/timeseries/CMU1020000000000P","Employer cost per hour worked / % of total compensation; Qtr1=March, Qtr2=June, Qtr3=Sept, Qtr4=Dec reference periods. NAICS-based series start 2004 Q1."
CMU1020000000000P,civilian,wages,pct_total_comp,2020,3,68.6,"BLS ECEC, https://data.bls.gov/timeseries/CMU1020000000000P","Employer cost per hour worked / % of total compensation; Qtr1=March, Qtr2=June, Qtr3=Sept, Qtr4=Dec reference periods. NAICS-based series start 2004 Q1."
CMU1020000000000P,civilian,wages,pct_total_comp,2020,4,68.7,"BLS ECEC, https://data.bls.gov/timeseries/CMU1020000000000P","Employer cost per hour worked / % of total compensation; Qtr1=March, Qtr2=June, Qtr3=Sept, Qtr4=Dec reference periods. NAICS-based series start 2004 Q1."
CMU1020000000000P,civilian,wages,pct_total_comp,2021,1,68.8,"BLS ECEC, https://data.bls.gov/timeseries/CMU1020000000000P","Employer cost per hour worked / % of total compensation; Qtr1=March, Qtr2=June, Qtr3=Sept, Qtr4=Dec reference periods. NAICS-based series start 2004 Q1."
CMU1020000000000P,civilian,wages,pct_total_comp,2021,2,69.0,"BLS ECEC, https://data.bls.gov/timeseries/CMU1020000000000P","Employer cost per hour worked / % of total compensation; Qtr1=March, Qtr2=June, Qtr3=Sept, Qtr4=Dec reference periods. NAICS-based series start 2004 Q1."
CMU1020000000000P,civilian,wages,pct_total_comp,2021,3,69.1,"BLS ECEC, https://data.bls.gov/timeseries/CMU1020000000000P","Employer cost per hour worked / % of total compensation; Qtr1=March, Qtr2=June, Qtr3=Sept, Qtr4=Dec reference periods. NAICS-based series start 2004 Q1."
CMU1020000000000P,civilian,wages,pct_total_comp,2021,4,69.0,"BLS ECEC, https://data.bls.gov/timeseries/CMU1020000000000P","Employer cost per hour worked / % of total compensation; Qtr1=March, Qtr2=June, Qtr3=Sept, Qtr4=Dec reference periods. NAICS-based series start 2004 Q1."
CMU1020000000000P,civilian,wages,pct_total_comp,2022,1,68.8,"BLS ECEC, https://data.bls.gov/timeseries/CMU1020000000000P","Employer cost per hour worked / % of total compensation; Qtr1=March, Qtr2=June, Qtr3=Sept, Qtr4=Dec reference periods. NAICS-based series start 2004 Q1."
CMU1020000000000P,civilian,wages,pct_total_comp,2022,2,69.0,"BLS ECEC, https://data.bls.gov/timeseries/CMU1020000000000P","Employer cost per hour worked / % of total compensation; Qtr1=March, Qtr2=June, Qtr3=Sept, Qtr4=Dec reference periods. NAICS-based series start 2004 Q1."
CMU1020000000000P,civilian,wages,pct_total_comp,2022,3,69.0,"BLS ECEC, https://data.bls.gov/timeseries/CMU1020000000000P","Employer cost per hour worked / % of total compensation; Qtr1=March, Qtr2=June, Qtr3=Sept, Qtr4=Dec reference periods. NAICS-based series start 2004 Q1."
CMU1020000000000P,civilian,wages,pct_total_comp,2022,4,69.0,"BLS ECEC, https://data.bls.gov/timeseries/CMU1020000000000P","Employer cost per hour worked / % of total compensation; Qtr1=March, Qtr2=June, Qtr3=Sept, Qtr4=Dec reference periods. NAICS-based series start 2004 Q1."
CMU1020000000000P,civilian,wages,pct_total_comp,2023,1,69.0,"BLS ECEC, https://data.bls.gov/timeseries/CMU1020000000000P","Employer cost per hour worked / % of total compensation; Qtr1=March, Qtr2=June, Qtr3=Sept, Qtr4=Dec reference periods. NAICS-based series start 2004 Q1."
CMU1020000000000P,civilian,wages,pct_total_comp,2023,2,69.0,"BLS ECEC, https://data.bls.gov/timeseries/CMU1020000000000P","Employer cost per hour worked / % of total compensation; Qtr1=March, Qtr2=June, Qtr3=Sept, Qtr4=Dec reference periods. NAICS-based series start 2004 Q1."
CMU1020000000000P,civilian,wages,pct_total_comp,2023,3,69.1,"BLS ECEC, https://data.bls.gov/timeseries/CMU1020000000000P","Employer cost per hour worked / % of total compensation; Qtr1=March, Qtr2=June, Qtr3=Sept, Qtr4=Dec reference periods. NAICS-based series start 2004 Q1."
CMU1020000000000P,civilian,wages,pct_total_comp,2023,4,68.9,"BLS ECEC, https://data.bls.gov/timeseries/CMU1020000000000P","Employer cost per hour worked / % of total compensation; Qtr1=March, Qtr2=June, Qtr3=Sept, Qtr4=Dec reference periods. NAICS-based series start 2004 Q1."
CMU1020000000000P,civilian,wages,pct_total_comp,2024,1,68.8,"BLS ECEC, https://data.bls.gov/timeseries/CMU1020000000000P","Employer cost per hour worked / % of total compensation; Qtr1=March, Qtr2=June, Qtr3=Sept, Qtr4=Dec reference periods. NAICS-based series start 2004 Q1."
CMU1020000000000P,civilian,wages,pct_total_comp,2024,2,68.8,"BLS ECEC, https://data.bls.gov/timeseries/CMU1020000000000P","Employer cost per hour worked / % of total compensation; Qtr1=March, Qtr2=June, Qtr3=Sept, Qtr4=Dec reference periods. NAICS-based series start 2004 Q1."
CMU1020000000000P,civilian,wages,pct_total_comp,2024,3,68.9,"BLS ECEC, https://data.bls.gov/timeseries/CMU1020000000000P","Employer cost per hour worked / % of total compensation; Qtr1=March, Qtr2=June, Qtr3=Sept, Qtr4=Dec reference periods. NAICS-based series start 2004 Q1."
CMU1020000000000P,civilian,wages,pct_total_comp,2024,4,68.9,"BLS ECEC, https://data.bls.gov/timeseries/CMU1020000000000P","Employer cost per hour worked / % of total compensation; Qtr1=March, Qtr2=June, Qtr3=Sept, Qtr4=Dec reference periods. NAICS-based series start 2004 Q1."
CMU1020000000000P,civilian,wages,pct_total_comp,2025,1,68.7,"BLS ECEC, https://data.bls.gov/timeseries/CMU1020000000000P","Employer cost per hour worked / % of total compensation; Qtr1=March, Qtr2=June, Qtr3=Sept, Qtr4=Dec reference periods. NAICS-based series start 2004 Q1."
CMU1020000000000P,civilian,wages,pct_total_comp,2025,2,68.7,"BLS ECEC, https://data.bls.gov/timeseries/CMU1020000000000P","Employer cost per hour worked / % of total compensation; Qtr1=March, Qtr2=June, Qtr3=Sept, Qtr4=Dec reference periods. NAICS-based series start 2004 Q1."
CMU1020000000000P,civilian,wages,pct_total_comp,2025,3,68.8,"BLS ECEC, https://data.bls.gov/timeseries/CMU1020000000000P","Employer cost per hour worked / % of total compensation; Qtr1=March, Qtr2=June, Qtr3=Sept, Qtr4=Dec reference periods. NAICS-based series start 2004 Q1."
CMU1020000000000P,civilian,wages,pct_total_comp,2025,4,68.6,"BLS ECEC, https://data.bls.gov/timeseries/CMU1020000000000P","Employer cost per hour worked / % of total compensation; Qtr1=March, Qtr2=June, Qtr3=Sept, Qtr4=Dec reference periods. NAICS-based series start 2004 Q1."
CMU1020000000000P,civilian,wages,pct_total_comp,2026,1,68.4,"BLS ECEC, https://data.bls.gov/timeseries/CMU1020000000000P","Employer cost per hour worked / % of total compensation; Qtr1=March, Qtr2=June, Qtr3=Sept, Qtr4=Dec reference periods. NAICS-based series start 2004 Q1."
CMU1020000000000P,civilian,wages,pct_total_comp,2026,2,68.4,"BLS ECEC, https://data.bls.gov/timeseries/CMU1020000000000P","Employer cost per hour worked / % of total compensation; Qtr1=March, Qtr2=June, Qtr3=Sept, Qtr4=Dec reference periods. NAICS-based series start 2004 Q1."
CMU1030000000000D,civilian,benefits,cost_per_hour_usd,2004,1,7.23,"BLS ECEC, https://data.bls.gov/timeseries/CMU1030000000000D","Employer cost per hour worked / % of total compensation; Qtr1=March, Qtr2=June, Qtr3=Sept, Qtr4=Dec reference periods. NAICS-based series start 2004 Q1."
CMU1030000000000D,civilian,benefits,cost_per_hour_usd,2004,2,7.26,"BLS ECEC, https://data.bls.gov/timeseries/CMU1030000000000D","Employer cost per hour worked / % of total compensation; Qtr1=March, Qtr2=June, Qtr3=Sept, Qtr4=Dec reference periods. NAICS-based series start 2004 Q1."
CMU1030000000000D,civilian,benefits,cost_per_hour_usd,2004,3,7.4,"BLS ECEC, https://data.bls.gov/timeseries/CMU1030000000000D","Employer cost per hour worked / % of total compensation; Qtr1=March, Qtr2=June, Qtr3=Sept, Qtr4=Dec reference periods. NAICS-based series start 2004 Q1."
CMU1030000000000D,civilian,benefits,cost_per_hour_usd,2004,4,7.5,"BLS ECEC, https://data.bls.gov/timeseries/CMU1030000000000D","Employer cost per hour worked / % of total compensation; Qtr1=March, Qtr2=June, Qtr3=Sept, Qtr4=Dec reference periods. NAICS-based series start 2004 Q1."
CMU1030000000000D,civilian,benefits,cost_per_hour_usd,2005,1,7.65,"BLS ECEC, https://data.bls.gov/timeseries/CMU1030000000000D","Employer cost per hour worked / % of total compensation; Qtr1=March, Qtr2=June, Qtr3=Sept, Qtr4=Dec reference periods. NAICS-based series start 2004 Q1."
CMU1030000000000D,civilian,benefits,cost_per_hour_usd,2005,2,7.64,"BLS ECEC, https://data.bls.gov/timeseries/CMU1030000000000D","Employer cost per hour worked / % of total compensation; Qtr1=March, Qtr2=June, Qtr3=Sept, Qtr4=Dec reference periods. NAICS-based series start 2004 Q1."
CMU1030000000000D,civilian,benefits,cost_per_hour_usd,2005,3,7.77,"BLS ECEC, https://data.bls.gov/timeseries/CMU1030000000000D","Employer cost per hour worked / % of total compensation; Qtr1=March, Qtr2=June, Qtr3=Sept, Qtr4=Dec reference periods. NAICS-based series start 2004 Q1."
CMU1030000000000D,civilian,benefits,cost_per_hour_usd,2005,4,7.87,"BLS ECEC, https://data.bls.gov/timeseries/CMU1030000000000D","Employer cost per hour worked / % of total compensation; Qtr1=March, Qtr2=June, Qtr3=Sept, Qtr4=Dec reference periods. NAICS-based series start 2004 Q1."
CMU1030000000000D,civilian,benefits,cost_per_hour_usd,2006,1,8.04,"BLS ECEC, https://data.bls.gov/timeseries/CMU1030000000000D","Employer cost per hour worked / % of total compensation; Qtr1=March, Qtr2=June, Qtr3=Sept, Qtr4=Dec reference periods. NAICS-based series start 2004 Q1."
CMU1030000000000D,civilian,benefits,cost_per_hour_usd,2006,2,8.06,"BLS ECEC, https://data.bls.gov/timeseries/CMU1030000000000D","Employer cost per hour worked / % of total compensation; Qtr1=March, Qtr2=June, Qtr3=Sept, Qtr4=Dec reference periods. NAICS-based series start 2004 Q1."
CMU1030000000000D,civilian,benefits,cost_per_hour_usd,2006,3,8.18,"BLS ECEC, https://data.bls.gov/timeseries/CMU1030000000000D","Employer cost per hour worked / % of total compensation; Qtr1=March, Qtr2=June, Qtr3=Sept, Qtr4=Dec reference periods. NAICS-based series start 2004 Q1."
CMU1030000000000D,civilian,benefits,cost_per_hour_usd,2006,4,8.3,"BLS ECEC, https://data.bls.gov/timeseries/CMU1030000000000D","Employer cost per hour worked / % of total compensation; Qtr1=March, Qtr2=June, Qtr3=Sept, Qtr4=Dec reference periods. NAICS-based series start 2004 Q1."
CMU1030000000000D,civilian,benefits,cost_per_hour_usd,2007,1,8.35,"BLS ECEC, https://data.bls.gov/timeseries/CMU1030000000000D","Employer cost per hour worked / % of total compensation; Qtr1=March, Qtr2=June, Qtr3=Sept, Qtr4=Dec reference periods. NAICS-based series start 2004 Q1."
CMU1030000000000D,civilian,benefits,cost_per_hour_usd,2007,2,8.37,"BLS ECEC, https://data.bls.gov/timeseries/CMU1030000000000D","Employer cost per hour worked / % of total compensation; Qtr1=March, Qtr2=June, Qtr3=Sept, Qtr4=Dec reference periods. NAICS-based series start 2004 Q1."
CMU1030000000000D,civilian,benefits,cost_per_hour_usd,2007,3,8.47,"BLS ECEC, https://data.bls.gov/timeseries/CMU1030000000000D","Employer cost per hour worked / % of total compensation; Qtr1=March, Qtr2=June, Qtr3=Sept, Qtr4=Dec reference periods. NAICS-based series start 2004 Q1."
CMU1030000000000D,civilian,benefits,cost_per_hour_usd,2007,4,8.49,"BLS ECEC, https://data.bls.gov/timeseries/CMU1030000000000D","Employer cost per hour worked / % of total compensation; Qtr1=March, Qtr2=June, Qtr3=Sept, Qtr4=Dec reference periods. NAICS-based series start 2004 Q1."
CMU1030000000000D,civilian,benefits,cost_per_hour_usd,2008,1,8.63,"BLS ECEC, https://data.bls.gov/timeseries/CMU1030000000000D","Employer cost per hour worked / % of total compensation; Qtr1=March, Qtr2=June, Qtr3=Sept, Qtr4=Dec reference periods. NAICS-based series start 2004 Q1."
CMU1030000000000D,civilian,benefits,cost_per_hour_usd,2008,2,8.64,"BLS ECEC, https://data.bls.gov/timeseries/CMU1030000000000D","Employer cost per hour worked / % of total compensation; Qtr1=March, Qtr2=June, Qtr3=Sept, Qtr4=Dec reference periods. NAICS-based series start 2004 Q1."
CMU1030000000000D,civilian,benefits,cost_per_hour_usd,2008,3,8.74,"BLS ECEC, https://data.bls.gov/timeseries/CMU1030000000000D","Employer cost per hour worked / % of total compensation; Qtr1=March, Qtr2=June, Qtr3=Sept, Qtr4=Dec reference periods. NAICS-based series start 2004 Q1."
CMU1030000000000D,civilian,benefits,cost_per_hour_usd,2008,4,8.81,"BLS ECEC, https://data.bls.gov/timeseries/CMU1030000000000D","Employer cost per hour worked / % of total compensation; Qtr1=March, Qtr2=June, Qtr3=Sept, Qtr4=Dec reference periods. NAICS-based series start 2004 Q1."
CMU1030000000000D,civilian,benefits,cost_per_hour_usd,2009,1,8.9,"BLS ECEC, https://data.bls.gov/timeseries/CMU1030000000000D","Employer cost per hour worked / % of total compensation; Qtr1=March, Qtr2=June, Qtr3=Sept, Qtr4=Dec reference periods. NAICS-based series start 2004 Q1."
CMU1030000000000D,civilian,benefits,cost_per_hour_usd,2009,2,8.89,"BLS ECEC, https://data.bls.gov/timeseries/CMU1030000000000D","Employer cost per hour worked / % of total compensation; Qtr1=March, Qtr2=June, Qtr3=Sept, Qtr4=Dec reference periods. NAICS-based series start 2004 Q1."
CMU1030000000000D,civilian,benefits,cost_per_hour_usd,2009,3,8.9,"BLS ECEC, https://data.bls.gov/timeseries/CMU1030000000000D","Employer cost per hour worked / % of total compensation; Qtr1=March, Qtr2=June, Qtr3=Sept, Qtr4=Dec reference periods. NAICS-based series start 2004 Q1."
CMU1030000000000D,civilian,benefits,cost_per_hour_usd,2009,4,8.88,"BLS ECEC, https://data.bls.gov/timeseries/CMU1030000000000D","Employer cost per hour worked / % of total compensation; Qtr1=March, Qtr2=June, Qtr3=Sept, Qtr4=Dec reference periods. NAICS-based series start 2004 Q1."
CMU1030000000000D,civilian,benefits,cost_per_hour_usd,2010,1,9.04,"BLS ECEC, https://data.bls.gov/timeseries/CMU1030000000000D","Employer cost per hour worked / % of total compensation; Qtr1=March, Qtr2=June, Qtr3=Sept, Qtr4=Dec reference periods. NAICS-based series start 2004 Q1."
CMU1030000000000D,civilian,benefits,cost_per_hour_usd,2010,2,8.96,"BLS ECEC, https://data.bls.gov/timeseries/CMU1030000000000D","Employer cost per hour worked / % of total compensation; Qtr1=March, Qtr2=June, Qtr3=Sept, Qtr4=Dec reference periods. NAICS-based series start 2004 Q1."
CMU1030000000000D,civilian,benefits,cost_per_hour_usd,2010,3,9.06,"BLS ECEC, https://data.bls.gov/timeseries/CMU1030000000000D","Employer cost per hour worked / % of total compensation; Qtr1=March, Qtr2=June, Qtr3=Sept, Qtr4=Dec reference periods. NAICS-based series start 2004 Q1."
CMU1030000000000D,civilian,benefits,cost_per_hour_usd,2010,4,9.02,"BLS ECEC, https://data.bls.gov/timeseries/CMU1030000000000D","Employer cost per hour worked / % of total compensation; Qtr1=March, Qtr2=June, Qtr3=Sept, Qtr4=Dec reference periods. NAICS-based series start 2004 Q1."
CMU1030000000000D,civilian,benefits,cost_per_hour_usd,2011,1,9.15,"BLS ECEC, https://data.bls.gov/timeseries/CMU1030000000000D","Employer cost per hour worked / % of total compensation; Qtr1=March, Qtr2=June, Qtr3=Sept, Qtr4=Dec reference periods. NAICS-based series start 2004 Q1."
CMU1030000000000D,civilian,benefits,cost_per_hour_usd,2011,2,9.17,"BLS ECEC, https://data.bls.gov/timeseries/CMU1030000000000D","Employer cost per hour worked / % of total compensation; Qtr1=March, Qtr2=June, Qtr3=Sept, Qtr4=Dec reference periods. NAICS-based series start 2004 Q1."
CMU1030000000000D,civilian,benefits,cost_per_hour_usd,2011,3,9.21,"BLS ECEC, https://data.bls.gov/timeseries/CMU1030000000000D","Employer cost per hour worked / % of total compensation; Qtr1=March, Qtr2=June, Qtr3=Sept, Qtr4=Dec reference periods. NAICS-based series start 2004 Q1."
CMU1030000000000D,civilian,benefits,cost_per_hour_usd,2011,4,9.3,"BLS ECEC, https://data.bls.gov/timeseries/CMU1030000000000D","Employer cost per hour worked / % of total compensation; Qtr1=March, Qtr2=June, Qtr3=Sept, Qtr4=Dec reference periods. NAICS-based series start 2004 Q1."
CMU1030000000000D,civilian,benefits,cost_per_hour_usd,2012,1,9.42,"BLS ECEC, https://data.bls.gov/timeseries/CMU1030000000000D","Employer cost per hour worked / % of total compensation; Qtr1=March, Qtr2=June, Qtr3=Sept, Qtr4=Dec reference periods. NAICS-based series start 2004 Q1."
CMU1030000000000D,civilian,benefits,cost_per_hour_usd,2012,2,9.39,"BLS ECEC, https://data.bls.gov/timeseries/CMU1030000000000D","Employer cost per hour worked / % of total compensation; Qtr1=March, Qtr2=June, Qtr3=Sept, Qtr4=Dec reference periods. NAICS-based series start 2004 Q1."
CMU1030000000000D,civilian,benefits,cost_per_hour_usd,2012,3,9.46,"BLS ECEC, https://data.bls.gov/timeseries/CMU1030000000000D","Employer cost per hour worked / % of total compensation; Qtr1=March, Qtr2=June, Qtr3=Sept, Qtr4=Dec reference periods. NAICS-based series start 2004 Q1."
CMU1030000000000D,civilian,benefits,cost_per_hour_usd,2012,4,9.47,"BLS ECEC, https://data.bls.gov/timeseries/CMU1030000000000D","Employer cost per hour worked / % of total compensation; Qtr1=March, Qtr2=June, Qtr3=Sept, Qtr4=Dec reference periods. NAICS-based series start 2004 Q1."
CMU1030000000000D,civilian,benefits,cost_per_hour_usd,2013,1,9.59,"BLS ECEC, https://data.bls.gov/timeseries/CMU1030000000000D","Employer cost per hour worked / % of total compensation; Qtr1=March, Qtr2=June, Qtr3=Sept, Qtr4=Dec reference periods. NAICS-based series start 2004 Q1."
CMU1030000000000D,civilian,benefits,cost_per_hour_usd,2013,2,9.56,"BLS ECEC, https://data.bls.gov/timeseries/CMU1030000000000D","Employer cost per hour worked / % of total compensation; Qtr1=March, Qtr2=June, Qtr3=Sept, Qtr4=Dec reference periods. NAICS-based series start 2004 Q1."
CMU1030000000000D,civilian,benefits,cost_per_hour_usd,2013,3,9.61,"BLS ECEC, https://data.bls.gov/timeseries/CMU1030000000000D","Employer cost per hour worked / % of total compensation; Qtr1=March, Qtr2=June, Qtr3=Sept, Qtr4=Dec reference periods. NAICS-based series start 2004 Q1."
CMU1030000000000D,civilian,benefits,cost_per_hour_usd,2013,4,9.8,"BLS ECEC, https://data.bls.gov/timeseries/CMU1030000000000D","Employer cost per hour worked / % of total compensation; Qtr1=March, Qtr2=June, Qtr3=Sept, Qtr4=Dec reference periods. NAICS-based series start 2004 Q1."
CMU1030000000000D,civilian,benefits,cost_per_hour_usd,2014,1,9.97,"BLS ECEC, https://data.bls.gov/timeseries/CMU1030000000000D","Employer cost per hour worked / % of total compensation; Qtr1=March, Qtr2=June, Qtr3=Sept, Qtr4=Dec reference periods. NAICS-based series start 2004 Q1."
CMU1030000000000D,civilian,benefits,cost_per_hour_usd,2014,2,10.0,"BLS ECEC, https://data.bls.gov/timeseries/CMU1030000000000D","Employer cost per hour worked / % of total compensation; Qtr1=March, Qtr2=June, Qtr3=Sept, Qtr4=Dec reference periods. NAICS-based series start 2004 Q1."
CMU1030000000000D,civilian,benefits,cost_per_hour_usd,2014,3,10.07,"BLS ECEC, https://data.bls.gov/timeseries/CMU1030000000000D","Employer cost per hour worked / % of total compensation; Qtr1=March, Qtr2=June, Qtr3=Sept, Qtr4=Dec reference periods. NAICS-based series start 2004 Q1."
CMU1030000000000D,civilian,benefits,cost_per_hour_usd,2014,4,10.49,"BLS ECEC, https://data.bls.gov/timeseries/CMU1030000000000D","Employer cost per hour worked / % of total compensation; Qtr1=March, Qtr2=June, Qtr3=Sept, Qtr4=Dec reference periods. NAICS-based series start 2004 Q1."
CMU1030000000000D,civilian,benefits,cost_per_hour_usd,2015,1,10.61,"BLS ECEC, https://data.bls.gov/timeseries/CMU1030000000000D","Employer cost per hour worked / % of total compensation; Qtr1=March, Qtr2=June, Qtr3=Sept, Qtr4=Dec reference periods. NAICS-based series start 2004 Q1."
CMU1030000000000D,civilian,benefits,cost_per_hour_usd,2015,2,10.47,"BLS ECEC, https://data.bls.gov/timeseries/CMU1030000000000D","Employer cost per hour worked / % of total compensation; Qtr1=March, Qtr2=June, Qtr3=Sept, Qtr4=Dec reference periods. NAICS-based series start 2004 Q1."
CMU1030000000000D,civilian,benefits,cost_per_hour_usd,2015,3,10.48,"BLS ECEC, https://data.bls.gov/timeseries/CMU1030000000000D","Employer cost per hour worked / % of total compensation; Qtr1=March, Qtr2=June, Qtr3=Sept, Qtr4=Dec reference periods. NAICS-based series start 2004 Q1."
CMU1030000000000D,civilian,benefits,cost_per_hour_usd,2015,4,10.52,"BLS ECEC, https://data.bls.gov/timeseries/CMU1030000000000D","Employer cost per hour worked / % of total compensation; Qtr1=March, Qtr2=June, Qtr3=Sept, Qtr4=Dec reference periods. NAICS-based series start 2004 Q1."
CMU1030000000000D,civilian,benefits,cost_per_hour_usd,2016,1,10.7,"BLS ECEC, https://data.bls.gov/timeseries/CMU1030000000000D","Employer cost per hour worked / % of total compensation; Qtr1=March, Qtr2=June, Qtr3=Sept, Qtr4=Dec reference periods. NAICS-based series start 2004 Q1."
CMU1030000000000D,civilian,benefits,cost_per_hour_usd,2016,2,10.7,"BLS ECEC, https://data.bls.gov/timeseries/CMU1030000000000D","Employer cost per hour worked / % of total compensation; Qtr1=March, Qtr2=June, Qtr3=Sept, Qtr4=Dec reference periods. NAICS-based series start 2004 Q1."
CMU1030000000000D,civilian,benefits,cost_per_hour_usd,2016,3,10.73,"BLS ECEC, https://data.bls.gov/timeseries/CMU1030000000000D","Employer cost per hour worked / % of total compensation; Qtr1=March, Qtr2=June, Qtr3=Sept, Qtr4=Dec reference periods. NAICS-based series start 2004 Q1."
CMU1030000000000D,civilian,benefits,cost_per_hour_usd,2016,4,11.03,"BLS ECEC, https://data.bls.gov/timeseries/CMU1030000000000D","Employer cost per hour worked / % of total compensation; Qtr1=March, Qtr2=June, Qtr3=Sept, Qtr4=Dec reference periods. NAICS-based series start 2004 Q1."
CMU1030000000000D,civilian,benefits,cost_per_hour_usd,2017,1,11.18,"BLS ECEC, https://data.bls.gov/timeseries/CMU1030000000000D","Employer cost per hour worked / % of total compensation; Qtr1=March, Qtr2=June, Qtr3=Sept, Qtr4=Dec reference periods. NAICS-based series start 2004 Q1."
CMU1030000000000D,civilian,benefits,cost_per_hour_usd,2017,2,11.18,"BLS ECEC, https://data.bls.gov/timeseries/CMU1030000000000D","Employer cost per hour worked / % of total compensation; Qtr1=March, Qtr2=June, Qtr3=Sept, Qtr4=Dec reference periods. NAICS-based series start 2004 Q1."
CMU1030000000000D,civilian,benefits,cost_per_hour_usd,2017,3,11.31,"BLS ECEC, https://data.bls.gov/timeseries/CMU1030000000000D","Employer cost per hour worked / % of total compensation; Qtr1=March, Qtr2=June, Qtr3=Sept, Qtr4=Dec reference periods. NAICS-based series start 2004 Q1."
CMU1030000000000D,civilian,benefits,cost_per_hour_usd,2017,4,11.38,"BLS ECEC, https://data.bls.gov/timeseries/CMU1030000000000D","Employer cost per hour worked / % of total compensation; Qtr1=March, Qtr2=June, Qtr3=Sept, Qtr4=Dec reference periods. NAICS-based series start 2004 Q1."
CMU1030000000000D,civilian,benefits,cost_per_hour_usd,2018,1,11.55,"BLS ECEC, https://data.bls.gov/timeseries/CMU1030000000000D","Employer cost per hour worked / % of total compensation; Qtr1=March, Qtr2=June, Qtr3=Sept, Qtr4=Dec reference periods. NAICS-based series start 2004 Q1."
CMU1030000000000D,civilian,benefits,cost_per_hour_usd,2018,2,11.5,"BLS ECEC, https://data.bls.gov/timeseries/CMU1030000000000D","Employer cost per hour worked / % of total compensation; Qtr1=March, Qtr2=June, Qtr3=Sept, Qtr4=Dec reference periods. NAICS-based series start 2004 Q1."
CMU1030000000000D,civilian,benefits,cost_per_hour_usd,2018,3,11.6,"BLS ECEC, https://data.bls.gov/timeseries/CMU1030000000000D","Employer cost per hour worked / % of total compensation; Qtr1=March, Qtr2=June, Qtr3=Sept, Qtr4=Dec reference periods. NAICS-based series start 2004 Q1."
CMU1030000000000D,civilian,benefits,cost_per_hour_usd,2018,4,11.41,"BLS ECEC, https://data.bls.gov/timeseries/CMU1030000000000D","Employer cost per hour worked / % of total compensation; Qtr1=March, Qtr2=June, Qtr3=Sept, Qtr4=Dec reference periods. NAICS-based series start 2004 Q1."
CMU1030000000000D,civilian,benefits,cost_per_hour_usd,2019,1,11.55,"BLS ECEC, https://data.bls.gov/timeseries/CMU1030000000000D","Employer cost per hour worked / % of total compensation; Qtr1=March, Qtr2=June, Qtr3=Sept, Qtr4=Dec reference periods. NAICS-based series start 2004 Q1."
CMU1030000000000D,civilian,benefits,cost_per_hour_usd,2019,2,11.48,"BLS ECEC, https://data.bls.gov/timeseries/CMU1030000000000D","Employer cost per hour worked / % of total compensation; Qtr1=March, Qtr2=June, Qtr3=Sept, Qtr4=Dec reference periods. NAICS-based series start 2004 Q1."
CMU1030000000000D,civilian,benefits,cost_per_hour_usd,2019,3,11.6,"BLS ECEC, https://data.bls.gov/timeseries/CMU1030000000000D","Employer cost per hour worked / % of total compensation; Qtr1=March, Qtr2=June, Qtr3=Sept, Qtr4=Dec reference periods. NAICS-based series start 2004 Q1."
CMU1030000000000D,civilian,benefits,cost_per_hour_usd,2019,4,11.63,"BLS ECEC, https://data.bls.gov/timeseries/CMU1030000000000D","Employer cost per hour worked / % of total compensation; Qtr1=March, Qtr2=June, Qtr3=Sept, Qtr4=Dec reference periods. NAICS-based series start 2004 Q1."
CMU1030000000000D,civilian,benefits,cost_per_hour_usd,2020,1,11.82,"BLS ECEC, https://data.bls.gov/timeseries/CMU1030000000000D","Employer cost per hour worked / % of total compensation; Qtr1=March, Qtr2=June, Qtr3=Sept, Qtr4=Dec reference periods. NAICS-based series start 2004 Q1."
CMU1030000000000D,civilian,benefits,cost_per_hour_usd,2020,2,12.04,"BLS ECEC, https://data.bls.gov/timeseries/CMU1030000000000D","Employer cost per hour worked / % of total compensation; Qtr1=March, Qtr2=June, Qtr3=Sept, Qtr4=Dec reference periods. NAICS-based series start 2004 Q1."
CMU1030000000000D,civilian,benefits,cost_per_hour_usd,2020,3,12.01,"BLS ECEC, https://data.bls.gov/timeseries/CMU1030000000000D","Employer cost per hour worked / % of total compensation; Qtr1=March, Qtr2=June, Qtr3=Sept, Qtr4=Dec reference periods. NAICS-based series start 2004 Q1."
CMU1030000000000D,civilian,benefits,cost_per_hour_usd,2020,4,12.07,"BLS ECEC, https://data.bls.gov/timeseries/CMU1030000000000D","Employer cost per hour worked / % of total compensation; Qtr1=March, Qtr2=June, Qtr3=Sept, Qtr4=Dec reference periods. NAICS-based series start 2004 Q1."
CMU1030000000000D,civilian,benefits,cost_per_hour_usd,2021,1,12.18,"BLS ECEC, https://data.bls.gov/timeseries/CMU1030000000000D","Employer cost per hour worked / % of total compensation; Qtr1=March, Qtr2=June, Qtr3=Sept, Qtr4=Dec reference periods. NAICS-based series start 2004 Q1."
CMU1030000000000D,civilian,benefits,cost_per_hour_usd,2021,2,12.06,"BLS ECEC, https://data.bls.gov/timeseries/CMU1030000000000D","Employer cost per hour worked / % of total compensation; Qtr1=March, Qtr2=June, Qtr3=Sept, Qtr4=Dec reference periods. NAICS-based series start 2004 Q1."
CMU1030000000000D,civilian,benefits,cost_per_hour_usd,2021,3,12.2,"BLS ECEC, https://data.bls.gov/timeseries/CMU1030000000000D","Employer cost per hour worked / % of total compensation; Qtr1=March, Qtr2=June, Qtr3=Sept, Qtr4=Dec reference periods. NAICS-based series start 2004 Q1."
CMU1030000000000D,civilian,benefits,cost_per_hour_usd,2021,4,12.52,"BLS ECEC, https://data.bls.gov/timeseries/CMU1030000000000D","Employer cost per hour worked / % of total compensation; Qtr1=March, Qtr2=June, Qtr3=Sept, Qtr4=Dec reference periods. NAICS-based series start 2004 Q1."
CMU1030000000000D,civilian,benefits,cost_per_hour_usd,2022,1,12.74,"BLS ECEC, https://data.bls.gov/timeseries/CMU1030000000000D","Employer cost per hour worked / % of total compensation; Qtr1=March, Qtr2=June, Qtr3=Sept, Qtr4=Dec reference periods. NAICS-based series start 2004 Q1."
CMU1030000000000D,civilian,benefits,cost_per_hour_usd,2022,2,12.72,"BLS ECEC, https://data.bls.gov/timeseries/CMU1030000000000D","Employer cost per hour worked / % of total compensation; Qtr1=March, Qtr2=June, Qtr3=Sept, Qtr4=Dec reference periods. NAICS-based series start 2004 Q1."
CMU1030000000000D,civilian,benefits,cost_per_hour_usd,2022,3,12.98,"BLS ECEC, https://data.bls.gov/timeseries/CMU1030000000000D","Employer cost per hour worked / % of total compensation; Qtr1=March, Qtr2=June, Qtr3=Sept, Qtr4=Dec reference periods. NAICS-based series start 2004 Q1."
CMU1030000000000D,civilian,benefits,cost_per_hour_usd,2022,4,13.17,"BLS ECEC, https://data.bls.gov/timeseries/CMU1030000000000D","Employer cost per hour worked / % of total compensation; Qtr1=March, Qtr2=June, Qtr3=Sept, Qtr4=Dec reference periods. NAICS-based series start 2004 Q1."
CMU1030000000000D,civilian,benefits,cost_per_hour_usd,2023,1,13.36,"BLS ECEC, https://data.bls.gov/timeseries/CMU1030000000000D","Employer cost per hour worked / % of total compensation; Qtr1=March, Qtr2=June, Qtr3=Sept, Qtr4=Dec reference periods. NAICS-based series start 2004 Q1."
CMU1030000000000D,civilian,benefits,cost_per_hour_usd,2023,2,13.39,"BLS ECEC, https://data.bls.gov/timeseries/CMU1030000000000D","Employer cost per hour worked / % of total compensation; Qtr1=March, Qtr2=June, Qtr3=Sept, Qtr4=Dec reference periods. NAICS-based series start 2004 Q1."
CMU1030000000000D,civilian,benefits,cost_per_hour_usd,2023,3,13.58,"BLS ECEC, https://data.bls.gov/timeseries/CMU1030000000000D","Employer cost per hour worked / % of total compensation; Qtr1=March, Qtr2=June, Qtr3=Sept, Qtr4=Dec reference periods. NAICS-based series start 2004 Q1."
CMU1030000000000D,civilian,benefits,cost_per_hour_usd,2023,4,14.13,"BLS ECEC, https://data.bls.gov/timeseries/CMU1030000000000D","Employer cost per hour worked / % of total compensation; Qtr1=March, Qtr2=June, Qtr3=Sept, Qtr4=Dec reference periods. NAICS-based series start 2004 Q1."
CMU1030000000000D,civilian,benefits,cost_per_hour_usd,2024,1,14.41,"BLS ECEC, https://data.bls.gov/timeseries/CMU1030000000000D","Employer cost per hour worked / % of total compensation; Qtr1=March, Qtr2=June, Qtr3=Sept, Qtr4=Dec reference periods. NAICS-based series start 2004 Q1."
CMU1030000000000D,civilian,benefits,cost_per_hour_usd,2024,2,14.41,"BLS ECEC, https://data.bls.gov/timeseries/CMU1030000000000D","Employer cost per hour worked / % of total compensation; Qtr1=March, Qtr2=June, Qtr3=Sept, Qtr4=Dec reference periods. NAICS-based series start 2004 Q1."
CMU1030000000000D,civilian,benefits,cost_per_hour_usd,2024,3,14.59,"BLS ECEC, https://data.bls.gov/timeseries/CMU1030000000000D","Employer cost per hour worked / % of total compensation; Qtr1=March, Qtr2=June, Qtr3=Sept, Qtr4=Dec reference periods. NAICS-based series start 2004 Q1."
CMU1030000000000D,civilian,benefits,cost_per_hour_usd,2024,4,14.68,"BLS ECEC, https://data.bls.gov/timeseries/CMU1030000000000D","Employer cost per hour worked / % of total compensation; Qtr1=March, Qtr2=June, Qtr3=Sept, Qtr4=Dec reference periods. NAICS-based series start 2004 Q1."
CMU1030000000000D,civilian,benefits,cost_per_hour_usd,2025,1,15.0,"BLS ECEC, https://data.bls.gov/timeseries/CMU1030000000000D","Employer cost per hour worked / % of total compensation; Qtr1=March, Qtr2=June, Qtr3=Sept, Qtr4=Dec reference periods. NAICS-based series start 2004 Q1."
CMU1030000000000D,civilian,benefits,cost_per_hour_usd,2025,2,15.03,"BLS ECEC, https://data.bls.gov/timeseries/CMU1030000000000D","Employer cost per hour worked / % of total compensation; Qtr1=March, Qtr2=June, Qtr3=Sept, Qtr4=Dec reference periods. NAICS-based series start 2004 Q1."
CMU1030000000000D,civilian,benefits,cost_per_hour_usd,2025,3,15.18,"BLS ECEC, https://data.bls.gov/timeseries/CMU1030000000000D","Employer cost per hour worked / % of total compensation; Qtr1=March, Qtr2=June, Qtr3=Sept, Qtr4=Dec reference periods. NAICS-based series start 2004 Q1."
CMU1030000000000D,civilian,benefits,cost_per_hour_usd,2025,4,15.33,"BLS ECEC, https://data.bls.gov/timeseries/CMU1030000000000D","Employer cost per hour worked / % of total compensation; Qtr1=March, Qtr2=June, Qtr3=Sept, Qtr4=Dec reference periods. NAICS-based series start 2004 Q1."
CMU1030000000000D,civilian,benefits,cost_per_hour_usd,2026,1,15.6,"BLS ECEC, https://data.bls.gov/timeseries/CMU1030000000000D","Employer cost per hour worked / % of total compensation; Qtr1=March, Qtr2=June, Qtr3=Sept, Qtr4=Dec reference periods. NAICS-based series start 2004 Q1."
CMU1030000000000D,civilian,benefits,cost_per_hour_usd,2026,2,15.61,"BLS ECEC, https://data.bls.gov/timeseries/CMU1030000000000D","Employer cost per hour worked / % of total compensation; Qtr1=March, Qtr2=June, Qtr3=Sept, Qtr4=Dec reference periods. NAICS-based series start 2004 Q1."
CMU1030000000000P,civilian,benefits,pct_total_comp,2004,1,29.0,"BLS ECEC, https://data.bls.gov/timeseries/CMU1030000000000P","Employer cost per hour worked / % of total compensation; Qtr1=March, Qtr2=June, Qtr3=Sept, Qtr4=Dec reference periods. NAICS-based series start 2004 Q1."
CMU1030000000000P,civilian,benefits,pct_total_comp,2004,2,29.1,"BLS ECEC, https://data.bls.gov/timeseries/CMU1030000000000P","Employer cost per hour worked / % of total compensation; Qtr1=March, Qtr2=June, Qtr3=Sept, Qtr4=Dec reference periods. NAICS-based series start 2004 Q1."
CMU1030000000000P,civilian,benefits,pct_total_comp,2004,3,29.2,"BLS ECEC, https://data.bls.gov/timeseries/CMU1030000000000P","Employer cost per hour worked / % of total compensation; Qtr1=March, Qtr2=June, Qtr3=Sept, Qtr4=Dec reference periods. NAICS-based series start 2004 Q1."
CMU1030000000000P,civilian,benefits,pct_total_comp,2004,4,29.3,"BLS ECEC, https://data.bls.gov/timeseries/CMU1030000000000P","Employer cost per hour worked / % of total compensation; Qtr1=March, Qtr2=June, Qtr3=Sept, Qtr4=Dec reference periods. NAICS-based series start 2004 Q1."
CMU1030000000000P,civilian,benefits,pct_total_comp,2005,1,29.6,"BLS ECEC, https://data.bls.gov/timeseries/CMU1030000000000P","Employer cost per hour worked / % of total compensation; Qtr1=March, Qtr2=June, Qtr3=Sept, Qtr4=Dec reference periods. NAICS-based series start 2004 Q1."
CMU1030000000000P,civilian,benefits,pct_total_comp,2005,2,29.6,"BLS ECEC, https://data.bls.gov/timeseries/CMU1030000000000P","Employer cost per hour worked / % of total compensation; Qtr1=March, Qtr2=June, Qtr3=Sept, Qtr4=Dec reference periods. NAICS-based series start 2004 Q1."
CMU1030000000000P,civilian,benefits,pct_total_comp,2005,3,29.8,"BLS ECEC, https://data.bls.gov/timeseries/CMU1030000000000P","Employer cost per hour worked / % of total compensation; Qtr1=March, Qtr2=June, Qtr3=Sept, Qtr4=Dec reference periods. NAICS-based series start 2004 Q1."
CMU1030000000000P,civilian,benefits,pct_total_comp,2005,4,29.8,"BLS ECEC, https://data.bls.gov/timeseries/CMU1030000000000P","Employer cost per hour worked / % of total compensation; Qtr1=March, Qtr2=June, Qtr3=Sept, Qtr4=Dec reference periods. NAICS-based series start 2004 Q1."
CMU1030000000000P,civilian,benefits,pct_total_comp,2006,1,29.9,"BLS ECEC, https://data.bls.gov/timeseries/CMU1030000000000P","Employer cost per hour worked / % of total compensation; Qtr1=March, Qtr2=June, Qtr3=Sept, Qtr4=Dec reference periods. NAICS-based series start 2004 Q1."
CMU1030000000000P,civilian,benefits,pct_total_comp,2006,2,30.0,"BLS ECEC, https://data.bls.gov/timeseries/CMU1030000000000P","Employer cost per hour worked / % of total compensation; Qtr1=March, Qtr2=June, Qtr3=Sept, Qtr4=Dec reference periods. NAICS-based series start 2004 Q1."
CMU1030000000000P,civilian,benefits,pct_total_comp,2006,3,30.0,"BLS ECEC, https://data.bls.gov/timeseries/CMU1030000000000P","Employer cost per hour worked / % of total compensation; Qtr1=March, Qtr2=June, Qtr3=Sept, Qtr4=Dec reference periods. NAICS-based series start 2004 Q1."
CMU1030000000000P,civilian,benefits,pct_total_comp,2006,4,30.1,"BLS ECEC, https://data.bls.gov/timeseries/CMU1030000000000P","Employer cost per hour worked / % of total compensation; Qtr1=March, Qtr2=June, Qtr3=Sept, Qtr4=Dec reference periods. NAICS-based series start 2004 Q1."
CMU1030000000000P,civilian,benefits,pct_total_comp,2007,1,30.0,"BLS ECEC, https://data.bls.gov/timeseries/CMU1030000000000P","Employer cost per hour worked / % of total compensation; Qtr1=March, Qtr2=June, Qtr3=Sept, Qtr4=Dec reference periods. NAICS-based series start 2004 Q1."
CMU1030000000000P,civilian,benefits,pct_total_comp,2007,2,30.2,"BLS ECEC, https://data.bls.gov/timeseries/CMU1030000000000P","Employer cost per hour worked / % of total compensation; Qtr1=March, Qtr2=June, Qtr3=Sept, Qtr4=Dec reference periods. NAICS-based series start 2004 Q1."
CMU1030000000000P,civilian,benefits,pct_total_comp,2007,3,30.2,"BLS ECEC, https://data.bls.gov/timeseries/CMU1030000000000P","Employer cost per hour worked / % of total compensation; Qtr1=March, Qtr2=June, Qtr3=Sept, Qtr4=Dec reference periods. NAICS-based series start 2004 Q1."
CMU1030000000000P,civilian,benefits,pct_total_comp,2007,4,30.2,"BLS ECEC, https://data.bls.gov/timeseries/CMU1030000000000P","Employer cost per hour worked / % of total compensation; Qtr1=March, Qtr2=June, Qtr3=Sept, Qtr4=Dec reference periods. NAICS-based series start 2004 Q1."
CMU1030000000000P,civilian,benefits,pct_total_comp,2008,1,30.3,"BLS ECEC, https://data.bls.gov/timeseries/CMU1030000000000P","Employer cost per hour worked / % of total compensation; Qtr1=March, Qtr2=June, Qtr3=Sept, Qtr4=Dec reference periods. NAICS-based series start 2004 Q1."
CMU1030000000000P,civilian,benefits,pct_total_comp,2008,2,30.3,"BLS ECEC, https://data.bls.gov/timeseries/CMU1030000000000P","Employer cost per hour worked / % of total compensation; Qtr1=March, Qtr2=June, Qtr3=Sept, Qtr4=Dec reference periods. NAICS-based series start 2004 Q1."
CMU1030000000000P,civilian,benefits,pct_total_comp,2008,3,30.3,"BLS ECEC, https://data.bls.gov/timeseries/CMU1030000000000P","Employer cost per hour worked / % of total compensation; Qtr1=March, Qtr2=June, Qtr3=Sept, Qtr4=Dec reference periods. NAICS-based series start 2004 Q1."
CMU1030000000000P,civilian,benefits,pct_total_comp,2008,4,30.2,"BLS ECEC, https://data.bls.gov/timeseries/CMU1030000000000P","Employer cost per hour worked / % of total compensation; Qtr1=March, Qtr2=June, Qtr3=Sept, Qtr4=Dec reference periods. NAICS-based series start 2004 Q1."
CMU1030000000000P,civilian,benefits,pct_total_comp,2009,1,30.3,"BLS ECEC, https://data.bls.gov/timeseries/CMU1030000000000P","Employer cost per hour worked / % of total compensation; Qtr1=March, Qtr2=June, Qtr3=Sept, Qtr4=Dec reference periods. NAICS-based series start 2004 Q1."
CMU1030000000000P,civilian,benefits,pct_total_comp,2009,2,30.3,"BLS ECEC, https://data.bls.gov/timeseries/CMU1030000000000P","Employer cost per hour worked / % of total compensation; Qtr1=March, Qtr2=June, Qtr3=Sept, Qtr4=Dec reference periods. NAICS-based series start 2004 Q1."
CMU1030000000000P,civilian,benefits,pct_total_comp,2009,3,30.3,"BLS ECEC, https://data.bls.gov/timeseries/CMU1030000000000P","Employer cost per hour worked / % of total compensation; Qtr1=March, Qtr2=June, Qtr3=Sept, Qtr4=Dec reference periods. NAICS-based series start 2004 Q1."
CMU1030000000000P,civilian,benefits,pct_total_comp,2009,4,30.2,"BLS ECEC, https://data.bls.gov/timeseries/CMU1030000000000P","Employer cost per hour worked / % of total compensation; Qtr1=March, Qtr2=June, Qtr3=Sept, Qtr4=Dec reference periods. NAICS-based series start 2004 Q1."
CMU1030000000000P,civilian,benefits,pct_total_comp,2010,1,30.4,"BLS ECEC, https://data.bls.gov/timeseries/CMU1030000000000P","Employer cost per hour worked / % of total compensation; Qtr1=March, Qtr2=June, Qtr3=Sept, Qtr4=Dec reference periods. NAICS-based series start 2004 Q1."
CMU1030000000000P,civilian,benefits,pct_total_comp,2010,2,30.4,"BLS ECEC, https://data.bls.gov/timeseries/CMU1030000000000P","Employer cost per hour worked / % of total compensation; Qtr1=March, Qtr2=June, Qtr3=Sept, Qtr4=Dec reference periods. NAICS-based series start 2004 Q1."
CMU1030000000000P,civilian,benefits,pct_total_comp,2010,3,30.5,"BLS ECEC, https://data.bls.gov/timeseries/CMU1030000000000P","Employer cost per hour worked / % of total compensation; Qtr1=March, Qtr2=June, Qtr3=Sept, Qtr4=Dec reference periods. NAICS-based series start 2004 Q1."
CMU1030000000000P,civilian,benefits,pct_total_comp,2010,4,30.3,"BLS ECEC, https://data.bls.gov/timeseries/CMU1030000000000P","Employer cost per hour worked / % of total compensation; Qtr1=March, Qtr2=June, Qtr3=Sept, Qtr4=Dec reference periods. NAICS-based series start 2004 Q1."
CMU1030000000000P,civilian,benefits,pct_total_comp,2011,1,30.4,"BLS ECEC, https://data.bls.gov/timeseries/CMU1030000000000P","Employer cost per hour worked / % of total compensation; Qtr1=March, Qtr2=June, Qtr3=Sept, Qtr4=Dec reference periods. NAICS-based series start 2004 Q1."
CMU1030000000000P,civilian,benefits,pct_total_comp,2011,2,30.6,"BLS ECEC, https://data.bls.gov/timeseries/CMU1030000000000P","Employer cost per hour worked / % of total compensation; Qtr1=March, Qtr2=June, Qtr3=Sept, Qtr4=Dec reference periods. NAICS-based series start 2004 Q1."
CMU1030000000000P,civilian,benefits,pct_total_comp,2011,3,30.6,"BLS ECEC, https://data.bls.gov/timeseries/CMU1030000000000P","Employer cost per hour worked / % of total compensation; Qtr1=March, Qtr2=June, Qtr3=Sept, Qtr4=Dec reference periods. NAICS-based series start 2004 Q1."
CMU1030000000000P,civilian,benefits,pct_total_comp,2011,4,30.6,"BLS ECEC, https://data.bls.gov/timeseries/CMU1030000000000P","Employer cost per hour worked / % of total compensation; Qtr1=March, Qtr2=June, Qtr3=Sept, Qtr4=Dec reference periods. NAICS-based series start 2004 Q1."
CMU1030000000000P,civilian,benefits,pct_total_comp,2012,1,30.7,"BLS ECEC, https://data.bls.gov/timeseries/CMU1030000000000P","Employer cost per hour worked / % of total compensation; Qtr1=March, Qtr2=June, Qtr3=Sept, Qtr4=Dec reference periods. NAICS-based series start 2004 Q1."
CMU1030000000000P,civilian,benefits,pct_total_comp,2012,2,30.7,"BLS ECEC, https://data.bls.gov/timeseries/CMU1030000000000P","Employer cost per hour worked / % of total compensation; Qtr1=March, Qtr2=June, Qtr3=Sept, Qtr4=Dec reference periods. NAICS-based series start 2004 Q1."
CMU1030000000000P,civilian,benefits,pct_total_comp,2012,3,30.7,"BLS ECEC, https://data.bls.gov/timeseries/CMU1030000000000P","Employer cost per hour worked / % of total compensation; Qtr1=March, Qtr2=June, Qtr3=Sept, Qtr4=Dec reference periods. NAICS-based series start 2004 Q1."
CMU1030000000000P,civilian,benefits,pct_total_comp,2012,4,30.7,"BLS ECEC, https://data.bls.gov/timeseries/CMU1030000000000P","Employer cost per hour worked / % of total compensation; Qtr1=March, Qtr2=June, Qtr3=Sept, Qtr4=Dec reference periods. NAICS-based series start 2004 Q1."
CMU1030000000000P,civilian,benefits,pct_total_comp,2013,1,30.9,"BLS ECEC, https://data.bls.gov/timeseries/CMU1030000000000P","Employer cost per hour worked / % of total compensation; Qtr1=March, Qtr2=June, Qtr3=Sept, Qtr4=Dec reference periods. NAICS-based series start 2004 Q1."
CMU1030000000000P,civilian,benefits,pct_total_comp,2013,2,30.8,"BLS ECEC, https://data.bls.gov/timeseries/CMU1030000000000P","Employer cost per hour worked / % of total compensation; Qtr1=March, Qtr2=June, Qtr3=Sept, Qtr4=Dec reference periods. NAICS-based series start 2004 Q1."
CMU1030000000000P,civilian,benefits,pct_total_comp,2013,3,30.9,"BLS ECEC, https://data.bls.gov/timeseries/CMU1030000000000P","Employer cost per hour worked / % of total compensation; Qtr1=March, Qtr2=June, Qtr3=Sept, Qtr4=Dec reference periods. NAICS-based series start 2004 Q1."
CMU1030000000000P,civilian,benefits,pct_total_comp,2013,4,31.0,"BLS ECEC, https://data.bls.gov/timeseries/CMU1030000000000P","Employer cost per hour worked / % of total compensation; Qtr1=March, Qtr2=June, Qtr3=Sept, Qtr4=Dec reference periods. NAICS-based series start 2004 Q1."
CMU1030000000000P,civilian,benefits,pct_total_comp,2014,1,31.2,"BLS ECEC, https://data.bls.gov/timeseries/CMU1030000000000P","Employer cost per hour worked / % of total compensation; Qtr1=March, Qtr2=June, Qtr3=Sept, Qtr4=Dec reference periods. NAICS-based series start 2004 Q1."
CMU1030000000000P,civilian,benefits,pct_total_comp,2014,2,31.3,"BLS ECEC, https://data.bls.gov/timeseries/CMU1030000000000P","Employer cost per hour worked / % of total compensation; Qtr1=March, Qtr2=June, Qtr3=Sept, Qtr4=Dec reference periods. NAICS-based series start 2004 Q1."
CMU1030000000000P,civilian,benefits,pct_total_comp,2014,3,31.3,"BLS ECEC, https://data.bls.gov/timeseries/CMU1030000000000P","Employer cost per hour worked / % of total compensation; Qtr1=March, Qtr2=June, Qtr3=Sept, Qtr4=Dec reference periods. NAICS-based series start 2004 Q1."
CMU1030000000000P,civilian,benefits,pct_total_comp,2014,4,31.6,"BLS ECEC, https://data.bls.gov/timeseries/CMU1030000000000P","Employer cost per hour worked / % of total compensation; Qtr1=March, Qtr2=June, Qtr3=Sept, Qtr4=Dec reference periods. NAICS-based series start 2004 Q1."
CMU1030000000000P,civilian,benefits,pct_total_comp,2015,1,31.7,"BLS ECEC, https://data.bls.gov/timeseries/CMU1030000000000P","Employer cost per hour worked / % of total compensation; Qtr1=March, Qtr2=June, Qtr3=Sept, Qtr4=Dec reference periods. NAICS-based series start 2004 Q1."
CMU1030000000000P,civilian,benefits,pct_total_comp,2015,2,31.5,"BLS ECEC, https://data.bls.gov/timeseries/CMU1030000000000P","Employer cost per hour worked / % of total compensation; Qtr1=March, Qtr2=June, Qtr3=Sept, Qtr4=Dec reference periods. NAICS-based series start 2004 Q1."
CMU1030000000000P,civilian,benefits,pct_total_comp,2015,3,31.4,"BLS ECEC, https://data.bls.gov/timeseries/CMU1030000000000P","Employer cost per hour worked / % of total compensation; Qtr1=March, Qtr2=June, Qtr3=Sept, Qtr4=Dec reference periods. NAICS-based series start 2004 Q1."
CMU1030000000000P,civilian,benefits,pct_total_comp,2015,4,31.3,"BLS ECEC, https://data.bls.gov/timeseries/CMU1030000000000P","Employer cost per hour worked / % of total compensation; Qtr1=March, Qtr2=June, Qtr3=Sept, Qtr4=Dec reference periods. NAICS-based series start 2004 Q1."
CMU1030000000000P,civilian,benefits,pct_total_comp,2016,1,31.5,"BLS ECEC, https://data.bls.gov/timeseries/CMU1030000000000P","Employer cost per hour worked / % of total compensation; Qtr1=March, Qtr2=June, Qtr3=Sept, Qtr4=Dec reference periods. NAICS-based series start 2004 Q1."
CMU1030000000000P,civilian,benefits,pct_total_comp,2016,2,31.4,"BLS ECEC, https://data.bls.gov/timeseries/CMU1030000000000P","Employer cost per hour worked / % of total compensation; Qtr1=March, Qtr2=June, Qtr3=Sept, Qtr4=Dec reference periods. NAICS-based series start 2004 Q1."
CMU1030000000000P,civilian,benefits,pct_total_comp,2016,3,31.4,"BLS ECEC, https://data.bls.gov/timeseries/CMU1030000000000P","Employer cost per hour worked / % of total compensation; Qtr1=March, Qtr2=June, Qtr3=Sept, Qtr4=Dec reference periods. NAICS-based series start 2004 Q1."
CMU1030000000000P,civilian,benefits,pct_total_comp,2016,4,31.6,"BLS ECEC, https://data.bls.gov/timeseries/CMU1030000000000P","Employer cost per hour worked / % of total compensation; Qtr1=March, Qtr2=June, Qtr3=Sept, Qtr4=Dec reference periods. NAICS-based series start 2004 Q1."
CMU1030000000000P,civilian,benefits,pct_total_comp,2017,1,31.7,"BLS ECEC, https://data.bls.gov/timeseries/CMU1030000000000P","Employer cost per hour worked / % of total compensation; Qtr1=March, Qtr2=June, Qtr3=Sept, Qtr4=Dec reference periods. NAICS-based series start 2004 Q1."
CMU1030000000000P,civilian,benefits,pct_total_comp,2017,2,31.7,"BLS ECEC, https://data.bls.gov/timeseries/CMU1030000000000P","Employer cost per hour worked / % of total compensation; Qtr1=March, Qtr2=June, Qtr3=Sept, Qtr4=Dec reference periods. NAICS-based series start 2004 Q1."
CMU1030000000000P,civilian,benefits,pct_total_comp,2017,3,31.7,"BLS ECEC, https://data.bls.gov/timeseries/CMU1030000000000P","Employer cost per hour worked / % of total compensation; Qtr1=March, Qtr2=June, Qtr3=Sept, Qtr4=Dec reference periods. NAICS-based series start 2004 Q1."
CMU1030000000000P,civilian,benefits,pct_total_comp,2017,4,31.7,"BLS ECEC, https://data.bls.gov/timeseries/CMU1030000000000P","Employer cost per hour worked / % of total compensation; Qtr1=March, Qtr2=June, Qtr3=Sept, Qtr4=Dec reference periods. NAICS-based series start 2004 Q1."
CMU1030000000000P,civilian,benefits,pct_total_comp,2018,1,31.8,"BLS ECEC, https://data.bls.gov/timeseries/CMU1030000000000P","Employer cost per hour worked / % of total compensation; Qtr1=March, Qtr2=June, Qtr3=Sept, Qtr4=Dec reference periods. NAICS-based series start 2004 Q1."
CMU1030000000000P,civilian,benefits,pct_total_comp,2018,2,31.7,"BLS ECEC, https://data.bls.gov/timeseries/CMU1030000000000P","Employer cost per hour worked / % of total compensation; Qtr1=March, Qtr2=June, Qtr3=Sept, Qtr4=Dec reference periods. NAICS-based series start 2004 Q1."
CMU1030000000000P,civilian,benefits,pct_total_comp,2018,3,31.7,"BLS ECEC, https://data.bls.gov/timeseries/CMU1030000000000P","Employer cost per hour worked / % of total compensation; Qtr1=March, Qtr2=June, Qtr3=Sept, Qtr4=Dec reference periods. NAICS-based series start 2004 Q1."
CMU1030000000000P,civilian,benefits,pct_total_comp,2018,4,31.4,"BLS ECEC, https://data.bls.gov/timeseries/CMU1030000000000P","Employer cost per hour worked / % of total compensation; Qtr1=March, Qtr2=June, Qtr3=Sept, Qtr4=Dec reference periods. NAICS-based series start 2004 Q1."
CMU1030000000000P,civilian,benefits,pct_total_comp,2019,1,31.4,"BLS ECEC, https://data.bls.gov/timeseries/CMU1030000000000P","Employer cost per hour worked / % of total compensation; Qtr1=March, Qtr2=June, Qtr3=Sept, Qtr4=Dec reference periods. NAICS-based series start 2004 Q1."
CMU1030000000000P,civilian,benefits,pct_total_comp,2019,2,31.4,"BLS ECEC, https://data.bls.gov/timeseries/CMU1030000000000P","Employer cost per hour worked / % of total compensation; Qtr1=March, Qtr2=June, Qtr3=Sept, Qtr4=Dec reference periods. NAICS-based series start 2004 Q1."
CMU1030000000000P,civilian,benefits,pct_total_comp,2019,3,31.3,"BLS ECEC, https://data.bls.gov/timeseries/CMU1030000000000P","Employer cost per hour worked / % of total compensation; Qtr1=March, Qtr2=June, Qtr3=Sept, Qtr4=Dec reference periods. NAICS-based series start 2004 Q1."
CMU1030000000000P,civilian,benefits,pct_total_comp,2019,4,31.4,"BLS ECEC, https://data.bls.gov/timeseries/CMU1030000000000P","Employer cost per hour worked / % of total compensation; Qtr1=March, Qtr2=June, Qtr3=Sept, Qtr4=Dec reference periods. NAICS-based series start 2004 Q1."
CMU1030000000000P,civilian,benefits,pct_total_comp,2020,1,31.3,"BLS ECEC, https://data.bls.gov/timeseries/CMU1030000000000P","Employer cost per hour worked / % of total compensation; Qtr1=March, Qtr2=June, Qtr3=Sept, Qtr4=Dec reference periods. NAICS-based series start 2004 Q1."
CMU1030000000000P,civilian,benefits,pct_total_comp,2020,2,31.5,"BLS ECEC, https://data.bls.gov/timeseries/CMU1030000000000P","Employer cost per hour worked / % of total compensation; Qtr1=March, Qtr2=June, Qtr3=Sept, Qtr4=Dec reference periods. NAICS-based series start 2004 Q1."
CMU1030000000000P,civilian,benefits,pct_total_comp,2020,3,31.4,"BLS ECEC, https://data.bls.gov/timeseries/CMU1030000000000P","Employer cost per hour worked / % of total compensation; Qtr1=March, Qtr2=June, Qtr3=Sept, Qtr4=Dec reference periods. NAICS-based series start 2004 Q1."
CMU1030000000000P,civilian,benefits,pct_total_comp,2020,4,31.3,"BLS ECEC, https://data.bls.gov/timeseries/CMU1030000000000P","Employer cost per hour worked / % of total compensation; Qtr1=March, Qtr2=June, Qtr3=Sept, Qtr4=Dec reference periods. NAICS-based series start 2004 Q1."
CMU1030000000000P,civilian,benefits,pct_total_comp,2021,1,31.2,"BLS ECEC, https://data.bls.gov/timeseries/CMU1030000000000P","Employer cost per hour worked / % of total compensation; Qtr1=March, Qtr2=June, Qtr3=Sept, Qtr4=Dec reference periods. NAICS-based series start 2004 Q1."
CMU1030000000000P,civilian,benefits,pct_total_comp,2021,2,31.0,"BLS ECEC, https://data.bls.gov/timeseries/CMU1030000000000P","Employer cost per hour worked / % of total compensation; Qtr1=March, Qtr2=June, Qtr3=Sept, Qtr4=Dec reference periods. NAICS-based series start 2004 Q1."
CMU1030000000000P,civilian,benefits,pct_total_comp,2021,3,30.9,"BLS ECEC, https://data.bls.gov/timeseries/CMU1030000000000P","Employer cost per hour worked / % of total compensation; Qtr1=March, Qtr2=June, Qtr3=Sept, Qtr4=Dec reference periods. NAICS-based series start 2004 Q1."
CMU1030000000000P,civilian,benefits,pct_total_comp,2021,4,31.0,"BLS ECEC, https://data.bls.gov/timeseries/CMU1030000000000P","Employer cost per hour worked / % of total compensation; Qtr1=March, Qtr2=June, Qtr3=Sept, Qtr4=Dec reference periods. NAICS-based series start 2004 Q1."
CMU1030000000000P,civilian,benefits,pct_total_comp,2022,1,31.2,"BLS ECEC, https://data.bls.gov/timeseries/CMU1030000000000P","Employer cost per hour worked / % of total compensation; Qtr1=March, Qtr2=June, Qtr3=Sept, Qtr4=Dec reference periods. NAICS-based series start 2004 Q1."
CMU1030000000000P,civilian,benefits,pct_total_comp,2022,2,31.0,"BLS ECEC, https://data.bls.gov/timeseries/CMU1030000000000P","Employer cost per hour worked / % of total compensation; Qtr1=March, Qtr2=June, Qtr3=Sept, Qtr4=Dec reference periods. NAICS-based series start 2004 Q1."
CMU1030000000000P,civilian,benefits,pct_total_comp,2022,3,31.0,"BLS ECEC, https://data.bls.gov/timeseries/CMU1030000000000P","Employer cost per hour worked / % of total compensation; Qtr1=March, Qtr2=June, Qtr3=Sept, Qtr4=Dec reference periods. NAICS-based series start 2004 Q1."
CMU1030000000000P,civilian,benefits,pct_total_comp,2022,4,31.0,"BLS ECEC, https://data.bls.gov/timeseries/CMU1030000000000P","Employer cost per hour worked / % of total compensation; Qtr1=March, Qtr2=June, Qtr3=Sept, Qtr4=Dec reference periods. NAICS-based series start 2004 Q1."
CMU1030000000000P,civilian,benefits,pct_total_comp,2023,1,31.0,"BLS ECEC, https://data.bls.gov/timeseries/CMU1030000000000P","Employer cost per hour worked / % of total compensation; Qtr1=March, Qtr2=June, Qtr3=Sept, Qtr4=Dec reference periods. NAICS-based series start 2004 Q1."
CMU1030000000000P,civilian,benefits,pct_total_comp,2023,2,31.0,"BLS ECEC, https://data.bls.gov/timeseries/CMU1030000000000P","Employer cost per hour worked / % of total compensation; Qtr1=March, Qtr2=June, Qtr3=Sept, Qtr4=Dec reference periods. NAICS-based series start 2004 Q1."
CMU1030000000000P,civilian,benefits,pct_total_comp,2023,3,30.9,"BLS ECEC, https://data.bls.gov/timeseries/CMU1030000000000P","Employer cost per hour worked / % of total compensation; Qtr1=March, Qtr2=June, Qtr3=Sept, Qtr4=Dec reference periods. NAICS-based series start 2004 Q1."
CMU1030000000000P,civilian,benefits,pct_total_comp,2023,4,31.1,"BLS ECEC, https://data.bls.gov/timeseries/CMU1030000000000P","Employer cost per hour worked / % of total compensation; Qtr1=March, Qtr2=June, Qtr3=Sept, Qtr4=Dec reference periods. NAICS-based series start 2004 Q1."
CMU1030000000000P,civilian,benefits,pct_total_comp,2024,1,31.2,"BLS ECEC, https://data.bls.gov/timeseries/CMU1030000000000P","Employer cost per hour worked / % of total compensation; Qtr1=March, Qtr2=June, Qtr3=Sept, Qtr4=Dec reference periods. NAICS-based series start 2004 Q1."
CMU1030000000000P,civilian,benefits,pct_total_comp,2024,2,31.2,"BLS ECEC, https://data.bls.gov/timeseries/CMU1030000000000P","Employer cost per hour worked / % of total compensation; Qtr1=March, Qtr2=June, Qtr3=Sept, Qtr4=Dec reference periods. NAICS-based series start 2004 Q1."
CMU1030000000000P,civilian,benefits,pct_total_comp,2024,3,31.1,"BLS ECEC, https://data.bls.gov/timeseries/CMU1030000000000P","Employer cost per hour worked / % of total compensation; Qtr1=March, Qtr2=June, Qtr3=Sept, Qtr4=Dec reference periods. NAICS-based series start 2004 Q1."
CMU1030000000000P,civilian,benefits,pct_total_comp,2024,4,31.1,"BLS ECEC, https://data.bls.gov/timeseries/CMU1030000000000P","Employer cost per hour worked / % of total compensation; Qtr1=March, Qtr2=June, Qtr3=Sept, Qtr4=Dec reference periods. NAICS-based series start 2004 Q1."
CMU1030000000000P,civilian,benefits,pct_total_comp,2025,1,31.3,"BLS ECEC, https://data.bls.gov/timeseries/CMU1030000000000P","Employer cost per hour worked / % of total compensation; Qtr1=March, Qtr2=June, Qtr3=Sept, Qtr4=Dec reference periods. NAICS-based series start 2004 Q1."
CMU1030000000000P,civilian,benefits,pct_total_comp,2025,2,31.3,"BLS ECEC, https://data.bls.gov/timeseries/CMU1030000000000P","Employer cost per hour worked / % of total compensation; Qtr1=March, Qtr2=June, Qtr3=Sept, Qtr4=Dec reference periods. NAICS-based series start 2004 Q1."
CMU1030000000000P,civilian,benefits,pct_total_comp,2025,3,31.2,"BLS ECEC, https://data.bls.gov/timeseries/CMU1030000000000P","Employer cost per hour worked / % of total compensation; Qtr1=March, Qtr2=June, Qtr3=Sept, Qtr4=Dec reference periods. NAICS-based series start 2004 Q1."
CMU1030000000000P,civilian,benefits,pct_total_comp,2025,4,31.4,"BLS ECEC, https://data.bls.gov/timeseries/CMU1030000000000P","Employer cost per hour worked / % of total compensation; Qtr1=March, Qtr2=June, Qtr3=Sept, Qtr4=Dec reference periods. NAICS-based series start 2004 Q1."
CMU1030000000000P,civilian,benefits,pct_total_comp,2026,1,31.6,"BLS ECEC, https://data.bls.gov/timeseries/CMU1030000000000P","Employer cost per hour worked / % of total compensation; Qtr1=March, Qtr2=June, Qtr3=Sept, Qtr4=Dec reference periods. NAICS-based series start 2004 Q1."
CMU1030000000000P,civilian,benefits,pct_total_comp,2026,2,31.6,"BLS ECEC, https://data.bls.gov/timeseries/CMU1030000000000P","Employer cost per hour worked / % of total compensation; Qtr1=March, Qtr2=June, Qtr3=Sept, Qtr4=Dec reference periods. NAICS-based series start 2004 Q1."
CMU1180000000000D,civilian,retirement,cost_per_hour_usd,2004,1,0.99,"BLS ECEC, https://data.bls.gov/timeseries/CMU1180000000000D","Employer cost per hour worked / % of total compensation; Qtr1=March, Qtr2=June, Qtr3=Sept, Qtr4=Dec reference periods. NAICS-based series start 2004 Q1."
CMU1180000000000D,civilian,retirement,cost_per_hour_usd,2004,2,1.01,"BLS ECEC, https://data.bls.gov/timeseries/CMU1180000000000D","Employer cost per hour worked / % of total compensation; Qtr1=March, Qtr2=June, Qtr3=Sept, Qtr4=Dec reference periods. NAICS-based series start 2004 Q1."
CMU1180000000000D,civilian,retirement,cost_per_hour_usd,2004,3,1.05,"BLS ECEC, https://data.bls.gov/timeseries/CMU1180000000000D","Employer cost per hour worked / % of total compensation; Qtr1=March, Qtr2=June, Qtr3=Sept, Qtr4=Dec reference periods. NAICS-based series start 2004 Q1."
CMU1180000000000D,civilian,retirement,cost_per_hour_usd,2004,4,1.08,"BLS ECEC, https://data.bls.gov/timeseries/CMU1180000000000D","Employer cost per hour worked / % of total compensation; Qtr1=March, Qtr2=June, Qtr3=Sept, Qtr4=Dec reference periods. NAICS-based series start 2004 Q1."
CMU1180000000000D,civilian,retirement,cost_per_hour_usd,2005,1,1.11,"BLS ECEC, https://data.bls.gov/timeseries/CMU1180000000000D","Employer cost per hour worked / % of total compensation; Qtr1=March, Qtr2=June, Qtr3=Sept, Qtr4=Dec reference periods. NAICS-based series start 2004 Q1."
CMU1180000000000D,civilian,retirement,cost_per_hour_usd,2005,2,1.09,"BLS ECEC, https://data.bls.gov/timeseries/CMU1180000000000D","Employer cost per hour worked / % of total compensation; Qtr1=March, Qtr2=June, Qtr3=Sept, Qtr4=Dec reference periods. NAICS-based series start 2004 Q1."
CMU1180000000000D,civilian,retirement,cost_per_hour_usd,2005,3,1.13,"BLS ECEC, https://data.bls.gov/timeseries/CMU1180000000000D","Employer cost per hour worked / % of total compensation; Qtr1=March, Qtr2=June, Qtr3=Sept, Qtr4=Dec reference periods. NAICS-based series start 2004 Q1."
CMU1180000000000D,civilian,retirement,cost_per_hour_usd,2005,4,1.13,"BLS ECEC, https://data.bls.gov/timeseries/CMU1180000000000D","Employer cost per hour worked / % of total compensation; Qtr1=March, Qtr2=June, Qtr3=Sept, Qtr4=Dec reference periods. NAICS-based series start 2004 Q1."
CMU1180000000000D,civilian,retirement,cost_per_hour_usd,2006,1,1.15,"BLS ECEC, https://data.bls.gov/timeseries/CMU1180000000000D","Employer cost per hour worked / % of total compensation; Qtr1=March, Qtr2=June, Qtr3=Sept, Qtr4=Dec reference periods. NAICS-based series start 2004 Q1."
CMU1180000000000D,civilian,retirement,cost_per_hour_usd,2006,2,1.15,"BLS ECEC, https://data.bls.gov/timeseries/CMU1180000000000D","Employer cost per hour worked / % of total compensation; Qtr1=March, Qtr2=June, Qtr3=Sept, Qtr4=Dec reference periods. NAICS-based series start 2004 Q1."
CMU1180000000000D,civilian,retirement,cost_per_hour_usd,2006,3,1.18,"BLS ECEC, https://data.bls.gov/timeseries/CMU1180000000000D","Employer cost per hour worked / % of total compensation; Qtr1=March, Qtr2=June, Qtr3=Sept, Qtr4=Dec reference periods. NAICS-based series start 2004 Q1."
CMU1180000000000D,civilian,retirement,cost_per_hour_usd,2006,4,1.21,"BLS ECEC, https://data.bls.gov/timeseries/CMU1180000000000D","Employer cost per hour worked / % of total compensation; Qtr1=March, Qtr2=June, Qtr3=Sept, Qtr4=Dec reference periods. NAICS-based series start 2004 Q1."
CMU1180000000000D,civilian,retirement,cost_per_hour_usd,2007,1,1.16,"BLS ECEC, https://data.bls.gov/timeseries/CMU1180000000000D","Employer cost per hour worked / % of total compensation; Qtr1=March, Qtr2=June, Qtr3=Sept, Qtr4=Dec reference periods. NAICS-based series start 2004 Q1."
CMU1180000000000D,civilian,retirement,cost_per_hour_usd,2007,2,1.17,"BLS ECEC, https://data.bls.gov/timeseries/CMU1180000000000D","Employer cost per hour worked / % of total compensation; Qtr1=March, Qtr2=June, Qtr3=Sept, Qtr4=Dec reference periods. NAICS-based series start 2004 Q1."
CMU1180000000000D,civilian,retirement,cost_per_hour_usd,2007,3,1.22,"BLS ECEC, https://data.bls.gov/timeseries/CMU1180000000000D","Employer cost per hour worked / % of total compensation; Qtr1=March, Qtr2=June, Qtr3=Sept, Qtr4=Dec reference periods. NAICS-based series start 2004 Q1."
CMU1180000000000D,civilian,retirement,cost_per_hour_usd,2007,4,1.24,"BLS ECEC, https://data.bls.gov/timeseries/CMU1180000000000D","Employer cost per hour worked / % of total compensation; Qtr1=March, Qtr2=June, Qtr3=Sept, Qtr4=Dec reference periods. NAICS-based series start 2004 Q1."
CMU1180000000000D,civilian,retirement,cost_per_hour_usd,2008,1,1.26,"BLS ECEC, https://data.bls.gov/timeseries/CMU1180000000000D","Employer cost per hour worked / % of total compensation; Qtr1=March, Qtr2=June, Qtr3=Sept, Qtr4=Dec reference periods. NAICS-based series start 2004 Q1."
CMU1180000000000D,civilian,retirement,cost_per_hour_usd,2008,2,1.25,"BLS ECEC, https://data.bls.gov/timeseries/CMU1180000000000D","Employer cost per hour worked / % of total compensation; Qtr1=March, Qtr2=June, Qtr3=Sept, Qtr4=Dec reference periods. NAICS-based series start 2004 Q1."
CMU1180000000000D,civilian,retirement,cost_per_hour_usd,2008,3,1.28,"BLS ECEC, https://data.bls.gov/timeseries/CMU1180000000000D","Employer cost per hour worked / % of total compensation; Qtr1=March, Qtr2=June, Qtr3=Sept, Qtr4=Dec reference periods. NAICS-based series start 2004 Q1."
CMU1180000000000D,civilian,retirement,cost_per_hour_usd,2008,4,1.29,"BLS ECEC, https://data.bls.gov/timeseries/CMU1180000000000D","Employer cost per hour worked / % of total compensation; Qtr1=March, Qtr2=June, Qtr3=Sept, Qtr4=Dec reference periods. NAICS-based series start 2004 Q1."
CMU1180000000000D,civilian,retirement,cost_per_hour_usd,2009,1,1.31,"BLS ECEC, https://data.bls.gov/timeseries/CMU1180000000000D","Employer cost per hour worked / % of total compensation; Qtr1=March, Qtr2=June, Qtr3=Sept, Qtr4=Dec reference periods. NAICS-based series start 2004 Q1."
CMU1180000000000D,civilian,retirement,cost_per_hour_usd,2009,2,1.29,"BLS ECEC, https://data.bls.gov/timeseries/CMU1180000000000D","Employer cost per hour worked / % of total compensation; Qtr1=March, Qtr2=June, Qtr3=Sept, Qtr4=Dec reference periods. NAICS-based series start 2004 Q1."
CMU1180000000000D,civilian,retirement,cost_per_hour_usd,2009,3,1.29,"BLS ECEC, https://data.bls.gov/timeseries/CMU1180000000000D","Employer cost per hour worked / % of total compensation; Qtr1=March, Qtr2=June, Qtr3=Sept, Qtr4=Dec reference periods. NAICS-based series start 2004 Q1."
CMU1180000000000D,civilian,retirement,cost_per_hour_usd,2009,4,1.29,"BLS ECEC, https://data.bls.gov/timeseries/CMU1180000000000D","Employer cost per hour worked / % of total compensation; Qtr1=March, Qtr2=June, Qtr3=Sept, Qtr4=Dec reference periods. NAICS-based series start 2004 Q1."
CMU1180000000000D,civilian,retirement,cost_per_hour_usd,2010,1,1.32,"BLS ECEC, https://data.bls.gov/timeseries/CMU1180000000000D","Employer cost per hour worked / % of total compensation; Qtr1=March, Qtr2=June, Qtr3=Sept, Qtr4=Dec reference periods. NAICS-based series start 2004 Q1."
CMU1180000000000D,civilian,retirement,cost_per_hour_usd,2010,2,1.31,"BLS ECEC, https://data.bls.gov/timeseries/CMU1180000000000D","Employer cost per hour worked / % of total compensation; Qtr1=March, Qtr2=June, Qtr3=Sept, Qtr4=Dec reference periods. NAICS-based series start 2004 Q1."
CMU1180000000000D,civilian,retirement,cost_per_hour_usd,2010,3,1.34,"BLS ECEC, https://data.bls.gov/timeseries/CMU1180000000000D","Employer cost per hour worked / % of total compensation; Qtr1=March, Qtr2=June, Qtr3=Sept, Qtr4=Dec reference periods. NAICS-based series start 2004 Q1."
CMU1180000000000D,civilian,retirement,cost_per_hour_usd,2010,4,1.33,"BLS ECEC, https://data.bls.gov/timeseries/CMU1180000000000D","Employer cost per hour worked / % of total compensation; Qtr1=March, Qtr2=June, Qtr3=Sept, Qtr4=Dec reference periods. NAICS-based series start 2004 Q1."
CMU1180000000000D,civilian,retirement,cost_per_hour_usd,2011,1,1.36,"BLS ECEC, https://data.bls.gov/timeseries/CMU1180000000000D","Employer cost per hour worked / % of total compensation; Qtr1=March, Qtr2=June, Qtr3=Sept, Qtr4=Dec reference periods. NAICS-based series start 2004 Q1."
CMU1180000000000D,civilian,retirement,cost_per_hour_usd,2011,2,1.37,"BLS ECEC, https://data.bls.gov/timeseries/CMU1180000000000D","Employer cost per hour worked / % of total compensation; Qtr1=March, Qtr2=June, Qtr3=Sept, Qtr4=Dec reference periods. NAICS-based series start 2004 Q1."
CMU1180000000000D,civilian,retirement,cost_per_hour_usd,2011,3,1.38,"BLS ECEC, https://data.bls.gov/timeseries/CMU1180000000000D","Employer cost per hour worked / % of total compensation; Qtr1=March, Qtr2=June, Qtr3=Sept, Qtr4=Dec reference periods. NAICS-based series start 2004 Q1."
CMU1180000000000D,civilian,retirement,cost_per_hour_usd,2011,4,1.39,"BLS ECEC, https://data.bls.gov/timeseries/CMU1180000000000D","Employer cost per hour worked / % of total compensation; Qtr1=March, Qtr2=June, Qtr3=Sept, Qtr4=Dec reference periods. NAICS-based series start 2004 Q1."
CMU1180000000000D,civilian,retirement,cost_per_hour_usd,2012,1,1.4,"BLS ECEC, https://data.bls.gov/timeseries/CMU1180000000000D","Employer cost per hour worked / % of total compensation; Qtr1=March, Qtr2=June, Qtr3=Sept, Qtr4=Dec reference periods. NAICS-based series start 2004 Q1."
CMU1180000000000D,civilian,retirement,cost_per_hour_usd,2012,2,1.39,"BLS ECEC, https://data.bls.gov/timeseries/CMU1180000000000D","Employer cost per hour worked / % of total compensation; Qtr1=March, Qtr2=June, Qtr3=Sept, Qtr4=Dec reference periods. NAICS-based series start 2004 Q1."
CMU1180000000000D,civilian,retirement,cost_per_hour_usd,2012,3,1.42,"BLS ECEC, https://data.bls.gov/timeseries/CMU1180000000000D","Employer cost per hour worked / % of total compensation; Qtr1=March, Qtr2=June, Qtr3=Sept, Qtr4=Dec reference periods. NAICS-based series start 2004 Q1."
CMU1180000000000D,civilian,retirement,cost_per_hour_usd,2012,4,1.44,"BLS ECEC, https://data.bls.gov/timeseries/CMU1180000000000D","Employer cost per hour worked / % of total compensation; Qtr1=March, Qtr2=June, Qtr3=Sept, Qtr4=Dec reference periods. NAICS-based series start 2004 Q1."
CMU1180000000000D,civilian,retirement,cost_per_hour_usd,2013,1,1.47,"BLS ECEC, https://data.bls.gov/timeseries/CMU1180000000000D","Employer cost per hour worked / % of total compensation; Qtr1=March, Qtr2=June, Qtr3=Sept, Qtr4=Dec reference periods. NAICS-based series start 2004 Q1."
CMU1180000000000D,civilian,retirement,cost_per_hour_usd,2013,2,1.47,"BLS ECEC, https://data.bls.gov/timeseries/CMU1180000000000D","Employer cost per hour worked / % of total compensation; Qtr1=March, Qtr2=June, Qtr3=Sept, Qtr4=Dec reference periods. NAICS-based series start 2004 Q1."
CMU1180000000000D,civilian,retirement,cost_per_hour_usd,2013,3,1.49,"BLS ECEC, https://data.bls.gov/timeseries/CMU1180000000000D","Employer cost per hour worked / % of total compensation; Qtr1=March, Qtr2=June, Qtr3=Sept, Qtr4=Dec reference periods. NAICS-based series start 2004 Q1."
CMU1180000000000D,civilian,retirement,cost_per_hour_usd,2013,4,1.53,"BLS ECEC, https://data.bls.gov/timeseries/CMU1180000000000D","Employer cost per hour worked / % of total compensation; Qtr1=March, Qtr2=June, Qtr3=Sept, Qtr4=Dec reference periods. NAICS-based series start 2004 Q1."
CMU1180000000000D,civilian,retirement,cost_per_hour_usd,2014,1,1.6,"BLS ECEC, https://data.bls.gov/timeseries/CMU1180000000000D","Employer cost per hour worked / % of total compensation; Qtr1=March, Qtr2=June, Qtr3=Sept, Qtr4=Dec reference periods. NAICS-based series start 2004 Q1."
CMU1180000000000D,civilian,retirement,cost_per_hour_usd,2014,2,1.66,"BLS ECEC, https://data.bls.gov/timeseries/CMU1180000000000D","Employer cost per hour worked / % of total compensation; Qtr1=March, Qtr2=June, Qtr3=Sept, Qtr4=Dec reference periods. NAICS-based series start 2004 Q1."
CMU1180000000000D,civilian,retirement,cost_per_hour_usd,2014,3,1.67,"BLS ECEC, https://data.bls.gov/timeseries/CMU1180000000000D","Employer cost per hour worked / % of total compensation; Qtr1=March, Qtr2=June, Qtr3=Sept, Qtr4=Dec reference periods. NAICS-based series start 2004 Q1."
CMU1180000000000D,civilian,retirement,cost_per_hour_usd,2014,4,1.75,"BLS ECEC, https://data.bls.gov/timeseries/CMU1180000000000D","Employer cost per hour worked / % of total compensation; Qtr1=March, Qtr2=June, Qtr3=Sept, Qtr4=Dec reference periods. NAICS-based series start 2004 Q1."
CMU1180000000000D,civilian,retirement,cost_per_hour_usd,2015,1,1.78,"BLS ECEC, https://data.bls.gov/timeseries/CMU1180000000000D","Employer cost per hour worked / % of total compensation; Qtr1=March, Qtr2=June, Qtr3=Sept, Qtr4=Dec reference periods. NAICS-based series start 2004 Q1."
CMU1180000000000D,civilian,retirement,cost_per_hour_usd,2015,2,1.7,"BLS ECEC, https://data.bls.gov/timeseries/CMU1180000000000D","Employer cost per hour worked / % of total compensation; Qtr1=March, Qtr2=June, Qtr3=Sept, Qtr4=Dec reference periods. NAICS-based series start 2004 Q1."
CMU1180000000000D,civilian,retirement,cost_per_hour_usd,2015,3,1.72,"BLS ECEC, https://data.bls.gov/timeseries/CMU1180000000000D","Employer cost per hour worked / % of total compensation; Qtr1=March, Qtr2=June, Qtr3=Sept, Qtr4=Dec reference periods. NAICS-based series start 2004 Q1."
CMU1180000000000D,civilian,retirement,cost_per_hour_usd,2015,4,1.75,"BLS ECEC, https://data.bls.gov/timeseries/CMU1180000000000D","Employer cost per hour worked / % of total compensation; Qtr1=March, Qtr2=June, Qtr3=Sept, Qtr4=Dec reference periods. NAICS-based series start 2004 Q1."
CMU1180000000000D,civilian,retirement,cost_per_hour_usd,2016,1,1.74,"BLS ECEC, https://data.bls.gov/timeseries/CMU1180000000000D","Employer cost per hour worked / % of total compensation; Qtr1=March, Qtr2=June, Qtr3=Sept, Qtr4=Dec reference periods. NAICS-based series start 2004 Q1."
CMU1180000000000D,civilian,retirement,cost_per_hour_usd,2016,2,1.75,"BLS ECEC, https://data.bls.gov/timeseries/CMU1180000000000D","Employer cost per hour worked / % of total compensation; Qtr1=March, Qtr2=June, Qtr3=Sept, Qtr4=Dec reference periods. NAICS-based series start 2004 Q1."
CMU1180000000000D,civilian,retirement,cost_per_hour_usd,2016,3,1.76,"BLS ECEC, https://data.bls.gov/timeseries/CMU1180000000000D","Employer cost per hour worked / % of total compensation; Qtr1=March, Qtr2=June, Qtr3=Sept, Qtr4=Dec reference periods. NAICS-based series start 2004 Q1."
CMU1180000000000D,civilian,retirement,cost_per_hour_usd,2016,4,1.88,"BLS ECEC, https://data.bls.gov/timeseries/CMU1180000000000D","Employer cost per hour worked / % of total compensation; Qtr1=March, Qtr2=June, Qtr3=Sept, Qtr4=Dec reference periods. NAICS-based series start 2004 Q1."
CMU1180000000000D,civilian,retirement,cost_per_hour_usd,2017,1,1.92,"BLS ECEC, https://data.bls.gov/timeseries/CMU1180000000000D","Employer cost per hour worked / % of total compensation; Qtr1=March, Qtr2=June, Qtr3=Sept, Qtr4=Dec reference periods. NAICS-based series start 2004 Q1."
CMU1180000000000D,civilian,retirement,cost_per_hour_usd,2017,2,1.92,"BLS ECEC, https://data.bls.gov/timeseries/CMU1180000000000D","Employer cost per hour worked / % of total compensation; Qtr1=March, Qtr2=June, Qtr3=Sept, Qtr4=Dec reference periods. NAICS-based series start 2004 Q1."
CMU1180000000000D,civilian,retirement,cost_per_hour_usd,2017,3,1.96,"BLS ECEC, https://data.bls.gov/timeseries/CMU1180000000000D","Employer cost per hour worked / % of total compensation; Qtr1=March, Qtr2=June, Qtr3=Sept, Qtr4=Dec reference periods. NAICS-based series start 2004 Q1."
CMU1180000000000D,civilian,retirement,cost_per_hour_usd,2017,4,1.9,"BLS ECEC, https://data.bls.gov/timeseries/CMU1180000000000D","Employer cost per hour worked / % of total compensation; Qtr1=March, Qtr2=June, Qtr3=Sept, Qtr4=Dec reference periods. NAICS-based series start 2004 Q1."
CMU1180000000000D,civilian,retirement,cost_per_hour_usd,2018,1,1.92,"BLS ECEC, https://data.bls.gov/timeseries/CMU1180000000000D","Employer cost per hour worked / % of total compensation; Qtr1=March, Qtr2=June, Qtr3=Sept, Qtr4=Dec reference periods. NAICS-based series start 2004 Q1."
CMU1180000000000D,civilian,retirement,cost_per_hour_usd,2018,2,1.93,"BLS ECEC, https://data.bls.gov/timeseries/CMU1180000000000D","Employer cost per hour worked / % of total compensation; Qtr1=March, Qtr2=June, Qtr3=Sept, Qtr4=Dec reference periods. NAICS-based series start 2004 Q1."
CMU1180000000000D,civilian,retirement,cost_per_hour_usd,2018,3,1.95,"BLS ECEC, https://data.bls.gov/timeseries/CMU1180000000000D","Employer cost per hour worked / % of total compensation; Qtr1=March, Qtr2=June, Qtr3=Sept, Qtr4=Dec reference periods. NAICS-based series start 2004 Q1."
CMU1180000000000D,civilian,retirement,cost_per_hour_usd,2018,4,1.95,"BLS ECEC, https://data.bls.gov/timeseries/CMU1180000000000D","Employer cost per hour worked / % of total compensation; Qtr1=March, Qtr2=June, Qtr3=Sept, Qtr4=Dec reference periods. NAICS-based series start 2004 Q1."
CMU1180000000000D,civilian,retirement,cost_per_hour_usd,2019,1,1.98,"BLS ECEC, https://data.bls.gov/timeseries/CMU1180000000000D","Employer cost per hour worked / % of total compensation; Qtr1=March, Qtr2=June, Qtr3=Sept, Qtr4=Dec reference periods. NAICS-based series start 2004 Q1."
CMU1180000000000D,civilian,retirement,cost_per_hour_usd,2019,2,1.94,"BLS ECEC, https://data.bls.gov/timeseries/CMU1180000000000D","Employer cost per hour worked / % of total compensation; Qtr1=March, Qtr2=June, Qtr3=Sept, Qtr4=Dec reference periods. NAICS-based series start 2004 Q1."
CMU1180000000000D,civilian,retirement,cost_per_hour_usd,2019,3,1.96,"BLS ECEC, https://data.bls.gov/timeseries/CMU1180000000000D","Employer cost per hour worked / % of total compensation; Qtr1=March, Qtr2=June, Qtr3=Sept, Qtr4=Dec reference periods. NAICS-based series start 2004 Q1."
CMU1180000000000D,civilian,retirement,cost_per_hour_usd,2019,4,1.92,"BLS ECEC, https://data.bls.gov/timeseries/CMU1180000000000D","Employer cost per hour worked / % of total compensation; Qtr1=March, Qtr2=June, Qtr3=Sept, Qtr4=Dec reference periods. NAICS-based series start 2004 Q1."
CMU1180000000000D,civilian,retirement,cost_per_hour_usd,2020,1,1.97,"BLS ECEC, https://data.bls.gov/timeseries/CMU1180000000000D","Employer cost per hour worked / % of total compensation; Qtr1=March, Qtr2=June, Qtr3=Sept, Qtr4=Dec reference periods. NAICS-based series start 2004 Q1."
CMU1180000000000D,civilian,retirement,cost_per_hour_usd,2020,2,1.99,"BLS ECEC, https://data.bls.gov/timeseries/CMU1180000000000D","Employer cost per hour worked / % of total compensation; Qtr1=March, Qtr2=June, Qtr3=Sept, Qtr4=Dec reference periods. NAICS-based series start 2004 Q1."
CMU1180000000000D,civilian,retirement,cost_per_hour_usd,2020,3,1.99,"BLS ECEC, https://data.bls.gov/timeseries/CMU1180000000000D","Employer cost per hour worked / % of total compensation; Qtr1=March, Qtr2=June, Qtr3=Sept, Qtr4=Dec reference periods. NAICS-based series start 2004 Q1."
CMU1180000000000D,civilian,retirement,cost_per_hour_usd,2020,4,1.99,"BLS ECEC, https://data.bls.gov/timeseries/CMU1180000000000D","Employer cost per hour worked / % of total compensation; Qtr1=March, Qtr2=June, Qtr3=Sept, Qtr4=Dec reference periods. NAICS-based series start 2004 Q1."
CMU1180000000000D,civilian,retirement,cost_per_hour_usd,2021,1,2.01,"BLS ECEC, https://data.bls.gov/timeseries/CMU1180000000000D","Employer cost per hour worked / % of total compensation; Qtr1=March, Qtr2=June, Qtr3=Sept, Qtr4=Dec reference periods. NAICS-based series start 2004 Q1."
CMU1180000000000D,civilian,retirement,cost_per_hour_usd,2021,2,1.98,"BLS ECEC, https://data.bls.gov/timeseries/CMU1180000000000D","Employer cost per hour worked / % of total compensation; Qtr1=March, Qtr2=June, Qtr3=Sept, Qtr4=Dec reference periods. NAICS-based series start 2004 Q1."
CMU1180000000000D,civilian,retirement,cost_per_hour_usd,2021,3,2.04,"BLS ECEC, https://data.bls.gov/timeseries/CMU1180000000000D","Employer cost per hour worked / % of total compensation; Qtr1=March, Qtr2=June, Qtr3=Sept, Qtr4=Dec reference periods. NAICS-based series start 2004 Q1."
CMU1180000000000D,civilian,retirement,cost_per_hour_usd,2021,4,2.08,"BLS ECEC, https://data.bls.gov/timeseries/CMU1180000000000D","Employer cost per hour worked / % of total compensation; Qtr1=March, Qtr2=June, Qtr3=Sept, Qtr4=Dec reference periods. NAICS-based series start 2004 Q1."
CMU1180000000000D,civilian,retirement,cost_per_hour_usd,2022,1,2.12,"BLS ECEC, https://data.bls.gov/timeseries/CMU1180000000000D","Employer cost per hour worked / % of total compensation; Qtr1=March, Qtr2=June, Qtr3=Sept, Qtr4=Dec reference periods. NAICS-based series start 2004 Q1."
CMU1180000000000D,civilian,retirement,cost_per_hour_usd,2022,2,2.07,"BLS ECEC, https://data.bls.gov/timeseries/CMU1180000000000D","Employer cost per hour worked / % of total compensation; Qtr1=March, Qtr2=June, Qtr3=Sept, Qtr4=Dec reference periods. NAICS-based series start 2004 Q1."
CMU1180000000000D,civilian,retirement,cost_per_hour_usd,2022,3,2.13,"BLS ECEC, https://data.bls.gov/timeseries/CMU1180000000000D","Employer cost per hour worked / % of total compensation; Qtr1=March, Qtr2=June, Qtr3=Sept, Qtr4=Dec reference periods. NAICS-based series start 2004 Q1."
CMU1180000000000D,civilian,retirement,cost_per_hour_usd,2022,4,2.16,"BLS ECEC, https://data.bls.gov/timeseries/CMU1180000000000D","Employer cost per hour worked / % of total compensation; Qtr1=March, Qtr2=June, Qtr3=Sept, Qtr4=Dec reference periods. NAICS-based series start 2004 Q1."
CMU1180000000000D,civilian,retirement,cost_per_hour_usd,2023,1,2.22,"BLS ECEC, https://data.bls.gov/timeseries/CMU1180000000000D","Employer cost per hour worked / % of total compensation; Qtr1=March, Qtr2=June, Qtr3=Sept, Qtr4=Dec reference periods. NAICS-based series start 2004 Q1."
CMU1180000000000D,civilian,retirement,cost_per_hour_usd,2023,2,2.21,"BLS ECEC, https://data.bls.gov/timeseries/CMU1180000000000D","Employer cost per hour worked / % of total compensation; Qtr1=March, Qtr2=June, Qtr3=Sept, Qtr4=Dec reference periods. NAICS-based series start 2004 Q1."
CMU1180000000000D,civilian,retirement,cost_per_hour_usd,2023,3,2.26,"BLS ECEC, https://data.bls.gov/timeseries/CMU1180000000000D","Employer cost per hour worked / % of total compensation; Qtr1=March, Qtr2=June, Qtr3=Sept, Qtr4=Dec reference periods. NAICS-based series start 2004 Q1."
CMU1180000000000D,civilian,retirement,cost_per_hour_usd,2023,4,2.37,"BLS ECEC, https://data.bls.gov/timeseries/CMU1180000000000D","Employer cost per hour worked / % of total compensation; Qtr1=March, Qtr2=June, Qtr3=Sept, Qtr4=Dec reference periods. NAICS-based series start 2004 Q1."
CMU1180000000000D,civilian,retirement,cost_per_hour_usd,2024,1,2.42,"BLS ECEC, https://data.bls.gov/timeseries/CMU1180000000000D","Employer cost per hour worked / % of total compensation; Qtr1=March, Qtr2=June, Qtr3=Sept, Qtr4=Dec reference periods. NAICS-based series start 2004 Q1."
CMU1180000000000D,civilian,retirement,cost_per_hour_usd,2024,2,2.39,"BLS ECEC, https://data.bls.gov/timeseries/CMU1180000000000D","Employer cost per hour worked / % of total compensation; Qtr1=March, Qtr2=June, Qtr3=Sept, Qtr4=Dec reference periods. NAICS-based series start 2004 Q1."
CMU1180000000000D,civilian,retirement,cost_per_hour_usd,2024,3,2.44,"BLS ECEC, https://data.bls.gov/timeseries/CMU1180000000000D","Employer cost per hour worked / % of total compensation; Qtr1=March, Qtr2=June, Qtr3=Sept, Qtr4=Dec reference periods. NAICS-based series start 2004 Q1."
CMU1180000000000D,civilian,retirement,cost_per_hour_usd,2024,4,2.45,"BLS ECEC, https://data.bls.gov/timeseries/CMU1180000000000D","Employer cost per hour worked / % of total compensation; Qtr1=March, Qtr2=June, Qtr3=Sept, Qtr4=Dec reference periods. NAICS-based series start 2004 Q1."
CMU1180000000000D,civilian,retirement,cost_per_hour_usd,2025,1,2.49,"BLS ECEC, https://data.bls.gov/timeseries/CMU1180000000000D","Employer cost per hour worked / % of total compensation; Qtr1=March, Qtr2=June, Qtr3=Sept, Qtr4=Dec reference periods. NAICS-based series start 2004 Q1."
CMU1180000000000D,civilian,retirement,cost_per_hour_usd,2025,2,2.46,"BLS ECEC, https://data.bls.gov/timeseries/CMU1180000000000D","Employer cost per hour worked / % of total compensation; Qtr1=March, Qtr2=June, Qtr3=Sept, Qtr4=Dec reference periods. NAICS-based series start 2004 Q1."
CMU1180000000000D,civilian,retirement,cost_per_hour_usd,2025,3,2.49,"BLS ECEC, https://data.bls.gov/timeseries/CMU1180000000000D","Employer cost per hour worked / % of total compensation; Qtr1=March, Qtr2=June, Qtr3=Sept, Qtr4=Dec reference periods. NAICS-based series start 2004 Q1."
CMU1180000000000D,civilian,retirement,cost_per_hour_usd,2025,4,2.52,"BLS ECEC, https://data.bls.gov/timeseries/CMU1180000000000D","Employer cost per hour worked / % of total compensation; Qtr1=March, Qtr2=June, Qtr3=Sept, Qtr4=Dec reference periods. NAICS-based series start 2004 Q1."
CMU1180000000000D,civilian,retirement,cost_per_hour_usd,2026,1,2.56,"BLS ECEC, https://data.bls.gov/timeseries/CMU1180000000000D","Employer cost per hour worked / % of total compensation; Qtr1=March, Qtr2=June, Qtr3=Sept, Qtr4=Dec reference periods. NAICS-based series start 2004 Q1."
CMU1180000000000D,civilian,retirement,cost_per_hour_usd,2026,2,2.53,"BLS ECEC, https://data.bls.gov/timeseries/CMU1180000000000D","Employer cost per hour worked / % of total compensation; Qtr1=March, Qtr2=June, Qtr3=Sept, Qtr4=Dec reference periods. NAICS-based series start 2004 Q1."
CMU1180000000000P,civilian,retirement,pct_total_comp,2004,1,4.0,"BLS ECEC, https://data.bls.gov/timeseries/CMU1180000000000P","Employer cost per hour worked / % of total compensation; Qtr1=March, Qtr2=June, Qtr3=Sept, Qtr4=Dec reference periods. NAICS-based series start 2004 Q1."
CMU1180000000000P,civilian,retirement,pct_total_comp,2004,2,4.1,"BLS ECEC, https://data.bls.gov/timeseries/CMU1180000000000P","Employer cost per hour worked / % of total compensation; Qtr1=March, Qtr2=June, Qtr3=Sept, Qtr4=Dec reference periods. NAICS-based series start 2004 Q1."
CMU1180000000000P,civilian,retirement,pct_total_comp,2004,3,4.1,"BLS ECEC, https://data.bls.gov/timeseries/CMU1180000000000P","Employer cost per hour worked / % of total compensation; Qtr1=March, Qtr2=June, Qtr3=Sept, Qtr4=Dec reference periods. NAICS-based series start 2004 Q1."
CMU1180000000000P,civilian,retirement,pct_total_comp,2004,4,4.2,"BLS ECEC, https://data.bls.gov/timeseries/CMU1180000000000P","Employer cost per hour worked / % of total compensation; Qtr1=March, Qtr2=June, Qtr3=Sept, Qtr4=Dec reference periods. NAICS-based series start 2004 Q1."
CMU1180000000000P,civilian,retirement,pct_total_comp,2005,1,4.3,"BLS ECEC, https://data.bls.gov/timeseries/CMU1180000000000P","Employer cost per hour worked / % of total compensation; Qtr1=March, Qtr2=June, Qtr3=Sept, Qtr4=Dec reference periods. NAICS-based series start 2004 Q1."
CMU1180000000000P,civilian,retirement,pct_total_comp,2005,2,4.2,"BLS ECEC, https://data.bls.gov/timeseries/CMU1180000000000P","Employer cost per hour worked / % of total compensation; Qtr1=March, Qtr2=June, Qtr3=Sept, Qtr4=Dec reference periods. NAICS-based series start 2004 Q1."
CMU1180000000000P,civilian,retirement,pct_total_comp,2005,3,4.3,"BLS ECEC, https://data.bls.gov/timeseries/CMU1180000000000P","Employer cost per hour worked / % of total compensation; Qtr1=March, Qtr2=June, Qtr3=Sept, Qtr4=Dec reference periods. NAICS-based series start 2004 Q1."
CMU1180000000000P,civilian,retirement,pct_total_comp,2005,4,4.3,"BLS ECEC, https://data.bls.gov/timeseries/CMU1180000000000P","Employer cost per hour worked / % of total compensation; Qtr1=March, Qtr2=June, Qtr3=Sept, Qtr4=Dec reference periods. NAICS-based series start 2004 Q1."
CMU1180000000000P,civilian,retirement,pct_total_comp,2006,1,4.3,"BLS ECEC, https://data.bls.gov/timeseries/CMU1180000000000P","Employer cost per hour worked / % of total compensation; Qtr1=March, Qtr2=June, Qtr3=Sept, Qtr4=Dec reference periods. NAICS-based series start 2004 Q1."
CMU1180000000000P,civilian,retirement,pct_total_comp,2006,2,4.3,"BLS ECEC, https://data.bls.gov/timeseries/CMU1180000000000P","Employer cost per hour worked / % of total compensation; Qtr1=March, Qtr2=June, Qtr3=Sept, Qtr4=Dec reference periods. NAICS-based series start 2004 Q1."
CMU1180000000000P,civilian,retirement,pct_total_comp,2006,3,4.3,"BLS ECEC, https://data.bls.gov/timeseries/CMU1180000000000P","Employer cost per hour worked / % of total compensation; Qtr1=March, Qtr2=June, Qtr3=Sept, Qtr4=Dec reference periods. NAICS-based series start 2004 Q1."
CMU1180000000000P,civilian,retirement,pct_total_comp,2006,4,4.4,"BLS ECEC, https://data.bls.gov/timeseries/CMU1180000000000P","Employer cost per hour worked / % of total compensation; Qtr1=March, Qtr2=June, Qtr3=Sept, Qtr4=Dec reference periods. NAICS-based series start 2004 Q1."
CMU1180000000000P,civilian,retirement,pct_total_comp,2007,1,4.2,"BLS ECEC, https://data.bls.gov/timeseries/CMU1180000000000P","Employer cost per hour worked / % of total compensation; Qtr1=March, Qtr2=June, Qtr3=Sept, Qtr4=Dec reference periods. NAICS-based series start 2004 Q1."
CMU1180000000000P,civilian,retirement,pct_total_comp,2007,2,4.2,"BLS ECEC, https://data.bls.gov/timeseries/CMU1180000000000P","Employer cost per hour worked / % of total compensation; Qtr1=March, Qtr2=June, Qtr3=Sept, Qtr4=Dec reference periods. NAICS-based series start 2004 Q1."
CMU1180000000000P,civilian,retirement,pct_total_comp,2007,3,4.4,"BLS ECEC, https://data.bls.gov/timeseries/CMU1180000000000P","Employer cost per hour worked / % of total compensation; Qtr1=March, Qtr2=June, Qtr3=Sept, Qtr4=Dec reference periods. NAICS-based series start 2004 Q1."
CMU1180000000000P,civilian,retirement,pct_total_comp,2007,4,4.4,"BLS ECEC, https://data.bls.gov/timeseries/CMU1180000000000P","Employer cost per hour worked / % of total compensation; Qtr1=March, Qtr2=June, Qtr3=Sept, Qtr4=Dec reference periods. NAICS-based series start 2004 Q1."
CMU1180000000000P,civilian,retirement,pct_total_comp,2008,1,4.4,"BLS ECEC, https://data.bls.gov/timeseries/CMU1180000000000P","Employer cost per hour worked / % of total compensation; Qtr1=March, Qtr2=June, Qtr3=Sept, Qtr4=Dec reference periods. NAICS-based series start 2004 Q1."
CMU1180000000000P,civilian,retirement,pct_total_comp,2008,2,4.4,"BLS ECEC, https://data.bls.gov/timeseries/CMU1180000000000P","Employer cost per hour worked / % of total compensation; Qtr1=March, Qtr2=June, Qtr3=Sept, Qtr4=Dec reference periods. NAICS-based series start 2004 Q1."
CMU1180000000000P,civilian,retirement,pct_total_comp,2008,3,4.4,"BLS ECEC, https://data.bls.gov/timeseries/CMU1180000000000P","Employer cost per hour worked / % of total compensation; Qtr1=March, Qtr2=June, Qtr3=Sept, Qtr4=Dec reference periods. NAICS-based series start 2004 Q1."
CMU1180000000000P,civilian,retirement,pct_total_comp,2008,4,4.4,"BLS ECEC, https://data.bls.gov/timeseries/CMU1180000000000P","Employer cost per hour worked / % of total compensation; Qtr1=March, Qtr2=June, Qtr3=Sept, Qtr4=Dec reference periods. NAICS-based series start 2004 Q1."
CMU1180000000000P,civilian,retirement,pct_total_comp,2009,1,4.5,"BLS ECEC, https://data.bls.gov/timeseries/CMU1180000000000P","Employer cost per hour worked / % of total compensation; Qtr1=March, Qtr2=June, Qtr3=Sept, Qtr4=Dec reference periods. NAICS-based series start 2004 Q1."
CMU1180000000000P,civilian,retirement,pct_total_comp,2009,2,4.4,"BLS ECEC, https://data.bls.gov/timeseries/CMU1180000000000P","Employer cost per hour worked / % of total compensation; Qtr1=March, Qtr2=June, Qtr3=Sept, Qtr4=Dec reference periods. NAICS-based series start 2004 Q1."
CMU1180000000000P,civilian,retirement,pct_total_comp,2009,3,4.4,"BLS ECEC, https://data.bls.gov/timeseries/CMU1180000000000P","Employer cost per hour worked / % of total compensation; Qtr1=March, Qtr2=June, Qtr3=Sept, Qtr4=Dec reference periods. NAICS-based series start 2004 Q1."
CMU1180000000000P,civilian,retirement,pct_total_comp,2009,4,4.4,"BLS ECEC, https://data.bls.gov/timeseries/CMU1180000000000P","Employer cost per hour worked / % of total compensation; Qtr1=March, Qtr2=June, Qtr3=Sept, Qtr4=Dec reference periods. NAICS-based series start 2004 Q1."
CMU1180000000000P,civilian,retirement,pct_total_comp,2010,1,4.5,"BLS ECEC, https://data.bls.gov/timeseries/CMU1180000000000P","Employer cost per hour worked / % of total compensation; Qtr1=March, Qtr2=June, Qtr3=Sept, Qtr4=Dec reference periods. NAICS-based series start 2004 Q1."
CMU1180000000000P,civilian,retirement,pct_total_comp,2010,2,4.4,"BLS ECEC, https://data.bls.gov/timeseries/CMU1180000000000P","Employer cost per hour worked / % of total compensation; Qtr1=March, Qtr2=June, Qtr3=Sept, Qtr4=Dec reference periods. NAICS-based series start 2004 Q1."
CMU1180000000000P,civilian,retirement,pct_total_comp,2010,3,4.5,"BLS ECEC, https://data.bls.gov/timeseries/CMU1180000000000P","Employer cost per hour worked / % of total compensation; Qtr1=March, Qtr2=June, Qtr3=Sept, Qtr4=Dec reference periods. NAICS-based series start 2004 Q1."
CMU1180000000000P,civilian,retirement,pct_total_comp,2010,4,4.5,"BLS ECEC, https://data.bls.gov/timeseries/CMU1180000000000P","Employer cost per hour worked / % of total compensation; Qtr1=March, Qtr2=June, Qtr3=Sept, Qtr4=Dec reference periods. NAICS-based series start 2004 Q1."
CMU1180000000000P,civilian,retirement,pct_total_comp,2011,1,4.5,"BLS ECEC, https://data.bls.gov/timeseries/CMU1180000000000P","Employer cost per hour worked / % of total compensation; Qtr1=March, Qtr2=June, Qtr3=Sept, Qtr4=Dec reference periods. NAICS-based series start 2004 Q1."
CMU1180000000000P,civilian,retirement,pct_total_comp,2011,2,4.6,"BLS ECEC, https://data.bls.gov/timeseries/CMU1180000000000P","Employer cost per hour worked / % of total compensation; Qtr1=March, Qtr2=June, Qtr3=Sept, Qtr4=Dec reference periods. NAICS-based series start 2004 Q1."
CMU1180000000000P,civilian,retirement,pct_total_comp,2011,3,4.6,"BLS ECEC, https://data.bls.gov/timeseries/CMU1180000000000P","Employer cost per hour worked / % of total compensation; Qtr1=March, Qtr2=June, Qtr3=Sept, Qtr4=Dec reference periods. NAICS-based series start 2004 Q1."
CMU1180000000000P,civilian,retirement,pct_total_comp,2011,4,4.6,"BLS ECEC, https://data.bls.gov/timeseries/CMU1180000000000P","Employer cost per hour worked / % of total compensation; Qtr1=March, Qtr2=June, Qtr3=Sept, Qtr4=Dec reference periods. NAICS-based series start 2004 Q1."
CMU1180000000000P,civilian,retirement,pct_total_comp,2012,1,4.6,"BLS ECEC, https://data.bls.gov/timeseries/CMU1180000000000P","Employer cost per hour worked / % of total compensation; Qtr1=March, Qtr2=June, Qtr3=Sept, Qtr4=Dec reference periods. NAICS-based series start 2004 Q1."
CMU1180000000000P,civilian,retirement,pct_total_comp,2012,2,4.5,"BLS ECEC, https://data.bls.gov/timeseries/CMU1180000000000P","Employer cost per hour worked / % of total compensation; Qtr1=March, Qtr2=June, Qtr3=Sept, Qtr4=Dec reference periods. NAICS-based series start 2004 Q1."
CMU1180000000000P,civilian,retirement,pct_total_comp,2012,3,4.6,"BLS ECEC, https://data.bls.gov/timeseries/CMU1180000000000P","Employer cost per hour worked / % of total compensation; Qtr1=March, Qtr2=June, Qtr3=Sept, Qtr4=Dec reference periods. NAICS-based series start 2004 Q1."
CMU1180000000000P,civilian,retirement,pct_total_comp,2012,4,4.7,"BLS ECEC, https://data.bls.gov/timeseries/CMU1180000000000P","Employer cost per hour worked / % of total compensation; Qtr1=March, Qtr2=June, Qtr3=Sept, Qtr4=Dec reference periods. NAICS-based series start 2004 Q1."
CMU1180000000000P,civilian,retirement,pct_total_comp,2013,1,4.7,"BLS ECEC, https://data.bls.gov/timeseries/CMU1180000000000P","Employer cost per hour worked / % of total compensation; Qtr1=March, Qtr2=June, Qtr3=Sept, Qtr4=Dec reference periods. NAICS-based series start 2004 Q1."
CMU1180000000000P,civilian,retirement,pct_total_comp,2013,2,4.7,"BLS ECEC, https://data.bls.gov/timeseries/CMU1180000000000P","Employer cost per hour worked / % of total compensation; Qtr1=March, Qtr2=June, Qtr3=Sept, Qtr4=Dec reference periods. NAICS-based series start 2004 Q1."
CMU1180000000000P,civilian,retirement,pct_total_comp,2013,3,4.8,"BLS ECEC, https://data.bls.gov/timeseries/CMU1180000000000P","Employer cost per hour worked / % of total compensation; Qtr1=March, Qtr2=June, Qtr3=Sept, Qtr4=Dec reference periods. NAICS-based series start 2004 Q1."
CMU1180000000000P,civilian,retirement,pct_total_comp,2013,4,4.8,"BLS ECEC, https://data.bls.gov/timeseries/CMU1180000000000P","Employer cost per hour worked / % of total compensation; Qtr1=March, Qtr2=June, Qtr3=Sept, Qtr4=Dec reference periods. NAICS-based series start 2004 Q1."
CMU1180000000000P,civilian,retirement,pct_total_comp,2014,1,5.0,"BLS ECEC, https://data.bls.gov/timeseries/CMU1180000000000P","Employer cost per hour worked / % of total compensation; Qtr1=March, Qtr2=June, Qtr3=Sept, Qtr4=Dec reference periods. NAICS-based series start 2004 Q1."
CMU1180000000000P,civilian,retirement,pct_total_comp,2014,2,5.2,"BLS ECEC, https://data.bls.gov/timeseries/CMU1180000000000P","Employer cost per hour worked / % of total compensation; Qtr1=March, Qtr2=June, Qtr3=Sept, Qtr4=Dec reference periods. NAICS-based series start 2004 Q1."
CMU1180000000000P,civilian,retirement,pct_total_comp,2014,3,5.2,"BLS ECEC, https://data.bls.gov/timeseries/CMU1180000000000P","Employer cost per hour worked / % of total compensation; Qtr1=March, Qtr2=June, Qtr3=Sept, Qtr4=Dec reference periods. NAICS-based series start 2004 Q1."
CMU1180000000000P,civilian,retirement,pct_total_comp,2014,4,5.3,"BLS ECEC, https://data.bls.gov/timeseries/CMU1180000000000P","Employer cost per hour worked / % of total compensation; Qtr1=March, Qtr2=June, Qtr3=Sept, Qtr4=Dec reference periods. NAICS-based series start 2004 Q1."
CMU1180000000000P,civilian,retirement,pct_total_comp,2015,1,5.3,"BLS ECEC, https://data.bls.gov/timeseries/CMU1180000000000P","Employer cost per hour worked / % of total compensation; Qtr1=March, Qtr2=June, Qtr3=Sept, Qtr4=Dec reference periods. NAICS-based series start 2004 Q1."
CMU1180000000000P,civilian,retirement,pct_total_comp,2015,2,5.1,"BLS ECEC, https://data.bls.gov/timeseries/CMU1180000000000P","Employer cost per hour worked / % of total compensation; Qtr1=March, Qtr2=June, Qtr3=Sept, Qtr4=Dec reference periods. NAICS-based series start 2004 Q1."
CMU1180000000000P,civilian,retirement,pct_total_comp,2015,3,5.2,"BLS ECEC, https://data.bls.gov/timeseries/CMU1180000000000P","Employer cost per hour worked / % of total compensation; Qtr1=March, Qtr2=June, Qtr3=Sept, Qtr4=Dec reference periods. NAICS-based series start 2004 Q1."
CMU1180000000000P,civilian,retirement,pct_total_comp,2015,4,5.2,"BLS ECEC, https://data.bls.gov/timeseries/CMU1180000000000P","Employer cost per hour worked / % of total compensation; Qtr1=March, Qtr2=June, Qtr3=Sept, Qtr4=Dec reference periods. NAICS-based series start 2004 Q1."
CMU1180000000000P,civilian,retirement,pct_total_comp,2016,1,5.1,"BLS ECEC, https://data.bls.gov/timeseries/CMU1180000000000P","Employer cost per hour worked / % of total compensation; Qtr1=March, Qtr2=June, Qtr3=Sept, Qtr4=Dec reference periods. NAICS-based series start 2004 Q1."
CMU1180000000000P,civilian,retirement,pct_total_comp,2016,2,5.1,"BLS ECEC, https://data.bls.gov/timeseries/CMU1180000000000P","Employer cost per hour worked / % of total compensation; Qtr1=March, Qtr2=June, Qtr3=Sept, Qtr4=Dec reference periods. NAICS-based series start 2004 Q1."
CMU1180000000000P,civilian,retirement,pct_total_comp,2016,3,5.2,"BLS ECEC, https://data.bls.gov/timeseries/CMU1180000000000P","Employer cost per hour worked / % of total compensation; Qtr1=March, Qtr2=June, Qtr3=Sept, Qtr4=Dec reference periods. NAICS-based series start 2004 Q1."
CMU1180000000000P,civilian,retirement,pct_total_comp,2016,4,5.4,"BLS ECEC, https://data.bls.gov/timeseries/CMU1180000000000P","Employer cost per hour worked / % of total compensation; Qtr1=March, Qtr2=June, Qtr3=Sept, Qtr4=Dec reference periods. NAICS-based series start 2004 Q1."
CMU1180000000000P,civilian,retirement,pct_total_comp,2017,1,5.4,"BLS ECEC, https://data.bls.gov/timeseries/CMU1180000000000P","Employer cost per hour worked / % of total compensation; Qtr1=March, Qtr2=June, Qtr3=Sept, Qtr4=Dec reference periods. NAICS-based series start 2004 Q1."
CMU1180000000000P,civilian,retirement,pct_total_comp,2017,2,5.4,"BLS ECEC, https://data.bls.gov/timeseries/CMU1180000000000P","Employer cost per hour worked / % of total compensation; Qtr1=March, Qtr2=June, Qtr3=Sept, Qtr4=Dec reference periods. NAICS-based series start 2004 Q1."
CMU1180000000000P,civilian,retirement,pct_total_comp,2017,3,5.5,"BLS ECEC, https://data.bls.gov/timeseries/CMU1180000000000P","Employer cost per hour worked / % of total compensation; Qtr1=March, Qtr2=June, Qtr3=Sept, Qtr4=Dec reference periods. NAICS-based series start 2004 Q1."
CMU1180000000000P,civilian,retirement,pct_total_comp,2017,4,5.3,"BLS ECEC, https://data.bls.gov/timeseries/CMU1180000000000P","Employer cost per hour worked / % of total compensation; Qtr1=March, Qtr2=June, Qtr3=Sept, Qtr4=Dec reference periods. NAICS-based series start 2004 Q1."
CMU1180000000000P,civilian,retirement,pct_total_comp,2018,1,5.3,"BLS ECEC, https://data.bls.gov/timeseries/CMU1180000000000P","Employer cost per hour worked / % of total compensation; Qtr1=March, Qtr2=June, Qtr3=Sept, Qtr4=Dec reference periods. NAICS-based series start 2004 Q1."
CMU1180000000000P,civilian,retirement,pct_total_comp,2018,2,5.3,"BLS ECEC, https://data.bls.gov/timeseries/CMU1180000000000P","Employer cost per hour worked / % of total compensation; Qtr1=March, Qtr2=June, Qtr3=Sept, Qtr4=Dec reference periods. NAICS-based series start 2004 Q1."
CMU1180000000000P,civilian,retirement,pct_total_comp,2018,3,5.3,"BLS ECEC, https://data.bls.gov/timeseries/CMU1180000000000P","Employer cost per hour worked / % of total compensation; Qtr1=March, Qtr2=June, Qtr3=Sept, Qtr4=Dec reference periods. NAICS-based series start 2004 Q1."
CMU1180000000000P,civilian,retirement,pct_total_comp,2018,4,5.4,"BLS ECEC, https://data.bls.gov/timeseries/CMU1180000000000P","Employer cost per hour worked / % of total compensation; Qtr1=March, Qtr2=June, Qtr3=Sept, Qtr4=Dec reference periods. NAICS-based series start 2004 Q1."
CMU1180000000000P,civilian,retirement,pct_total_comp,2019,1,5.4,"BLS ECEC, https://data.bls.gov/timeseries/CMU1180000000000P","Employer cost per hour worked / % of total compensation; Qtr1=March, Qtr2=June, Qtr3=Sept, Qtr4=Dec reference periods. NAICS-based series start 2004 Q1."
CMU1180000000000P,civilian,retirement,pct_total_comp,2019,2,5.3,"BLS ECEC, https://data.bls.gov/timeseries/CMU1180000000000P","Employer cost per hour worked / % of total compensation; Qtr1=March, Qtr2=June, Qtr3=Sept, Qtr4=Dec reference periods. NAICS-based series start 2004 Q1."
CMU1180000000000P,civilian,retirement,pct_total_comp,2019,3,5.3,"BLS ECEC, https://data.bls.gov/timeseries/CMU1180000000000P","Employer cost per hour worked / % of total compensation; Qtr1=March, Qtr2=June, Qtr3=Sept, Qtr4=Dec reference periods. NAICS-based series start 2004 Q1."
CMU1180000000000P,civilian,retirement,pct_total_comp,2019,4,5.2,"BLS ECEC, https://data.bls.gov/timeseries/CMU1180000000000P","Employer cost per hour worked / % of total compensation; Qtr1=March, Qtr2=June, Qtr3=Sept, Qtr4=Dec reference periods. NAICS-based series start 2004 Q1."
CMU1180000000000P,civilian,retirement,pct_total_comp,2020,1,5.2,"BLS ECEC, https://data.bls.gov/timeseries/CMU1180000000000P","Employer cost per hour worked / % of total compensation; Qtr1=March, Qtr2=June, Qtr3=Sept, Qtr4=Dec reference periods. NAICS-based series start 2004 Q1."
CMU1180000000000P,civilian,retirement,pct_total_comp,2020,2,5.2,"BLS ECEC, https://data.bls.gov/timeseries/CMU1180000000000P","Employer cost per hour worked / % of total compensation; Qtr1=March, Qtr2=June, Qtr3=Sept, Qtr4=Dec reference periods. NAICS-based series start 2004 Q1."
CMU1180000000000P,civilian,retirement,pct_total_comp,2020,3,5.2,"BLS ECEC, https://data.bls.gov/timeseries/CMU1180000000000P","Employer cost per hour worked / % of total compensation; Qtr1=March, Qtr2=June, Qtr3=Sept, Qtr4=Dec reference periods. NAICS-based series start 2004 Q1."
CMU1180000000000P,civilian,retirement,pct_total_comp,2020,4,5.2,"BLS ECEC, https://data.bls.gov/timeseries/CMU1180000000000P","Employer cost per hour worked / % of total compensation; Qtr1=March, Qtr2=June, Qtr3=Sept, Qtr4=Dec reference periods. NAICS-based series start 2004 Q1."
CMU1180000000000P,civilian,retirement,pct_total_comp,2021,1,5.2,"BLS ECEC, https://data.bls.gov/timeseries/CMU1180000000000P","Employer cost per hour worked / % of total compensation; Qtr1=March, Qtr2=June, Qtr3=Sept, Qtr4=Dec reference periods. NAICS-based series start 2004 Q1."
CMU1180000000000P,civilian,retirement,pct_total_comp,2021,2,5.1,"BLS ECEC, https://data.bls.gov/timeseries/CMU1180000000000P","Employer cost per hour worked / % of total compensation; Qtr1=March, Qtr2=June, Qtr3=Sept, Qtr4=Dec reference periods. NAICS-based series start 2004 Q1."
CMU1180000000000P,civilian,retirement,pct_total_comp,2021,3,5.1,"BLS ECEC, https://data.bls.gov/timeseries/CMU1180000000000P","Employer cost per hour worked / % of total compensation; Qtr1=March, Qtr2=June, Qtr3=Sept, Qtr4=Dec reference periods. NAICS-based series start 2004 Q1."
CMU1180000000000P,civilian,retirement,pct_total_comp,2021,4,5.2,"BLS ECEC, https://data.bls.gov/timeseries/CMU1180000000000P","Employer cost per hour worked / % of total compensation; Qtr1=March, Qtr2=June, Qtr3=Sept, Qtr4=Dec reference periods. NAICS-based series start 2004 Q1."
CMU1180000000000P,civilian,retirement,pct_total_comp,2022,1,5.2,"BLS ECEC, https://data.bls.gov/timeseries/CMU1180000000000P","Employer cost per hour worked / % of total compensation; Qtr1=March, Qtr2=June, Qtr3=Sept, Qtr4=Dec reference periods. NAICS-based series start 2004 Q1."
CMU1180000000000P,civilian,retirement,pct_total_comp,2022,2,5.1,"BLS ECEC, https://data.bls.gov/timeseries/CMU1180000000000P","Employer cost per hour worked / % of total compensation; Qtr1=March, Qtr2=June, Qtr3=Sept, Qtr4=Dec reference periods. NAICS-based series start 2004 Q1."
CMU1180000000000P,civilian,retirement,pct_total_comp,2022,3,5.1,"BLS ECEC, https://data.bls.gov/timeseries/CMU1180000000000P","Employer cost per hour worked / % of total compensation; Qtr1=March, Qtr2=June, Qtr3=Sept, Qtr4=Dec reference periods. NAICS-based series start 2004 Q1."
CMU1180000000000P,civilian,retirement,pct_total_comp,2022,4,5.1,"BLS ECEC, https://data.bls.gov/timeseries/CMU1180000000000P","Employer cost per hour worked / % of total compensation; Qtr1=March, Qtr2=June, Qtr3=Sept, Qtr4=Dec reference periods. NAICS-based series start 2004 Q1."
CMU1180000000000P,civilian,retirement,pct_total_comp,2023,1,5.2,"BLS ECEC, https://data.bls.gov/timeseries/CMU1180000000000P","Employer cost per hour worked / % of total compensation; Qtr1=March, Qtr2=June, Qtr3=Sept, Qtr4=Dec reference periods. NAICS-based series start 2004 Q1."
CMU1180000000000P,civilian,retirement,pct_total_comp,2023,2,5.1,"BLS ECEC, https://data.bls.gov/timeseries/CMU1180000000000P","Employer cost per hour worked / % of total compensation; Qtr1=March, Qtr2=June, Qtr3=Sept, Qtr4=Dec reference periods. NAICS-based series start 2004 Q1."
CMU1180000000000P,civilian,retirement,pct_total_comp,2023,3,5.2,"BLS ECEC, https://data.bls.gov/timeseries/CMU1180000000000P","Employer cost per hour worked / % of total compensation; Qtr1=March, Qtr2=June, Qtr3=Sept, Qtr4=Dec reference periods. NAICS-based series start 2004 Q1."
CMU1180000000000P,civilian,retirement,pct_total_comp,2023,4,5.2,"BLS ECEC, https://data.bls.gov/timeseries/CMU1180000000000P","Employer cost per hour worked / % of total compensation; Qtr1=March, Qtr2=June, Qtr3=Sept, Qtr4=Dec reference periods. NAICS-based series start 2004 Q1."
CMU1180000000000P,civilian,retirement,pct_total_comp,2024,1,5.2,"BLS ECEC, https://data.bls.gov/timeseries/CMU1180000000000P","Employer cost per hour worked / % of total compensation; Qtr1=March, Qtr2=June, Qtr3=Sept, Qtr4=Dec reference periods. NAICS-based series start 2004 Q1."
CMU1180000000000P,civilian,retirement,pct_total_comp,2024,2,5.2,"BLS ECEC, https://data.bls.gov/timeseries/CMU1180000000000P","Employer cost per hour worked / % of total compensation; Qtr1=March, Qtr2=June, Qtr3=Sept, Qtr4=Dec reference periods. NAICS-based series start 2004 Q1."
CMU1180000000000P,civilian,retirement,pct_total_comp,2024,3,5.2,"BLS ECEC, https://data.bls.gov/timeseries/CMU1180000000000P","Employer cost per hour worked / % of total compensation; Qtr1=March, Qtr2=June, Qtr3=Sept, Qtr4=Dec reference periods. NAICS-based series start 2004 Q1."
CMU1180000000000P,civilian,retirement,pct_total_comp,2024,4,5.2,"BLS ECEC, https://data.bls.gov/timeseries/CMU1180000000000P","Employer cost per hour worked / % of total compensation; Qtr1=March, Qtr2=June, Qtr3=Sept, Qtr4=Dec reference periods. NAICS-based series start 2004 Q1."
CMU1180000000000P,civilian,retirement,pct_total_comp,2025,1,5.2,"BLS ECEC, https://data.bls.gov/timeseries/CMU1180000000000P","Employer cost per hour worked / % of total compensation; Qtr1=March, Qtr2=June, Qtr3=Sept, Qtr4=Dec reference periods. NAICS-based series start 2004 Q1."
CMU1180000000000P,civilian,retirement,pct_total_comp,2025,2,5.1,"BLS ECEC, https://data.bls.gov/timeseries/CMU1180000000000P","Employer cost per hour worked / % of total compensation; Qtr1=March, Qtr2=June, Qtr3=Sept, Qtr4=Dec reference periods. NAICS-based series start 2004 Q1."
CMU1180000000000P,civilian,retirement,pct_total_comp,2025,3,5.1,"BLS ECEC, https://data.bls.gov/timeseries/CMU1180000000000P","Employer cost per hour worked / % of total compensation; Qtr1=March, Qtr2=June, Qtr3=Sept, Qtr4=Dec reference periods. NAICS-based series start 2004 Q1."
CMU1180000000000P,civilian,retirement,pct_total_comp,2025,4,5.2,"BLS ECEC, https://data.bls.gov/timeseries/CMU1180000000000P","Employer cost per hour worked / % of total compensation; Qtr1=March, Qtr2=June, Qtr3=Sept, Qtr4=Dec reference periods. NAICS-based series start 2004 Q1."
CMU1180000000000P,civilian,retirement,pct_total_comp,2026,1,5.2,"BLS ECEC, https://data.bls.gov/timeseries/CMU1180000000000P","Employer cost per hour worked / % of total compensation; Qtr1=March, Qtr2=June, Qtr3=Sept, Qtr4=Dec reference periods. NAICS-based series start 2004 Q1."
CMU1180000000000P,civilian,retirement,pct_total_comp,2026,2,5.1,"BLS ECEC, https://data.bls.gov/timeseries/CMU1180000000000P","Employer cost per hour worked / % of total compensation; Qtr1=March, Qtr2=June, Qtr3=Sept, Qtr4=Dec reference periods. NAICS-based series start 2004 Q1."
CMU1190000000000D,civilian,db,cost_per_hour_usd,2004,1,0.59,"BLS ECEC, https://data.bls.gov/timeseries/CMU1190000000000D","Employer cost per hour worked / % of total compensation; Qtr1=March, Qtr2=June, Qtr3=Sept, Qtr4=Dec reference periods. NAICS-based series start 2004 Q1."
CMU1190000000000D,civilian,db,cost_per_hour_usd,2004,2,0.62,"BLS ECEC, https://data.bls.gov/timeseries/CMU1190000000000D","Employer cost per hour worked / % of total compensation; Qtr1=March, Qtr2=June, Qtr3=Sept, Qtr4=Dec reference periods. NAICS-based series start 2004 Q1."
CMU1190000000000D,civilian,db,cost_per_hour_usd,2004,3,0.64,"BLS ECEC, https://data.bls.gov/timeseries/CMU1190000000000D","Employer cost per hour worked / % of total compensation; Qtr1=March, Qtr2=June, Qtr3=Sept, Qtr4=Dec reference periods. NAICS-based series start 2004 Q1."
CMU1190000000000D,civilian,db,cost_per_hour_usd,2004,4,0.67,"BLS ECEC, https://data.bls.gov/timeseries/CMU1190000000000D","Employer cost per hour worked / % of total compensation; Qtr1=March, Qtr2=June, Qtr3=Sept, Qtr4=Dec reference periods. NAICS-based series start 2004 Q1."
CMU1190000000000D,civilian,db,cost_per_hour_usd,2005,1,0.69,"BLS ECEC, https://data.bls.gov/timeseries/CMU1190000000000D","Employer cost per hour worked / % of total compensation; Qtr1=March, Qtr2=June, Qtr3=Sept, Qtr4=Dec reference periods. NAICS-based series start 2004 Q1."
CMU1190000000000D,civilian,db,cost_per_hour_usd,2005,2,0.68,"BLS ECEC, https://data.bls.gov/timeseries/CMU1190000000000D","Employer cost per hour worked / % of total compensation; Qtr1=March, Qtr2=June, Qtr3=Sept, Qtr4=Dec reference periods. NAICS-based series start 2004 Q1."
CMU1190000000000D,civilian,db,cost_per_hour_usd,2005,3,0.71,"BLS ECEC, https://data.bls.gov/timeseries/CMU1190000000000D","Employer cost per hour worked / % of total compensation; Qtr1=March, Qtr2=June, Qtr3=Sept, Qtr4=Dec reference periods. NAICS-based series start 2004 Q1."
CMU1190000000000D,civilian,db,cost_per_hour_usd,2005,4,0.7,"BLS ECEC, https://data.bls.gov/timeseries/CMU1190000000000D","Employer cost per hour worked / % of total compensation; Qtr1=March, Qtr2=June, Qtr3=Sept, Qtr4=Dec reference periods. NAICS-based series start 2004 Q1."
CMU1190000000000D,civilian,db,cost_per_hour_usd,2006,1,0.72,"BLS ECEC, https://data.bls.gov/timeseries/CMU1190000000000D","Employer cost per hour worked / % of total compensation; Qtr1=March, Qtr2=June, Qtr3=Sept, Qtr4=Dec reference periods. NAICS-based series start 2004 Q1."
CMU1190000000000D,civilian,db,cost_per_hour_usd,2006,2,0.72,"BLS ECEC, https://data.bls.gov/timeseries/CMU1190000000000D","Employer cost per hour worked / % of total compensation; Qtr1=March, Qtr2=June, Qtr3=Sept, Qtr4=Dec reference periods. NAICS-based series start 2004 Q1."
CMU1190000000000D,civilian,db,cost_per_hour_usd,2006,3,0.74,"BLS ECEC, https://data.bls.gov/timeseries/CMU1190000000000D","Employer cost per hour worked / % of total compensation; Qtr1=March, Qtr2=June, Qtr3=Sept, Qtr4=Dec reference periods. NAICS-based series start 2004 Q1."
CMU1190000000000D,civilian,db,cost_per_hour_usd,2006,4,0.76,"BLS ECEC, https://data.bls.gov/timeseries/CMU1190000000000D","Employer cost per hour worked / % of total compensation; Qtr1=March, Qtr2=June, Qtr3=Sept, Qtr4=Dec reference periods. NAICS-based series start 2004 Q1."
CMU1190000000000D,civilian,db,cost_per_hour_usd,2007,1,0.71,"BLS ECEC, https://data.bls.gov/timeseries/CMU1190000000000D","Employer cost per hour worked / % of total compensation; Qtr1=March, Qtr2=June, Qtr3=Sept, Qtr4=Dec reference periods. NAICS-based series start 2004 Q1."
CMU1190000000000D,civilian,db,cost_per_hour_usd,2007,2,0.72,"BLS ECEC, https://data.bls.gov/timeseries/CMU1190000000000D","Employer cost per hour worked / % of total compensation; Qtr1=March, Qtr2=June, Qtr3=Sept, Qtr4=Dec reference periods. NAICS-based series start 2004 Q1."
CMU1190000000000D,civilian,db,cost_per_hour_usd,2007,3,0.76,"BLS ECEC, https://data.bls.gov/timeseries/CMU1190000000000D","Employer cost per hour worked / % of total compensation; Qtr1=March, Qtr2=June, Qtr3=Sept, Qtr4=Dec reference periods. NAICS-based series start 2004 Q1."
CMU1190000000000D,civilian,db,cost_per_hour_usd,2007,4,0.75,"BLS ECEC, https://data.bls.gov/timeseries/CMU1190000000000D","Employer cost per hour worked / % of total compensation; Qtr1=March, Qtr2=June, Qtr3=Sept, Qtr4=Dec reference periods. NAICS-based series start 2004 Q1."
CMU1190000000000D,civilian,db,cost_per_hour_usd,2008,1,0.76,"BLS ECEC, https://data.bls.gov/timeseries/CMU1190000000000D","Employer cost per hour worked / % of total compensation; Qtr1=March, Qtr2=June, Qtr3=Sept, Qtr4=Dec reference periods. NAICS-based series start 2004 Q1."
CMU1190000000000D,civilian,db,cost_per_hour_usd,2008,2,0.75,"BLS ECEC, https://data.bls.gov/timeseries/CMU1190000000000D","Employer cost per hour worked / % of total compensation; Qtr1=March, Qtr2=June, Qtr3=Sept, Qtr4=Dec reference periods. NAICS-based series start 2004 Q1."
CMU1190000000000D,civilian,db,cost_per_hour_usd,2008,3,0.77,"BLS ECEC, https://data.bls.gov/timeseries/CMU1190000000000D","Employer cost per hour worked / % of total compensation; Qtr1=March, Qtr2=June, Qtr3=Sept, Qtr4=Dec reference periods. NAICS-based series start 2004 Q1."
CMU1190000000000D,civilian,db,cost_per_hour_usd,2008,4,0.78,"BLS ECEC, https://data.bls.gov/timeseries/CMU1190000000000D","Employer cost per hour worked / % of total compensation; Qtr1=March, Qtr2=June, Qtr3=Sept, Qtr4=Dec reference periods. NAICS-based series start 2004 Q1."
CMU1190000000000D,civilian,db,cost_per_hour_usd,2009,1,0.8,"BLS ECEC, https://data.bls.gov/timeseries/CMU1190000000000D","Employer cost per hour worked / % of total compensation; Qtr1=March, Qtr2=June, Qtr3=Sept, Qtr4=Dec reference periods. NAICS-based series start 2004 Q1."
CMU1190000000000D,civilian,db,cost_per_hour_usd,2009,2,0.79,"BLS ECEC, https://data.bls.gov/timeseries/CMU1190000000000D","Employer cost per hour worked / % of total compensation; Qtr1=March, Qtr2=June, Qtr3=Sept, Qtr4=Dec reference periods. NAICS-based series start 2004 Q1."
CMU1190000000000D,civilian,db,cost_per_hour_usd,2009,3,0.79,"BLS ECEC, https://data.bls.gov/timeseries/CMU1190000000000D","Employer cost per hour worked / % of total compensation; Qtr1=March, Qtr2=June, Qtr3=Sept, Qtr4=Dec reference periods. NAICS-based series start 2004 Q1."
CMU1190000000000D,civilian,db,cost_per_hour_usd,2009,4,0.78,"BLS ECEC, https://data.bls.gov/timeseries/CMU1190000000000D","Employer cost per hour worked / % of total compensation; Qtr1=March, Qtr2=June, Qtr3=Sept, Qtr4=Dec reference periods. NAICS-based series start 2004 Q1."
CMU1190000000000D,civilian,db,cost_per_hour_usd,2010,1,0.81,"BLS ECEC, https://data.bls.gov/timeseries/CMU1190000000000D","Employer cost per hour worked / % of total compensation; Qtr1=March, Qtr2=June, Qtr3=Sept, Qtr4=Dec reference periods. NAICS-based series start 2004 Q1."
CMU1190000000000D,civilian,db,cost_per_hour_usd,2010,2,0.8,"BLS ECEC, https://data.bls.gov/timeseries/CMU1190000000000D","Employer cost per hour worked / % of total compensation; Qtr1=March, Qtr2=June, Qtr3=Sept, Qtr4=Dec reference periods. NAICS-based series start 2004 Q1."
CMU1190000000000D,civilian,db,cost_per_hour_usd,2010,3,0.83,"BLS ECEC, https://data.bls.gov/timeseries/CMU1190000000000D","Employer cost per hour worked / % of total compensation; Qtr1=March, Qtr2=June, Qtr3=Sept, Qtr4=Dec reference periods. NAICS-based series start 2004 Q1."
CMU1190000000000D,civilian,db,cost_per_hour_usd,2010,4,0.81,"BLS ECEC, https://data.bls.gov/timeseries/CMU1190000000000D","Employer cost per hour worked / % of total compensation; Qtr1=March, Qtr2=June, Qtr3=Sept, Qtr4=Dec reference periods. NAICS-based series start 2004 Q1."
CMU1190000000000D,civilian,db,cost_per_hour_usd,2011,1,0.83,"BLS ECEC, https://data.bls.gov/timeseries/CMU1190000000000D","Employer cost per hour worked / % of total compensation; Qtr1=March, Qtr2=June, Qtr3=Sept, Qtr4=Dec reference periods. NAICS-based series start 2004 Q1."
CMU1190000000000D,civilian,db,cost_per_hour_usd,2011,2,0.85,"BLS ECEC, https://data.bls.gov/timeseries/CMU1190000000000D","Employer cost per hour worked / % of total compensation; Qtr1=March, Qtr2=June, Qtr3=Sept, Qtr4=Dec reference periods. NAICS-based series start 2004 Q1."
CMU1190000000000D,civilian,db,cost_per_hour_usd,2011,3,0.85,"BLS ECEC, https://data.bls.gov/timeseries/CMU1190000000000D","Employer cost per hour worked / % of total compensation; Qtr1=March, Qtr2=June, Qtr3=Sept, Qtr4=Dec reference periods. NAICS-based series start 2004 Q1."
CMU1190000000000D,civilian,db,cost_per_hour_usd,2011,4,0.83,"BLS ECEC, https://data.bls.gov/timeseries/CMU1190000000000D","Employer cost per hour worked / % of total compensation; Qtr1=March, Qtr2=June, Qtr3=Sept, Qtr4=Dec reference periods. NAICS-based series start 2004 Q1."
CMU1190000000000D,civilian,db,cost_per_hour_usd,2012,1,0.85,"BLS ECEC, https://data.bls.gov/timeseries/CMU1190000000000D","Employer cost per hour worked / % of total compensation; Qtr1=March, Qtr2=June, Qtr3=Sept, Qtr4=Dec reference periods. NAICS-based series start 2004 Q1."
CMU1190000000000D,civilian,db,cost_per_hour_usd,2012,2,0.84,"BLS ECEC, https://data.bls.gov/timeseries/CMU1190000000000D","Employer cost per hour worked / % of total compensation; Qtr1=March, Qtr2=June, Qtr3=Sept, Qtr4=Dec reference periods. NAICS-based series start 2004 Q1."
CMU1190000000000D,civilian,db,cost_per_hour_usd,2012,3,0.87,"BLS ECEC, https://data.bls.gov/timeseries/CMU1190000000000D","Employer cost per hour worked / % of total compensation; Qtr1=March, Qtr2=June, Qtr3=Sept, Qtr4=Dec reference periods. NAICS-based series start 2004 Q1."
CMU1190000000000D,civilian,db,cost_per_hour_usd,2012,4,0.88,"BLS ECEC, https://data.bls.gov/timeseries/CMU1190000000000D","Employer cost per hour worked / % of total compensation; Qtr1=March, Qtr2=June, Qtr3=Sept, Qtr4=Dec reference periods. NAICS-based series start 2004 Q1."
CMU1190000000000D,civilian,db,cost_per_hour_usd,2013,1,0.9,"BLS ECEC, https://data.bls.gov/timeseries/CMU1190000000000D","Employer cost per hour worked / % of total compensation; Qtr1=March, Qtr2=June, Qtr3=Sept, Qtr4=Dec reference periods. NAICS-based series start 2004 Q1."
CMU1190000000000D,civilian,db,cost_per_hour_usd,2013,2,0.91,"BLS ECEC, https://data.bls.gov/timeseries/CMU1190000000000D","Employer cost per hour worked / % of total compensation; Qtr1=March, Qtr2=June, Qtr3=Sept, Qtr4=Dec reference periods. NAICS-based series start 2004 Q1."
CMU1190000000000D,civilian,db,cost_per_hour_usd,2013,3,0.92,"BLS ECEC, https://data.bls.gov/timeseries/CMU1190000000000D","Employer cost per hour worked / % of total compensation; Qtr1=March, Qtr2=June, Qtr3=Sept, Qtr4=Dec reference periods. NAICS-based series start 2004 Q1."
CMU1190000000000D,civilian,db,cost_per_hour_usd,2013,4,0.94,"BLS ECEC, https://data.bls.gov/timeseries/CMU1190000000000D","Employer cost per hour worked / % of total compensation; Qtr1=March, Qtr2=June, Qtr3=Sept, Qtr4=Dec reference periods. NAICS-based series start 2004 Q1."
CMU1190000000000D,civilian,db,cost_per_hour_usd,2014,1,0.98,"BLS ECEC, https://data.bls.gov/timeseries/CMU1190000000000D","Employer cost per hour worked / % of total compensation; Qtr1=March, Qtr2=June, Qtr3=Sept, Qtr4=Dec reference periods. NAICS-based series start 2004 Q1."
CMU1190000000000D,civilian,db,cost_per_hour_usd,2014,2,1.05,"BLS ECEC, https://data.bls.gov/timeseries/CMU1190000000000D","Employer cost per hour worked / % of total compensation; Qtr1=March, Qtr2=June, Qtr3=Sept, Qtr4=Dec reference periods. NAICS-based series start 2004 Q1."
CMU1190000000000D,civilian,db,cost_per_hour_usd,2014,3,1.06,"BLS ECEC, https://data.bls.gov/timeseries/CMU1190000000000D","Employer cost per hour worked / % of total compensation; Qtr1=March, Qtr2=June, Qtr3=Sept, Qtr4=Dec reference periods. NAICS-based series start 2004 Q1."
CMU1190000000000D,civilian,db,cost_per_hour_usd,2014,4,1.11,"BLS ECEC, https://data.bls.gov/timeseries/CMU1190000000000D","Employer cost per hour worked / % of total compensation; Qtr1=March, Qtr2=June, Qtr3=Sept, Qtr4=Dec reference periods. NAICS-based series start 2004 Q1."
CMU1190000000000D,civilian,db,cost_per_hour_usd,2015,1,1.13,"BLS ECEC, https://data.bls.gov/timeseries/CMU1190000000000D","Employer cost per hour worked / % of total compensation; Qtr1=March, Qtr2=June, Qtr3=Sept, Qtr4=Dec reference periods. NAICS-based series start 2004 Q1."
CMU1190000000000D,civilian,db,cost_per_hour_usd,2015,2,1.06,"BLS ECEC, https://data.bls.gov/timeseries/CMU1190000000000D","Employer cost per hour worked / % of total compensation; Qtr1=March, Qtr2=June, Qtr3=Sept, Qtr4=Dec reference periods. NAICS-based series start 2004 Q1."
CMU1190000000000D,civilian,db,cost_per_hour_usd,2015,3,1.07,"BLS ECEC, https://data.bls.gov/timeseries/CMU1190000000000D","Employer cost per hour worked / % of total compensation; Qtr1=March, Qtr2=June, Qtr3=Sept, Qtr4=Dec reference periods. NAICS-based series start 2004 Q1."
CMU1190000000000D,civilian,db,cost_per_hour_usd,2015,4,1.09,"BLS ECEC, https://data.bls.gov/timeseries/CMU1190000000000D","Employer cost per hour worked / % of total compensation; Qtr1=March, Qtr2=June, Qtr3=Sept, Qtr4=Dec reference periods. NAICS-based series start 2004 Q1."
CMU1190000000000D,civilian,db,cost_per_hour_usd,2016,1,1.09,"BLS ECEC, https://data.bls.gov/timeseries/CMU1190000000000D","Employer cost per hour worked / % of total compensation; Qtr1=March, Qtr2=June, Qtr3=Sept, Qtr4=Dec reference periods. NAICS-based series start 2004 Q1."
CMU1190000000000D,civilian,db,cost_per_hour_usd,2016,2,1.09,"BLS ECEC, https://data.bls.gov/timeseries/CMU1190000000000D","Employer cost per hour worked / % of total compensation; Qtr1=March, Qtr2=June, Qtr3=Sept, Qtr4=Dec reference periods. NAICS-based series start 2004 Q1."
CMU1190000000000D,civilian,db,cost_per_hour_usd,2016,3,1.11,"BLS ECEC, https://data.bls.gov/timeseries/CMU1190000000000D","Employer cost per hour worked / % of total compensation; Qtr1=March, Qtr2=June, Qtr3=Sept, Qtr4=Dec reference periods. NAICS-based series start 2004 Q1."
CMU1190000000000D,civilian,db,cost_per_hour_usd,2016,4,1.2,"BLS ECEC, https://data.bls.gov/timeseries/CMU1190000000000D","Employer cost per hour worked / % of total compensation; Qtr1=March, Qtr2=June, Qtr3=Sept, Qtr4=Dec reference periods. NAICS-based series start 2004 Q1."
CMU1190000000000D,civilian,db,cost_per_hour_usd,2017,1,1.22,"BLS ECEC, https://data.bls.gov/timeseries/CMU1190000000000D","Employer cost per hour worked / % of total compensation; Qtr1=March, Qtr2=June, Qtr3=Sept, Qtr4=Dec reference periods. NAICS-based series start 2004 Q1."
CMU1190000000000D,civilian,db,cost_per_hour_usd,2017,2,1.22,"BLS ECEC, https://data.bls.gov/timeseries/CMU1190000000000D","Employer cost per hour worked / % of total compensation; Qtr1=March, Qtr2=June, Qtr3=Sept, Qtr4=Dec reference periods. NAICS-based series start 2004 Q1."
CMU1190000000000D,civilian,db,cost_per_hour_usd,2017,3,1.26,"BLS ECEC, https://data.bls.gov/timeseries/CMU1190000000000D","Employer cost per hour worked / % of total compensation; Qtr1=March, Qtr2=June, Qtr3=Sept, Qtr4=Dec reference periods. NAICS-based series start 2004 Q1."
CMU1190000000000D,civilian,db,cost_per_hour_usd,2017,4,1.18,"BLS ECEC, https://data.bls.gov/timeseries/CMU1190000000000D","Employer cost per hour worked / % of total compensation; Qtr1=March, Qtr2=June, Qtr3=Sept, Qtr4=Dec reference periods. NAICS-based series start 2004 Q1."
CMU1190000000000D,civilian,db,cost_per_hour_usd,2018,1,1.2,"BLS ECEC, https://data.bls.gov/timeseries/CMU1190000000000D","Employer cost per hour worked / % of total compensation; Qtr1=March, Qtr2=June, Qtr3=Sept, Qtr4=Dec reference periods. NAICS-based series start 2004 Q1."
CMU1190000000000D,civilian,db,cost_per_hour_usd,2018,2,1.21,"BLS ECEC, https://data.bls.gov/timeseries/CMU1190000000000D","Employer cost per hour worked / % of total compensation; Qtr1=March, Qtr2=June, Qtr3=Sept, Qtr4=Dec reference periods. NAICS-based series start 2004 Q1."
CMU1190000000000D,civilian,db,cost_per_hour_usd,2018,3,1.22,"BLS ECEC, https://data.bls.gov/timeseries/CMU1190000000000D","Employer cost per hour worked / % of total compensation; Qtr1=March, Qtr2=June, Qtr3=Sept, Qtr4=Dec reference periods. NAICS-based series start 2004 Q1."
CMU1190000000000D,civilian,db,cost_per_hour_usd,2018,4,1.22,"BLS ECEC, https://data.bls.gov/timeseries/CMU1190000000000D","Employer cost per hour worked / % of total compensation; Qtr1=March, Qtr2=June, Qtr3=Sept, Qtr4=Dec reference periods. NAICS-based series start 2004 Q1."
CMU1190000000000D,civilian,db,cost_per_hour_usd,2019,1,1.24,"BLS ECEC, https://data.bls.gov/timeseries/CMU1190000000000D","Employer cost per hour worked / % of total compensation; Qtr1=March, Qtr2=June, Qtr3=Sept, Qtr4=Dec reference periods. NAICS-based series start 2004 Q1."
CMU1190000000000D,civilian,db,cost_per_hour_usd,2019,2,1.2,"BLS ECEC, https://data.bls.gov/timeseries/CMU1190000000000D","Employer cost per hour worked / % of total compensation; Qtr1=March, Qtr2=June, Qtr3=Sept, Qtr4=Dec reference periods. NAICS-based series start 2004 Q1."
CMU1190000000000D,civilian,db,cost_per_hour_usd,2019,3,1.21,"BLS ECEC, https://data.bls.gov/timeseries/CMU1190000000000D","Employer cost per hour worked / % of total compensation; Qtr1=March, Qtr2=June, Qtr3=Sept, Qtr4=Dec reference periods. NAICS-based series start 2004 Q1."
CMU1190000000000D,civilian,db,cost_per_hour_usd,2019,4,1.17,"BLS ECEC, https://data.bls.gov/timeseries/CMU1190000000000D","Employer cost per hour worked / % of total compensation; Qtr1=March, Qtr2=June, Qtr3=Sept, Qtr4=Dec reference periods. NAICS-based series start 2004 Q1."
CMU1190000000000D,civilian,db,cost_per_hour_usd,2020,1,1.2,"BLS ECEC, https://data.bls.gov/timeseries/CMU1190000000000D","Employer cost per hour worked / % of total compensation; Qtr1=March, Qtr2=June, Qtr3=Sept, Qtr4=Dec reference periods. NAICS-based series start 2004 Q1."
CMU1190000000000D,civilian,db,cost_per_hour_usd,2020,2,1.21,"BLS ECEC, https://data.bls.gov/timeseries/CMU1190000000000D","Employer cost per hour worked / % of total compensation; Qtr1=March, Qtr2=June, Qtr3=Sept, Qtr4=Dec reference periods. NAICS-based series start 2004 Q1."
CMU1190000000000D,civilian,db,cost_per_hour_usd,2020,3,1.22,"BLS ECEC, https://data.bls.gov/timeseries/CMU1190000000000D","Employer cost per hour worked / % of total compensation; Qtr1=March, Qtr2=June, Qtr3=Sept, Qtr4=Dec reference periods. NAICS-based series start 2004 Q1."
CMU1190000000000D,civilian,db,cost_per_hour_usd,2020,4,1.21,"BLS ECEC, https://data.bls.gov/timeseries/CMU1190000000000D","Employer cost per hour worked / % of total compensation; Qtr1=March, Qtr2=June, Qtr3=Sept, Qtr4=Dec reference periods. NAICS-based series start 2004 Q1."
CMU1190000000000D,civilian,db,cost_per_hour_usd,2021,1,1.23,"BLS ECEC, https://data.bls.gov/timeseries/CMU1190000000000D","Employer cost per hour worked / % of total compensation; Qtr1=March, Qtr2=June, Qtr3=Sept, Qtr4=Dec reference periods. NAICS-based series start 2004 Q1."
CMU1190000000000D,civilian,db,cost_per_hour_usd,2021,2,1.21,"BLS ECEC, https://data.bls.gov/timeseries/CMU1190000000000D","Employer cost per hour worked / % of total compensation; Qtr1=March, Qtr2=June, Qtr3=Sept, Qtr4=Dec reference periods. NAICS-based series start 2004 Q1."
CMU1190000000000D,civilian,db,cost_per_hour_usd,2021,3,1.25,"BLS ECEC, https://data.bls.gov/timeseries/CMU1190000000000D","Employer cost per hour worked / % of total compensation; Qtr1=March, Qtr2=June, Qtr3=Sept, Qtr4=Dec reference periods. NAICS-based series start 2004 Q1."
CMU1190000000000D,civilian,db,cost_per_hour_usd,2021,4,1.26,"BLS ECEC, https://data.bls.gov/timeseries/CMU1190000000000D","Employer cost per hour worked / % of total compensation; Qtr1=March, Qtr2=June, Qtr3=Sept, Qtr4=Dec reference periods. NAICS-based series start 2004 Q1."
CMU1190000000000D,civilian,db,cost_per_hour_usd,2022,1,1.28,"BLS ECEC, https://data.bls.gov/timeseries/CMU1190000000000D","Employer cost per hour worked / % of total compensation; Qtr1=March, Qtr2=June, Qtr3=Sept, Qtr4=Dec reference periods. NAICS-based series start 2004 Q1."
CMU1190000000000D,civilian,db,cost_per_hour_usd,2022,2,1.25,"BLS ECEC, https://data.bls.gov/timeseries/CMU1190000000000D","Employer cost per hour worked / % of total compensation; Qtr1=March, Qtr2=June, Qtr3=Sept, Qtr4=Dec reference periods. NAICS-based series start 2004 Q1."
CMU1190000000000D,civilian,db,cost_per_hour_usd,2022,3,1.27,"BLS ECEC, https://data.bls.gov/timeseries/CMU1190000000000D","Employer cost per hour worked / % of total compensation; Qtr1=March, Qtr2=June, Qtr3=Sept, Qtr4=Dec reference periods. NAICS-based series start 2004 Q1."
CMU1190000000000D,civilian,db,cost_per_hour_usd,2022,4,1.26,"BLS ECEC, https://data.bls.gov/timeseries/CMU1190000000000D","Employer cost per hour worked / % of total compensation; Qtr1=March, Qtr2=June, Qtr3=Sept, Qtr4=Dec reference periods. NAICS-based series start 2004 Q1."
CMU1190000000000D,civilian,db,cost_per_hour_usd,2023,1,1.32,"BLS ECEC, https://data.bls.gov/timeseries/CMU1190000000000D","Employer cost per hour worked / % of total compensation; Qtr1=March, Qtr2=June, Qtr3=Sept, Qtr4=Dec reference periods. NAICS-based series start 2004 Q1."
CMU1190000000000D,civilian,db,cost_per_hour_usd,2023,2,1.3,"BLS ECEC, https://data.bls.gov/timeseries/CMU1190000000000D","Employer cost per hour worked / % of total compensation; Qtr1=March, Qtr2=June, Qtr3=Sept, Qtr4=Dec reference periods. NAICS-based series start 2004 Q1."
CMU1190000000000D,civilian,db,cost_per_hour_usd,2023,3,1.33,"BLS ECEC, https://data.bls.gov/timeseries/CMU1190000000000D","Employer cost per hour worked / % of total compensation; Qtr1=March, Qtr2=June, Qtr3=Sept, Qtr4=Dec reference periods. NAICS-based series start 2004 Q1."
CMU1190000000000D,civilian,db,cost_per_hour_usd,2023,4,1.36,"BLS ECEC, https://data.bls.gov/timeseries/CMU1190000000000D","Employer cost per hour worked / % of total compensation; Qtr1=March, Qtr2=June, Qtr3=Sept, Qtr4=Dec reference periods. NAICS-based series start 2004 Q1."
CMU1190000000000D,civilian,db,cost_per_hour_usd,2024,1,1.39,"BLS ECEC, https://data.bls.gov/timeseries/CMU1190000000000D","Employer cost per hour worked / % of total compensation; Qtr1=March, Qtr2=June, Qtr3=Sept, Qtr4=Dec reference periods. NAICS-based series start 2004 Q1."
CMU1190000000000D,civilian,db,cost_per_hour_usd,2024,2,1.36,"BLS ECEC, https://data.bls.gov/timeseries/CMU1190000000000D","Employer cost per hour worked / % of total compensation; Qtr1=March, Qtr2=June, Qtr3=Sept, Qtr4=Dec reference periods. NAICS-based series start 2004 Q1."
CMU1190000000000D,civilian,db,cost_per_hour_usd,2024,3,1.4,"BLS ECEC, https://data.bls.gov/timeseries/CMU1190000000000D","Employer cost per hour worked / % of total compensation; Qtr1=March, Qtr2=June, Qtr3=Sept, Qtr4=Dec reference periods. NAICS-based series start 2004 Q1."
CMU1190000000000D,civilian,db,cost_per_hour_usd,2024,4,1.4,"BLS ECEC, https://data.bls.gov/timeseries/CMU1190000000000D","Employer cost per hour worked / % of total compensation; Qtr1=March, Qtr2=June, Qtr3=Sept, Qtr4=Dec reference periods. NAICS-based series start 2004 Q1."
CMU1190000000000D,civilian,db,cost_per_hour_usd,2025,1,1.43,"BLS ECEC, https://data.bls.gov/timeseries/CMU1190000000000D","Employer cost per hour worked / % of total compensation; Qtr1=March, Qtr2=June, Qtr3=Sept, Qtr4=Dec reference periods. NAICS-based series start 2004 Q1."
CMU1190000000000D,civilian,db,cost_per_hour_usd,2025,2,1.39,"BLS ECEC, https://data.bls.gov/timeseries/CMU1190000000000D","Employer cost per hour worked / % of total compensation; Qtr1=March, Qtr2=June, Qtr3=Sept, Qtr4=Dec reference periods. NAICS-based series start 2004 Q1."
CMU1190000000000D,civilian,db,cost_per_hour_usd,2025,3,1.42,"BLS ECEC, https://data.bls.gov/timeseries/CMU1190000000000D","Employer cost per hour worked / % of total compensation; Qtr1=March, Qtr2=June, Qtr3=Sept, Qtr4=Dec reference periods. NAICS-based series start 2004 Q1."
CMU1190000000000D,civilian,db,cost_per_hour_usd,2025,4,1.43,"BLS ECEC, https://data.bls.gov/timeseries/CMU1190000000000D","Employer cost per hour worked / % of total compensation; Qtr1=March, Qtr2=June, Qtr3=Sept, Qtr4=Dec reference periods. NAICS-based series start 2004 Q1."
CMU1190000000000D,civilian,db,cost_per_hour_usd,2026,1,1.48,"BLS ECEC, https://data.bls.gov/timeseries/CMU1190000000000D","Employer cost per hour worked / % of total compensation; Qtr1=March, Qtr2=June, Qtr3=Sept, Qtr4=Dec reference periods. NAICS-based series start 2004 Q1."
CMU1190000000000D,civilian,db,cost_per_hour_usd,2026,2,1.44,"BLS ECEC, https://data.bls.gov/timeseries/CMU1190000000000D","Employer cost per hour worked / % of total compensation; Qtr1=March, Qtr2=June, Qtr3=Sept, Qtr4=Dec reference periods. NAICS-based series start 2004 Q1."
CMU1190000000000P,civilian,db,pct_total_comp,2004,1,2.4,"BLS ECEC, https://data.bls.gov/timeseries/CMU1190000000000P","Employer cost per hour worked / % of total compensation; Qtr1=March, Qtr2=June, Qtr3=Sept, Qtr4=Dec reference periods. NAICS-based series start 2004 Q1."
CMU1190000000000P,civilian,db,pct_total_comp,2004,2,2.5,"BLS ECEC, https://data.bls.gov/timeseries/CMU1190000000000P","Employer cost per hour worked / % of total compensation; Qtr1=March, Qtr2=June, Qtr3=Sept, Qtr4=Dec reference periods. NAICS-based series start 2004 Q1."
CMU1190000000000P,civilian,db,pct_total_comp,2004,3,2.5,"BLS ECEC, https://data.bls.gov/timeseries/CMU1190000000000P","Employer cost per hour worked / % of total compensation; Qtr1=March, Qtr2=June, Qtr3=Sept, Qtr4=Dec reference periods. NAICS-based series start 2004 Q1."
CMU1190000000000P,civilian,db,pct_total_comp,2004,4,2.6,"BLS ECEC, https://data.bls.gov/timeseries/CMU1190000000000P","Employer cost per hour worked / % of total compensation; Qtr1=March, Qtr2=June, Qtr3=Sept, Qtr4=Dec reference periods. NAICS-based series start 2004 Q1."
CMU1190000000000P,civilian,db,pct_total_comp,2005,1,2.7,"BLS ECEC, https://data.bls.gov/timeseries/CMU1190000000000P","Employer cost per hour worked / % of total compensation; Qtr1=March, Qtr2=June, Qtr3=Sept, Qtr4=Dec reference periods. NAICS-based series start 2004 Q1."
CMU1190000000000P,civilian,db,pct_total_comp,2005,2,2.6,"BLS ECEC, https://data.bls.gov/timeseries/CMU1190000000000P","Employer cost per hour worked / % of total compensation; Qtr1=March, Qtr2=June, Qtr3=Sept, Qtr4=Dec reference periods. NAICS-based series start 2004 Q1."
CMU1190000000000P,civilian,db,pct_total_comp,2005,3,2.7,"BLS ECEC, https://data.bls.gov/timeseries/CMU1190000000000P","Employer cost per hour worked / % of total compensation; Qtr1=March, Qtr2=June, Qtr3=Sept, Qtr4=Dec reference periods. NAICS-based series start 2004 Q1."
CMU1190000000000P,civilian,db,pct_total_comp,2005,4,2.6,"BLS ECEC, https://data.bls.gov/timeseries/CMU1190000000000P","Employer cost per hour worked / % of total compensation; Qtr1=March, Qtr2=June, Qtr3=Sept, Qtr4=Dec reference periods. NAICS-based series start 2004 Q1."
CMU1190000000000P,civilian,db,pct_total_comp,2006,1,2.7,"BLS ECEC, https://data.bls.gov/timeseries/CMU1190000000000P","Employer cost per hour worked / % of total compensation; Qtr1=March, Qtr2=June, Qtr3=Sept, Qtr4=Dec reference periods. NAICS-based series start 2004 Q1."
CMU1190000000000P,civilian,db,pct_total_comp,2006,2,2.7,"BLS ECEC, https://data.bls.gov/timeseries/CMU1190000000000P","Employer cost per hour worked / % of total compensation; Qtr1=March, Qtr2=June, Qtr3=Sept, Qtr4=Dec reference periods. NAICS-based series start 2004 Q1."
CMU1190000000000P,civilian,db,pct_total_comp,2006,3,2.7,"BLS ECEC, https://data.bls.gov/timeseries/CMU1190000000000P","Employer cost per hour worked / % of total compensation; Qtr1=March, Qtr2=June, Qtr3=Sept, Qtr4=Dec reference periods. NAICS-based series start 2004 Q1."
CMU1190000000000P,civilian,db,pct_total_comp,2006,4,2.8,"BLS ECEC, https://data.bls.gov/timeseries/CMU1190000000000P","Employer cost per hour worked / % of total compensation; Qtr1=March, Qtr2=June, Qtr3=Sept, Qtr4=Dec reference periods. NAICS-based series start 2004 Q1."
CMU1190000000000P,civilian,db,pct_total_comp,2007,1,2.6,"BLS ECEC, https://data.bls.gov/timeseries/CMU1190000000000P","Employer cost per hour worked / % of total compensation; Qtr1=March, Qtr2=June, Qtr3=Sept, Qtr4=Dec reference periods. NAICS-based series start 2004 Q1."
CMU1190000000000P,civilian,db,pct_total_comp,2007,2,2.6,"BLS ECEC, https://data.bls.gov/timeseries/CMU1190000000000P","Employer cost per hour worked / % of total compensation; Qtr1=March, Qtr2=June, Qtr3=Sept, Qtr4=Dec reference periods. NAICS-based series start 2004 Q1."
CMU1190000000000P,civilian,db,pct_total_comp,2007,3,2.7,"BLS ECEC, https://data.bls.gov/timeseries/CMU1190000000000P","Employer cost per hour worked / % of total compensation; Qtr1=March, Qtr2=June, Qtr3=Sept, Qtr4=Dec reference periods. NAICS-based series start 2004 Q1."
CMU1190000000000P,civilian,db,pct_total_comp,2007,4,2.7,"BLS ECEC, https://data.bls.gov/timeseries/CMU1190000000000P","Employer cost per hour worked / % of total compensation; Qtr1=March, Qtr2=June, Qtr3=Sept, Qtr4=Dec reference periods. NAICS-based series start 2004 Q1."
CMU1190000000000P,civilian,db,pct_total_comp,2008,1,2.7,"BLS ECEC, https://data.bls.gov/timeseries/CMU1190000000000P","Employer cost per hour worked / % of total compensation; Qtr1=March, Qtr2=June, Qtr3=Sept, Qtr4=Dec reference periods. NAICS-based series start 2004 Q1."
CMU1190000000000P,civilian,db,pct_total_comp,2008,2,2.6,"BLS ECEC, https://data.bls.gov/timeseries/CMU1190000000000P","Employer cost per hour worked / % of total compensation; Qtr1=March, Qtr2=June, Qtr3=Sept, Qtr4=Dec reference periods. NAICS-based series start 2004 Q1."
CMU1190000000000P,civilian,db,pct_total_comp,2008,3,2.7,"BLS ECEC, https://data.bls.gov/timeseries/CMU1190000000000P","Employer cost per hour worked / % of total compensation; Qtr1=March, Qtr2=June, Qtr3=Sept, Qtr4=Dec reference periods. NAICS-based series start 2004 Q1."
CMU1190000000000P,civilian,db,pct_total_comp,2008,4,2.7,"BLS ECEC, https://data.bls.gov/timeseries/CMU1190000000000P","Employer cost per hour worked / % of total compensation; Qtr1=March, Qtr2=June, Qtr3=Sept, Qtr4=Dec reference periods. NAICS-based series start 2004 Q1."
CMU1190000000000P,civilian,db,pct_total_comp,2009,1,2.7,"BLS ECEC, https://data.bls.gov/timeseries/CMU1190000000000P","Employer cost per hour worked / % of total compensation; Qtr1=March, Qtr2=June, Qtr3=Sept, Qtr4=Dec reference periods. NAICS-based series start 2004 Q1."
CMU1190000000000P,civilian,db,pct_total_comp,2009,2,2.7,"BLS ECEC, https://data.bls.gov/timeseries/CMU1190000000000P","Employer cost per hour worked / % of total compensation; Qtr1=March, Qtr2=June, Qtr3=Sept, Qtr4=Dec reference periods. NAICS-based series start 2004 Q1."
CMU1190000000000P,civilian,db,pct_total_comp,2009,3,2.7,"BLS ECEC, https://data.bls.gov/timeseries/CMU1190000000000P","Employer cost per hour worked / % of total compensation; Qtr1=March, Qtr2=June, Qtr3=Sept, Qtr4=Dec reference periods. NAICS-based series start 2004 Q1."
CMU1190000000000P,civilian,db,pct_total_comp,2009,4,2.6,"BLS ECEC, https://data.bls.gov/timeseries/CMU1190000000000P","Employer cost per hour worked / % of total compensation; Qtr1=March, Qtr2=June, Qtr3=Sept, Qtr4=Dec reference periods. NAICS-based series start 2004 Q1."
CMU1190000000000P,civilian,db,pct_total_comp,2010,1,2.7,"BLS ECEC, https://data.bls.gov/timeseries/CMU1190000000000P","Employer cost per hour worked / % of total compensation; Qtr1=March, Qtr2=June, Qtr3=Sept, Qtr4=Dec reference periods. NAICS-based series start 2004 Q1."
CMU1190000000000P,civilian,db,pct_total_comp,2010,2,2.7,"BLS ECEC, https://data.bls.gov/timeseries/CMU1190000000000P","Employer cost per hour worked / % of total compensation; Qtr1=March, Qtr2=June, Qtr3=Sept, Qtr4=Dec reference periods. NAICS-based series start 2004 Q1."
CMU1190000000000P,civilian,db,pct_total_comp,2010,3,2.8,"BLS ECEC, https://data.bls.gov/timeseries/CMU1190000000000P","Employer cost per hour worked / % of total compensation; Qtr1=March, Qtr2=June, Qtr3=Sept, Qtr4=Dec reference periods. NAICS-based series start 2004 Q1."
CMU1190000000000P,civilian,db,pct_total_comp,2010,4,2.7,"BLS ECEC, https://data.bls.gov/timeseries/CMU1190000000000P","Employer cost per hour worked / % of total compensation; Qtr1=March, Qtr2=June, Qtr3=Sept, Qtr4=Dec reference periods. NAICS-based series start 2004 Q1."
CMU1190000000000P,civilian,db,pct_total_comp,2011,1,2.7,"BLS ECEC, https://data.bls.gov/timeseries/CMU1190000000000P","Employer cost per hour worked / % of total compensation; Qtr1=March, Qtr2=June, Qtr3=Sept, Qtr4=Dec reference periods. NAICS-based series start 2004 Q1."
CMU1190000000000P,civilian,db,pct_total_comp,2011,2,2.8,"BLS ECEC, https://data.bls.gov/timeseries/CMU1190000000000P","Employer cost per hour worked / % of total compensation; Qtr1=March, Qtr2=June, Qtr3=Sept, Qtr4=Dec reference periods. NAICS-based series start 2004 Q1."
CMU1190000000000P,civilian,db,pct_total_comp,2011,3,2.8,"BLS ECEC, https://data.bls.gov/timeseries/CMU1190000000000P","Employer cost per hour worked / % of total compensation; Qtr1=March, Qtr2=June, Qtr3=Sept, Qtr4=Dec reference periods. NAICS-based series start 2004 Q1."
CMU1190000000000P,civilian,db,pct_total_comp,2011,4,2.7,"BLS ECEC, https://data.bls.gov/timeseries/CMU1190000000000P","Employer cost per hour worked / % of total compensation; Qtr1=March, Qtr2=June, Qtr3=Sept, Qtr4=Dec reference periods. NAICS-based series start 2004 Q1."
CMU1190000000000P,civilian,db,pct_total_comp,2012,1,2.8,"BLS ECEC, https://data.bls.gov/timeseries/CMU1190000000000P","Employer cost per hour worked / % of total compensation; Qtr1=March, Qtr2=June, Qtr3=Sept, Qtr4=Dec reference periods. NAICS-based series start 2004 Q1."
CMU1190000000000P,civilian,db,pct_total_comp,2012,2,2.7,"BLS ECEC, https://data.bls.gov/timeseries/CMU1190000000000P","Employer cost per hour worked / % of total compensation; Qtr1=March, Qtr2=June, Qtr3=Sept, Qtr4=Dec reference periods. NAICS-based series start 2004 Q1."
CMU1190000000000P,civilian,db,pct_total_comp,2012,3,2.8,"BLS ECEC, https://data.bls.gov/timeseries/CMU1190000000000P","Employer cost per hour worked / % of total compensation; Qtr1=March, Qtr2=June, Qtr3=Sept, Qtr4=Dec reference periods. NAICS-based series start 2004 Q1."
CMU1190000000000P,civilian,db,pct_total_comp,2012,4,2.9,"BLS ECEC, https://data.bls.gov/timeseries/CMU1190000000000P","Employer cost per hour worked / % of total compensation; Qtr1=March, Qtr2=June, Qtr3=Sept, Qtr4=Dec reference periods. NAICS-based series start 2004 Q1."
CMU1190000000000P,civilian,db,pct_total_comp,2013,1,2.9,"BLS ECEC, https://data.bls.gov/timeseries/CMU1190000000000P","Employer cost per hour worked / % of total compensation; Qtr1=March, Qtr2=June, Qtr3=Sept, Qtr4=Dec reference periods. NAICS-based series start 2004 Q1."
CMU1190000000000P,civilian,db,pct_total_comp,2013,2,2.9,"BLS ECEC, https://data.bls.gov/timeseries/CMU1190000000000P","Employer cost per hour worked / % of total compensation; Qtr1=March, Qtr2=June, Qtr3=Sept, Qtr4=Dec reference periods. NAICS-based series start 2004 Q1."
CMU1190000000000P,civilian,db,pct_total_comp,2013,3,3.0,"BLS ECEC, https://data.bls.gov/timeseries/CMU1190000000000P","Employer cost per hour worked / % of total compensation; Qtr1=March, Qtr2=June, Qtr3=Sept, Qtr4=Dec reference periods. NAICS-based series start 2004 Q1."
CMU1190000000000P,civilian,db,pct_total_comp,2013,4,3.0,"BLS ECEC, https://data.bls.gov/timeseries/CMU1190000000000P","Employer cost per hour worked / % of total compensation; Qtr1=March, Qtr2=June, Qtr3=Sept, Qtr4=Dec reference periods. NAICS-based series start 2004 Q1."
CMU1190000000000P,civilian,db,pct_total_comp,2014,1,3.1,"BLS ECEC, https://data.bls.gov/timeseries/CMU1190000000000P","Employer cost per hour worked / % of total compensation; Qtr1=March, Qtr2=June, Qtr3=Sept, Qtr4=Dec reference periods. NAICS-based series start 2004 Q1."
CMU1190000000000P,civilian,db,pct_total_comp,2014,2,3.3,"BLS ECEC, https://data.bls.gov/timeseries/CMU1190000000000P","Employer cost per hour worked / % of total compensation; Qtr1=March, Qtr2=June, Qtr3=Sept, Qtr4=Dec reference periods. NAICS-based series start 2004 Q1."
CMU1190000000000P,civilian,db,pct_total_comp,2014,3,3.3,"BLS ECEC, https://data.bls.gov/timeseries/CMU1190000000000P","Employer cost per hour worked / % of total compensation; Qtr1=March, Qtr2=June, Qtr3=Sept, Qtr4=Dec reference periods. NAICS-based series start 2004 Q1."
CMU1190000000000P,civilian,db,pct_total_comp,2014,4,3.3,"BLS ECEC, https://data.bls.gov/timeseries/CMU1190000000000P","Employer cost per hour worked / % of total compensation; Qtr1=March, Qtr2=June, Qtr3=Sept, Qtr4=Dec reference periods. NAICS-based series start 2004 Q1."
CMU1190000000000P,civilian,db,pct_total_comp,2015,1,3.4,"BLS ECEC, https://data.bls.gov/timeseries/CMU1190000000000P","Employer cost per hour worked / % of total compensation; Qtr1=March, Qtr2=June, Qtr3=Sept, Qtr4=Dec reference periods. NAICS-based series start 2004 Q1."
CMU1190000000000P,civilian,db,pct_total_comp,2015,2,3.2,"BLS ECEC, https://data.bls.gov/timeseries/CMU1190000000000P","Employer cost per hour worked / % of total compensation; Qtr1=March, Qtr2=June, Qtr3=Sept, Qtr4=Dec reference periods. NAICS-based series start 2004 Q1."
CMU1190000000000P,civilian,db,pct_total_comp,2015,3,3.2,"BLS ECEC, https://data.bls.gov/timeseries/CMU1190000000000P","Employer cost per hour worked / % of total compensation; Qtr1=March, Qtr2=June, Qtr3=Sept, Qtr4=Dec reference periods. NAICS-based series start 2004 Q1."
CMU1190000000000P,civilian,db,pct_total_comp,2015,4,3.3,"BLS ECEC, https://data.bls.gov/timeseries/CMU1190000000000P","Employer cost per hour worked / % of total compensation; Qtr1=March, Qtr2=June, Qtr3=Sept, Qtr4=Dec reference periods. NAICS-based series start 2004 Q1."
CMU1190000000000P,civilian,db,pct_total_comp,2016,1,3.2,"BLS ECEC, https://data.bls.gov/timeseries/CMU1190000000000P","Employer cost per hour worked / % of total compensation; Qtr1=March, Qtr2=June, Qtr3=Sept, Qtr4=Dec reference periods. NAICS-based series start 2004 Q1."
CMU1190000000000P,civilian,db,pct_total_comp,2016,2,3.2,"BLS ECEC, https://data.bls.gov/timeseries/CMU1190000000000P","Employer cost per hour worked / % of total compensation; Qtr1=March, Qtr2=June, Qtr3=Sept, Qtr4=Dec reference periods. NAICS-based series start 2004 Q1."
CMU1190000000000P,civilian,db,pct_total_comp,2016,3,3.2,"BLS ECEC, https://data.bls.gov/timeseries/CMU1190000000000P","Employer cost per hour worked / % of total compensation; Qtr1=March, Qtr2=June, Qtr3=Sept, Qtr4=Dec reference periods. NAICS-based series start 2004 Q1."
CMU1190000000000P,civilian,db,pct_total_comp,2016,4,3.4,"BLS ECEC, https://data.bls.gov/timeseries/CMU1190000000000P","Employer cost per hour worked / % of total compensation; Qtr1=March, Qtr2=June, Qtr3=Sept, Qtr4=Dec reference periods. NAICS-based series start 2004 Q1."
CMU1190000000000P,civilian,db,pct_total_comp,2017,1,3.5,"BLS ECEC, https://data.bls.gov/timeseries/CMU1190000000000P","Employer cost per hour worked / % of total compensation; Qtr1=March, Qtr2=June, Qtr3=Sept, Qtr4=Dec reference periods. NAICS-based series start 2004 Q1."
CMU1190000000000P,civilian,db,pct_total_comp,2017,2,3.5,"BLS ECEC, https://data.bls.gov/timeseries/CMU1190000000000P","Employer cost per hour worked / % of total compensation; Qtr1=March, Qtr2=June, Qtr3=Sept, Qtr4=Dec reference periods. NAICS-based series start 2004 Q1."
CMU1190000000000P,civilian,db,pct_total_comp,2017,3,3.5,"BLS ECEC, https://data.bls.gov/timeseries/CMU1190000000000P","Employer cost per hour worked / % of total compensation; Qtr1=March, Qtr2=June, Qtr3=Sept, Qtr4=Dec reference periods. NAICS-based series start 2004 Q1."
CMU1190000000000P,civilian,db,pct_total_comp,2017,4,3.3,"BLS ECEC, https://data.bls.gov/timeseries/CMU1190000000000P","Employer cost per hour worked / % of total compensation; Qtr1=March, Qtr2=June, Qtr3=Sept, Qtr4=Dec reference periods. NAICS-based series start 2004 Q1."
CMU1190000000000P,civilian,db,pct_total_comp,2018,1,3.3,"BLS ECEC, https://data.bls.gov/timeseries/CMU1190000000000P","Employer cost per hour worked / % of total compensation; Qtr1=March, Qtr2=June, Qtr3=Sept, Qtr4=Dec reference periods. NAICS-based series start 2004 Q1."
CMU1190000000000P,civilian,db,pct_total_comp,2018,2,3.3,"BLS ECEC, https://data.bls.gov/timeseries/CMU1190000000000P","Employer cost per hour worked / % of total compensation; Qtr1=March, Qtr2=June, Qtr3=Sept, Qtr4=Dec reference periods. NAICS-based series start 2004 Q1."
CMU1190000000000P,civilian,db,pct_total_comp,2018,3,3.3,"BLS ECEC, https://data.bls.gov/timeseries/CMU1190000000000P","Employer cost per hour worked / % of total compensation; Qtr1=March, Qtr2=June, Qtr3=Sept, Qtr4=Dec reference periods. NAICS-based series start 2004 Q1."
CMU1190000000000P,civilian,db,pct_total_comp,2018,4,3.4,"BLS ECEC, https://data.bls.gov/timeseries/CMU1190000000000P","Employer cost per hour worked / % of total compensation; Qtr1=March, Qtr2=June, Qtr3=Sept, Qtr4=Dec reference periods. NAICS-based series start 2004 Q1."
CMU1190000000000P,civilian,db,pct_total_comp,2019,1,3.4,"BLS ECEC, https://data.bls.gov/timeseries/CMU1190000000000P","Employer cost per hour worked / % of total compensation; Qtr1=March, Qtr2=June, Qtr3=Sept, Qtr4=Dec reference periods. NAICS-based series start 2004 Q1."
CMU1190000000000P,civilian,db,pct_total_comp,2019,2,3.3,"BLS ECEC, https://data.bls.gov/timeseries/CMU1190000000000P","Employer cost per hour worked / % of total compensation; Qtr1=March, Qtr2=June, Qtr3=Sept, Qtr4=Dec reference periods. NAICS-based series start 2004 Q1."
CMU1190000000000P,civilian,db,pct_total_comp,2019,3,3.3,"BLS ECEC, https://data.bls.gov/timeseries/CMU1190000000000P","Employer cost per hour worked / % of total compensation; Qtr1=March, Qtr2=June, Qtr3=Sept, Qtr4=Dec reference periods. NAICS-based series start 2004 Q1."
CMU1190000000000P,civilian,db,pct_total_comp,2019,4,3.1,"BLS ECEC, https://data.bls.gov/timeseries/CMU1190000000000P","Employer cost per hour worked / % of total compensation; Qtr1=March, Qtr2=June, Qtr3=Sept, Qtr4=Dec reference periods. NAICS-based series start 2004 Q1."
CMU1190000000000P,civilian,db,pct_total_comp,2020,1,3.2,"BLS ECEC, https://data.bls.gov/timeseries/CMU1190000000000P","Employer cost per hour worked / % of total compensation; Qtr1=March, Qtr2=June, Qtr3=Sept, Qtr4=Dec reference periods. NAICS-based series start 2004 Q1."
CMU1190000000000P,civilian,db,pct_total_comp,2020,2,3.2,"BLS ECEC, https://data.bls.gov/timeseries/CMU1190000000000P","Employer cost per hour worked / % of total compensation; Qtr1=March, Qtr2=June, Qtr3=Sept, Qtr4=Dec reference periods. NAICS-based series start 2004 Q1."
CMU1190000000000P,civilian,db,pct_total_comp,2020,3,3.2,"BLS ECEC, https://data.bls.gov/timeseries/CMU1190000000000P","Employer cost per hour worked / % of total compensation; Qtr1=March, Qtr2=June, Qtr3=Sept, Qtr4=Dec reference periods. NAICS-based series start 2004 Q1."
CMU1190000000000P,civilian,db,pct_total_comp,2020,4,3.1,"BLS ECEC, https://data.bls.gov/timeseries/CMU1190000000000P","Employer cost per hour worked / % of total compensation; Qtr1=March, Qtr2=June, Qtr3=Sept, Qtr4=Dec reference periods. NAICS-based series start 2004 Q1."
CMU1190000000000P,civilian,db,pct_total_comp,2021,1,3.2,"BLS ECEC, https://data.bls.gov/timeseries/CMU1190000000000P","Employer cost per hour worked / % of total compensation; Qtr1=March, Qtr2=June, Qtr3=Sept, Qtr4=Dec reference periods. NAICS-based series start 2004 Q1."
CMU1190000000000P,civilian,db,pct_total_comp,2021,2,3.1,"BLS ECEC, https://data.bls.gov/timeseries/CMU1190000000000P","Employer cost per hour worked / % of total compensation; Qtr1=March, Qtr2=June, Qtr3=Sept, Qtr4=Dec reference periods. NAICS-based series start 2004 Q1."
CMU1190000000000P,civilian,db,pct_total_comp,2021,3,3.2,"BLS ECEC, https://data.bls.gov/timeseries/CMU1190000000000P","Employer cost per hour worked / % of total compensation; Qtr1=March, Qtr2=June, Qtr3=Sept, Qtr4=Dec reference periods. NAICS-based series start 2004 Q1."
CMU1190000000000P,civilian,db,pct_total_comp,2021,4,3.1,"BLS ECEC, https://data.bls.gov/timeseries/CMU1190000000000P","Employer cost per hour worked / % of total compensation; Qtr1=March, Qtr2=June, Qtr3=Sept, Qtr4=Dec reference periods. NAICS-based series start 2004 Q1."
CMU1190000000000P,civilian,db,pct_total_comp,2022,1,3.1,"BLS ECEC, https://data.bls.gov/timeseries/CMU1190000000000P","Employer cost per hour worked / % of total compensation; Qtr1=March, Qtr2=June, Qtr3=Sept, Qtr4=Dec reference periods. NAICS-based series start 2004 Q1."
CMU1190000000000P,civilian,db,pct_total_comp,2022,2,3.0,"BLS ECEC, https://data.bls.gov/timeseries/CMU1190000000000P","Employer cost per hour worked / % of total compensation; Qtr1=March, Qtr2=June, Qtr3=Sept, Qtr4=Dec reference periods. NAICS-based series start 2004 Q1."
CMU1190000000000P,civilian,db,pct_total_comp,2022,3,3.0,"BLS ECEC, https://data.bls.gov/timeseries/CMU1190000000000P","Employer cost per hour worked / % of total compensation; Qtr1=March, Qtr2=June, Qtr3=Sept, Qtr4=Dec reference periods. NAICS-based series start 2004 Q1."
CMU1190000000000P,civilian,db,pct_total_comp,2022,4,3.0,"BLS ECEC, https://data.bls.gov/timeseries/CMU1190000000000P","Employer cost per hour worked / % of total compensation; Qtr1=March, Qtr2=June, Qtr3=Sept, Qtr4=Dec reference periods. NAICS-based series start 2004 Q1."
CMU1190000000000P,civilian,db,pct_total_comp,2023,1,3.1,"BLS ECEC, https://data.bls.gov/timeseries/CMU1190000000000P","Employer cost per hour worked / % of total compensation; Qtr1=March, Qtr2=June, Qtr3=Sept, Qtr4=Dec reference periods. NAICS-based series start 2004 Q1."
CMU1190000000000P,civilian,db,pct_total_comp,2023,2,3.0,"BLS ECEC, https://data.bls.gov/timeseries/CMU1190000000000P","Employer cost per hour worked / % of total compensation; Qtr1=March, Qtr2=June, Qtr3=Sept, Qtr4=Dec reference periods. NAICS-based series start 2004 Q1."
CMU1190000000000P,civilian,db,pct_total_comp,2023,3,3.0,"BLS ECEC, https://data.bls.gov/timeseries/CMU1190000000000P","Employer cost per hour worked / % of total compensation; Qtr1=March, Qtr2=June, Qtr3=Sept, Qtr4=Dec reference periods. NAICS-based series start 2004 Q1."
CMU1190000000000P,civilian,db,pct_total_comp,2023,4,3.0,"BLS ECEC, https://data.bls.gov/timeseries/CMU1190000000000P","Employer cost per hour worked / % of total compensation; Qtr1=March, Qtr2=June, Qtr3=Sept, Qtr4=Dec reference periods. NAICS-based series start 2004 Q1."
CMU1190000000000P,civilian,db,pct_total_comp,2024,1,3.0,"BLS ECEC, https://data.bls.gov/timeseries/CMU1190000000000P","Employer cost per hour worked / % of total compensation; Qtr1=March, Qtr2=June, Qtr3=Sept, Qtr4=Dec reference periods. NAICS-based series start 2004 Q1."
CMU1190000000000P,civilian,db,pct_total_comp,2024,2,2.9,"BLS ECEC, https://data.bls.gov/timeseries/CMU1190000000000P","Employer cost per hour worked / % of total compensation; Qtr1=March, Qtr2=June, Qtr3=Sept, Qtr4=Dec reference periods. NAICS-based series start 2004 Q1."
CMU1190000000000P,civilian,db,pct_total_comp,2024,3,3.0,"BLS ECEC, https://data.bls.gov/timeseries/CMU1190000000000P","Employer cost per hour worked / % of total compensation; Qtr1=March, Qtr2=June, Qtr3=Sept, Qtr4=Dec reference periods. NAICS-based series start 2004 Q1."
CMU1190000000000P,civilian,db,pct_total_comp,2024,4,3.0,"BLS ECEC, https://data.bls.gov/timeseries/CMU1190000000000P","Employer cost per hour worked / % of total compensation; Qtr1=March, Qtr2=June, Qtr3=Sept, Qtr4=Dec reference periods. NAICS-based series start 2004 Q1."
CMU1190000000000P,civilian,db,pct_total_comp,2025,1,3.0,"BLS ECEC, https://data.bls.gov/timeseries/CMU1190000000000P","Employer cost per hour worked / % of total compensation; Qtr1=March, Qtr2=June, Qtr3=Sept, Qtr4=Dec reference periods. NAICS-based series start 2004 Q1."
CMU1190000000000P,civilian,db,pct_total_comp,2025,2,2.9,"BLS ECEC, https://data.bls.gov/timeseries/CMU1190000000000P","Employer cost per hour worked / % of total compensation; Qtr1=March, Qtr2=June, Qtr3=Sept, Qtr4=Dec reference periods. NAICS-based series start 2004 Q1."
CMU1190000000000P,civilian,db,pct_total_comp,2025,3,2.9,"BLS ECEC, https://data.bls.gov/timeseries/CMU1190000000000P","Employer cost per hour worked / % of total compensation; Qtr1=March, Qtr2=June, Qtr3=Sept, Qtr4=Dec reference periods. NAICS-based series start 2004 Q1."
CMU1190000000000P,civilian,db,pct_total_comp,2025,4,2.9,"BLS ECEC, https://data.bls.gov/timeseries/CMU1190000000000P","Employer cost per hour worked / % of total compensation; Qtr1=March, Qtr2=June, Qtr3=Sept, Qtr4=Dec reference periods. NAICS-based series start 2004 Q1."
CMU1190000000000P,civilian,db,pct_total_comp,2026,1,3.0,"BLS ECEC, https://data.bls.gov/timeseries/CMU1190000000000P","Employer cost per hour worked / % of total compensation; Qtr1=March, Qtr2=June, Qtr3=Sept, Qtr4=Dec reference periods. NAICS-based series start 2004 Q1."
CMU1190000000000P,civilian,db,pct_total_comp,2026,2,2.9,"BLS ECEC, https://data.bls.gov/timeseries/CMU1190000000000P","Employer cost per hour worked / % of total compensation; Qtr1=March, Qtr2=June, Qtr3=Sept, Qtr4=Dec reference periods. NAICS-based series start 2004 Q1."
CMU1200000000000D,civilian,dc,cost_per_hour_usd,2004,1,0.4,"BLS ECEC, https://data.bls.gov/timeseries/CMU1200000000000D","Employer cost per hour worked / % of total compensation; Qtr1=March, Qtr2=June, Qtr3=Sept, Qtr4=Dec reference periods. NAICS-based series start 2004 Q1."
CMU1200000000000D,civilian,dc,cost_per_hour_usd,2004,2,0.4,"BLS ECEC, https://data.bls.gov/timeseries/CMU1200000000000D","Employer cost per hour worked / % of total compensation; Qtr1=March, Qtr2=June, Qtr3=Sept, Qtr4=Dec reference periods. NAICS-based series start 2004 Q1."
CMU1200000000000D,civilian,dc,cost_per_hour_usd,2004,3,0.41,"BLS ECEC, https://data.bls.gov/timeseries/CMU1200000000000D","Employer cost per hour worked / % of total compensation; Qtr1=March, Qtr2=June, Qtr3=Sept, Qtr4=Dec reference periods. NAICS-based series start 2004 Q1."
CMU1200000000000D,civilian,dc,cost_per_hour_usd,2004,4,0.41,"BLS ECEC, https://data.bls.gov/timeseries/CMU1200000000000D","Employer cost per hour worked / % of total compensation; Qtr1=March, Qtr2=June, Qtr3=Sept, Qtr4=Dec reference periods. NAICS-based series start 2004 Q1."
CMU1200000000000D,civilian,dc,cost_per_hour_usd,2005,1,0.42,"BLS ECEC, https://data.bls.gov/timeseries/CMU1200000000000D","Employer cost per hour worked / % of total compensation; Qtr1=March, Qtr2=June, Qtr3=Sept, Qtr4=Dec reference periods. NAICS-based series start 2004 Q1."
CMU1200000000000D,civilian,dc,cost_per_hour_usd,2005,2,0.41,"BLS ECEC, https://data.bls.gov/timeseries/CMU1200000000000D","Employer cost per hour worked / % of total compensation; Qtr1=March, Qtr2=June, Qtr3=Sept, Qtr4=Dec reference periods. NAICS-based series start 2004 Q1."
CMU1200000000000D,civilian,dc,cost_per_hour_usd,2005,3,0.42,"BLS ECEC, https://data.bls.gov/timeseries/CMU1200000000000D","Employer cost per hour worked / % of total compensation; Qtr1=March, Qtr2=June, Qtr3=Sept, Qtr4=Dec reference periods. NAICS-based series start 2004 Q1."
CMU1200000000000D,civilian,dc,cost_per_hour_usd,2005,4,0.43,"BLS ECEC, https://data.bls.gov/timeseries/CMU1200000000000D","Employer cost per hour worked / % of total compensation; Qtr1=March, Qtr2=June, Qtr3=Sept, Qtr4=Dec reference periods. NAICS-based series start 2004 Q1."
CMU1200000000000D,civilian,dc,cost_per_hour_usd,2006,1,0.44,"BLS ECEC, https://data.bls.gov/timeseries/CMU1200000000000D","Employer cost per hour worked / % of total compensation; Qtr1=March, Qtr2=June, Qtr3=Sept, Qtr4=Dec reference periods. NAICS-based series start 2004 Q1."
CMU1200000000000D,civilian,dc,cost_per_hour_usd,2006,2,0.43,"BLS ECEC, https://data.bls.gov/timeseries/CMU1200000000000D","Employer cost per hour worked / % of total compensation; Qtr1=March, Qtr2=June, Qtr3=Sept, Qtr4=Dec reference periods. NAICS-based series start 2004 Q1."
CMU1200000000000D,civilian,dc,cost_per_hour_usd,2006,3,0.44,"BLS ECEC, https://data.bls.gov/timeseries/CMU1200000000000D","Employer cost per hour worked / % of total compensation; Qtr1=March, Qtr2=June, Qtr3=Sept, Qtr4=Dec reference periods. NAICS-based series start 2004 Q1."
CMU1200000000000D,civilian,dc,cost_per_hour_usd,2006,4,0.44,"BLS ECEC, https://data.bls.gov/timeseries/CMU1200000000000D","Employer cost per hour worked / % of total compensation; Qtr1=March, Qtr2=June, Qtr3=Sept, Qtr4=Dec reference periods. NAICS-based series start 2004 Q1."
CMU1200000000000D,civilian,dc,cost_per_hour_usd,2007,1,0.45,"BLS ECEC, https://data.bls.gov/timeseries/CMU1200000000000D","Employer cost per hour worked / % of total compensation; Qtr1=March, Qtr2=June, Qtr3=Sept, Qtr4=Dec reference periods. NAICS-based series start 2004 Q1."
CMU1200000000000D,civilian,dc,cost_per_hour_usd,2007,2,0.45,"BLS ECEC, https://data.bls.gov/timeseries/CMU1200000000000D","Employer cost per hour worked / % of total compensation; Qtr1=March, Qtr2=June, Qtr3=Sept, Qtr4=Dec reference periods. NAICS-based series start 2004 Q1."
CMU1200000000000D,civilian,dc,cost_per_hour_usd,2007,3,0.46,"BLS ECEC, https://data.bls.gov/timeseries/CMU1200000000000D","Employer cost per hour worked / % of total compensation; Qtr1=March, Qtr2=June, Qtr3=Sept, Qtr4=Dec reference periods. NAICS-based series start 2004 Q1."
CMU1200000000000D,civilian,dc,cost_per_hour_usd,2007,4,0.49,"BLS ECEC, https://data.bls.gov/timeseries/CMU1200000000000D","Employer cost per hour worked / % of total compensation; Qtr1=March, Qtr2=June, Qtr3=Sept, Qtr4=Dec reference periods. NAICS-based series start 2004 Q1."
CMU1200000000000D,civilian,dc,cost_per_hour_usd,2008,1,0.5,"BLS ECEC, https://data.bls.gov/timeseries/CMU1200000000000D","Employer cost per hour worked / % of total compensation; Qtr1=March, Qtr2=June, Qtr3=Sept, Qtr4=Dec reference periods. NAICS-based series start 2004 Q1."
CMU1200000000000D,civilian,dc,cost_per_hour_usd,2008,2,0.5,"BLS ECEC, https://data.bls.gov/timeseries/CMU1200000000000D","Employer cost per hour worked / % of total compensation; Qtr1=March, Qtr2=June, Qtr3=Sept, Qtr4=Dec reference periods. NAICS-based series start 2004 Q1."
CMU1200000000000D,civilian,dc,cost_per_hour_usd,2008,3,0.51,"BLS ECEC, https://data.bls.gov/timeseries/CMU1200000000000D","Employer cost per hour worked / % of total compensation; Qtr1=March, Qtr2=June, Qtr3=Sept, Qtr4=Dec reference periods. NAICS-based series start 2004 Q1."
CMU1200000000000D,civilian,dc,cost_per_hour_usd,2008,4,0.51,"BLS ECEC, https://data.bls.gov/timeseries/CMU1200000000000D","Employer cost per hour worked / % of total compensation; Qtr1=March, Qtr2=June, Qtr3=Sept, Qtr4=Dec reference periods. NAICS-based series start 2004 Q1."
CMU1200000000000D,civilian,dc,cost_per_hour_usd,2009,1,0.51,"BLS ECEC, https://data.bls.gov/timeseries/CMU1200000000000D","Employer cost per hour worked / % of total compensation; Qtr1=March, Qtr2=June, Qtr3=Sept, Qtr4=Dec reference periods. NAICS-based series start 2004 Q1."
CMU1200000000000D,civilian,dc,cost_per_hour_usd,2009,2,0.5,"BLS ECEC, https://data.bls.gov/timeseries/CMU1200000000000D","Employer cost per hour worked / % of total compensation; Qtr1=March, Qtr2=June, Qtr3=Sept, Qtr4=Dec reference periods. NAICS-based series start 2004 Q1."
CMU1200000000000D,civilian,dc,cost_per_hour_usd,2009,3,0.5,"BLS ECEC, https://data.bls.gov/timeseries/CMU1200000000000D","Employer cost per hour worked / % of total compensation; Qtr1=March, Qtr2=June, Qtr3=Sept, Qtr4=Dec reference periods. NAICS-based series start 2004 Q1."
CMU1200000000000D,civilian,dc,cost_per_hour_usd,2009,4,0.51,"BLS ECEC, https://data.bls.gov/timeseries/CMU1200000000000D","Employer cost per hour worked / % of total compensation; Qtr1=March, Qtr2=June, Qtr3=Sept, Qtr4=Dec reference periods. NAICS-based series start 2004 Q1."
CMU1200000000000D,civilian,dc,cost_per_hour_usd,2010,1,0.51,"BLS ECEC, https://data.bls.gov/timeseries/CMU1200000000000D","Employer cost per hour worked / % of total compensation; Qtr1=March, Qtr2=June, Qtr3=Sept, Qtr4=Dec reference periods. NAICS-based series start 2004 Q1."
CMU1200000000000D,civilian,dc,cost_per_hour_usd,2010,2,0.5,"BLS ECEC, https://data.bls.gov/timeseries/CMU1200000000000D","Employer cost per hour worked / % of total compensation; Qtr1=March, Qtr2=June, Qtr3=Sept, Qtr4=Dec reference periods. NAICS-based series start 2004 Q1."
CMU1200000000000D,civilian,dc,cost_per_hour_usd,2010,3,0.51,"BLS ECEC, https://data.bls.gov/timeseries/CMU1200000000000D","Employer cost per hour worked / % of total compensation; Qtr1=March, Qtr2=June, Qtr3=Sept, Qtr4=Dec reference periods. NAICS-based series start 2004 Q1."
CMU1200000000000D,civilian,dc,cost_per_hour_usd,2010,4,0.52,"BLS ECEC, https://data.bls.gov/timeseries/CMU1200000000000D","Employer cost per hour worked / % of total compensation; Qtr1=March, Qtr2=June, Qtr3=Sept, Qtr4=Dec reference periods. NAICS-based series start 2004 Q1."
CMU1200000000000D,civilian,dc,cost_per_hour_usd,2011,1,0.54,"BLS ECEC, https://data.bls.gov/timeseries/CMU1200000000000D","Employer cost per hour worked / % of total compensation; Qtr1=March, Qtr2=June, Qtr3=Sept, Qtr4=Dec reference periods. NAICS-based series start 2004 Q1."
CMU1200000000000D,civilian,dc,cost_per_hour_usd,2011,2,0.53,"BLS ECEC, https://data.bls.gov/timeseries/CMU1200000000000D","Employer cost per hour worked / % of total compensation; Qtr1=March, Qtr2=June, Qtr3=Sept, Qtr4=Dec reference periods. NAICS-based series start 2004 Q1."
CMU1200000000000D,civilian,dc,cost_per_hour_usd,2011,3,0.53,"BLS ECEC, https://data.bls.gov/timeseries/CMU1200000000000D","Employer cost per hour worked / % of total compensation; Qtr1=March, Qtr2=June, Qtr3=Sept, Qtr4=Dec reference periods. NAICS-based series start 2004 Q1."
CMU1200000000000D,civilian,dc,cost_per_hour_usd,2011,4,0.55,"BLS ECEC, https://data.bls.gov/timeseries/CMU1200000000000D","Employer cost per hour worked / % of total compensation; Qtr1=March, Qtr2=June, Qtr3=Sept, Qtr4=Dec reference periods. NAICS-based series start 2004 Q1."
CMU1200000000000D,civilian,dc,cost_per_hour_usd,2012,1,0.55,"BLS ECEC, https://data.bls.gov/timeseries/CMU1200000000000D","Employer cost per hour worked / % of total compensation; Qtr1=March, Qtr2=June, Qtr3=Sept, Qtr4=Dec reference periods. NAICS-based series start 2004 Q1."
CMU1200000000000D,civilian,dc,cost_per_hour_usd,2012,2,0.55,"BLS ECEC, https://data.bls.gov/timeseries/CMU1200000000000D","Employer cost per hour worked / % of total compensation; Qtr1=March, Qtr2=June, Qtr3=Sept, Qtr4=Dec reference periods. NAICS-based series start 2004 Q1."
CMU1200000000000D,civilian,dc,cost_per_hour_usd,2012,3,0.56,"BLS ECEC, https://data.bls.gov/timeseries/CMU1200000000000D","Employer cost per hour worked / % of total compensation; Qtr1=March, Qtr2=June, Qtr3=Sept, Qtr4=Dec reference periods. NAICS-based series start 2004 Q1."
CMU1200000000000D,civilian,dc,cost_per_hour_usd,2012,4,0.56,"BLS ECEC, https://data.bls.gov/timeseries/CMU1200000000000D","Employer cost per hour worked / % of total compensation; Qtr1=March, Qtr2=June, Qtr3=Sept, Qtr4=Dec reference periods. NAICS-based series start 2004 Q1."
CMU1200000000000D,civilian,dc,cost_per_hour_usd,2013,1,0.57,"BLS ECEC, https://data.bls.gov/timeseries/CMU1200000000000D","Employer cost per hour worked / % of total compensation; Qtr1=March, Qtr2=June, Qtr3=Sept, Qtr4=Dec reference periods. NAICS-based series start 2004 Q1."
CMU1200000000000D,civilian,dc,cost_per_hour_usd,2013,2,0.56,"BLS ECEC, https://data.bls.gov/timeseries/CMU1200000000000D","Employer cost per hour worked / % of total compensation; Qtr1=March, Qtr2=June, Qtr3=Sept, Qtr4=Dec reference periods. NAICS-based series start 2004 Q1."
CMU1200000000000D,civilian,dc,cost_per_hour_usd,2013,3,0.57,"BLS ECEC, https://data.bls.gov/timeseries/CMU1200000000000D","Employer cost per hour worked / % of total compensation; Qtr1=March, Qtr2=June, Qtr3=Sept, Qtr4=Dec reference periods. NAICS-based series start 2004 Q1."
CMU1200000000000D,civilian,dc,cost_per_hour_usd,2013,4,0.59,"BLS ECEC, https://data.bls.gov/timeseries/CMU1200000000000D","Employer cost per hour worked / % of total compensation; Qtr1=March, Qtr2=June, Qtr3=Sept, Qtr4=Dec reference periods. NAICS-based series start 2004 Q1."
CMU1200000000000D,civilian,dc,cost_per_hour_usd,2014,1,0.61,"BLS ECEC, https://data.bls.gov/timeseries/CMU1200000000000D","Employer cost per hour worked / % of total compensation; Qtr1=March, Qtr2=June, Qtr3=Sept, Qtr4=Dec reference periods. NAICS-based series start 2004 Q1."
CMU1200000000000D,civilian,dc,cost_per_hour_usd,2014,2,0.61,"BLS ECEC, https://data.bls.gov/timeseries/CMU1200000000000D","Employer cost per hour worked / % of total compensation; Qtr1=March, Qtr2=June, Qtr3=Sept, Qtr4=Dec reference periods. NAICS-based series start 2004 Q1."
CMU1200000000000D,civilian,dc,cost_per_hour_usd,2014,3,0.61,"BLS ECEC, https://data.bls.gov/timeseries/CMU1200000000000D","Employer cost per hour worked / % of total compensation; Qtr1=March, Qtr2=June, Qtr3=Sept, Qtr4=Dec reference periods. NAICS-based series start 2004 Q1."
CMU1200000000000D,civilian,dc,cost_per_hour_usd,2014,4,0.64,"BLS ECEC, https://data.bls.gov/timeseries/CMU1200000000000D","Employer cost per hour worked / % of total compensation; Qtr1=March, Qtr2=June, Qtr3=Sept, Qtr4=Dec reference periods. NAICS-based series start 2004 Q1."
CMU1200000000000D,civilian,dc,cost_per_hour_usd,2015,1,0.65,"BLS ECEC, https://data.bls.gov/timeseries/CMU1200000000000D","Employer cost per hour worked / % of total compensation; Qtr1=March, Qtr2=June, Qtr3=Sept, Qtr4=Dec reference periods. NAICS-based series start 2004 Q1."
CMU1200000000000D,civilian,dc,cost_per_hour_usd,2015,2,0.64,"BLS ECEC, https://data.bls.gov/timeseries/CMU1200000000000D","Employer cost per hour worked / % of total compensation; Qtr1=March, Qtr2=June, Qtr3=Sept, Qtr4=Dec reference periods. NAICS-based series start 2004 Q1."
CMU1200000000000D,civilian,dc,cost_per_hour_usd,2015,3,0.65,"BLS ECEC, https://data.bls.gov/timeseries/CMU1200000000000D","Employer cost per hour worked / % of total compensation; Qtr1=March, Qtr2=June, Qtr3=Sept, Qtr4=Dec reference periods. NAICS-based series start 2004 Q1."
CMU1200000000000D,civilian,dc,cost_per_hour_usd,2015,4,0.66,"BLS ECEC, https://data.bls.gov/timeseries/CMU1200000000000D","Employer cost per hour worked / % of total compensation; Qtr1=March, Qtr2=June, Qtr3=Sept, Qtr4=Dec reference periods. NAICS-based series start 2004 Q1."
CMU1200000000000D,civilian,dc,cost_per_hour_usd,2016,1,0.65,"BLS ECEC, https://data.bls.gov/timeseries/CMU1200000000000D","Employer cost per hour worked / % of total compensation; Qtr1=March, Qtr2=June, Qtr3=Sept, Qtr4=Dec reference periods. NAICS-based series start 2004 Q1."
CMU1200000000000D,civilian,dc,cost_per_hour_usd,2016,2,0.67,"BLS ECEC, https://data.bls.gov/timeseries/CMU1200000000000D","Employer cost per hour worked / % of total compensation; Qtr1=March, Qtr2=June, Qtr3=Sept, Qtr4=Dec reference periods. NAICS-based series start 2004 Q1."
CMU1200000000000D,civilian,dc,cost_per_hour_usd,2016,3,0.66,"BLS ECEC, https://data.bls.gov/timeseries/CMU1200000000000D","Employer cost per hour worked / % of total compensation; Qtr1=March, Qtr2=June, Qtr3=Sept, Qtr4=Dec reference periods. NAICS-based series start 2004 Q1."
CMU1200000000000D,civilian,dc,cost_per_hour_usd,2016,4,0.68,"BLS ECEC, https://data.bls.gov/timeseries/CMU1200000000000D","Employer cost per hour worked / % of total compensation; Qtr1=March, Qtr2=June, Qtr3=Sept, Qtr4=Dec reference periods. NAICS-based series start 2004 Q1."
CMU1200000000000D,civilian,dc,cost_per_hour_usd,2017,1,0.69,"BLS ECEC, https://data.bls.gov/timeseries/CMU1200000000000D","Employer cost per hour worked / % of total compensation; Qtr1=March, Qtr2=June, Qtr3=Sept, Qtr4=Dec reference periods. NAICS-based series start 2004 Q1."
CMU1200000000000D,civilian,dc,cost_per_hour_usd,2017,2,0.69,"BLS ECEC, https://data.bls.gov/timeseries/CMU1200000000000D","Employer cost per hour worked / % of total compensation; Qtr1=March, Qtr2=June, Qtr3=Sept, Qtr4=Dec reference periods. NAICS-based series start 2004 Q1."
CMU1200000000000D,civilian,dc,cost_per_hour_usd,2017,3,0.7,"BLS ECEC, https://data.bls.gov/timeseries/CMU1200000000000D","Employer cost per hour worked / % of total compensation; Qtr1=March, Qtr2=June, Qtr3=Sept, Qtr4=Dec reference periods. NAICS-based series start 2004 Q1."
CMU1200000000000D,civilian,dc,cost_per_hour_usd,2017,4,0.72,"BLS ECEC, https://data.bls.gov/timeseries/CMU1200000000000D","Employer cost per hour worked / % of total compensation; Qtr1=March, Qtr2=June, Qtr3=Sept, Qtr4=Dec reference periods. NAICS-based series start 2004 Q1."
CMU1200000000000D,civilian,dc,cost_per_hour_usd,2018,1,0.73,"BLS ECEC, https://data.bls.gov/timeseries/CMU1200000000000D","Employer cost per hour worked / % of total compensation; Qtr1=March, Qtr2=June, Qtr3=Sept, Qtr4=Dec reference periods. NAICS-based series start 2004 Q1."
CMU1200000000000D,civilian,dc,cost_per_hour_usd,2018,2,0.72,"BLS ECEC, https://data.bls.gov/timeseries/CMU1200000000000D","Employer cost per hour worked / % of total compensation; Qtr1=March, Qtr2=June, Qtr3=Sept, Qtr4=Dec reference periods. NAICS-based series start 2004 Q1."
CMU1200000000000D,civilian,dc,cost_per_hour_usd,2018,3,0.73,"BLS ECEC, https://data.bls.gov/timeseries/CMU1200000000000D","Employer cost per hour worked / % of total compensation; Qtr1=March, Qtr2=June, Qtr3=Sept, Qtr4=Dec reference periods. NAICS-based series start 2004 Q1."
CMU1200000000000D,civilian,dc,cost_per_hour_usd,2018,4,0.73,"BLS ECEC, https://data.bls.gov/timeseries/CMU1200000000000D","Employer cost per hour worked / % of total compensation; Qtr1=March, Qtr2=June, Qtr3=Sept, Qtr4=Dec reference periods. NAICS-based series start 2004 Q1."
CMU1200000000000D,civilian,dc,cost_per_hour_usd,2019,1,0.74,"BLS ECEC, https://data.bls.gov/timeseries/CMU1200000000000D","Employer cost per hour worked / % of total compensation; Qtr1=March, Qtr2=June, Qtr3=Sept, Qtr4=Dec reference periods. NAICS-based series start 2004 Q1."
CMU1200000000000D,civilian,dc,cost_per_hour_usd,2019,2,0.74,"BLS ECEC, https://data.bls.gov/timeseries/CMU1200000000000D","Employer cost per hour worked / % of total compensation; Qtr1=March, Qtr2=June, Qtr3=Sept, Qtr4=Dec reference periods. NAICS-based series start 2004 Q1."
CMU1200000000000D,civilian,dc,cost_per_hour_usd,2019,3,0.74,"BLS ECEC, https://data.bls.gov/timeseries/CMU1200000000000D","Employer cost per hour worked / % of total compensation; Qtr1=March, Qtr2=June, Qtr3=Sept, Qtr4=Dec reference periods. NAICS-based series start 2004 Q1."
CMU1200000000000D,civilian,dc,cost_per_hour_usd,2019,4,0.75,"BLS ECEC, https://data.bls.gov/timeseries/CMU1200000000000D","Employer cost per hour worked / % of total compensation; Qtr1=March, Qtr2=June, Qtr3=Sept, Qtr4=Dec reference periods. NAICS-based series start 2004 Q1."
CMU1200000000000D,civilian,dc,cost_per_hour_usd,2020,1,0.76,"BLS ECEC, https://data.bls.gov/timeseries/CMU1200000000000D","Employer cost per hour worked / % of total compensation; Qtr1=March, Qtr2=June, Qtr3=Sept, Qtr4=Dec reference periods. NAICS-based series start 2004 Q1."
CMU1200000000000D,civilian,dc,cost_per_hour_usd,2020,2,0.78,"BLS ECEC, https://data.bls.gov/timeseries/CMU1200000000000D","Employer cost per hour worked / % of total compensation; Qtr1=March, Qtr2=June, Qtr3=Sept, Qtr4=Dec reference periods. NAICS-based series start 2004 Q1."
CMU1200000000000D,civilian,dc,cost_per_hour_usd,2020,3,0.77,"BLS ECEC, https://data.bls.gov/timeseries/CMU1200000000000D","Employer cost per hour worked / % of total compensation; Qtr1=March, Qtr2=June, Qtr3=Sept, Qtr4=Dec reference periods. NAICS-based series start 2004 Q1."
CMU1200000000000D,civilian,dc,cost_per_hour_usd,2020,4,0.78,"BLS ECEC, https://data.bls.gov/timeseries/CMU1200000000000D","Employer cost per hour worked / % of total compensation; Qtr1=March, Qtr2=June, Qtr3=Sept, Qtr4=Dec reference periods. NAICS-based series start 2004 Q1."
CMU1200000000000D,civilian,dc,cost_per_hour_usd,2021,1,0.78,"BLS ECEC, https://data.bls.gov/timeseries/CMU1200000000000D","Employer cost per hour worked / % of total compensation; Qtr1=March, Qtr2=June, Qtr3=Sept, Qtr4=Dec reference periods. NAICS-based series start 2004 Q1."
CMU1200000000000D,civilian,dc,cost_per_hour_usd,2021,2,0.78,"BLS ECEC, https://data.bls.gov/timeseries/CMU1200000000000D","Employer cost per hour worked / % of total compensation; Qtr1=March, Qtr2=June, Qtr3=Sept, Qtr4=Dec reference periods. NAICS-based series start 2004 Q1."
CMU1200000000000D,civilian,dc,cost_per_hour_usd,2021,3,0.79,"BLS ECEC, https://data.bls.gov/timeseries/CMU1200000000000D","Employer cost per hour worked / % of total compensation; Qtr1=March, Qtr2=June, Qtr3=Sept, Qtr4=Dec reference periods. NAICS-based series start 2004 Q1."
CMU1200000000000D,civilian,dc,cost_per_hour_usd,2021,4,0.82,"BLS ECEC, https://data.bls.gov/timeseries/CMU1200000000000D","Employer cost per hour worked / % of total compensation; Qtr1=March, Qtr2=June, Qtr3=Sept, Qtr4=Dec reference periods. NAICS-based series start 2004 Q1."
CMU1200000000000D,civilian,dc,cost_per_hour_usd,2022,1,0.84,"BLS ECEC, https://data.bls.gov/timeseries/CMU1200000000000D","Employer cost per hour worked / % of total compensation; Qtr1=March, Qtr2=June, Qtr3=Sept, Qtr4=Dec reference periods. NAICS-based series start 2004 Q1."
CMU1200000000000D,civilian,dc,cost_per_hour_usd,2022,2,0.82,"BLS ECEC, https://data.bls.gov/timeseries/CMU1200000000000D","Employer cost per hour worked / % of total compensation; Qtr1=March, Qtr2=June, Qtr3=Sept, Qtr4=Dec reference periods. NAICS-based series start 2004 Q1."
CMU1200000000000D,civilian,dc,cost_per_hour_usd,2022,3,0.86,"BLS ECEC, https://data.bls.gov/timeseries/CMU1200000000000D","Employer cost per hour worked / % of total compensation; Qtr1=March, Qtr2=June, Qtr3=Sept, Qtr4=Dec reference periods. NAICS-based series start 2004 Q1."
CMU1200000000000D,civilian,dc,cost_per_hour_usd,2022,4,0.89,"BLS ECEC, https://data.bls.gov/timeseries/CMU1200000000000D","Employer cost per hour worked / % of total compensation; Qtr1=March, Qtr2=June, Qtr3=Sept, Qtr4=Dec reference periods. NAICS-based series start 2004 Q1."
CMU1200000000000D,civilian,dc,cost_per_hour_usd,2023,1,0.91,"BLS ECEC, https://data.bls.gov/timeseries/CMU1200000000000D","Employer cost per hour worked / % of total compensation; Qtr1=March, Qtr2=June, Qtr3=Sept, Qtr4=Dec reference periods. NAICS-based series start 2004 Q1."
CMU1200000000000D,civilian,dc,cost_per_hour_usd,2023,2,0.91,"BLS ECEC, https://data.bls.gov/timeseries/CMU1200000000000D","Employer cost per hour worked / % of total compensation; Qtr1=March, Qtr2=June, Qtr3=Sept, Qtr4=Dec reference periods. NAICS-based series start 2004 Q1."
CMU1200000000000D,civilian,dc,cost_per_hour_usd,2023,3,0.93,"BLS ECEC, https://data.bls.gov/timeseries/CMU1200000000000D","Employer cost per hour worked / % of total compensation; Qtr1=March, Qtr2=June, Qtr3=Sept, Qtr4=Dec reference periods. NAICS-based series start 2004 Q1."
CMU1200000000000D,civilian,dc,cost_per_hour_usd,2023,4,1.0,"BLS ECEC, https://data.bls.gov/timeseries/CMU1200000000000D","Employer cost per hour worked / % of total compensation; Qtr1=March, Qtr2=June, Qtr3=Sept, Qtr4=Dec reference periods. NAICS-based series start 2004 Q1."
CMU1200000000000D,civilian,dc,cost_per_hour_usd,2024,1,1.02,"BLS ECEC, https://data.bls.gov/timeseries/CMU1200000000000D","Employer cost per hour worked / % of total compensation; Qtr1=March, Qtr2=June, Qtr3=Sept, Qtr4=Dec reference periods. NAICS-based series start 2004 Q1."
CMU1200000000000D,civilian,dc,cost_per_hour_usd,2024,2,1.02,"BLS ECEC, https://data.bls.gov/timeseries/CMU1200000000000D","Employer cost per hour worked / % of total compensation; Qtr1=March, Qtr2=June, Qtr3=Sept, Qtr4=Dec reference periods. NAICS-based series start 2004 Q1."
CMU1200000000000D,civilian,dc,cost_per_hour_usd,2024,3,1.04,"BLS ECEC, https://data.bls.gov/timeseries/CMU1200000000000D","Employer cost per hour worked / % of total compensation; Qtr1=March, Qtr2=June, Qtr3=Sept, Qtr4=Dec reference periods. NAICS-based series start 2004 Q1."
CMU1200000000000D,civilian,dc,cost_per_hour_usd,2024,4,1.04,"BLS ECEC, https://data.bls.gov/timeseries/CMU1200000000000D","Employer cost per hour worked / % of total compensation; Qtr1=March, Qtr2=June, Qtr3=Sept, Qtr4=Dec reference periods. NAICS-based series start 2004 Q1."
CMU1200000000000D,civilian,dc,cost_per_hour_usd,2025,1,1.05,"BLS ECEC, https://data.bls.gov/timeseries/CMU1200000000000D","Employer cost per hour worked / % of total compensation; Qtr1=March, Qtr2=June, Qtr3=Sept, Qtr4=Dec reference periods. NAICS-based series start 2004 Q1."
CMU1200000000000D,civilian,dc,cost_per_hour_usd,2025,2,1.06,"BLS ECEC, https://data.bls.gov/timeseries/CMU1200000000000D","Employer cost per hour worked / % of total compensation; Qtr1=March, Qtr2=June, Qtr3=Sept, Qtr4=Dec reference periods. NAICS-based series start 2004 Q1."
CMU1200000000000D,civilian,dc,cost_per_hour_usd,2025,3,1.07,"BLS ECEC, https://data.bls.gov/timeseries/CMU1200000000000D","Employer cost per hour worked / % of total compensation; Qtr1=March, Qtr2=June, Qtr3=Sept, Qtr4=Dec reference periods. NAICS-based series start 2004 Q1."
CMU1200000000000D,civilian,dc,cost_per_hour_usd,2025,4,1.09,"BLS ECEC, https://data.bls.gov/timeseries/CMU1200000000000D","Employer cost per hour worked / % of total compensation; Qtr1=March, Qtr2=June, Qtr3=Sept, Qtr4=Dec reference periods. NAICS-based series start 2004 Q1."
CMU1200000000000D,civilian,dc,cost_per_hour_usd,2026,1,1.09,"BLS ECEC, https://data.bls.gov/timeseries/CMU1200000000000D","Employer cost per hour worked / % of total compensation; Qtr1=March, Qtr2=June, Qtr3=Sept, Qtr4=Dec reference periods. NAICS-based series start 2004 Q1."
CMU1200000000000D,civilian,dc,cost_per_hour_usd,2026,2,1.09,"BLS ECEC, https://data.bls.gov/timeseries/CMU1200000000000D","Employer cost per hour worked / % of total compensation; Qtr1=March, Qtr2=June, Qtr3=Sept, Qtr4=Dec reference periods. NAICS-based series start 2004 Q1."
CMU1200000000000P,civilian,dc,pct_total_comp,2004,1,1.6,"BLS ECEC, https://data.bls.gov/timeseries/CMU1200000000000P","Employer cost per hour worked / % of total compensation; Qtr1=March, Qtr2=June, Qtr3=Sept, Qtr4=Dec reference periods. NAICS-based series start 2004 Q1."
CMU1200000000000P,civilian,dc,pct_total_comp,2004,2,1.6,"BLS ECEC, https://data.bls.gov/timeseries/CMU1200000000000P","Employer cost per hour worked / % of total compensation; Qtr1=March, Qtr2=June, Qtr3=Sept, Qtr4=Dec reference periods. NAICS-based series start 2004 Q1."
CMU1200000000000P,civilian,dc,pct_total_comp,2004,3,1.6,"BLS ECEC, https://data.bls.gov/timeseries/CMU1200000000000P","Employer cost per hour worked / % of total compensation; Qtr1=March, Qtr2=June, Qtr3=Sept, Qtr4=Dec reference periods. NAICS-based series start 2004 Q1."
CMU1200000000000P,civilian,dc,pct_total_comp,2004,4,1.6,"BLS ECEC, https://data.bls.gov/timeseries/CMU1200000000000P","Employer cost per hour worked / % of total compensation; Qtr1=March, Qtr2=June, Qtr3=Sept, Qtr4=Dec reference periods. NAICS-based series start 2004 Q1."
CMU1200000000000P,civilian,dc,pct_total_comp,2005,1,1.6,"BLS ECEC, https://data.bls.gov/timeseries/CMU1200000000000P","Employer cost per hour worked / % of total compensation; Qtr1=March, Qtr2=June, Qtr3=Sept, Qtr4=Dec reference periods. NAICS-based series start 2004 Q1."
CMU1200000000000P,civilian,dc,pct_total_comp,2005,2,1.6,"BLS ECEC, https://data.bls.gov/timeseries/CMU1200000000000P","Employer cost per hour worked / % of total compensation; Qtr1=March, Qtr2=June, Qtr3=Sept, Qtr4=Dec reference periods. NAICS-based series start 2004 Q1."
CMU1200000000000P,civilian,dc,pct_total_comp,2005,3,1.6,"BLS ECEC, https://data.bls.gov/timeseries/CMU1200000000000P","Employer cost per hour worked / % of total compensation; Qtr1=March, Qtr2=June, Qtr3=Sept, Qtr4=Dec reference periods. NAICS-based series start 2004 Q1."
CMU1200000000000P,civilian,dc,pct_total_comp,2005,4,1.6,"BLS ECEC, https://data.bls.gov/timeseries/CMU1200000000000P","Employer cost per hour worked / % of total compensation; Qtr1=March, Qtr2=June, Qtr3=Sept, Qtr4=Dec reference periods. NAICS-based series start 2004 Q1."
CMU1200000000000P,civilian,dc,pct_total_comp,2006,1,1.6,"BLS ECEC, https://data.bls.gov/timeseries/CMU1200000000000P","Employer cost per hour worked / % of total compensation; Qtr1=March, Qtr2=June, Qtr3=Sept, Qtr4=Dec reference periods. NAICS-based series start 2004 Q1."
CMU1200000000000P,civilian,dc,pct_total_comp,2006,2,1.6,"BLS ECEC, https://data.bls.gov/timeseries/CMU1200000000000P","Employer cost per hour worked / % of total compensation; Qtr1=March, Qtr2=June, Qtr3=Sept, Qtr4=Dec reference periods. NAICS-based series start 2004 Q1."
CMU1200000000000P,civilian,dc,pct_total_comp,2006,3,1.6,"BLS ECEC, https://data.bls.gov/timeseries/CMU1200000000000P","Employer cost per hour worked / % of total compensation; Qtr1=March, Qtr2=June, Qtr3=Sept, Qtr4=Dec reference periods. NAICS-based series start 2004 Q1."
CMU1200000000000P,civilian,dc,pct_total_comp,2006,4,1.6,"BLS ECEC, https://data.bls.gov/timeseries/CMU1200000000000P","Employer cost per hour worked / % of total compensation; Qtr1=March, Qtr2=June, Qtr3=Sept, Qtr4=Dec reference periods. NAICS-based series start 2004 Q1."
CMU1200000000000P,civilian,dc,pct_total_comp,2007,1,1.6,"BLS ECEC, https://data.bls.gov/timeseries/CMU1200000000000P","Employer cost per hour worked / % of total compensation; Qtr1=March, Qtr2=June, Qtr3=Sept, Qtr4=Dec reference periods. NAICS-based series start 2004 Q1."
CMU1200000000000P,civilian,dc,pct_total_comp,2007,2,1.6,"BLS ECEC, https://data.bls.gov/timeseries/CMU1200000000000P","Employer cost per hour worked / % of total compensation; Qtr1=March, Qtr2=June, Qtr3=Sept, Qtr4=Dec reference periods. NAICS-based series start 2004 Q1."
CMU1200000000000P,civilian,dc,pct_total_comp,2007,3,1.6,"BLS ECEC, https://data.bls.gov/timeseries/CMU1200000000000P","Employer cost per hour worked / % of total compensation; Qtr1=March, Qtr2=June, Qtr3=Sept, Qtr4=Dec reference periods. NAICS-based series start 2004 Q1."
CMU1200000000000P,civilian,dc,pct_total_comp,2007,4,1.7,"BLS ECEC, https://data.bls.gov/timeseries/CMU1200000000000P","Employer cost per hour worked / % of total compensation; Qtr1=March, Qtr2=June, Qtr3=Sept, Qtr4=Dec reference periods. NAICS-based series start 2004 Q1."
CMU1200000000000P,civilian,dc,pct_total_comp,2008,1,1.8,"BLS ECEC, https://data.bls.gov/timeseries/CMU1200000000000P","Employer cost per hour worked / % of total compensation; Qtr1=March, Qtr2=June, Qtr3=Sept, Qtr4=Dec reference periods. NAICS-based series start 2004 Q1."
CMU1200000000000P,civilian,dc,pct_total_comp,2008,2,1.8,"BLS ECEC, https://data.bls.gov/timeseries/CMU1200000000000P","Employer cost per hour worked / % of total compensation; Qtr1=March, Qtr2=June, Qtr3=Sept, Qtr4=Dec reference periods. NAICS-based series start 2004 Q1."
CMU1200000000000P,civilian,dc,pct_total_comp,2008,3,1.8,"BLS ECEC, https://data.bls.gov/timeseries/CMU1200000000000P","Employer cost per hour worked / % of total compensation; Qtr1=March, Qtr2=June, Qtr3=Sept, Qtr4=Dec reference periods. NAICS-based series start 2004 Q1."
CMU1200000000000P,civilian,dc,pct_total_comp,2008,4,1.8,"BLS ECEC, https://data.bls.gov/timeseries/CMU1200000000000P","Employer cost per hour worked / % of total compensation; Qtr1=March, Qtr2=June, Qtr3=Sept, Qtr4=Dec reference periods. NAICS-based series start 2004 Q1."
CMU1200000000000P,civilian,dc,pct_total_comp,2009,1,1.7,"BLS ECEC, https://data.bls.gov/timeseries/CMU1200000000000P","Employer cost per hour worked / % of total compensation; Qtr1=March, Qtr2=June, Qtr3=Sept, Qtr4=Dec reference periods. NAICS-based series start 2004 Q1."
CMU1200000000000P,civilian,dc,pct_total_comp,2009,2,1.7,"BLS ECEC, https://data.bls.gov/timeseries/CMU1200000000000P","Employer cost per hour worked / % of total compensation; Qtr1=March, Qtr2=June, Qtr3=Sept, Qtr4=Dec reference periods. NAICS-based series start 2004 Q1."
CMU1200000000000P,civilian,dc,pct_total_comp,2009,3,1.7,"BLS ECEC, https://data.bls.gov/timeseries/CMU1200000000000P","Employer cost per hour worked / % of total compensation; Qtr1=March, Qtr2=June, Qtr3=Sept, Qtr4=Dec reference periods. NAICS-based series start 2004 Q1."
CMU1200000000000P,civilian,dc,pct_total_comp,2009,4,1.7,"BLS ECEC, https://data.bls.gov/timeseries/CMU1200000000000P","Employer cost per hour worked / % of total compensation; Qtr1=March, Qtr2=June, Qtr3=Sept, Qtr4=Dec reference periods. NAICS-based series start 2004 Q1."
CMU1200000000000P,civilian,dc,pct_total_comp,2010,1,1.7,"BLS ECEC, https://data.bls.gov/timeseries/CMU1200000000000P","Employer cost per hour worked / % of total compensation; Qtr1=March, Qtr2=June, Qtr3=Sept, Qtr4=Dec reference periods. NAICS-based series start 2004 Q1."
CMU1200000000000P,civilian,dc,pct_total_comp,2010,2,1.7,"BLS ECEC, https://data.bls.gov/timeseries/CMU1200000000000P","Employer cost per hour worked / % of total compensation; Qtr1=March, Qtr2=June, Qtr3=Sept, Qtr4=Dec reference periods. NAICS-based series start 2004 Q1."
CMU1200000000000P,civilian,dc,pct_total_comp,2010,3,1.7,"BLS ECEC, https://data.bls.gov/timeseries/CMU1200000000000P","Employer cost per hour worked / % of total compensation; Qtr1=March, Qtr2=June, Qtr3=Sept, Qtr4=Dec reference periods. NAICS-based series start 2004 Q1."
CMU1200000000000P,civilian,dc,pct_total_comp,2010,4,1.8,"BLS ECEC, https://data.bls.gov/timeseries/CMU1200000000000P","Employer cost per hour worked / % of total compensation; Qtr1=March, Qtr2=June, Qtr3=Sept, Qtr4=Dec reference periods. NAICS-based series start 2004 Q1."
CMU1200000000000P,civilian,dc,pct_total_comp,2011,1,1.8,"BLS ECEC, https://data.bls.gov/timeseries/CMU1200000000000P","Employer cost per hour worked / % of total compensation; Qtr1=March, Qtr2=June, Qtr3=Sept, Qtr4=Dec reference periods. NAICS-based series start 2004 Q1."
CMU1200000000000P,civilian,dc,pct_total_comp,2011,2,1.8,"BLS ECEC, https://data.bls.gov/timeseries/CMU1200000000000P","Employer cost per hour worked / % of total compensation; Qtr1=March, Qtr2=June, Qtr3=Sept, Qtr4=Dec reference periods. NAICS-based series start 2004 Q1."
CMU1200000000000P,civilian,dc,pct_total_comp,2011,3,1.8,"BLS ECEC, https://data.bls.gov/timeseries/CMU1200000000000P","Employer cost per hour worked / % of total compensation; Qtr1=March, Qtr2=June, Qtr3=Sept, Qtr4=Dec reference periods. NAICS-based series start 2004 Q1."
CMU1200000000000P,civilian,dc,pct_total_comp,2011,4,1.8,"BLS ECEC, https://data.bls.gov/timeseries/CMU1200000000000P","Employer cost per hour worked / % of total compensation; Qtr1=March, Qtr2=June, Qtr3=Sept, Qtr4=Dec reference periods. NAICS-based series start 2004 Q1."
CMU1200000000000P,civilian,dc,pct_total_comp,2012,1,1.8,"BLS ECEC, https://data.bls.gov/timeseries/CMU1200000000000P","Employer cost per hour worked / % of total compensation; Qtr1=March, Qtr2=June, Qtr3=Sept, Qtr4=Dec reference periods. NAICS-based series start 2004 Q1."
CMU1200000000000P,civilian,dc,pct_total_comp,2012,2,1.8,"BLS ECEC, https://data.bls.gov/timeseries/CMU1200000000000P","Employer cost per hour worked / % of total compensation; Qtr1=March, Qtr2=June, Qtr3=Sept, Qtr4=Dec reference periods. NAICS-based series start 2004 Q1."
CMU1200000000000P,civilian,dc,pct_total_comp,2012,3,1.8,"BLS ECEC, https://data.bls.gov/timeseries/CMU1200000000000P","Employer cost per hour worked / % of total compensation; Qtr1=March, Qtr2=June, Qtr3=Sept, Qtr4=Dec reference periods. NAICS-based series start 2004 Q1."
CMU1200000000000P,civilian,dc,pct_total_comp,2012,4,1.8,"BLS ECEC, https://data.bls.gov/timeseries/CMU1200000000000P","Employer cost per hour worked / % of total compensation; Qtr1=March, Qtr2=June, Qtr3=Sept, Qtr4=Dec reference periods. NAICS-based series start 2004 Q1."
CMU1200000000000P,civilian,dc,pct_total_comp,2013,1,1.8,"BLS ECEC, https://data.bls.gov/timeseries/CMU1200000000000P","Employer cost per hour worked / % of total compensation; Qtr1=March, Qtr2=June, Qtr3=Sept, Qtr4=Dec reference periods. NAICS-based series start 2004 Q1."
CMU1200000000000P,civilian,dc,pct_total_comp,2013,2,1.8,"BLS ECEC, https://data.bls.gov/timeseries/CMU1200000000000P","Employer cost per hour worked / % of total compensation; Qtr1=March, Qtr2=June, Qtr3=Sept, Qtr4=Dec reference periods. NAICS-based series start 2004 Q1."
CMU1200000000000P,civilian,dc,pct_total_comp,2013,3,1.8,"BLS ECEC, https://data.bls.gov/timeseries/CMU1200000000000P","Employer cost per hour worked / % of total compensation; Qtr1=March, Qtr2=June, Qtr3=Sept, Qtr4=Dec reference periods. NAICS-based series start 2004 Q1."
CMU1200000000000P,civilian,dc,pct_total_comp,2013,4,1.9,"BLS ECEC, https://data.bls.gov/timeseries/CMU1200000000000P","Employer cost per hour worked / % of total compensation; Qtr1=March, Qtr2=June, Qtr3=Sept, Qtr4=Dec reference periods. NAICS-based series start 2004 Q1."
CMU1200000000000P,civilian,dc,pct_total_comp,2014,1,1.9,"BLS ECEC, https://data.bls.gov/timeseries/CMU1200000000000P","Employer cost per hour worked / % of total compensation; Qtr1=March, Qtr2=June, Qtr3=Sept, Qtr4=Dec reference periods. NAICS-based series start 2004 Q1."
CMU1200000000000P,civilian,dc,pct_total_comp,2014,2,1.9,"BLS ECEC, https://data.bls.gov/timeseries/CMU1200000000000P","Employer cost per hour worked / % of total compensation; Qtr1=March, Qtr2=June, Qtr3=Sept, Qtr4=Dec reference periods. NAICS-based series start 2004 Q1."
CMU1200000000000P,civilian,dc,pct_total_comp,2014,3,1.9,"BLS ECEC, https://data.bls.gov/timeseries/CMU1200000000000P","Employer cost per hour worked / % of total compensation; Qtr1=March, Qtr2=June, Qtr3=Sept, Qtr4=Dec reference periods. NAICS-based series start 2004 Q1."
CMU1200000000000P,civilian,dc,pct_total_comp,2014,4,1.9,"BLS ECEC, https://data.bls.gov/timeseries/CMU1200000000000P","Employer cost per hour worked / % of total compensation; Qtr1=March, Qtr2=June, Qtr3=Sept, Qtr4=Dec reference periods. NAICS-based series start 2004 Q1."
CMU1200000000000P,civilian,dc,pct_total_comp,2015,1,1.9,"BLS ECEC, https://data.bls.gov/timeseries/CMU1200000000000P","Employer cost per hour worked / % of total compensation; Qtr1=March, Qtr2=June, Qtr3=Sept, Qtr4=Dec reference periods. NAICS-based series start 2004 Q1."
CMU1200000000000P,civilian,dc,pct_total_comp,2015,2,1.9,"BLS ECEC, https://data.bls.gov/timeseries/CMU1200000000000P","Employer cost per hour worked / % of total compensation; Qtr1=March, Qtr2=June, Qtr3=Sept, Qtr4=Dec reference periods. NAICS-based series start 2004 Q1."
CMU1200000000000P,civilian,dc,pct_total_comp,2015,3,2.0,"BLS ECEC, https://data.bls.gov/timeseries/CMU1200000000000P","Employer cost per hour worked / % of total compensation; Qtr1=March, Qtr2=June, Qtr3=Sept, Qtr4=Dec reference periods. NAICS-based series start 2004 Q1."
CMU1200000000000P,civilian,dc,pct_total_comp,2015,4,2.0,"BLS ECEC, https://data.bls.gov/timeseries/CMU1200000000000P","Employer cost per hour worked / % of total compensation; Qtr1=March, Qtr2=June, Qtr3=Sept, Qtr4=Dec reference periods. NAICS-based series start 2004 Q1."
CMU1200000000000P,civilian,dc,pct_total_comp,2016,1,1.9,"BLS ECEC, https://data.bls.gov/timeseries/CMU1200000000000P","Employer cost per hour worked / % of total compensation; Qtr1=March, Qtr2=June, Qtr3=Sept, Qtr4=Dec reference periods. NAICS-based series start 2004 Q1."
CMU1200000000000P,civilian,dc,pct_total_comp,2016,2,2.0,"BLS ECEC, https://data.bls.gov/timeseries/CMU1200000000000P","Employer cost per hour worked / % of total compensation; Qtr1=March, Qtr2=June, Qtr3=Sept, Qtr4=Dec reference periods. NAICS-based series start 2004 Q1."
CMU1200000000000P,civilian,dc,pct_total_comp,2016,3,1.9,"BLS ECEC, https://data.bls.gov/timeseries/CMU1200000000000P","Employer cost per hour worked / % of total compensation; Qtr1=March, Qtr2=June, Qtr3=Sept, Qtr4=Dec reference periods. NAICS-based series start 2004 Q1."
CMU1200000000000P,civilian,dc,pct_total_comp,2016,4,2.0,"BLS ECEC, https://data.bls.gov/timeseries/CMU1200000000000P","Employer cost per hour worked / % of total compensation; Qtr1=March, Qtr2=June, Qtr3=Sept, Qtr4=Dec reference periods. NAICS-based series start 2004 Q1."
CMU1200000000000P,civilian,dc,pct_total_comp,2017,1,2.0,"BLS ECEC, https://data.bls.gov/timeseries/CMU1200000000000P","Employer cost per hour worked / % of total compensation; Qtr1=March, Qtr2=June, Qtr3=Sept, Qtr4=Dec reference periods. NAICS-based series start 2004 Q1."
CMU1200000000000P,civilian,dc,pct_total_comp,2017,2,2.0,"BLS ECEC, https://data.bls.gov/timeseries/CMU1200000000000P","Employer cost per hour worked / % of total compensation; Qtr1=March, Qtr2=June, Qtr3=Sept, Qtr4=Dec reference periods. NAICS-based series start 2004 Q1."
CMU1200000000000P,civilian,dc,pct_total_comp,2017,3,2.0,"BLS ECEC, https://data.bls.gov/timeseries/CMU1200000000000P","Employer cost per hour worked / % of total compensation; Qtr1=March, Qtr2=June, Qtr3=Sept, Qtr4=Dec reference periods. NAICS-based series start 2004 Q1."
CMU1200000000000P,civilian,dc,pct_total_comp,2017,4,2.0,"BLS ECEC, https://data.bls.gov/timeseries/CMU1200000000000P","Employer cost per hour worked / % of total compensation; Qtr1=March, Qtr2=June, Qtr3=Sept, Qtr4=Dec reference periods. NAICS-based series start 2004 Q1."
CMU1200000000000P,civilian,dc,pct_total_comp,2018,1,2.0,"BLS ECEC, https://data.bls.gov/timeseries/CMU1200000000000P","Employer cost per hour worked / % of total compensation; Qtr1=March, Qtr2=June, Qtr3=Sept, Qtr4=Dec reference periods. NAICS-based series start 2004 Q1."
CMU1200000000000P,civilian,dc,pct_total_comp,2018,2,2.0,"BLS ECEC, https://data.bls.gov/timeseries/CMU1200000000000P","Employer cost per hour worked / % of total compensation; Qtr1=March, Qtr2=June, Qtr3=Sept, Qtr4=Dec reference periods. NAICS-based series start 2004 Q1."
CMU1200000000000P,civilian,dc,pct_total_comp,2018,3,2.0,"BLS ECEC, https://data.bls.gov/timeseries/CMU1200000000000P","Employer cost per hour worked / % of total compensation; Qtr1=March, Qtr2=June, Qtr3=Sept, Qtr4=Dec reference periods. NAICS-based series start 2004 Q1."
CMU1200000000000P,civilian,dc,pct_total_comp,2018,4,2.0,"BLS ECEC, https://data.bls.gov/timeseries/CMU1200000000000P","Employer cost per hour worked / % of total compensation; Qtr1=March, Qtr2=June, Qtr3=Sept, Qtr4=Dec reference periods. NAICS-based series start 2004 Q1."
CMU1200000000000P,civilian,dc,pct_total_comp,2019,1,2.0,"BLS ECEC, https://data.bls.gov/timeseries/CMU1200000000000P","Employer cost per hour worked / % of total compensation; Qtr1=March, Qtr2=June, Qtr3=Sept, Qtr4=Dec reference periods. NAICS-based series start 2004 Q1."
CMU1200000000000P,civilian,dc,pct_total_comp,2019,2,2.0,"BLS ECEC, https://data.bls.gov/timeseries/CMU1200000000000P","Employer cost per hour worked / % of total compensation; Qtr1=March, Qtr2=June, Qtr3=Sept, Qtr4=Dec reference periods. NAICS-based series start 2004 Q1."
CMU1200000000000P,civilian,dc,pct_total_comp,2019,3,2.0,"BLS ECEC, https://data.bls.gov/timeseries/CMU1200000000000P","Employer cost per hour worked / % of total compensation; Qtr1=March, Qtr2=June, Qtr3=Sept, Qtr4=Dec reference periods. NAICS-based series start 2004 Q1."
CMU1200000000000P,civilian,dc,pct_total_comp,2019,4,2.0,"BLS ECEC, https://data.bls.gov/timeseries/CMU1200000000000P","Employer cost per hour worked / % of total compensation; Qtr1=March, Qtr2=June, Qtr3=Sept, Qtr4=Dec reference periods. NAICS-based series start 2004 Q1."
CMU1200000000000P,civilian,dc,pct_total_comp,2020,1,2.0,"BLS ECEC, https://data.bls.gov/timeseries/CMU1200000000000P","Employer cost per hour worked / % of total compensation; Qtr1=March, Qtr2=June, Qtr3=Sept, Qtr4=Dec reference periods. NAICS-based series start 2004 Q1."
CMU1200000000000P,civilian,dc,pct_total_comp,2020,2,2.0,"BLS ECEC, https://data.bls.gov/timeseries/CMU1200000000000P","Employer cost per hour worked / % of total compensation; Qtr1=March, Qtr2=June, Qtr3=Sept, Qtr4=Dec reference periods. NAICS-based series start 2004 Q1."
CMU1200000000000P,civilian,dc,pct_total_comp,2020,3,2.0,"BLS ECEC, https://data.bls.gov/timeseries/CMU1200000000000P","Employer cost per hour worked / % of total compensation; Qtr1=March, Qtr2=June, Qtr3=Sept, Qtr4=Dec reference periods. NAICS-based series start 2004 Q1."
CMU1200000000000P,civilian,dc,pct_total_comp,2020,4,2.0,"BLS ECEC, https://data.bls.gov/timeseries/CMU1200000000000P","Employer cost per hour worked / % of total compensation; Qtr1=March, Qtr2=June, Qtr3=Sept, Qtr4=Dec reference periods. NAICS-based series start 2004 Q1."
CMU1200000000000P,civilian,dc,pct_total_comp,2021,1,2.0,"BLS ECEC, https://data.bls.gov/timeseries/CMU1200000000000P","Employer cost per hour worked / % of total compensation; Qtr1=March, Qtr2=June, Qtr3=Sept, Qtr4=Dec reference periods. NAICS-based series start 2004 Q1."
CMU1200000000000P,civilian,dc,pct_total_comp,2021,2,2.0,"BLS ECEC, https://data.bls.gov/timeseries/CMU1200000000000P","Employer cost per hour worked / % of total compensation; Qtr1=March, Qtr2=June, Qtr3=Sept, Qtr4=Dec reference periods. NAICS-based series start 2004 Q1."
CMU1200000000000P,civilian,dc,pct_total_comp,2021,3,2.0,"BLS ECEC, https://data.bls.gov/timeseries/CMU1200000000000P","Employer cost per hour worked / % of total compensation; Qtr1=March, Qtr2=June, Qtr3=Sept, Qtr4=Dec reference periods. NAICS-based series start 2004 Q1."
CMU1200000000000P,civilian,dc,pct_total_comp,2021,4,2.0,"BLS ECEC, https://data.bls.gov/timeseries/CMU1200000000000P","Employer cost per hour worked / % of total compensation; Qtr1=March, Qtr2=June, Qtr3=Sept, Qtr4=Dec reference periods. NAICS-based series start 2004 Q1."
CMU1200000000000P,civilian,dc,pct_total_comp,2022,1,2.0,"BLS ECEC, https://data.bls.gov/timeseries/CMU1200000000000P","Employer cost per hour worked / % of total compensation; Qtr1=March, Qtr2=June, Qtr3=Sept, Qtr4=Dec reference periods. NAICS-based series start 2004 Q1."
CMU1200000000000P,civilian,dc,pct_total_comp,2022,2,2.0,"BLS ECEC, https://data.bls.gov/timeseries/CMU1200000000000P","Employer cost per hour worked / % of total compensation; Qtr1=March, Qtr2=June, Qtr3=Sept, Qtr4=Dec reference periods. NAICS-based series start 2004 Q1."
CMU1200000000000P,civilian,dc,pct_total_comp,2022,3,2.0,"BLS ECEC, https://data.bls.gov/timeseries/CMU1200000000000P","Employer cost per hour worked / % of total compensation; Qtr1=March, Qtr2=June, Qtr3=Sept, Qtr4=Dec reference periods. NAICS-based series start 2004 Q1."
CMU1200000000000P,civilian,dc,pct_total_comp,2022,4,2.1,"BLS ECEC, https://data.bls.gov/timeseries/CMU1200000000000P","Employer cost per hour worked / % of total compensation; Qtr1=March, Qtr2=June, Qtr3=Sept, Qtr4=Dec reference periods. NAICS-based series start 2004 Q1."
CMU1200000000000P,civilian,dc,pct_total_comp,2023,1,2.1,"BLS ECEC, https://data.bls.gov/timeseries/CMU1200000000000P","Employer cost per hour worked / % of total compensation; Qtr1=March, Qtr2=June, Qtr3=Sept, Qtr4=Dec reference periods. NAICS-based series start 2004 Q1."
CMU1200000000000P,civilian,dc,pct_total_comp,2023,2,2.1,"BLS ECEC, https://data.bls.gov/timeseries/CMU1200000000000P","Employer cost per hour worked / % of total compensation; Qtr1=March, Qtr2=June, Qtr3=Sept, Qtr4=Dec reference periods. NAICS-based series start 2004 Q1."
CMU1200000000000P,civilian,dc,pct_total_comp,2023,3,2.1,"BLS ECEC, https://data.bls.gov/timeseries/CMU1200000000000P","Employer cost per hour worked / % of total compensation; Qtr1=March, Qtr2=June, Qtr3=Sept, Qtr4=Dec reference periods. NAICS-based series start 2004 Q1."
CMU1200000000000P,civilian,dc,pct_total_comp,2023,4,2.2,"BLS ECEC, https://data.bls.gov/timeseries/CMU1200000000000P","Employer cost per hour worked / % of total compensation; Qtr1=March, Qtr2=June, Qtr3=Sept, Qtr4=Dec reference periods. NAICS-based series start 2004 Q1."
CMU1200000000000P,civilian,dc,pct_total_comp,2024,1,2.2,"BLS ECEC, https://data.bls.gov/timeseries/CMU1200000000000P","Employer cost per hour worked / % of total compensation; Qtr1=March, Qtr2=June, Qtr3=Sept, Qtr4=Dec reference periods. NAICS-based series start 2004 Q1."
CMU1200000000000P,civilian,dc,pct_total_comp,2024,2,2.2,"BLS ECEC, https://data.bls.gov/timeseries/CMU1200000000000P","Employer cost per hour worked / % of total compensation; Qtr1=March, Qtr2=June, Qtr3=Sept, Qtr4=Dec reference periods. NAICS-based series start 2004 Q1."
CMU1200000000000P,civilian,dc,pct_total_comp,2024,3,2.2,"BLS ECEC, https://data.bls.gov/timeseries/CMU1200000000000P","Employer cost per hour worked / % of total compensation; Qtr1=March, Qtr2=June, Qtr3=Sept, Qtr4=Dec reference periods. NAICS-based series start 2004 Q1."
CMU1200000000000P,civilian,dc,pct_total_comp,2024,4,2.2,"BLS ECEC, https://data.bls.gov/timeseries/CMU1200000000000P","Employer cost per hour worked / % of total compensation; Qtr1=March, Qtr2=June, Qtr3=Sept, Qtr4=Dec reference periods. NAICS-based series start 2004 Q1."
CMU1200000000000P,civilian,dc,pct_total_comp,2025,1,2.2,"BLS ECEC, https://data.bls.gov/timeseries/CMU1200000000000P","Employer cost per hour worked / % of total compensation; Qtr1=March, Qtr2=June, Qtr3=Sept, Qtr4=Dec reference periods. NAICS-based series start 2004 Q1."
CMU1200000000000P,civilian,dc,pct_total_comp,2025,2,2.2,"BLS ECEC, https://data.bls.gov/timeseries/CMU1200000000000P","Employer cost per hour worked / % of total compensation; Qtr1=March, Qtr2=June, Qtr3=Sept, Qtr4=Dec reference periods. NAICS-based series start 2004 Q1."
CMU1200000000000P,civilian,dc,pct_total_comp,2025,3,2.2,"BLS ECEC, https://data.bls.gov/timeseries/CMU1200000000000P","Employer cost per hour worked / % of total compensation; Qtr1=March, Qtr2=June, Qtr3=Sept, Qtr4=Dec reference periods. NAICS-based series start 2004 Q1."
CMU1200000000000P,civilian,dc,pct_total_comp,2025,4,2.2,"BLS ECEC, https://data.bls.gov/timeseries/CMU1200000000000P","Employer cost per hour worked / % of total compensation; Qtr1=March, Qtr2=June, Qtr3=Sept, Qtr4=Dec reference periods. NAICS-based series start 2004 Q1."
CMU1200000000000P,civilian,dc,pct_total_comp,2026,1,2.2,"BLS ECEC, https://data.bls.gov/timeseries/CMU1200000000000P","Employer cost per hour worked / % of total compensation; Qtr1=March, Qtr2=June, Qtr3=Sept, Qtr4=Dec reference periods. NAICS-based series start 2004 Q1."
CMU1200000000000P,civilian,dc,pct_total_comp,2026,2,2.2,"BLS ECEC, https://data.bls.gov/timeseries/CMU1200000000000P","Employer cost per hour worked / % of total compensation; Qtr1=March, Qtr2=June, Qtr3=Sept, Qtr4=Dec reference periods. NAICS-based series start 2004 Q1."
CMU2010000000000D,private industry,total_comp,cost_per_hour_usd,2004,1,23.29,"BLS ECEC, https://data.bls.gov/timeseries/CMU2010000000000D","Employer cost per hour worked / % of total compensation; Qtr1=March, Qtr2=June, Qtr3=Sept, Qtr4=Dec reference periods. NAICS-based series start 2004 Q1."
CMU2010000000000D,private industry,total_comp,cost_per_hour_usd,2004,2,23.41,"BLS ECEC, https://data.bls.gov/timeseries/CMU2010000000000D","Employer cost per hour worked / % of total compensation; Qtr1=March, Qtr2=June, Qtr3=Sept, Qtr4=Dec reference periods. NAICS-based series start 2004 Q1."
CMU2010000000000D,private industry,total_comp,cost_per_hour_usd,2004,3,23.76,"BLS ECEC, https://data.bls.gov/timeseries/CMU2010000000000D","Employer cost per hour worked / % of total compensation; Qtr1=March, Qtr2=June, Qtr3=Sept, Qtr4=Dec reference periods. NAICS-based series start 2004 Q1."
CMU2010000000000D,private industry,total_comp,cost_per_hour_usd,2004,4,23.9,"BLS ECEC, https://data.bls.gov/timeseries/CMU2010000000000D","Employer cost per hour worked / % of total compensation; Qtr1=March, Qtr2=June, Qtr3=Sept, Qtr4=Dec reference periods. NAICS-based series start 2004 Q1."
CMU2010000000000D,private industry,total_comp,cost_per_hour_usd,2005,1,24.17,"BLS ECEC, https://data.bls.gov/timeseries/CMU2010000000000D","Employer cost per hour worked / % of total compensation; Qtr1=March, Qtr2=June, Qtr3=Sept, Qtr4=Dec reference periods. NAICS-based series start 2004 Q1."
CMU2010000000000D,private industry,total_comp,cost_per_hour_usd,2005,2,24.24,"BLS ECEC, https://data.bls.gov/timeseries/CMU2010000000000D","Employer cost per hour worked / % of total compensation; Qtr1=March, Qtr2=June, Qtr3=Sept, Qtr4=Dec reference periods. NAICS-based series start 2004 Q1."
CMU2010000000000D,private industry,total_comp,cost_per_hour_usd,2005,3,24.34,"BLS ECEC, https://data.bls.gov/timeseries/CMU2010000000000D","Employer cost per hour worked / % of total compensation; Qtr1=March, Qtr2=June, Qtr3=Sept, Qtr4=Dec reference periods. NAICS-based series start 2004 Q1."
CMU2010000000000D,private industry,total_comp,cost_per_hour_usd,2005,4,24.71,"BLS ECEC, https://data.bls.gov/timeseries/CMU2010000000000D","Employer cost per hour worked / % of total compensation; Qtr1=March, Qtr2=June, Qtr3=Sept, Qtr4=Dec reference periods. NAICS-based series start 2004 Q1."
CMU2010000000000D,private industry,total_comp,cost_per_hour_usd,2006,1,25.09,"BLS ECEC, https://data.bls.gov/timeseries/CMU2010000000000D","Employer cost per hour worked / % of total compensation; Qtr1=March, Qtr2=June, Qtr3=Sept, Qtr4=Dec reference periods. NAICS-based series start 2004 Q1."
CMU2010000000000D,private industry,total_comp,cost_per_hour_usd,2006,2,25.16,"BLS ECEC, https://data.bls.gov/timeseries/CMU2010000000000D","Employer cost per hour worked / % of total compensation; Qtr1=March, Qtr2=June, Qtr3=Sept, Qtr4=Dec reference periods. NAICS-based series start 2004 Q1."
CMU2010000000000D,private industry,total_comp,cost_per_hour_usd,2006,3,25.52,"BLS ECEC, https://data.bls.gov/timeseries/CMU2010000000000D","Employer cost per hour worked / % of total compensation; Qtr1=March, Qtr2=June, Qtr3=Sept, Qtr4=Dec reference periods. NAICS-based series start 2004 Q1."
CMU2010000000000D,private industry,total_comp,cost_per_hour_usd,2006,4,25.67,"BLS ECEC, https://data.bls.gov/timeseries/CMU2010000000000D","Employer cost per hour worked / % of total compensation; Qtr1=March, Qtr2=June, Qtr3=Sept, Qtr4=Dec reference periods. NAICS-based series start 2004 Q1."
CMU2010000000000D,private industry,total_comp,cost_per_hour_usd,2007,1,25.91,"BLS ECEC, https://data.bls.gov/timeseries/CMU2010000000000D","Employer cost per hour worked / % of total compensation; Qtr1=March, Qtr2=June, Qtr3=Sept, Qtr4=Dec reference periods. NAICS-based series start 2004 Q1."
CMU2010000000000D,private industry,total_comp,cost_per_hour_usd,2007,2,25.93,"BLS ECEC, https://data.bls.gov/timeseries/CMU2010000000000D","Employer cost per hour worked / % of total compensation; Qtr1=March, Qtr2=June, Qtr3=Sept, Qtr4=Dec reference periods. NAICS-based series start 2004 Q1."
CMU2010000000000D,private industry,total_comp,cost_per_hour_usd,2007,3,26.09,"BLS ECEC, https://data.bls.gov/timeseries/CMU2010000000000D","Employer cost per hour worked / % of total compensation; Qtr1=March, Qtr2=June, Qtr3=Sept, Qtr4=Dec reference periods. NAICS-based series start 2004 Q1."
CMU2010000000000D,private industry,total_comp,cost_per_hour_usd,2007,4,26.42,"BLS ECEC, https://data.bls.gov/timeseries/CMU2010000000000D","Employer cost per hour worked / % of total compensation; Qtr1=March, Qtr2=June, Qtr3=Sept, Qtr4=Dec reference periods. NAICS-based series start 2004 Q1."
CMU2010000000000D,private industry,total_comp,cost_per_hour_usd,2008,1,26.76,"BLS ECEC, https://data.bls.gov/timeseries/CMU2010000000000D","Employer cost per hour worked / % of total compensation; Qtr1=March, Qtr2=June, Qtr3=Sept, Qtr4=Dec reference periods. NAICS-based series start 2004 Q1."
CMU2010000000000D,private industry,total_comp,cost_per_hour_usd,2008,2,26.78,"BLS ECEC, https://data.bls.gov/timeseries/CMU2010000000000D","Employer cost per hour worked / % of total compensation; Qtr1=March, Qtr2=June, Qtr3=Sept, Qtr4=Dec reference periods. NAICS-based series start 2004 Q1."
CMU2010000000000D,private industry,total_comp,cost_per_hour_usd,2008,3,27.07,"BLS ECEC, https://data.bls.gov/timeseries/CMU2010000000000D","Employer cost per hour worked / % of total compensation; Qtr1=March, Qtr2=June, Qtr3=Sept, Qtr4=Dec reference periods. NAICS-based series start 2004 Q1."
CMU2010000000000D,private industry,total_comp,cost_per_hour_usd,2008,4,27.35,"BLS ECEC, https://data.bls.gov/timeseries/CMU2010000000000D","Employer cost per hour worked / % of total compensation; Qtr1=March, Qtr2=June, Qtr3=Sept, Qtr4=Dec reference periods. NAICS-based series start 2004 Q1."
CMU2010000000000D,private industry,total_comp,cost_per_hour_usd,2009,1,27.46,"BLS ECEC, https://data.bls.gov/timeseries/CMU2010000000000D","Employer cost per hour worked / % of total compensation; Qtr1=March, Qtr2=June, Qtr3=Sept, Qtr4=Dec reference periods. NAICS-based series start 2004 Q1."
CMU2010000000000D,private industry,total_comp,cost_per_hour_usd,2009,2,27.42,"BLS ECEC, https://data.bls.gov/timeseries/CMU2010000000000D","Employer cost per hour worked / % of total compensation; Qtr1=March, Qtr2=June, Qtr3=Sept, Qtr4=Dec reference periods. NAICS-based series start 2004 Q1."
CMU2010000000000D,private industry,total_comp,cost_per_hour_usd,2009,3,27.49,"BLS ECEC, https://data.bls.gov/timeseries/CMU2010000000000D","Employer cost per hour worked / % of total compensation; Qtr1=March, Qtr2=June, Qtr3=Sept, Qtr4=Dec reference periods. NAICS-based series start 2004 Q1."
CMU2010000000000D,private industry,total_comp,cost_per_hour_usd,2009,4,27.42,"BLS ECEC, https://data.bls.gov/timeseries/CMU2010000000000D","Employer cost per hour worked / % of total compensation; Qtr1=March, Qtr2=June, Qtr3=Sept, Qtr4=Dec reference periods. NAICS-based series start 2004 Q1."
CMU2010000000000D,private industry,total_comp,cost_per_hour_usd,2010,1,27.73,"BLS ECEC, https://data.bls.gov/timeseries/CMU2010000000000D","Employer cost per hour worked / % of total compensation; Qtr1=March, Qtr2=June, Qtr3=Sept, Qtr4=Dec reference periods. NAICS-based series start 2004 Q1."
CMU2010000000000D,private industry,total_comp,cost_per_hour_usd,2010,2,27.64,"BLS ECEC, https://data.bls.gov/timeseries/CMU2010000000000D","Employer cost per hour worked / % of total compensation; Qtr1=March, Qtr2=June, Qtr3=Sept, Qtr4=Dec reference periods. NAICS-based series start 2004 Q1."
CMU2010000000000D,private industry,total_comp,cost_per_hour_usd,2010,3,27.88,"BLS ECEC, https://data.bls.gov/timeseries/CMU2010000000000D","Employer cost per hour worked / % of total compensation; Qtr1=March, Qtr2=June, Qtr3=Sept, Qtr4=Dec reference periods. NAICS-based series start 2004 Q1."
CMU2010000000000D,private industry,total_comp,cost_per_hour_usd,2010,4,27.75,"BLS ECEC, https://data.bls.gov/timeseries/CMU2010000000000D","Employer cost per hour worked / % of total compensation; Qtr1=March, Qtr2=June, Qtr3=Sept, Qtr4=Dec reference periods. NAICS-based series start 2004 Q1."
CMU2010000000000D,private industry,total_comp,cost_per_hour_usd,2011,1,28.1,"BLS ECEC, https://data.bls.gov/timeseries/CMU2010000000000D","Employer cost per hour worked / % of total compensation; Qtr1=March, Qtr2=June, Qtr3=Sept, Qtr4=Dec reference periods. NAICS-based series start 2004 Q1."
CMU2010000000000D,private industry,total_comp,cost_per_hour_usd,2011,2,28.13,"BLS ECEC, https://data.bls.gov/timeseries/CMU2010000000000D","Employer cost per hour worked / % of total compensation; Qtr1=March, Qtr2=June, Qtr3=Sept, Qtr4=Dec reference periods. NAICS-based series start 2004 Q1."
CMU2010000000000D,private industry,total_comp,cost_per_hour_usd,2011,3,28.24,"BLS ECEC, https://data.bls.gov/timeseries/CMU2010000000000D","Employer cost per hour worked / % of total compensation; Qtr1=March, Qtr2=June, Qtr3=Sept, Qtr4=Dec reference periods. NAICS-based series start 2004 Q1."
CMU2010000000000D,private industry,total_comp,cost_per_hour_usd,2011,4,28.57,"BLS ECEC, https://data.bls.gov/timeseries/CMU2010000000000D","Employer cost per hour worked / % of total compensation; Qtr1=March, Qtr2=June, Qtr3=Sept, Qtr4=Dec reference periods. NAICS-based series start 2004 Q1."
CMU2010000000000D,private industry,total_comp,cost_per_hour_usd,2012,1,28.78,"BLS ECEC, https://data.bls.gov/timeseries/CMU2010000000000D","Employer cost per hour worked / % of total compensation; Qtr1=March, Qtr2=June, Qtr3=Sept, Qtr4=Dec reference periods. NAICS-based series start 2004 Q1."
CMU2010000000000D,private industry,total_comp,cost_per_hour_usd,2012,2,28.8,"BLS ECEC, https://data.bls.gov/timeseries/CMU2010000000000D","Employer cost per hour worked / % of total compensation; Qtr1=March, Qtr2=June, Qtr3=Sept, Qtr4=Dec reference periods. NAICS-based series start 2004 Q1."
CMU2010000000000D,private industry,total_comp,cost_per_hour_usd,2012,3,28.93,"BLS ECEC, https://data.bls.gov/timeseries/CMU2010000000000D","Employer cost per hour worked / % of total compensation; Qtr1=March, Qtr2=June, Qtr3=Sept, Qtr4=Dec reference periods. NAICS-based series start 2004 Q1."
CMU2010000000000D,private industry,total_comp,cost_per_hour_usd,2012,4,28.87,"BLS ECEC, https://data.bls.gov/timeseries/CMU2010000000000D","Employer cost per hour worked / % of total compensation; Qtr1=March, Qtr2=June, Qtr3=Sept, Qtr4=Dec reference periods. NAICS-based series start 2004 Q1."
CMU2010000000000D,private industry,total_comp,cost_per_hour_usd,2013,1,29.13,"BLS ECEC, https://data.bls.gov/timeseries/CMU2010000000000D","Employer cost per hour worked / % of total compensation; Qtr1=March, Qtr2=June, Qtr3=Sept, Qtr4=Dec reference periods. NAICS-based series start 2004 Q1."
CMU2010000000000D,private industry,total_comp,cost_per_hour_usd,2013,2,29.11,"BLS ECEC, https://data.bls.gov/timeseries/CMU2010000000000D","Employer cost per hour worked / % of total compensation; Qtr1=March, Qtr2=June, Qtr3=Sept, Qtr4=Dec reference periods. NAICS-based series start 2004 Q1."
CMU2010000000000D,private industry,total_comp,cost_per_hour_usd,2013,3,29.23,"BLS ECEC, https://data.bls.gov/timeseries/CMU2010000000000D","Employer cost per hour worked / % of total compensation; Qtr1=March, Qtr2=June, Qtr3=Sept, Qtr4=Dec reference periods. NAICS-based series start 2004 Q1."
CMU2010000000000D,private industry,total_comp,cost_per_hour_usd,2013,4,29.63,"BLS ECEC, https://data.bls.gov/timeseries/CMU2010000000000D","Employer cost per hour worked / % of total compensation; Qtr1=March, Qtr2=June, Qtr3=Sept, Qtr4=Dec reference periods. NAICS-based series start 2004 Q1."
CMU2010000000000D,private industry,total_comp,cost_per_hour_usd,2014,1,29.99,"BLS ECEC, https://data.bls.gov/timeseries/CMU2010000000000D","Employer cost per hour worked / % of total compensation; Qtr1=March, Qtr2=June, Qtr3=Sept, Qtr4=Dec reference periods. NAICS-based series start 2004 Q1."
CMU2010000000000D,private industry,total_comp,cost_per_hour_usd,2014,2,30.11,"BLS ECEC, https://data.bls.gov/timeseries/CMU2010000000000D","Employer cost per hour worked / % of total compensation; Qtr1=March, Qtr2=June, Qtr3=Sept, Qtr4=Dec reference periods. NAICS-based series start 2004 Q1."
CMU2010000000000D,private industry,total_comp,cost_per_hour_usd,2014,3,30.32,"BLS ECEC, https://data.bls.gov/timeseries/CMU2010000000000D","Employer cost per hour worked / % of total compensation; Qtr1=March, Qtr2=June, Qtr3=Sept, Qtr4=Dec reference periods. NAICS-based series start 2004 Q1."
CMU2010000000000D,private industry,total_comp,cost_per_hour_usd,2014,4,31.32,"BLS ECEC, https://data.bls.gov/timeseries/CMU2010000000000D","Employer cost per hour worked / % of total compensation; Qtr1=March, Qtr2=June, Qtr3=Sept, Qtr4=Dec reference periods. NAICS-based series start 2004 Q1."
CMU2010000000000D,private industry,total_comp,cost_per_hour_usd,2015,1,31.65,"BLS ECEC, https://data.bls.gov/timeseries/CMU2010000000000D","Employer cost per hour worked / % of total compensation; Qtr1=March, Qtr2=June, Qtr3=Sept, Qtr4=Dec reference periods. NAICS-based series start 2004 Q1."
CMU2010000000000D,private industry,total_comp,cost_per_hour_usd,2015,2,31.39,"BLS ECEC, https://data.bls.gov/timeseries/CMU2010000000000D","Employer cost per hour worked / % of total compensation; Qtr1=March, Qtr2=June, Qtr3=Sept, Qtr4=Dec reference periods. NAICS-based series start 2004 Q1."
CMU2010000000000D,private industry,total_comp,cost_per_hour_usd,2015,3,31.53,"BLS ECEC, https://data.bls.gov/timeseries/CMU2010000000000D","Employer cost per hour worked / % of total compensation; Qtr1=March, Qtr2=June, Qtr3=Sept, Qtr4=Dec reference periods. NAICS-based series start 2004 Q1."
CMU2010000000000D,private industry,total_comp,cost_per_hour_usd,2015,4,31.7,"BLS ECEC, https://data.bls.gov/timeseries/CMU2010000000000D","Employer cost per hour worked / % of total compensation; Qtr1=March, Qtr2=June, Qtr3=Sept, Qtr4=Dec reference periods. NAICS-based series start 2004 Q1."
CMU2010000000000D,private industry,total_comp,cost_per_hour_usd,2016,1,32.06,"BLS ECEC, https://data.bls.gov/timeseries/CMU2010000000000D","Employer cost per hour worked / % of total compensation; Qtr1=March, Qtr2=June, Qtr3=Sept, Qtr4=Dec reference periods. NAICS-based series start 2004 Q1."
CMU2010000000000D,private industry,total_comp,cost_per_hour_usd,2016,2,32.29,"BLS ECEC, https://data.bls.gov/timeseries/CMU2010000000000D","Employer cost per hour worked / % of total compensation; Qtr1=March, Qtr2=June, Qtr3=Sept, Qtr4=Dec reference periods. NAICS-based series start 2004 Q1."
CMU2010000000000D,private industry,total_comp,cost_per_hour_usd,2016,3,32.27,"BLS ECEC, https://data.bls.gov/timeseries/CMU2010000000000D","Employer cost per hour worked / % of total compensation; Qtr1=March, Qtr2=June, Qtr3=Sept, Qtr4=Dec reference periods. NAICS-based series start 2004 Q1."
CMU2010000000000D,private industry,total_comp,cost_per_hour_usd,2016,4,32.76,"BLS ECEC, https://data.bls.gov/timeseries/CMU2010000000000D","Employer cost per hour worked / % of total compensation; Qtr1=March, Qtr2=June, Qtr3=Sept, Qtr4=Dec reference periods. NAICS-based series start 2004 Q1."
CMU2010000000000D,private industry,total_comp,cost_per_hour_usd,2017,1,33.11,"BLS ECEC, https://data.bls.gov/timeseries/CMU2010000000000D","Employer cost per hour worked / % of total compensation; Qtr1=March, Qtr2=June, Qtr3=Sept, Qtr4=Dec reference periods. NAICS-based series start 2004 Q1."
CMU2010000000000D,private industry,total_comp,cost_per_hour_usd,2017,2,33.26,"BLS ECEC, https://data.bls.gov/timeseries/CMU2010000000000D","Employer cost per hour worked / % of total compensation; Qtr1=March, Qtr2=June, Qtr3=Sept, Qtr4=Dec reference periods. NAICS-based series start 2004 Q1."
CMU2010000000000D,private industry,total_comp,cost_per_hour_usd,2017,3,33.55,"BLS ECEC, https://data.bls.gov/timeseries/CMU2010000000000D","Employer cost per hour worked / % of total compensation; Qtr1=March, Qtr2=June, Qtr3=Sept, Qtr4=Dec reference periods. NAICS-based series start 2004 Q1."
CMU2010000000000D,private industry,total_comp,cost_per_hour_usd,2017,4,33.72,"BLS ECEC, https://data.bls.gov/timeseries/CMU2010000000000D","Employer cost per hour worked / % of total compensation; Qtr1=March, Qtr2=June, Qtr3=Sept, Qtr4=Dec reference periods. NAICS-based series start 2004 Q1."
CMU2010000000000D,private industry,total_comp,cost_per_hour_usd,2018,1,34.17,"BLS ECEC, https://data.bls.gov/timeseries/CMU2010000000000D","Employer cost per hour worked / % of total compensation; Qtr1=March, Qtr2=June, Qtr3=Sept, Qtr4=Dec reference periods. NAICS-based series start 2004 Q1."
CMU2010000000000D,private industry,total_comp,cost_per_hour_usd,2018,2,34.19,"BLS ECEC, https://data.bls.gov/timeseries/CMU2010000000000D","Employer cost per hour worked / % of total compensation; Qtr1=March, Qtr2=June, Qtr3=Sept, Qtr4=Dec reference periods. NAICS-based series start 2004 Q1."
CMU2010000000000D,private industry,total_comp,cost_per_hour_usd,2018,3,34.53,"BLS ECEC, https://data.bls.gov/timeseries/CMU2010000000000D","Employer cost per hour worked / % of total compensation; Qtr1=March, Qtr2=June, Qtr3=Sept, Qtr4=Dec reference periods. NAICS-based series start 2004 Q1."
CMU2010000000000D,private industry,total_comp,cost_per_hour_usd,2018,4,34.05,"BLS ECEC, https://data.bls.gov/timeseries/CMU2010000000000D","Employer cost per hour worked / % of total compensation; Qtr1=March, Qtr2=June, Qtr3=Sept, Qtr4=Dec reference periods. NAICS-based series start 2004 Q1."
CMU2010000000000D,private industry,total_comp,cost_per_hour_usd,2019,1,34.49,"BLS ECEC, https://data.bls.gov/timeseries/CMU2010000000000D","Employer cost per hour worked / % of total compensation; Qtr1=March, Qtr2=June, Qtr3=Sept, Qtr4=Dec reference periods. NAICS-based series start 2004 Q1."
CMU2010000000000D,private industry,total_comp,cost_per_hour_usd,2019,2,34.44,"BLS ECEC, https://data.bls.gov/timeseries/CMU2010000000000D","Employer cost per hour worked / % of total compensation; Qtr1=March, Qtr2=June, Qtr3=Sept, Qtr4=Dec reference periods. NAICS-based series start 2004 Q1."
CMU2010000000000D,private industry,total_comp,cost_per_hour_usd,2019,3,34.77,"BLS ECEC, https://data.bls.gov/timeseries/CMU2010000000000D","Employer cost per hour worked / % of total compensation; Qtr1=March, Qtr2=June, Qtr3=Sept, Qtr4=Dec reference periods. NAICS-based series start 2004 Q1."
CMU2010000000000D,private industry,total_comp,cost_per_hour_usd,2019,4,34.72,"BLS ECEC, https://data.bls.gov/timeseries/CMU2010000000000D","Employer cost per hour worked / % of total compensation; Qtr1=March, Qtr2=June, Qtr3=Sept, Qtr4=Dec reference periods. NAICS-based series start 2004 Q1."
CMU2010000000000D,private industry,total_comp,cost_per_hour_usd,2020,1,35.34,"BLS ECEC, https://data.bls.gov/timeseries/CMU2010000000000D","Employer cost per hour worked / % of total compensation; Qtr1=March, Qtr2=June, Qtr3=Sept, Qtr4=Dec reference periods. NAICS-based series start 2004 Q1."
CMU2010000000000D,private industry,total_comp,cost_per_hour_usd,2020,2,35.96,"BLS ECEC, https://data.bls.gov/timeseries/CMU2010000000000D","Employer cost per hour worked / % of total compensation; Qtr1=March, Qtr2=June, Qtr3=Sept, Qtr4=Dec reference periods. NAICS-based series start 2004 Q1."
CMU2010000000000D,private industry,total_comp,cost_per_hour_usd,2020,3,35.95,"BLS ECEC, https://data.bls.gov/timeseries/CMU2010000000000D","Employer cost per hour worked / % of total compensation; Qtr1=March, Qtr2=June, Qtr3=Sept, Qtr4=Dec reference periods. NAICS-based series start 2004 Q1."
CMU2010000000000D,private industry,total_comp,cost_per_hour_usd,2020,4,36.23,"BLS ECEC, https://data.bls.gov/timeseries/CMU2010000000000D","Employer cost per hour worked / % of total compensation; Qtr1=March, Qtr2=June, Qtr3=Sept, Qtr4=Dec reference periods. NAICS-based series start 2004 Q1."
CMU2010000000000D,private industry,total_comp,cost_per_hour_usd,2021,1,36.64,"BLS ECEC, https://data.bls.gov/timeseries/CMU2010000000000D","Employer cost per hour worked / % of total compensation; Qtr1=March, Qtr2=June, Qtr3=Sept, Qtr4=Dec reference periods. NAICS-based series start 2004 Q1."
CMU2010000000000D,private industry,total_comp,cost_per_hour_usd,2021,2,36.64,"BLS ECEC, https://data.bls.gov/timeseries/CMU2010000000000D","Employer cost per hour worked / % of total compensation; Qtr1=March, Qtr2=June, Qtr3=Sept, Qtr4=Dec reference periods. NAICS-based series start 2004 Q1."
CMU2010000000000D,private industry,total_comp,cost_per_hour_usd,2021,3,37.24,"BLS ECEC, https://data.bls.gov/timeseries/CMU2010000000000D","Employer cost per hour worked / % of total compensation; Qtr1=March, Qtr2=June, Qtr3=Sept, Qtr4=Dec reference periods. NAICS-based series start 2004 Q1."
CMU2010000000000D,private industry,total_comp,cost_per_hour_usd,2021,4,38.07,"BLS ECEC, https://data.bls.gov/timeseries/CMU2010000000000D","Employer cost per hour worked / % of total compensation; Qtr1=March, Qtr2=June, Qtr3=Sept, Qtr4=Dec reference periods. NAICS-based series start 2004 Q1."
CMU2010000000000D,private industry,total_comp,cost_per_hour_usd,2022,1,38.61,"BLS ECEC, https://data.bls.gov/timeseries/CMU2010000000000D","Employer cost per hour worked / % of total compensation; Qtr1=March, Qtr2=June, Qtr3=Sept, Qtr4=Dec reference periods. NAICS-based series start 2004 Q1."
CMU2010000000000D,private industry,total_comp,cost_per_hour_usd,2022,2,38.91,"BLS ECEC, https://data.bls.gov/timeseries/CMU2010000000000D","Employer cost per hour worked / % of total compensation; Qtr1=March, Qtr2=June, Qtr3=Sept, Qtr4=Dec reference periods. NAICS-based series start 2004 Q1."
CMU2010000000000D,private industry,total_comp,cost_per_hour_usd,2022,3,39.61,"BLS ECEC, https://data.bls.gov/timeseries/CMU2010000000000D","Employer cost per hour worked / % of total compensation; Qtr1=March, Qtr2=June, Qtr3=Sept, Qtr4=Dec reference periods. NAICS-based series start 2004 Q1."
CMU2010000000000D,private industry,total_comp,cost_per_hour_usd,2022,4,40.23,"BLS ECEC, https://data.bls.gov/timeseries/CMU2010000000000D","Employer cost per hour worked / % of total compensation; Qtr1=March, Qtr2=June, Qtr3=Sept, Qtr4=Dec reference periods. NAICS-based series start 2004 Q1."
CMU2010000000000D,private industry,total_comp,cost_per_hour_usd,2023,1,40.79,"BLS ECEC, https://data.bls.gov/timeseries/CMU2010000000000D","Employer cost per hour worked / % of total compensation; Qtr1=March, Qtr2=June, Qtr3=Sept, Qtr4=Dec reference periods. NAICS-based series start 2004 Q1."
CMU2010000000000D,private industry,total_comp,cost_per_hour_usd,2023,2,41.03,"BLS ECEC, https://data.bls.gov/timeseries/CMU2010000000000D","Employer cost per hour worked / % of total compensation; Qtr1=March, Qtr2=June, Qtr3=Sept, Qtr4=Dec reference periods. NAICS-based series start 2004 Q1."
CMU2010000000000D,private industry,total_comp,cost_per_hour_usd,2023,3,41.53,"BLS ECEC, https://data.bls.gov/timeseries/CMU2010000000000D","Employer cost per hour worked / % of total compensation; Qtr1=March, Qtr2=June, Qtr3=Sept, Qtr4=Dec reference periods. NAICS-based series start 2004 Q1."
CMU2010000000000D,private industry,total_comp,cost_per_hour_usd,2023,4,43.11,"BLS ECEC, https://data.bls.gov/timeseries/CMU2010000000000D","Employer cost per hour worked / % of total compensation; Qtr1=March, Qtr2=June, Qtr3=Sept, Qtr4=Dec reference periods. NAICS-based series start 2004 Q1."
CMU2010000000000D,private industry,total_comp,cost_per_hour_usd,2024,1,43.78,"BLS ECEC, https://data.bls.gov/timeseries/CMU2010000000000D","Employer cost per hour worked / % of total compensation; Qtr1=March, Qtr2=June, Qtr3=Sept, Qtr4=Dec reference periods. NAICS-based series start 2004 Q1."
CMU2010000000000D,private industry,total_comp,cost_per_hour_usd,2024,2,43.94,"BLS ECEC, https://data.bls.gov/timeseries/CMU2010000000000D","Employer cost per hour worked / % of total compensation; Qtr1=March, Qtr2=June, Qtr3=Sept, Qtr4=Dec reference periods. NAICS-based series start 2004 Q1."
CMU2010000000000D,private industry,total_comp,cost_per_hour_usd,2024,3,44.4,"BLS ECEC, https://data.bls.gov/timeseries/CMU2010000000000D","Employer cost per hour worked / % of total compensation; Qtr1=March, Qtr2=June, Qtr3=Sept, Qtr4=Dec reference periods. NAICS-based series start 2004 Q1."
CMU2010000000000D,private industry,total_comp,cost_per_hour_usd,2024,4,44.67,"BLS ECEC, https://data.bls.gov/timeseries/CMU2010000000000D","Employer cost per hour worked / % of total compensation; Qtr1=March, Qtr2=June, Qtr3=Sept, Qtr4=Dec reference periods. NAICS-based series start 2004 Q1."
CMU2010000000000D,private industry,total_comp,cost_per_hour_usd,2025,1,45.38,"BLS ECEC, https://data.bls.gov/timeseries/CMU2010000000000D","Employer cost per hour worked / % of total compensation; Qtr1=March, Qtr2=June, Qtr3=Sept, Qtr4=Dec reference periods. NAICS-based series start 2004 Q1."
CMU2010000000000D,private industry,total_comp,cost_per_hour_usd,2025,2,45.65,"BLS ECEC, https://data.bls.gov/timeseries/CMU2010000000000D","Employer cost per hour worked / % of total compensation; Qtr1=March, Qtr2=June, Qtr3=Sept, Qtr4=Dec reference periods. NAICS-based series start 2004 Q1."
CMU2010000000000D,private industry,total_comp,cost_per_hour_usd,2025,3,46.05,"BLS ECEC, https://data.bls.gov/timeseries/CMU2010000000000D","Employer cost per hour worked / % of total compensation; Qtr1=March, Qtr2=June, Qtr3=Sept, Qtr4=Dec reference periods. NAICS-based series start 2004 Q1."
CMU2010000000000D,private industry,total_comp,cost_per_hour_usd,2025,4,46.15,"BLS ECEC, https://data.bls.gov/timeseries/CMU2010000000000D","Employer cost per hour worked / % of total compensation; Qtr1=March, Qtr2=June, Qtr3=Sept, Qtr4=Dec reference periods. NAICS-based series start 2004 Q1."
CMU2010000000000D,private industry,total_comp,cost_per_hour_usd,2026,1,46.6,"BLS ECEC, https://data.bls.gov/timeseries/CMU2010000000000D","Employer cost per hour worked / % of total compensation; Qtr1=March, Qtr2=June, Qtr3=Sept, Qtr4=Dec reference periods. NAICS-based series start 2004 Q1."
CMU2010000000000D,private industry,total_comp,cost_per_hour_usd,2026,2,46.89,"BLS ECEC, https://data.bls.gov/timeseries/CMU2010000000000D","Employer cost per hour worked / % of total compensation; Qtr1=March, Qtr2=June, Qtr3=Sept, Qtr4=Dec reference periods. NAICS-based series start 2004 Q1."
CMU2010000000000P,private industry,total_comp,pct_total_comp,2004,1,100.0,"BLS ECEC, https://data.bls.gov/timeseries/CMU2010000000000P","Employer cost per hour worked / % of total compensation; Qtr1=March, Qtr2=June, Qtr3=Sept, Qtr4=Dec reference periods. NAICS-based series start 2004 Q1."
CMU2010000000000P,private industry,total_comp,pct_total_comp,2004,2,100.0,"BLS ECEC, https://data.bls.gov/timeseries/CMU2010000000000P","Employer cost per hour worked / % of total compensation; Qtr1=March, Qtr2=June, Qtr3=Sept, Qtr4=Dec reference periods. NAICS-based series start 2004 Q1."
CMU2010000000000P,private industry,total_comp,pct_total_comp,2004,3,100.0,"BLS ECEC, https://data.bls.gov/timeseries/CMU2010000000000P","Employer cost per hour worked / % of total compensation; Qtr1=March, Qtr2=June, Qtr3=Sept, Qtr4=Dec reference periods. NAICS-based series start 2004 Q1."
CMU2010000000000P,private industry,total_comp,pct_total_comp,2004,4,100.0,"BLS ECEC, https://data.bls.gov/timeseries/CMU2010000000000P","Employer cost per hour worked / % of total compensation; Qtr1=March, Qtr2=June, Qtr3=Sept, Qtr4=Dec reference periods. NAICS-based series start 2004 Q1."
CMU2010000000000P,private industry,total_comp,pct_total_comp,2005,1,100.0,"BLS ECEC, https://data.bls.gov/timeseries/CMU2010000000000P","Employer cost per hour worked / % of total compensation; Qtr1=March, Qtr2=June, Qtr3=Sept, Qtr4=Dec reference periods. NAICS-based series start 2004 Q1."
CMU2010000000000P,private industry,total_comp,pct_total_comp,2005,2,100.0,"BLS ECEC, https://data.bls.gov/timeseries/CMU2010000000000P","Employer cost per hour worked / % of total compensation; Qtr1=March, Qtr2=June, Qtr3=Sept, Qtr4=Dec reference periods. NAICS-based series start 2004 Q1."
CMU2010000000000P,private industry,total_comp,pct_total_comp,2005,3,100.0,"BLS ECEC, https://data.bls.gov/timeseries/CMU2010000000000P","Employer cost per hour worked / % of total compensation; Qtr1=March, Qtr2=June, Qtr3=Sept, Qtr4=Dec reference periods. NAICS-based series start 2004 Q1."
CMU2010000000000P,private industry,total_comp,pct_total_comp,2005,4,100.0,"BLS ECEC, https://data.bls.gov/timeseries/CMU2010000000000P","Employer cost per hour worked / % of total compensation; Qtr1=March, Qtr2=June, Qtr3=Sept, Qtr4=Dec reference periods. NAICS-based series start 2004 Q1."
CMU2010000000000P,private industry,total_comp,pct_total_comp,2006,1,100.0,"BLS ECEC, https://data.bls.gov/timeseries/CMU2010000000000P","Employer cost per hour worked / % of total compensation; Qtr1=March, Qtr2=June, Qtr3=Sept, Qtr4=Dec reference periods. NAICS-based series start 2004 Q1."
CMU2010000000000P,private industry,total_comp,pct_total_comp,2006,2,100.0,"BLS ECEC, https://data.bls.gov/timeseries/CMU2010000000000P","Employer cost per hour worked / % of total compensation; Qtr1=March, Qtr2=June, Qtr3=Sept, Qtr4=Dec reference periods. NAICS-based series start 2004 Q1."
CMU2010000000000P,private industry,total_comp,pct_total_comp,2006,3,100.0,"BLS ECEC, https://data.bls.gov/timeseries/CMU2010000000000P","Employer cost per hour worked / % of total compensation; Qtr1=March, Qtr2=June, Qtr3=Sept, Qtr4=Dec reference periods. NAICS-based series start 2004 Q1."
CMU2010000000000P,private industry,total_comp,pct_total_comp,2006,4,100.0,"BLS ECEC, https://data.bls.gov/timeseries/CMU2010000000000P","Employer cost per hour worked / % of total compensation; Qtr1=March, Qtr2=June, Qtr3=Sept, Qtr4=Dec reference periods. NAICS-based series start 2004 Q1."
CMU2010000000000P,private industry,total_comp,pct_total_comp,2007,1,100.0,"BLS ECEC, https://data.bls.gov/timeseries/CMU2010000000000P","Employer cost per hour worked / % of total compensation; Qtr1=March, Qtr2=June, Qtr3=Sept, Qtr4=Dec reference periods. NAICS-based series start 2004 Q1."
CMU2010000000000P,private industry,total_comp,pct_total_comp,2007,2,100.0,"BLS ECEC, https://data.bls.gov/timeseries/CMU2010000000000P","Employer cost per hour worked / % of total compensation; Qtr1=March, Qtr2=June, Qtr3=Sept, Qtr4=Dec reference periods. NAICS-based series start 2004 Q1."
CMU2010000000000P,private industry,total_comp,pct_total_comp,2007,3,100.0,"BLS ECEC, https://data.bls.gov/timeseries/CMU2010000000000P","Employer cost per hour worked / % of total compensation; Qtr1=March, Qtr2=June, Qtr3=Sept, Qtr4=Dec reference periods. NAICS-based series start 2004 Q1."
CMU2010000000000P,private industry,total_comp,pct_total_comp,2007,4,100.0,"BLS ECEC, https://data.bls.gov/timeseries/CMU2010000000000P","Employer cost per hour worked / % of total compensation; Qtr1=March, Qtr2=June, Qtr3=Sept, Qtr4=Dec reference periods. NAICS-based series start 2004 Q1."
CMU2010000000000P,private industry,total_comp,pct_total_comp,2008,1,100.0,"BLS ECEC, https://data.bls.gov/timeseries/CMU2010000000000P","Employer cost per hour worked / % of total compensation; Qtr1=March, Qtr2=June, Qtr3=Sept, Qtr4=Dec reference periods. NAICS-based series start 2004 Q1."
CMU2010000000000P,private industry,total_comp,pct_total_comp,2008,2,100.0,"BLS ECEC, https://data.bls.gov/timeseries/CMU2010000000000P","Employer cost per hour worked / % of total compensation; Qtr1=March, Qtr2=June, Qtr3=Sept, Qtr4=Dec reference periods. NAICS-based series start 2004 Q1."
CMU2010000000000P,private industry,total_comp,pct_total_comp,2008,3,100.0,"BLS ECEC, https://data.bls.gov/timeseries/CMU2010000000000P","Employer cost per hour worked / % of total compensation; Qtr1=March, Qtr2=June, Qtr3=Sept, Qtr4=Dec reference periods. NAICS-based series start 2004 Q1."
CMU2010000000000P,private industry,total_comp,pct_total_comp,2008,4,100.0,"BLS ECEC, https://data.bls.gov/timeseries/CMU2010000000000P","Employer cost per hour worked / % of total compensation; Qtr1=March, Qtr2=June, Qtr3=Sept, Qtr4=Dec reference periods. NAICS-based series start 2004 Q1."
CMU2010000000000P,private industry,total_comp,pct_total_comp,2009,1,100.0,"BLS ECEC, https://data.bls.gov/timeseries/CMU2010000000000P","Employer cost per hour worked / % of total compensation; Qtr1=March, Qtr2=June, Qtr3=Sept, Qtr4=Dec reference periods. NAICS-based series start 2004 Q1."
CMU2010000000000P,private industry,total_comp,pct_total_comp,2009,2,100.0,"BLS ECEC, https://data.bls.gov/timeseries/CMU2010000000000P","Employer cost per hour worked / % of total compensation; Qtr1=March, Qtr2=June, Qtr3=Sept, Qtr4=Dec reference periods. NAICS-based series start 2004 Q1."
CMU2010000000000P,private industry,total_comp,pct_total_comp,2009,3,100.0,"BLS ECEC, https://data.bls.gov/timeseries/CMU2010000000000P","Employer cost per hour worked / % of total compensation; Qtr1=March, Qtr2=June, Qtr3=Sept, Qtr4=Dec reference periods. NAICS-based series start 2004 Q1."
CMU2010000000000P,private industry,total_comp,pct_total_comp,2009,4,100.0,"BLS ECEC, https://data.bls.gov/timeseries/CMU2010000000000P","Employer cost per hour worked / % of total compensation; Qtr1=March, Qtr2=June, Qtr3=Sept, Qtr4=Dec reference periods. NAICS-based series start 2004 Q1."
CMU2010000000000P,private industry,total_comp,pct_total_comp,2010,1,100.0,"BLS ECEC, https://data.bls.gov/timeseries/CMU2010000000000P","Employer cost per hour worked / % of total compensation; Qtr1=March, Qtr2=June, Qtr3=Sept, Qtr4=Dec reference periods. NAICS-based series start 2004 Q1."
CMU2010000000000P,private industry,total_comp,pct_total_comp,2010,2,100.0,"BLS ECEC, https://data.bls.gov/timeseries/CMU2010000000000P","Employer cost per hour worked / % of total compensation; Qtr1=March, Qtr2=June, Qtr3=Sept, Qtr4=Dec reference periods. NAICS-based series start 2004 Q1."
CMU2010000000000P,private industry,total_comp,pct_total_comp,2010,3,100.0,"BLS ECEC, https://data.bls.gov/timeseries/CMU2010000000000P","Employer cost per hour worked / % of total compensation; Qtr1=March, Qtr2=June, Qtr3=Sept, Qtr4=Dec reference periods. NAICS-based series start 2004 Q1."
CMU2010000000000P,private industry,total_comp,pct_total_comp,2010,4,100.0,"BLS ECEC, https://data.bls.gov/timeseries/CMU2010000000000P","Employer cost per hour worked / % of total compensation; Qtr1=March, Qtr2=June, Qtr3=Sept, Qtr4=Dec reference periods. NAICS-based series start 2004 Q1."
CMU2010000000000P,private industry,total_comp,pct_total_comp,2011,1,100.0,"BLS ECEC, https://data.bls.gov/timeseries/CMU2010000000000P","Employer cost per hour worked / % of total compensation; Qtr1=March, Qtr2=June, Qtr3=Sept, Qtr4=Dec reference periods. NAICS-based series start 2004 Q1."
CMU2010000000000P,private industry,total_comp,pct_total_comp,2011,2,100.0,"BLS ECEC, https://data.bls.gov/timeseries/CMU2010000000000P","Employer cost per hour worked / % of total compensation; Qtr1=March, Qtr2=June, Qtr3=Sept, Qtr4=Dec reference periods. NAICS-based series start 2004 Q1."
CMU2010000000000P,private industry,total_comp,pct_total_comp,2011,3,100.0,"BLS ECEC, https://data.bls.gov/timeseries/CMU2010000000000P","Employer cost per hour worked / % of total compensation; Qtr1=March, Qtr2=June, Qtr3=Sept, Qtr4=Dec reference periods. NAICS-based series start 2004 Q1."
CMU2010000000000P,private industry,total_comp,pct_total_comp,2011,4,100.0,"BLS ECEC, https://data.bls.gov/timeseries/CMU2010000000000P","Employer cost per hour worked / % of total compensation; Qtr1=March, Qtr2=June, Qtr3=Sept, Qtr4=Dec reference periods. NAICS-based series start 2004 Q1."
CMU2010000000000P,private industry,total_comp,pct_total_comp,2012,1,100.0,"BLS ECEC, https://data.bls.gov/timeseries/CMU2010000000000P","Employer cost per hour worked / % of total compensation; Qtr1=March, Qtr2=June, Qtr3=Sept, Qtr4=Dec reference periods. NAICS-based series start 2004 Q1."
CMU2010000000000P,private industry,total_comp,pct_total_comp,2012,2,100.0,"BLS ECEC, https://data.bls.gov/timeseries/CMU2010000000000P","Employer cost per hour worked / % of total compensation; Qtr1=March, Qtr2=June, Qtr3=Sept, Qtr4=Dec reference periods. NAICS-based series start 2004 Q1."
CMU2010000000000P,private industry,total_comp,pct_total_comp,2012,3,100.0,"BLS ECEC, https://data.bls.gov/timeseries/CMU2010000000000P","Employer cost per hour worked / % of total compensation; Qtr1=March, Qtr2=June, Qtr3=Sept, Qtr4=Dec reference periods. NAICS-based series start 2004 Q1."
CMU2010000000000P,private industry,total_comp,pct_total_comp,2012,4,100.0,"BLS ECEC, https://data.bls.gov/timeseries/CMU2010000000000P","Employer cost per hour worked / % of total compensation; Qtr1=March, Qtr2=June, Qtr3=Sept, Qtr4=Dec reference periods. NAICS-based series start 2004 Q1."
CMU2010000000000P,private industry,total_comp,pct_total_comp,2013,1,100.0,"BLS ECEC, https://data.bls.gov/timeseries/CMU2010000000000P","Employer cost per hour worked / % of total compensation; Qtr1=March, Qtr2=June, Qtr3=Sept, Qtr4=Dec reference periods. NAICS-based series start 2004 Q1."
CMU2010000000000P,private industry,total_comp,pct_total_comp,2013,2,100.0,"BLS ECEC, https://data.bls.gov/timeseries/CMU2010000000000P","Employer cost per hour worked / % of total compensation; Qtr1=March, Qtr2=June, Qtr3=Sept, Qtr4=Dec reference periods. NAICS-based series start 2004 Q1."
CMU2010000000000P,private industry,total_comp,pct_total_comp,2013,3,100.0,"BLS ECEC, https://data.bls.gov/timeseries/CMU2010000000000P","Employer cost per hour worked / % of total compensation; Qtr1=March, Qtr2=June, Qtr3=Sept, Qtr4=Dec reference periods. NAICS-based series start 2004 Q1."
CMU2010000000000P,private industry,total_comp,pct_total_comp,2013,4,100.0,"BLS ECEC, https://data.bls.gov/timeseries/CMU2010000000000P","Employer cost per hour worked / % of total compensation; Qtr1=March, Qtr2=June, Qtr3=Sept, Qtr4=Dec reference periods. NAICS-based series start 2004 Q1."
CMU2010000000000P,private industry,total_comp,pct_total_comp,2014,1,100.0,"BLS ECEC, https://data.bls.gov/timeseries/CMU2010000000000P","Employer cost per hour worked / % of total compensation; Qtr1=March, Qtr2=June, Qtr3=Sept, Qtr4=Dec reference periods. NAICS-based series start 2004 Q1."
CMU2010000000000P,private industry,total_comp,pct_total_comp,2014,2,100.0,"BLS ECEC, https://data.bls.gov/timeseries/CMU2010000000000P","Employer cost per hour worked / % of total compensation; Qtr1=March, Qtr2=June, Qtr3=Sept, Qtr4=Dec reference periods. NAICS-based series start 2004 Q1."
CMU2010000000000P,private industry,total_comp,pct_total_comp,2014,3,100.0,"BLS ECEC, https://data.bls.gov/timeseries/CMU2010000000000P","Employer cost per hour worked / % of total compensation; Qtr1=March, Qtr2=June, Qtr3=Sept, Qtr4=Dec reference periods. NAICS-based series start 2004 Q1."
CMU2010000000000P,private industry,total_comp,pct_total_comp,2014,4,100.0,"BLS ECEC, https://data.bls.gov/timeseries/CMU2010000000000P","Employer cost per hour worked / % of total compensation; Qtr1=March, Qtr2=June, Qtr3=Sept, Qtr4=Dec reference periods. NAICS-based series start 2004 Q1."
CMU2010000000000P,private industry,total_comp,pct_total_comp,2015,1,100.0,"BLS ECEC, https://data.bls.gov/timeseries/CMU2010000000000P","Employer cost per hour worked / % of total compensation; Qtr1=March, Qtr2=June, Qtr3=Sept, Qtr4=Dec reference periods. NAICS-based series start 2004 Q1."
CMU2010000000000P,private industry,total_comp,pct_total_comp,2015,2,100.0,"BLS ECEC, https://data.bls.gov/timeseries/CMU2010000000000P","Employer cost per hour worked / % of total compensation; Qtr1=March, Qtr2=June, Qtr3=Sept, Qtr4=Dec reference periods. NAICS-based series start 2004 Q1."
CMU2010000000000P,private industry,total_comp,pct_total_comp,2015,3,100.0,"BLS ECEC, https://data.bls.gov/timeseries/CMU2010000000000P","Employer cost per hour worked / % of total compensation; Qtr1=March, Qtr2=June, Qtr3=Sept, Qtr4=Dec reference periods. NAICS-based series start 2004 Q1."
CMU2010000000000P,private industry,total_comp,pct_total_comp,2015,4,100.0,"BLS ECEC, https://data.bls.gov/timeseries/CMU2010000000000P","Employer cost per hour worked / % of total compensation; Qtr1=March, Qtr2=June, Qtr3=Sept, Qtr4=Dec reference periods. NAICS-based series start 2004 Q1."
CMU2010000000000P,private industry,total_comp,pct_total_comp,2016,1,100.0,"BLS ECEC, https://data.bls.gov/timeseries/CMU2010000000000P","Employer cost per hour worked / % of total compensation; Qtr1=March, Qtr2=June, Qtr3=Sept, Qtr4=Dec reference periods. NAICS-based series start 2004 Q1."
CMU2010000000000P,private industry,total_comp,pct_total_comp,2016,2,100.0,"BLS ECEC, https://data.bls.gov/timeseries/CMU2010000000000P","Employer cost per hour worked / % of total compensation; Qtr1=March, Qtr2=June, Qtr3=Sept, Qtr4=Dec reference periods. NAICS-based series start 2004 Q1."
CMU2010000000000P,private industry,total_comp,pct_total_comp,2016,3,100.0,"BLS ECEC, https://data.bls.gov/timeseries/CMU2010000000000P","Employer cost per hour worked / % of total compensation; Qtr1=March, Qtr2=June, Qtr3=Sept, Qtr4=Dec reference periods. NAICS-based series start 2004 Q1."
CMU2010000000000P,private industry,total_comp,pct_total_comp,2016,4,100.0,"BLS ECEC, https://data.bls.gov/timeseries/CMU2010000000000P","Employer cost per hour worked / % of total compensation; Qtr1=March, Qtr2=June, Qtr3=Sept, Qtr4=Dec reference periods. NAICS-based series start 2004 Q1."
CMU2010000000000P,private industry,total_comp,pct_total_comp,2017,1,100.0,"BLS ECEC, https://data.bls.gov/timeseries/CMU2010000000000P","Employer cost per hour worked / % of total compensation; Qtr1=March, Qtr2=June, Qtr3=Sept, Qtr4=Dec reference periods. NAICS-based series start 2004 Q1."
CMU2010000000000P,private industry,total_comp,pct_total_comp,2017,2,100.0,"BLS ECEC, https://data.bls.gov/timeseries/CMU2010000000000P","Employer cost per hour worked / % of total compensation; Qtr1=March, Qtr2=June, Qtr3=Sept, Qtr4=Dec reference periods. NAICS-based series start 2004 Q1."
CMU2010000000000P,private industry,total_comp,pct_total_comp,2017,3,100.0,"BLS ECEC, https://data.bls.gov/timeseries/CMU2010000000000P","Employer cost per hour worked / % of total compensation; Qtr1=March, Qtr2=June, Qtr3=Sept, Qtr4=Dec reference periods. NAICS-based series start 2004 Q1."
CMU2010000000000P,private industry,total_comp,pct_total_comp,2017,4,100.0,"BLS ECEC, https://data.bls.gov/timeseries/CMU2010000000000P","Employer cost per hour worked / % of total compensation; Qtr1=March, Qtr2=June, Qtr3=Sept, Qtr4=Dec reference periods. NAICS-based series start 2004 Q1."
CMU2010000000000P,private industry,total_comp,pct_total_comp,2018,1,100.0,"BLS ECEC, https://data.bls.gov/timeseries/CMU2010000000000P","Employer cost per hour worked / % of total compensation; Qtr1=March, Qtr2=June, Qtr3=Sept, Qtr4=Dec reference periods. NAICS-based series start 2004 Q1."
CMU2010000000000P,private industry,total_comp,pct_total_comp,2018,2,100.0,"BLS ECEC, https://data.bls.gov/timeseries/CMU2010000000000P","Employer cost per hour worked / % of total compensation; Qtr1=March, Qtr2=June, Qtr3=Sept, Qtr4=Dec reference periods. NAICS-based series start 2004 Q1."
CMU2010000000000P,private industry,total_comp,pct_total_comp,2018,3,100.0,"BLS ECEC, https://data.bls.gov/timeseries/CMU2010000000000P","Employer cost per hour worked / % of total compensation; Qtr1=March, Qtr2=June, Qtr3=Sept, Qtr4=Dec reference periods. NAICS-based series start 2004 Q1."
CMU2010000000000P,private industry,total_comp,pct_total_comp,2018,4,100.0,"BLS ECEC, https://data.bls.gov/timeseries/CMU2010000000000P","Employer cost per hour worked / % of total compensation; Qtr1=March, Qtr2=June, Qtr3=Sept, Qtr4=Dec reference periods. NAICS-based series start 2004 Q1."
CMU2010000000000P,private industry,total_comp,pct_total_comp,2019,1,100.0,"BLS ECEC, https://data.bls.gov/timeseries/CMU2010000000000P","Employer cost per hour worked / % of total compensation; Qtr1=March, Qtr2=June, Qtr3=Sept, Qtr4=Dec reference periods. NAICS-based series start 2004 Q1."
CMU2010000000000P,private industry,total_comp,pct_total_comp,2019,2,100.0,"BLS ECEC, https://data.bls.gov/timeseries/CMU2010000000000P","Employer cost per hour worked / % of total compensation; Qtr1=March, Qtr2=June, Qtr3=Sept, Qtr4=Dec reference periods. NAICS-based series start 2004 Q1."
CMU2010000000000P,private industry,total_comp,pct_total_comp,2019,3,100.0,"BLS ECEC, https://data.bls.gov/timeseries/CMU2010000000000P","Employer cost per hour worked / % of total compensation; Qtr1=March, Qtr2=June, Qtr3=Sept, Qtr4=Dec reference periods. NAICS-based series start 2004 Q1."
CMU2010000000000P,private industry,total_comp,pct_total_comp,2019,4,100.0,"BLS ECEC, https://data.bls.gov/timeseries/CMU2010000000000P","Employer cost per hour worked / % of total compensation; Qtr1=March, Qtr2=June, Qtr3=Sept, Qtr4=Dec reference periods. NAICS-based series start 2004 Q1."
CMU2010000000000P,private industry,total_comp,pct_total_comp,2020,1,100.0,"BLS ECEC, https://data.bls.gov/timeseries/CMU2010000000000P","Employer cost per hour worked / % of total compensation; Qtr1=March, Qtr2=June, Qtr3=Sept, Qtr4=Dec reference periods. NAICS-based series start 2004 Q1."
CMU2010000000000P,private industry,total_comp,pct_total_comp,2020,2,100.0,"BLS ECEC, https://data.bls.gov/timeseries/CMU2010000000000P","Employer cost per hour worked / % of total compensation; Qtr1=March, Qtr2=June, Qtr3=Sept, Qtr4=Dec reference periods. NAICS-based series start 2004 Q1."
CMU2010000000000P,private industry,total_comp,pct_total_comp,2020,3,100.0,"BLS ECEC, https://data.bls.gov/timeseries/CMU2010000000000P","Employer cost per hour worked / % of total compensation; Qtr1=March, Qtr2=June, Qtr3=Sept, Qtr4=Dec reference periods. NAICS-based series start 2004 Q1."
CMU2010000000000P,private industry,total_comp,pct_total_comp,2020,4,100.0,"BLS ECEC, https://data.bls.gov/timeseries/CMU2010000000000P","Employer cost per hour worked / % of total compensation; Qtr1=March, Qtr2=June, Qtr3=Sept, Qtr4=Dec reference periods. NAICS-based series start 2004 Q1."
CMU2010000000000P,private industry,total_comp,pct_total_comp,2021,1,100.0,"BLS ECEC, https://data.bls.gov/timeseries/CMU2010000000000P","Employer cost per hour worked / % of total compensation; Qtr1=March, Qtr2=June, Qtr3=Sept, Qtr4=Dec reference periods. NAICS-based series start 2004 Q1."
CMU2010000000000P,private industry,total_comp,pct_total_comp,2021,2,100.0,"BLS ECEC, https://data.bls.gov/timeseries/CMU2010000000000P","Employer cost per hour worked / % of total compensation; Qtr1=March, Qtr2=June, Qtr3=Sept, Qtr4=Dec reference periods. NAICS-based series start 2004 Q1."
CMU2010000000000P,private industry,total_comp,pct_total_comp,2021,3,100.0,"BLS ECEC, https://data.bls.gov/timeseries/CMU2010000000000P","Employer cost per hour worked / % of total compensation; Qtr1=March, Qtr2=June, Qtr3=Sept, Qtr4=Dec reference periods. NAICS-based series start 2004 Q1."
CMU2010000000000P,private industry,total_comp,pct_total_comp,2021,4,100.0,"BLS ECEC, https://data.bls.gov/timeseries/CMU2010000000000P","Employer cost per hour worked / % of total compensation; Qtr1=March, Qtr2=June, Qtr3=Sept, Qtr4=Dec reference periods. NAICS-based series start 2004 Q1."
CMU2010000000000P,private industry,total_comp,pct_total_comp,2022,1,100.0,"BLS ECEC, https://data.bls.gov/timeseries/CMU2010000000000P","Employer cost per hour worked / % of total compensation; Qtr1=March, Qtr2=June, Qtr3=Sept, Qtr4=Dec reference periods. NAICS-based series start 2004 Q1."
CMU2010000000000P,private industry,total_comp,pct_total_comp,2022,2,100.0,"BLS ECEC, https://data.bls.gov/timeseries/CMU2010000000000P","Employer cost per hour worked / % of total compensation; Qtr1=March, Qtr2=June, Qtr3=Sept, Qtr4=Dec reference periods. NAICS-based series start 2004 Q1."
CMU2010000000000P,private industry,total_comp,pct_total_comp,2022,3,100.0,"BLS ECEC, https://data.bls.gov/timeseries/CMU2010000000000P","Employer cost per hour worked / % of total compensation; Qtr1=March, Qtr2=June, Qtr3=Sept, Qtr4=Dec reference periods. NAICS-based series start 2004 Q1."
CMU2010000000000P,private industry,total_comp,pct_total_comp,2022,4,100.0,"BLS ECEC, https://data.bls.gov/timeseries/CMU2010000000000P","Employer cost per hour worked / % of total compensation; Qtr1=March, Qtr2=June, Qtr3=Sept, Qtr4=Dec reference periods. NAICS-based series start 2004 Q1."
CMU2010000000000P,private industry,total_comp,pct_total_comp,2023,1,100.0,"BLS ECEC, https://data.bls.gov/timeseries/CMU2010000000000P","Employer cost per hour worked / % of total compensation; Qtr1=March, Qtr2=June, Qtr3=Sept, Qtr4=Dec reference periods. NAICS-based series start 2004 Q1."
CMU2010000000000P,private industry,total_comp,pct_total_comp,2023,2,100.0,"BLS ECEC, https://data.bls.gov/timeseries/CMU2010000000000P","Employer cost per hour worked / % of total compensation; Qtr1=March, Qtr2=June, Qtr3=Sept, Qtr4=Dec reference periods. NAICS-based series start 2004 Q1."
CMU2010000000000P,private industry,total_comp,pct_total_comp,2023,3,100.0,"BLS ECEC, https://data.bls.gov/timeseries/CMU2010000000000P","Employer cost per hour worked / % of total compensation; Qtr1=March, Qtr2=June, Qtr3=Sept, Qtr4=Dec reference periods. NAICS-based series start 2004 Q1."
CMU2010000000000P,private industry,total_comp,pct_total_comp,2023,4,100.0,"BLS ECEC, https://data.bls.gov/timeseries/CMU2010000000000P","Employer cost per hour worked / % of total compensation; Qtr1=March, Qtr2=June, Qtr3=Sept, Qtr4=Dec reference periods. NAICS-based series start 2004 Q1."
CMU2010000000000P,private industry,total_comp,pct_total_comp,2024,1,100.0,"BLS ECEC, https://data.bls.gov/timeseries/CMU2010000000000P","Employer cost per hour worked / % of total compensation; Qtr1=March, Qtr2=June, Qtr3=Sept, Qtr4=Dec reference periods. NAICS-based series start 2004 Q1."
CMU2010000000000P,private industry,total_comp,pct_total_comp,2024,2,100.0,"BLS ECEC, https://data.bls.gov/timeseries/CMU2010000000000P","Employer cost per hour worked / % of total compensation; Qtr1=March, Qtr2=June, Qtr3=Sept, Qtr4=Dec reference periods. NAICS-based series start 2004 Q1."
CMU2010000000000P,private industry,total_comp,pct_total_comp,2024,3,100.0,"BLS ECEC, https://data.bls.gov/timeseries/CMU2010000000000P","Employer cost per hour worked / % of total compensation; Qtr1=March, Qtr2=June, Qtr3=Sept, Qtr4=Dec reference periods. NAICS-based series start 2004 Q1."
CMU2010000000000P,private industry,total_comp,pct_total_comp,2024,4,100.0,"BLS ECEC, https://data.bls.gov/timeseries/CMU2010000000000P","Employer cost per hour worked / % of total compensation; Qtr1=March, Qtr2=June, Qtr3=Sept, Qtr4=Dec reference periods. NAICS-based series start 2004 Q1."
CMU2010000000000P,private industry,total_comp,pct_total_comp,2025,1,100.0,"BLS ECEC, https://data.bls.gov/timeseries/CMU2010000000000P","Employer cost per hour worked / % of total compensation; Qtr1=March, Qtr2=June, Qtr3=Sept, Qtr4=Dec reference periods. NAICS-based series start 2004 Q1."
CMU2010000000000P,private industry,total_comp,pct_total_comp,2025,2,100.0,"BLS ECEC, https://data.bls.gov/timeseries/CMU2010000000000P","Employer cost per hour worked / % of total compensation; Qtr1=March, Qtr2=June, Qtr3=Sept, Qtr4=Dec reference periods. NAICS-based series start 2004 Q1."
CMU2010000000000P,private industry,total_comp,pct_total_comp,2025,3,100.0,"BLS ECEC, https://data.bls.gov/timeseries/CMU2010000000000P","Employer cost per hour worked / % of total compensation; Qtr1=March, Qtr2=June, Qtr3=Sept, Qtr4=Dec reference periods. NAICS-based series start 2004 Q1."
CMU2010000000000P,private industry,total_comp,pct_total_comp,2025,4,100.0,"BLS ECEC, https://data.bls.gov/timeseries/CMU2010000000000P","Employer cost per hour worked / % of total compensation; Qtr1=March, Qtr2=June, Qtr3=Sept, Qtr4=Dec reference periods. NAICS-based series start 2004 Q1."
CMU2010000000000P,private industry,total_comp,pct_total_comp,2026,1,100.0,"BLS ECEC, https://data.bls.gov/timeseries/CMU2010000000000P","Employer cost per hour worked / % of total compensation; Qtr1=March, Qtr2=June, Qtr3=Sept, Qtr4=Dec reference periods. NAICS-based series start 2004 Q1."
CMU2010000000000P,private industry,total_comp,pct_total_comp,2026,2,100.0,"BLS ECEC, https://data.bls.gov/timeseries/CMU2010000000000P","Employer cost per hour worked / % of total compensation; Qtr1=March, Qtr2=June, Qtr3=Sept, Qtr4=Dec reference periods. NAICS-based series start 2004 Q1."
CMU2020000000000D,private industry,wages,cost_per_hour_usd,2004,1,16.64,"BLS ECEC, https://data.bls.gov/timeseries/CMU2020000000000D","Employer cost per hour worked / % of total compensation; Qtr1=March, Qtr2=June, Qtr3=Sept, Qtr4=Dec reference periods. NAICS-based series start 2004 Q1."
CMU2020000000000D,private industry,wages,cost_per_hour_usd,2004,2,16.71,"BLS ECEC, https://data.bls.gov/timeseries/CMU2020000000000D","Employer cost per hour worked / % of total compensation; Qtr1=March, Qtr2=June, Qtr3=Sept, Qtr4=Dec reference periods. NAICS-based series start 2004 Q1."
CMU2020000000000D,private industry,wages,cost_per_hour_usd,2004,3,16.96,"BLS ECEC, https://data.bls.gov/timeseries/CMU2020000000000D","Employer cost per hour worked / % of total compensation; Qtr1=March, Qtr2=June, Qtr3=Sept, Qtr4=Dec reference periods. NAICS-based series start 2004 Q1."
CMU2020000000000D,private industry,wages,cost_per_hour_usd,2004,4,17.02,"BLS ECEC, https://data.bls.gov/timeseries/CMU2020000000000D","Employer cost per hour worked / % of total compensation; Qtr1=March, Qtr2=June, Qtr3=Sept, Qtr4=Dec reference periods. NAICS-based series start 2004 Q1."
CMU2020000000000D,private industry,wages,cost_per_hour_usd,2005,1,17.15,"BLS ECEC, https://data.bls.gov/timeseries/CMU2020000000000D","Employer cost per hour worked / % of total compensation; Qtr1=March, Qtr2=June, Qtr3=Sept, Qtr4=Dec reference periods. NAICS-based series start 2004 Q1."
CMU2020000000000D,private industry,wages,cost_per_hour_usd,2005,2,17.21,"BLS ECEC, https://data.bls.gov/timeseries/CMU2020000000000D","Employer cost per hour worked / % of total compensation; Qtr1=March, Qtr2=June, Qtr3=Sept, Qtr4=Dec reference periods. NAICS-based series start 2004 Q1."
CMU2020000000000D,private industry,wages,cost_per_hour_usd,2005,3,17.23,"BLS ECEC, https://data.bls.gov/timeseries/CMU2020000000000D","Employer cost per hour worked / % of total compensation; Qtr1=March, Qtr2=June, Qtr3=Sept, Qtr4=Dec reference periods. NAICS-based series start 2004 Q1."
CMU2020000000000D,private industry,wages,cost_per_hour_usd,2005,4,17.51,"BLS ECEC, https://data.bls.gov/timeseries/CMU2020000000000D","Employer cost per hour worked / % of total compensation; Qtr1=March, Qtr2=June, Qtr3=Sept, Qtr4=Dec reference periods. NAICS-based series start 2004 Q1."
CMU2020000000000D,private industry,wages,cost_per_hour_usd,2006,1,17.73,"BLS ECEC, https://data.bls.gov/timeseries/CMU2020000000000D","Employer cost per hour worked / % of total compensation; Qtr1=March, Qtr2=June, Qtr3=Sept, Qtr4=Dec reference periods. NAICS-based series start 2004 Q1."
CMU2020000000000D,private industry,wages,cost_per_hour_usd,2006,2,17.77,"BLS ECEC, https://data.bls.gov/timeseries/CMU2020000000000D","Employer cost per hour worked / % of total compensation; Qtr1=March, Qtr2=June, Qtr3=Sept, Qtr4=Dec reference periods. NAICS-based series start 2004 Q1."
CMU2020000000000D,private industry,wages,cost_per_hour_usd,2006,3,18.04,"BLS ECEC, https://data.bls.gov/timeseries/CMU2020000000000D","Employer cost per hour worked / % of total compensation; Qtr1=March, Qtr2=June, Qtr3=Sept, Qtr4=Dec reference periods. NAICS-based series start 2004 Q1."
CMU2020000000000D,private industry,wages,cost_per_hour_usd,2006,4,18.11,"BLS ECEC, https://data.bls.gov/timeseries/CMU2020000000000D","Employer cost per hour worked / % of total compensation; Qtr1=March, Qtr2=June, Qtr3=Sept, Qtr4=Dec reference periods. NAICS-based series start 2004 Q1."
CMU2020000000000D,private industry,wages,cost_per_hour_usd,2007,1,18.34,"BLS ECEC, https://data.bls.gov/timeseries/CMU2020000000000D","Employer cost per hour worked / % of total compensation; Qtr1=March, Qtr2=June, Qtr3=Sept, Qtr4=Dec reference periods. NAICS-based series start 2004 Q1."
CMU2020000000000D,private industry,wages,cost_per_hour_usd,2007,2,18.32,"BLS ECEC, https://data.bls.gov/timeseries/CMU2020000000000D","Employer cost per hour worked / % of total compensation; Qtr1=March, Qtr2=June, Qtr3=Sept, Qtr4=Dec reference periods. NAICS-based series start 2004 Q1."
CMU2020000000000D,private industry,wages,cost_per_hour_usd,2007,3,18.42,"BLS ECEC, https://data.bls.gov/timeseries/CMU2020000000000D","Employer cost per hour worked / % of total compensation; Qtr1=March, Qtr2=June, Qtr3=Sept, Qtr4=Dec reference periods. NAICS-based series start 2004 Q1."
CMU2020000000000D,private industry,wages,cost_per_hour_usd,2007,4,18.67,"BLS ECEC, https://data.bls.gov/timeseries/CMU2020000000000D","Employer cost per hour worked / % of total compensation; Qtr1=March, Qtr2=June, Qtr3=Sept, Qtr4=Dec reference periods. NAICS-based series start 2004 Q1."
CMU2020000000000D,private industry,wages,cost_per_hour_usd,2008,1,18.91,"BLS ECEC, https://data.bls.gov/timeseries/CMU2020000000000D","Employer cost per hour worked / % of total compensation; Qtr1=March, Qtr2=June, Qtr3=Sept, Qtr4=Dec reference periods. NAICS-based series start 2004 Q1."
CMU2020000000000D,private industry,wages,cost_per_hour_usd,2008,2,18.92,"BLS ECEC, https://data.bls.gov/timeseries/CMU2020000000000D","Employer cost per hour worked / % of total compensation; Qtr1=March, Qtr2=June, Qtr3=Sept, Qtr4=Dec reference periods. NAICS-based series start 2004 Q1."
CMU2020000000000D,private industry,wages,cost_per_hour_usd,2008,3,19.14,"BLS ECEC, https://data.bls.gov/timeseries/CMU2020000000000D","Employer cost per hour worked / % of total compensation; Qtr1=March, Qtr2=June, Qtr3=Sept, Qtr4=Dec reference periods. NAICS-based series start 2004 Q1."
CMU2020000000000D,private industry,wages,cost_per_hour_usd,2008,4,19.37,"BLS ECEC, https://data.bls.gov/timeseries/CMU2020000000000D","Employer cost per hour worked / % of total compensation; Qtr1=March, Qtr2=June, Qtr3=Sept, Qtr4=Dec reference periods. NAICS-based series start 2004 Q1."
CMU2020000000000D,private industry,wages,cost_per_hour_usd,2009,1,19.45,"BLS ECEC, https://data.bls.gov/timeseries/CMU2020000000000D","Employer cost per hour worked / % of total compensation; Qtr1=March, Qtr2=June, Qtr3=Sept, Qtr4=Dec reference periods. NAICS-based series start 2004 Q1."
CMU2020000000000D,private industry,wages,cost_per_hour_usd,2009,2,19.39,"BLS ECEC, https://data.bls.gov/timeseries/CMU2020000000000D","Employer cost per hour worked / % of total compensation; Qtr1=March, Qtr2=June, Qtr3=Sept, Qtr4=Dec reference periods. NAICS-based series start 2004 Q1."
CMU2020000000000D,private industry,wages,cost_per_hour_usd,2009,3,19.45,"BLS ECEC, https://data.bls.gov/timeseries/CMU2020000000000D","Employer cost per hour worked / % of total compensation; Qtr1=March, Qtr2=June, Qtr3=Sept, Qtr4=Dec reference periods. NAICS-based series start 2004 Q1."
CMU2020000000000D,private industry,wages,cost_per_hour_usd,2009,4,19.41,"BLS ECEC, https://data.bls.gov/timeseries/CMU2020000000000D","Employer cost per hour worked / % of total compensation; Qtr1=March, Qtr2=June, Qtr3=Sept, Qtr4=Dec reference periods. NAICS-based series start 2004 Q1."
CMU2020000000000D,private industry,wages,cost_per_hour_usd,2010,1,19.58,"BLS ECEC, https://data.bls.gov/timeseries/CMU2020000000000D","Employer cost per hour worked / % of total compensation; Qtr1=March, Qtr2=June, Qtr3=Sept, Qtr4=Dec reference periods. NAICS-based series start 2004 Q1."
CMU2020000000000D,private industry,wages,cost_per_hour_usd,2010,2,19.53,"BLS ECEC, https://data.bls.gov/timeseries/CMU2020000000000D","Employer cost per hour worked / % of total compensation; Qtr1=March, Qtr2=June, Qtr3=Sept, Qtr4=Dec reference periods. NAICS-based series start 2004 Q1."
CMU2020000000000D,private industry,wages,cost_per_hour_usd,2010,3,19.68,"BLS ECEC, https://data.bls.gov/timeseries/CMU2020000000000D","Employer cost per hour worked / % of total compensation; Qtr1=March, Qtr2=June, Qtr3=Sept, Qtr4=Dec reference periods. NAICS-based series start 2004 Q1."
CMU2020000000000D,private industry,wages,cost_per_hour_usd,2010,4,19.64,"BLS ECEC, https://data.bls.gov/timeseries/CMU2020000000000D","Employer cost per hour worked / % of total compensation; Qtr1=March, Qtr2=June, Qtr3=Sept, Qtr4=Dec reference periods. NAICS-based series start 2004 Q1."
CMU2020000000000D,private industry,wages,cost_per_hour_usd,2011,1,19.85,"BLS ECEC, https://data.bls.gov/timeseries/CMU2020000000000D","Employer cost per hour worked / % of total compensation; Qtr1=March, Qtr2=June, Qtr3=Sept, Qtr4=Dec reference periods. NAICS-based series start 2004 Q1."
CMU2020000000000D,private industry,wages,cost_per_hour_usd,2011,2,19.81,"BLS ECEC, https://data.bls.gov/timeseries/CMU2020000000000D","Employer cost per hour worked / % of total compensation; Qtr1=March, Qtr2=June, Qtr3=Sept, Qtr4=Dec reference periods. NAICS-based series start 2004 Q1."
CMU2020000000000D,private industry,wages,cost_per_hour_usd,2011,3,19.91,"BLS ECEC, https://data.bls.gov/timeseries/CMU2020000000000D","Employer cost per hour worked / % of total compensation; Qtr1=March, Qtr2=June, Qtr3=Sept, Qtr4=Dec reference periods. NAICS-based series start 2004 Q1."
CMU2020000000000D,private industry,wages,cost_per_hour_usd,2011,4,20.14,"BLS ECEC, https://data.bls.gov/timeseries/CMU2020000000000D","Employer cost per hour worked / % of total compensation; Qtr1=March, Qtr2=June, Qtr3=Sept, Qtr4=Dec reference periods. NAICS-based series start 2004 Q1."
CMU2020000000000D,private industry,wages,cost_per_hour_usd,2012,1,20.25,"BLS ECEC, https://data.bls.gov/timeseries/CMU2020000000000D","Employer cost per hour worked / % of total compensation; Qtr1=March, Qtr2=June, Qtr3=Sept, Qtr4=Dec reference periods. NAICS-based series start 2004 Q1."
CMU2020000000000D,private industry,wages,cost_per_hour_usd,2012,2,20.27,"BLS ECEC, https://data.bls.gov/timeseries/CMU2020000000000D","Employer cost per hour worked / % of total compensation; Qtr1=March, Qtr2=June, Qtr3=Sept, Qtr4=Dec reference periods. NAICS-based series start 2004 Q1."
CMU2020000000000D,private industry,wages,cost_per_hour_usd,2012,3,20.36,"BLS ECEC, https://data.bls.gov/timeseries/CMU2020000000000D","Employer cost per hour worked / % of total compensation; Qtr1=March, Qtr2=June, Qtr3=Sept, Qtr4=Dec reference periods. NAICS-based series start 2004 Q1."
CMU2020000000000D,private industry,wages,cost_per_hour_usd,2012,4,20.32,"BLS ECEC, https://data.bls.gov/timeseries/CMU2020000000000D","Employer cost per hour worked / % of total compensation; Qtr1=March, Qtr2=June, Qtr3=Sept, Qtr4=Dec reference periods. NAICS-based series start 2004 Q1."
CMU2020000000000D,private industry,wages,cost_per_hour_usd,2013,1,20.47,"BLS ECEC, https://data.bls.gov/timeseries/CMU2020000000000D","Employer cost per hour worked / % of total compensation; Qtr1=March, Qtr2=June, Qtr3=Sept, Qtr4=Dec reference periods. NAICS-based series start 2004 Q1."
CMU2020000000000D,private industry,wages,cost_per_hour_usd,2013,2,20.47,"BLS ECEC, https://data.bls.gov/timeseries/CMU2020000000000D","Employer cost per hour worked / % of total compensation; Qtr1=March, Qtr2=June, Qtr3=Sept, Qtr4=Dec reference periods. NAICS-based series start 2004 Q1."
CMU2020000000000D,private industry,wages,cost_per_hour_usd,2013,3,20.55,"BLS ECEC, https://data.bls.gov/timeseries/CMU2020000000000D","Employer cost per hour worked / % of total compensation; Qtr1=March, Qtr2=June, Qtr3=Sept, Qtr4=Dec reference periods. NAICS-based series start 2004 Q1."
CMU2020000000000D,private industry,wages,cost_per_hour_usd,2013,4,20.76,"BLS ECEC, https://data.bls.gov/timeseries/CMU2020000000000D","Employer cost per hour worked / % of total compensation; Qtr1=March, Qtr2=June, Qtr3=Sept, Qtr4=Dec reference periods. NAICS-based series start 2004 Q1."
CMU2020000000000D,private industry,wages,cost_per_hour_usd,2014,1,20.96,"BLS ECEC, https://data.bls.gov/timeseries/CMU2020000000000D","Employer cost per hour worked / % of total compensation; Qtr1=March, Qtr2=June, Qtr3=Sept, Qtr4=Dec reference periods. NAICS-based series start 2004 Q1."
CMU2020000000000D,private industry,wages,cost_per_hour_usd,2014,2,21.02,"BLS ECEC, https://data.bls.gov/timeseries/CMU2020000000000D","Employer cost per hour worked / % of total compensation; Qtr1=March, Qtr2=June, Qtr3=Sept, Qtr4=Dec reference periods. NAICS-based series start 2004 Q1."
CMU2020000000000D,private industry,wages,cost_per_hour_usd,2014,3,21.18,"BLS ECEC, https://data.bls.gov/timeseries/CMU2020000000000D","Employer cost per hour worked / % of total compensation; Qtr1=March, Qtr2=June, Qtr3=Sept, Qtr4=Dec reference periods. NAICS-based series start 2004 Q1."
CMU2020000000000D,private industry,wages,cost_per_hour_usd,2014,4,21.72,"BLS ECEC, https://data.bls.gov/timeseries/CMU2020000000000D","Employer cost per hour worked / % of total compensation; Qtr1=March, Qtr2=June, Qtr3=Sept, Qtr4=Dec reference periods. NAICS-based series start 2004 Q1."
CMU2020000000000D,private industry,wages,cost_per_hour_usd,2015,1,21.94,"BLS ECEC, https://data.bls.gov/timeseries/CMU2020000000000D","Employer cost per hour worked / % of total compensation; Qtr1=March, Qtr2=June, Qtr3=Sept, Qtr4=Dec reference periods. NAICS-based series start 2004 Q1."
CMU2020000000000D,private industry,wages,cost_per_hour_usd,2015,2,21.82,"BLS ECEC, https://data.bls.gov/timeseries/CMU2020000000000D","Employer cost per hour worked / % of total compensation; Qtr1=March, Qtr2=June, Qtr3=Sept, Qtr4=Dec reference periods. NAICS-based series start 2004 Q1."
CMU2020000000000D,private industry,wages,cost_per_hour_usd,2015,3,21.98,"BLS ECEC, https://data.bls.gov/timeseries/CMU2020000000000D","Employer cost per hour worked / % of total compensation; Qtr1=March, Qtr2=June, Qtr3=Sept, Qtr4=Dec reference periods. NAICS-based series start 2004 Q1."
CMU2020000000000D,private industry,wages,cost_per_hour_usd,2015,4,22.14,"BLS ECEC, https://data.bls.gov/timeseries/CMU2020000000000D","Employer cost per hour worked / % of total compensation; Qtr1=March, Qtr2=June, Qtr3=Sept, Qtr4=Dec reference periods. NAICS-based series start 2004 Q1."
CMU2020000000000D,private industry,wages,cost_per_hour_usd,2016,1,22.33,"BLS ECEC, https://data.bls.gov/timeseries/CMU2020000000000D","Employer cost per hour worked / % of total compensation; Qtr1=March, Qtr2=June, Qtr3=Sept, Qtr4=Dec reference periods. NAICS-based series start 2004 Q1."
CMU2020000000000D,private industry,wages,cost_per_hour_usd,2016,2,22.52,"BLS ECEC, https://data.bls.gov/timeseries/CMU2020000000000D","Employer cost per hour worked / % of total compensation; Qtr1=March, Qtr2=June, Qtr3=Sept, Qtr4=Dec reference periods. NAICS-based series start 2004 Q1."
CMU2020000000000D,private industry,wages,cost_per_hour_usd,2016,3,22.52,"BLS ECEC, https://data.bls.gov/timeseries/CMU2020000000000D","Employer cost per hour worked / % of total compensation; Qtr1=March, Qtr2=June, Qtr3=Sept, Qtr4=Dec reference periods. NAICS-based series start 2004 Q1."
CMU2020000000000D,private industry,wages,cost_per_hour_usd,2016,4,22.83,"BLS ECEC, https://data.bls.gov/timeseries/CMU2020000000000D","Employer cost per hour worked / % of total compensation; Qtr1=March, Qtr2=June, Qtr3=Sept, Qtr4=Dec reference periods. NAICS-based series start 2004 Q1."
CMU2020000000000D,private industry,wages,cost_per_hour_usd,2017,1,23.06,"BLS ECEC, https://data.bls.gov/timeseries/CMU2020000000000D","Employer cost per hour worked / % of total compensation; Qtr1=March, Qtr2=June, Qtr3=Sept, Qtr4=Dec reference periods. NAICS-based series start 2004 Q1."
CMU2020000000000D,private industry,wages,cost_per_hour_usd,2017,2,23.15,"BLS ECEC, https://data.bls.gov/timeseries/CMU2020000000000D","Employer cost per hour worked / % of total compensation; Qtr1=March, Qtr2=June, Qtr3=Sept, Qtr4=Dec reference periods. NAICS-based series start 2004 Q1."
CMU2020000000000D,private industry,wages,cost_per_hour_usd,2017,3,23.35,"BLS ECEC, https://data.bls.gov/timeseries/CMU2020000000000D","Employer cost per hour worked / % of total compensation; Qtr1=March, Qtr2=June, Qtr3=Sept, Qtr4=Dec reference periods. NAICS-based series start 2004 Q1."
CMU2020000000000D,private industry,wages,cost_per_hour_usd,2017,4,23.47,"BLS ECEC, https://data.bls.gov/timeseries/CMU2020000000000D","Employer cost per hour worked / % of total compensation; Qtr1=March, Qtr2=June, Qtr3=Sept, Qtr4=Dec reference periods. NAICS-based series start 2004 Q1."
CMU2020000000000D,private industry,wages,cost_per_hour_usd,2018,1,23.76,"BLS ECEC, https://data.bls.gov/timeseries/CMU2020000000000D","Employer cost per hour worked / % of total compensation; Qtr1=March, Qtr2=June, Qtr3=Sept, Qtr4=Dec reference periods. NAICS-based series start 2004 Q1."
CMU2020000000000D,private industry,wages,cost_per_hour_usd,2018,2,23.78,"BLS ECEC, https://data.bls.gov/timeseries/CMU2020000000000D","Employer cost per hour worked / % of total compensation; Qtr1=March, Qtr2=June, Qtr3=Sept, Qtr4=Dec reference periods. NAICS-based series start 2004 Q1."
CMU2020000000000D,private industry,wages,cost_per_hour_usd,2018,3,24.06,"BLS ECEC, https://data.bls.gov/timeseries/CMU2020000000000D","Employer cost per hour worked / % of total compensation; Qtr1=March, Qtr2=June, Qtr3=Sept, Qtr4=Dec reference periods. NAICS-based series start 2004 Q1."
CMU2020000000000D,private industry,wages,cost_per_hour_usd,2018,4,23.85,"BLS ECEC, https://data.bls.gov/timeseries/CMU2020000000000D","Employer cost per hour worked / % of total compensation; Qtr1=March, Qtr2=June, Qtr3=Sept, Qtr4=Dec reference periods. NAICS-based series start 2004 Q1."
CMU2020000000000D,private industry,wages,cost_per_hour_usd,2019,1,24.17,"BLS ECEC, https://data.bls.gov/timeseries/CMU2020000000000D","Employer cost per hour worked / % of total compensation; Qtr1=March, Qtr2=June, Qtr3=Sept, Qtr4=Dec reference periods. NAICS-based series start 2004 Q1."
CMU2020000000000D,private industry,wages,cost_per_hour_usd,2019,2,24.14,"BLS ECEC, https://data.bls.gov/timeseries/CMU2020000000000D","Employer cost per hour worked / % of total compensation; Qtr1=March, Qtr2=June, Qtr3=Sept, Qtr4=Dec reference periods. NAICS-based series start 2004 Q1."
CMU2020000000000D,private industry,wages,cost_per_hour_usd,2019,3,24.38,"BLS ECEC, https://data.bls.gov/timeseries/CMU2020000000000D","Employer cost per hour worked / % of total compensation; Qtr1=March, Qtr2=June, Qtr3=Sept, Qtr4=Dec reference periods. NAICS-based series start 2004 Q1."
CMU2020000000000D,private industry,wages,cost_per_hour_usd,2019,4,24.36,"BLS ECEC, https://data.bls.gov/timeseries/CMU2020000000000D","Employer cost per hour worked / % of total compensation; Qtr1=March, Qtr2=June, Qtr3=Sept, Qtr4=Dec reference periods. NAICS-based series start 2004 Q1."
CMU2020000000000D,private industry,wages,cost_per_hour_usd,2020,1,24.82,"BLS ECEC, https://data.bls.gov/timeseries/CMU2020000000000D","Employer cost per hour worked / % of total compensation; Qtr1=March, Qtr2=June, Qtr3=Sept, Qtr4=Dec reference periods. NAICS-based series start 2004 Q1."
CMU2020000000000D,private industry,wages,cost_per_hour_usd,2020,2,25.18,"BLS ECEC, https://data.bls.gov/timeseries/CMU2020000000000D","Employer cost per hour worked / % of total compensation; Qtr1=March, Qtr2=June, Qtr3=Sept, Qtr4=Dec reference periods. NAICS-based series start 2004 Q1."
CMU2020000000000D,private industry,wages,cost_per_hour_usd,2020,3,25.23,"BLS ECEC, https://data.bls.gov/timeseries/CMU2020000000000D","Employer cost per hour worked / % of total compensation; Qtr1=March, Qtr2=June, Qtr3=Sept, Qtr4=Dec reference periods. NAICS-based series start 2004 Q1."
CMU2020000000000D,private industry,wages,cost_per_hour_usd,2020,4,25.48,"BLS ECEC, https://data.bls.gov/timeseries/CMU2020000000000D","Employer cost per hour worked / % of total compensation; Qtr1=March, Qtr2=June, Qtr3=Sept, Qtr4=Dec reference periods. NAICS-based series start 2004 Q1."
CMU2020000000000D,private industry,wages,cost_per_hour_usd,2021,1,25.8,"BLS ECEC, https://data.bls.gov/timeseries/CMU2020000000000D","Employer cost per hour worked / % of total compensation; Qtr1=March, Qtr2=June, Qtr3=Sept, Qtr4=Dec reference periods. NAICS-based series start 2004 Q1."
CMU2020000000000D,private industry,wages,cost_per_hour_usd,2021,2,25.89,"BLS ECEC, https://data.bls.gov/timeseries/CMU2020000000000D","Employer cost per hour worked / % of total compensation; Qtr1=March, Qtr2=June, Qtr3=Sept, Qtr4=Dec reference periods. NAICS-based series start 2004 Q1."
CMU2020000000000D,private industry,wages,cost_per_hour_usd,2021,3,26.36,"BLS ECEC, https://data.bls.gov/timeseries/CMU2020000000000D","Employer cost per hour worked / % of total compensation; Qtr1=March, Qtr2=June, Qtr3=Sept, Qtr4=Dec reference periods. NAICS-based series start 2004 Q1."
CMU2020000000000D,private industry,wages,cost_per_hour_usd,2021,4,26.86,"BLS ECEC, https://data.bls.gov/timeseries/CMU2020000000000D","Employer cost per hour worked / % of total compensation; Qtr1=March, Qtr2=June, Qtr3=Sept, Qtr4=Dec reference periods. NAICS-based series start 2004 Q1."
CMU2020000000000D,private industry,wages,cost_per_hour_usd,2022,1,27.19,"BLS ECEC, https://data.bls.gov/timeseries/CMU2020000000000D","Employer cost per hour worked / % of total compensation; Qtr1=March, Qtr2=June, Qtr3=Sept, Qtr4=Dec reference periods. NAICS-based series start 2004 Q1."
CMU2020000000000D,private industry,wages,cost_per_hour_usd,2022,2,27.44,"BLS ECEC, https://data.bls.gov/timeseries/CMU2020000000000D","Employer cost per hour worked / % of total compensation; Qtr1=March, Qtr2=June, Qtr3=Sept, Qtr4=Dec reference periods. NAICS-based series start 2004 Q1."
CMU2020000000000D,private industry,wages,cost_per_hour_usd,2022,3,27.93,"BLS ECEC, https://data.bls.gov/timeseries/CMU2020000000000D","Employer cost per hour worked / % of total compensation; Qtr1=March, Qtr2=June, Qtr3=Sept, Qtr4=Dec reference periods. NAICS-based series start 2004 Q1."
CMU2020000000000D,private industry,wages,cost_per_hour_usd,2022,4,28.37,"BLS ECEC, https://data.bls.gov/timeseries/CMU2020000000000D","Employer cost per hour worked / % of total compensation; Qtr1=March, Qtr2=June, Qtr3=Sept, Qtr4=Dec reference periods. NAICS-based series start 2004 Q1."
CMU2020000000000D,private industry,wages,cost_per_hour_usd,2023,1,28.76,"BLS ECEC, https://data.bls.gov/timeseries/CMU2020000000000D","Employer cost per hour worked / % of total compensation; Qtr1=March, Qtr2=June, Qtr3=Sept, Qtr4=Dec reference periods. NAICS-based series start 2004 Q1."
CMU2020000000000D,private industry,wages,cost_per_hour_usd,2023,2,28.97,"BLS ECEC, https://data.bls.gov/timeseries/CMU2020000000000D","Employer cost per hour worked / % of total compensation; Qtr1=March, Qtr2=June, Qtr3=Sept, Qtr4=Dec reference periods. NAICS-based series start 2004 Q1."
CMU2020000000000D,private industry,wages,cost_per_hour_usd,2023,3,29.34,"BLS ECEC, https://data.bls.gov/timeseries/CMU2020000000000D","Employer cost per hour worked / % of total compensation; Qtr1=March, Qtr2=June, Qtr3=Sept, Qtr4=Dec reference periods. NAICS-based series start 2004 Q1."
CMU2020000000000D,private industry,wages,cost_per_hour_usd,2023,4,30.33,"BLS ECEC, https://data.bls.gov/timeseries/CMU2020000000000D","Employer cost per hour worked / % of total compensation; Qtr1=March, Qtr2=June, Qtr3=Sept, Qtr4=Dec reference periods. NAICS-based series start 2004 Q1."
CMU2020000000000D,private industry,wages,cost_per_hour_usd,2024,1,30.76,"BLS ECEC, https://data.bls.gov/timeseries/CMU2020000000000D","Employer cost per hour worked / % of total compensation; Qtr1=March, Qtr2=June, Qtr3=Sept, Qtr4=Dec reference periods. NAICS-based series start 2004 Q1."
CMU2020000000000D,private industry,wages,cost_per_hour_usd,2024,2,30.9,"BLS ECEC, https://data.bls.gov/timeseries/CMU2020000000000D","Employer cost per hour worked / % of total compensation; Qtr1=March, Qtr2=June, Qtr3=Sept, Qtr4=Dec reference periods. NAICS-based series start 2004 Q1."
CMU2020000000000D,private industry,wages,cost_per_hour_usd,2024,3,31.25,"BLS ECEC, https://data.bls.gov/timeseries/CMU2020000000000D","Employer cost per hour worked / % of total compensation; Qtr1=March, Qtr2=June, Qtr3=Sept, Qtr4=Dec reference periods. NAICS-based series start 2004 Q1."
CMU2020000000000D,private industry,wages,cost_per_hour_usd,2024,4,31.47,"BLS ECEC, https://data.bls.gov/timeseries/CMU2020000000000D","Employer cost per hour worked / % of total compensation; Qtr1=March, Qtr2=June, Qtr3=Sept, Qtr4=Dec reference periods. NAICS-based series start 2004 Q1."
CMU2020000000000D,private industry,wages,cost_per_hour_usd,2025,1,31.89,"BLS ECEC, https://data.bls.gov/timeseries/CMU2020000000000D","Employer cost per hour worked / % of total compensation; Qtr1=March, Qtr2=June, Qtr3=Sept, Qtr4=Dec reference periods. NAICS-based series start 2004 Q1."
CMU2020000000000D,private industry,wages,cost_per_hour_usd,2025,2,32.07,"BLS ECEC, https://data.bls.gov/timeseries/CMU2020000000000D","Employer cost per hour worked / % of total compensation; Qtr1=March, Qtr2=June, Qtr3=Sept, Qtr4=Dec reference periods. NAICS-based series start 2004 Q1."
CMU2020000000000D,private industry,wages,cost_per_hour_usd,2025,3,32.37,"BLS ECEC, https://data.bls.gov/timeseries/CMU2020000000000D","Employer cost per hour worked / % of total compensation; Qtr1=March, Qtr2=June, Qtr3=Sept, Qtr4=Dec reference periods. NAICS-based series start 2004 Q1."
CMU2020000000000D,private industry,wages,cost_per_hour_usd,2025,4,32.36,"BLS ECEC, https://data.bls.gov/timeseries/CMU2020000000000D","Employer cost per hour worked / % of total compensation; Qtr1=March, Qtr2=June, Qtr3=Sept, Qtr4=Dec reference periods. NAICS-based series start 2004 Q1."
CMU2020000000000D,private industry,wages,cost_per_hour_usd,2026,1,32.6,"BLS ECEC, https://data.bls.gov/timeseries/CMU2020000000000D","Employer cost per hour worked / % of total compensation; Qtr1=March, Qtr2=June, Qtr3=Sept, Qtr4=Dec reference periods. NAICS-based series start 2004 Q1."
CMU2020000000000D,private industry,wages,cost_per_hour_usd,2026,2,32.82,"BLS ECEC, https://data.bls.gov/timeseries/CMU2020000000000D","Employer cost per hour worked / % of total compensation; Qtr1=March, Qtr2=June, Qtr3=Sept, Qtr4=Dec reference periods. NAICS-based series start 2004 Q1."
CMU2020000000000P,private industry,wages,pct_total_comp,2004,1,71.5,"BLS ECEC, https://data.bls.gov/timeseries/CMU2020000000000P","Employer cost per hour worked / % of total compensation; Qtr1=March, Qtr2=June, Qtr3=Sept, Qtr4=Dec reference periods. NAICS-based series start 2004 Q1."
CMU2020000000000P,private industry,wages,pct_total_comp,2004,2,71.4,"BLS ECEC, https://data.bls.gov/timeseries/CMU2020000000000P","Employer cost per hour worked / % of total compensation; Qtr1=March, Qtr2=June, Qtr3=Sept, Qtr4=Dec reference periods. NAICS-based series start 2004 Q1."
CMU2020000000000P,private industry,wages,pct_total_comp,2004,3,71.4,"BLS ECEC, https://data.bls.gov/timeseries/CMU2020000000000P","Employer cost per hour worked / % of total compensation; Qtr1=March, Qtr2=June, Qtr3=Sept, Qtr4=Dec reference periods. NAICS-based series start 2004 Q1."
CMU2020000000000P,private industry,wages,pct_total_comp,2004,4,71.2,"BLS ECEC, https://data.bls.gov/timeseries/CMU2020000000000P","Employer cost per hour worked / % of total compensation; Qtr1=March, Qtr2=June, Qtr3=Sept, Qtr4=Dec reference periods. NAICS-based series start 2004 Q1."
CMU2020000000000P,private industry,wages,pct_total_comp,2005,1,71.0,"BLS ECEC, https://data.bls.gov/timeseries/CMU2020000000000P","Employer cost per hour worked / % of total compensation; Qtr1=March, Qtr2=June, Qtr3=Sept, Qtr4=Dec reference periods. NAICS-based series start 2004 Q1."
CMU2020000000000P,private industry,wages,pct_total_comp,2005,2,71.0,"BLS ECEC, https://data.bls.gov/timeseries/CMU2020000000000P","Employer cost per hour worked / % of total compensation; Qtr1=March, Qtr2=June, Qtr3=Sept, Qtr4=Dec reference periods. NAICS-based series start 2004 Q1."
CMU2020000000000P,private industry,wages,pct_total_comp,2005,3,70.8,"BLS ECEC, https://data.bls.gov/timeseries/CMU2020000000000P","Employer cost per hour worked / % of total compensation; Qtr1=March, Qtr2=June, Qtr3=Sept, Qtr4=Dec reference periods. NAICS-based series start 2004 Q1."
CMU2020000000000P,private industry,wages,pct_total_comp,2005,4,70.8,"BLS ECEC, https://data.bls.gov/timeseries/CMU2020000000000P","Employer cost per hour worked / % of total compensation; Qtr1=March, Qtr2=June, Qtr3=Sept, Qtr4=Dec reference periods. NAICS-based series start 2004 Q1."
CMU2020000000000P,private industry,wages,pct_total_comp,2006,1,70.7,"BLS ECEC, https://data.bls.gov/timeseries/CMU2020000000000P","Employer cost per hour worked / % of total compensation; Qtr1=March, Qtr2=June, Qtr3=Sept, Qtr4=Dec reference periods. NAICS-based series start 2004 Q1."
CMU2020000000000P,private industry,wages,pct_total_comp,2006,2,70.6,"BLS ECEC, https://data.bls.gov/timeseries/CMU2020000000000P","Employer cost per hour worked / % of total compensation; Qtr1=March, Qtr2=June, Qtr3=Sept, Qtr4=Dec reference periods. NAICS-based series start 2004 Q1."
CMU2020000000000P,private industry,wages,pct_total_comp,2006,3,70.7,"BLS ECEC, https://data.bls.gov/timeseries/CMU2020000000000P","Employer cost per hour worked / % of total compensation; Qtr1=March, Qtr2=June, Qtr3=Sept, Qtr4=Dec reference periods. NAICS-based series start 2004 Q1."
CMU2020000000000P,private industry,wages,pct_total_comp,2006,4,70.5,"BLS ECEC, https://data.bls.gov/timeseries/CMU2020000000000P","Employer cost per hour worked / % of total compensation; Qtr1=March, Qtr2=June, Qtr3=Sept, Qtr4=Dec reference periods. NAICS-based series start 2004 Q1."
CMU2020000000000P,private industry,wages,pct_total_comp,2007,1,70.8,"BLS ECEC, https://data.bls.gov/timeseries/CMU2020000000000P","Employer cost per hour worked / % of total compensation; Qtr1=March, Qtr2=June, Qtr3=Sept, Qtr4=Dec reference periods. NAICS-based series start 2004 Q1."
CMU2020000000000P,private industry,wages,pct_total_comp,2007,2,70.6,"BLS ECEC, https://data.bls.gov/timeseries/CMU2020000000000P","Employer cost per hour worked / % of total compensation; Qtr1=March, Qtr2=June, Qtr3=Sept, Qtr4=Dec reference periods. NAICS-based series start 2004 Q1."
CMU2020000000000P,private industry,wages,pct_total_comp,2007,3,70.6,"BLS ECEC, https://data.bls.gov/timeseries/CMU2020000000000P","Employer cost per hour worked / % of total compensation; Qtr1=March, Qtr2=June, Qtr3=Sept, Qtr4=Dec reference periods. NAICS-based series start 2004 Q1."
CMU2020000000000P,private industry,wages,pct_total_comp,2007,4,70.7,"BLS ECEC, https://data.bls.gov/timeseries/CMU2020000000000P","Employer cost per hour worked / % of total compensation; Qtr1=March, Qtr2=June, Qtr3=Sept, Qtr4=Dec reference periods. NAICS-based series start 2004 Q1."
CMU2020000000000P,private industry,wages,pct_total_comp,2008,1,70.6,"BLS ECEC, https://data.bls.gov/timeseries/CMU2020000000000P","Employer cost per hour worked / % of total compensation; Qtr1=March, Qtr2=June, Qtr3=Sept, Qtr4=Dec reference periods. NAICS-based series start 2004 Q1."
CMU2020000000000P,private industry,wages,pct_total_comp,2008,2,70.6,"BLS ECEC, https://data.bls.gov/timeseries/CMU2020000000000P","Employer cost per hour worked / % of total compensation; Qtr1=March, Qtr2=June, Qtr3=Sept, Qtr4=Dec reference periods. NAICS-based series start 2004 Q1."
CMU2020000000000P,private industry,wages,pct_total_comp,2008,3,70.7,"BLS ECEC, https://data.bls.gov/timeseries/CMU2020000000000P","Employer cost per hour worked / % of total compensation; Qtr1=March, Qtr2=June, Qtr3=Sept, Qtr4=Dec reference periods. NAICS-based series start 2004 Q1."
CMU2020000000000P,private industry,wages,pct_total_comp,2008,4,70.8,"BLS ECEC, https://data.bls.gov/timeseries/CMU2020000000000P","Employer cost per hour worked / % of total compensation; Qtr1=March, Qtr2=June, Qtr3=Sept, Qtr4=Dec reference periods. NAICS-based series start 2004 Q1."
CMU2020000000000P,private industry,wages,pct_total_comp,2009,1,70.8,"BLS ECEC, https://data.bls.gov/timeseries/CMU2020000000000P","Employer cost per hour worked / % of total compensation; Qtr1=March, Qtr2=June, Qtr3=Sept, Qtr4=Dec reference periods. NAICS-based series start 2004 Q1."
CMU2020000000000P,private industry,wages,pct_total_comp,2009,2,70.7,"BLS ECEC, https://data.bls.gov/timeseries/CMU2020000000000P","Employer cost per hour worked / % of total compensation; Qtr1=March, Qtr2=June, Qtr3=Sept, Qtr4=Dec reference periods. NAICS-based series start 2004 Q1."
CMU2020000000000P,private industry,wages,pct_total_comp,2009,3,70.7,"BLS ECEC, https://data.bls.gov/timeseries/CMU2020000000000P","Employer cost per hour worked / % of total compensation; Qtr1=March, Qtr2=June, Qtr3=Sept, Qtr4=Dec reference periods. NAICS-based series start 2004 Q1."
CMU2020000000000P,private industry,wages,pct_total_comp,2009,4,70.8,"BLS ECEC, https://data.bls.gov/timeseries/CMU2020000000000P","Employer cost per hour worked / % of total compensation; Qtr1=March, Qtr2=June, Qtr3=Sept, Qtr4=Dec reference periods. NAICS-based series start 2004 Q1."
CMU2020000000000P,private industry,wages,pct_total_comp,2010,1,70.6,"BLS ECEC, https://data.bls.gov/timeseries/CMU2020000000000P","Employer cost per hour worked / % of total compensation; Qtr1=March, Qtr2=June, Qtr3=Sept, Qtr4=Dec reference periods. NAICS-based series start 2004 Q1."
CMU2020000000000P,private industry,wages,pct_total_comp,2010,2,70.6,"BLS ECEC, https://data.bls.gov/timeseries/CMU2020000000000P","Employer cost per hour worked / % of total compensation; Qtr1=March, Qtr2=June, Qtr3=Sept, Qtr4=Dec reference periods. NAICS-based series start 2004 Q1."
CMU2020000000000P,private industry,wages,pct_total_comp,2010,3,70.6,"BLS ECEC, https://data.bls.gov/timeseries/CMU2020000000000P","Employer cost per hour worked / % of total compensation; Qtr1=March, Qtr2=June, Qtr3=Sept, Qtr4=Dec reference periods. NAICS-based series start 2004 Q1."
CMU2020000000000P,private industry,wages,pct_total_comp,2010,4,70.8,"BLS ECEC, https://data.bls.gov/timeseries/CMU2020000000000P","Employer cost per hour worked / % of total compensation; Qtr1=March, Qtr2=June, Qtr3=Sept, Qtr4=Dec reference periods. NAICS-based series start 2004 Q1."
CMU2020000000000P,private industry,wages,pct_total_comp,2011,1,70.7,"BLS ECEC, https://data.bls.gov/timeseries/CMU2020000000000P","Employer cost per hour worked / % of total compensation; Qtr1=March, Qtr2=June, Qtr3=Sept, Qtr4=Dec reference periods. NAICS-based series start 2004 Q1."
CMU2020000000000P,private industry,wages,pct_total_comp,2011,2,70.4,"BLS ECEC, https://data.bls.gov/timeseries/CMU2020000000000P","Employer cost per hour worked / % of total compensation; Qtr1=March, Qtr2=June, Qtr3=Sept, Qtr4=Dec reference periods. NAICS-based series start 2004 Q1."
CMU2020000000000P,private industry,wages,pct_total_comp,2011,3,70.5,"BLS ECEC, https://data.bls.gov/timeseries/CMU2020000000000P","Employer cost per hour worked / % of total compensation; Qtr1=March, Qtr2=June, Qtr3=Sept, Qtr4=Dec reference periods. NAICS-based series start 2004 Q1."
CMU2020000000000P,private industry,wages,pct_total_comp,2011,4,70.5,"BLS ECEC, https://data.bls.gov/timeseries/CMU2020000000000P","Employer cost per hour worked / % of total compensation; Qtr1=March, Qtr2=June, Qtr3=Sept, Qtr4=Dec reference periods. NAICS-based series start 2004 Q1."
CMU2020000000000P,private industry,wages,pct_total_comp,2012,1,70.4,"BLS ECEC, https://data.bls.gov/timeseries/CMU2020000000000P","Employer cost per hour worked / % of total compensation; Qtr1=March, Qtr2=June, Qtr3=Sept, Qtr4=Dec reference periods. NAICS-based series start 2004 Q1."
CMU2020000000000P,private industry,wages,pct_total_comp,2012,2,70.4,"BLS ECEC, https://data.bls.gov/timeseries/CMU2020000000000P","Employer cost per hour worked / % of total compensation; Qtr1=March, Qtr2=June, Qtr3=Sept, Qtr4=Dec reference periods. NAICS-based series start 2004 Q1."
CMU2020000000000P,private industry,wages,pct_total_comp,2012,3,70.4,"BLS ECEC, https://data.bls.gov/timeseries/CMU2020000000000P","Employer cost per hour worked / % of total compensation; Qtr1=March, Qtr2=June, Qtr3=Sept, Qtr4=Dec reference periods. NAICS-based series start 2004 Q1."
CMU2020000000000P,private industry,wages,pct_total_comp,2012,4,70.4,"BLS ECEC, https://data.bls.gov/timeseries/CMU2020000000000P","Employer cost per hour worked / % of total compensation; Qtr1=March, Qtr2=June, Qtr3=Sept, Qtr4=Dec reference periods. NAICS-based series start 2004 Q1."
CMU2020000000000P,private industry,wages,pct_total_comp,2013,1,70.3,"BLS ECEC, https://data.bls.gov/timeseries/CMU2020000000000P","Employer cost per hour worked / % of total compensation; Qtr1=March, Qtr2=June, Qtr3=Sept, Qtr4=Dec reference periods. NAICS-based series start 2004 Q1."
CMU2020000000000P,private industry,wages,pct_total_comp,2013,2,70.3,"BLS ECEC, https://data.bls.gov/timeseries/CMU2020000000000P","Employer cost per hour worked / % of total compensation; Qtr1=March, Qtr2=June, Qtr3=Sept, Qtr4=Dec reference periods. NAICS-based series start 2004 Q1."
CMU2020000000000P,private industry,wages,pct_total_comp,2013,3,70.3,"BLS ECEC, https://data.bls.gov/timeseries/CMU2020000000000P","Employer cost per hour worked / % of total compensation; Qtr1=March, Qtr2=June, Qtr3=Sept, Qtr4=Dec reference periods. NAICS-based series start 2004 Q1."
CMU2020000000000P,private industry,wages,pct_total_comp,2013,4,70.1,"BLS ECEC, https://data.bls.gov/timeseries/CMU2020000000000P","Employer cost per hour worked / % of total compensation; Qtr1=March, Qtr2=June, Qtr3=Sept, Qtr4=Dec reference periods. NAICS-based series start 2004 Q1."
CMU2020000000000P,private industry,wages,pct_total_comp,2014,1,69.9,"BLS ECEC, https://data.bls.gov/timeseries/CMU2020000000000P","Employer cost per hour worked / % of total compensation; Qtr1=March, Qtr2=June, Qtr3=Sept, Qtr4=Dec reference periods. NAICS-based series start 2004 Q1."
CMU2020000000000P,private industry,wages,pct_total_comp,2014,2,69.8,"BLS ECEC, https://data.bls.gov/timeseries/CMU2020000000000P","Employer cost per hour worked / % of total compensation; Qtr1=March, Qtr2=June, Qtr3=Sept, Qtr4=Dec reference periods. NAICS-based series start 2004 Q1."
CMU2020000000000P,private industry,wages,pct_total_comp,2014,3,69.8,"BLS ECEC, https://data.bls.gov/timeseries/CMU2020000000000P","Employer cost per hour worked / % of total compensation; Qtr1=March, Qtr2=June, Qtr3=Sept, Qtr4=Dec reference periods. NAICS-based series start 2004 Q1."
CMU2020000000000P,private industry,wages,pct_total_comp,2014,4,69.4,"BLS ECEC, https://data.bls.gov/timeseries/CMU2020000000000P","Employer cost per hour worked / % of total compensation; Qtr1=March, Qtr2=June, Qtr3=Sept, Qtr4=Dec reference periods. NAICS-based series start 2004 Q1."
CMU2020000000000P,private industry,wages,pct_total_comp,2015,1,69.3,"BLS ECEC, https://data.bls.gov/timeseries/CMU2020000000000P","Employer cost per hour worked / % of total compensation; Qtr1=March, Qtr2=June, Qtr3=Sept, Qtr4=Dec reference periods. NAICS-based series start 2004 Q1."
CMU2020000000000P,private industry,wages,pct_total_comp,2015,2,69.5,"BLS ECEC, https://data.bls.gov/timeseries/CMU2020000000000P","Employer cost per hour worked / % of total compensation; Qtr1=March, Qtr2=June, Qtr3=Sept, Qtr4=Dec reference periods. NAICS-based series start 2004 Q1."
CMU2020000000000P,private industry,wages,pct_total_comp,2015,3,69.7,"BLS ECEC, https://data.bls.gov/timeseries/CMU2020000000000P","Employer cost per hour worked / % of total compensation; Qtr1=March, Qtr2=June, Qtr3=Sept, Qtr4=Dec reference periods. NAICS-based series start 2004 Q1."
CMU2020000000000P,private industry,wages,pct_total_comp,2015,4,69.8,"BLS ECEC, https://data.bls.gov/timeseries/CMU2020000000000P","Employer cost per hour worked / % of total compensation; Qtr1=March, Qtr2=June, Qtr3=Sept, Qtr4=Dec reference periods. NAICS-based series start 2004 Q1."
CMU2020000000000P,private industry,wages,pct_total_comp,2016,1,69.7,"BLS ECEC, https://data.bls.gov/timeseries/CMU2020000000000P","Employer cost per hour worked / % of total compensation; Qtr1=March, Qtr2=June, Qtr3=Sept, Qtr4=Dec reference periods. NAICS-based series start 2004 Q1."
CMU2020000000000P,private industry,wages,pct_total_comp,2016,2,69.7,"BLS ECEC, https://data.bls.gov/timeseries/CMU2020000000000P","Employer cost per hour worked / % of total compensation; Qtr1=March, Qtr2=June, Qtr3=Sept, Qtr4=Dec reference periods. NAICS-based series start 2004 Q1."
CMU2020000000000P,private industry,wages,pct_total_comp,2016,3,69.8,"BLS ECEC, https://data.bls.gov/timeseries/CMU2020000000000P","Employer cost per hour worked / % of total compensation; Qtr1=March, Qtr2=June, Qtr3=Sept, Qtr4=Dec reference periods. NAICS-based series start 2004 Q1."
CMU2020000000000P,private industry,wages,pct_total_comp,2016,4,69.7,"BLS ECEC, https://data.bls.gov/timeseries/CMU2020000000000P","Employer cost per hour worked / % of total compensation; Qtr1=March, Qtr2=June, Qtr3=Sept, Qtr4=Dec reference periods. NAICS-based series start 2004 Q1."
CMU2020000000000P,private industry,wages,pct_total_comp,2017,1,69.6,"BLS ECEC, https://data.bls.gov/timeseries/CMU2020000000000P","Employer cost per hour worked / % of total compensation; Qtr1=March, Qtr2=June, Qtr3=Sept, Qtr4=Dec reference periods. NAICS-based series start 2004 Q1."
CMU2020000000000P,private industry,wages,pct_total_comp,2017,2,69.6,"BLS ECEC, https://data.bls.gov/timeseries/CMU2020000000000P","Employer cost per hour worked / % of total compensation; Qtr1=March, Qtr2=June, Qtr3=Sept, Qtr4=Dec reference periods. NAICS-based series start 2004 Q1."
CMU2020000000000P,private industry,wages,pct_total_comp,2017,3,69.6,"BLS ECEC, https://data.bls.gov/timeseries/CMU2020000000000P","Employer cost per hour worked / % of total compensation; Qtr1=March, Qtr2=June, Qtr3=Sept, Qtr4=Dec reference periods. NAICS-based series start 2004 Q1."
CMU2020000000000P,private industry,wages,pct_total_comp,2017,4,69.6,"BLS ECEC, https://data.bls.gov/timeseries/CMU2020000000000P","Employer cost per hour worked / % of total compensation; Qtr1=March, Qtr2=June, Qtr3=Sept, Qtr4=Dec reference periods. NAICS-based series start 2004 Q1."
CMU2020000000000P,private industry,wages,pct_total_comp,2018,1,69.5,"BLS ECEC, https://data.bls.gov/timeseries/CMU2020000000000P","Employer cost per hour worked / % of total compensation; Qtr1=March, Qtr2=June, Qtr3=Sept, Qtr4=Dec reference periods. NAICS-based series start 2004 Q1."
CMU2020000000000P,private industry,wages,pct_total_comp,2018,2,69.6,"BLS ECEC, https://data.bls.gov/timeseries/CMU2020000000000P","Employer cost per hour worked / % of total compensation; Qtr1=March, Qtr2=June, Qtr3=Sept, Qtr4=Dec reference periods. NAICS-based series start 2004 Q1."
CMU2020000000000P,private industry,wages,pct_total_comp,2018,3,69.7,"BLS ECEC, https://data.bls.gov/timeseries/CMU2020000000000P","Employer cost per hour worked / % of total compensation; Qtr1=March, Qtr2=June, Qtr3=Sept, Qtr4=Dec reference periods. NAICS-based series start 2004 Q1."
CMU2020000000000P,private industry,wages,pct_total_comp,2018,4,70.0,"BLS ECEC, https://data.bls.gov/timeseries/CMU2020000000000P","Employer cost per hour worked / % of total compensation; Qtr1=March, Qtr2=June, Qtr3=Sept, Qtr4=Dec reference periods. NAICS-based series start 2004 Q1."
CMU2020000000000P,private industry,wages,pct_total_comp,2019,1,70.1,"BLS ECEC, https://data.bls.gov/timeseries/CMU2020000000000P","Employer cost per hour worked / % of total compensation; Qtr1=March, Qtr2=June, Qtr3=Sept, Qtr4=Dec reference periods. NAICS-based series start 2004 Q1."
CMU2020000000000P,private industry,wages,pct_total_comp,2019,2,70.1,"BLS ECEC, https://data.bls.gov/timeseries/CMU2020000000000P","Employer cost per hour worked / % of total compensation; Qtr1=March, Qtr2=June, Qtr3=Sept, Qtr4=Dec reference periods. NAICS-based series start 2004 Q1."
CMU2020000000000P,private industry,wages,pct_total_comp,2019,3,70.1,"BLS ECEC, https://data.bls.gov/timeseries/CMU2020000000000P","Employer cost per hour worked / % of total compensation; Qtr1=March, Qtr2=June, Qtr3=Sept, Qtr4=Dec reference periods. NAICS-based series start 2004 Q1."
CMU2020000000000P,private industry,wages,pct_total_comp,2019,4,70.1,"BLS ECEC, https://data.bls.gov/timeseries/CMU2020000000000P","Employer cost per hour worked / % of total compensation; Qtr1=March, Qtr2=June, Qtr3=Sept, Qtr4=Dec reference periods. NAICS-based series start 2004 Q1."
CMU2020000000000P,private industry,wages,pct_total_comp,2020,1,70.2,"BLS ECEC, https://data.bls.gov/timeseries/CMU2020000000000P","Employer cost per hour worked / % of total compensation; Qtr1=March, Qtr2=June, Qtr3=Sept, Qtr4=Dec reference periods. NAICS-based series start 2004 Q1."
CMU2020000000000P,private industry,wages,pct_total_comp,2020,2,70.0,"BLS ECEC, https://data.bls.gov/timeseries/CMU2020000000000P","Employer cost per hour worked / % of total compensation; Qtr1=March, Qtr2=June, Qtr3=Sept, Qtr4=Dec reference periods. NAICS-based series start 2004 Q1."
CMU2020000000000P,private industry,wages,pct_total_comp,2020,3,70.2,"BLS ECEC, https://data.bls.gov/timeseries/CMU2020000000000P","Employer cost per hour worked / % of total compensation; Qtr1=March, Qtr2=June, Qtr3=Sept, Qtr4=Dec reference periods. NAICS-based series start 2004 Q1."
CMU2020000000000P,private industry,wages,pct_total_comp,2020,4,70.3,"BLS ECEC, https://data.bls.gov/timeseries/CMU2020000000000P","Employer cost per hour worked / % of total compensation; Qtr1=March, Qtr2=June, Qtr3=Sept, Qtr4=Dec reference periods. NAICS-based series start 2004 Q1."
CMU2020000000000P,private industry,wages,pct_total_comp,2021,1,70.4,"BLS ECEC, https://data.bls.gov/timeseries/CMU2020000000000P","Employer cost per hour worked / % of total compensation; Qtr1=March, Qtr2=June, Qtr3=Sept, Qtr4=Dec reference periods. NAICS-based series start 2004 Q1."
CMU2020000000000P,private industry,wages,pct_total_comp,2021,2,70.6,"BLS ECEC, https://data.bls.gov/timeseries/CMU2020000000000P","Employer cost per hour worked / % of total compensation; Qtr1=March, Qtr2=June, Qtr3=Sept, Qtr4=Dec reference periods. NAICS-based series start 2004 Q1."
CMU2020000000000P,private industry,wages,pct_total_comp,2021,3,70.8,"BLS ECEC, https://data.bls.gov/timeseries/CMU2020000000000P","Employer cost per hour worked / % of total compensation; Qtr1=March, Qtr2=June, Qtr3=Sept, Qtr4=Dec reference periods. NAICS-based series start 2004 Q1."
CMU2020000000000P,private industry,wages,pct_total_comp,2021,4,70.5,"BLS ECEC, https://data.bls.gov/timeseries/CMU2020000000000P","Employer cost per hour worked / % of total compensation; Qtr1=March, Qtr2=June, Qtr3=Sept, Qtr4=Dec reference periods. NAICS-based series start 2004 Q1."
CMU2020000000000P,private industry,wages,pct_total_comp,2022,1,70.4,"BLS ECEC, https://data.bls.gov/timeseries/CMU2020000000000P","Employer cost per hour worked / % of total compensation; Qtr1=March, Qtr2=June, Qtr3=Sept, Qtr4=Dec reference periods. NAICS-based series start 2004 Q1."
CMU2020000000000P,private industry,wages,pct_total_comp,2022,2,70.5,"BLS ECEC, https://data.bls.gov/timeseries/CMU2020000000000P","Employer cost per hour worked / % of total compensation; Qtr1=March, Qtr2=June, Qtr3=Sept, Qtr4=Dec reference periods. NAICS-based series start 2004 Q1."
CMU2020000000000P,private industry,wages,pct_total_comp,2022,3,70.5,"BLS ECEC, https://data.bls.gov/timeseries/CMU2020000000000P","Employer cost per hour worked / % of total compensation; Qtr1=March, Qtr2=June, Qtr3=Sept, Qtr4=Dec reference periods. NAICS-based series start 2004 Q1."
CMU2020000000000P,private industry,wages,pct_total_comp,2022,4,70.5,"BLS ECEC, https://data.bls.gov/timeseries/CMU2020000000000P","Employer cost per hour worked / % of total compensation; Qtr1=March, Qtr2=June, Qtr3=Sept, Qtr4=Dec reference periods. NAICS-based series start 2004 Q1."
CMU2020000000000P,private industry,wages,pct_total_comp,2023,1,70.5,"BLS ECEC, https://data.bls.gov/timeseries/CMU2020000000000P","Employer cost per hour worked / % of total compensation; Qtr1=March, Qtr2=June, Qtr3=Sept, Qtr4=Dec reference periods. NAICS-based series start 2004 Q1."
CMU2020000000000P,private industry,wages,pct_total_comp,2023,2,70.6,"BLS ECEC, https://data.bls.gov/timeseries/CMU2020000000000P","Employer cost per hour worked / % of total compensation; Qtr1=March, Qtr2=June, Qtr3=Sept, Qtr4=Dec reference periods. NAICS-based series start 2004 Q1."
CMU2020000000000P,private industry,wages,pct_total_comp,2023,3,70.6,"BLS ECEC, https://data.bls.gov/timeseries/CMU2020000000000P","Employer cost per hour worked / % of total compensation; Qtr1=March, Qtr2=June, Qtr3=Sept, Qtr4=Dec reference periods. NAICS-based series start 2004 Q1."
CMU2020000000000P,private industry,wages,pct_total_comp,2023,4,70.4,"BLS ECEC, https://data.bls.gov/timeseries/CMU2020000000000P","Employer cost per hour worked / % of total compensation; Qtr1=March, Qtr2=June, Qtr3=Sept, Qtr4=Dec reference periods. NAICS-based series start 2004 Q1."
CMU2020000000000P,private industry,wages,pct_total_comp,2024,1,70.3,"BLS ECEC, https://data.bls.gov/timeseries/CMU2020000000000P","Employer cost per hour worked / % of total compensation; Qtr1=March, Qtr2=June, Qtr3=Sept, Qtr4=Dec reference periods. NAICS-based series start 2004 Q1."
CMU2020000000000P,private industry,wages,pct_total_comp,2024,2,70.3,"BLS ECEC, https://data.bls.gov/timeseries/CMU2020000000000P","Employer cost per hour worked / % of total compensation; Qtr1=March, Qtr2=June, Qtr3=Sept, Qtr4=Dec reference periods. NAICS-based series start 2004 Q1."
CMU2020000000000P,private industry,wages,pct_total_comp,2024,3,70.4,"BLS ECEC, https://data.bls.gov/timeseries/CMU2020000000000P","Employer cost per hour worked / % of total compensation; Qtr1=March, Qtr2=June, Qtr3=Sept, Qtr4=Dec reference periods. NAICS-based series start 2004 Q1."
CMU2020000000000P,private industry,wages,pct_total_comp,2024,4,70.5,"BLS ECEC, https://data.bls.gov/timeseries/CMU2020000000000P","Employer cost per hour worked / % of total compensation; Qtr1=March, Qtr2=June, Qtr3=Sept, Qtr4=Dec reference periods. NAICS-based series start 2004 Q1."
CMU2020000000000P,private industry,wages,pct_total_comp,2025,1,70.3,"BLS ECEC, https://data.bls.gov/timeseries/CMU2020000000000P","Employer cost per hour worked / % of total compensation; Qtr1=March, Qtr2=June, Qtr3=Sept, Qtr4=Dec reference periods. NAICS-based series start 2004 Q1."
CMU2020000000000P,private industry,wages,pct_total_comp,2025,2,70.2,"BLS ECEC, https://data.bls.gov/timeseries/CMU2020000000000P","Employer cost per hour worked / % of total compensation; Qtr1=March, Qtr2=June, Qtr3=Sept, Qtr4=Dec reference periods. NAICS-based series start 2004 Q1."
CMU2020000000000P,private industry,wages,pct_total_comp,2025,3,70.3,"BLS ECEC, https://data.bls.gov/timeseries/CMU2020000000000P","Employer cost per hour worked / % of total compensation; Qtr1=March, Qtr2=June, Qtr3=Sept, Qtr4=Dec reference periods. NAICS-based series start 2004 Q1."
CMU2020000000000P,private industry,wages,pct_total_comp,2025,4,70.1,"BLS ECEC, https://data.bls.gov/timeseries/CMU2020000000000P","Employer cost per hour worked / % of total compensation; Qtr1=March, Qtr2=June, Qtr3=Sept, Qtr4=Dec reference periods. NAICS-based series start 2004 Q1."
CMU2020000000000P,private industry,wages,pct_total_comp,2026,1,69.9,"BLS ECEC, https://data.bls.gov/timeseries/CMU2020000000000P","Employer cost per hour worked / % of total compensation; Qtr1=March, Qtr2=June, Qtr3=Sept, Qtr4=Dec reference periods. NAICS-based series start 2004 Q1."
CMU2020000000000P,private industry,wages,pct_total_comp,2026,2,70.0,"BLS ECEC, https://data.bls.gov/timeseries/CMU2020000000000P","Employer cost per hour worked / % of total compensation; Qtr1=March, Qtr2=June, Qtr3=Sept, Qtr4=Dec reference periods. NAICS-based series start 2004 Q1."
CMU2030000000000D,private industry,benefits,cost_per_hour_usd,2004,1,6.65,"BLS ECEC, https://data.bls.gov/timeseries/CMU2030000000000D","Employer cost per hour worked / % of total compensation; Qtr1=March, Qtr2=June, Qtr3=Sept, Qtr4=Dec reference periods. NAICS-based series start 2004 Q1."
CMU2030000000000D,private industry,benefits,cost_per_hour_usd,2004,2,6.69,"BLS ECEC, https://data.bls.gov/timeseries/CMU2030000000000D","Employer cost per hour worked / % of total compensation; Qtr1=March, Qtr2=June, Qtr3=Sept, Qtr4=Dec reference periods. NAICS-based series start 2004 Q1."
CMU2030000000000D,private industry,benefits,cost_per_hour_usd,2004,3,6.8,"BLS ECEC, https://data.bls.gov/timeseries/CMU2030000000000D","Employer cost per hour worked / % of total compensation; Qtr1=March, Qtr2=June, Qtr3=Sept, Qtr4=Dec reference periods. NAICS-based series start 2004 Q1."
CMU2030000000000D,private industry,benefits,cost_per_hour_usd,2004,4,6.88,"BLS ECEC, https://data.bls.gov/timeseries/CMU2030000000000D","Employer cost per hour worked / % of total compensation; Qtr1=March, Qtr2=June, Qtr3=Sept, Qtr4=Dec reference periods. NAICS-based series start 2004 Q1."
CMU2030000000000D,private industry,benefits,cost_per_hour_usd,2005,1,7.02,"BLS ECEC, https://data.bls.gov/timeseries/CMU2030000000000D","Employer cost per hour worked / % of total compensation; Qtr1=March, Qtr2=June, Qtr3=Sept, Qtr4=Dec reference periods. NAICS-based series start 2004 Q1."
CMU2030000000000D,private industry,benefits,cost_per_hour_usd,2005,2,7.03,"BLS ECEC, https://data.bls.gov/timeseries/CMU2030000000000D","Employer cost per hour worked / % of total compensation; Qtr1=March, Qtr2=June, Qtr3=Sept, Qtr4=Dec reference periods. NAICS-based series start 2004 Q1."
CMU2030000000000D,private industry,benefits,cost_per_hour_usd,2005,3,7.11,"BLS ECEC, https://data.bls.gov/timeseries/CMU2030000000000D","Employer cost per hour worked / % of total compensation; Qtr1=March, Qtr2=June, Qtr3=Sept, Qtr4=Dec reference periods. NAICS-based series start 2004 Q1."
CMU2030000000000D,private industry,benefits,cost_per_hour_usd,2005,4,7.2,"BLS ECEC, https://data.bls.gov/timeseries/CMU2030000000000D","Employer cost per hour worked / % of total compensation; Qtr1=March, Qtr2=June, Qtr3=Sept, Qtr4=Dec reference periods. NAICS-based series start 2004 Q1."
CMU2030000000000D,private industry,benefits,cost_per_hour_usd,2006,1,7.36,"BLS ECEC, https://data.bls.gov/timeseries/CMU2030000000000D","Employer cost per hour worked / % of total compensation; Qtr1=March, Qtr2=June, Qtr3=Sept, Qtr4=Dec reference periods. NAICS-based series start 2004 Q1."
CMU2030000000000D,private industry,benefits,cost_per_hour_usd,2006,2,7.39,"BLS ECEC, https://data.bls.gov/timeseries/CMU2030000000000D","Employer cost per hour worked / % of total compensation; Qtr1=March, Qtr2=June, Qtr3=Sept, Qtr4=Dec reference periods. NAICS-based series start 2004 Q1."
CMU2030000000000D,private industry,benefits,cost_per_hour_usd,2006,3,7.48,"BLS ECEC, https://data.bls.gov/timeseries/CMU2030000000000D","Employer cost per hour worked / % of total compensation; Qtr1=March, Qtr2=June, Qtr3=Sept, Qtr4=Dec reference periods. NAICS-based series start 2004 Q1."
CMU2030000000000D,private industry,benefits,cost_per_hour_usd,2006,4,7.57,"BLS ECEC, https://data.bls.gov/timeseries/CMU2030000000000D","Employer cost per hour worked / % of total compensation; Qtr1=March, Qtr2=June, Qtr3=Sept, Qtr4=Dec reference periods. NAICS-based series start 2004 Q1."
CMU2030000000000D,private industry,benefits,cost_per_hour_usd,2007,1,7.58,"BLS ECEC, https://data.bls.gov/timeseries/CMU2030000000000D","Employer cost per hour worked / % of total compensation; Qtr1=March, Qtr2=June, Qtr3=Sept, Qtr4=Dec reference periods. NAICS-based series start 2004 Q1."
CMU2030000000000D,private industry,benefits,cost_per_hour_usd,2007,2,7.61,"BLS ECEC, https://data.bls.gov/timeseries/CMU2030000000000D","Employer cost per hour worked / % of total compensation; Qtr1=March, Qtr2=June, Qtr3=Sept, Qtr4=Dec reference periods. NAICS-based series start 2004 Q1."
CMU2030000000000D,private industry,benefits,cost_per_hour_usd,2007,3,7.66,"BLS ECEC, https://data.bls.gov/timeseries/CMU2030000000000D","Employer cost per hour worked / % of total compensation; Qtr1=March, Qtr2=June, Qtr3=Sept, Qtr4=Dec reference periods. NAICS-based series start 2004 Q1."
CMU2030000000000D,private industry,benefits,cost_per_hour_usd,2007,4,7.75,"BLS ECEC, https://data.bls.gov/timeseries/CMU2030000000000D","Employer cost per hour worked / % of total compensation; Qtr1=March, Qtr2=June, Qtr3=Sept, Qtr4=Dec reference periods. NAICS-based series start 2004 Q1."
CMU2030000000000D,private industry,benefits,cost_per_hour_usd,2008,1,7.86,"BLS ECEC, https://data.bls.gov/timeseries/CMU2030000000000D","Employer cost per hour worked / % of total compensation; Qtr1=March, Qtr2=June, Qtr3=Sept, Qtr4=Dec reference periods. NAICS-based series start 2004 Q1."
CMU2030000000000D,private industry,benefits,cost_per_hour_usd,2008,2,7.86,"BLS ECEC, https://data.bls.gov/timeseries/CMU2030000000000D","Employer cost per hour worked / % of total compensation; Qtr1=March, Qtr2=June, Qtr3=Sept, Qtr4=Dec reference periods. NAICS-based series start 2004 Q1."
CMU2030000000000D,private industry,benefits,cost_per_hour_usd,2008,3,7.93,"BLS ECEC, https://data.bls.gov/timeseries/CMU2030000000000D","Employer cost per hour worked / % of total compensation; Qtr1=March, Qtr2=June, Qtr3=Sept, Qtr4=Dec reference periods. NAICS-based series start 2004 Q1."
CMU2030000000000D,private industry,benefits,cost_per_hour_usd,2008,4,7.98,"BLS ECEC, https://data.bls.gov/timeseries/CMU2030000000000D","Employer cost per hour worked / % of total compensation; Qtr1=March, Qtr2=June, Qtr3=Sept, Qtr4=Dec reference periods. NAICS-based series start 2004 Q1."
CMU2030000000000D,private industry,benefits,cost_per_hour_usd,2009,1,8.02,"BLS ECEC, https://data.bls.gov/timeseries/CMU2030000000000D","Employer cost per hour worked / % of total compensation; Qtr1=March, Qtr2=June, Qtr3=Sept, Qtr4=Dec reference periods. NAICS-based series start 2004 Q1."
CMU2030000000000D,private industry,benefits,cost_per_hour_usd,2009,2,8.02,"BLS ECEC, https://data.bls.gov/timeseries/CMU2030000000000D","Employer cost per hour worked / % of total compensation; Qtr1=March, Qtr2=June, Qtr3=Sept, Qtr4=Dec reference periods. NAICS-based series start 2004 Q1."
CMU2030000000000D,private industry,benefits,cost_per_hour_usd,2009,3,8.05,"BLS ECEC, https://data.bls.gov/timeseries/CMU2030000000000D","Employer cost per hour worked / % of total compensation; Qtr1=March, Qtr2=June, Qtr3=Sept, Qtr4=Dec reference periods. NAICS-based series start 2004 Q1."
CMU2030000000000D,private industry,benefits,cost_per_hour_usd,2009,4,8.0,"BLS ECEC, https://data.bls.gov/timeseries/CMU2030000000000D","Employer cost per hour worked / % of total compensation; Qtr1=March, Qtr2=June, Qtr3=Sept, Qtr4=Dec reference periods. NAICS-based series start 2004 Q1."
CMU2030000000000D,private industry,benefits,cost_per_hour_usd,2010,1,8.15,"BLS ECEC, https://data.bls.gov/timeseries/CMU2030000000000D","Employer cost per hour worked / % of total compensation; Qtr1=March, Qtr2=June, Qtr3=Sept, Qtr4=Dec reference periods. NAICS-based series start 2004 Q1."
CMU2030000000000D,private industry,benefits,cost_per_hour_usd,2010,2,8.11,"BLS ECEC, https://data.bls.gov/timeseries/CMU2030000000000D","Employer cost per hour worked / % of total compensation; Qtr1=March, Qtr2=June, Qtr3=Sept, Qtr4=Dec reference periods. NAICS-based series start 2004 Q1."
CMU2030000000000D,private industry,benefits,cost_per_hour_usd,2010,3,8.2,"BLS ECEC, https://data.bls.gov/timeseries/CMU2030000000000D","Employer cost per hour worked / % of total compensation; Qtr1=March, Qtr2=June, Qtr3=Sept, Qtr4=Dec reference periods. NAICS-based series start 2004 Q1."
CMU2030000000000D,private industry,benefits,cost_per_hour_usd,2010,4,8.11,"BLS ECEC, https://data.bls.gov/timeseries/CMU2030000000000D","Employer cost per hour worked / % of total compensation; Qtr1=March, Qtr2=June, Qtr3=Sept, Qtr4=Dec reference periods. NAICS-based series start 2004 Q1."
CMU2030000000000D,private industry,benefits,cost_per_hour_usd,2011,1,8.25,"BLS ECEC, https://data.bls.gov/timeseries/CMU2030000000000D","Employer cost per hour worked / % of total compensation; Qtr1=March, Qtr2=June, Qtr3=Sept, Qtr4=Dec reference periods. NAICS-based series start 2004 Q1."
CMU2030000000000D,private industry,benefits,cost_per_hour_usd,2011,2,8.32,"BLS ECEC, https://data.bls.gov/timeseries/CMU2030000000000D","Employer cost per hour worked / % of total compensation; Qtr1=March, Qtr2=June, Qtr3=Sept, Qtr4=Dec reference periods. NAICS-based series start 2004 Q1."
CMU2030000000000D,private industry,benefits,cost_per_hour_usd,2011,3,8.33,"BLS ECEC, https://data.bls.gov/timeseries/CMU2030000000000D","Employer cost per hour worked / % of total compensation; Qtr1=March, Qtr2=June, Qtr3=Sept, Qtr4=Dec reference periods. NAICS-based series start 2004 Q1."
CMU2030000000000D,private industry,benefits,cost_per_hour_usd,2011,4,8.43,"BLS ECEC, https://data.bls.gov/timeseries/CMU2030000000000D","Employer cost per hour worked / % of total compensation; Qtr1=March, Qtr2=June, Qtr3=Sept, Qtr4=Dec reference periods. NAICS-based series start 2004 Q1."
CMU2030000000000D,private industry,benefits,cost_per_hour_usd,2012,1,8.53,"BLS ECEC, https://data.bls.gov/timeseries/CMU2030000000000D","Employer cost per hour worked / % of total compensation; Qtr1=March, Qtr2=June, Qtr3=Sept, Qtr4=Dec reference periods. NAICS-based series start 2004 Q1."
CMU2030000000000D,private industry,benefits,cost_per_hour_usd,2012,2,8.52,"BLS ECEC, https://data.bls.gov/timeseries/CMU2030000000000D","Employer cost per hour worked / % of total compensation; Qtr1=March, Qtr2=June, Qtr3=Sept, Qtr4=Dec reference periods. NAICS-based series start 2004 Q1."
CMU2030000000000D,private industry,benefits,cost_per_hour_usd,2012,3,8.57,"BLS ECEC, https://data.bls.gov/timeseries/CMU2030000000000D","Employer cost per hour worked / % of total compensation; Qtr1=March, Qtr2=June, Qtr3=Sept, Qtr4=Dec reference periods. NAICS-based series start 2004 Q1."
CMU2030000000000D,private industry,benefits,cost_per_hour_usd,2012,4,8.55,"BLS ECEC, https://data.bls.gov/timeseries/CMU2030000000000D","Employer cost per hour worked / % of total compensation; Qtr1=March, Qtr2=June, Qtr3=Sept, Qtr4=Dec reference periods. NAICS-based series start 2004 Q1."
CMU2030000000000D,private industry,benefits,cost_per_hour_usd,2013,1,8.66,"BLS ECEC, https://data.bls.gov/timeseries/CMU2030000000000D","Employer cost per hour worked / % of total compensation; Qtr1=March, Qtr2=June, Qtr3=Sept, Qtr4=Dec reference periods. NAICS-based series start 2004 Q1."
CMU2030000000000D,private industry,benefits,cost_per_hour_usd,2013,2,8.64,"BLS ECEC, https://data.bls.gov/timeseries/CMU2030000000000D","Employer cost per hour worked / % of total compensation; Qtr1=March, Qtr2=June, Qtr3=Sept, Qtr4=Dec reference periods. NAICS-based series start 2004 Q1."
CMU2030000000000D,private industry,benefits,cost_per_hour_usd,2013,3,8.68,"BLS ECEC, https://data.bls.gov/timeseries/CMU2030000000000D","Employer cost per hour worked / % of total compensation; Qtr1=March, Qtr2=June, Qtr3=Sept, Qtr4=Dec reference periods. NAICS-based series start 2004 Q1."
CMU2030000000000D,private industry,benefits,cost_per_hour_usd,2013,4,8.87,"BLS ECEC, https://data.bls.gov/timeseries/CMU2030000000000D","Employer cost per hour worked / % of total compensation; Qtr1=March, Qtr2=June, Qtr3=Sept, Qtr4=Dec reference periods. NAICS-based series start 2004 Q1."
CMU2030000000000D,private industry,benefits,cost_per_hour_usd,2014,1,9.03,"BLS ECEC, https://data.bls.gov/timeseries/CMU2030000000000D","Employer cost per hour worked / % of total compensation; Qtr1=March, Qtr2=June, Qtr3=Sept, Qtr4=Dec reference periods. NAICS-based series start 2004 Q1."
CMU2030000000000D,private industry,benefits,cost_per_hour_usd,2014,2,9.09,"BLS ECEC, https://data.bls.gov/timeseries/CMU2030000000000D","Employer cost per hour worked / % of total compensation; Qtr1=March, Qtr2=June, Qtr3=Sept, Qtr4=Dec reference periods. NAICS-based series start 2004 Q1."
CMU2030000000000D,private industry,benefits,cost_per_hour_usd,2014,3,9.14,"BLS ECEC, https://data.bls.gov/timeseries/CMU2030000000000D","Employer cost per hour worked / % of total compensation; Qtr1=March, Qtr2=June, Qtr3=Sept, Qtr4=Dec reference periods. NAICS-based series start 2004 Q1."
CMU2030000000000D,private industry,benefits,cost_per_hour_usd,2014,4,9.6,"BLS ECEC, https://data.bls.gov/timeseries/CMU2030000000000D","Employer cost per hour worked / % of total compensation; Qtr1=March, Qtr2=June, Qtr3=Sept, Qtr4=Dec reference periods. NAICS-based series start 2004 Q1."
CMU2030000000000D,private industry,benefits,cost_per_hour_usd,2015,1,9.71,"BLS ECEC, https://data.bls.gov/timeseries/CMU2030000000000D","Employer cost per hour worked / % of total compensation; Qtr1=March, Qtr2=June, Qtr3=Sept, Qtr4=Dec reference periods. NAICS-based series start 2004 Q1."
CMU2030000000000D,private industry,benefits,cost_per_hour_usd,2015,2,9.56,"BLS ECEC, https://data.bls.gov/timeseries/CMU2030000000000D","Employer cost per hour worked / % of total compensation; Qtr1=March, Qtr2=June, Qtr3=Sept, Qtr4=Dec reference periods. NAICS-based series start 2004 Q1."
CMU2030000000000D,private industry,benefits,cost_per_hour_usd,2015,3,9.55,"BLS ECEC, https://data.bls.gov/timeseries/CMU2030000000000D","Employer cost per hour worked / % of total compensation; Qtr1=March, Qtr2=June, Qtr3=Sept, Qtr4=Dec reference periods. NAICS-based series start 2004 Q1."
CMU2030000000000D,private industry,benefits,cost_per_hour_usd,2015,4,9.57,"BLS ECEC, https://data.bls.gov/timeseries/CMU2030000000000D","Employer cost per hour worked / % of total compensation; Qtr1=March, Qtr2=June, Qtr3=Sept, Qtr4=Dec reference periods. NAICS-based series start 2004 Q1."
CMU2030000000000D,private industry,benefits,cost_per_hour_usd,2016,1,9.73,"BLS ECEC, https://data.bls.gov/timeseries/CMU2030000000000D","Employer cost per hour worked / % of total compensation; Qtr1=March, Qtr2=June, Qtr3=Sept, Qtr4=Dec reference periods. NAICS-based series start 2004 Q1."
CMU2030000000000D,private industry,benefits,cost_per_hour_usd,2016,2,9.77,"BLS ECEC, https://data.bls.gov/timeseries/CMU2030000000000D","Employer cost per hour worked / % of total compensation; Qtr1=March, Qtr2=June, Qtr3=Sept, Qtr4=Dec reference periods. NAICS-based series start 2004 Q1."
CMU2030000000000D,private industry,benefits,cost_per_hour_usd,2016,3,9.75,"BLS ECEC, https://data.bls.gov/timeseries/CMU2030000000000D","Employer cost per hour worked / % of total compensation; Qtr1=March, Qtr2=June, Qtr3=Sept, Qtr4=Dec reference periods. NAICS-based series start 2004 Q1."
CMU2030000000000D,private industry,benefits,cost_per_hour_usd,2016,4,9.93,"BLS ECEC, https://data.bls.gov/timeseries/CMU2030000000000D","Employer cost per hour worked / % of total compensation; Qtr1=March, Qtr2=June, Qtr3=Sept, Qtr4=Dec reference periods. NAICS-based series start 2004 Q1."
CMU2030000000000D,private industry,benefits,cost_per_hour_usd,2017,1,10.06,"BLS ECEC, https://data.bls.gov/timeseries/CMU2030000000000D","Employer cost per hour worked / % of total compensation; Qtr1=March, Qtr2=June, Qtr3=Sept, Qtr4=Dec reference periods. NAICS-based series start 2004 Q1."
CMU2030000000000D,private industry,benefits,cost_per_hour_usd,2017,2,10.11,"BLS ECEC, https://data.bls.gov/timeseries/CMU2030000000000D","Employer cost per hour worked / % of total compensation; Qtr1=March, Qtr2=June, Qtr3=Sept, Qtr4=Dec reference periods. NAICS-based series start 2004 Q1."
CMU2030000000000D,private industry,benefits,cost_per_hour_usd,2017,3,10.2,"BLS ECEC, https://data.bls.gov/timeseries/CMU2030000000000D","Employer cost per hour worked / % of total compensation; Qtr1=March, Qtr2=June, Qtr3=Sept, Qtr4=Dec reference periods. NAICS-based series start 2004 Q1."
CMU2030000000000D,private industry,benefits,cost_per_hour_usd,2017,4,10.25,"BLS ECEC, https://data.bls.gov/timeseries/CMU2030000000000D","Employer cost per hour worked / % of total compensation; Qtr1=March, Qtr2=June, Qtr3=Sept, Qtr4=Dec reference periods. NAICS-based series start 2004 Q1."
CMU2030000000000D,private industry,benefits,cost_per_hour_usd,2018,1,10.41,"BLS ECEC, https://data.bls.gov/timeseries/CMU2030000000000D","Employer cost per hour worked / % of total compensation; Qtr1=March, Qtr2=June, Qtr3=Sept, Qtr4=Dec reference periods. NAICS-based series start 2004 Q1."
CMU2030000000000D,private industry,benefits,cost_per_hour_usd,2018,2,10.41,"BLS ECEC, https://data.bls.gov/timeseries/CMU2030000000000D","Employer cost per hour worked / % of total compensation; Qtr1=March, Qtr2=June, Qtr3=Sept, Qtr4=Dec reference periods. NAICS-based series start 2004 Q1."
CMU2030000000000D,private industry,benefits,cost_per_hour_usd,2018,3,10.48,"BLS ECEC, https://data.bls.gov/timeseries/CMU2030000000000D","Employer cost per hour worked / % of total compensation; Qtr1=March, Qtr2=June, Qtr3=Sept, Qtr4=Dec reference periods. NAICS-based series start 2004 Q1."
CMU2030000000000D,private industry,benefits,cost_per_hour_usd,2018,4,10.2,"BLS ECEC, https://data.bls.gov/timeseries/CMU2030000000000D","Employer cost per hour worked / % of total compensation; Qtr1=March, Qtr2=June, Qtr3=Sept, Qtr4=Dec reference periods. NAICS-based series start 2004 Q1."
CMU2030000000000D,private industry,benefits,cost_per_hour_usd,2019,1,10.33,"BLS ECEC, https://data.bls.gov/timeseries/CMU2030000000000D","Employer cost per hour worked / % of total compensation; Qtr1=March, Qtr2=June, Qtr3=Sept, Qtr4=Dec reference periods. NAICS-based series start 2004 Q1."
CMU2030000000000D,private industry,benefits,cost_per_hour_usd,2019,2,10.3,"BLS ECEC, https://data.bls.gov/timeseries/CMU2030000000000D","Employer cost per hour worked / % of total compensation; Qtr1=March, Qtr2=June, Qtr3=Sept, Qtr4=Dec reference periods. NAICS-based series start 2004 Q1."
CMU2030000000000D,private industry,benefits,cost_per_hour_usd,2019,3,10.38,"BLS ECEC, https://data.bls.gov/timeseries/CMU2030000000000D","Employer cost per hour worked / % of total compensation; Qtr1=March, Qtr2=June, Qtr3=Sept, Qtr4=Dec reference periods. NAICS-based series start 2004 Q1."
CMU2030000000000D,private industry,benefits,cost_per_hour_usd,2019,4,10.37,"BLS ECEC, https://data.bls.gov/timeseries/CMU2030000000000D","Employer cost per hour worked / % of total compensation; Qtr1=March, Qtr2=June, Qtr3=Sept, Qtr4=Dec reference periods. NAICS-based series start 2004 Q1."
CMU2030000000000D,private industry,benefits,cost_per_hour_usd,2020,1,10.53,"BLS ECEC, https://data.bls.gov/timeseries/CMU2030000000000D","Employer cost per hour worked / % of total compensation; Qtr1=March, Qtr2=June, Qtr3=Sept, Qtr4=Dec reference periods. NAICS-based series start 2004 Q1."
CMU2030000000000D,private industry,benefits,cost_per_hour_usd,2020,2,10.79,"BLS ECEC, https://data.bls.gov/timeseries/CMU2030000000000D","Employer cost per hour worked / % of total compensation; Qtr1=March, Qtr2=June, Qtr3=Sept, Qtr4=Dec reference periods. NAICS-based series start 2004 Q1."
CMU2030000000000D,private industry,benefits,cost_per_hour_usd,2020,3,10.72,"BLS ECEC, https://data.bls.gov/timeseries/CMU2030000000000D","Employer cost per hour worked / % of total compensation; Qtr1=March, Qtr2=June, Qtr3=Sept, Qtr4=Dec reference periods. NAICS-based series start 2004 Q1."
CMU2030000000000D,private industry,benefits,cost_per_hour_usd,2020,4,10.74,"BLS ECEC, https://data.bls.gov/timeseries/CMU2030000000000D","Employer cost per hour worked / % of total compensation; Qtr1=March, Qtr2=June, Qtr3=Sept, Qtr4=Dec reference periods. NAICS-based series start 2004 Q1."
CMU2030000000000D,private industry,benefits,cost_per_hour_usd,2021,1,10.83,"BLS ECEC, https://data.bls.gov/timeseries/CMU2030000000000D","Employer cost per hour worked / % of total compensation; Qtr1=March, Qtr2=June, Qtr3=Sept, Qtr4=Dec reference periods. NAICS-based series start 2004 Q1."
CMU2030000000000D,private industry,benefits,cost_per_hour_usd,2021,2,10.76,"BLS ECEC, https://data.bls.gov/timeseries/CMU2030000000000D","Employer cost per hour worked / % of total compensation; Qtr1=March, Qtr2=June, Qtr3=Sept, Qtr4=Dec reference periods. NAICS-based series start 2004 Q1."
CMU2030000000000D,private industry,benefits,cost_per_hour_usd,2021,3,10.88,"BLS ECEC, https://data.bls.gov/timeseries/CMU2030000000000D","Employer cost per hour worked / % of total compensation; Qtr1=March, Qtr2=June, Qtr3=Sept, Qtr4=Dec reference periods. NAICS-based series start 2004 Q1."
CMU2030000000000D,private industry,benefits,cost_per_hour_usd,2021,4,11.22,"BLS ECEC, https://data.bls.gov/timeseries/CMU2030000000000D","Employer cost per hour worked / % of total compensation; Qtr1=March, Qtr2=June, Qtr3=Sept, Qtr4=Dec reference periods. NAICS-based series start 2004 Q1."
CMU2030000000000D,private industry,benefits,cost_per_hour_usd,2022,1,11.42,"BLS ECEC, https://data.bls.gov/timeseries/CMU2030000000000D","Employer cost per hour worked / % of total compensation; Qtr1=March, Qtr2=June, Qtr3=Sept, Qtr4=Dec reference periods. NAICS-based series start 2004 Q1."
CMU2030000000000D,private industry,benefits,cost_per_hour_usd,2022,2,11.47,"BLS ECEC, https://data.bls.gov/timeseries/CMU2030000000000D","Employer cost per hour worked / % of total compensation; Qtr1=March, Qtr2=June, Qtr3=Sept, Qtr4=Dec reference periods. NAICS-based series start 2004 Q1."
CMU2030000000000D,private industry,benefits,cost_per_hour_usd,2022,3,11.68,"BLS ECEC, https://data.bls.gov/timeseries/CMU2030000000000D","Employer cost per hour worked / % of total compensation; Qtr1=March, Qtr2=June, Qtr3=Sept, Qtr4=Dec reference periods. NAICS-based series start 2004 Q1."
CMU2030000000000D,private industry,benefits,cost_per_hour_usd,2022,4,11.86,"BLS ECEC, https://data.bls.gov/timeseries/CMU2030000000000D","Employer cost per hour worked / % of total compensation; Qtr1=March, Qtr2=June, Qtr3=Sept, Qtr4=Dec reference periods. NAICS-based series start 2004 Q1."
CMU2030000000000D,private industry,benefits,cost_per_hour_usd,2023,1,12.02,"BLS ECEC, https://data.bls.gov/timeseries/CMU2030000000000D","Employer cost per hour worked / % of total compensation; Qtr1=March, Qtr2=June, Qtr3=Sept, Qtr4=Dec reference periods. NAICS-based series start 2004 Q1."
CMU2030000000000D,private industry,benefits,cost_per_hour_usd,2023,2,12.06,"BLS ECEC, https://data.bls.gov/timeseries/CMU2030000000000D","Employer cost per hour worked / % of total compensation; Qtr1=March, Qtr2=June, Qtr3=Sept, Qtr4=Dec reference periods. NAICS-based series start 2004 Q1."
CMU2030000000000D,private industry,benefits,cost_per_hour_usd,2023,3,12.19,"BLS ECEC, https://data.bls.gov/timeseries/CMU2030000000000D","Employer cost per hour worked / % of total compensation; Qtr1=March, Qtr2=June, Qtr3=Sept, Qtr4=Dec reference periods. NAICS-based series start 2004 Q1."
CMU2030000000000D,private industry,benefits,cost_per_hour_usd,2023,4,12.77,"BLS ECEC, https://data.bls.gov/timeseries/CMU2030000000000D","Employer cost per hour worked / % of total compensation; Qtr1=March, Qtr2=June, Qtr3=Sept, Qtr4=Dec reference periods. NAICS-based series start 2004 Q1."
CMU2030000000000D,private industry,benefits,cost_per_hour_usd,2024,1,13.02,"BLS ECEC, https://data.bls.gov/timeseries/CMU2030000000000D","Employer cost per hour worked / % of total compensation; Qtr1=March, Qtr2=June, Qtr3=Sept, Qtr4=Dec reference periods. NAICS-based series start 2004 Q1."
CMU2030000000000D,private industry,benefits,cost_per_hour_usd,2024,2,13.04,"BLS ECEC, https://data.bls.gov/timeseries/CMU2030000000000D","Employer cost per hour worked / % of total compensation; Qtr1=March, Qtr2=June, Qtr3=Sept, Qtr4=Dec reference periods. NAICS-based series start 2004 Q1."
CMU2030000000000D,private industry,benefits,cost_per_hour_usd,2024,3,13.15,"BLS ECEC, https://data.bls.gov/timeseries/CMU2030000000000D","Employer cost per hour worked / % of total compensation; Qtr1=March, Qtr2=June, Qtr3=Sept, Qtr4=Dec reference periods. NAICS-based series start 2004 Q1."
CMU2030000000000D,private industry,benefits,cost_per_hour_usd,2024,4,13.2,"BLS ECEC, https://data.bls.gov/timeseries/CMU2030000000000D","Employer cost per hour worked / % of total compensation; Qtr1=March, Qtr2=June, Qtr3=Sept, Qtr4=Dec reference periods. NAICS-based series start 2004 Q1."
CMU2030000000000D,private industry,benefits,cost_per_hour_usd,2025,1,13.49,"BLS ECEC, https://data.bls.gov/timeseries/CMU2030000000000D","Employer cost per hour worked / % of total compensation; Qtr1=March, Qtr2=June, Qtr3=Sept, Qtr4=Dec reference periods. NAICS-based series start 2004 Q1."
CMU2030000000000D,private industry,benefits,cost_per_hour_usd,2025,2,13.58,"BLS ECEC, https://data.bls.gov/timeseries/CMU2030000000000D","Employer cost per hour worked / % of total compensation; Qtr1=March, Qtr2=June, Qtr3=Sept, Qtr4=Dec reference periods. NAICS-based series start 2004 Q1."
CMU2030000000000D,private industry,benefits,cost_per_hour_usd,2025,3,13.68,"BLS ECEC, https://data.bls.gov/timeseries/CMU2030000000000D","Employer cost per hour worked / % of total compensation; Qtr1=March, Qtr2=June, Qtr3=Sept, Qtr4=Dec reference periods. NAICS-based series start 2004 Q1."
CMU2030000000000D,private industry,benefits,cost_per_hour_usd,2025,4,13.79,"BLS ECEC, https://data.bls.gov/timeseries/CMU2030000000000D","Employer cost per hour worked / % of total compensation; Qtr1=March, Qtr2=June, Qtr3=Sept, Qtr4=Dec reference periods. NAICS-based series start 2004 Q1."
CMU2030000000000D,private industry,benefits,cost_per_hour_usd,2026,1,14.01,"BLS ECEC, https://data.bls.gov/timeseries/CMU2030000000000D","Employer cost per hour worked / % of total compensation; Qtr1=March, Qtr2=June, Qtr3=Sept, Qtr4=Dec reference periods. NAICS-based series start 2004 Q1."
CMU2030000000000D,private industry,benefits,cost_per_hour_usd,2026,2,14.07,"BLS ECEC, https://data.bls.gov/timeseries/CMU2030000000000D","Employer cost per hour worked / % of total compensation; Qtr1=March, Qtr2=June, Qtr3=Sept, Qtr4=Dec reference periods. NAICS-based series start 2004 Q1."
CMU2030000000000P,private industry,benefits,pct_total_comp,2004,1,28.5,"BLS ECEC, https://data.bls.gov/timeseries/CMU2030000000000P","Employer cost per hour worked / % of total compensation; Qtr1=March, Qtr2=June, Qtr3=Sept, Qtr4=Dec reference periods. NAICS-based series start 2004 Q1."
CMU2030000000000P,private industry,benefits,pct_total_comp,2004,2,28.6,"BLS ECEC, https://data.bls.gov/timeseries/CMU2030000000000P","Employer cost per hour worked / % of total compensation; Qtr1=March, Qtr2=June, Qtr3=Sept, Qtr4=Dec reference periods. NAICS-based series start 2004 Q1."
CMU2030000000000P,private industry,benefits,pct_total_comp,2004,3,28.6,"BLS ECEC, https://data.bls.gov/timeseries/CMU2030000000000P","Employer cost per hour worked / % of total compensation; Qtr1=March, Qtr2=June, Qtr3=Sept, Qtr4=Dec reference periods. NAICS-based series start 2004 Q1."
CMU2030000000000P,private industry,benefits,pct_total_comp,2004,4,28.8,"BLS ECEC, https://data.bls.gov/timeseries/CMU2030000000000P","Employer cost per hour worked / % of total compensation; Qtr1=March, Qtr2=June, Qtr3=Sept, Qtr4=Dec reference periods. NAICS-based series start 2004 Q1."
CMU2030000000000P,private industry,benefits,pct_total_comp,2005,1,29.0,"BLS ECEC, https://data.bls.gov/timeseries/CMU2030000000000P","Employer cost per hour worked / % of total compensation; Qtr1=March, Qtr2=June, Qtr3=Sept, Qtr4=Dec reference periods. NAICS-based series start 2004 Q1."
CMU2030000000000P,private industry,benefits,pct_total_comp,2005,2,29.0,"BLS ECEC, https://data.bls.gov/timeseries/CMU2030000000000P","Employer cost per hour worked / % of total compensation; Qtr1=March, Qtr2=June, Qtr3=Sept, Qtr4=Dec reference periods. NAICS-based series start 2004 Q1."
CMU2030000000000P,private industry,benefits,pct_total_comp,2005,3,29.2,"BLS ECEC, https://data.bls.gov/timeseries/CMU2030000000000P","Employer cost per hour worked / % of total compensation; Qtr1=March, Qtr2=June, Qtr3=Sept, Qtr4=Dec reference periods. NAICS-based series start 2004 Q1."
CMU2030000000000P,private industry,benefits,pct_total_comp,2005,4,29.2,"BLS ECEC, https://data.bls.gov/timeseries/CMU2030000000000P","Employer cost per hour worked / % of total compensation; Qtr1=March, Qtr2=June, Qtr3=Sept, Qtr4=Dec reference periods. NAICS-based series start 2004 Q1."
CMU2030000000000P,private industry,benefits,pct_total_comp,2006,1,29.3,"BLS ECEC, https://data.bls.gov/timeseries/CMU2030000000000P","Employer cost per hour worked / % of total compensation; Qtr1=March, Qtr2=June, Qtr3=Sept, Qtr4=Dec reference periods. NAICS-based series start 2004 Q1."
CMU2030000000000P,private industry,benefits,pct_total_comp,2006,2,29.4,"BLS ECEC, https://data.bls.gov/timeseries/CMU2030000000000P","Employer cost per hour worked / % of total compensation; Qtr1=March, Qtr2=June, Qtr3=Sept, Qtr4=Dec reference periods. NAICS-based series start 2004 Q1."
CMU2030000000000P,private industry,benefits,pct_total_comp,2006,3,29.3,"BLS ECEC, https://data.bls.gov/timeseries/CMU2030000000000P","Employer cost per hour worked / % of total compensation; Qtr1=March, Qtr2=June, Qtr3=Sept, Qtr4=Dec reference periods. NAICS-based series start 2004 Q1."
CMU2030000000000P,private industry,benefits,pct_total_comp,2006,4,29.5,"BLS ECEC, https://data.bls.gov/timeseries/CMU2030000000000P","Employer cost per hour worked / % of total compensation; Qtr1=March, Qtr2=June, Qtr3=Sept, Qtr4=Dec reference periods. NAICS-based series start 2004 Q1."
CMU2030000000000P,private industry,benefits,pct_total_comp,2007,1,29.2,"BLS ECEC, https://data.bls.gov/timeseries/CMU2030000000000P","Employer cost per hour worked / % of total compensation; Qtr1=March, Qtr2=June, Qtr3=Sept, Qtr4=Dec reference periods. NAICS-based series start 2004 Q1."
CMU2030000000000P,private industry,benefits,pct_total_comp,2007,2,29.4,"BLS ECEC, https://data.bls.gov/timeseries/CMU2030000000000P","Employer cost per hour worked / % of total compensation; Qtr1=March, Qtr2=June, Qtr3=Sept, Qtr4=Dec reference periods. NAICS-based series start 2004 Q1."
CMU2030000000000P,private industry,benefits,pct_total_comp,2007,3,29.4,"BLS ECEC, https://data.bls.gov/timeseries/CMU2030000000000P","Employer cost per hour worked / % of total compensation; Qtr1=March, Qtr2=June, Qtr3=Sept, Qtr4=Dec reference periods. NAICS-based series start 2004 Q1."
CMU2030000000000P,private industry,benefits,pct_total_comp,2007,4,29.3,"BLS ECEC, https://data.bls.gov/timeseries/CMU2030000000000P","Employer cost per hour worked / % of total compensation; Qtr1=March, Qtr2=June, Qtr3=Sept, Qtr4=Dec reference periods. NAICS-based series start 2004 Q1."
CMU2030000000000P,private industry,benefits,pct_total_comp,2008,1,29.4,"BLS ECEC, https://data.bls.gov/timeseries/CMU2030000000000P","Employer cost per hour worked / % of total compensation; Qtr1=March, Qtr2=June, Qtr3=Sept, Qtr4=Dec reference periods. NAICS-based series start 2004 Q1."
CMU2030000000000P,private industry,benefits,pct_total_comp,2008,2,29.4,"BLS ECEC, https://data.bls.gov/timeseries/CMU2030000000000P","Employer cost per hour worked / % of total compensation; Qtr1=March, Qtr2=June, Qtr3=Sept, Qtr4=Dec reference periods. NAICS-based series start 2004 Q1."
CMU2030000000000P,private industry,benefits,pct_total_comp,2008,3,29.3,"BLS ECEC, https://data.bls.gov/timeseries/CMU2030000000000P","Employer cost per hour worked / % of total compensation; Qtr1=March, Qtr2=June, Qtr3=Sept, Qtr4=Dec reference periods. NAICS-based series start 2004 Q1."
CMU2030000000000P,private industry,benefits,pct_total_comp,2008,4,29.2,"BLS ECEC, https://data.bls.gov/timeseries/CMU2030000000000P","Employer cost per hour worked / % of total compensation; Qtr1=March, Qtr2=June, Qtr3=Sept, Qtr4=Dec reference periods. NAICS-based series start 2004 Q1."
CMU2030000000000P,private industry,benefits,pct_total_comp,2009,1,29.2,"BLS ECEC, https://data.bls.gov/timeseries/CMU2030000000000P","Employer cost per hour worked / % of total compensation; Qtr1=March, Qtr2=June, Qtr3=Sept, Qtr4=Dec reference periods. NAICS-based series start 2004 Q1."
CMU2030000000000P,private industry,benefits,pct_total_comp,2009,2,29.3,"BLS ECEC, https://data.bls.gov/timeseries/CMU2030000000000P","Employer cost per hour worked / % of total compensation; Qtr1=March, Qtr2=June, Qtr3=Sept, Qtr4=Dec reference periods. NAICS-based series start 2004 Q1."
CMU2030000000000P,private industry,benefits,pct_total_comp,2009,3,29.3,"BLS ECEC, https://data.bls.gov/timeseries/CMU2030000000000P","Employer cost per hour worked / % of total compensation; Qtr1=March, Qtr2=June, Qtr3=Sept, Qtr4=Dec reference periods. NAICS-based series start 2004 Q1."
CMU2030000000000P,private industry,benefits,pct_total_comp,2009,4,29.2,"BLS ECEC, https://data.bls.gov/timeseries/CMU2030000000000P","Employer cost per hour worked / % of total compensation; Qtr1=March, Qtr2=June, Qtr3=Sept, Qtr4=Dec reference periods. NAICS-based series start 2004 Q1."
CMU2030000000000P,private industry,benefits,pct_total_comp,2010,1,29.4,"BLS ECEC, https://data.bls.gov/timeseries/CMU2030000000000P","Employer cost per hour worked / % of total compensation; Qtr1=March, Qtr2=June, Qtr3=Sept, Qtr4=Dec reference periods. NAICS-based series start 2004 Q1."
CMU2030000000000P,private industry,benefits,pct_total_comp,2010,2,29.4,"BLS ECEC, https://data.bls.gov/timeseries/CMU2030000000000P","Employer cost per hour worked / % of total compensation; Qtr1=March, Qtr2=June, Qtr3=Sept, Qtr4=Dec reference periods. NAICS-based series start 2004 Q1."
CMU2030000000000P,private industry,benefits,pct_total_comp,2010,3,29.4,"BLS ECEC, https://data.bls.gov/timeseries/CMU2030000000000P","Employer cost per hour worked / % of total compensation; Qtr1=March, Qtr2=June, Qtr3=Sept, Qtr4=Dec reference periods. NAICS-based series start 2004 Q1."
CMU2030000000000P,private industry,benefits,pct_total_comp,2010,4,29.2,"BLS ECEC, https://data.bls.gov/timeseries/CMU2030000000000P","Employer cost per hour worked / % of total compensation; Qtr1=March, Qtr2=June, Qtr3=Sept, Qtr4=Dec reference periods. NAICS-based series start 2004 Q1."
CMU2030000000000P,private industry,benefits,pct_total_comp,2011,1,29.3,"BLS ECEC, https://data.bls.gov/timeseries/CMU2030000000000P","Employer cost per hour worked / % of total compensation; Qtr1=March, Qtr2=June, Qtr3=Sept, Qtr4=Dec reference periods. NAICS-based series start 2004 Q1."
CMU2030000000000P,private industry,benefits,pct_total_comp,2011,2,29.6,"BLS ECEC, https://data.bls.gov/timeseries/CMU2030000000000P","Employer cost per hour worked / % of total compensation; Qtr1=March, Qtr2=June, Qtr3=Sept, Qtr4=Dec reference periods. NAICS-based series start 2004 Q1."
CMU2030000000000P,private industry,benefits,pct_total_comp,2011,3,29.5,"BLS ECEC, https://data.bls.gov/timeseries/CMU2030000000000P","Employer cost per hour worked / % of total compensation; Qtr1=March, Qtr2=June, Qtr3=Sept, Qtr4=Dec reference periods. NAICS-based series start 2004 Q1."
CMU2030000000000P,private industry,benefits,pct_total_comp,2011,4,29.5,"BLS ECEC, https://data.bls.gov/timeseries/CMU2030000000000P","Employer cost per hour worked / % of total compensation; Qtr1=March, Qtr2=June, Qtr3=Sept, Qtr4=Dec reference periods. NAICS-based series start 2004 Q1."
CMU2030000000000P,private industry,benefits,pct_total_comp,2012,1,29.6,"BLS ECEC, https://data.bls.gov/timeseries/CMU2030000000000P","Employer cost per hour worked / % of total compensation; Qtr1=March, Qtr2=June, Qtr3=Sept, Qtr4=Dec reference periods. NAICS-based series start 2004 Q1."
CMU2030000000000P,private industry,benefits,pct_total_comp,2012,2,29.6,"BLS ECEC, https://data.bls.gov/timeseries/CMU2030000000000P","Employer cost per hour worked / % of total compensation; Qtr1=March, Qtr2=June, Qtr3=Sept, Qtr4=Dec reference periods. NAICS-based series start 2004 Q1."
CMU2030000000000P,private industry,benefits,pct_total_comp,2012,3,29.6,"BLS ECEC, https://data.bls.gov/timeseries/CMU2030000000000P","Employer cost per hour worked / % of total compensation; Qtr1=March, Qtr2=June, Qtr3=Sept, Qtr4=Dec reference periods. NAICS-based series start 2004 Q1."
CMU2030000000000P,private industry,benefits,pct_total_comp,2012,4,29.6,"BLS ECEC, https://data.bls.gov/timeseries/CMU2030000000000P","Employer cost per hour worked / % of total compensation; Qtr1=March, Qtr2=June, Qtr3=Sept, Qtr4=Dec reference periods. NAICS-based series start 2004 Q1."
CMU2030000000000P,private industry,benefits,pct_total_comp,2013,1,29.7,"BLS ECEC, https://data.bls.gov/timeseries/CMU2030000000000P","Employer cost per hour worked / % of total compensation; Qtr1=March, Qtr2=June, Qtr3=Sept, Qtr4=Dec reference periods. NAICS-based series start 2004 Q1."
CMU2030000000000P,private industry,benefits,pct_total_comp,2013,2,29.7,"BLS ECEC, https://data.bls.gov/timeseries/CMU2030000000000P","Employer cost per hour worked / % of total compensation; Qtr1=March, Qtr2=June, Qtr3=Sept, Qtr4=Dec reference periods. NAICS-based series start 2004 Q1."
CMU2030000000000P,private industry,benefits,pct_total_comp,2013,3,29.7,"BLS ECEC, https://data.bls.gov/timeseries/CMU2030000000000P","Employer cost per hour worked / % of total compensation; Qtr1=March, Qtr2=June, Qtr3=Sept, Qtr4=Dec reference periods. NAICS-based series start 2004 Q1."
CMU2030000000000P,private industry,benefits,pct_total_comp,2013,4,29.9,"BLS ECEC, https://data.bls.gov/timeseries/CMU2030000000000P","Employer cost per hour worked / % of total compensation; Qtr1=March, Qtr2=June, Qtr3=Sept, Qtr4=Dec reference periods. NAICS-based series start 2004 Q1."
CMU2030000000000P,private industry,benefits,pct_total_comp,2014,1,30.1,"BLS ECEC, https://data.bls.gov/timeseries/CMU2030000000000P","Employer cost per hour worked / % of total compensation; Qtr1=March, Qtr2=June, Qtr3=Sept, Qtr4=Dec reference periods. NAICS-based series start 2004 Q1."
CMU2030000000000P,private industry,benefits,pct_total_comp,2014,2,30.2,"BLS ECEC, https://data.bls.gov/timeseries/CMU2030000000000P","Employer cost per hour worked / % of total compensation; Qtr1=March, Qtr2=June, Qtr3=Sept, Qtr4=Dec reference periods. NAICS-based series start 2004 Q1."
CMU2030000000000P,private industry,benefits,pct_total_comp,2014,3,30.2,"BLS ECEC, https://data.bls.gov/timeseries/CMU2030000000000P","Employer cost per hour worked / % of total compensation; Qtr1=March, Qtr2=June, Qtr3=Sept, Qtr4=Dec reference periods. NAICS-based series start 2004 Q1."
CMU2030000000000P,private industry,benefits,pct_total_comp,2014,4,30.6,"BLS ECEC, https://data.bls.gov/timeseries/CMU2030000000000P","Employer cost per hour worked / % of total compensation; Qtr1=March, Qtr2=June, Qtr3=Sept, Qtr4=Dec reference periods. NAICS-based series start 2004 Q1."
CMU2030000000000P,private industry,benefits,pct_total_comp,2015,1,30.7,"BLS ECEC, https://data.bls.gov/timeseries/CMU2030000000000P","Employer cost per hour worked / % of total compensation; Qtr1=March, Qtr2=June, Qtr3=Sept, Qtr4=Dec reference periods. NAICS-based series start 2004 Q1."
CMU2030000000000P,private industry,benefits,pct_total_comp,2015,2,30.5,"BLS ECEC, https://data.bls.gov/timeseries/CMU2030000000000P","Employer cost per hour worked / % of total compensation; Qtr1=March, Qtr2=June, Qtr3=Sept, Qtr4=Dec reference periods. NAICS-based series start 2004 Q1."
CMU2030000000000P,private industry,benefits,pct_total_comp,2015,3,30.3,"BLS ECEC, https://data.bls.gov/timeseries/CMU2030000000000P","Employer cost per hour worked / % of total compensation; Qtr1=March, Qtr2=June, Qtr3=Sept, Qtr4=Dec reference periods. NAICS-based series start 2004 Q1."
CMU2030000000000P,private industry,benefits,pct_total_comp,2015,4,30.2,"BLS ECEC, https://data.bls.gov/timeseries/CMU2030000000000P","Employer cost per hour worked / % of total compensation; Qtr1=March, Qtr2=June, Qtr3=Sept, Qtr4=Dec reference periods. NAICS-based series start 2004 Q1."
CMU2030000000000P,private industry,benefits,pct_total_comp,2016,1,30.3,"BLS ECEC, https://data.bls.gov/timeseries/CMU2030000000000P","Employer cost per hour worked / % of total compensation; Qtr1=March, Qtr2=June, Qtr3=Sept, Qtr4=Dec reference periods. NAICS-based series start 2004 Q1."
CMU2030000000000P,private industry,benefits,pct_total_comp,2016,2,30.3,"BLS ECEC, https://data.bls.gov/timeseries/CMU2030000000000P","Employer cost per hour worked / % of total compensation; Qtr1=March, Qtr2=June, Qtr3=Sept, Qtr4=Dec reference periods. NAICS-based series start 2004 Q1."
CMU2030000000000P,private industry,benefits,pct_total_comp,2016,3,30.2,"BLS ECEC, https://data.bls.gov/timeseries/CMU2030000000000P","Employer cost per hour worked / % of total compensation; Qtr1=March, Qtr2=June, Qtr3=Sept, Qtr4=Dec reference periods. NAICS-based series start 2004 Q1."
CMU2030000000000P,private industry,benefits,pct_total_comp,2016,4,30.3,"BLS ECEC, https://data.bls.gov/timeseries/CMU2030000000000P","Employer cost per hour worked / % of total compensation; Qtr1=March, Qtr2=June, Qtr3=Sept, Qtr4=Dec reference periods. NAICS-based series start 2004 Q1."
CMU2030000000000P,private industry,benefits,pct_total_comp,2017,1,30.4,"BLS ECEC, https://data.bls.gov/timeseries/CMU2030000000000P","Employer cost per hour worked / % of total compensation; Qtr1=March, Qtr2=June, Qtr3=Sept, Qtr4=Dec reference periods. NAICS-based series start 2004 Q1."
CMU2030000000000P,private industry,benefits,pct_total_comp,2017,2,30.4,"BLS ECEC, https://data.bls.gov/timeseries/CMU2030000000000P","Employer cost per hour worked / % of total compensation; Qtr1=March, Qtr2=June, Qtr3=Sept, Qtr4=Dec reference periods. NAICS-based series start 2004 Q1."
CMU2030000000000P,private industry,benefits,pct_total_comp,2017,3,30.4,"BLS ECEC, https://data.bls.gov/timeseries/CMU2030000000000P","Employer cost per hour worked / % of total compensation; Qtr1=March, Qtr2=June, Qtr3=Sept, Qtr4=Dec reference periods. NAICS-based series start 2004 Q1."
CMU2030000000000P,private industry,benefits,pct_total_comp,2017,4,30.4,"BLS ECEC, https://data.bls.gov/timeseries/CMU2030000000000P","Employer cost per hour worked / % of total compensation; Qtr1=March, Qtr2=June, Qtr3=Sept, Qtr4=Dec reference periods. NAICS-based series start 2004 Q1."
CMU2030000000000P,private industry,benefits,pct_total_comp,2018,1,30.5,"BLS ECEC, https://data.bls.gov/timeseries/CMU2030000000000P","Employer cost per hour worked / % of total compensation; Qtr1=March, Qtr2=June, Qtr3=Sept, Qtr4=Dec reference periods. NAICS-based series start 2004 Q1."
CMU2030000000000P,private industry,benefits,pct_total_comp,2018,2,30.4,"BLS ECEC, https://data.bls.gov/timeseries/CMU2030000000000P","Employer cost per hour worked / % of total compensation; Qtr1=March, Qtr2=June, Qtr3=Sept, Qtr4=Dec reference periods. NAICS-based series start 2004 Q1."
CMU2030000000000P,private industry,benefits,pct_total_comp,2018,3,30.3,"BLS ECEC, https://data.bls.gov/timeseries/CMU2030000000000P","Employer cost per hour worked / % of total compensation; Qtr1=March, Qtr2=June, Qtr3=Sept, Qtr4=Dec reference periods. NAICS-based series start 2004 Q1."
CMU2030000000000P,private industry,benefits,pct_total_comp,2018,4,30.0,"BLS ECEC, https://data.bls.gov/timeseries/CMU2030000000000P","Employer cost per hour worked / % of total compensation; Qtr1=March, Qtr2=June, Qtr3=Sept, Qtr4=Dec reference periods. NAICS-based series start 2004 Q1."
CMU2030000000000P,private industry,benefits,pct_total_comp,2019,1,29.9,"BLS ECEC, https://data.bls.gov/timeseries/CMU2030000000000P","Employer cost per hour worked / % of total compensation; Qtr1=March, Qtr2=June, Qtr3=Sept, Qtr4=Dec reference periods. NAICS-based series start 2004 Q1."
CMU2030000000000P,private industry,benefits,pct_total_comp,2019,2,29.9,"BLS ECEC, https://data.bls.gov/timeseries/CMU2030000000000P","Employer cost per hour worked / % of total compensation; Qtr1=March, Qtr2=June, Qtr3=Sept, Qtr4=Dec reference periods. NAICS-based series start 2004 Q1."
CMU2030000000000P,private industry,benefits,pct_total_comp,2019,3,29.9,"BLS ECEC, https://data.bls.gov/timeseries/CMU2030000000000P","Employer cost per hour worked / % of total compensation; Qtr1=March, Qtr2=June, Qtr3=Sept, Qtr4=Dec reference periods. NAICS-based series start 2004 Q1."
CMU2030000000000P,private industry,benefits,pct_total_comp,2019,4,29.9,"BLS ECEC, https://data.bls.gov/timeseries/CMU2030000000000P","Employer cost per hour worked / % of total compensation; Qtr1=March, Qtr2=June, Qtr3=Sept, Qtr4=Dec reference periods. NAICS-based series start 2004 Q1."
CMU2030000000000P,private industry,benefits,pct_total_comp,2020,1,29.8,"BLS ECEC, https://data.bls.gov/timeseries/CMU2030000000000P","Employer cost per hour worked / % of total compensation; Qtr1=March, Qtr2=June, Qtr3=Sept, Qtr4=Dec reference periods. NAICS-based series start 2004 Q1."
CMU2030000000000P,private industry,benefits,pct_total_comp,2020,2,30.0,"BLS ECEC, https://data.bls.gov/timeseries/CMU2030000000000P","Employer cost per hour worked / % of total compensation; Qtr1=March, Qtr2=June, Qtr3=Sept, Qtr4=Dec reference periods. NAICS-based series start 2004 Q1."
CMU2030000000000P,private industry,benefits,pct_total_comp,2020,3,29.8,"BLS ECEC, https://data.bls.gov/timeseries/CMU2030000000000P","Employer cost per hour worked / % of total compensation; Qtr1=March, Qtr2=June, Qtr3=Sept, Qtr4=Dec reference periods. NAICS-based series start 2004 Q1."
CMU2030000000000P,private industry,benefits,pct_total_comp,2020,4,29.7,"BLS ECEC, https://data.bls.gov/timeseries/CMU2030000000000P","Employer cost per hour worked / % of total compensation; Qtr1=March, Qtr2=June, Qtr3=Sept, Qtr4=Dec reference periods. NAICS-based series start 2004 Q1."
CMU2030000000000P,private industry,benefits,pct_total_comp,2021,1,29.6,"BLS ECEC, https://data.bls.gov/timeseries/CMU2030000000000P","Employer cost per hour worked / % of total compensation; Qtr1=March, Qtr2=June, Qtr3=Sept, Qtr4=Dec reference periods. NAICS-based series start 2004 Q1."
CMU2030000000000P,private industry,benefits,pct_total_comp,2021,2,29.4,"BLS ECEC, https://data.bls.gov/timeseries/CMU2030000000000P","Employer cost per hour worked / % of total compensation; Qtr1=March, Qtr2=June, Qtr3=Sept, Qtr4=Dec reference periods. NAICS-based series start 2004 Q1."
CMU2030000000000P,private industry,benefits,pct_total_comp,2021,3,29.2,"BLS ECEC, https://data.bls.gov/timeseries/CMU2030000000000P","Employer cost per hour worked / % of total compensation; Qtr1=March, Qtr2=June, Qtr3=Sept, Qtr4=Dec reference periods. NAICS-based series start 2004 Q1."
CMU2030000000000P,private industry,benefits,pct_total_comp,2021,4,29.5,"BLS ECEC, https://data.bls.gov/timeseries/CMU2030000000000P","Employer cost per hour worked / % of total compensation; Qtr1=March, Qtr2=June, Qtr3=Sept, Qtr4=Dec reference periods. NAICS-based series start 2004 Q1."
CMU2030000000000P,private industry,benefits,pct_total_comp,2022,1,29.6,"BLS ECEC, https://data.bls.gov/timeseries/CMU2030000000000P","Employer cost per hour worked / % of total compensation; Qtr1=March, Qtr2=June, Qtr3=Sept, Qtr4=Dec reference periods. NAICS-based series start 2004 Q1."
CMU2030000000000P,private industry,benefits,pct_total_comp,2022,2,29.5,"BLS ECEC, https://data.bls.gov/timeseries/CMU2030000000000P","Employer cost per hour worked / % of total compensation; Qtr1=March, Qtr2=June, Qtr3=Sept, Qtr4=Dec reference periods. NAICS-based series start 2004 Q1."
CMU2030000000000P,private industry,benefits,pct_total_comp,2022,3,29.5,"BLS ECEC, https://data.bls.gov/timeseries/CMU2030000000000P","Employer cost per hour worked / % of total compensation; Qtr1=March, Qtr2=June, Qtr3=Sept, Qtr4=Dec reference periods. NAICS-based series start 2004 Q1."
CMU2030000000000P,private industry,benefits,pct_total_comp,2022,4,29.5,"BLS ECEC, https://data.bls.gov/timeseries/CMU2030000000000P","Employer cost per hour worked / % of total compensation; Qtr1=March, Qtr2=June, Qtr3=Sept, Qtr4=Dec reference periods. NAICS-based series start 2004 Q1."
CMU2030000000000P,private industry,benefits,pct_total_comp,2023,1,29.5,"BLS ECEC, https://data.bls.gov/timeseries/CMU2030000000000P","Employer cost per hour worked / % of total compensation; Qtr1=March, Qtr2=June, Qtr3=Sept, Qtr4=Dec reference periods. NAICS-based series start 2004 Q1."
CMU2030000000000P,private industry,benefits,pct_total_comp,2023,2,29.4,"BLS ECEC, https://data.bls.gov/timeseries/CMU2030000000000P","Employer cost per hour worked / % of total compensation; Qtr1=March, Qtr2=June, Qtr3=Sept, Qtr4=Dec reference periods. NAICS-based series start 2004 Q1."
CMU2030000000000P,private industry,benefits,pct_total_comp,2023,3,29.4,"BLS ECEC, https://data.bls.gov/timeseries/CMU2030000000000P","Employer cost per hour worked / % of total compensation; Qtr1=March, Qtr2=June, Qtr3=Sept, Qtr4=Dec reference periods. NAICS-based series start 2004 Q1."
CMU2030000000000P,private industry,benefits,pct_total_comp,2023,4,29.6,"BLS ECEC, https://data.bls.gov/timeseries/CMU2030000000000P","Employer cost per hour worked / % of total compensation; Qtr1=March, Qtr2=June, Qtr3=Sept, Qtr4=Dec reference periods. NAICS-based series start 2004 Q1."
CMU2030000000000P,private industry,benefits,pct_total_comp,2024,1,29.7,"BLS ECEC, https://data.bls.gov/timeseries/CMU2030000000000P","Employer cost per hour worked / % of total compensation; Qtr1=March, Qtr2=June, Qtr3=Sept, Qtr4=Dec reference periods. NAICS-based series start 2004 Q1."
CMU2030000000000P,private industry,benefits,pct_total_comp,2024,2,29.7,"BLS ECEC, https://data.bls.gov/timeseries/CMU2030000000000P","Employer cost per hour worked / % of total compensation; Qtr1=March, Qtr2=June, Qtr3=Sept, Qtr4=Dec reference periods. NAICS-based series start 2004 Q1."
CMU2030000000000P,private industry,benefits,pct_total_comp,2024,3,29.6,"BLS ECEC, https://data.bls.gov/timeseries/CMU2030000000000P","Employer cost per hour worked / % of total compensation; Qtr1=March, Qtr2=June, Qtr3=Sept, Qtr4=Dec reference periods. NAICS-based series start 2004 Q1."
CMU2030000000000P,private industry,benefits,pct_total_comp,2024,4,29.5,"BLS ECEC, https://data.bls.gov/timeseries/CMU2030000000000P","Employer cost per hour worked / % of total compensation; Qtr1=March, Qtr2=June, Qtr3=Sept, Qtr4=Dec reference periods. NAICS-based series start 2004 Q1."
CMU2030000000000P,private industry,benefits,pct_total_comp,2025,1,29.7,"BLS ECEC, https://data.bls.gov/timeseries/CMU2030000000000P","Employer cost per hour worked / % of total compensation; Qtr1=March, Qtr2=June, Qtr3=Sept, Qtr4=Dec reference periods. NAICS-based series start 2004 Q1."
CMU2030000000000P,private industry,benefits,pct_total_comp,2025,2,29.8,"BLS ECEC, https://data.bls.gov/timeseries/CMU2030000000000P","Employer cost per hour worked / % of total compensation; Qtr1=March, Qtr2=June, Qtr3=Sept, Qtr4=Dec reference periods. NAICS-based series start 2004 Q1."
CMU2030000000000P,private industry,benefits,pct_total_comp,2025,3,29.7,"BLS ECEC, https://data.bls.gov/timeseries/CMU2030000000000P","Employer cost per hour worked / % of total compensation; Qtr1=March, Qtr2=June, Qtr3=Sept, Qtr4=Dec reference periods. NAICS-based series start 2004 Q1."
CMU2030000000000P,private industry,benefits,pct_total_comp,2025,4,29.9,"BLS ECEC, https://data.bls.gov/timeseries/CMU2030000000000P","Employer cost per hour worked / % of total compensation; Qtr1=March, Qtr2=June, Qtr3=Sept, Qtr4=Dec reference periods. NAICS-based series start 2004 Q1."
CMU2030000000000P,private industry,benefits,pct_total_comp,2026,1,30.1,"BLS ECEC, https://data.bls.gov/timeseries/CMU2030000000000P","Employer cost per hour worked / % of total compensation; Qtr1=March, Qtr2=June, Qtr3=Sept, Qtr4=Dec reference periods. NAICS-based series start 2004 Q1."
CMU2030000000000P,private industry,benefits,pct_total_comp,2026,2,30.0,"BLS ECEC, https://data.bls.gov/timeseries/CMU2030000000000P","Employer cost per hour worked / % of total compensation; Qtr1=March, Qtr2=June, Qtr3=Sept, Qtr4=Dec reference periods. NAICS-based series start 2004 Q1."
CMU2180000000000D,private industry,retirement,cost_per_hour_usd,2004,1,0.8,"BLS ECEC, https://data.bls.gov/timeseries/CMU2180000000000D","Employer cost per hour worked / % of total compensation; Qtr1=March, Qtr2=June, Qtr3=Sept, Qtr4=Dec reference periods. NAICS-based series start 2004 Q1."
CMU2180000000000D,private industry,retirement,cost_per_hour_usd,2004,2,0.82,"BLS ECEC, https://data.bls.gov/timeseries/CMU2180000000000D","Employer cost per hour worked / % of total compensation; Qtr1=March, Qtr2=June, Qtr3=Sept, Qtr4=Dec reference periods. NAICS-based series start 2004 Q1."
CMU2180000000000D,private industry,retirement,cost_per_hour_usd,2004,3,0.85,"BLS ECEC, https://data.bls.gov/timeseries/CMU2180000000000D","Employer cost per hour worked / % of total compensation; Qtr1=March, Qtr2=June, Qtr3=Sept, Qtr4=Dec reference periods. NAICS-based series start 2004 Q1."
CMU2180000000000D,private industry,retirement,cost_per_hour_usd,2004,4,0.88,"BLS ECEC, https://data.bls.gov/timeseries/CMU2180000000000D","Employer cost per hour worked / % of total compensation; Qtr1=March, Qtr2=June, Qtr3=Sept, Qtr4=Dec reference periods. NAICS-based series start 2004 Q1."
CMU2180000000000D,private industry,retirement,cost_per_hour_usd,2005,1,0.9,"BLS ECEC, https://data.bls.gov/timeseries/CMU2180000000000D","Employer cost per hour worked / % of total compensation; Qtr1=March, Qtr2=June, Qtr3=Sept, Qtr4=Dec reference periods. NAICS-based series start 2004 Q1."
CMU2180000000000D,private industry,retirement,cost_per_hour_usd,2005,2,0.88,"BLS ECEC, https://data.bls.gov/timeseries/CMU2180000000000D","Employer cost per hour worked / % of total compensation; Qtr1=March, Qtr2=June, Qtr3=Sept, Qtr4=Dec reference periods. NAICS-based series start 2004 Q1."
CMU2180000000000D,private industry,retirement,cost_per_hour_usd,2005,3,0.9,"BLS ECEC, https://data.bls.gov/timeseries/CMU2180000000000D","Employer cost per hour worked / % of total compensation; Qtr1=March, Qtr2=June, Qtr3=Sept, Qtr4=Dec reference periods. NAICS-based series start 2004 Q1."
CMU2180000000000D,private industry,retirement,cost_per_hour_usd,2005,4,0.89,"BLS ECEC, https://data.bls.gov/timeseries/CMU2180000000000D","Employer cost per hour worked / % of total compensation; Qtr1=March, Qtr2=June, Qtr3=Sept, Qtr4=Dec reference periods. NAICS-based series start 2004 Q1."
CMU2180000000000D,private industry,retirement,cost_per_hour_usd,2006,1,0.91,"BLS ECEC, https://data.bls.gov/timeseries/CMU2180000000000D","Employer cost per hour worked / % of total compensation; Qtr1=March, Qtr2=June, Qtr3=Sept, Qtr4=Dec reference periods. NAICS-based series start 2004 Q1."
CMU2180000000000D,private industry,retirement,cost_per_hour_usd,2006,2,0.91,"BLS ECEC, https://data.bls.gov/timeseries/CMU2180000000000D","Employer cost per hour worked / % of total compensation; Qtr1=March, Qtr2=June, Qtr3=Sept, Qtr4=Dec reference periods. NAICS-based series start 2004 Q1."
CMU2180000000000D,private industry,retirement,cost_per_hour_usd,2006,3,0.93,"BLS ECEC, https://data.bls.gov/timeseries/CMU2180000000000D","Employer cost per hour worked / % of total compensation; Qtr1=March, Qtr2=June, Qtr3=Sept, Qtr4=Dec reference periods. NAICS-based series start 2004 Q1."
CMU2180000000000D,private industry,retirement,cost_per_hour_usd,2006,4,0.94,"BLS ECEC, https://data.bls.gov/timeseries/CMU2180000000000D","Employer cost per hour worked / % of total compensation; Qtr1=March, Qtr2=June, Qtr3=Sept, Qtr4=Dec reference periods. NAICS-based series start 2004 Q1."
CMU2180000000000D,private industry,retirement,cost_per_hour_usd,2007,1,0.87,"BLS ECEC, https://data.bls.gov/timeseries/CMU2180000000000D","Employer cost per hour worked / % of total compensation; Qtr1=March, Qtr2=June, Qtr3=Sept, Qtr4=Dec reference periods. NAICS-based series start 2004 Q1."
CMU2180000000000D,private industry,retirement,cost_per_hour_usd,2007,2,0.88,"BLS ECEC, https://data.bls.gov/timeseries/CMU2180000000000D","Employer cost per hour worked / % of total compensation; Qtr1=March, Qtr2=June, Qtr3=Sept, Qtr4=Dec reference periods. NAICS-based series start 2004 Q1."
CMU2180000000000D,private industry,retirement,cost_per_hour_usd,2007,3,0.92,"BLS ECEC, https://data.bls.gov/timeseries/CMU2180000000000D","Employer cost per hour worked / % of total compensation; Qtr1=March, Qtr2=June, Qtr3=Sept, Qtr4=Dec reference periods. NAICS-based series start 2004 Q1."
CMU2180000000000D,private industry,retirement,cost_per_hour_usd,2007,4,0.95,"BLS ECEC, https://data.bls.gov/timeseries/CMU2180000000000D","Employer cost per hour worked / % of total compensation; Qtr1=March, Qtr2=June, Qtr3=Sept, Qtr4=Dec reference periods. NAICS-based series start 2004 Q1."
CMU2180000000000D,private industry,retirement,cost_per_hour_usd,2008,1,0.96,"BLS ECEC, https://data.bls.gov/timeseries/CMU2180000000000D","Employer cost per hour worked / % of total compensation; Qtr1=March, Qtr2=June, Qtr3=Sept, Qtr4=Dec reference periods. NAICS-based series start 2004 Q1."
CMU2180000000000D,private industry,retirement,cost_per_hour_usd,2008,2,0.95,"BLS ECEC, https://data.bls.gov/timeseries/CMU2180000000000D","Employer cost per hour worked / % of total compensation; Qtr1=March, Qtr2=June, Qtr3=Sept, Qtr4=Dec reference periods. NAICS-based series start 2004 Q1."
CMU2180000000000D,private industry,retirement,cost_per_hour_usd,2008,3,0.97,"BLS ECEC, https://data.bls.gov/timeseries/CMU2180000000000D","Employer cost per hour worked / % of total compensation; Qtr1=March, Qtr2=June, Qtr3=Sept, Qtr4=Dec reference periods. NAICS-based series start 2004 Q1."
CMU2180000000000D,private industry,retirement,cost_per_hour_usd,2008,4,0.96,"BLS ECEC, https://data.bls.gov/timeseries/CMU2180000000000D","Employer cost per hour worked / % of total compensation; Qtr1=March, Qtr2=June, Qtr3=Sept, Qtr4=Dec reference periods. NAICS-based series start 2004 Q1."
CMU2180000000000D,private industry,retirement,cost_per_hour_usd,2009,1,0.96,"BLS ECEC, https://data.bls.gov/timeseries/CMU2180000000000D","Employer cost per hour worked / % of total compensation; Qtr1=March, Qtr2=June, Qtr3=Sept, Qtr4=Dec reference periods. NAICS-based series start 2004 Q1."
CMU2180000000000D,private industry,retirement,cost_per_hour_usd,2009,2,0.95,"BLS ECEC, https://data.bls.gov/timeseries/CMU2180000000000D","Employer cost per hour worked / % of total compensation; Qtr1=March, Qtr2=June, Qtr3=Sept, Qtr4=Dec reference periods. NAICS-based series start 2004 Q1."
CMU2180000000000D,private industry,retirement,cost_per_hour_usd,2009,3,0.94,"BLS ECEC, https://data.bls.gov/timeseries/CMU2180000000000D","Employer cost per hour worked / % of total compensation; Qtr1=March, Qtr2=June, Qtr3=Sept, Qtr4=Dec reference periods. NAICS-based series start 2004 Q1."
CMU2180000000000D,private industry,retirement,cost_per_hour_usd,2009,4,0.92,"BLS ECEC, https://data.bls.gov/timeseries/CMU2180000000000D","Employer cost per hour worked / % of total compensation; Qtr1=March, Qtr2=June, Qtr3=Sept, Qtr4=Dec reference periods. NAICS-based series start 2004 Q1."
CMU2180000000000D,private industry,retirement,cost_per_hour_usd,2010,1,0.96,"BLS ECEC, https://data.bls.gov/timeseries/CMU2180000000000D","Employer cost per hour worked / % of total compensation; Qtr1=March, Qtr2=June, Qtr3=Sept, Qtr4=Dec reference periods. NAICS-based series start 2004 Q1."
CMU2180000000000D,private industry,retirement,cost_per_hour_usd,2010,2,0.96,"BLS ECEC, https://data.bls.gov/timeseries/CMU2180000000000D","Employer cost per hour worked / % of total compensation; Qtr1=March, Qtr2=June, Qtr3=Sept, Qtr4=Dec reference periods. NAICS-based series start 2004 Q1."
CMU2180000000000D,private industry,retirement,cost_per_hour_usd,2010,3,0.99,"BLS ECEC, https://data.bls.gov/timeseries/CMU2180000000000D","Employer cost per hour worked / % of total compensation; Qtr1=March, Qtr2=June, Qtr3=Sept, Qtr4=Dec reference periods. NAICS-based series start 2004 Q1."
CMU2180000000000D,private industry,retirement,cost_per_hour_usd,2010,4,0.97,"BLS ECEC, https://data.bls.gov/timeseries/CMU2180000000000D","Employer cost per hour worked / % of total compensation; Qtr1=March, Qtr2=June, Qtr3=Sept, Qtr4=Dec reference periods. NAICS-based series start 2004 Q1."
CMU2180000000000D,private industry,retirement,cost_per_hour_usd,2011,1,1.0,"BLS ECEC, https://data.bls.gov/timeseries/CMU2180000000000D","Employer cost per hour worked / % of total compensation; Qtr1=March, Qtr2=June, Qtr3=Sept, Qtr4=Dec reference periods. NAICS-based series start 2004 Q1."
CMU2180000000000D,private industry,retirement,cost_per_hour_usd,2011,2,1.03,"BLS ECEC, https://data.bls.gov/timeseries/CMU2180000000000D","Employer cost per hour worked / % of total compensation; Qtr1=March, Qtr2=June, Qtr3=Sept, Qtr4=Dec reference periods. NAICS-based series start 2004 Q1."
CMU2180000000000D,private industry,retirement,cost_per_hour_usd,2011,3,1.02,"BLS ECEC, https://data.bls.gov/timeseries/CMU2180000000000D","Employer cost per hour worked / % of total compensation; Qtr1=March, Qtr2=June, Qtr3=Sept, Qtr4=Dec reference periods. NAICS-based series start 2004 Q1."
CMU2180000000000D,private industry,retirement,cost_per_hour_usd,2011,4,1.02,"BLS ECEC, https://data.bls.gov/timeseries/CMU2180000000000D","Employer cost per hour worked / % of total compensation; Qtr1=March, Qtr2=June, Qtr3=Sept, Qtr4=Dec reference periods. NAICS-based series start 2004 Q1."
CMU2180000000000D,private industry,retirement,cost_per_hour_usd,2012,1,1.02,"BLS ECEC, https://data.bls.gov/timeseries/CMU2180000000000D","Employer cost per hour worked / % of total compensation; Qtr1=March, Qtr2=June, Qtr3=Sept, Qtr4=Dec reference periods. NAICS-based series start 2004 Q1."
CMU2180000000000D,private industry,retirement,cost_per_hour_usd,2012,2,1.02,"BLS ECEC, https://data.bls.gov/timeseries/CMU2180000000000D","Employer cost per hour worked / % of total compensation; Qtr1=March, Qtr2=June, Qtr3=Sept, Qtr4=Dec reference periods. NAICS-based series start 2004 Q1."
CMU2180000000000D,private industry,retirement,cost_per_hour_usd,2012,3,1.03,"BLS ECEC, https://data.bls.gov/timeseries/CMU2180000000000D","Employer cost per hour worked / % of total compensation; Qtr1=March, Qtr2=June, Qtr3=Sept, Qtr4=Dec reference periods. NAICS-based series start 2004 Q1."
CMU2180000000000D,private industry,retirement,cost_per_hour_usd,2012,4,1.04,"BLS ECEC, https://data.bls.gov/timeseries/CMU2180000000000D","Employer cost per hour worked / % of total compensation; Qtr1=March, Qtr2=June, Qtr3=Sept, Qtr4=Dec reference periods. NAICS-based series start 2004 Q1."
CMU2180000000000D,private industry,retirement,cost_per_hour_usd,2013,1,1.06,"BLS ECEC, https://data.bls.gov/timeseries/CMU2180000000000D","Employer cost per hour worked / % of total compensation; Qtr1=March, Qtr2=June, Qtr3=Sept, Qtr4=Dec reference periods. NAICS-based series start 2004 Q1."
CMU2180000000000D,private industry,retirement,cost_per_hour_usd,2013,2,1.07,"BLS ECEC, https://data.bls.gov/timeseries/CMU2180000000000D","Employer cost per hour worked / % of total compensation; Qtr1=March, Qtr2=June, Qtr3=Sept, Qtr4=Dec reference periods. NAICS-based series start 2004 Q1."
CMU2180000000000D,private industry,retirement,cost_per_hour_usd,2013,3,1.07,"BLS ECEC, https://data.bls.gov/timeseries/CMU2180000000000D","Employer cost per hour worked / % of total compensation; Qtr1=March, Qtr2=June, Qtr3=Sept, Qtr4=Dec reference periods. NAICS-based series start 2004 Q1."
CMU2180000000000D,private industry,retirement,cost_per_hour_usd,2013,4,1.1,"BLS ECEC, https://data.bls.gov/timeseries/CMU2180000000000D","Employer cost per hour worked / % of total compensation; Qtr1=March, Qtr2=June, Qtr3=Sept, Qtr4=Dec reference periods. NAICS-based series start 2004 Q1."
CMU2180000000000D,private industry,retirement,cost_per_hour_usd,2014,1,1.15,"BLS ECEC, https://data.bls.gov/timeseries/CMU2180000000000D","Employer cost per hour worked / % of total compensation; Qtr1=March, Qtr2=June, Qtr3=Sept, Qtr4=Dec reference periods. NAICS-based series start 2004 Q1."
CMU2180000000000D,private industry,retirement,cost_per_hour_usd,2014,2,1.23,"BLS ECEC, https://data.bls.gov/timeseries/CMU2180000000000D","Employer cost per hour worked / % of total compensation; Qtr1=March, Qtr2=June, Qtr3=Sept, Qtr4=Dec reference periods. NAICS-based series start 2004 Q1."
CMU2180000000000D,private industry,retirement,cost_per_hour_usd,2014,3,1.23,"BLS ECEC, https://data.bls.gov/timeseries/CMU2180000000000D","Employer cost per hour worked / % of total compensation; Qtr1=March, Qtr2=June, Qtr3=Sept, Qtr4=Dec reference periods. NAICS-based series start 2004 Q1."
CMU2180000000000D,private industry,retirement,cost_per_hour_usd,2014,4,1.3,"BLS ECEC, https://data.bls.gov/timeseries/CMU2180000000000D","Employer cost per hour worked / % of total compensation; Qtr1=March, Qtr2=June, Qtr3=Sept, Qtr4=Dec reference periods. NAICS-based series start 2004 Q1."
CMU2180000000000D,private industry,retirement,cost_per_hour_usd,2015,1,1.31,"BLS ECEC, https://data.bls.gov/timeseries/CMU2180000000000D","Employer cost per hour worked / % of total compensation; Qtr1=March, Qtr2=June, Qtr3=Sept, Qtr4=Dec reference periods. NAICS-based series start 2004 Q1."
CMU2180000000000D,private industry,retirement,cost_per_hour_usd,2015,2,1.24,"BLS ECEC, https://data.bls.gov/timeseries/CMU2180000000000D","Employer cost per hour worked / % of total compensation; Qtr1=March, Qtr2=June, Qtr3=Sept, Qtr4=Dec reference periods. NAICS-based series start 2004 Q1."
CMU2180000000000D,private industry,retirement,cost_per_hour_usd,2015,3,1.25,"BLS ECEC, https://data.bls.gov/timeseries/CMU2180000000000D","Employer cost per hour worked / % of total compensation; Qtr1=March, Qtr2=June, Qtr3=Sept, Qtr4=Dec reference periods. NAICS-based series start 2004 Q1."
CMU2180000000000D,private industry,retirement,cost_per_hour_usd,2015,4,1.25,"BLS ECEC, https://data.bls.gov/timeseries/CMU2180000000000D","Employer cost per hour worked / % of total compensation; Qtr1=March, Qtr2=June, Qtr3=Sept, Qtr4=Dec reference periods. NAICS-based series start 2004 Q1."
CMU2180000000000D,private industry,retirement,cost_per_hour_usd,2016,1,1.23,"BLS ECEC, https://data.bls.gov/timeseries/CMU2180000000000D","Employer cost per hour worked / % of total compensation; Qtr1=March, Qtr2=June, Qtr3=Sept, Qtr4=Dec reference periods. NAICS-based series start 2004 Q1."
CMU2180000000000D,private industry,retirement,cost_per_hour_usd,2016,2,1.27,"BLS ECEC, https://data.bls.gov/timeseries/CMU2180000000000D","Employer cost per hour worked / % of total compensation; Qtr1=March, Qtr2=June, Qtr3=Sept, Qtr4=Dec reference periods. NAICS-based series start 2004 Q1."
CMU2180000000000D,private industry,retirement,cost_per_hour_usd,2016,3,1.25,"BLS ECEC, https://data.bls.gov/timeseries/CMU2180000000000D","Employer cost per hour worked / % of total compensation; Qtr1=March, Qtr2=June, Qtr3=Sept, Qtr4=Dec reference periods. NAICS-based series start 2004 Q1."
CMU2180000000000D,private industry,retirement,cost_per_hour_usd,2016,4,1.31,"BLS ECEC, https://data.bls.gov/timeseries/CMU2180000000000D","Employer cost per hour worked / % of total compensation; Qtr1=March, Qtr2=June, Qtr3=Sept, Qtr4=Dec reference periods. NAICS-based series start 2004 Q1."
CMU2180000000000D,private industry,retirement,cost_per_hour_usd,2017,1,1.34,"BLS ECEC, https://data.bls.gov/timeseries/CMU2180000000000D","Employer cost per hour worked / % of total compensation; Qtr1=March, Qtr2=June, Qtr3=Sept, Qtr4=Dec reference periods. NAICS-based series start 2004 Q1."
CMU2180000000000D,private industry,retirement,cost_per_hour_usd,2017,2,1.36,"BLS ECEC, https://data.bls.gov/timeseries/CMU2180000000000D","Employer cost per hour worked / % of total compensation; Qtr1=March, Qtr2=June, Qtr3=Sept, Qtr4=Dec reference periods. NAICS-based series start 2004 Q1."
CMU2180000000000D,private industry,retirement,cost_per_hour_usd,2017,3,1.39,"BLS ECEC, https://data.bls.gov/timeseries/CMU2180000000000D","Employer cost per hour worked / % of total compensation; Qtr1=March, Qtr2=June, Qtr3=Sept, Qtr4=Dec reference periods. NAICS-based series start 2004 Q1."
CMU2180000000000D,private industry,retirement,cost_per_hour_usd,2017,4,1.29,"BLS ECEC, https://data.bls.gov/timeseries/CMU2180000000000D","Employer cost per hour worked / % of total compensation; Qtr1=March, Qtr2=June, Qtr3=Sept, Qtr4=Dec reference periods. NAICS-based series start 2004 Q1."
CMU2180000000000D,private industry,retirement,cost_per_hour_usd,2018,1,1.3,"BLS ECEC, https://data.bls.gov/timeseries/CMU2180000000000D","Employer cost per hour worked / % of total compensation; Qtr1=March, Qtr2=June, Qtr3=Sept, Qtr4=Dec reference periods. NAICS-based series start 2004 Q1."
CMU2180000000000D,private industry,retirement,cost_per_hour_usd,2018,2,1.35,"BLS ECEC, https://data.bls.gov/timeseries/CMU2180000000000D","Employer cost per hour worked / % of total compensation; Qtr1=March, Qtr2=June, Qtr3=Sept, Qtr4=Dec reference periods. NAICS-based series start 2004 Q1."
CMU2180000000000D,private industry,retirement,cost_per_hour_usd,2018,3,1.35,"BLS ECEC, https://data.bls.gov/timeseries/CMU2180000000000D","Employer cost per hour worked / % of total compensation; Qtr1=March, Qtr2=June, Qtr3=Sept, Qtr4=Dec reference periods. NAICS-based series start 2004 Q1."
CMU2180000000000D,private industry,retirement,cost_per_hour_usd,2018,4,1.32,"BLS ECEC, https://data.bls.gov/timeseries/CMU2180000000000D","Employer cost per hour worked / % of total compensation; Qtr1=March, Qtr2=June, Qtr3=Sept, Qtr4=Dec reference periods. NAICS-based series start 2004 Q1."
CMU2180000000000D,private industry,retirement,cost_per_hour_usd,2019,1,1.33,"BLS ECEC, https://data.bls.gov/timeseries/CMU2180000000000D","Employer cost per hour worked / % of total compensation; Qtr1=March, Qtr2=June, Qtr3=Sept, Qtr4=Dec reference periods. NAICS-based series start 2004 Q1."
CMU2180000000000D,private industry,retirement,cost_per_hour_usd,2019,2,1.31,"BLS ECEC, https://data.bls.gov/timeseries/CMU2180000000000D","Employer cost per hour worked / % of total compensation; Qtr1=March, Qtr2=June, Qtr3=Sept, Qtr4=Dec reference periods. NAICS-based series start 2004 Q1."
CMU2180000000000D,private industry,retirement,cost_per_hour_usd,2019,3,1.31,"BLS ECEC, https://data.bls.gov/timeseries/CMU2180000000000D","Employer cost per hour worked / % of total compensation; Qtr1=March, Qtr2=June, Qtr3=Sept, Qtr4=Dec reference periods. NAICS-based series start 2004 Q1."
CMU2180000000000D,private industry,retirement,cost_per_hour_usd,2019,4,1.22,"BLS ECEC, https://data.bls.gov/timeseries/CMU2180000000000D","Employer cost per hour worked / % of total compensation; Qtr1=March, Qtr2=June, Qtr3=Sept, Qtr4=Dec reference periods. NAICS-based series start 2004 Q1."
CMU2180000000000D,private industry,retirement,cost_per_hour_usd,2020,1,1.25,"BLS ECEC, https://data.bls.gov/timeseries/CMU2180000000000D","Employer cost per hour worked / % of total compensation; Qtr1=March, Qtr2=June, Qtr3=Sept, Qtr4=Dec reference periods. NAICS-based series start 2004 Q1."
CMU2180000000000D,private industry,retirement,cost_per_hour_usd,2020,2,1.29,"BLS ECEC, https://data.bls.gov/timeseries/CMU2180000000000D","Employer cost per hour worked / % of total compensation; Qtr1=March, Qtr2=June, Qtr3=Sept, Qtr4=Dec reference periods. NAICS-based series start 2004 Q1."
CMU2180000000000D,private industry,retirement,cost_per_hour_usd,2020,3,1.27,"BLS ECEC, https://data.bls.gov/timeseries/CMU2180000000000D","Employer cost per hour worked / % of total compensation; Qtr1=March, Qtr2=June, Qtr3=Sept, Qtr4=Dec reference periods. NAICS-based series start 2004 Q1."
CMU2180000000000D,private industry,retirement,cost_per_hour_usd,2020,4,1.25,"BLS ECEC, https://data.bls.gov/timeseries/CMU2180000000000D","Employer cost per hour worked / % of total compensation; Qtr1=March, Qtr2=June, Qtr3=Sept, Qtr4=Dec reference periods. NAICS-based series start 2004 Q1."
CMU2180000000000D,private industry,retirement,cost_per_hour_usd,2021,1,1.25,"BLS ECEC, https://data.bls.gov/timeseries/CMU2180000000000D","Employer cost per hour worked / % of total compensation; Qtr1=March, Qtr2=June, Qtr3=Sept, Qtr4=Dec reference periods. NAICS-based series start 2004 Q1."
CMU2180000000000D,private industry,retirement,cost_per_hour_usd,2021,2,1.25,"BLS ECEC, https://data.bls.gov/timeseries/CMU2180000000000D","Employer cost per hour worked / % of total compensation; Qtr1=March, Qtr2=June, Qtr3=Sept, Qtr4=Dec reference periods. NAICS-based series start 2004 Q1."
CMU2180000000000D,private industry,retirement,cost_per_hour_usd,2021,3,1.28,"BLS ECEC, https://data.bls.gov/timeseries/CMU2180000000000D","Employer cost per hour worked / % of total compensation; Qtr1=March, Qtr2=June, Qtr3=Sept, Qtr4=Dec reference periods. NAICS-based series start 2004 Q1."
CMU2180000000000D,private industry,retirement,cost_per_hour_usd,2021,4,1.32,"BLS ECEC, https://data.bls.gov/timeseries/CMU2180000000000D","Employer cost per hour worked / % of total compensation; Qtr1=March, Qtr2=June, Qtr3=Sept, Qtr4=Dec reference periods. NAICS-based series start 2004 Q1."
CMU2180000000000D,private industry,retirement,cost_per_hour_usd,2022,1,1.33,"BLS ECEC, https://data.bls.gov/timeseries/CMU2180000000000D","Employer cost per hour worked / % of total compensation; Qtr1=March, Qtr2=June, Qtr3=Sept, Qtr4=Dec reference periods. NAICS-based series start 2004 Q1."
CMU2180000000000D,private industry,retirement,cost_per_hour_usd,2022,2,1.33,"BLS ECEC, https://data.bls.gov/timeseries/CMU2180000000000D","Employer cost per hour worked / % of total compensation; Qtr1=March, Qtr2=June, Qtr3=Sept, Qtr4=Dec reference periods. NAICS-based series start 2004 Q1."
CMU2180000000000D,private industry,retirement,cost_per_hour_usd,2022,3,1.35,"BLS ECEC, https://data.bls.gov/timeseries/CMU2180000000000D","Employer cost per hour worked / % of total compensation; Qtr1=March, Qtr2=June, Qtr3=Sept, Qtr4=Dec reference periods. NAICS-based series start 2004 Q1."
CMU2180000000000D,private industry,retirement,cost_per_hour_usd,2022,4,1.36,"BLS ECEC, https://data.bls.gov/timeseries/CMU2180000000000D","Employer cost per hour worked / % of total compensation; Qtr1=March, Qtr2=June, Qtr3=Sept, Qtr4=Dec reference periods. NAICS-based series start 2004 Q1."
CMU2180000000000D,private industry,retirement,cost_per_hour_usd,2023,1,1.39,"BLS ECEC, https://data.bls.gov/timeseries/CMU2180000000000D","Employer cost per hour worked / % of total compensation; Qtr1=March, Qtr2=June, Qtr3=Sept, Qtr4=Dec reference periods. NAICS-based series start 2004 Q1."
CMU2180000000000D,private industry,retirement,cost_per_hour_usd,2023,2,1.39,"BLS ECEC, https://data.bls.gov/timeseries/CMU2180000000000D","Employer cost per hour worked / % of total compensation; Qtr1=March, Qtr2=June, Qtr3=Sept, Qtr4=Dec reference periods. NAICS-based series start 2004 Q1."
CMU2180000000000D,private industry,retirement,cost_per_hour_usd,2023,3,1.41,"BLS ECEC, https://data.bls.gov/timeseries/CMU2180000000000D","Employer cost per hour worked / % of total compensation; Qtr1=March, Qtr2=June, Qtr3=Sept, Qtr4=Dec reference periods. NAICS-based series start 2004 Q1."
CMU2180000000000D,private industry,retirement,cost_per_hour_usd,2023,4,1.5,"BLS ECEC, https://data.bls.gov/timeseries/CMU2180000000000D","Employer cost per hour worked / % of total compensation; Qtr1=March, Qtr2=June, Qtr3=Sept, Qtr4=Dec reference periods. NAICS-based series start 2004 Q1."
CMU2180000000000D,private industry,retirement,cost_per_hour_usd,2024,1,1.52,"BLS ECEC, https://data.bls.gov/timeseries/CMU2180000000000D","Employer cost per hour worked / % of total compensation; Qtr1=March, Qtr2=June, Qtr3=Sept, Qtr4=Dec reference periods. NAICS-based series start 2004 Q1."
CMU2180000000000D,private industry,retirement,cost_per_hour_usd,2024,2,1.52,"BLS ECEC, https://data.bls.gov/timeseries/CMU2180000000000D","Employer cost per hour worked / % of total compensation; Qtr1=March, Qtr2=June, Qtr3=Sept, Qtr4=Dec reference periods. NAICS-based series start 2004 Q1."
CMU2180000000000D,private industry,retirement,cost_per_hour_usd,2024,3,1.54,"BLS ECEC, https://data.bls.gov/timeseries/CMU2180000000000D","Employer cost per hour worked / % of total compensation; Qtr1=March, Qtr2=June, Qtr3=Sept, Qtr4=Dec reference periods. NAICS-based series start 2004 Q1."
CMU2180000000000D,private industry,retirement,cost_per_hour_usd,2024,4,1.52,"BLS ECEC, https://data.bls.gov/timeseries/CMU2180000000000D","Employer cost per hour worked / % of total compensation; Qtr1=March, Qtr2=June, Qtr3=Sept, Qtr4=Dec reference periods. NAICS-based series start 2004 Q1."
CMU2180000000000D,private industry,retirement,cost_per_hour_usd,2025,1,1.53,"BLS ECEC, https://data.bls.gov/timeseries/CMU2180000000000D","Employer cost per hour worked / % of total compensation; Qtr1=March, Qtr2=June, Qtr3=Sept, Qtr4=Dec reference periods. NAICS-based series start 2004 Q1."
CMU2180000000000D,private industry,retirement,cost_per_hour_usd,2025,2,1.54,"BLS ECEC, https://data.bls.gov/timeseries/CMU2180000000000D","Employer cost per hour worked / % of total compensation; Qtr1=March, Qtr2=June, Qtr3=Sept, Qtr4=Dec reference periods. NAICS-based series start 2004 Q1."
CMU2180000000000D,private industry,retirement,cost_per_hour_usd,2025,3,1.55,"BLS ECEC, https://data.bls.gov/timeseries/CMU2180000000000D","Employer cost per hour worked / % of total compensation; Qtr1=March, Qtr2=June, Qtr3=Sept, Qtr4=Dec reference periods. NAICS-based series start 2004 Q1."
CMU2180000000000D,private industry,retirement,cost_per_hour_usd,2025,4,1.55,"BLS ECEC, https://data.bls.gov/timeseries/CMU2180000000000D","Employer cost per hour worked / % of total compensation; Qtr1=March, Qtr2=June, Qtr3=Sept, Qtr4=Dec reference periods. NAICS-based series start 2004 Q1."
CMU2180000000000D,private industry,retirement,cost_per_hour_usd,2026,1,1.57,"BLS ECEC, https://data.bls.gov/timeseries/CMU2180000000000D","Employer cost per hour worked / % of total compensation; Qtr1=March, Qtr2=June, Qtr3=Sept, Qtr4=Dec reference periods. NAICS-based series start 2004 Q1."
CMU2180000000000D,private industry,retirement,cost_per_hour_usd,2026,2,1.57,"BLS ECEC, https://data.bls.gov/timeseries/CMU2180000000000D","Employer cost per hour worked / % of total compensation; Qtr1=March, Qtr2=June, Qtr3=Sept, Qtr4=Dec reference periods. NAICS-based series start 2004 Q1."
CMU2180000000000P,private industry,retirement,pct_total_comp,2004,1,3.4,"BLS ECEC, https://data.bls.gov/timeseries/CMU2180000000000P","Employer cost per hour worked / % of total compensation; Qtr1=March, Qtr2=June, Qtr3=Sept, Qtr4=Dec reference periods. NAICS-based series start 2004 Q1."
CMU2180000000000P,private industry,retirement,pct_total_comp,2004,2,3.5,"BLS ECEC, https://data.bls.gov/timeseries/CMU2180000000000P","Employer cost per hour worked / % of total compensation; Qtr1=March, Qtr2=June, Qtr3=Sept, Qtr4=Dec reference periods. NAICS-based series start 2004 Q1."
CMU2180000000000P,private industry,retirement,pct_total_comp,2004,3,3.6,"BLS ECEC, https://data.bls.gov/timeseries/CMU2180000000000P","Employer cost per hour worked / % of total compensation; Qtr1=March, Qtr2=June, Qtr3=Sept, Qtr4=Dec reference periods. NAICS-based series start 2004 Q1."
CMU2180000000000P,private industry,retirement,pct_total_comp,2004,4,3.7,"BLS ECEC, https://data.bls.gov/timeseries/CMU2180000000000P","Employer cost per hour worked / % of total compensation; Qtr1=March, Qtr2=June, Qtr3=Sept, Qtr4=Dec reference periods. NAICS-based series start 2004 Q1."
CMU2180000000000P,private industry,retirement,pct_total_comp,2005,1,3.7,"BLS ECEC, https://data.bls.gov/timeseries/CMU2180000000000P","Employer cost per hour worked / % of total compensation; Qtr1=March, Qtr2=June, Qtr3=Sept, Qtr4=Dec reference periods. NAICS-based series start 2004 Q1."
CMU2180000000000P,private industry,retirement,pct_total_comp,2005,2,3.6,"BLS ECEC, https://data.bls.gov/timeseries/CMU2180000000000P","Employer cost per hour worked / % of total compensation; Qtr1=March, Qtr2=June, Qtr3=Sept, Qtr4=Dec reference periods. NAICS-based series start 2004 Q1."
CMU2180000000000P,private industry,retirement,pct_total_comp,2005,3,3.7,"BLS ECEC, https://data.bls.gov/timeseries/CMU2180000000000P","Employer cost per hour worked / % of total compensation; Qtr1=March, Qtr2=June, Qtr3=Sept, Qtr4=Dec reference periods. NAICS-based series start 2004 Q1."
CMU2180000000000P,private industry,retirement,pct_total_comp,2005,4,3.6,"BLS ECEC, https://data.bls.gov/timeseries/CMU2180000000000P","Employer cost per hour worked / % of total compensation; Qtr1=March, Qtr2=June, Qtr3=Sept, Qtr4=Dec reference periods. NAICS-based series start 2004 Q1."
CMU2180000000000P,private industry,retirement,pct_total_comp,2006,1,3.6,"BLS ECEC, https://data.bls.gov/timeseries/CMU2180000000000P","Employer cost per hour worked / % of total compensation; Qtr1=March, Qtr2=June, Qtr3=Sept, Qtr4=Dec reference periods. NAICS-based series start 2004 Q1."
CMU2180000000000P,private industry,retirement,pct_total_comp,2006,2,3.6,"BLS ECEC, https://data.bls.gov/timeseries/CMU2180000000000P","Employer cost per hour worked / % of total compensation; Qtr1=March, Qtr2=June, Qtr3=Sept, Qtr4=Dec reference periods. NAICS-based series start 2004 Q1."
CMU2180000000000P,private industry,retirement,pct_total_comp,2006,3,3.6,"BLS ECEC, https://data.bls.gov/timeseries/CMU2180000000000P","Employer cost per hour worked / % of total compensation; Qtr1=March, Qtr2=June, Qtr3=Sept, Qtr4=Dec reference periods. NAICS-based series start 2004 Q1."
CMU2180000000000P,private industry,retirement,pct_total_comp,2006,4,3.7,"BLS ECEC, https://data.bls.gov/timeseries/CMU2180000000000P","Employer cost per hour worked / % of total compensation; Qtr1=March, Qtr2=June, Qtr3=Sept, Qtr4=Dec reference periods. NAICS-based series start 2004 Q1."
CMU2180000000000P,private industry,retirement,pct_total_comp,2007,1,3.3,"BLS ECEC, https://data.bls.gov/timeseries/CMU2180000000000P","Employer cost per hour worked / % of total compensation; Qtr1=March, Qtr2=June, Qtr3=Sept, Qtr4=Dec reference periods. NAICS-based series start 2004 Q1."
CMU2180000000000P,private industry,retirement,pct_total_comp,2007,2,3.4,"BLS ECEC, https://data.bls.gov/timeseries/CMU2180000000000P","Employer cost per hour worked / % of total compensation; Qtr1=March, Qtr2=June, Qtr3=Sept, Qtr4=Dec reference periods. NAICS-based series start 2004 Q1."
CMU2180000000000P,private industry,retirement,pct_total_comp,2007,3,3.5,"BLS ECEC, https://data.bls.gov/timeseries/CMU2180000000000P","Employer cost per hour worked / % of total compensation; Qtr1=March, Qtr2=June, Qtr3=Sept, Qtr4=Dec reference periods. NAICS-based series start 2004 Q1."
CMU2180000000000P,private industry,retirement,pct_total_comp,2007,4,3.6,"BLS ECEC, https://data.bls.gov/timeseries/CMU2180000000000P","Employer cost per hour worked / % of total compensation; Qtr1=March, Qtr2=June, Qtr3=Sept, Qtr4=Dec reference periods. NAICS-based series start 2004 Q1."
CMU2180000000000P,private industry,retirement,pct_total_comp,2008,1,3.6,"BLS ECEC, https://data.bls.gov/timeseries/CMU2180000000000P","Employer cost per hour worked / % of total compensation; Qtr1=March, Qtr2=June, Qtr3=Sept, Qtr4=Dec reference periods. NAICS-based series start 2004 Q1."
CMU2180000000000P,private industry,retirement,pct_total_comp,2008,2,3.6,"BLS ECEC, https://data.bls.gov/timeseries/CMU2180000000000P","Employer cost per hour worked / % of total compensation; Qtr1=March, Qtr2=June, Qtr3=Sept, Qtr4=Dec reference periods. NAICS-based series start 2004 Q1."
CMU2180000000000P,private industry,retirement,pct_total_comp,2008,3,3.6,"BLS ECEC, https://data.bls.gov/timeseries/CMU2180000000000P","Employer cost per hour worked / % of total compensation; Qtr1=March, Qtr2=June, Qtr3=Sept, Qtr4=Dec reference periods. NAICS-based series start 2004 Q1."
CMU2180000000000P,private industry,retirement,pct_total_comp,2008,4,3.5,"BLS ECEC, https://data.bls.gov/timeseries/CMU2180000000000P","Employer cost per hour worked / % of total compensation; Qtr1=March, Qtr2=June, Qtr3=Sept, Qtr4=Dec reference periods. NAICS-based series start 2004 Q1."
CMU2180000000000P,private industry,retirement,pct_total_comp,2009,1,3.5,"BLS ECEC, https://data.bls.gov/timeseries/CMU2180000000000P","Employer cost per hour worked / % of total compensation; Qtr1=March, Qtr2=June, Qtr3=Sept, Qtr4=Dec reference periods. NAICS-based series start 2004 Q1."
CMU2180000000000P,private industry,retirement,pct_total_comp,2009,2,3.4,"BLS ECEC, https://data.bls.gov/timeseries/CMU2180000000000P","Employer cost per hour worked / % of total compensation; Qtr1=March, Qtr2=June, Qtr3=Sept, Qtr4=Dec reference periods. NAICS-based series start 2004 Q1."
CMU2180000000000P,private industry,retirement,pct_total_comp,2009,3,3.4,"BLS ECEC, https://data.bls.gov/timeseries/CMU2180000000000P","Employer cost per hour worked / % of total compensation; Qtr1=March, Qtr2=June, Qtr3=Sept, Qtr4=Dec reference periods. NAICS-based series start 2004 Q1."
CMU2180000000000P,private industry,retirement,pct_total_comp,2009,4,3.4,"BLS ECEC, https://data.bls.gov/timeseries/CMU2180000000000P","Employer cost per hour worked / % of total compensation; Qtr1=March, Qtr2=June, Qtr3=Sept, Qtr4=Dec reference periods. NAICS-based series start 2004 Q1."
CMU2180000000000P,private industry,retirement,pct_total_comp,2010,1,3.5,"BLS ECEC, https://data.bls.gov/timeseries/CMU2180000000000P","Employer cost per hour worked / % of total compensation; Qtr1=March, Qtr2=June, Qtr3=Sept, Qtr4=Dec reference periods. NAICS-based series start 2004 Q1."
CMU2180000000000P,private industry,retirement,pct_total_comp,2010,2,3.5,"BLS ECEC, https://data.bls.gov/timeseries/CMU2180000000000P","Employer cost per hour worked / % of total compensation; Qtr1=March, Qtr2=June, Qtr3=Sept, Qtr4=Dec reference periods. NAICS-based series start 2004 Q1."
CMU2180000000000P,private industry,retirement,pct_total_comp,2010,3,3.6,"BLS ECEC, https://data.bls.gov/timeseries/CMU2180000000000P","Employer cost per hour worked / % of total compensation; Qtr1=March, Qtr2=June, Qtr3=Sept, Qtr4=Dec reference periods. NAICS-based series start 2004 Q1."
CMU2180000000000P,private industry,retirement,pct_total_comp,2010,4,3.5,"BLS ECEC, https://data.bls.gov/timeseries/CMU2180000000000P","Employer cost per hour worked / % of total compensation; Qtr1=March, Qtr2=June, Qtr3=Sept, Qtr4=Dec reference periods. NAICS-based series start 2004 Q1."
CMU2180000000000P,private industry,retirement,pct_total_comp,2011,1,3.5,"BLS ECEC, https://data.bls.gov/timeseries/CMU2180000000000P","Employer cost per hour worked / % of total compensation; Qtr1=March, Qtr2=June, Qtr3=Sept, Qtr4=Dec reference periods. NAICS-based series start 2004 Q1."
CMU2180000000000P,private industry,retirement,pct_total_comp,2011,2,3.7,"BLS ECEC, https://data.bls.gov/timeseries/CMU2180000000000P","Employer cost per hour worked / % of total compensation; Qtr1=March, Qtr2=June, Qtr3=Sept, Qtr4=Dec reference periods. NAICS-based series start 2004 Q1."
CMU2180000000000P,private industry,retirement,pct_total_comp,2011,3,3.6,"BLS ECEC, https://data.bls.gov/timeseries/CMU2180000000000P","Employer cost per hour worked / % of total compensation; Qtr1=March, Qtr2=June, Qtr3=Sept, Qtr4=Dec reference periods. NAICS-based series start 2004 Q1."
CMU2180000000000P,private industry,retirement,pct_total_comp,2011,4,3.6,"BLS ECEC, https://data.bls.gov/timeseries/CMU2180000000000P","Employer cost per hour worked / % of total compensation; Qtr1=March, Qtr2=June, Qtr3=Sept, Qtr4=Dec reference periods. NAICS-based series start 2004 Q1."
CMU2180000000000P,private industry,retirement,pct_total_comp,2012,1,3.6,"BLS ECEC, https://data.bls.gov/timeseries/CMU2180000000000P","Employer cost per hour worked / % of total compensation; Qtr1=March, Qtr2=June, Qtr3=Sept, Qtr4=Dec reference periods. NAICS-based series start 2004 Q1."
CMU2180000000000P,private industry,retirement,pct_total_comp,2012,2,3.5,"BLS ECEC, https://data.bls.gov/timeseries/CMU2180000000000P","Employer cost per hour worked / % of total compensation; Qtr1=March, Qtr2=June, Qtr3=Sept, Qtr4=Dec reference periods. NAICS-based series start 2004 Q1."
CMU2180000000000P,private industry,retirement,pct_total_comp,2012,3,3.6,"BLS ECEC, https://data.bls.gov/timeseries/CMU2180000000000P","Employer cost per hour worked / % of total compensation; Qtr1=March, Qtr2=June, Qtr3=Sept, Qtr4=Dec reference periods. NAICS-based series start 2004 Q1."
CMU2180000000000P,private industry,retirement,pct_total_comp,2012,4,3.6,"BLS ECEC, https://data.bls.gov/timeseries/CMU2180000000000P","Employer cost per hour worked / % of total compensation; Qtr1=March, Qtr2=June, Qtr3=Sept, Qtr4=Dec reference periods. NAICS-based series start 2004 Q1."
CMU2180000000000P,private industry,retirement,pct_total_comp,2013,1,3.6,"BLS ECEC, https://data.bls.gov/timeseries/CMU2180000000000P","Employer cost per hour worked / % of total compensation; Qtr1=March, Qtr2=June, Qtr3=Sept, Qtr4=Dec reference periods. NAICS-based series start 2004 Q1."
CMU2180000000000P,private industry,retirement,pct_total_comp,2013,2,3.7,"BLS ECEC, https://data.bls.gov/timeseries/CMU2180000000000P","Employer cost per hour worked / % of total compensation; Qtr1=March, Qtr2=June, Qtr3=Sept, Qtr4=Dec reference periods. NAICS-based series start 2004 Q1."
CMU2180000000000P,private industry,retirement,pct_total_comp,2013,3,3.7,"BLS ECEC, https://data.bls.gov/timeseries/CMU2180000000000P","Employer cost per hour worked / % of total compensation; Qtr1=March, Qtr2=June, Qtr3=Sept, Qtr4=Dec reference periods. NAICS-based series start 2004 Q1."
CMU2180000000000P,private industry,retirement,pct_total_comp,2013,4,3.7,"BLS ECEC, https://data.bls.gov/timeseries/CMU2180000000000P","Employer cost per hour worked / % of total compensation; Qtr1=March, Qtr2=June, Qtr3=Sept, Qtr4=Dec reference periods. NAICS-based series start 2004 Q1."
CMU2180000000000P,private industry,retirement,pct_total_comp,2014,1,3.8,"BLS ECEC, https://data.bls.gov/timeseries/CMU2180000000000P","Employer cost per hour worked / % of total compensation; Qtr1=March, Qtr2=June, Qtr3=Sept, Qtr4=Dec reference periods. NAICS-based series start 2004 Q1."
CMU2180000000000P,private industry,retirement,pct_total_comp,2014,2,4.1,"BLS ECEC, https://data.bls.gov/timeseries/CMU2180000000000P","Employer cost per hour worked / % of total compensation; Qtr1=March, Qtr2=June, Qtr3=Sept, Qtr4=Dec reference periods. NAICS-based series start 2004 Q1."
CMU2180000000000P,private industry,retirement,pct_total_comp,2014,3,4.1,"BLS ECEC, https://data.bls.gov/timeseries/CMU2180000000000P","Employer cost per hour worked / % of total compensation; Qtr1=March, Qtr2=June, Qtr3=Sept, Qtr4=Dec reference periods. NAICS-based series start 2004 Q1."
CMU2180000000000P,private industry,retirement,pct_total_comp,2014,4,4.2,"BLS ECEC, https://data.bls.gov/timeseries/CMU2180000000000P","Employer cost per hour worked / % of total compensation; Qtr1=March, Qtr2=June, Qtr3=Sept, Qtr4=Dec reference periods. NAICS-based series start 2004 Q1."
CMU2180000000000P,private industry,retirement,pct_total_comp,2015,1,4.1,"BLS ECEC, https://data.bls.gov/timeseries/CMU2180000000000P","Employer cost per hour worked / % of total compensation; Qtr1=March, Qtr2=June, Qtr3=Sept, Qtr4=Dec reference periods. NAICS-based series start 2004 Q1."
CMU2180000000000P,private industry,retirement,pct_total_comp,2015,2,4.0,"BLS ECEC, https://data.bls.gov/timeseries/CMU2180000000000P","Employer cost per hour worked / % of total compensation; Qtr1=March, Qtr2=June, Qtr3=Sept, Qtr4=Dec reference periods. NAICS-based series start 2004 Q1."
CMU2180000000000P,private industry,retirement,pct_total_comp,2015,3,4.0,"BLS ECEC, https://data.bls.gov/timeseries/CMU2180000000000P","Employer cost per hour worked / % of total compensation; Qtr1=March, Qtr2=June, Qtr3=Sept, Qtr4=Dec reference periods. NAICS-based series start 2004 Q1."
CMU2180000000000P,private industry,retirement,pct_total_comp,2015,4,4.0,"BLS ECEC, https://data.bls.gov/timeseries/CMU2180000000000P","Employer cost per hour worked / % of total compensation; Qtr1=March, Qtr2=June, Qtr3=Sept, Qtr4=Dec reference periods. NAICS-based series start 2004 Q1."
CMU2180000000000P,private industry,retirement,pct_total_comp,2016,1,3.8,"BLS ECEC, https://data.bls.gov/timeseries/CMU2180000000000P","Employer cost per hour worked / % of total compensation; Qtr1=March, Qtr2=June, Qtr3=Sept, Qtr4=Dec reference periods. NAICS-based series start 2004 Q1."
CMU2180000000000P,private industry,retirement,pct_total_comp,2016,2,3.9,"BLS ECEC, https://data.bls.gov/timeseries/CMU2180000000000P","Employer cost per hour worked / % of total compensation; Qtr1=March, Qtr2=June, Qtr3=Sept, Qtr4=Dec reference periods. NAICS-based series start 2004 Q1."
CMU2180000000000P,private industry,retirement,pct_total_comp,2016,3,3.9,"BLS ECEC, https://data.bls.gov/timeseries/CMU2180000000000P","Employer cost per hour worked / % of total compensation; Qtr1=March, Qtr2=June, Qtr3=Sept, Qtr4=Dec reference periods. NAICS-based series start 2004 Q1."
CMU2180000000000P,private industry,retirement,pct_total_comp,2016,4,4.0,"BLS ECEC, https://data.bls.gov/timeseries/CMU2180000000000P","Employer cost per hour worked / % of total compensation; Qtr1=March, Qtr2=June, Qtr3=Sept, Qtr4=Dec reference periods. NAICS-based series start 2004 Q1."
CMU2180000000000P,private industry,retirement,pct_total_comp,2017,1,4.0,"BLS ECEC, https://data.bls.gov/timeseries/CMU2180000000000P","Employer cost per hour worked / % of total compensation; Qtr1=March, Qtr2=June, Qtr3=Sept, Qtr4=Dec reference periods. NAICS-based series start 2004 Q1."
CMU2180000000000P,private industry,retirement,pct_total_comp,2017,2,4.1,"BLS ECEC, https://data.bls.gov/timeseries/CMU2180000000000P","Employer cost per hour worked / % of total compensation; Qtr1=March, Qtr2=June, Qtr3=Sept, Qtr4=Dec reference periods. NAICS-based series start 2004 Q1."
CMU2180000000000P,private industry,retirement,pct_total_comp,2017,3,4.1,"BLS ECEC, https://data.bls.gov/timeseries/CMU2180000000000P","Employer cost per hour worked / % of total compensation; Qtr1=March, Qtr2=June, Qtr3=Sept, Qtr4=Dec reference periods. NAICS-based series start 2004 Q1."
CMU2180000000000P,private industry,retirement,pct_total_comp,2017,4,3.8,"BLS ECEC, https://data.bls.gov/timeseries/CMU2180000000000P","Employer cost per hour worked / % of total compensation; Qtr1=March, Qtr2=June, Qtr3=Sept, Qtr4=Dec reference periods. NAICS-based series start 2004 Q1."
CMU2180000000000P,private industry,retirement,pct_total_comp,2018,1,3.8,"BLS ECEC, https://data.bls.gov/timeseries/CMU2180000000000P","Employer cost per hour worked / % of total compensation; Qtr1=March, Qtr2=June, Qtr3=Sept, Qtr4=Dec reference periods. NAICS-based series start 2004 Q1."
CMU2180000000000P,private industry,retirement,pct_total_comp,2018,2,3.9,"BLS ECEC, https://data.bls.gov/timeseries/CMU2180000000000P","Employer cost per hour worked / % of total compensation; Qtr1=March, Qtr2=June, Qtr3=Sept, Qtr4=Dec reference periods. NAICS-based series start 2004 Q1."
CMU2180000000000P,private industry,retirement,pct_total_comp,2018,3,3.9,"BLS ECEC, https://data.bls.gov/timeseries/CMU2180000000000P","Employer cost per hour worked / % of total compensation; Qtr1=March, Qtr2=June, Qtr3=Sept, Qtr4=Dec reference periods. NAICS-based series start 2004 Q1."
CMU2180000000000P,private industry,retirement,pct_total_comp,2018,4,3.9,"BLS ECEC, https://data.bls.gov/timeseries/CMU2180000000000P","Employer cost per hour worked / % of total compensation; Qtr1=March, Qtr2=June, Qtr3=Sept, Qtr4=Dec reference periods. NAICS-based series start 2004 Q1."
CMU2180000000000P,private industry,retirement,pct_total_comp,2019,1,3.9,"BLS ECEC, https://data.bls.gov/timeseries/CMU2180000000000P","Employer cost per hour worked / % of total compensation; Qtr1=March, Qtr2=June, Qtr3=Sept, Qtr4=Dec reference periods. NAICS-based series start 2004 Q1."
CMU2180000000000P,private industry,retirement,pct_total_comp,2019,2,3.8,"BLS ECEC, https://data.bls.gov/timeseries/CMU2180000000000P","Employer cost per hour worked / % of total compensation; Qtr1=March, Qtr2=June, Qtr3=Sept, Qtr4=Dec reference periods. NAICS-based series start 2004 Q1."
CMU2180000000000P,private industry,retirement,pct_total_comp,2019,3,3.8,"BLS ECEC, https://data.bls.gov/timeseries/CMU2180000000000P","Employer cost per hour worked / % of total compensation; Qtr1=March, Qtr2=June, Qtr3=Sept, Qtr4=Dec reference periods. NAICS-based series start 2004 Q1."
CMU2180000000000P,private industry,retirement,pct_total_comp,2019,4,3.5,"BLS ECEC, https://data.bls.gov/timeseries/CMU2180000000000P","Employer cost per hour worked / % of total compensation; Qtr1=March, Qtr2=June, Qtr3=Sept, Qtr4=Dec reference periods. NAICS-based series start 2004 Q1."
CMU2180000000000P,private industry,retirement,pct_total_comp,2020,1,3.5,"BLS ECEC, https://data.bls.gov/timeseries/CMU2180000000000P","Employer cost per hour worked / % of total compensation; Qtr1=March, Qtr2=June, Qtr3=Sept, Qtr4=Dec reference periods. NAICS-based series start 2004 Q1."
CMU2180000000000P,private industry,retirement,pct_total_comp,2020,2,3.6,"BLS ECEC, https://data.bls.gov/timeseries/CMU2180000000000P","Employer cost per hour worked / % of total compensation; Qtr1=March, Qtr2=June, Qtr3=Sept, Qtr4=Dec reference periods. NAICS-based series start 2004 Q1."
CMU2180000000000P,private industry,retirement,pct_total_comp,2020,3,3.5,"BLS ECEC, https://data.bls.gov/timeseries/CMU2180000000000P","Employer cost per hour worked / % of total compensation; Qtr1=March, Qtr2=June, Qtr3=Sept, Qtr4=Dec reference periods. NAICS-based series start 2004 Q1."
CMU2180000000000P,private industry,retirement,pct_total_comp,2020,4,3.4,"BLS ECEC, https://data.bls.gov/timeseries/CMU2180000000000P","Employer cost per hour worked / % of total compensation; Qtr1=March, Qtr2=June, Qtr3=Sept, Qtr4=Dec reference periods. NAICS-based series start 2004 Q1."
CMU2180000000000P,private industry,retirement,pct_total_comp,2021,1,3.4,"BLS ECEC, https://data.bls.gov/timeseries/CMU2180000000000P","Employer cost per hour worked / % of total compensation; Qtr1=March, Qtr2=June, Qtr3=Sept, Qtr4=Dec reference periods. NAICS-based series start 2004 Q1."
CMU2180000000000P,private industry,retirement,pct_total_comp,2021,2,3.4,"BLS ECEC, https://data.bls.gov/timeseries/CMU2180000000000P","Employer cost per hour worked / % of total compensation; Qtr1=March, Qtr2=June, Qtr3=Sept, Qtr4=Dec reference periods. NAICS-based series start 2004 Q1."
CMU2180000000000P,private industry,retirement,pct_total_comp,2021,3,3.4,"BLS ECEC, https://data.bls.gov/timeseries/CMU2180000000000P","Employer cost per hour worked / % of total compensation; Qtr1=March, Qtr2=June, Qtr3=Sept, Qtr4=Dec reference periods. NAICS-based series start 2004 Q1."
CMU2180000000000P,private industry,retirement,pct_total_comp,2021,4,3.5,"BLS ECEC, https://data.bls.gov/timeseries/CMU2180000000000P","Employer cost per hour worked / % of total compensation; Qtr1=March, Qtr2=June, Qtr3=Sept, Qtr4=Dec reference periods. NAICS-based series start 2004 Q1."
CMU2180000000000P,private industry,retirement,pct_total_comp,2022,1,3.5,"BLS ECEC, https://data.bls.gov/timeseries/CMU2180000000000P","Employer cost per hour worked / % of total compensation; Qtr1=March, Qtr2=June, Qtr3=Sept, Qtr4=Dec reference periods. NAICS-based series start 2004 Q1."
CMU2180000000000P,private industry,retirement,pct_total_comp,2022,2,3.4,"BLS ECEC, https://data.bls.gov/timeseries/CMU2180000000000P","Employer cost per hour worked / % of total compensation; Qtr1=March, Qtr2=June, Qtr3=Sept, Qtr4=Dec reference periods. NAICS-based series start 2004 Q1."
CMU2180000000000P,private industry,retirement,pct_total_comp,2022,3,3.4,"BLS ECEC, https://data.bls.gov/timeseries/CMU2180000000000P","Employer cost per hour worked / % of total compensation; Qtr1=March, Qtr2=June, Qtr3=Sept, Qtr4=Dec reference periods. NAICS-based series start 2004 Q1."
CMU2180000000000P,private industry,retirement,pct_total_comp,2022,4,3.4,"BLS ECEC, https://data.bls.gov/timeseries/CMU2180000000000P","Employer cost per hour worked / % of total compensation; Qtr1=March, Qtr2=June, Qtr3=Sept, Qtr4=Dec reference periods. NAICS-based series start 2004 Q1."
CMU2180000000000P,private industry,retirement,pct_total_comp,2023,1,3.4,"BLS ECEC, https://data.bls.gov/timeseries/CMU2180000000000P","Employer cost per hour worked / % of total compensation; Qtr1=March, Qtr2=June, Qtr3=Sept, Qtr4=Dec reference periods. NAICS-based series start 2004 Q1."
CMU2180000000000P,private industry,retirement,pct_total_comp,2023,2,3.4,"BLS ECEC, https://data.bls.gov/timeseries/CMU2180000000000P","Employer cost per hour worked / % of total compensation; Qtr1=March, Qtr2=June, Qtr3=Sept, Qtr4=Dec reference periods. NAICS-based series start 2004 Q1."
CMU2180000000000P,private industry,retirement,pct_total_comp,2023,3,3.4,"BLS ECEC, https://data.bls.gov/timeseries/CMU2180000000000P","Employer cost per hour worked / % of total compensation; Qtr1=March, Qtr2=June, Qtr3=Sept, Qtr4=Dec reference periods. NAICS-based series start 2004 Q1."
CMU2180000000000P,private industry,retirement,pct_total_comp,2023,4,3.5,"BLS ECEC, https://data.bls.gov/timeseries/CMU2180000000000P","Employer cost per hour worked / % of total compensation; Qtr1=March, Qtr2=June, Qtr3=Sept, Qtr4=Dec reference periods. NAICS-based series start 2004 Q1."
CMU2180000000000P,private industry,retirement,pct_total_comp,2024,1,3.5,"BLS ECEC, https://data.bls.gov/timeseries/CMU2180000000000P","Employer cost per hour worked / % of total compensation; Qtr1=March, Qtr2=June, Qtr3=Sept, Qtr4=Dec reference periods. NAICS-based series start 2004 Q1."
CMU2180000000000P,private industry,retirement,pct_total_comp,2024,2,3.5,"BLS ECEC, https://data.bls.gov/timeseries/CMU2180000000000P","Employer cost per hour worked / % of total compensation; Qtr1=March, Qtr2=June, Qtr3=Sept, Qtr4=Dec reference periods. NAICS-based series start 2004 Q1."
CMU2180000000000P,private industry,retirement,pct_total_comp,2024,3,3.5,"BLS ECEC, https://data.bls.gov/timeseries/CMU2180000000000P","Employer cost per hour worked / % of total compensation; Qtr1=March, Qtr2=June, Qtr3=Sept, Qtr4=Dec reference periods. NAICS-based series start 2004 Q1."
CMU2180000000000P,private industry,retirement,pct_total_comp,2024,4,3.4,"BLS ECEC, https://data.bls.gov/timeseries/CMU2180000000000P","Employer cost per hour worked / % of total compensation; Qtr1=March, Qtr2=June, Qtr3=Sept, Qtr4=Dec reference periods. NAICS-based series start 2004 Q1."
CMU2180000000000P,private industry,retirement,pct_total_comp,2025,1,3.4,"BLS ECEC, https://data.bls.gov/timeseries/CMU2180000000000P","Employer cost per hour worked / % of total compensation; Qtr1=March, Qtr2=June, Qtr3=Sept, Qtr4=Dec reference periods. NAICS-based series start 2004 Q1."
CMU2180000000000P,private industry,retirement,pct_total_comp,2025,2,3.4,"BLS ECEC, https://data.bls.gov/timeseries/CMU2180000000000P","Employer cost per hour worked / % of total compensation; Qtr1=March, Qtr2=June, Qtr3=Sept, Qtr4=Dec reference periods. NAICS-based series start 2004 Q1."
CMU2180000000000P,private industry,retirement,pct_total_comp,2025,3,3.4,"BLS ECEC, https://data.bls.gov/timeseries/CMU2180000000000P","Employer cost per hour worked / % of total compensation; Qtr1=March, Qtr2=June, Qtr3=Sept, Qtr4=Dec reference periods. NAICS-based series start 2004 Q1."
CMU2180000000000P,private industry,retirement,pct_total_comp,2025,4,3.4,"BLS ECEC, https://data.bls.gov/timeseries/CMU2180000000000P","Employer cost per hour worked / % of total compensation; Qtr1=March, Qtr2=June, Qtr3=Sept, Qtr4=Dec reference periods. NAICS-based series start 2004 Q1."
CMU2180000000000P,private industry,retirement,pct_total_comp,2026,1,3.4,"BLS ECEC, https://data.bls.gov/timeseries/CMU2180000000000P","Employer cost per hour worked / % of total compensation; Qtr1=March, Qtr2=June, Qtr3=Sept, Qtr4=Dec reference periods. NAICS-based series start 2004 Q1."
CMU2180000000000P,private industry,retirement,pct_total_comp,2026,2,3.3,"BLS ECEC, https://data.bls.gov/timeseries/CMU2180000000000P","Employer cost per hour worked / % of total compensation; Qtr1=March, Qtr2=June, Qtr3=Sept, Qtr4=Dec reference periods. NAICS-based series start 2004 Q1."
CMU2190000000000D,private industry,db,cost_per_hour_usd,2004,1,0.37,"BLS ECEC, https://data.bls.gov/timeseries/CMU2190000000000D","Employer cost per hour worked / % of total compensation; Qtr1=March, Qtr2=June, Qtr3=Sept, Qtr4=Dec reference periods. NAICS-based series start 2004 Q1."
CMU2190000000000D,private industry,db,cost_per_hour_usd,2004,2,0.4,"BLS ECEC, https://data.bls.gov/timeseries/CMU2190000000000D","Employer cost per hour worked / % of total compensation; Qtr1=March, Qtr2=June, Qtr3=Sept, Qtr4=Dec reference periods. NAICS-based series start 2004 Q1."
CMU2190000000000D,private industry,db,cost_per_hour_usd,2004,3,0.41,"BLS ECEC, https://data.bls.gov/timeseries/CMU2190000000000D","Employer cost per hour worked / % of total compensation; Qtr1=March, Qtr2=June, Qtr3=Sept, Qtr4=Dec reference periods. NAICS-based series start 2004 Q1."
CMU2190000000000D,private industry,db,cost_per_hour_usd,2004,4,0.44,"BLS ECEC, https://data.bls.gov/timeseries/CMU2190000000000D","Employer cost per hour worked / % of total compensation; Qtr1=March, Qtr2=June, Qtr3=Sept, Qtr4=Dec reference periods. NAICS-based series start 2004 Q1."
CMU2190000000000D,private industry,db,cost_per_hour_usd,2005,1,0.45,"BLS ECEC, https://data.bls.gov/timeseries/CMU2190000000000D","Employer cost per hour worked / % of total compensation; Qtr1=March, Qtr2=June, Qtr3=Sept, Qtr4=Dec reference periods. NAICS-based series start 2004 Q1."
CMU2190000000000D,private industry,db,cost_per_hour_usd,2005,2,0.44,"BLS ECEC, https://data.bls.gov/timeseries/CMU2190000000000D","Employer cost per hour worked / % of total compensation; Qtr1=March, Qtr2=June, Qtr3=Sept, Qtr4=Dec reference periods. NAICS-based series start 2004 Q1."
CMU2190000000000D,private industry,db,cost_per_hour_usd,2005,3,0.45,"BLS ECEC, https://data.bls.gov/timeseries/CMU2190000000000D","Employer cost per hour worked / % of total compensation; Qtr1=March, Qtr2=June, Qtr3=Sept, Qtr4=Dec reference periods. NAICS-based series start 2004 Q1."
CMU2190000000000D,private industry,db,cost_per_hour_usd,2005,4,0.43,"BLS ECEC, https://data.bls.gov/timeseries/CMU2190000000000D","Employer cost per hour worked / % of total compensation; Qtr1=March, Qtr2=June, Qtr3=Sept, Qtr4=Dec reference periods. NAICS-based series start 2004 Q1."
CMU2190000000000D,private industry,db,cost_per_hour_usd,2006,1,0.44,"BLS ECEC, https://data.bls.gov/timeseries/CMU2190000000000D","Employer cost per hour worked / % of total compensation; Qtr1=March, Qtr2=June, Qtr3=Sept, Qtr4=Dec reference periods. NAICS-based series start 2004 Q1."
CMU2190000000000D,private industry,db,cost_per_hour_usd,2006,2,0.45,"BLS ECEC, https://data.bls.gov/timeseries/CMU2190000000000D","Employer cost per hour worked / % of total compensation; Qtr1=March, Qtr2=June, Qtr3=Sept, Qtr4=Dec reference periods. NAICS-based series start 2004 Q1."
CMU2190000000000D,private industry,db,cost_per_hour_usd,2006,3,0.46,"BLS ECEC, https://data.bls.gov/timeseries/CMU2190000000000D","Employer cost per hour worked / % of total compensation; Qtr1=March, Qtr2=June, Qtr3=Sept, Qtr4=Dec reference periods. NAICS-based series start 2004 Q1."
CMU2190000000000D,private industry,db,cost_per_hour_usd,2006,4,0.47,"BLS ECEC, https://data.bls.gov/timeseries/CMU2190000000000D","Employer cost per hour worked / % of total compensation; Qtr1=March, Qtr2=June, Qtr3=Sept, Qtr4=Dec reference periods. NAICS-based series start 2004 Q1."
CMU2190000000000D,private industry,db,cost_per_hour_usd,2007,1,0.39,"BLS ECEC, https://data.bls.gov/timeseries/CMU2190000000000D","Employer cost per hour worked / % of total compensation; Qtr1=March, Qtr2=June, Qtr3=Sept, Qtr4=Dec reference periods. NAICS-based series start 2004 Q1."
CMU2190000000000D,private industry,db,cost_per_hour_usd,2007,2,0.41,"BLS ECEC, https://data.bls.gov/timeseries/CMU2190000000000D","Employer cost per hour worked / % of total compensation; Qtr1=March, Qtr2=June, Qtr3=Sept, Qtr4=Dec reference periods. NAICS-based series start 2004 Q1."
CMU2190000000000D,private industry,db,cost_per_hour_usd,2007,3,0.43,"BLS ECEC, https://data.bls.gov/timeseries/CMU2190000000000D","Employer cost per hour worked / % of total compensation; Qtr1=March, Qtr2=June, Qtr3=Sept, Qtr4=Dec reference periods. NAICS-based series start 2004 Q1."
CMU2190000000000D,private industry,db,cost_per_hour_usd,2007,4,0.43,"BLS ECEC, https://data.bls.gov/timeseries/CMU2190000000000D","Employer cost per hour worked / % of total compensation; Qtr1=March, Qtr2=June, Qtr3=Sept, Qtr4=Dec reference periods. NAICS-based series start 2004 Q1."
CMU2190000000000D,private industry,db,cost_per_hour_usd,2008,1,0.43,"BLS ECEC, https://data.bls.gov/timeseries/CMU2190000000000D","Employer cost per hour worked / % of total compensation; Qtr1=March, Qtr2=June, Qtr3=Sept, Qtr4=Dec reference periods. NAICS-based series start 2004 Q1."
CMU2190000000000D,private industry,db,cost_per_hour_usd,2008,2,0.42,"BLS ECEC, https://data.bls.gov/timeseries/CMU2190000000000D","Employer cost per hour worked / % of total compensation; Qtr1=March, Qtr2=June, Qtr3=Sept, Qtr4=Dec reference periods. NAICS-based series start 2004 Q1."
CMU2190000000000D,private industry,db,cost_per_hour_usd,2008,3,0.43,"BLS ECEC, https://data.bls.gov/timeseries/CMU2190000000000D","Employer cost per hour worked / % of total compensation; Qtr1=March, Qtr2=June, Qtr3=Sept, Qtr4=Dec reference periods. NAICS-based series start 2004 Q1."
CMU2190000000000D,private industry,db,cost_per_hour_usd,2008,4,0.42,"BLS ECEC, https://data.bls.gov/timeseries/CMU2190000000000D","Employer cost per hour worked / % of total compensation; Qtr1=March, Qtr2=June, Qtr3=Sept, Qtr4=Dec reference periods. NAICS-based series start 2004 Q1."
CMU2190000000000D,private industry,db,cost_per_hour_usd,2009,1,0.41,"BLS ECEC, https://data.bls.gov/timeseries/CMU2190000000000D","Employer cost per hour worked / % of total compensation; Qtr1=March, Qtr2=June, Qtr3=Sept, Qtr4=Dec reference periods. NAICS-based series start 2004 Q1."
CMU2190000000000D,private industry,db,cost_per_hour_usd,2009,2,0.41,"BLS ECEC, https://data.bls.gov/timeseries/CMU2190000000000D","Employer cost per hour worked / % of total compensation; Qtr1=March, Qtr2=June, Qtr3=Sept, Qtr4=Dec reference periods. NAICS-based series start 2004 Q1."
CMU2190000000000D,private industry,db,cost_per_hour_usd,2009,3,0.4,"BLS ECEC, https://data.bls.gov/timeseries/CMU2190000000000D","Employer cost per hour worked / % of total compensation; Qtr1=March, Qtr2=June, Qtr3=Sept, Qtr4=Dec reference periods. NAICS-based series start 2004 Q1."
CMU2190000000000D,private industry,db,cost_per_hour_usd,2009,4,0.38,"BLS ECEC, https://data.bls.gov/timeseries/CMU2190000000000D","Employer cost per hour worked / % of total compensation; Qtr1=March, Qtr2=June, Qtr3=Sept, Qtr4=Dec reference periods. NAICS-based series start 2004 Q1."
CMU2190000000000D,private industry,db,cost_per_hour_usd,2010,1,0.41,"BLS ECEC, https://data.bls.gov/timeseries/CMU2190000000000D","Employer cost per hour worked / % of total compensation; Qtr1=March, Qtr2=June, Qtr3=Sept, Qtr4=Dec reference periods. NAICS-based series start 2004 Q1."
CMU2190000000000D,private industry,db,cost_per_hour_usd,2010,2,0.42,"BLS ECEC, https://data.bls.gov/timeseries/CMU2190000000000D","Employer cost per hour worked / % of total compensation; Qtr1=March, Qtr2=June, Qtr3=Sept, Qtr4=Dec reference periods. NAICS-based series start 2004 Q1."
CMU2190000000000D,private industry,db,cost_per_hour_usd,2010,3,0.44,"BLS ECEC, https://data.bls.gov/timeseries/CMU2190000000000D","Employer cost per hour worked / % of total compensation; Qtr1=March, Qtr2=June, Qtr3=Sept, Qtr4=Dec reference periods. NAICS-based series start 2004 Q1."
CMU2190000000000D,private industry,db,cost_per_hour_usd,2010,4,0.41,"BLS ECEC, https://data.bls.gov/timeseries/CMU2190000000000D","Employer cost per hour worked / % of total compensation; Qtr1=March, Qtr2=June, Qtr3=Sept, Qtr4=Dec reference periods. NAICS-based series start 2004 Q1."
CMU2190000000000D,private industry,db,cost_per_hour_usd,2011,1,0.42,"BLS ECEC, https://data.bls.gov/timeseries/CMU2190000000000D","Employer cost per hour worked / % of total compensation; Qtr1=March, Qtr2=June, Qtr3=Sept, Qtr4=Dec reference periods. NAICS-based series start 2004 Q1."
CMU2190000000000D,private industry,db,cost_per_hour_usd,2011,2,0.46,"BLS ECEC, https://data.bls.gov/timeseries/CMU2190000000000D","Employer cost per hour worked / % of total compensation; Qtr1=March, Qtr2=June, Qtr3=Sept, Qtr4=Dec reference periods. NAICS-based series start 2004 Q1."
CMU2190000000000D,private industry,db,cost_per_hour_usd,2011,3,0.45,"BLS ECEC, https://data.bls.gov/timeseries/CMU2190000000000D","Employer cost per hour worked / % of total compensation; Qtr1=March, Qtr2=June, Qtr3=Sept, Qtr4=Dec reference periods. NAICS-based series start 2004 Q1."
CMU2190000000000D,private industry,db,cost_per_hour_usd,2011,4,0.43,"BLS ECEC, https://data.bls.gov/timeseries/CMU2190000000000D","Employer cost per hour worked / % of total compensation; Qtr1=March, Qtr2=June, Qtr3=Sept, Qtr4=Dec reference periods. NAICS-based series start 2004 Q1."
CMU2190000000000D,private industry,db,cost_per_hour_usd,2012,1,0.43,"BLS ECEC, https://data.bls.gov/timeseries/CMU2190000000000D","Employer cost per hour worked / % of total compensation; Qtr1=March, Qtr2=June, Qtr3=Sept, Qtr4=Dec reference periods. NAICS-based series start 2004 Q1."
CMU2190000000000D,private industry,db,cost_per_hour_usd,2012,2,0.43,"BLS ECEC, https://data.bls.gov/timeseries/CMU2190000000000D","Employer cost per hour worked / % of total compensation; Qtr1=March, Qtr2=June, Qtr3=Sept, Qtr4=Dec reference periods. NAICS-based series start 2004 Q1."
CMU2190000000000D,private industry,db,cost_per_hour_usd,2012,3,0.44,"BLS ECEC, https://data.bls.gov/timeseries/CMU2190000000000D","Employer cost per hour worked / % of total compensation; Qtr1=March, Qtr2=June, Qtr3=Sept, Qtr4=Dec reference periods. NAICS-based series start 2004 Q1."
CMU2190000000000D,private industry,db,cost_per_hour_usd,2012,4,0.44,"BLS ECEC, https://data.bls.gov/timeseries/CMU2190000000000D","Employer cost per hour worked / % of total compensation; Qtr1=March, Qtr2=June, Qtr3=Sept, Qtr4=Dec reference periods. NAICS-based series start 2004 Q1."
CMU2190000000000D,private industry,db,cost_per_hour_usd,2013,1,0.45,"BLS ECEC, https://data.bls.gov/timeseries/CMU2190000000000D","Employer cost per hour worked / % of total compensation; Qtr1=March, Qtr2=June, Qtr3=Sept, Qtr4=Dec reference periods. NAICS-based series start 2004 Q1."
CMU2190000000000D,private industry,db,cost_per_hour_usd,2013,2,0.47,"BLS ECEC, https://data.bls.gov/timeseries/CMU2190000000000D","Employer cost per hour worked / % of total compensation; Qtr1=March, Qtr2=June, Qtr3=Sept, Qtr4=Dec reference periods. NAICS-based series start 2004 Q1."
CMU2190000000000D,private industry,db,cost_per_hour_usd,2013,3,0.46,"BLS ECEC, https://data.bls.gov/timeseries/CMU2190000000000D","Employer cost per hour worked / % of total compensation; Qtr1=March, Qtr2=June, Qtr3=Sept, Qtr4=Dec reference periods. NAICS-based series start 2004 Q1."
CMU2190000000000D,private industry,db,cost_per_hour_usd,2013,4,0.47,"BLS ECEC, https://data.bls.gov/timeseries/CMU2190000000000D","Employer cost per hour worked / % of total compensation; Qtr1=March, Qtr2=June, Qtr3=Sept, Qtr4=Dec reference periods. NAICS-based series start 2004 Q1."
CMU2190000000000D,private industry,db,cost_per_hour_usd,2014,1,0.5,"BLS ECEC, https://data.bls.gov/timeseries/CMU2190000000000D","Employer cost per hour worked / % of total compensation; Qtr1=March, Qtr2=June, Qtr3=Sept, Qtr4=Dec reference periods. NAICS-based series start 2004 Q1."
CMU2190000000000D,private industry,db,cost_per_hour_usd,2014,2,0.58,"BLS ECEC, https://data.bls.gov/timeseries/CMU2190000000000D","Employer cost per hour worked / % of total compensation; Qtr1=March, Qtr2=June, Qtr3=Sept, Qtr4=Dec reference periods. NAICS-based series start 2004 Q1."
CMU2190000000000D,private industry,db,cost_per_hour_usd,2014,3,0.58,"BLS ECEC, https://data.bls.gov/timeseries/CMU2190000000000D","Employer cost per hour worked / % of total compensation; Qtr1=March, Qtr2=June, Qtr3=Sept, Qtr4=Dec reference periods. NAICS-based series start 2004 Q1."
CMU2190000000000D,private industry,db,cost_per_hour_usd,2014,4,0.62,"BLS ECEC, https://data.bls.gov/timeseries/CMU2190000000000D","Employer cost per hour worked / % of total compensation; Qtr1=March, Qtr2=June, Qtr3=Sept, Qtr4=Dec reference periods. NAICS-based series start 2004 Q1."
CMU2190000000000D,private industry,db,cost_per_hour_usd,2015,1,0.61,"BLS ECEC, https://data.bls.gov/timeseries/CMU2190000000000D","Employer cost per hour worked / % of total compensation; Qtr1=March, Qtr2=June, Qtr3=Sept, Qtr4=Dec reference periods. NAICS-based series start 2004 Q1."
CMU2190000000000D,private industry,db,cost_per_hour_usd,2015,2,0.55,"BLS ECEC, https://data.bls.gov/timeseries/CMU2190000000000D","Employer cost per hour worked / % of total compensation; Qtr1=March, Qtr2=June, Qtr3=Sept, Qtr4=Dec reference periods. NAICS-based series start 2004 Q1."
CMU2190000000000D,private industry,db,cost_per_hour_usd,2015,3,0.55,"BLS ECEC, https://data.bls.gov/timeseries/CMU2190000000000D","Employer cost per hour worked / % of total compensation; Qtr1=March, Qtr2=June, Qtr3=Sept, Qtr4=Dec reference periods. NAICS-based series start 2004 Q1."
CMU2190000000000D,private industry,db,cost_per_hour_usd,2015,4,0.55,"BLS ECEC, https://data.bls.gov/timeseries/CMU2190000000000D","Employer cost per hour worked / % of total compensation; Qtr1=March, Qtr2=June, Qtr3=Sept, Qtr4=Dec reference periods. NAICS-based series start 2004 Q1."
CMU2190000000000D,private industry,db,cost_per_hour_usd,2016,1,0.53,"BLS ECEC, https://data.bls.gov/timeseries/CMU2190000000000D","Employer cost per hour worked / % of total compensation; Qtr1=March, Qtr2=June, Qtr3=Sept, Qtr4=Dec reference periods. NAICS-based series start 2004 Q1."
CMU2190000000000D,private industry,db,cost_per_hour_usd,2016,2,0.55,"BLS ECEC, https://data.bls.gov/timeseries/CMU2190000000000D","Employer cost per hour worked / % of total compensation; Qtr1=March, Qtr2=June, Qtr3=Sept, Qtr4=Dec reference periods. NAICS-based series start 2004 Q1."
CMU2190000000000D,private industry,db,cost_per_hour_usd,2016,3,0.54,"BLS ECEC, https://data.bls.gov/timeseries/CMU2190000000000D","Employer cost per hour worked / % of total compensation; Qtr1=March, Qtr2=June, Qtr3=Sept, Qtr4=Dec reference periods. NAICS-based series start 2004 Q1."
CMU2190000000000D,private industry,db,cost_per_hour_usd,2016,4,0.58,"BLS ECEC, https://data.bls.gov/timeseries/CMU2190000000000D","Employer cost per hour worked / % of total compensation; Qtr1=March, Qtr2=June, Qtr3=Sept, Qtr4=Dec reference periods. NAICS-based series start 2004 Q1."
CMU2190000000000D,private industry,db,cost_per_hour_usd,2017,1,0.59,"BLS ECEC, https://data.bls.gov/timeseries/CMU2190000000000D","Employer cost per hour worked / % of total compensation; Qtr1=March, Qtr2=June, Qtr3=Sept, Qtr4=Dec reference periods. NAICS-based series start 2004 Q1."
CMU2190000000000D,private industry,db,cost_per_hour_usd,2017,2,0.62,"BLS ECEC, https://data.bls.gov/timeseries/CMU2190000000000D","Employer cost per hour worked / % of total compensation; Qtr1=March, Qtr2=June, Qtr3=Sept, Qtr4=Dec reference periods. NAICS-based series start 2004 Q1."
CMU2190000000000D,private industry,db,cost_per_hour_usd,2017,3,0.64,"BLS ECEC, https://data.bls.gov/timeseries/CMU2190000000000D","Employer cost per hour worked / % of total compensation; Qtr1=March, Qtr2=June, Qtr3=Sept, Qtr4=Dec reference periods. NAICS-based series start 2004 Q1."
CMU2190000000000D,private industry,db,cost_per_hour_usd,2017,4,0.52,"BLS ECEC, https://data.bls.gov/timeseries/CMU2190000000000D","Employer cost per hour worked / % of total compensation; Qtr1=March, Qtr2=June, Qtr3=Sept, Qtr4=Dec reference periods. NAICS-based series start 2004 Q1."
CMU2190000000000D,private industry,db,cost_per_hour_usd,2018,1,0.53,"BLS ECEC, https://data.bls.gov/timeseries/CMU2190000000000D","Employer cost per hour worked / % of total compensation; Qtr1=March, Qtr2=June, Qtr3=Sept, Qtr4=Dec reference periods. NAICS-based series start 2004 Q1."
CMU2190000000000D,private industry,db,cost_per_hour_usd,2018,2,0.57,"BLS ECEC, https://data.bls.gov/timeseries/CMU2190000000000D","Employer cost per hour worked / % of total compensation; Qtr1=March, Qtr2=June, Qtr3=Sept, Qtr4=Dec reference periods. NAICS-based series start 2004 Q1."
CMU2190000000000D,private industry,db,cost_per_hour_usd,2018,3,0.56,"BLS ECEC, https://data.bls.gov/timeseries/CMU2190000000000D","Employer cost per hour worked / % of total compensation; Qtr1=March, Qtr2=June, Qtr3=Sept, Qtr4=Dec reference periods. NAICS-based series start 2004 Q1."
CMU2190000000000D,private industry,db,cost_per_hour_usd,2018,4,0.54,"BLS ECEC, https://data.bls.gov/timeseries/CMU2190000000000D","Employer cost per hour worked / % of total compensation; Qtr1=March, Qtr2=June, Qtr3=Sept, Qtr4=Dec reference periods. NAICS-based series start 2004 Q1."
CMU2190000000000D,private industry,db,cost_per_hour_usd,2019,1,0.54,"BLS ECEC, https://data.bls.gov/timeseries/CMU2190000000000D","Employer cost per hour worked / % of total compensation; Qtr1=March, Qtr2=June, Qtr3=Sept, Qtr4=Dec reference periods. NAICS-based series start 2004 Q1."
CMU2190000000000D,private industry,db,cost_per_hour_usd,2019,2,0.52,"BLS ECEC, https://data.bls.gov/timeseries/CMU2190000000000D","Employer cost per hour worked / % of total compensation; Qtr1=March, Qtr2=June, Qtr3=Sept, Qtr4=Dec reference periods. NAICS-based series start 2004 Q1."
CMU2190000000000D,private industry,db,cost_per_hour_usd,2019,3,0.52,"BLS ECEC, https://data.bls.gov/timeseries/CMU2190000000000D","Employer cost per hour worked / % of total compensation; Qtr1=March, Qtr2=June, Qtr3=Sept, Qtr4=Dec reference periods. NAICS-based series start 2004 Q1."
CMU2190000000000D,private industry,db,cost_per_hour_usd,2019,4,0.42,"BLS ECEC, https://data.bls.gov/timeseries/CMU2190000000000D","Employer cost per hour worked / % of total compensation; Qtr1=March, Qtr2=June, Qtr3=Sept, Qtr4=Dec reference periods. NAICS-based series start 2004 Q1."
CMU2190000000000D,private industry,db,cost_per_hour_usd,2020,1,0.43,"BLS ECEC, https://data.bls.gov/timeseries/CMU2190000000000D","Employer cost per hour worked / % of total compensation; Qtr1=March, Qtr2=June, Qtr3=Sept, Qtr4=Dec reference periods. NAICS-based series start 2004 Q1."
CMU2190000000000D,private industry,db,cost_per_hour_usd,2020,2,0.46,"BLS ECEC, https://data.bls.gov/timeseries/CMU2190000000000D","Employer cost per hour worked / % of total compensation; Qtr1=March, Qtr2=June, Qtr3=Sept, Qtr4=Dec reference periods. NAICS-based series start 2004 Q1."
CMU2190000000000D,private industry,db,cost_per_hour_usd,2020,3,0.45,"BLS ECEC, https://data.bls.gov/timeseries/CMU2190000000000D","Employer cost per hour worked / % of total compensation; Qtr1=March, Qtr2=June, Qtr3=Sept, Qtr4=Dec reference periods. NAICS-based series start 2004 Q1."
CMU2190000000000D,private industry,db,cost_per_hour_usd,2020,4,0.42,"BLS ECEC, https://data.bls.gov/timeseries/CMU2190000000000D","Employer cost per hour worked / % of total compensation; Qtr1=March, Qtr2=June, Qtr3=Sept, Qtr4=Dec reference periods. NAICS-based series start 2004 Q1."
CMU2190000000000D,private industry,db,cost_per_hour_usd,2021,1,0.42,"BLS ECEC, https://data.bls.gov/timeseries/CMU2190000000000D","Employer cost per hour worked / % of total compensation; Qtr1=March, Qtr2=June, Qtr3=Sept, Qtr4=Dec reference periods. NAICS-based series start 2004 Q1."
CMU2190000000000D,private industry,db,cost_per_hour_usd,2021,2,0.42,"BLS ECEC, https://data.bls.gov/timeseries/CMU2190000000000D","Employer cost per hour worked / % of total compensation; Qtr1=March, Qtr2=June, Qtr3=Sept, Qtr4=Dec reference periods. NAICS-based series start 2004 Q1."
CMU2190000000000D,private industry,db,cost_per_hour_usd,2021,3,0.45,"BLS ECEC, https://data.bls.gov/timeseries/CMU2190000000000D","Employer cost per hour worked / % of total compensation; Qtr1=March, Qtr2=June, Qtr3=Sept, Qtr4=Dec reference periods. NAICS-based series start 2004 Q1."
CMU2190000000000D,private industry,db,cost_per_hour_usd,2021,4,0.45,"BLS ECEC, https://data.bls.gov/timeseries/CMU2190000000000D","Employer cost per hour worked / % of total compensation; Qtr1=March, Qtr2=June, Qtr3=Sept, Qtr4=Dec reference periods. NAICS-based series start 2004 Q1."
CMU2190000000000D,private industry,db,cost_per_hour_usd,2022,1,0.44,"BLS ECEC, https://data.bls.gov/timeseries/CMU2190000000000D","Employer cost per hour worked / % of total compensation; Qtr1=March, Qtr2=June, Qtr3=Sept, Qtr4=Dec reference periods. NAICS-based series start 2004 Q1."
CMU2190000000000D,private industry,db,cost_per_hour_usd,2022,2,0.46,"BLS ECEC, https://data.bls.gov/timeseries/CMU2190000000000D","Employer cost per hour worked / % of total compensation; Qtr1=March, Qtr2=June, Qtr3=Sept, Qtr4=Dec reference periods. NAICS-based series start 2004 Q1."
CMU2190000000000D,private industry,db,cost_per_hour_usd,2022,3,0.44,"BLS ECEC, https://data.bls.gov/timeseries/CMU2190000000000D","Employer cost per hour worked / % of total compensation; Qtr1=March, Qtr2=June, Qtr3=Sept, Qtr4=Dec reference periods. NAICS-based series start 2004 Q1."
CMU2190000000000D,private industry,db,cost_per_hour_usd,2022,4,0.41,"BLS ECEC, https://data.bls.gov/timeseries/CMU2190000000000D","Employer cost per hour worked / % of total compensation; Qtr1=March, Qtr2=June, Qtr3=Sept, Qtr4=Dec reference periods. NAICS-based series start 2004 Q1."
CMU2190000000000D,private industry,db,cost_per_hour_usd,2023,1,0.42,"BLS ECEC, https://data.bls.gov/timeseries/CMU2190000000000D","Employer cost per hour worked / % of total compensation; Qtr1=March, Qtr2=June, Qtr3=Sept, Qtr4=Dec reference periods. NAICS-based series start 2004 Q1."
CMU2190000000000D,private industry,db,cost_per_hour_usd,2023,2,0.43,"BLS ECEC, https://data.bls.gov/timeseries/CMU2190000000000D","Employer cost per hour worked / % of total compensation; Qtr1=March, Qtr2=June, Qtr3=Sept, Qtr4=Dec reference periods. NAICS-based series start 2004 Q1."
CMU2190000000000D,private industry,db,cost_per_hour_usd,2023,3,0.43,"BLS ECEC, https://data.bls.gov/timeseries/CMU2190000000000D","Employer cost per hour worked / % of total compensation; Qtr1=March, Qtr2=June, Qtr3=Sept, Qtr4=Dec reference periods. NAICS-based series start 2004 Q1."
CMU2190000000000D,private industry,db,cost_per_hour_usd,2023,4,0.42,"BLS ECEC, https://data.bls.gov/timeseries/CMU2190000000000D","Employer cost per hour worked / % of total compensation; Qtr1=March, Qtr2=June, Qtr3=Sept, Qtr4=Dec reference periods. NAICS-based series start 2004 Q1."
CMU2190000000000D,private industry,db,cost_per_hour_usd,2024,1,0.43,"BLS ECEC, https://data.bls.gov/timeseries/CMU2190000000000D","Employer cost per hour worked / % of total compensation; Qtr1=March, Qtr2=June, Qtr3=Sept, Qtr4=Dec reference periods. NAICS-based series start 2004 Q1."
CMU2190000000000D,private industry,db,cost_per_hour_usd,2024,2,0.42,"BLS ECEC, https://data.bls.gov/timeseries/CMU2190000000000D","Employer cost per hour worked / % of total compensation; Qtr1=March, Qtr2=June, Qtr3=Sept, Qtr4=Dec reference periods. NAICS-based series start 2004 Q1."
CMU2190000000000D,private industry,db,cost_per_hour_usd,2024,3,0.43,"BLS ECEC, https://data.bls.gov/timeseries/CMU2190000000000D","Employer cost per hour worked / % of total compensation; Qtr1=March, Qtr2=June, Qtr3=Sept, Qtr4=Dec reference periods. NAICS-based series start 2004 Q1."
CMU2190000000000D,private industry,db,cost_per_hour_usd,2024,4,0.41,"BLS ECEC, https://data.bls.gov/timeseries/CMU2190000000000D","Employer cost per hour worked / % of total compensation; Qtr1=March, Qtr2=June, Qtr3=Sept, Qtr4=Dec reference periods. NAICS-based series start 2004 Q1."
CMU2190000000000D,private industry,db,cost_per_hour_usd,2025,1,0.4,"BLS ECEC, https://data.bls.gov/timeseries/CMU2190000000000D","Employer cost per hour worked / % of total compensation; Qtr1=March, Qtr2=June, Qtr3=Sept, Qtr4=Dec reference periods. NAICS-based series start 2004 Q1."
CMU2190000000000D,private industry,db,cost_per_hour_usd,2025,2,0.4,"BLS ECEC, https://data.bls.gov/timeseries/CMU2190000000000D","Employer cost per hour worked / % of total compensation; Qtr1=March, Qtr2=June, Qtr3=Sept, Qtr4=Dec reference periods. NAICS-based series start 2004 Q1."
CMU2190000000000D,private industry,db,cost_per_hour_usd,2025,3,0.41,"BLS ECEC, https://data.bls.gov/timeseries/CMU2190000000000D","Employer cost per hour worked / % of total compensation; Qtr1=March, Qtr2=June, Qtr3=Sept, Qtr4=Dec reference periods. NAICS-based series start 2004 Q1."
CMU2190000000000D,private industry,db,cost_per_hour_usd,2025,4,0.39,"BLS ECEC, https://data.bls.gov/timeseries/CMU2190000000000D","Employer cost per hour worked / % of total compensation; Qtr1=March, Qtr2=June, Qtr3=Sept, Qtr4=Dec reference periods. NAICS-based series start 2004 Q1."
CMU2190000000000D,private industry,db,cost_per_hour_usd,2026,1,0.4,"BLS ECEC, https://data.bls.gov/timeseries/CMU2190000000000D","Employer cost per hour worked / % of total compensation; Qtr1=March, Qtr2=June, Qtr3=Sept, Qtr4=Dec reference periods. NAICS-based series start 2004 Q1."
CMU2190000000000D,private industry,db,cost_per_hour_usd,2026,2,0.4,"BLS ECEC, https://data.bls.gov/timeseries/CMU2190000000000D","Employer cost per hour worked / % of total compensation; Qtr1=March, Qtr2=June, Qtr3=Sept, Qtr4=Dec reference periods. NAICS-based series start 2004 Q1."
CMU2190000000000P,private industry,db,pct_total_comp,2004,1,1.6,"BLS ECEC, https://data.bls.gov/timeseries/CMU2190000000000P","Employer cost per hour worked / % of total compensation; Qtr1=March, Qtr2=June, Qtr3=Sept, Qtr4=Dec reference periods. NAICS-based series start 2004 Q1."
CMU2190000000000P,private industry,db,pct_total_comp,2004,2,1.7,"BLS ECEC, https://data.bls.gov/timeseries/CMU2190000000000P","Employer cost per hour worked / % of total compensation; Qtr1=March, Qtr2=June, Qtr3=Sept, Qtr4=Dec reference periods. NAICS-based series start 2004 Q1."
CMU2190000000000P,private industry,db,pct_total_comp,2004,3,1.7,"BLS ECEC, https://data.bls.gov/timeseries/CMU2190000000000P","Employer cost per hour worked / % of total compensation; Qtr1=March, Qtr2=June, Qtr3=Sept, Qtr4=Dec reference periods. NAICS-based series start 2004 Q1."
CMU2190000000000P,private industry,db,pct_total_comp,2004,4,1.8,"BLS ECEC, https://data.bls.gov/timeseries/CMU2190000000000P","Employer cost per hour worked / % of total compensation; Qtr1=March, Qtr2=June, Qtr3=Sept, Qtr4=Dec reference periods. NAICS-based series start 2004 Q1."
CMU2190000000000P,private industry,db,pct_total_comp,2005,1,1.9,"BLS ECEC, https://data.bls.gov/timeseries/CMU2190000000000P","Employer cost per hour worked / % of total compensation; Qtr1=March, Qtr2=June, Qtr3=Sept, Qtr4=Dec reference periods. NAICS-based series start 2004 Q1."
CMU2190000000000P,private industry,db,pct_total_comp,2005,2,1.8,"BLS ECEC, https://data.bls.gov/timeseries/CMU2190000000000P","Employer cost per hour worked / % of total compensation; Qtr1=March, Qtr2=June, Qtr3=Sept, Qtr4=Dec reference periods. NAICS-based series start 2004 Q1."
CMU2190000000000P,private industry,db,pct_total_comp,2005,3,1.9,"BLS ECEC, https://data.bls.gov/timeseries/CMU2190000000000P","Employer cost per hour worked / % of total compensation; Qtr1=March, Qtr2=June, Qtr3=Sept, Qtr4=Dec reference periods. NAICS-based series start 2004 Q1."
CMU2190000000000P,private industry,db,pct_total_comp,2005,4,1.8,"BLS ECEC, https://data.bls.gov/timeseries/CMU2190000000000P","Employer cost per hour worked / % of total compensation; Qtr1=March, Qtr2=June, Qtr3=Sept, Qtr4=Dec reference periods. NAICS-based series start 2004 Q1."
CMU2190000000000P,private industry,db,pct_total_comp,2006,1,1.8,"BLS ECEC, https://data.bls.gov/timeseries/CMU2190000000000P","Employer cost per hour worked / % of total compensation; Qtr1=March, Qtr2=June, Qtr3=Sept, Qtr4=Dec reference periods. NAICS-based series start 2004 Q1."
CMU2190000000000P,private industry,db,pct_total_comp,2006,2,1.8,"BLS ECEC, https://data.bls.gov/timeseries/CMU2190000000000P","Employer cost per hour worked / % of total compensation; Qtr1=March, Qtr2=June, Qtr3=Sept, Qtr4=Dec reference periods. NAICS-based series start 2004 Q1."
CMU2190000000000P,private industry,db,pct_total_comp,2006,3,1.8,"BLS ECEC, https://data.bls.gov/timeseries/CMU2190000000000P","Employer cost per hour worked / % of total compensation; Qtr1=March, Qtr2=June, Qtr3=Sept, Qtr4=Dec reference periods. NAICS-based series start 2004 Q1."
CMU2190000000000P,private industry,db,pct_total_comp,2006,4,1.8,"BLS ECEC, https://data.bls.gov/timeseries/CMU2190000000000P","Employer cost per hour worked / % of total compensation; Qtr1=March, Qtr2=June, Qtr3=Sept, Qtr4=Dec reference periods. NAICS-based series start 2004 Q1."
CMU2190000000000P,private industry,db,pct_total_comp,2007,1,1.5,"BLS ECEC, https://data.bls.gov/timeseries/CMU2190000000000P","Employer cost per hour worked / % of total compensation; Qtr1=March, Qtr2=June, Qtr3=Sept, Qtr4=Dec reference periods. NAICS-based series start 2004 Q1."
CMU2190000000000P,private industry,db,pct_total_comp,2007,2,1.6,"BLS ECEC, https://data.bls.gov/timeseries/CMU2190000000000P","Employer cost per hour worked / % of total compensation; Qtr1=March, Qtr2=June, Qtr3=Sept, Qtr4=Dec reference periods. NAICS-based series start 2004 Q1."
CMU2190000000000P,private industry,db,pct_total_comp,2007,3,1.7,"BLS ECEC, https://data.bls.gov/timeseries/CMU2190000000000P","Employer cost per hour worked / % of total compensation; Qtr1=March, Qtr2=June, Qtr3=Sept, Qtr4=Dec reference periods. NAICS-based series start 2004 Q1."
CMU2190000000000P,private industry,db,pct_total_comp,2007,4,1.6,"BLS ECEC, https://data.bls.gov/timeseries/CMU2190000000000P","Employer cost per hour worked / % of total compensation; Qtr1=March, Qtr2=June, Qtr3=Sept, Qtr4=Dec reference periods. NAICS-based series start 2004 Q1."
CMU2190000000000P,private industry,db,pct_total_comp,2008,1,1.6,"BLS ECEC, https://data.bls.gov/timeseries/CMU2190000000000P","Employer cost per hour worked / % of total compensation; Qtr1=March, Qtr2=June, Qtr3=Sept, Qtr4=Dec reference periods. NAICS-based series start 2004 Q1."
CMU2190000000000P,private industry,db,pct_total_comp,2008,2,1.6,"BLS ECEC, https://data.bls.gov/timeseries/CMU2190000000000P","Employer cost per hour worked / % of total compensation; Qtr1=March, Qtr2=June, Qtr3=Sept, Qtr4=Dec reference periods. NAICS-based series start 2004 Q1."
CMU2190000000000P,private industry,db,pct_total_comp,2008,3,1.6,"BLS ECEC, https://data.bls.gov/timeseries/CMU2190000000000P","Employer cost per hour worked / % of total compensation; Qtr1=March, Qtr2=June, Qtr3=Sept, Qtr4=Dec reference periods. NAICS-based series start 2004 Q1."
CMU2190000000000P,private industry,db,pct_total_comp,2008,4,1.5,"BLS ECEC, https://data.bls.gov/timeseries/CMU2190000000000P","Employer cost per hour worked / % of total compensation; Qtr1=March, Qtr2=June, Qtr3=Sept, Qtr4=Dec reference periods. NAICS-based series start 2004 Q1."
CMU2190000000000P,private industry,db,pct_total_comp,2009,1,1.5,"BLS ECEC, https://data.bls.gov/timeseries/CMU2190000000000P","Employer cost per hour worked / % of total compensation; Qtr1=March, Qtr2=June, Qtr3=Sept, Qtr4=Dec reference periods. NAICS-based series start 2004 Q1."
CMU2190000000000P,private industry,db,pct_total_comp,2009,2,1.5,"BLS ECEC, https://data.bls.gov/timeseries/CMU2190000000000P","Employer cost per hour worked / % of total compensation; Qtr1=March, Qtr2=June, Qtr3=Sept, Qtr4=Dec reference periods. NAICS-based series start 2004 Q1."
CMU2190000000000P,private industry,db,pct_total_comp,2009,3,1.5,"BLS ECEC, https://data.bls.gov/timeseries/CMU2190000000000P","Employer cost per hour worked / % of total compensation; Qtr1=March, Qtr2=June, Qtr3=Sept, Qtr4=Dec reference periods. NAICS-based series start 2004 Q1."
CMU2190000000000P,private industry,db,pct_total_comp,2009,4,1.4,"BLS ECEC, https://data.bls.gov/timeseries/CMU2190000000000P","Employer cost per hour worked / % of total compensation; Qtr1=March, Qtr2=June, Qtr3=Sept, Qtr4=Dec reference periods. NAICS-based series start 2004 Q1."
CMU2190000000000P,private industry,db,pct_total_comp,2010,1,1.5,"BLS ECEC, https://data.bls.gov/timeseries/CMU2190000000000P","Employer cost per hour worked / % of total compensation; Qtr1=March, Qtr2=June, Qtr3=Sept, Qtr4=Dec reference periods. NAICS-based series start 2004 Q1."
CMU2190000000000P,private industry,db,pct_total_comp,2010,2,1.5,"BLS ECEC, https://data.bls.gov/timeseries/CMU2190000000000P","Employer cost per hour worked / % of total compensation; Qtr1=March, Qtr2=June, Qtr3=Sept, Qtr4=Dec reference periods. NAICS-based series start 2004 Q1."
CMU2190000000000P,private industry,db,pct_total_comp,2010,3,1.6,"BLS ECEC, https://data.bls.gov/timeseries/CMU2190000000000P","Employer cost per hour worked / % of total compensation; Qtr1=March, Qtr2=June, Qtr3=Sept, Qtr4=Dec reference periods. NAICS-based series start 2004 Q1."
CMU2190000000000P,private industry,db,pct_total_comp,2010,4,1.5,"BLS ECEC, https://data.bls.gov/timeseries/CMU2190000000000P","Employer cost per hour worked / % of total compensation; Qtr1=March, Qtr2=June, Qtr3=Sept, Qtr4=Dec reference periods. NAICS-based series start 2004 Q1."
CMU2190000000000P,private industry,db,pct_total_comp,2011,1,1.5,"BLS ECEC, https://data.bls.gov/timeseries/CMU2190000000000P","Employer cost per hour worked / % of total compensation; Qtr1=March, Qtr2=June, Qtr3=Sept, Qtr4=Dec reference periods. NAICS-based series start 2004 Q1."
CMU2190000000000P,private industry,db,pct_total_comp,2011,2,1.6,"BLS ECEC, https://data.bls.gov/timeseries/CMU2190000000000P","Employer cost per hour worked / % of total compensation; Qtr1=March, Qtr2=June, Qtr3=Sept, Qtr4=Dec reference periods. NAICS-based series start 2004 Q1."
CMU2190000000000P,private industry,db,pct_total_comp,2011,3,1.6,"BLS ECEC, https://data.bls.gov/timeseries/CMU2190000000000P","Employer cost per hour worked / % of total compensation; Qtr1=March, Qtr2=June, Qtr3=Sept, Qtr4=Dec reference periods. NAICS-based series start 2004 Q1."
CMU2190000000000P,private industry,db,pct_total_comp,2011,4,1.5,"BLS ECEC, https://data.bls.gov/timeseries/CMU2190000000000P","Employer cost per hour worked / % of total compensation; Qtr1=March, Qtr2=June, Qtr3=Sept, Qtr4=Dec reference periods. NAICS-based series start 2004 Q1."
CMU2190000000000P,private industry,db,pct_total_comp,2012,1,1.5,"BLS ECEC, https://data.bls.gov/timeseries/CMU2190000000000P","Employer cost per hour worked / % of total compensation; Qtr1=March, Qtr2=June, Qtr3=Sept, Qtr4=Dec reference periods. NAICS-based series start 2004 Q1."
CMU2190000000000P,private industry,db,pct_total_comp,2012,2,1.5,"BLS ECEC, https://data.bls.gov/timeseries/CMU2190000000000P","Employer cost per hour worked / % of total compensation; Qtr1=March, Qtr2=June, Qtr3=Sept, Qtr4=Dec reference periods. NAICS-based series start 2004 Q1."
CMU2190000000000P,private industry,db,pct_total_comp,2012,3,1.5,"BLS ECEC, https://data.bls.gov/timeseries/CMU2190000000000P","Employer cost per hour worked / % of total compensation; Qtr1=March, Qtr2=June, Qtr3=Sept, Qtr4=Dec reference periods. NAICS-based series start 2004 Q1."
CMU2190000000000P,private industry,db,pct_total_comp,2012,4,1.5,"BLS ECEC, https://data.bls.gov/timeseries/CMU2190000000000P","Employer cost per hour worked / % of total compensation; Qtr1=March, Qtr2=June, Qtr3=Sept, Qtr4=Dec reference periods. NAICS-based series start 2004 Q1."
CMU2190000000000P,private industry,db,pct_total_comp,2013,1,1.5,"BLS ECEC, https://data.bls.gov/timeseries/CMU2190000000000P","Employer cost per hour worked / % of total compensation; Qtr1=March, Qtr2=June, Qtr3=Sept, Qtr4=Dec reference periods. NAICS-based series start 2004 Q1."
CMU2190000000000P,private industry,db,pct_total_comp,2013,2,1.6,"BLS ECEC, https://data.bls.gov/timeseries/CMU2190000000000P","Employer cost per hour worked / % of total compensation; Qtr1=March, Qtr2=June, Qtr3=Sept, Qtr4=Dec reference periods. NAICS-based series start 2004 Q1."
CMU2190000000000P,private industry,db,pct_total_comp,2013,3,1.6,"BLS ECEC, https://data.bls.gov/timeseries/CMU2190000000000P","Employer cost per hour worked / % of total compensation; Qtr1=March, Qtr2=June, Qtr3=Sept, Qtr4=Dec reference periods. NAICS-based series start 2004 Q1."
CMU2190000000000P,private industry,db,pct_total_comp,2013,4,1.6,"BLS ECEC, https://data.bls.gov/timeseries/CMU2190000000000P","Employer cost per hour worked / % of total compensation; Qtr1=March, Qtr2=June, Qtr3=Sept, Qtr4=Dec reference periods. NAICS-based series start 2004 Q1."
CMU2190000000000P,private industry,db,pct_total_comp,2014,1,1.7,"BLS ECEC, https://data.bls.gov/timeseries/CMU2190000000000P","Employer cost per hour worked / % of total compensation; Qtr1=March, Qtr2=June, Qtr3=Sept, Qtr4=Dec reference periods. NAICS-based series start 2004 Q1."
CMU2190000000000P,private industry,db,pct_total_comp,2014,2,1.9,"BLS ECEC, https://data.bls.gov/timeseries/CMU2190000000000P","Employer cost per hour worked / % of total compensation; Qtr1=March, Qtr2=June, Qtr3=Sept, Qtr4=Dec reference periods. NAICS-based series start 2004 Q1."
CMU2190000000000P,private industry,db,pct_total_comp,2014,3,1.9,"BLS ECEC, https://data.bls.gov/timeseries/CMU2190000000000P","Employer cost per hour worked / % of total compensation; Qtr1=March, Qtr2=June, Qtr3=Sept, Qtr4=Dec reference periods. NAICS-based series start 2004 Q1."
CMU2190000000000P,private industry,db,pct_total_comp,2014,4,2.0,"BLS ECEC, https://data.bls.gov/timeseries/CMU2190000000000P","Employer cost per hour worked / % of total compensation; Qtr1=March, Qtr2=June, Qtr3=Sept, Qtr4=Dec reference periods. NAICS-based series start 2004 Q1."
CMU2190000000000P,private industry,db,pct_total_comp,2015,1,1.9,"BLS ECEC, https://data.bls.gov/timeseries/CMU2190000000000P","Employer cost per hour worked / % of total compensation; Qtr1=March, Qtr2=June, Qtr3=Sept, Qtr4=Dec reference periods. NAICS-based series start 2004 Q1."
CMU2190000000000P,private industry,db,pct_total_comp,2015,2,1.8,"BLS ECEC, https://data.bls.gov/timeseries/CMU2190000000000P","Employer cost per hour worked / % of total compensation; Qtr1=March, Qtr2=June, Qtr3=Sept, Qtr4=Dec reference periods. NAICS-based series start 2004 Q1."
CMU2190000000000P,private industry,db,pct_total_comp,2015,3,1.7,"BLS ECEC, https://data.bls.gov/timeseries/CMU2190000000000P","Employer cost per hour worked / % of total compensation; Qtr1=March, Qtr2=June, Qtr3=Sept, Qtr4=Dec reference periods. NAICS-based series start 2004 Q1."
CMU2190000000000P,private industry,db,pct_total_comp,2015,4,1.7,"BLS ECEC, https://data.bls.gov/timeseries/CMU2190000000000P","Employer cost per hour worked / % of total compensation; Qtr1=March, Qtr2=June, Qtr3=Sept, Qtr4=Dec reference periods. NAICS-based series start 2004 Q1."
CMU2190000000000P,private industry,db,pct_total_comp,2016,1,1.7,"BLS ECEC, https://data.bls.gov/timeseries/CMU2190000000000P","Employer cost per hour worked / % of total compensation; Qtr1=March, Qtr2=June, Qtr3=Sept, Qtr4=Dec reference periods. NAICS-based series start 2004 Q1."
CMU2190000000000P,private industry,db,pct_total_comp,2016,2,1.7,"BLS ECEC, https://data.bls.gov/timeseries/CMU2190000000000P","Employer cost per hour worked / % of total compensation; Qtr1=March, Qtr2=June, Qtr3=Sept, Qtr4=Dec reference periods. NAICS-based series start 2004 Q1."
CMU2190000000000P,private industry,db,pct_total_comp,2016,3,1.7,"BLS ECEC, https://data.bls.gov/timeseries/CMU2190000000000P","Employer cost per hour worked / % of total compensation; Qtr1=March, Qtr2=June, Qtr3=Sept, Qtr4=Dec reference periods. NAICS-based series start 2004 Q1."
CMU2190000000000P,private industry,db,pct_total_comp,2016,4,1.8,"BLS ECEC, https://data.bls.gov/timeseries/CMU2190000000000P","Employer cost per hour worked / % of total compensation; Qtr1=March, Qtr2=June, Qtr3=Sept, Qtr4=Dec reference periods. NAICS-based series start 2004 Q1."
CMU2190000000000P,private industry,db,pct_total_comp,2017,1,1.8,"BLS ECEC, https://data.bls.gov/timeseries/CMU2190000000000P","Employer cost per hour worked / % of total compensation; Qtr1=March, Qtr2=June, Qtr3=Sept, Qtr4=Dec reference periods. NAICS-based series start 2004 Q1."
CMU2190000000000P,private industry,db,pct_total_comp,2017,2,1.9,"BLS ECEC, https://data.bls.gov/timeseries/CMU2190000000000P","Employer cost per hour worked / % of total compensation; Qtr1=March, Qtr2=June, Qtr3=Sept, Qtr4=Dec reference periods. NAICS-based series start 2004 Q1."
CMU2190000000000P,private industry,db,pct_total_comp,2017,3,1.9,"BLS ECEC, https://data.bls.gov/timeseries/CMU2190000000000P","Employer cost per hour worked / % of total compensation; Qtr1=March, Qtr2=June, Qtr3=Sept, Qtr4=Dec reference periods. NAICS-based series start 2004 Q1."
CMU2190000000000P,private industry,db,pct_total_comp,2017,4,1.5,"BLS ECEC, https://data.bls.gov/timeseries/CMU2190000000000P","Employer cost per hour worked / % of total compensation; Qtr1=March, Qtr2=June, Qtr3=Sept, Qtr4=Dec reference periods. NAICS-based series start 2004 Q1."
CMU2190000000000P,private industry,db,pct_total_comp,2018,1,1.5,"BLS ECEC, https://data.bls.gov/timeseries/CMU2190000000000P","Employer cost per hour worked / % of total compensation; Qtr1=March, Qtr2=June, Qtr3=Sept, Qtr4=Dec reference periods. NAICS-based series start 2004 Q1."
CMU2190000000000P,private industry,db,pct_total_comp,2018,2,1.7,"BLS ECEC, https://data.bls.gov/timeseries/CMU2190000000000P","Employer cost per hour worked / % of total compensation; Qtr1=March, Qtr2=June, Qtr3=Sept, Qtr4=Dec reference periods. NAICS-based series start 2004 Q1."
CMU2190000000000P,private industry,db,pct_total_comp,2018,3,1.6,"BLS ECEC, https://data.bls.gov/timeseries/CMU2190000000000P","Employer cost per hour worked / % of total compensation; Qtr1=March, Qtr2=June, Qtr3=Sept, Qtr4=Dec reference periods. NAICS-based series start 2004 Q1."
CMU2190000000000P,private industry,db,pct_total_comp,2018,4,1.6,"BLS ECEC, https://data.bls.gov/timeseries/CMU2190000000000P","Employer cost per hour worked / % of total compensation; Qtr1=March, Qtr2=June, Qtr3=Sept, Qtr4=Dec reference periods. NAICS-based series start 2004 Q1."
CMU2190000000000P,private industry,db,pct_total_comp,2019,1,1.6,"BLS ECEC, https://data.bls.gov/timeseries/CMU2190000000000P","Employer cost per hour worked / % of total compensation; Qtr1=March, Qtr2=June, Qtr3=Sept, Qtr4=Dec reference periods. NAICS-based series start 2004 Q1."
CMU2190000000000P,private industry,db,pct_total_comp,2019,2,1.5,"BLS ECEC, https://data.bls.gov/timeseries/CMU2190000000000P","Employer cost per hour worked / % of total compensation; Qtr1=March, Qtr2=June, Qtr3=Sept, Qtr4=Dec reference periods. NAICS-based series start 2004 Q1."
CMU2190000000000P,private industry,db,pct_total_comp,2019,3,1.5,"BLS ECEC, https://data.bls.gov/timeseries/CMU2190000000000P","Employer cost per hour worked / % of total compensation; Qtr1=March, Qtr2=June, Qtr3=Sept, Qtr4=Dec reference periods. NAICS-based series start 2004 Q1."
CMU2190000000000P,private industry,db,pct_total_comp,2019,4,1.2,"BLS ECEC, https://data.bls.gov/timeseries/CMU2190000000000P","Employer cost per hour worked / % of total compensation; Qtr1=March, Qtr2=June, Qtr3=Sept, Qtr4=Dec reference periods. NAICS-based series start 2004 Q1."
CMU2190000000000P,private industry,db,pct_total_comp,2020,1,1.2,"BLS ECEC, https://data.bls.gov/timeseries/CMU2190000000000P","Employer cost per hour worked / % of total compensation; Qtr1=March, Qtr2=June, Qtr3=Sept, Qtr4=Dec reference periods. NAICS-based series start 2004 Q1."
CMU2190000000000P,private industry,db,pct_total_comp,2020,2,1.3,"BLS ECEC, https://data.bls.gov/timeseries/CMU2190000000000P","Employer cost per hour worked / % of total compensation; Qtr1=March, Qtr2=June, Qtr3=Sept, Qtr4=Dec reference periods. NAICS-based series start 2004 Q1."
CMU2190000000000P,private industry,db,pct_total_comp,2020,3,1.2,"BLS ECEC, https://data.bls.gov/timeseries/CMU2190000000000P","Employer cost per hour worked / % of total compensation; Qtr1=March, Qtr2=June, Qtr3=Sept, Qtr4=Dec reference periods. NAICS-based series start 2004 Q1."
CMU2190000000000P,private industry,db,pct_total_comp,2020,4,1.2,"BLS ECEC, https://data.bls.gov/timeseries/CMU2190000000000P","Employer cost per hour worked / % of total compensation; Qtr1=March, Qtr2=June, Qtr3=Sept, Qtr4=Dec reference periods. NAICS-based series start 2004 Q1."
CMU2190000000000P,private industry,db,pct_total_comp,2021,1,1.1,"BLS ECEC, https://data.bls.gov/timeseries/CMU2190000000000P","Employer cost per hour worked / % of total compensation; Qtr1=March, Qtr2=June, Qtr3=Sept, Qtr4=Dec reference periods. NAICS-based series start 2004 Q1."
CMU2190000000000P,private industry,db,pct_total_comp,2021,2,1.1,"BLS ECEC, https://data.bls.gov/timeseries/CMU2190000000000P","Employer cost per hour worked / % of total compensation; Qtr1=March, Qtr2=June, Qtr3=Sept, Qtr4=Dec reference periods. NAICS-based series start 2004 Q1."
CMU2190000000000P,private industry,db,pct_total_comp,2021,3,1.2,"BLS ECEC, https://data.bls.gov/timeseries/CMU2190000000000P","Employer cost per hour worked / % of total compensation; Qtr1=March, Qtr2=June, Qtr3=Sept, Qtr4=Dec reference periods. NAICS-based series start 2004 Q1."
CMU2190000000000P,private industry,db,pct_total_comp,2021,4,1.2,"BLS ECEC, https://data.bls.gov/timeseries/CMU2190000000000P","Employer cost per hour worked / % of total compensation; Qtr1=March, Qtr2=June, Qtr3=Sept, Qtr4=Dec reference periods. NAICS-based series start 2004 Q1."
CMU2190000000000P,private industry,db,pct_total_comp,2022,1,1.2,"BLS ECEC, https://data.bls.gov/timeseries/CMU2190000000000P","Employer cost per hour worked / % of total compensation; Qtr1=March, Qtr2=June, Qtr3=Sept, Qtr4=Dec reference periods. NAICS-based series start 2004 Q1."
CMU2190000000000P,private industry,db,pct_total_comp,2022,2,1.2,"BLS ECEC, https://data.bls.gov/timeseries/CMU2190000000000P","Employer cost per hour worked / % of total compensation; Qtr1=March, Qtr2=June, Qtr3=Sept, Qtr4=Dec reference periods. NAICS-based series start 2004 Q1."
CMU2190000000000P,private industry,db,pct_total_comp,2022,3,1.1,"BLS ECEC, https://data.bls.gov/timeseries/CMU2190000000000P","Employer cost per hour worked / % of total compensation; Qtr1=March, Qtr2=June, Qtr3=Sept, Qtr4=Dec reference periods. NAICS-based series start 2004 Q1."
CMU2190000000000P,private industry,db,pct_total_comp,2022,4,1.0,"BLS ECEC, https://data.bls.gov/timeseries/CMU2190000000000P","Employer cost per hour worked / % of total compensation; Qtr1=March, Qtr2=June, Qtr3=Sept, Qtr4=Dec reference periods. NAICS-based series start 2004 Q1."
CMU2190000000000P,private industry,db,pct_total_comp,2023,1,1.0,"BLS ECEC, https://data.bls.gov/timeseries/CMU2190000000000P","Employer cost per hour worked / % of total compensation; Qtr1=March, Qtr2=June, Qtr3=Sept, Qtr4=Dec reference periods. NAICS-based series start 2004 Q1."
CMU2190000000000P,private industry,db,pct_total_comp,2023,2,1.0,"BLS ECEC, https://data.bls.gov/timeseries/CMU2190000000000P","Employer cost per hour worked / % of total compensation; Qtr1=March, Qtr2=June, Qtr3=Sept, Qtr4=Dec reference periods. NAICS-based series start 2004 Q1."
CMU2190000000000P,private industry,db,pct_total_comp,2023,3,1.0,"BLS ECEC, https://data.bls.gov/timeseries/CMU2190000000000P","Employer cost per hour worked / % of total compensation; Qtr1=March, Qtr2=June, Qtr3=Sept, Qtr4=Dec reference periods. NAICS-based series start 2004 Q1."
CMU2190000000000P,private industry,db,pct_total_comp,2023,4,1.0,"BLS ECEC, https://data.bls.gov/timeseries/CMU2190000000000P","Employer cost per hour worked / % of total compensation; Qtr1=March, Qtr2=June, Qtr3=Sept, Qtr4=Dec reference periods. NAICS-based series start 2004 Q1."
CMU2190000000000P,private industry,db,pct_total_comp,2024,1,1.0,"BLS ECEC, https://data.bls.gov/timeseries/CMU2190000000000P","Employer cost per hour worked / % of total compensation; Qtr1=March, Qtr2=June, Qtr3=Sept, Qtr4=Dec reference periods. NAICS-based series start 2004 Q1."
CMU2190000000000P,private industry,db,pct_total_comp,2024,2,1.0,"BLS ECEC, https://data.bls.gov/timeseries/CMU2190000000000P","Employer cost per hour worked / % of total compensation; Qtr1=March, Qtr2=June, Qtr3=Sept, Qtr4=Dec reference periods. NAICS-based series start 2004 Q1."
CMU2190000000000P,private industry,db,pct_total_comp,2024,3,1.0,"BLS ECEC, https://data.bls.gov/timeseries/CMU2190000000000P","Employer cost per hour worked / % of total compensation; Qtr1=March, Qtr2=June, Qtr3=Sept, Qtr4=Dec reference periods. NAICS-based series start 2004 Q1."
CMU2190000000000P,private industry,db,pct_total_comp,2024,4,0.9,"BLS ECEC, https://data.bls.gov/timeseries/CMU2190000000000P","Employer cost per hour worked / % of total compensation; Qtr1=March, Qtr2=June, Qtr3=Sept, Qtr4=Dec reference periods. NAICS-based series start 2004 Q1."
CMU2190000000000P,private industry,db,pct_total_comp,2025,1,0.9,"BLS ECEC, https://data.bls.gov/timeseries/CMU2190000000000P","Employer cost per hour worked / % of total compensation; Qtr1=March, Qtr2=June, Qtr3=Sept, Qtr4=Dec reference periods. NAICS-based series start 2004 Q1."
CMU2190000000000P,private industry,db,pct_total_comp,2025,2,0.9,"BLS ECEC, https://data.bls.gov/timeseries/CMU2190000000000P","Employer cost per hour worked / % of total compensation; Qtr1=March, Qtr2=June, Qtr3=Sept, Qtr4=Dec reference periods. NAICS-based series start 2004 Q1."
CMU2190000000000P,private industry,db,pct_total_comp,2025,3,0.9,"BLS ECEC, https://data.bls.gov/timeseries/CMU2190000000000P","Employer cost per hour worked / % of total compensation; Qtr1=March, Qtr2=June, Qtr3=Sept, Qtr4=Dec reference periods. NAICS-based series start 2004 Q1."
CMU2190000000000P,private industry,db,pct_total_comp,2025,4,0.9,"BLS ECEC, https://data.bls.gov/timeseries/CMU2190000000000P","Employer cost per hour worked / % of total compensation; Qtr1=March, Qtr2=June, Qtr3=Sept, Qtr4=Dec reference periods. NAICS-based series start 2004 Q1."
CMU2190000000000P,private industry,db,pct_total_comp,2026,1,0.9,"BLS ECEC, https://data.bls.gov/timeseries/CMU2190000000000P","Employer cost per hour worked / % of total compensation; Qtr1=March, Qtr2=June, Qtr3=Sept, Qtr4=Dec reference periods. NAICS-based series start 2004 Q1."
CMU2190000000000P,private industry,db,pct_total_comp,2026,2,0.9,"BLS ECEC, https://data.bls.gov/timeseries/CMU2190000000000P","Employer cost per hour worked / % of total compensation; Qtr1=March, Qtr2=June, Qtr3=Sept, Qtr4=Dec reference periods. NAICS-based series start 2004 Q1."
CMU2200000000000D,private industry,dc,cost_per_hour_usd,2004,1,0.43,"BLS ECEC, https://data.bls.gov/timeseries/CMU2200000000000D","Employer cost per hour worked / % of total compensation; Qtr1=March, Qtr2=June, Qtr3=Sept, Qtr4=Dec reference periods. NAICS-based series start 2004 Q1."
CMU2200000000000D,private industry,dc,cost_per_hour_usd,2004,2,0.42,"BLS ECEC, https://data.bls.gov/timeseries/CMU2200000000000D","Employer cost per hour worked / % of total compensation; Qtr1=March, Qtr2=June, Qtr3=Sept, Qtr4=Dec reference periods. NAICS-based series start 2004 Q1."
CMU2200000000000D,private industry,dc,cost_per_hour_usd,2004,3,0.43,"BLS ECEC, https://data.bls.gov/timeseries/CMU2200000000000D","Employer cost per hour worked / % of total compensation; Qtr1=March, Qtr2=June, Qtr3=Sept, Qtr4=Dec reference periods. NAICS-based series start 2004 Q1."
CMU2200000000000D,private industry,dc,cost_per_hour_usd,2004,4,0.44,"BLS ECEC, https://data.bls.gov/timeseries/CMU2200000000000D","Employer cost per hour worked / % of total compensation; Qtr1=March, Qtr2=June, Qtr3=Sept, Qtr4=Dec reference periods. NAICS-based series start 2004 Q1."
CMU2200000000000D,private industry,dc,cost_per_hour_usd,2005,1,0.45,"BLS ECEC, https://data.bls.gov/timeseries/CMU2200000000000D","Employer cost per hour worked / % of total compensation; Qtr1=March, Qtr2=June, Qtr3=Sept, Qtr4=Dec reference periods. NAICS-based series start 2004 Q1."
CMU2200000000000D,private industry,dc,cost_per_hour_usd,2005,2,0.44,"BLS ECEC, https://data.bls.gov/timeseries/CMU2200000000000D","Employer cost per hour worked / % of total compensation; Qtr1=March, Qtr2=June, Qtr3=Sept, Qtr4=Dec reference periods. NAICS-based series start 2004 Q1."
CMU2200000000000D,private industry,dc,cost_per_hour_usd,2005,3,0.44,"BLS ECEC, https://data.bls.gov/timeseries/CMU2200000000000D","Employer cost per hour worked / % of total compensation; Qtr1=March, Qtr2=June, Qtr3=Sept, Qtr4=Dec reference periods. NAICS-based series start 2004 Q1."
CMU2200000000000D,private industry,dc,cost_per_hour_usd,2005,4,0.46,"BLS ECEC, https://data.bls.gov/timeseries/CMU2200000000000D","Employer cost per hour worked / % of total compensation; Qtr1=March, Qtr2=June, Qtr3=Sept, Qtr4=Dec reference periods. NAICS-based series start 2004 Q1."
CMU2200000000000D,private industry,dc,cost_per_hour_usd,2006,1,0.47,"BLS ECEC, https://data.bls.gov/timeseries/CMU2200000000000D","Employer cost per hour worked / % of total compensation; Qtr1=March, Qtr2=June, Qtr3=Sept, Qtr4=Dec reference periods. NAICS-based series start 2004 Q1."
CMU2200000000000D,private industry,dc,cost_per_hour_usd,2006,2,0.46,"BLS ECEC, https://data.bls.gov/timeseries/CMU2200000000000D","Employer cost per hour worked / % of total compensation; Qtr1=March, Qtr2=June, Qtr3=Sept, Qtr4=Dec reference periods. NAICS-based series start 2004 Q1."
CMU2200000000000D,private industry,dc,cost_per_hour_usd,2006,3,0.47,"BLS ECEC, https://data.bls.gov/timeseries/CMU2200000000000D","Employer cost per hour worked / % of total compensation; Qtr1=March, Qtr2=June, Qtr3=Sept, Qtr4=Dec reference periods. NAICS-based series start 2004 Q1."
CMU2200000000000D,private industry,dc,cost_per_hour_usd,2006,4,0.47,"BLS ECEC, https://data.bls.gov/timeseries/CMU2200000000000D","Employer cost per hour worked / % of total compensation; Qtr1=March, Qtr2=June, Qtr3=Sept, Qtr4=Dec reference periods. NAICS-based series start 2004 Q1."
CMU2200000000000D,private industry,dc,cost_per_hour_usd,2007,1,0.47,"BLS ECEC, https://data.bls.gov/timeseries/CMU2200000000000D","Employer cost per hour worked / % of total compensation; Qtr1=March, Qtr2=June, Qtr3=Sept, Qtr4=Dec reference periods. NAICS-based series start 2004 Q1."
CMU2200000000000D,private industry,dc,cost_per_hour_usd,2007,2,0.48,"BLS ECEC, https://data.bls.gov/timeseries/CMU2200000000000D","Employer cost per hour worked / % of total compensation; Qtr1=March, Qtr2=June, Qtr3=Sept, Qtr4=Dec reference periods. NAICS-based series start 2004 Q1."
CMU2200000000000D,private industry,dc,cost_per_hour_usd,2007,3,0.49,"BLS ECEC, https://data.bls.gov/timeseries/CMU2200000000000D","Employer cost per hour worked / % of total compensation; Qtr1=March, Qtr2=June, Qtr3=Sept, Qtr4=Dec reference periods. NAICS-based series start 2004 Q1."
CMU2200000000000D,private industry,dc,cost_per_hour_usd,2007,4,0.52,"BLS ECEC, https://data.bls.gov/timeseries/CMU2200000000000D","Employer cost per hour worked / % of total compensation; Qtr1=March, Qtr2=June, Qtr3=Sept, Qtr4=Dec reference periods. NAICS-based series start 2004 Q1."
CMU2200000000000D,private industry,dc,cost_per_hour_usd,2008,1,0.53,"BLS ECEC, https://data.bls.gov/timeseries/CMU2200000000000D","Employer cost per hour worked / % of total compensation; Qtr1=March, Qtr2=June, Qtr3=Sept, Qtr4=Dec reference periods. NAICS-based series start 2004 Q1."
CMU2200000000000D,private industry,dc,cost_per_hour_usd,2008,2,0.53,"BLS ECEC, https://data.bls.gov/timeseries/CMU2200000000000D","Employer cost per hour worked / % of total compensation; Qtr1=March, Qtr2=June, Qtr3=Sept, Qtr4=Dec reference periods. NAICS-based series start 2004 Q1."
CMU2200000000000D,private industry,dc,cost_per_hour_usd,2008,3,0.54,"BLS ECEC, https://data.bls.gov/timeseries/CMU2200000000000D","Employer cost per hour worked / % of total compensation; Qtr1=March, Qtr2=June, Qtr3=Sept, Qtr4=Dec reference periods. NAICS-based series start 2004 Q1."
CMU2200000000000D,private industry,dc,cost_per_hour_usd,2008,4,0.55,"BLS ECEC, https://data.bls.gov/timeseries/CMU2200000000000D","Employer cost per hour worked / % of total compensation; Qtr1=March, Qtr2=June, Qtr3=Sept, Qtr4=Dec reference periods. NAICS-based series start 2004 Q1."
CMU2200000000000D,private industry,dc,cost_per_hour_usd,2009,1,0.55,"BLS ECEC, https://data.bls.gov/timeseries/CMU2200000000000D","Employer cost per hour worked / % of total compensation; Qtr1=March, Qtr2=June, Qtr3=Sept, Qtr4=Dec reference periods. NAICS-based series start 2004 Q1."
CMU2200000000000D,private industry,dc,cost_per_hour_usd,2009,2,0.53,"BLS ECEC, https://data.bls.gov/timeseries/CMU2200000000000D","Employer cost per hour worked / % of total compensation; Qtr1=March, Qtr2=June, Qtr3=Sept, Qtr4=Dec reference periods. NAICS-based series start 2004 Q1."
CMU2200000000000D,private industry,dc,cost_per_hour_usd,2009,3,0.54,"BLS ECEC, https://data.bls.gov/timeseries/CMU2200000000000D","Employer cost per hour worked / % of total compensation; Qtr1=March, Qtr2=June, Qtr3=Sept, Qtr4=Dec reference periods. NAICS-based series start 2004 Q1."
CMU2200000000000D,private industry,dc,cost_per_hour_usd,2009,4,0.55,"BLS ECEC, https://data.bls.gov/timeseries/CMU2200000000000D","Employer cost per hour worked / % of total compensation; Qtr1=March, Qtr2=June, Qtr3=Sept, Qtr4=Dec reference periods. NAICS-based series start 2004 Q1."
CMU2200000000000D,private industry,dc,cost_per_hour_usd,2010,1,0.55,"BLS ECEC, https://data.bls.gov/timeseries/CMU2200000000000D","Employer cost per hour worked / % of total compensation; Qtr1=March, Qtr2=June, Qtr3=Sept, Qtr4=Dec reference periods. NAICS-based series start 2004 Q1."
CMU2200000000000D,private industry,dc,cost_per_hour_usd,2010,2,0.54,"BLS ECEC, https://data.bls.gov/timeseries/CMU2200000000000D","Employer cost per hour worked / % of total compensation; Qtr1=March, Qtr2=June, Qtr3=Sept, Qtr4=Dec reference periods. NAICS-based series start 2004 Q1."
CMU2200000000000D,private industry,dc,cost_per_hour_usd,2010,3,0.55,"BLS ECEC, https://data.bls.gov/timeseries/CMU2200000000000D","Employer cost per hour worked / % of total compensation; Qtr1=March, Qtr2=June, Qtr3=Sept, Qtr4=Dec reference periods. NAICS-based series start 2004 Q1."
CMU2200000000000D,private industry,dc,cost_per_hour_usd,2010,4,0.56,"BLS ECEC, https://data.bls.gov/timeseries/CMU2200000000000D","Employer cost per hour worked / % of total compensation; Qtr1=March, Qtr2=June, Qtr3=Sept, Qtr4=Dec reference periods. NAICS-based series start 2004 Q1."
CMU2200000000000D,private industry,dc,cost_per_hour_usd,2011,1,0.58,"BLS ECEC, https://data.bls.gov/timeseries/CMU2200000000000D","Employer cost per hour worked / % of total compensation; Qtr1=March, Qtr2=June, Qtr3=Sept, Qtr4=Dec reference periods. NAICS-based series start 2004 Q1."
CMU2200000000000D,private industry,dc,cost_per_hour_usd,2011,2,0.57,"BLS ECEC, https://data.bls.gov/timeseries/CMU2200000000000D","Employer cost per hour worked / % of total compensation; Qtr1=March, Qtr2=June, Qtr3=Sept, Qtr4=Dec reference periods. NAICS-based series start 2004 Q1."
CMU2200000000000D,private industry,dc,cost_per_hour_usd,2011,3,0.56,"BLS ECEC, https://data.bls.gov/timeseries/CMU2200000000000D","Employer cost per hour worked / % of total compensation; Qtr1=March, Qtr2=June, Qtr3=Sept, Qtr4=Dec reference periods. NAICS-based series start 2004 Q1."
CMU2200000000000D,private industry,dc,cost_per_hour_usd,2011,4,0.59,"BLS ECEC, https://data.bls.gov/timeseries/CMU2200000000000D","Employer cost per hour worked / % of total compensation; Qtr1=March, Qtr2=June, Qtr3=Sept, Qtr4=Dec reference periods. NAICS-based series start 2004 Q1."
CMU2200000000000D,private industry,dc,cost_per_hour_usd,2012,1,0.6,"BLS ECEC, https://data.bls.gov/timeseries/CMU2200000000000D","Employer cost per hour worked / % of total compensation; Qtr1=March, Qtr2=June, Qtr3=Sept, Qtr4=Dec reference periods. NAICS-based series start 2004 Q1."
CMU2200000000000D,private industry,dc,cost_per_hour_usd,2012,2,0.59,"BLS ECEC, https://data.bls.gov/timeseries/CMU2200000000000D","Employer cost per hour worked / % of total compensation; Qtr1=March, Qtr2=June, Qtr3=Sept, Qtr4=Dec reference periods. NAICS-based series start 2004 Q1."
CMU2200000000000D,private industry,dc,cost_per_hour_usd,2012,3,0.6,"BLS ECEC, https://data.bls.gov/timeseries/CMU2200000000000D","Employer cost per hour worked / % of total compensation; Qtr1=March, Qtr2=June, Qtr3=Sept, Qtr4=Dec reference periods. NAICS-based series start 2004 Q1."
CMU2200000000000D,private industry,dc,cost_per_hour_usd,2012,4,0.6,"BLS ECEC, https://data.bls.gov/timeseries/CMU2200000000000D","Employer cost per hour worked / % of total compensation; Qtr1=March, Qtr2=June, Qtr3=Sept, Qtr4=Dec reference periods. NAICS-based series start 2004 Q1."
CMU2200000000000D,private industry,dc,cost_per_hour_usd,2013,1,0.61,"BLS ECEC, https://data.bls.gov/timeseries/CMU2200000000000D","Employer cost per hour worked / % of total compensation; Qtr1=March, Qtr2=June, Qtr3=Sept, Qtr4=Dec reference periods. NAICS-based series start 2004 Q1."
CMU2200000000000D,private industry,dc,cost_per_hour_usd,2013,2,0.6,"BLS ECEC, https://data.bls.gov/timeseries/CMU2200000000000D","Employer cost per hour worked / % of total compensation; Qtr1=March, Qtr2=June, Qtr3=Sept, Qtr4=Dec reference periods. NAICS-based series start 2004 Q1."
CMU2200000000000D,private industry,dc,cost_per_hour_usd,2013,3,0.61,"BLS ECEC, https://data.bls.gov/timeseries/CMU2200000000000D","Employer cost per hour worked / % of total compensation; Qtr1=March, Qtr2=June, Qtr3=Sept, Qtr4=Dec reference periods. NAICS-based series start 2004 Q1."
CMU2200000000000D,private industry,dc,cost_per_hour_usd,2013,4,0.63,"BLS ECEC, https://data.bls.gov/timeseries/CMU2200000000000D","Employer cost per hour worked / % of total compensation; Qtr1=March, Qtr2=June, Qtr3=Sept, Qtr4=Dec reference periods. NAICS-based series start 2004 Q1."
CMU2200000000000D,private industry,dc,cost_per_hour_usd,2014,1,0.66,"BLS ECEC, https://data.bls.gov/timeseries/CMU2200000000000D","Employer cost per hour worked / % of total compensation; Qtr1=March, Qtr2=June, Qtr3=Sept, Qtr4=Dec reference periods. NAICS-based series start 2004 Q1."
CMU2200000000000D,private industry,dc,cost_per_hour_usd,2014,2,0.65,"BLS ECEC, https://data.bls.gov/timeseries/CMU2200000000000D","Employer cost per hour worked / % of total compensation; Qtr1=March, Qtr2=June, Qtr3=Sept, Qtr4=Dec reference periods. NAICS-based series start 2004 Q1."
CMU2200000000000D,private industry,dc,cost_per_hour_usd,2014,3,0.65,"BLS ECEC, https://data.bls.gov/timeseries/CMU2200000000000D","Employer cost per hour worked / % of total compensation; Qtr1=March, Qtr2=June, Qtr3=Sept, Qtr4=Dec reference periods. NAICS-based series start 2004 Q1."
CMU2200000000000D,private industry,dc,cost_per_hour_usd,2014,4,0.69,"BLS ECEC, https://data.bls.gov/timeseries/CMU2200000000000D","Employer cost per hour worked / % of total compensation; Qtr1=March, Qtr2=June, Qtr3=Sept, Qtr4=Dec reference periods. NAICS-based series start 2004 Q1."
CMU2200000000000D,private industry,dc,cost_per_hour_usd,2015,1,0.7,"BLS ECEC, https://data.bls.gov/timeseries/CMU2200000000000D","Employer cost per hour worked / % of total compensation; Qtr1=March, Qtr2=June, Qtr3=Sept, Qtr4=Dec reference periods. NAICS-based series start 2004 Q1."
CMU2200000000000D,private industry,dc,cost_per_hour_usd,2015,2,0.69,"BLS ECEC, https://data.bls.gov/timeseries/CMU2200000000000D","Employer cost per hour worked / % of total compensation; Qtr1=March, Qtr2=June, Qtr3=Sept, Qtr4=Dec reference periods. NAICS-based series start 2004 Q1."
CMU2200000000000D,private industry,dc,cost_per_hour_usd,2015,3,0.7,"BLS ECEC, https://data.bls.gov/timeseries/CMU2200000000000D","Employer cost per hour worked / % of total compensation; Qtr1=March, Qtr2=June, Qtr3=Sept, Qtr4=Dec reference periods. NAICS-based series start 2004 Q1."
CMU2200000000000D,private industry,dc,cost_per_hour_usd,2015,4,0.7,"BLS ECEC, https://data.bls.gov/timeseries/CMU2200000000000D","Employer cost per hour worked / % of total compensation; Qtr1=March, Qtr2=June, Qtr3=Sept, Qtr4=Dec reference periods. NAICS-based series start 2004 Q1."
CMU2200000000000D,private industry,dc,cost_per_hour_usd,2016,1,0.7,"BLS ECEC, https://data.bls.gov/timeseries/CMU2200000000000D","Employer cost per hour worked / % of total compensation; Qtr1=March, Qtr2=June, Qtr3=Sept, Qtr4=Dec reference periods. NAICS-based series start 2004 Q1."
CMU2200000000000D,private industry,dc,cost_per_hour_usd,2016,2,0.71,"BLS ECEC, https://data.bls.gov/timeseries/CMU2200000000000D","Employer cost per hour worked / % of total compensation; Qtr1=March, Qtr2=June, Qtr3=Sept, Qtr4=Dec reference periods. NAICS-based series start 2004 Q1."
CMU2200000000000D,private industry,dc,cost_per_hour_usd,2016,3,0.7,"BLS ECEC, https://data.bls.gov/timeseries/CMU2200000000000D","Employer cost per hour worked / % of total compensation; Qtr1=March, Qtr2=June, Qtr3=Sept, Qtr4=Dec reference periods. NAICS-based series start 2004 Q1."
CMU2200000000000D,private industry,dc,cost_per_hour_usd,2016,4,0.73,"BLS ECEC, https://data.bls.gov/timeseries/CMU2200000000000D","Employer cost per hour worked / % of total compensation; Qtr1=March, Qtr2=June, Qtr3=Sept, Qtr4=Dec reference periods. NAICS-based series start 2004 Q1."
CMU2200000000000D,private industry,dc,cost_per_hour_usd,2017,1,0.75,"BLS ECEC, https://data.bls.gov/timeseries/CMU2200000000000D","Employer cost per hour worked / % of total compensation; Qtr1=March, Qtr2=June, Qtr3=Sept, Qtr4=Dec reference periods. NAICS-based series start 2004 Q1."
CMU2200000000000D,private industry,dc,cost_per_hour_usd,2017,2,0.74,"BLS ECEC, https://data.bls.gov/timeseries/CMU2200000000000D","Employer cost per hour worked / % of total compensation; Qtr1=March, Qtr2=June, Qtr3=Sept, Qtr4=Dec reference periods. NAICS-based series start 2004 Q1."
CMU2200000000000D,private industry,dc,cost_per_hour_usd,2017,3,0.75,"BLS ECEC, https://data.bls.gov/timeseries/CMU2200000000000D","Employer cost per hour worked / % of total compensation; Qtr1=March, Qtr2=June, Qtr3=Sept, Qtr4=Dec reference periods. NAICS-based series start 2004 Q1."
CMU2200000000000D,private industry,dc,cost_per_hour_usd,2017,4,0.77,"BLS ECEC, https://data.bls.gov/timeseries/CMU2200000000000D","Employer cost per hour worked / % of total compensation; Qtr1=March, Qtr2=June, Qtr3=Sept, Qtr4=Dec reference periods. NAICS-based series start 2004 Q1."
CMU2200000000000D,private industry,dc,cost_per_hour_usd,2018,1,0.78,"BLS ECEC, https://data.bls.gov/timeseries/CMU2200000000000D","Employer cost per hour worked / % of total compensation; Qtr1=March, Qtr2=June, Qtr3=Sept, Qtr4=Dec reference periods. NAICS-based series start 2004 Q1."
CMU2200000000000D,private industry,dc,cost_per_hour_usd,2018,2,0.78,"BLS ECEC, https://data.bls.gov/timeseries/CMU2200000000000D","Employer cost per hour worked / % of total compensation; Qtr1=March, Qtr2=June, Qtr3=Sept, Qtr4=Dec reference periods. NAICS-based series start 2004 Q1."
CMU2200000000000D,private industry,dc,cost_per_hour_usd,2018,3,0.79,"BLS ECEC, https://data.bls.gov/timeseries/CMU2200000000000D","Employer cost per hour worked / % of total compensation; Qtr1=March, Qtr2=June, Qtr3=Sept, Qtr4=Dec reference periods. NAICS-based series start 2004 Q1."
CMU2200000000000D,private industry,dc,cost_per_hour_usd,2018,4,0.78,"BLS ECEC, https://data.bls.gov/timeseries/CMU2200000000000D","Employer cost per hour worked / % of total compensation; Qtr1=March, Qtr2=June, Qtr3=Sept, Qtr4=Dec reference periods. NAICS-based series start 2004 Q1."
CMU2200000000000D,private industry,dc,cost_per_hour_usd,2019,1,0.79,"BLS ECEC, https://data.bls.gov/timeseries/CMU2200000000000D","Employer cost per hour worked / % of total compensation; Qtr1=March, Qtr2=June, Qtr3=Sept, Qtr4=Dec reference periods. NAICS-based series start 2004 Q1."
CMU2200000000000D,private industry,dc,cost_per_hour_usd,2019,2,0.79,"BLS ECEC, https://data.bls.gov/timeseries/CMU2200000000000D","Employer cost per hour worked / % of total compensation; Qtr1=March, Qtr2=June, Qtr3=Sept, Qtr4=Dec reference periods. NAICS-based series start 2004 Q1."
CMU2200000000000D,private industry,dc,cost_per_hour_usd,2019,3,0.79,"BLS ECEC, https://data.bls.gov/timeseries/CMU2200000000000D","Employer cost per hour worked / % of total compensation; Qtr1=March, Qtr2=June, Qtr3=Sept, Qtr4=Dec reference periods. NAICS-based series start 2004 Q1."
CMU2200000000000D,private industry,dc,cost_per_hour_usd,2019,4,0.8,"BLS ECEC, https://data.bls.gov/timeseries/CMU2200000000000D","Employer cost per hour worked / % of total compensation; Qtr1=March, Qtr2=June, Qtr3=Sept, Qtr4=Dec reference periods. NAICS-based series start 2004 Q1."
CMU2200000000000D,private industry,dc,cost_per_hour_usd,2020,1,0.82,"BLS ECEC, https://data.bls.gov/timeseries/CMU2200000000000D","Employer cost per hour worked / % of total compensation; Qtr1=March, Qtr2=June, Qtr3=Sept, Qtr4=Dec reference periods. NAICS-based series start 2004 Q1."
CMU2200000000000D,private industry,dc,cost_per_hour_usd,2020,2,0.83,"BLS ECEC, https://data.bls.gov/timeseries/CMU2200000000000D","Employer cost per hour worked / % of total compensation; Qtr1=March, Qtr2=June, Qtr3=Sept, Qtr4=Dec reference periods. NAICS-based series start 2004 Q1."
CMU2200000000000D,private industry,dc,cost_per_hour_usd,2020,3,0.82,"BLS ECEC, https://data.bls.gov/timeseries/CMU2200000000000D","Employer cost per hour worked / % of total compensation; Qtr1=March, Qtr2=June, Qtr3=Sept, Qtr4=Dec reference periods. NAICS-based series start 2004 Q1."
CMU2200000000000D,private industry,dc,cost_per_hour_usd,2020,4,0.82,"BLS ECEC, https://data.bls.gov/timeseries/CMU2200000000000D","Employer cost per hour worked / % of total compensation; Qtr1=March, Qtr2=June, Qtr3=Sept, Qtr4=Dec reference periods. NAICS-based series start 2004 Q1."
CMU2200000000000D,private industry,dc,cost_per_hour_usd,2021,1,0.83,"BLS ECEC, https://data.bls.gov/timeseries/CMU2200000000000D","Employer cost per hour worked / % of total compensation; Qtr1=March, Qtr2=June, Qtr3=Sept, Qtr4=Dec reference periods. NAICS-based series start 2004 Q1."
CMU2200000000000D,private industry,dc,cost_per_hour_usd,2021,2,0.83,"BLS ECEC, https://data.bls.gov/timeseries/CMU2200000000000D","Employer cost per hour worked / % of total compensation; Qtr1=March, Qtr2=June, Qtr3=Sept, Qtr4=Dec reference periods. NAICS-based series start 2004 Q1."
CMU2200000000000D,private industry,dc,cost_per_hour_usd,2021,3,0.84,"BLS ECEC, https://data.bls.gov/timeseries/CMU2200000000000D","Employer cost per hour worked / % of total compensation; Qtr1=March, Qtr2=June, Qtr3=Sept, Qtr4=Dec reference periods. NAICS-based series start 2004 Q1."
CMU2200000000000D,private industry,dc,cost_per_hour_usd,2021,4,0.88,"BLS ECEC, https://data.bls.gov/timeseries/CMU2200000000000D","Employer cost per hour worked / % of total compensation; Qtr1=March, Qtr2=June, Qtr3=Sept, Qtr4=Dec reference periods. NAICS-based series start 2004 Q1."
CMU2200000000000D,private industry,dc,cost_per_hour_usd,2022,1,0.89,"BLS ECEC, https://data.bls.gov/timeseries/CMU2200000000000D","Employer cost per hour worked / % of total compensation; Qtr1=March, Qtr2=June, Qtr3=Sept, Qtr4=Dec reference periods. NAICS-based series start 2004 Q1."
CMU2200000000000D,private industry,dc,cost_per_hour_usd,2022,2,0.88,"BLS ECEC, https://data.bls.gov/timeseries/CMU2200000000000D","Employer cost per hour worked / % of total compensation; Qtr1=March, Qtr2=June, Qtr3=Sept, Qtr4=Dec reference periods. NAICS-based series start 2004 Q1."
CMU2200000000000D,private industry,dc,cost_per_hour_usd,2022,3,0.91,"BLS ECEC, https://data.bls.gov/timeseries/CMU2200000000000D","Employer cost per hour worked / % of total compensation; Qtr1=March, Qtr2=June, Qtr3=Sept, Qtr4=Dec reference periods. NAICS-based series start 2004 Q1."
CMU2200000000000D,private industry,dc,cost_per_hour_usd,2022,4,0.95,"BLS ECEC, https://data.bls.gov/timeseries/CMU2200000000000D","Employer cost per hour worked / % of total compensation; Qtr1=March, Qtr2=June, Qtr3=Sept, Qtr4=Dec reference periods. NAICS-based series start 2004 Q1."
CMU2200000000000D,private industry,dc,cost_per_hour_usd,2023,1,0.97,"BLS ECEC, https://data.bls.gov/timeseries/CMU2200000000000D","Employer cost per hour worked / % of total compensation; Qtr1=March, Qtr2=June, Qtr3=Sept, Qtr4=Dec reference periods. NAICS-based series start 2004 Q1."
CMU2200000000000D,private industry,dc,cost_per_hour_usd,2023,2,0.97,"BLS ECEC, https://data.bls.gov/timeseries/CMU2200000000000D","Employer cost per hour worked / % of total compensation; Qtr1=March, Qtr2=June, Qtr3=Sept, Qtr4=Dec reference periods. NAICS-based series start 2004 Q1."
CMU2200000000000D,private industry,dc,cost_per_hour_usd,2023,3,0.99,"BLS ECEC, https://data.bls.gov/timeseries/CMU2200000000000D","Employer cost per hour worked / % of total compensation; Qtr1=March, Qtr2=June, Qtr3=Sept, Qtr4=Dec reference periods. NAICS-based series start 2004 Q1."
CMU2200000000000D,private industry,dc,cost_per_hour_usd,2023,4,1.07,"BLS ECEC, https://data.bls.gov/timeseries/CMU2200000000000D","Employer cost per hour worked / % of total compensation; Qtr1=March, Qtr2=June, Qtr3=Sept, Qtr4=Dec reference periods. NAICS-based series start 2004 Q1."
CMU2200000000000D,private industry,dc,cost_per_hour_usd,2024,1,1.1,"BLS ECEC, https://data.bls.gov/timeseries/CMU2200000000000D","Employer cost per hour worked / % of total compensation; Qtr1=March, Qtr2=June, Qtr3=Sept, Qtr4=Dec reference periods. NAICS-based series start 2004 Q1."
CMU2200000000000D,private industry,dc,cost_per_hour_usd,2024,2,1.1,"BLS ECEC, https://data.bls.gov/timeseries/CMU2200000000000D","Employer cost per hour worked / % of total compensation; Qtr1=March, Qtr2=June, Qtr3=Sept, Qtr4=Dec reference periods. NAICS-based series start 2004 Q1."
CMU2200000000000D,private industry,dc,cost_per_hour_usd,2024,3,1.11,"BLS ECEC, https://data.bls.gov/timeseries/CMU2200000000000D","Employer cost per hour worked / % of total compensation; Qtr1=March, Qtr2=June, Qtr3=Sept, Qtr4=Dec reference periods. NAICS-based series start 2004 Q1."
CMU2200000000000D,private industry,dc,cost_per_hour_usd,2024,4,1.11,"BLS ECEC, https://data.bls.gov/timeseries/CMU2200000000000D","Employer cost per hour worked / % of total compensation; Qtr1=March, Qtr2=June, Qtr3=Sept, Qtr4=Dec reference periods. NAICS-based series start 2004 Q1."
CMU2200000000000D,private industry,dc,cost_per_hour_usd,2025,1,1.13,"BLS ECEC, https://data.bls.gov/timeseries/CMU2200000000000D","Employer cost per hour worked / % of total compensation; Qtr1=March, Qtr2=June, Qtr3=Sept, Qtr4=Dec reference periods. NAICS-based series start 2004 Q1."
CMU2200000000000D,private industry,dc,cost_per_hour_usd,2025,2,1.14,"BLS ECEC, https://data.bls.gov/timeseries/CMU2200000000000D","Employer cost per hour worked / % of total compensation; Qtr1=March, Qtr2=June, Qtr3=Sept, Qtr4=Dec reference periods. NAICS-based series start 2004 Q1."
CMU2200000000000D,private industry,dc,cost_per_hour_usd,2025,3,1.14,"BLS ECEC, https://data.bls.gov/timeseries/CMU2200000000000D","Employer cost per hour worked / % of total compensation; Qtr1=March, Qtr2=June, Qtr3=Sept, Qtr4=Dec reference periods. NAICS-based series start 2004 Q1."
CMU2200000000000D,private industry,dc,cost_per_hour_usd,2025,4,1.16,"BLS ECEC, https://data.bls.gov/timeseries/CMU2200000000000D","Employer cost per hour worked / % of total compensation; Qtr1=March, Qtr2=June, Qtr3=Sept, Qtr4=Dec reference periods. NAICS-based series start 2004 Q1."
CMU2200000000000D,private industry,dc,cost_per_hour_usd,2026,1,1.16,"BLS ECEC, https://data.bls.gov/timeseries/CMU2200000000000D","Employer cost per hour worked / % of total compensation; Qtr1=March, Qtr2=June, Qtr3=Sept, Qtr4=Dec reference periods. NAICS-based series start 2004 Q1."
CMU2200000000000D,private industry,dc,cost_per_hour_usd,2026,2,1.17,"BLS ECEC, https://data.bls.gov/timeseries/CMU2200000000000D","Employer cost per hour worked / % of total compensation; Qtr1=March, Qtr2=June, Qtr3=Sept, Qtr4=Dec reference periods. NAICS-based series start 2004 Q1."
CMU2200000000000P,private industry,dc,pct_total_comp,2004,1,1.8,"BLS ECEC, https://data.bls.gov/timeseries/CMU2200000000000P","Employer cost per hour worked / % of total compensation; Qtr1=March, Qtr2=June, Qtr3=Sept, Qtr4=Dec reference periods. NAICS-based series start 2004 Q1."
CMU2200000000000P,private industry,dc,pct_total_comp,2004,2,1.8,"BLS ECEC, https://data.bls.gov/timeseries/CMU2200000000000P","Employer cost per hour worked / % of total compensation; Qtr1=March, Qtr2=June, Qtr3=Sept, Qtr4=Dec reference periods. NAICS-based series start 2004 Q1."
CMU2200000000000P,private industry,dc,pct_total_comp,2004,3,1.8,"BLS ECEC, https://data.bls.gov/timeseries/CMU2200000000000P","Employer cost per hour worked / % of total compensation; Qtr1=March, Qtr2=June, Qtr3=Sept, Qtr4=Dec reference periods. NAICS-based series start 2004 Q1."
CMU2200000000000P,private industry,dc,pct_total_comp,2004,4,1.8,"BLS ECEC, https://data.bls.gov/timeseries/CMU2200000000000P","Employer cost per hour worked / % of total compensation; Qtr1=March, Qtr2=June, Qtr3=Sept, Qtr4=Dec reference periods. NAICS-based series start 2004 Q1."
CMU2200000000000P,private industry,dc,pct_total_comp,2005,1,1.8,"BLS ECEC, https://data.bls.gov/timeseries/CMU2200000000000P","Employer cost per hour worked / % of total compensation; Qtr1=March, Qtr2=June, Qtr3=Sept, Qtr4=Dec reference periods. NAICS-based series start 2004 Q1."
CMU2200000000000P,private industry,dc,pct_total_comp,2005,2,1.8,"BLS ECEC, https://data.bls.gov/timeseries/CMU2200000000000P","Employer cost per hour worked / % of total compensation; Qtr1=March, Qtr2=June, Qtr3=Sept, Qtr4=Dec reference periods. NAICS-based series start 2004 Q1."
CMU2200000000000P,private industry,dc,pct_total_comp,2005,3,1.8,"BLS ECEC, https://data.bls.gov/timeseries/CMU2200000000000P","Employer cost per hour worked / % of total compensation; Qtr1=March, Qtr2=June, Qtr3=Sept, Qtr4=Dec reference periods. NAICS-based series start 2004 Q1."
CMU2200000000000P,private industry,dc,pct_total_comp,2005,4,1.8,"BLS ECEC, https://data.bls.gov/timeseries/CMU2200000000000P","Employer cost per hour worked / % of total compensation; Qtr1=March, Qtr2=June, Qtr3=Sept, Qtr4=Dec reference periods. NAICS-based series start 2004 Q1."
CMU2200000000000P,private industry,dc,pct_total_comp,2006,1,1.9,"BLS ECEC, https://data.bls.gov/timeseries/CMU2200000000000P","Employer cost per hour worked / % of total compensation; Qtr1=March, Qtr2=June, Qtr3=Sept, Qtr4=Dec reference periods. NAICS-based series start 2004 Q1."
CMU2200000000000P,private industry,dc,pct_total_comp,2006,2,1.8,"BLS ECEC, https://data.bls.gov/timeseries/CMU2200000000000P","Employer cost per hour worked / % of total compensation; Qtr1=March, Qtr2=June, Qtr3=Sept, Qtr4=Dec reference periods. NAICS-based series start 2004 Q1."
CMU2200000000000P,private industry,dc,pct_total_comp,2006,3,1.8,"BLS ECEC, https://data.bls.gov/timeseries/CMU2200000000000P","Employer cost per hour worked / % of total compensation; Qtr1=March, Qtr2=June, Qtr3=Sept, Qtr4=Dec reference periods. NAICS-based series start 2004 Q1."
CMU2200000000000P,private industry,dc,pct_total_comp,2006,4,1.8,"BLS ECEC, https://data.bls.gov/timeseries/CMU2200000000000P","Employer cost per hour worked / % of total compensation; Qtr1=March, Qtr2=June, Qtr3=Sept, Qtr4=Dec reference periods. NAICS-based series start 2004 Q1."
CMU2200000000000P,private industry,dc,pct_total_comp,2007,1,1.8,"BLS ECEC, https://data.bls.gov/timeseries/CMU2200000000000P","Employer cost per hour worked / % of total compensation; Qtr1=March, Qtr2=June, Qtr3=Sept, Qtr4=Dec reference periods. NAICS-based series start 2004 Q1."
CMU2200000000000P,private industry,dc,pct_total_comp,2007,2,1.8,"BLS ECEC, https://data.bls.gov/timeseries/CMU2200000000000P","Employer cost per hour worked / % of total compensation; Qtr1=March, Qtr2=June, Qtr3=Sept, Qtr4=Dec reference periods. NAICS-based series start 2004 Q1."
CMU2200000000000P,private industry,dc,pct_total_comp,2007,3,1.9,"BLS ECEC, https://data.bls.gov/timeseries/CMU2200000000000P","Employer cost per hour worked / % of total compensation; Qtr1=March, Qtr2=June, Qtr3=Sept, Qtr4=Dec reference periods. NAICS-based series start 2004 Q1."
CMU2200000000000P,private industry,dc,pct_total_comp,2007,4,2.0,"BLS ECEC, https://data.bls.gov/timeseries/CMU2200000000000P","Employer cost per hour worked / % of total compensation; Qtr1=March, Qtr2=June, Qtr3=Sept, Qtr4=Dec reference periods. NAICS-based series start 2004 Q1."
CMU2200000000000P,private industry,dc,pct_total_comp,2008,1,2.0,"BLS ECEC, https://data.bls.gov/timeseries/CMU2200000000000P","Employer cost per hour worked / % of total compensation; Qtr1=March, Qtr2=June, Qtr3=Sept, Qtr4=Dec reference periods. NAICS-based series start 2004 Q1."
CMU2200000000000P,private industry,dc,pct_total_comp,2008,2,2.0,"BLS ECEC, https://data.bls.gov/timeseries/CMU2200000000000P","Employer cost per hour worked / % of total compensation; Qtr1=March, Qtr2=June, Qtr3=Sept, Qtr4=Dec reference periods. NAICS-based series start 2004 Q1."
CMU2200000000000P,private industry,dc,pct_total_comp,2008,3,2.0,"BLS ECEC, https://data.bls.gov/timeseries/CMU2200000000000P","Employer cost per hour worked / % of total compensation; Qtr1=March, Qtr2=June, Qtr3=Sept, Qtr4=Dec reference periods. NAICS-based series start 2004 Q1."
CMU2200000000000P,private industry,dc,pct_total_comp,2008,4,2.0,"BLS ECEC, https://data.bls.gov/timeseries/CMU2200000000000P","Employer cost per hour worked / % of total compensation; Qtr1=March, Qtr2=June, Qtr3=Sept, Qtr4=Dec reference periods. NAICS-based series start 2004 Q1."
CMU2200000000000P,private industry,dc,pct_total_comp,2009,1,2.0,"BLS ECEC, https://data.bls.gov/timeseries/CMU2200000000000P","Employer cost per hour worked / % of total compensation; Qtr1=March, Qtr2=June, Qtr3=Sept, Qtr4=Dec reference periods. NAICS-based series start 2004 Q1."
CMU2200000000000P,private industry,dc,pct_total_comp,2009,2,1.9,"BLS ECEC, https://data.bls.gov/timeseries/CMU2200000000000P","Employer cost per hour worked / % of total compensation; Qtr1=March, Qtr2=June, Qtr3=Sept, Qtr4=Dec reference periods. NAICS-based series start 2004 Q1."
CMU2200000000000P,private industry,dc,pct_total_comp,2009,3,1.9,"BLS ECEC, https://data.bls.gov/timeseries/CMU2200000000000P","Employer cost per hour worked / % of total compensation; Qtr1=March, Qtr2=June, Qtr3=Sept, Qtr4=Dec reference periods. NAICS-based series start 2004 Q1."
CMU2200000000000P,private industry,dc,pct_total_comp,2009,4,2.0,"BLS ECEC, https://data.bls.gov/timeseries/CMU2200000000000P","Employer cost per hour worked / % of total compensation; Qtr1=March, Qtr2=June, Qtr3=Sept, Qtr4=Dec reference periods. NAICS-based series start 2004 Q1."
CMU2200000000000P,private industry,dc,pct_total_comp,2010,1,2.0,"BLS ECEC, https://data.bls.gov/timeseries/CMU2200000000000P","Employer cost per hour worked / % of total compensation; Qtr1=March, Qtr2=June, Qtr3=Sept, Qtr4=Dec reference periods. NAICS-based series start 2004 Q1."
CMU2200000000000P,private industry,dc,pct_total_comp,2010,2,2.0,"BLS ECEC, https://data.bls.gov/timeseries/CMU2200000000000P","Employer cost per hour worked / % of total compensation; Qtr1=March, Qtr2=June, Qtr3=Sept, Qtr4=Dec reference periods. NAICS-based series start 2004 Q1."
CMU2200000000000P,private industry,dc,pct_total_comp,2010,3,2.0,"BLS ECEC, https://data.bls.gov/timeseries/CMU2200000000000P","Employer cost per hour worked / % of total compensation; Qtr1=March, Qtr2=June, Qtr3=Sept, Qtr4=Dec reference periods. NAICS-based series start 2004 Q1."
CMU2200000000000P,private industry,dc,pct_total_comp,2010,4,2.0,"BLS ECEC, https://data.bls.gov/timeseries/CMU2200000000000P","Employer cost per hour worked / % of total compensation; Qtr1=March, Qtr2=June, Qtr3=Sept, Qtr4=Dec reference periods. NAICS-based series start 2004 Q1."
CMU2200000000000P,private industry,dc,pct_total_comp,2011,1,2.1,"BLS ECEC, https://data.bls.gov/timeseries/CMU2200000000000P","Employer cost per hour worked / % of total compensation; Qtr1=March, Qtr2=June, Qtr3=Sept, Qtr4=Dec reference periods. NAICS-based series start 2004 Q1."
CMU2200000000000P,private industry,dc,pct_total_comp,2011,2,2.0,"BLS ECEC, https://data.bls.gov/timeseries/CMU2200000000000P","Employer cost per hour worked / % of total compensation; Qtr1=March, Qtr2=June, Qtr3=Sept, Qtr4=Dec reference periods. NAICS-based series start 2004 Q1."
CMU2200000000000P,private industry,dc,pct_total_comp,2011,3,2.0,"BLS ECEC, https://data.bls.gov/timeseries/CMU2200000000000P","Employer cost per hour worked / % of total compensation; Qtr1=March, Qtr2=June, Qtr3=Sept, Qtr4=Dec reference periods. NAICS-based series start 2004 Q1."
CMU2200000000000P,private industry,dc,pct_total_comp,2011,4,2.1,"BLS ECEC, https://data.bls.gov/timeseries/CMU2200000000000P","Employer cost per hour worked / % of total compensation; Qtr1=March, Qtr2=June, Qtr3=Sept, Qtr4=Dec reference periods. NAICS-based series start 2004 Q1."
CMU2200000000000P,private industry,dc,pct_total_comp,2012,1,2.1,"BLS ECEC, https://data.bls.gov/timeseries/CMU2200000000000P","Employer cost per hour worked / % of total compensation; Qtr1=March, Qtr2=June, Qtr3=Sept, Qtr4=Dec reference periods. NAICS-based series start 2004 Q1."
CMU2200000000000P,private industry,dc,pct_total_comp,2012,2,2.1,"BLS ECEC, https://data.bls.gov/timeseries/CMU2200000000000P","Employer cost per hour worked / % of total compensation; Qtr1=March, Qtr2=June, Qtr3=Sept, Qtr4=Dec reference periods. NAICS-based series start 2004 Q1."
CMU2200000000000P,private industry,dc,pct_total_comp,2012,3,2.1,"BLS ECEC, https://data.bls.gov/timeseries/CMU2200000000000P","Employer cost per hour worked / % of total compensation; Qtr1=March, Qtr2=June, Qtr3=Sept, Qtr4=Dec reference periods. NAICS-based series start 2004 Q1."
CMU2200000000000P,private industry,dc,pct_total_comp,2012,4,2.1,"BLS ECEC, https://data.bls.gov/timeseries/CMU2200000000000P","Employer cost per hour worked / % of total compensation; Qtr1=March, Qtr2=June, Qtr3=Sept, Qtr4=Dec reference periods. NAICS-based series start 2004 Q1."
CMU2200000000000P,private industry,dc,pct_total_comp,2013,1,2.1,"BLS ECEC, https://data.bls.gov/timeseries/CMU2200000000000P","Employer cost per hour worked / % of total compensation; Qtr1=March, Qtr2=June, Qtr3=Sept, Qtr4=Dec reference periods. NAICS-based series start 2004 Q1."
CMU2200000000000P,private industry,dc,pct_total_comp,2013,2,2.1,"BLS ECEC, https://data.bls.gov/timeseries/CMU2200000000000P","Employer cost per hour worked / % of total compensation; Qtr1=March, Qtr2=June, Qtr3=Sept, Qtr4=Dec reference periods. NAICS-based series start 2004 Q1."
CMU2200000000000P,private industry,dc,pct_total_comp,2013,3,2.1,"BLS ECEC, https://data.bls.gov/timeseries/CMU2200000000000P","Employer cost per hour worked / % of total compensation; Qtr1=March, Qtr2=June, Qtr3=Sept, Qtr4=Dec reference periods. NAICS-based series start 2004 Q1."
CMU2200000000000P,private industry,dc,pct_total_comp,2013,4,2.1,"BLS ECEC, https://data.bls.gov/timeseries/CMU2200000000000P","Employer cost per hour worked / % of total compensation; Qtr1=March, Qtr2=June, Qtr3=Sept, Qtr4=Dec reference periods. NAICS-based series start 2004 Q1."
CMU2200000000000P,private industry,dc,pct_total_comp,2014,1,2.2,"BLS ECEC, https://data.bls.gov/timeseries/CMU2200000000000P","Employer cost per hour worked / % of total compensation; Qtr1=March, Qtr2=June, Qtr3=Sept, Qtr4=Dec reference periods. NAICS-based series start 2004 Q1."
CMU2200000000000P,private industry,dc,pct_total_comp,2014,2,2.2,"BLS ECEC, https://data.bls.gov/timeseries/CMU2200000000000P","Employer cost per hour worked / % of total compensation; Qtr1=March, Qtr2=June, Qtr3=Sept, Qtr4=Dec reference periods. NAICS-based series start 2004 Q1."
CMU2200000000000P,private industry,dc,pct_total_comp,2014,3,2.1,"BLS ECEC, https://data.bls.gov/timeseries/CMU2200000000000P","Employer cost per hour worked / % of total compensation; Qtr1=March, Qtr2=June, Qtr3=Sept, Qtr4=Dec reference periods. NAICS-based series start 2004 Q1."
CMU2200000000000P,private industry,dc,pct_total_comp,2014,4,2.2,"BLS ECEC, https://data.bls.gov/timeseries/CMU2200000000000P","Employer cost per hour worked / % of total compensation; Qtr1=March, Qtr2=June, Qtr3=Sept, Qtr4=Dec reference periods. NAICS-based series start 2004 Q1."
CMU2200000000000P,private industry,dc,pct_total_comp,2015,1,2.2,"BLS ECEC, https://data.bls.gov/timeseries/CMU2200000000000P","Employer cost per hour worked / % of total compensation; Qtr1=March, Qtr2=June, Qtr3=Sept, Qtr4=Dec reference periods. NAICS-based series start 2004 Q1."
CMU2200000000000P,private industry,dc,pct_total_comp,2015,2,2.2,"BLS ECEC, https://data.bls.gov/timeseries/CMU2200000000000P","Employer cost per hour worked / % of total compensation; Qtr1=March, Qtr2=June, Qtr3=Sept, Qtr4=Dec reference periods. NAICS-based series start 2004 Q1."
CMU2200000000000P,private industry,dc,pct_total_comp,2015,3,2.2,"BLS ECEC, https://data.bls.gov/timeseries/CMU2200000000000P","Employer cost per hour worked / % of total compensation; Qtr1=March, Qtr2=June, Qtr3=Sept, Qtr4=Dec reference periods. NAICS-based series start 2004 Q1."
CMU2200000000000P,private industry,dc,pct_total_comp,2015,4,2.2,"BLS ECEC, https://data.bls.gov/timeseries/CMU2200000000000P","Employer cost per hour worked / % of total compensation; Qtr1=March, Qtr2=June, Qtr3=Sept, Qtr4=Dec reference periods. NAICS-based series start 2004 Q1."
CMU2200000000000P,private industry,dc,pct_total_comp,2016,1,2.2,"BLS ECEC, https://data.bls.gov/timeseries/CMU2200000000000P","Employer cost per hour worked / % of total compensation; Qtr1=March, Qtr2=June, Qtr3=Sept, Qtr4=Dec reference periods. NAICS-based series start 2004 Q1."
CMU2200000000000P,private industry,dc,pct_total_comp,2016,2,2.2,"BLS ECEC, https://data.bls.gov/timeseries/CMU2200000000000P","Employer cost per hour worked / % of total compensation; Qtr1=March, Qtr2=June, Qtr3=Sept, Qtr4=Dec reference periods. NAICS-based series start 2004 Q1."
CMU2200000000000P,private industry,dc,pct_total_comp,2016,3,2.2,"BLS ECEC, https://data.bls.gov/timeseries/CMU2200000000000P","Employer cost per hour worked / % of total compensation; Qtr1=March, Qtr2=June, Qtr3=Sept, Qtr4=Dec reference periods. NAICS-based series start 2004 Q1."
CMU2200000000000P,private industry,dc,pct_total_comp,2016,4,2.2,"BLS ECEC, https://data.bls.gov/timeseries/CMU2200000000000P","Employer cost per hour worked / % of total compensation; Qtr1=March, Qtr2=June, Qtr3=Sept, Qtr4=Dec reference periods. NAICS-based series start 2004 Q1."
CMU2200000000000P,private industry,dc,pct_total_comp,2017,1,2.3,"BLS ECEC, https://data.bls.gov/timeseries/CMU2200000000000P","Employer cost per hour worked / % of total compensation; Qtr1=March, Qtr2=June, Qtr3=Sept, Qtr4=Dec reference periods. NAICS-based series start 2004 Q1."
CMU2200000000000P,private industry,dc,pct_total_comp,2017,2,2.2,"BLS ECEC, https://data.bls.gov/timeseries/CMU2200000000000P","Employer cost per hour worked / % of total compensation; Qtr1=March, Qtr2=June, Qtr3=Sept, Qtr4=Dec reference periods. NAICS-based series start 2004 Q1."
CMU2200000000000P,private industry,dc,pct_total_comp,2017,3,2.2,"BLS ECEC, https://data.bls.gov/timeseries/CMU2200000000000P","Employer cost per hour worked / % of total compensation; Qtr1=March, Qtr2=June, Qtr3=Sept, Qtr4=Dec reference periods. NAICS-based series start 2004 Q1."
CMU2200000000000P,private industry,dc,pct_total_comp,2017,4,2.3,"BLS ECEC, https://data.bls.gov/timeseries/CMU2200000000000P","Employer cost per hour worked / % of total compensation; Qtr1=March, Qtr2=June, Qtr3=Sept, Qtr4=Dec reference periods. NAICS-based series start 2004 Q1."
CMU2200000000000P,private industry,dc,pct_total_comp,2018,1,2.3,"BLS ECEC, https://data.bls.gov/timeseries/CMU2200000000000P","Employer cost per hour worked / % of total compensation; Qtr1=March, Qtr2=June, Qtr3=Sept, Qtr4=Dec reference periods. NAICS-based series start 2004 Q1."
CMU2200000000000P,private industry,dc,pct_total_comp,2018,2,2.3,"BLS ECEC, https://data.bls.gov/timeseries/CMU2200000000000P","Employer cost per hour worked / % of total compensation; Qtr1=March, Qtr2=June, Qtr3=Sept, Qtr4=Dec reference periods. NAICS-based series start 2004 Q1."
CMU2200000000000P,private industry,dc,pct_total_comp,2018,3,2.3,"BLS ECEC, https://data.bls.gov/timeseries/CMU2200000000000P","Employer cost per hour worked / % of total compensation; Qtr1=March, Qtr2=June, Qtr3=Sept, Qtr4=Dec reference periods. NAICS-based series start 2004 Q1."
CMU2200000000000P,private industry,dc,pct_total_comp,2018,4,2.3,"BLS ECEC, https://data.bls.gov/timeseries/CMU2200000000000P","Employer cost per hour worked / % of total compensation; Qtr1=March, Qtr2=June, Qtr3=Sept, Qtr4=Dec reference periods. NAICS-based series start 2004 Q1."
CMU2200000000000P,private industry,dc,pct_total_comp,2019,1,2.3,"BLS ECEC, https://data.bls.gov/timeseries/CMU2200000000000P","Employer cost per hour worked / % of total compensation; Qtr1=March, Qtr2=June, Qtr3=Sept, Qtr4=Dec reference periods. NAICS-based series start 2004 Q1."
CMU2200000000000P,private industry,dc,pct_total_comp,2019,2,2.3,"BLS ECEC, https://data.bls.gov/timeseries/CMU2200000000000P","Employer cost per hour worked / % of total compensation; Qtr1=March, Qtr2=June, Qtr3=Sept, Qtr4=Dec reference periods. NAICS-based series start 2004 Q1."
CMU2200000000000P,private industry,dc,pct_total_comp,2019,3,2.3,"BLS ECEC, https://data.bls.gov/timeseries/CMU2200000000000P","Employer cost per hour worked / % of total compensation; Qtr1=March, Qtr2=June, Qtr3=Sept, Qtr4=Dec reference periods. NAICS-based series start 2004 Q1."
CMU2200000000000P,private industry,dc,pct_total_comp,2019,4,2.3,"BLS ECEC, https://data.bls.gov/timeseries/CMU2200000000000P","Employer cost per hour worked / % of total compensation; Qtr1=March, Qtr2=June, Qtr3=Sept, Qtr4=Dec reference periods. NAICS-based series start 2004 Q1."
CMU2200000000000P,private industry,dc,pct_total_comp,2020,1,2.3,"BLS ECEC, https://data.bls.gov/timeseries/CMU2200000000000P","Employer cost per hour worked / % of total compensation; Qtr1=March, Qtr2=June, Qtr3=Sept, Qtr4=Dec reference periods. NAICS-based series start 2004 Q1."
CMU2200000000000P,private industry,dc,pct_total_comp,2020,2,2.3,"BLS ECEC, https://data.bls.gov/timeseries/CMU2200000000000P","Employer cost per hour worked / % of total compensation; Qtr1=March, Qtr2=June, Qtr3=Sept, Qtr4=Dec reference periods. NAICS-based series start 2004 Q1."
CMU2200000000000P,private industry,dc,pct_total_comp,2020,3,2.3,"BLS ECEC, https://data.bls.gov/timeseries/CMU2200000000000P","Employer cost per hour worked / % of total compensation; Qtr1=March, Qtr2=June, Qtr3=Sept, Qtr4=Dec reference periods. NAICS-based series start 2004 Q1."
CMU2200000000000P,private industry,dc,pct_total_comp,2020,4,2.3,"BLS ECEC, https://data.bls.gov/timeseries/CMU2200000000000P","Employer cost per hour worked / % of total compensation; Qtr1=March, Qtr2=June, Qtr3=Sept, Qtr4=Dec reference periods. NAICS-based series start 2004 Q1."
CMU2200000000000P,private industry,dc,pct_total_comp,2021,1,2.3,"BLS ECEC, https://data.bls.gov/timeseries/CMU2200000000000P","Employer cost per hour worked / % of total compensation; Qtr1=March, Qtr2=June, Qtr3=Sept, Qtr4=Dec reference periods. NAICS-based series start 2004 Q1."
CMU2200000000000P,private industry,dc,pct_total_comp,2021,2,2.3,"BLS ECEC, https://data.bls.gov/timeseries/CMU2200000000000P","Employer cost per hour worked / % of total compensation; Qtr1=March, Qtr2=June, Qtr3=Sept, Qtr4=Dec reference periods. NAICS-based series start 2004 Q1."
CMU2200000000000P,private industry,dc,pct_total_comp,2021,3,2.3,"BLS ECEC, https://data.bls.gov/timeseries/CMU2200000000000P","Employer cost per hour worked / % of total compensation; Qtr1=March, Qtr2=June, Qtr3=Sept, Qtr4=Dec reference periods. NAICS-based series start 2004 Q1."
CMU2200000000000P,private industry,dc,pct_total_comp,2021,4,2.3,"BLS ECEC, https://data.bls.gov/timeseries/CMU2200000000000P","Employer cost per hour worked / % of total compensation; Qtr1=March, Qtr2=June, Qtr3=Sept, Qtr4=Dec reference periods. NAICS-based series start 2004 Q1."
CMU2200000000000P,private industry,dc,pct_total_comp,2022,1,2.3,"BLS ECEC, https://data.bls.gov/timeseries/CMU2200000000000P","Employer cost per hour worked / % of total compensation; Qtr1=March, Qtr2=June, Qtr3=Sept, Qtr4=Dec reference periods. NAICS-based series start 2004 Q1."
CMU2200000000000P,private industry,dc,pct_total_comp,2022,2,2.3,"BLS ECEC, https://data.bls.gov/timeseries/CMU2200000000000P","Employer cost per hour worked / % of total compensation; Qtr1=March, Qtr2=June, Qtr3=Sept, Qtr4=Dec reference periods. NAICS-based series start 2004 Q1."
CMU2200000000000P,private industry,dc,pct_total_comp,2022,3,2.3,"BLS ECEC, https://data.bls.gov/timeseries/CMU2200000000000P","Employer cost per hour worked / % of total compensation; Qtr1=March, Qtr2=June, Qtr3=Sept, Qtr4=Dec reference periods. NAICS-based series start 2004 Q1."
CMU2200000000000P,private industry,dc,pct_total_comp,2022,4,2.4,"BLS ECEC, https://data.bls.gov/timeseries/CMU2200000000000P","Employer cost per hour worked / % of total compensation; Qtr1=March, Qtr2=June, Qtr3=Sept, Qtr4=Dec reference periods. NAICS-based series start 2004 Q1."
CMU2200000000000P,private industry,dc,pct_total_comp,2023,1,2.4,"BLS ECEC, https://data.bls.gov/timeseries/CMU2200000000000P","Employer cost per hour worked / % of total compensation; Qtr1=March, Qtr2=June, Qtr3=Sept, Qtr4=Dec reference periods. NAICS-based series start 2004 Q1."
CMU2200000000000P,private industry,dc,pct_total_comp,2023,2,2.4,"BLS ECEC, https://data.bls.gov/timeseries/CMU2200000000000P","Employer cost per hour worked / % of total compensation; Qtr1=March, Qtr2=June, Qtr3=Sept, Qtr4=Dec reference periods. NAICS-based series start 2004 Q1."
CMU2200000000000P,private industry,dc,pct_total_comp,2023,3,2.4,"BLS ECEC, https://data.bls.gov/timeseries/CMU2200000000000P","Employer cost per hour worked / % of total compensation; Qtr1=March, Qtr2=June, Qtr3=Sept, Qtr4=Dec reference periods. NAICS-based series start 2004 Q1."
CMU2200000000000P,private industry,dc,pct_total_comp,2023,4,2.5,"BLS ECEC, https://data.bls.gov/timeseries/CMU2200000000000P","Employer cost per hour worked / % of total compensation; Qtr1=March, Qtr2=June, Qtr3=Sept, Qtr4=Dec reference periods. NAICS-based series start 2004 Q1."
CMU2200000000000P,private industry,dc,pct_total_comp,2024,1,2.5,"BLS ECEC, https://data.bls.gov/timeseries/CMU2200000000000P","Employer cost per hour worked / % of total compensation; Qtr1=March, Qtr2=June, Qtr3=Sept, Qtr4=Dec reference periods. NAICS-based series start 2004 Q1."
CMU2200000000000P,private industry,dc,pct_total_comp,2024,2,2.5,"BLS ECEC, https://data.bls.gov/timeseries/CMU2200000000000P","Employer cost per hour worked / % of total compensation; Qtr1=March, Qtr2=June, Qtr3=Sept, Qtr4=Dec reference periods. NAICS-based series start 2004 Q1."
CMU2200000000000P,private industry,dc,pct_total_comp,2024,3,2.5,"BLS ECEC, https://data.bls.gov/timeseries/CMU2200000000000P","Employer cost per hour worked / % of total compensation; Qtr1=March, Qtr2=June, Qtr3=Sept, Qtr4=Dec reference periods. NAICS-based series start 2004 Q1."
CMU2200000000000P,private industry,dc,pct_total_comp,2024,4,2.5,"BLS ECEC, https://data.bls.gov/timeseries/CMU2200000000000P","Employer cost per hour worked / % of total compensation; Qtr1=March, Qtr2=June, Qtr3=Sept, Qtr4=Dec reference periods. NAICS-based series start 2004 Q1."
CMU2200000000000P,private industry,dc,pct_total_comp,2025,1,2.5,"BLS ECEC, https://data.bls.gov/timeseries/CMU2200000000000P","Employer cost per hour worked / % of total compensation; Qtr1=March, Qtr2=June, Qtr3=Sept, Qtr4=Dec reference periods. NAICS-based series start 2004 Q1."
CMU2200000000000P,private industry,dc,pct_total_comp,2025,2,2.5,"BLS ECEC, https://data.bls.gov/timeseries/CMU2200000000000P","Employer cost per hour worked / % of total compensation; Qtr1=March, Qtr2=June, Qtr3=Sept, Qtr4=Dec reference periods. NAICS-based series start 2004 Q1."
CMU2200000000000P,private industry,dc,pct_total_comp,2025,3,2.5,"BLS ECEC, https://data.bls.gov/timeseries/CMU2200000000000P","Employer cost per hour worked / % of total compensation; Qtr1=March, Qtr2=June, Qtr3=Sept, Qtr4=Dec reference periods. NAICS-based series start 2004 Q1."
CMU2200000000000P,private industry,dc,pct_total_comp,2025,4,2.5,"BLS ECEC, https://data.bls.gov/timeseries/CMU2200000000000P","Employer cost per hour worked / % of total compensation; Qtr1=March, Qtr2=June, Qtr3=Sept, Qtr4=Dec reference periods. NAICS-based series start 2004 Q1."
CMU2200000000000P,private industry,dc,pct_total_comp,2026,1,2.5,"BLS ECEC, https://data.bls.gov/timeseries/CMU2200000000000P","Employer cost per hour worked / % of total compensation; Qtr1=March, Qtr2=June, Qtr3=Sept, Qtr4=Dec reference periods. NAICS-based series start 2004 Q1."
CMU2200000000000P,private industry,dc,pct_total_comp,2026,2,2.5,"BLS ECEC, https://data.bls.gov/timeseries/CMU2200000000000P","Employer cost per hour worked / % of total compensation; Qtr1=March, Qtr2=June, Qtr3=Sept, Qtr4=Dec reference periods. NAICS-based series start 2004 Q1."
CMU3010000000000D,state and local government,total_comp,cost_per_hour_usd,2004,1,34.21,"BLS ECEC, https://data.bls.gov/timeseries/CMU3010000000000D","Employer cost per hour worked / % of total compensation; Qtr1=March, Qtr2=June, Qtr3=Sept, Qtr4=Dec reference periods. NAICS-based series start 2004 Q1."
CMU3010000000000D,state and local government,total_comp,cost_per_hour_usd,2004,2,34.13,"BLS ECEC, https://data.bls.gov/timeseries/CMU3010000000000D","Employer cost per hour worked / % of total compensation; Qtr1=March, Qtr2=June, Qtr3=Sept, Qtr4=Dec reference periods. NAICS-based series start 2004 Q1."
CMU3010000000000D,state and local government,total_comp,cost_per_hour_usd,2004,3,34.72,"BLS ECEC, https://data.bls.gov/timeseries/CMU3010000000000D","Employer cost per hour worked / % of total compensation; Qtr1=March, Qtr2=June, Qtr3=Sept, Qtr4=Dec reference periods. NAICS-based series start 2004 Q1."
CMU3010000000000D,state and local government,total_comp,cost_per_hour_usd,2004,4,35.16,"BLS ECEC, https://data.bls.gov/timeseries/CMU3010000000000D","Employer cost per hour worked / % of total compensation; Qtr1=March, Qtr2=June, Qtr3=Sept, Qtr4=Dec reference periods. NAICS-based series start 2004 Q1."
CMU3010000000000D,state and local government,total_comp,cost_per_hour_usd,2005,1,35.5,"BLS ECEC, https://data.bls.gov/timeseries/CMU3010000000000D","Employer cost per hour worked / % of total compensation; Qtr1=March, Qtr2=June, Qtr3=Sept, Qtr4=Dec reference periods. NAICS-based series start 2004 Q1."
CMU3010000000000D,state and local government,total_comp,cost_per_hour_usd,2005,2,35.46,"BLS ECEC, https://data.bls.gov/timeseries/CMU3010000000000D","Employer cost per hour worked / % of total compensation; Qtr1=March, Qtr2=June, Qtr3=Sept, Qtr4=Dec reference periods. NAICS-based series start 2004 Q1."
CMU3010000000000D,state and local government,total_comp,cost_per_hour_usd,2005,3,36.16,"BLS ECEC, https://data.bls.gov/timeseries/CMU3010000000000D","Employer cost per hour worked / % of total compensation; Qtr1=March, Qtr2=June, Qtr3=Sept, Qtr4=Dec reference periods. NAICS-based series start 2004 Q1."
CMU3010000000000D,state and local government,total_comp,cost_per_hour_usd,2005,4,36.55,"BLS ECEC, https://data.bls.gov/timeseries/CMU3010000000000D","Employer cost per hour worked / % of total compensation; Qtr1=March, Qtr2=June, Qtr3=Sept, Qtr4=Dec reference periods. NAICS-based series start 2004 Q1."
CMU3010000000000D,state and local government,total_comp,cost_per_hour_usd,2006,1,36.96,"BLS ECEC, https://data.bls.gov/timeseries/CMU3010000000000D","Employer cost per hour worked / % of total compensation; Qtr1=March, Qtr2=June, Qtr3=Sept, Qtr4=Dec reference periods. NAICS-based series start 2004 Q1."
CMU3010000000000D,state and local government,total_comp,cost_per_hour_usd,2006,2,37.01,"BLS ECEC, https://data.bls.gov/timeseries/CMU3010000000000D","Employer cost per hour worked / % of total compensation; Qtr1=March, Qtr2=June, Qtr3=Sept, Qtr4=Dec reference periods. NAICS-based series start 2004 Q1."
CMU3010000000000D,state and local government,total_comp,cost_per_hour_usd,2006,3,37.91,"BLS ECEC, https://data.bls.gov/timeseries/CMU3010000000000D","Employer cost per hour worked / % of total compensation; Qtr1=March, Qtr2=June, Qtr3=Sept, Qtr4=Dec reference periods. NAICS-based series start 2004 Q1."
CMU3010000000000D,state and local government,total_comp,cost_per_hour_usd,2006,4,38.26,"BLS ECEC, https://data.bls.gov/timeseries/CMU3010000000000D","Employer cost per hour worked / % of total compensation; Qtr1=March, Qtr2=June, Qtr3=Sept, Qtr4=Dec reference periods. NAICS-based series start 2004 Q1."
CMU3010000000000D,state and local government,total_comp,cost_per_hour_usd,2007,1,38.66,"BLS ECEC, https://data.bls.gov/timeseries/CMU3010000000000D","Employer cost per hour worked / % of total compensation; Qtr1=March, Qtr2=June, Qtr3=Sept, Qtr4=Dec reference periods. NAICS-based series start 2004 Q1."
CMU3010000000000D,state and local government,total_comp,cost_per_hour_usd,2007,2,38.61,"BLS ECEC, https://data.bls.gov/timeseries/CMU3010000000000D","Employer cost per hour worked / % of total compensation; Qtr1=March, Qtr2=June, Qtr3=Sept, Qtr4=Dec reference periods. NAICS-based series start 2004 Q1."
CMU3010000000000D,state and local government,total_comp,cost_per_hour_usd,2007,3,39.5,"BLS ECEC, https://data.bls.gov/timeseries/CMU3010000000000D","Employer cost per hour worked / % of total compensation; Qtr1=March, Qtr2=June, Qtr3=Sept, Qtr4=Dec reference periods. NAICS-based series start 2004 Q1."
CMU3010000000000D,state and local government,total_comp,cost_per_hour_usd,2007,4,37.73,"BLS ECEC, https://data.bls.gov/timeseries/CMU3010000000000D","Employer cost per hour worked / % of total compensation; Qtr1=March, Qtr2=June, Qtr3=Sept, Qtr4=Dec reference periods. NAICS-based series start 2004 Q1."
CMU3010000000000D,state and local government,total_comp,cost_per_hour_usd,2008,1,37.84,"BLS ECEC, https://data.bls.gov/timeseries/CMU3010000000000D","Employer cost per hour worked / % of total compensation; Qtr1=March, Qtr2=June, Qtr3=Sept, Qtr4=Dec reference periods. NAICS-based series start 2004 Q1."
CMU3010000000000D,state and local government,total_comp,cost_per_hour_usd,2008,2,38.3,"BLS ECEC, https://data.bls.gov/timeseries/CMU3010000000000D","Employer cost per hour worked / % of total compensation; Qtr1=March, Qtr2=June, Qtr3=Sept, Qtr4=Dec reference periods. NAICS-based series start 2004 Q1."
CMU3010000000000D,state and local government,total_comp,cost_per_hour_usd,2008,3,39.18,"BLS ECEC, https://data.bls.gov/timeseries/CMU3010000000000D","Employer cost per hour worked / % of total compensation; Qtr1=March, Qtr2=June, Qtr3=Sept, Qtr4=Dec reference periods. NAICS-based series start 2004 Q1."
CMU3010000000000D,state and local government,total_comp,cost_per_hour_usd,2008,4,39.25,"BLS ECEC, https://data.bls.gov/timeseries/CMU3010000000000D","Employer cost per hour worked / % of total compensation; Qtr1=March, Qtr2=June, Qtr3=Sept, Qtr4=Dec reference periods. NAICS-based series start 2004 Q1."
CMU3010000000000D,state and local government,total_comp,cost_per_hour_usd,2009,1,39.51,"BLS ECEC, https://data.bls.gov/timeseries/CMU3010000000000D","Employer cost per hour worked / % of total compensation; Qtr1=March, Qtr2=June, Qtr3=Sept, Qtr4=Dec reference periods. NAICS-based series start 2004 Q1."
CMU3010000000000D,state and local government,total_comp,cost_per_hour_usd,2009,2,39.66,"BLS ECEC, https://data.bls.gov/timeseries/CMU3010000000000D","Employer cost per hour worked / % of total compensation; Qtr1=March, Qtr2=June, Qtr3=Sept, Qtr4=Dec reference periods. NAICS-based series start 2004 Q1."
CMU3010000000000D,state and local government,total_comp,cost_per_hour_usd,2009,3,39.83,"BLS ECEC, https://data.bls.gov/timeseries/CMU3010000000000D","Employer cost per hour worked / % of total compensation; Qtr1=March, Qtr2=June, Qtr3=Sept, Qtr4=Dec reference periods. NAICS-based series start 2004 Q1."
CMU3010000000000D,state and local government,total_comp,cost_per_hour_usd,2009,4,39.6,"BLS ECEC, https://data.bls.gov/timeseries/CMU3010000000000D","Employer cost per hour worked / % of total compensation; Qtr1=March, Qtr2=June, Qtr3=Sept, Qtr4=Dec reference periods. NAICS-based series start 2004 Q1."
CMU3010000000000D,state and local government,total_comp,cost_per_hour_usd,2010,1,39.81,"BLS ECEC, https://data.bls.gov/timeseries/CMU3010000000000D","Employer cost per hour worked / % of total compensation; Qtr1=March, Qtr2=June, Qtr3=Sept, Qtr4=Dec reference periods. NAICS-based series start 2004 Q1."
CMU3010000000000D,state and local government,total_comp,cost_per_hour_usd,2010,2,39.74,"BLS ECEC, https://data.bls.gov/timeseries/CMU3010000000000D","Employer cost per hour worked / % of total compensation; Qtr1=March, Qtr2=June, Qtr3=Sept, Qtr4=Dec reference periods. NAICS-based series start 2004 Q1."
CMU3010000000000D,state and local government,total_comp,cost_per_hour_usd,2010,3,40.1,"BLS ECEC, https://data.bls.gov/timeseries/CMU3010000000000D","Employer cost per hour worked / % of total compensation; Qtr1=March, Qtr2=June, Qtr3=Sept, Qtr4=Dec reference periods. NAICS-based series start 2004 Q1."
CMU3010000000000D,state and local government,total_comp,cost_per_hour_usd,2010,4,40.28,"BLS ECEC, https://data.bls.gov/timeseries/CMU3010000000000D","Employer cost per hour worked / % of total compensation; Qtr1=March, Qtr2=June, Qtr3=Sept, Qtr4=Dec reference periods. NAICS-based series start 2004 Q1."
CMU3010000000000D,state and local government,total_comp,cost_per_hour_usd,2011,1,40.54,"BLS ECEC, https://data.bls.gov/timeseries/CMU3010000000000D","Employer cost per hour worked / % of total compensation; Qtr1=March, Qtr2=June, Qtr3=Sept, Qtr4=Dec reference periods. NAICS-based series start 2004 Q1."
CMU3010000000000D,state and local government,total_comp,cost_per_hour_usd,2011,2,40.4,"BLS ECEC, https://data.bls.gov/timeseries/CMU3010000000000D","Employer cost per hour worked / % of total compensation; Qtr1=March, Qtr2=June, Qtr3=Sept, Qtr4=Dec reference periods. NAICS-based series start 2004 Q1."
CMU3010000000000D,state and local government,total_comp,cost_per_hour_usd,2011,3,40.76,"BLS ECEC, https://data.bls.gov/timeseries/CMU3010000000000D","Employer cost per hour worked / % of total compensation; Qtr1=March, Qtr2=June, Qtr3=Sept, Qtr4=Dec reference periods. NAICS-based series start 2004 Q1."
CMU3010000000000D,state and local government,total_comp,cost_per_hour_usd,2011,4,40.9,"BLS ECEC, https://data.bls.gov/timeseries/CMU3010000000000D","Employer cost per hour worked / % of total compensation; Qtr1=March, Qtr2=June, Qtr3=Sept, Qtr4=Dec reference periods. NAICS-based series start 2004 Q1."
CMU3010000000000D,state and local government,total_comp,cost_per_hour_usd,2012,1,41.16,"BLS ECEC, https://data.bls.gov/timeseries/CMU3010000000000D","Employer cost per hour worked / % of total compensation; Qtr1=March, Qtr2=June, Qtr3=Sept, Qtr4=Dec reference periods. NAICS-based series start 2004 Q1."
CMU3010000000000D,state and local government,total_comp,cost_per_hour_usd,2012,2,41.1,"BLS ECEC, https://data.bls.gov/timeseries/CMU3010000000000D","Employer cost per hour worked / % of total compensation; Qtr1=March, Qtr2=June, Qtr3=Sept, Qtr4=Dec reference periods. NAICS-based series start 2004 Q1."
CMU3010000000000D,state and local government,total_comp,cost_per_hour_usd,2012,3,41.56,"BLS ECEC, https://data.bls.gov/timeseries/CMU3010000000000D","Employer cost per hour worked / % of total compensation; Qtr1=March, Qtr2=June, Qtr3=Sept, Qtr4=Dec reference periods. NAICS-based series start 2004 Q1."
CMU3010000000000D,state and local government,total_comp,cost_per_hour_usd,2012,4,41.94,"BLS ECEC, https://data.bls.gov/timeseries/CMU3010000000000D","Employer cost per hour worked / % of total compensation; Qtr1=March, Qtr2=June, Qtr3=Sept, Qtr4=Dec reference periods. NAICS-based series start 2004 Q1."
CMU3010000000000D,state and local government,total_comp,cost_per_hour_usd,2013,1,42.12,"BLS ECEC, https://data.bls.gov/timeseries/CMU3010000000000D","Employer cost per hour worked / % of total compensation; Qtr1=March, Qtr2=June, Qtr3=Sept, Qtr4=Dec reference periods. NAICS-based series start 2004 Q1."
CMU3010000000000D,state and local government,total_comp,cost_per_hour_usd,2013,2,42.09,"BLS ECEC, https://data.bls.gov/timeseries/CMU3010000000000D","Employer cost per hour worked / % of total compensation; Qtr1=March, Qtr2=June, Qtr3=Sept, Qtr4=Dec reference periods. NAICS-based series start 2004 Q1."
CMU3010000000000D,state and local government,total_comp,cost_per_hour_usd,2013,3,42.51,"BLS ECEC, https://data.bls.gov/timeseries/CMU3010000000000D","Employer cost per hour worked / % of total compensation; Qtr1=March, Qtr2=June, Qtr3=Sept, Qtr4=Dec reference periods. NAICS-based series start 2004 Q1."
CMU3010000000000D,state and local government,total_comp,cost_per_hour_usd,2013,4,42.89,"BLS ECEC, https://data.bls.gov/timeseries/CMU3010000000000D","Employer cost per hour worked / % of total compensation; Qtr1=March, Qtr2=June, Qtr3=Sept, Qtr4=Dec reference periods. NAICS-based series start 2004 Q1."
CMU3010000000000D,state and local government,total_comp,cost_per_hour_usd,2014,1,43.1,"BLS ECEC, https://data.bls.gov/timeseries/CMU3010000000000D","Employer cost per hour worked / % of total compensation; Qtr1=March, Qtr2=June, Qtr3=Sept, Qtr4=Dec reference periods. NAICS-based series start 2004 Q1."
CMU3010000000000D,state and local government,total_comp,cost_per_hour_usd,2014,2,43.07,"BLS ECEC, https://data.bls.gov/timeseries/CMU3010000000000D","Employer cost per hour worked / % of total compensation; Qtr1=March, Qtr2=June, Qtr3=Sept, Qtr4=Dec reference periods. NAICS-based series start 2004 Q1."
CMU3010000000000D,state and local government,total_comp,cost_per_hour_usd,2014,3,43.56,"BLS ECEC, https://data.bls.gov/timeseries/CMU3010000000000D","Employer cost per hour worked / % of total compensation; Qtr1=March, Qtr2=June, Qtr3=Sept, Qtr4=Dec reference periods. NAICS-based series start 2004 Q1."
CMU3010000000000D,state and local government,total_comp,cost_per_hour_usd,2014,4,43.95,"BLS ECEC, https://data.bls.gov/timeseries/CMU3010000000000D","Employer cost per hour worked / % of total compensation; Qtr1=March, Qtr2=June, Qtr3=Sept, Qtr4=Dec reference periods. NAICS-based series start 2004 Q1."
CMU3010000000000D,state and local government,total_comp,cost_per_hour_usd,2015,1,44.25,"BLS ECEC, https://data.bls.gov/timeseries/CMU3010000000000D","Employer cost per hour worked / % of total compensation; Qtr1=March, Qtr2=June, Qtr3=Sept, Qtr4=Dec reference periods. NAICS-based series start 2004 Q1."
CMU3010000000000D,state and local government,total_comp,cost_per_hour_usd,2015,2,44.22,"BLS ECEC, https://data.bls.gov/timeseries/CMU3010000000000D","Employer cost per hour worked / % of total compensation; Qtr1=March, Qtr2=June, Qtr3=Sept, Qtr4=Dec reference periods. NAICS-based series start 2004 Q1."
CMU3010000000000D,state and local government,total_comp,cost_per_hour_usd,2015,3,44.66,"BLS ECEC, https://data.bls.gov/timeseries/CMU3010000000000D","Employer cost per hour worked / % of total compensation; Qtr1=March, Qtr2=June, Qtr3=Sept, Qtr4=Dec reference periods. NAICS-based series start 2004 Q1."
CMU3010000000000D,state and local government,total_comp,cost_per_hour_usd,2015,4,44.97,"BLS ECEC, https://data.bls.gov/timeseries/CMU3010000000000D","Employer cost per hour worked / % of total compensation; Qtr1=March, Qtr2=June, Qtr3=Sept, Qtr4=Dec reference periods. NAICS-based series start 2004 Q1."
CMU3010000000000D,state and local government,total_comp,cost_per_hour_usd,2016,1,45.23,"BLS ECEC, https://data.bls.gov/timeseries/CMU3010000000000D","Employer cost per hour worked / % of total compensation; Qtr1=March, Qtr2=June, Qtr3=Sept, Qtr4=Dec reference periods. NAICS-based series start 2004 Q1."
CMU3010000000000D,state and local government,total_comp,cost_per_hour_usd,2016,2,45.14,"BLS ECEC, https://data.bls.gov/timeseries/CMU3010000000000D","Employer cost per hour worked / % of total compensation; Qtr1=March, Qtr2=June, Qtr3=Sept, Qtr4=Dec reference periods. NAICS-based series start 2004 Q1."
CMU3010000000000D,state and local government,total_comp,cost_per_hour_usd,2016,3,45.93,"BLS ECEC, https://data.bls.gov/timeseries/CMU3010000000000D","Employer cost per hour worked / % of total compensation; Qtr1=March, Qtr2=June, Qtr3=Sept, Qtr4=Dec reference periods. NAICS-based series start 2004 Q1."
CMU3010000000000D,state and local government,total_comp,cost_per_hour_usd,2016,4,47.85,"BLS ECEC, https://data.bls.gov/timeseries/CMU3010000000000D","Employer cost per hour worked / % of total compensation; Qtr1=March, Qtr2=June, Qtr3=Sept, Qtr4=Dec reference periods. NAICS-based series start 2004 Q1."
CMU3010000000000D,state and local government,total_comp,cost_per_hour_usd,2017,1,48.24,"BLS ECEC, https://data.bls.gov/timeseries/CMU3010000000000D","Employer cost per hour worked / % of total compensation; Qtr1=March, Qtr2=June, Qtr3=Sept, Qtr4=Dec reference periods. NAICS-based series start 2004 Q1."
CMU3010000000000D,state and local government,total_comp,cost_per_hour_usd,2017,2,48.06,"BLS ECEC, https://data.bls.gov/timeseries/CMU3010000000000D","Employer cost per hour worked / % of total compensation; Qtr1=March, Qtr2=June, Qtr3=Sept, Qtr4=Dec reference periods. NAICS-based series start 2004 Q1."
CMU3010000000000D,state and local government,total_comp,cost_per_hour_usd,2017,3,48.78,"BLS ECEC, https://data.bls.gov/timeseries/CMU3010000000000D","Employer cost per hour worked / % of total compensation; Qtr1=March, Qtr2=June, Qtr3=Sept, Qtr4=Dec reference periods. NAICS-based series start 2004 Q1."
CMU3010000000000D,state and local government,total_comp,cost_per_hour_usd,2017,4,49.19,"BLS ECEC, https://data.bls.gov/timeseries/CMU3010000000000D","Employer cost per hour worked / % of total compensation; Qtr1=March, Qtr2=June, Qtr3=Sept, Qtr4=Dec reference periods. NAICS-based series start 2004 Q1."
CMU3010000000000D,state and local government,total_comp,cost_per_hour_usd,2018,1,49.4,"BLS ECEC, https://data.bls.gov/timeseries/CMU3010000000000D","Employer cost per hour worked / % of total compensation; Qtr1=March, Qtr2=June, Qtr3=Sept, Qtr4=Dec reference periods. NAICS-based series start 2004 Q1."
CMU3010000000000D,state and local government,total_comp,cost_per_hour_usd,2018,2,49.23,"BLS ECEC, https://data.bls.gov/timeseries/CMU3010000000000D","Employer cost per hour worked / % of total compensation; Qtr1=March, Qtr2=June, Qtr3=Sept, Qtr4=Dec reference periods. NAICS-based series start 2004 Q1."
CMU3010000000000D,state and local government,total_comp,cost_per_hour_usd,2018,3,50.03,"BLS ECEC, https://data.bls.gov/timeseries/CMU3010000000000D","Employer cost per hour worked / % of total compensation; Qtr1=March, Qtr2=June, Qtr3=Sept, Qtr4=Dec reference periods. NAICS-based series start 2004 Q1."
CMU3010000000000D,state and local government,total_comp,cost_per_hour_usd,2018,4,50.55,"BLS ECEC, https://data.bls.gov/timeseries/CMU3010000000000D","Employer cost per hour worked / % of total compensation; Qtr1=March, Qtr2=June, Qtr3=Sept, Qtr4=Dec reference periods. NAICS-based series start 2004 Q1."
CMU3010000000000D,state and local government,total_comp,cost_per_hour_usd,2019,1,50.89,"BLS ECEC, https://data.bls.gov/timeseries/CMU3010000000000D","Employer cost per hour worked / % of total compensation; Qtr1=March, Qtr2=June, Qtr3=Sept, Qtr4=Dec reference periods. NAICS-based series start 2004 Q1."
CMU3010000000000D,state and local government,total_comp,cost_per_hour_usd,2019,2,50.78,"BLS ECEC, https://data.bls.gov/timeseries/CMU3010000000000D","Employer cost per hour worked / % of total compensation; Qtr1=March, Qtr2=June, Qtr3=Sept, Qtr4=Dec reference periods. NAICS-based series start 2004 Q1."
CMU3010000000000D,state and local government,total_comp,cost_per_hour_usd,2019,3,51.66,"BLS ECEC, https://data.bls.gov/timeseries/CMU3010000000000D","Employer cost per hour worked / % of total compensation; Qtr1=March, Qtr2=June, Qtr3=Sept, Qtr4=Dec reference periods. NAICS-based series start 2004 Q1."
CMU3010000000000D,state and local government,total_comp,cost_per_hour_usd,2019,4,52.14,"BLS ECEC, https://data.bls.gov/timeseries/CMU3010000000000D","Employer cost per hour worked / % of total compensation; Qtr1=March, Qtr2=June, Qtr3=Sept, Qtr4=Dec reference periods. NAICS-based series start 2004 Q1."
CMU3010000000000D,state and local government,total_comp,cost_per_hour_usd,2020,1,52.45,"BLS ECEC, https://data.bls.gov/timeseries/CMU3010000000000D","Employer cost per hour worked / % of total compensation; Qtr1=March, Qtr2=June, Qtr3=Sept, Qtr4=Dec reference periods. NAICS-based series start 2004 Q1."
CMU3010000000000D,state and local government,total_comp,cost_per_hour_usd,2020,2,52.36,"BLS ECEC, https://data.bls.gov/timeseries/CMU3010000000000D","Employer cost per hour worked / % of total compensation; Qtr1=March, Qtr2=June, Qtr3=Sept, Qtr4=Dec reference periods. NAICS-based series start 2004 Q1."
CMU3010000000000D,state and local government,total_comp,cost_per_hour_usd,2020,3,52.94,"BLS ECEC, https://data.bls.gov/timeseries/CMU3010000000000D","Employer cost per hour worked / % of total compensation; Qtr1=March, Qtr2=June, Qtr3=Sept, Qtr4=Dec reference periods. NAICS-based series start 2004 Q1."
CMU3010000000000D,state and local government,total_comp,cost_per_hour_usd,2020,4,53.47,"BLS ECEC, https://data.bls.gov/timeseries/CMU3010000000000D","Employer cost per hour worked / % of total compensation; Qtr1=March, Qtr2=June, Qtr3=Sept, Qtr4=Dec reference periods. NAICS-based series start 2004 Q1."
CMU3010000000000D,state and local government,total_comp,cost_per_hour_usd,2021,1,53.68,"BLS ECEC, https://data.bls.gov/timeseries/CMU3010000000000D","Employer cost per hour worked / % of total compensation; Qtr1=March, Qtr2=June, Qtr3=Sept, Qtr4=Dec reference periods. NAICS-based series start 2004 Q1."
CMU3010000000000D,state and local government,total_comp,cost_per_hour_usd,2021,2,53.59,"BLS ECEC, https://data.bls.gov/timeseries/CMU3010000000000D","Employer cost per hour worked / % of total compensation; Qtr1=March, Qtr2=June, Qtr3=Sept, Qtr4=Dec reference periods. NAICS-based series start 2004 Q1."
CMU3010000000000D,state and local government,total_comp,cost_per_hour_usd,2021,3,54.46,"BLS ECEC, https://data.bls.gov/timeseries/CMU3010000000000D","Employer cost per hour worked / % of total compensation; Qtr1=March, Qtr2=June, Qtr3=Sept, Qtr4=Dec reference periods. NAICS-based series start 2004 Q1."
CMU3010000000000D,state and local government,total_comp,cost_per_hour_usd,2021,4,54.96,"BLS ECEC, https://data.bls.gov/timeseries/CMU3010000000000D","Employer cost per hour worked / % of total compensation; Qtr1=March, Qtr2=June, Qtr3=Sept, Qtr4=Dec reference periods. NAICS-based series start 2004 Q1."
CMU3010000000000D,state and local government,total_comp,cost_per_hour_usd,2022,1,55.47,"BLS ECEC, https://data.bls.gov/timeseries/CMU3010000000000D","Employer cost per hour worked / % of total compensation; Qtr1=March, Qtr2=June, Qtr3=Sept, Qtr4=Dec reference periods. NAICS-based series start 2004 Q1."
CMU3010000000000D,state and local government,total_comp,cost_per_hour_usd,2022,2,55.47,"BLS ECEC, https://data.bls.gov/timeseries/CMU3010000000000D","Employer cost per hour worked / % of total compensation; Qtr1=March, Qtr2=June, Qtr3=Sept, Qtr4=Dec reference periods. NAICS-based series start 2004 Q1."
CMU3010000000000D,state and local government,total_comp,cost_per_hour_usd,2022,3,57.02,"BLS ECEC, https://data.bls.gov/timeseries/CMU3010000000000D","Employer cost per hour worked / % of total compensation; Qtr1=March, Qtr2=June, Qtr3=Sept, Qtr4=Dec reference periods. NAICS-based series start 2004 Q1."
CMU3010000000000D,state and local government,total_comp,cost_per_hour_usd,2022,4,57.6,"BLS ECEC, https://data.bls.gov/timeseries/CMU3010000000000D","Employer cost per hour worked / % of total compensation; Qtr1=March, Qtr2=June, Qtr3=Sept, Qtr4=Dec reference periods. NAICS-based series start 2004 Q1."
CMU3010000000000D,state and local government,total_comp,cost_per_hour_usd,2023,1,58.08,"BLS ECEC, https://data.bls.gov/timeseries/CMU3010000000000D","Employer cost per hour worked / % of total compensation; Qtr1=March, Qtr2=June, Qtr3=Sept, Qtr4=Dec reference periods. NAICS-based series start 2004 Q1."
CMU3010000000000D,state and local government,total_comp,cost_per_hour_usd,2023,2,58.25,"BLS ECEC, https://data.bls.gov/timeseries/CMU3010000000000D","Employer cost per hour worked / % of total compensation; Qtr1=March, Qtr2=June, Qtr3=Sept, Qtr4=Dec reference periods. NAICS-based series start 2004 Q1."
CMU3010000000000D,state and local government,total_comp,cost_per_hour_usd,2023,3,59.9,"BLS ECEC, https://data.bls.gov/timeseries/CMU3010000000000D","Employer cost per hour worked / % of total compensation; Qtr1=March, Qtr2=June, Qtr3=Sept, Qtr4=Dec reference periods. NAICS-based series start 2004 Q1."
CMU3010000000000D,state and local government,total_comp,cost_per_hour_usd,2023,4,60.56,"BLS ECEC, https://data.bls.gov/timeseries/CMU3010000000000D","Employer cost per hour worked / % of total compensation; Qtr1=March, Qtr2=June, Qtr3=Sept, Qtr4=Dec reference periods. NAICS-based series start 2004 Q1."
CMU3010000000000D,state and local government,total_comp,cost_per_hour_usd,2024,1,61.27,"BLS ECEC, https://data.bls.gov/timeseries/CMU3010000000000D","Employer cost per hour worked / % of total compensation; Qtr1=March, Qtr2=June, Qtr3=Sept, Qtr4=Dec reference periods. NAICS-based series start 2004 Q1."
CMU3010000000000D,state and local government,total_comp,cost_per_hour_usd,2024,2,61.37,"BLS ECEC, https://data.bls.gov/timeseries/CMU3010000000000D","Employer cost per hour worked / % of total compensation; Qtr1=March, Qtr2=June, Qtr3=Sept, Qtr4=Dec reference periods. NAICS-based series start 2004 Q1."
CMU3010000000000D,state and local government,total_comp,cost_per_hour_usd,2024,3,62.92,"BLS ECEC, https://data.bls.gov/timeseries/CMU3010000000000D","Employer cost per hour worked / % of total compensation; Qtr1=March, Qtr2=June, Qtr3=Sept, Qtr4=Dec reference periods. NAICS-based series start 2004 Q1."
CMU3010000000000D,state and local government,total_comp,cost_per_hour_usd,2024,4,63.46,"BLS ECEC, https://data.bls.gov/timeseries/CMU3010000000000D","Employer cost per hour worked / % of total compensation; Qtr1=March, Qtr2=June, Qtr3=Sept, Qtr4=Dec reference periods. NAICS-based series start 2004 Q1."
CMU3010000000000D,state and local government,total_comp,cost_per_hour_usd,2025,1,64.0,"BLS ECEC, https://data.bls.gov/timeseries/CMU3010000000000D","Employer cost per hour worked / % of total compensation; Qtr1=March, Qtr2=June, Qtr3=Sept, Qtr4=Dec reference periods. NAICS-based series start 2004 Q1."
CMU3010000000000D,state and local government,total_comp,cost_per_hour_usd,2025,2,63.94,"BLS ECEC, https://data.bls.gov/timeseries/CMU3010000000000D","Employer cost per hour worked / % of total compensation; Qtr1=March, Qtr2=June, Qtr3=Sept, Qtr4=Dec reference periods. NAICS-based series start 2004 Q1."
CMU3010000000000D,state and local government,total_comp,cost_per_hour_usd,2025,3,65.28,"BLS ECEC, https://data.bls.gov/timeseries/CMU3010000000000D","Employer cost per hour worked / % of total compensation; Qtr1=March, Qtr2=June, Qtr3=Sept, Qtr4=Dec reference periods. NAICS-based series start 2004 Q1."
CMU3010000000000D,state and local government,total_comp,cost_per_hour_usd,2025,4,65.68,"BLS ECEC, https://data.bls.gov/timeseries/CMU3010000000000D","Employer cost per hour worked / % of total compensation; Qtr1=March, Qtr2=June, Qtr3=Sept, Qtr4=Dec reference periods. NAICS-based series start 2004 Q1."
CMU3010000000000D,state and local government,total_comp,cost_per_hour_usd,2026,1,66.41,"BLS ECEC, https://data.bls.gov/timeseries/CMU3010000000000D","Employer cost per hour worked / % of total compensation; Qtr1=March, Qtr2=June, Qtr3=Sept, Qtr4=Dec reference periods. NAICS-based series start 2004 Q1."
CMU3010000000000D,state and local government,total_comp,cost_per_hour_usd,2026,2,66.45,"BLS ECEC, https://data.bls.gov/timeseries/CMU3010000000000D","Employer cost per hour worked / % of total compensation; Qtr1=March, Qtr2=June, Qtr3=Sept, Qtr4=Dec reference periods. NAICS-based series start 2004 Q1."
CMU3010000000000P,state and local government,total_comp,pct_total_comp,2004,1,100.0,"BLS ECEC, https://data.bls.gov/timeseries/CMU3010000000000P","Employer cost per hour worked / % of total compensation; Qtr1=March, Qtr2=June, Qtr3=Sept, Qtr4=Dec reference periods. NAICS-based series start 2004 Q1."
CMU3010000000000P,state and local government,total_comp,pct_total_comp,2004,2,100.0,"BLS ECEC, https://data.bls.gov/timeseries/CMU3010000000000P","Employer cost per hour worked / % of total compensation; Qtr1=March, Qtr2=June, Qtr3=Sept, Qtr4=Dec reference periods. NAICS-based series start 2004 Q1."
CMU3010000000000P,state and local government,total_comp,pct_total_comp,2004,3,100.0,"BLS ECEC, https://data.bls.gov/timeseries/CMU3010000000000P","Employer cost per hour worked / % of total compensation; Qtr1=March, Qtr2=June, Qtr3=Sept, Qtr4=Dec reference periods. NAICS-based series start 2004 Q1."
CMU3010000000000P,state and local government,total_comp,pct_total_comp,2004,4,100.0,"BLS ECEC, https://data.bls.gov/timeseries/CMU3010000000000P","Employer cost per hour worked / % of total compensation; Qtr1=March, Qtr2=June, Qtr3=Sept, Qtr4=Dec reference periods. NAICS-based series start 2004 Q1."
CMU3010000000000P,state and local government,total_comp,pct_total_comp,2005,1,100.0,"BLS ECEC, https://data.bls.gov/timeseries/CMU3010000000000P","Employer cost per hour worked / % of total compensation; Qtr1=March, Qtr2=June, Qtr3=Sept, Qtr4=Dec reference periods. NAICS-based series start 2004 Q1."
CMU3010000000000P,state and local government,total_comp,pct_total_comp,2005,2,100.0,"BLS ECEC, https://data.bls.gov/timeseries/CMU3010000000000P","Employer cost per hour worked / % of total compensation; Qtr1=March, Qtr2=June, Qtr3=Sept, Qtr4=Dec reference periods. NAICS-based series start 2004 Q1."
CMU3010000000000P,state and local government,total_comp,pct_total_comp,2005,3,100.0,"BLS ECEC, https://data.bls.gov/timeseries/CMU3010000000000P","Employer cost per hour worked / % of total compensation; Qtr1=March, Qtr2=June, Qtr3=Sept, Qtr4=Dec reference periods. NAICS-based series start 2004 Q1."
CMU3010000000000P,state and local government,total_comp,pct_total_comp,2005,4,100.0,"BLS ECEC, https://data.bls.gov/timeseries/CMU3010000000000P","Employer cost per hour worked / % of total compensation; Qtr1=March, Qtr2=June, Qtr3=Sept, Qtr4=Dec reference periods. NAICS-based series start 2004 Q1."
CMU3010000000000P,state and local government,total_comp,pct_total_comp,2006,1,100.0,"BLS ECEC, https://data.bls.gov/timeseries/CMU3010000000000P","Employer cost per hour worked / % of total compensation; Qtr1=March, Qtr2=June, Qtr3=Sept, Qtr4=Dec reference periods. NAICS-based series start 2004 Q1."
CMU3010000000000P,state and local government,total_comp,pct_total_comp,2006,2,100.0,"BLS ECEC, https://data.bls.gov/timeseries/CMU3010000000000P","Employer cost per hour worked / % of total compensation; Qtr1=March, Qtr2=June, Qtr3=Sept, Qtr4=Dec reference periods. NAICS-based series start 2004 Q1."
CMU3010000000000P,state and local government,total_comp,pct_total_comp,2006,3,100.0,"BLS ECEC, https://data.bls.gov/timeseries/CMU3010000000000P","Employer cost per hour worked / % of total compensation; Qtr1=March, Qtr2=June, Qtr3=Sept, Qtr4=Dec reference periods. NAICS-based series start 2004 Q1."
CMU3010000000000P,state and local government,total_comp,pct_total_comp,2006,4,100.0,"BLS ECEC, https://data.bls.gov/timeseries/CMU3010000000000P","Employer cost per hour worked / % of total compensation; Qtr1=March, Qtr2=June, Qtr3=Sept, Qtr4=Dec reference periods. NAICS-based series start 2004 Q1."
CMU3010000000000P,state and local government,total_comp,pct_total_comp,2007,1,100.0,"BLS ECEC, https://data.bls.gov/timeseries/CMU3010000000000P","Employer cost per hour worked / % of total compensation; Qtr1=March, Qtr2=June, Qtr3=Sept, Qtr4=Dec reference periods. NAICS-based series start 2004 Q1."
CMU3010000000000P,state and local government,total_comp,pct_total_comp,2007,2,100.0,"BLS ECEC, https://data.bls.gov/timeseries/CMU3010000000000P","Employer cost per hour worked / % of total compensation; Qtr1=March, Qtr2=June, Qtr3=Sept, Qtr4=Dec reference periods. NAICS-based series start 2004 Q1."
CMU3010000000000P,state and local government,total_comp,pct_total_comp,2007,3,100.0,"BLS ECEC, https://data.bls.gov/timeseries/CMU3010000000000P","Employer cost per hour worked / % of total compensation; Qtr1=March, Qtr2=June, Qtr3=Sept, Qtr4=Dec reference periods. NAICS-based series start 2004 Q1."
CMU3010000000000P,state and local government,total_comp,pct_total_comp,2007,4,100.0,"BLS ECEC, https://data.bls.gov/timeseries/CMU3010000000000P","Employer cost per hour worked / % of total compensation; Qtr1=March, Qtr2=June, Qtr3=Sept, Qtr4=Dec reference periods. NAICS-based series start 2004 Q1."
CMU3010000000000P,state and local government,total_comp,pct_total_comp,2008,1,100.0,"BLS ECEC, https://data.bls.gov/timeseries/CMU3010000000000P","Employer cost per hour worked / % of total compensation; Qtr1=March, Qtr2=June, Qtr3=Sept, Qtr4=Dec reference periods. NAICS-based series start 2004 Q1."
CMU3010000000000P,state and local government,total_comp,pct_total_comp,2008,2,100.0,"BLS ECEC, https://data.bls.gov/timeseries/CMU3010000000000P","Employer cost per hour worked / % of total compensation; Qtr1=March, Qtr2=June, Qtr3=Sept, Qtr4=Dec reference periods. NAICS-based series start 2004 Q1."
CMU3010000000000P,state and local government,total_comp,pct_total_comp,2008,3,100.0,"BLS ECEC, https://data.bls.gov/timeseries/CMU3010000000000P","Employer cost per hour worked / % of total compensation; Qtr1=March, Qtr2=June, Qtr3=Sept, Qtr4=Dec reference periods. NAICS-based series start 2004 Q1."
CMU3010000000000P,state and local government,total_comp,pct_total_comp,2008,4,100.0,"BLS ECEC, https://data.bls.gov/timeseries/CMU3010000000000P","Employer cost per hour worked / % of total compensation; Qtr1=March, Qtr2=June, Qtr3=Sept, Qtr4=Dec reference periods. NAICS-based series start 2004 Q1."
CMU3010000000000P,state and local government,total_comp,pct_total_comp,2009,1,100.0,"BLS ECEC, https://data.bls.gov/timeseries/CMU3010000000000P","Employer cost per hour worked / % of total compensation; Qtr1=March, Qtr2=June, Qtr3=Sept, Qtr4=Dec reference periods. NAICS-based series start 2004 Q1."
CMU3010000000000P,state and local government,total_comp,pct_total_comp,2009,2,100.0,"BLS ECEC, https://data.bls.gov/timeseries/CMU3010000000000P","Employer cost per hour worked / % of total compensation; Qtr1=March, Qtr2=June, Qtr3=Sept, Qtr4=Dec reference periods. NAICS-based series start 2004 Q1."
CMU3010000000000P,state and local government,total_comp,pct_total_comp,2009,3,100.0,"BLS ECEC, https://data.bls.gov/timeseries/CMU3010000000000P","Employer cost per hour worked / % of total compensation; Qtr1=March, Qtr2=June, Qtr3=Sept, Qtr4=Dec reference periods. NAICS-based series start 2004 Q1."
CMU3010000000000P,state and local government,total_comp,pct_total_comp,2009,4,100.0,"BLS ECEC, https://data.bls.gov/timeseries/CMU3010000000000P","Employer cost per hour worked / % of total compensation; Qtr1=March, Qtr2=June, Qtr3=Sept, Qtr4=Dec reference periods. NAICS-based series start 2004 Q1."
CMU3010000000000P,state and local government,total_comp,pct_total_comp,2010,1,100.0,"BLS ECEC, https://data.bls.gov/timeseries/CMU3010000000000P","Employer cost per hour worked / % of total compensation; Qtr1=March, Qtr2=June, Qtr3=Sept, Qtr4=Dec reference periods. NAICS-based series start 2004 Q1."
CMU3010000000000P,state and local government,total_comp,pct_total_comp,2010,2,100.0,"BLS ECEC, https://data.bls.gov/timeseries/CMU3010000000000P","Employer cost per hour worked / % of total compensation; Qtr1=March, Qtr2=June, Qtr3=Sept, Qtr4=Dec reference periods. NAICS-based series start 2004 Q1."
CMU3010000000000P,state and local government,total_comp,pct_total_comp,2010,3,100.0,"BLS ECEC, https://data.bls.gov/timeseries/CMU3010000000000P","Employer cost per hour worked / % of total compensation; Qtr1=March, Qtr2=June, Qtr3=Sept, Qtr4=Dec reference periods. NAICS-based series start 2004 Q1."
CMU3010000000000P,state and local government,total_comp,pct_total_comp,2010,4,100.0,"BLS ECEC, https://data.bls.gov/timeseries/CMU3010000000000P","Employer cost per hour worked / % of total compensation; Qtr1=March, Qtr2=June, Qtr3=Sept, Qtr4=Dec reference periods. NAICS-based series start 2004 Q1."
CMU3010000000000P,state and local government,total_comp,pct_total_comp,2011,1,100.0,"BLS ECEC, https://data.bls.gov/timeseries/CMU3010000000000P","Employer cost per hour worked / % of total compensation; Qtr1=March, Qtr2=June, Qtr3=Sept, Qtr4=Dec reference periods. NAICS-based series start 2004 Q1."
CMU3010000000000P,state and local government,total_comp,pct_total_comp,2011,2,100.0,"BLS ECEC, https://data.bls.gov/timeseries/CMU3010000000000P","Employer cost per hour worked / % of total compensation; Qtr1=March, Qtr2=June, Qtr3=Sept, Qtr4=Dec reference periods. NAICS-based series start 2004 Q1."
CMU3010000000000P,state and local government,total_comp,pct_total_comp,2011,3,100.0,"BLS ECEC, https://data.bls.gov/timeseries/CMU3010000000000P","Employer cost per hour worked / % of total compensation; Qtr1=March, Qtr2=June, Qtr3=Sept, Qtr4=Dec reference periods. NAICS-based series start 2004 Q1."
CMU3010000000000P,state and local government,total_comp,pct_total_comp,2011,4,100.0,"BLS ECEC, https://data.bls.gov/timeseries/CMU3010000000000P","Employer cost per hour worked / % of total compensation; Qtr1=March, Qtr2=June, Qtr3=Sept, Qtr4=Dec reference periods. NAICS-based series start 2004 Q1."
CMU3010000000000P,state and local government,total_comp,pct_total_comp,2012,1,100.0,"BLS ECEC, https://data.bls.gov/timeseries/CMU3010000000000P","Employer cost per hour worked / % of total compensation; Qtr1=March, Qtr2=June, Qtr3=Sept, Qtr4=Dec reference periods. NAICS-based series start 2004 Q1."
CMU3010000000000P,state and local government,total_comp,pct_total_comp,2012,2,100.0,"BLS ECEC, https://data.bls.gov/timeseries/CMU3010000000000P","Employer cost per hour worked / % of total compensation; Qtr1=March, Qtr2=June, Qtr3=Sept, Qtr4=Dec reference periods. NAICS-based series start 2004 Q1."
CMU3010000000000P,state and local government,total_comp,pct_total_comp,2012,3,100.0,"BLS ECEC, https://data.bls.gov/timeseries/CMU3010000000000P","Employer cost per hour worked / % of total compensation; Qtr1=March, Qtr2=June, Qtr3=Sept, Qtr4=Dec reference periods. NAICS-based series start 2004 Q1."
CMU3010000000000P,state and local government,total_comp,pct_total_comp,2012,4,100.0,"BLS ECEC, https://data.bls.gov/timeseries/CMU3010000000000P","Employer cost per hour worked / % of total compensation; Qtr1=March, Qtr2=June, Qtr3=Sept, Qtr4=Dec reference periods. NAICS-based series start 2004 Q1."
CMU3010000000000P,state and local government,total_comp,pct_total_comp,2013,1,100.0,"BLS ECEC, https://data.bls.gov/timeseries/CMU3010000000000P","Employer cost per hour worked / % of total compensation; Qtr1=March, Qtr2=June, Qtr3=Sept, Qtr4=Dec reference periods. NAICS-based series start 2004 Q1."
CMU3010000000000P,state and local government,total_comp,pct_total_comp,2013,2,100.0,"BLS ECEC, https://data.bls.gov/timeseries/CMU3010000000000P","Employer cost per hour worked / % of total compensation; Qtr1=March, Qtr2=June, Qtr3=Sept, Qtr4=Dec reference periods. NAICS-based series start 2004 Q1."
CMU3010000000000P,state and local government,total_comp,pct_total_comp,2013,3,100.0,"BLS ECEC, https://data.bls.gov/timeseries/CMU3010000000000P","Employer cost per hour worked / % of total compensation; Qtr1=March, Qtr2=June, Qtr3=Sept, Qtr4=Dec reference periods. NAICS-based series start 2004 Q1."
CMU3010000000000P,state and local government,total_comp,pct_total_comp,2013,4,100.0,"BLS ECEC, https://data.bls.gov/timeseries/CMU3010000000000P","Employer cost per hour worked / % of total compensation; Qtr1=March, Qtr2=June, Qtr3=Sept, Qtr4=Dec reference periods. NAICS-based series start 2004 Q1."
CMU3010000000000P,state and local government,total_comp,pct_total_comp,2014,1,100.0,"BLS ECEC, https://data.bls.gov/timeseries/CMU3010000000000P","Employer cost per hour worked / % of total compensation; Qtr1=March, Qtr2=June, Qtr3=Sept, Qtr4=Dec reference periods. NAICS-based series start 2004 Q1."
CMU3010000000000P,state and local government,total_comp,pct_total_comp,2014,2,100.0,"BLS ECEC, https://data.bls.gov/timeseries/CMU3010000000000P","Employer cost per hour worked / % of total compensation; Qtr1=March, Qtr2=June, Qtr3=Sept, Qtr4=Dec reference periods. NAICS-based series start 2004 Q1."
CMU3010000000000P,state and local government,total_comp,pct_total_comp,2014,3,100.0,"BLS ECEC, https://data.bls.gov/timeseries/CMU3010000000000P","Employer cost per hour worked / % of total compensation; Qtr1=March, Qtr2=June, Qtr3=Sept, Qtr4=Dec reference periods. NAICS-based series start 2004 Q1."
CMU3010000000000P,state and local government,total_comp,pct_total_comp,2014,4,100.0,"BLS ECEC, https://data.bls.gov/timeseries/CMU3010000000000P","Employer cost per hour worked / % of total compensation; Qtr1=March, Qtr2=June, Qtr3=Sept, Qtr4=Dec reference periods. NAICS-based series start 2004 Q1."
CMU3010000000000P,state and local government,total_comp,pct_total_comp,2015,1,100.0,"BLS ECEC, https://data.bls.gov/timeseries/CMU3010000000000P","Employer cost per hour worked / % of total compensation; Qtr1=March, Qtr2=June, Qtr3=Sept, Qtr4=Dec reference periods. NAICS-based series start 2004 Q1."
CMU3010000000000P,state and local government,total_comp,pct_total_comp,2015,2,100.0,"BLS ECEC, https://data.bls.gov/timeseries/CMU3010000000000P","Employer cost per hour worked / % of total compensation; Qtr1=March, Qtr2=June, Qtr3=Sept, Qtr4=Dec reference periods. NAICS-based series start 2004 Q1."
CMU3010000000000P,state and local government,total_comp,pct_total_comp,2015,3,100.0,"BLS ECEC, https://data.bls.gov/timeseries/CMU3010000000000P","Employer cost per hour worked / % of total compensation; Qtr1=March, Qtr2=June, Qtr3=Sept, Qtr4=Dec reference periods. NAICS-based series start 2004 Q1."
CMU3010000000000P,state and local government,total_comp,pct_total_comp,2015,4,100.0,"BLS ECEC, https://data.bls.gov/timeseries/CMU3010000000000P","Employer cost per hour worked / % of total compensation; Qtr1=March, Qtr2=June, Qtr3=Sept, Qtr4=Dec reference periods. NAICS-based series start 2004 Q1."
CMU3010000000000P,state and local government,total_comp,pct_total_comp,2016,1,100.0,"BLS ECEC, https://data.bls.gov/timeseries/CMU3010000000000P","Employer cost per hour worked / % of total compensation; Qtr1=March, Qtr2=June, Qtr3=Sept, Qtr4=Dec reference periods. NAICS-based series start 2004 Q1."
CMU3010000000000P,state and local government,total_comp,pct_total_comp,2016,2,100.0,"BLS ECEC, https://data.bls.gov/timeseries/CMU3010000000000P","Employer cost per hour worked / % of total compensation; Qtr1=March, Qtr2=June, Qtr3=Sept, Qtr4=Dec reference periods. NAICS-based series start 2004 Q1."
CMU3010000000000P,state and local government,total_comp,pct_total_comp,2016,3,100.0,"BLS ECEC, https://data.bls.gov/timeseries/CMU3010000000000P","Employer cost per hour worked / % of total compensation; Qtr1=March, Qtr2=June, Qtr3=Sept, Qtr4=Dec reference periods. NAICS-based series start 2004 Q1."
CMU3010000000000P,state and local government,total_comp,pct_total_comp,2016,4,100.0,"BLS ECEC, https://data.bls.gov/timeseries/CMU3010000000000P","Employer cost per hour worked / % of total compensation; Qtr1=March, Qtr2=June, Qtr3=Sept, Qtr4=Dec reference periods. NAICS-based series start 2004 Q1."
CMU3010000000000P,state and local government,total_comp,pct_total_comp,2017,1,100.0,"BLS ECEC, https://data.bls.gov/timeseries/CMU3010000000000P","Employer cost per hour worked / % of total compensation; Qtr1=March, Qtr2=June, Qtr3=Sept, Qtr4=Dec reference periods. NAICS-based series start 2004 Q1."
CMU3010000000000P,state and local government,total_comp,pct_total_comp,2017,2,100.0,"BLS ECEC, https://data.bls.gov/timeseries/CMU3010000000000P","Employer cost per hour worked / % of total compensation; Qtr1=March, Qtr2=June, Qtr3=Sept, Qtr4=Dec reference periods. NAICS-based series start 2004 Q1."
CMU3010000000000P,state and local government,total_comp,pct_total_comp,2017,3,100.0,"BLS ECEC, https://data.bls.gov/timeseries/CMU3010000000000P","Employer cost per hour worked / % of total compensation; Qtr1=March, Qtr2=June, Qtr3=Sept, Qtr4=Dec reference periods. NAICS-based series start 2004 Q1."
CMU3010000000000P,state and local government,total_comp,pct_total_comp,2017,4,100.0,"BLS ECEC, https://data.bls.gov/timeseries/CMU3010000000000P","Employer cost per hour worked / % of total compensation; Qtr1=March, Qtr2=June, Qtr3=Sept, Qtr4=Dec reference periods. NAICS-based series start 2004 Q1."
CMU3010000000000P,state and local government,total_comp,pct_total_comp,2018,1,100.0,"BLS ECEC, https://data.bls.gov/timeseries/CMU3010000000000P","Employer cost per hour worked / % of total compensation; Qtr1=March, Qtr2=June, Qtr3=Sept, Qtr4=Dec reference periods. NAICS-based series start 2004 Q1."
CMU3010000000000P,state and local government,total_comp,pct_total_comp,2018,2,100.0,"BLS ECEC, https://data.bls.gov/timeseries/CMU3010000000000P","Employer cost per hour worked / % of total compensation; Qtr1=March, Qtr2=June, Qtr3=Sept, Qtr4=Dec reference periods. NAICS-based series start 2004 Q1."
CMU3010000000000P,state and local government,total_comp,pct_total_comp,2018,3,100.0,"BLS ECEC, https://data.bls.gov/timeseries/CMU3010000000000P","Employer cost per hour worked / % of total compensation; Qtr1=March, Qtr2=June, Qtr3=Sept, Qtr4=Dec reference periods. NAICS-based series start 2004 Q1."
CMU3010000000000P,state and local government,total_comp,pct_total_comp,2018,4,100.0,"BLS ECEC, https://data.bls.gov/timeseries/CMU3010000000000P","Employer cost per hour worked / % of total compensation; Qtr1=March, Qtr2=June, Qtr3=Sept, Qtr4=Dec reference periods. NAICS-based series start 2004 Q1."
CMU3010000000000P,state and local government,total_comp,pct_total_comp,2019,1,100.0,"BLS ECEC, https://data.bls.gov/timeseries/CMU3010000000000P","Employer cost per hour worked / % of total compensation; Qtr1=March, Qtr2=June, Qtr3=Sept, Qtr4=Dec reference periods. NAICS-based series start 2004 Q1."
CMU3010000000000P,state and local government,total_comp,pct_total_comp,2019,2,100.0,"BLS ECEC, https://data.bls.gov/timeseries/CMU3010000000000P","Employer cost per hour worked / % of total compensation; Qtr1=March, Qtr2=June, Qtr3=Sept, Qtr4=Dec reference periods. NAICS-based series start 2004 Q1."
CMU3010000000000P,state and local government,total_comp,pct_total_comp,2019,3,100.0,"BLS ECEC, https://data.bls.gov/timeseries/CMU3010000000000P","Employer cost per hour worked / % of total compensation; Qtr1=March, Qtr2=June, Qtr3=Sept, Qtr4=Dec reference periods. NAICS-based series start 2004 Q1."
CMU3010000000000P,state and local government,total_comp,pct_total_comp,2019,4,100.0,"BLS ECEC, https://data.bls.gov/timeseries/CMU3010000000000P","Employer cost per hour worked / % of total compensation; Qtr1=March, Qtr2=June, Qtr3=Sept, Qtr4=Dec reference periods. NAICS-based series start 2004 Q1."
CMU3010000000000P,state and local government,total_comp,pct_total_comp,2020,1,100.0,"BLS ECEC, https://data.bls.gov/timeseries/CMU3010000000000P","Employer cost per hour worked / % of total compensation; Qtr1=March, Qtr2=June, Qtr3=Sept, Qtr4=Dec reference periods. NAICS-based series start 2004 Q1."
CMU3010000000000P,state and local government,total_comp,pct_total_comp,2020,2,100.0,"BLS ECEC, https://data.bls.gov/timeseries/CMU3010000000000P","Employer cost per hour worked / % of total compensation; Qtr1=March, Qtr2=June, Qtr3=Sept, Qtr4=Dec reference periods. NAICS-based series start 2004 Q1."
CMU3010000000000P,state and local government,total_comp,pct_total_comp,2020,3,100.0,"BLS ECEC, https://data.bls.gov/timeseries/CMU3010000000000P","Employer cost per hour worked / % of total compensation; Qtr1=March, Qtr2=June, Qtr3=Sept, Qtr4=Dec reference periods. NAICS-based series start 2004 Q1."
CMU3010000000000P,state and local government,total_comp,pct_total_comp,2020,4,100.0,"BLS ECEC, https://data.bls.gov/timeseries/CMU3010000000000P","Employer cost per hour worked / % of total compensation; Qtr1=March, Qtr2=June, Qtr3=Sept, Qtr4=Dec reference periods. NAICS-based series start 2004 Q1."
CMU3010000000000P,state and local government,total_comp,pct_total_comp,2021,1,100.0,"BLS ECEC, https://data.bls.gov/timeseries/CMU3010000000000P","Employer cost per hour worked / % of total compensation; Qtr1=March, Qtr2=June, Qtr3=Sept, Qtr4=Dec reference periods. NAICS-based series start 2004 Q1."
CMU3010000000000P,state and local government,total_comp,pct_total_comp,2021,2,100.0,"BLS ECEC, https://data.bls.gov/timeseries/CMU3010000000000P","Employer cost per hour worked / % of total compensation; Qtr1=March, Qtr2=June, Qtr3=Sept, Qtr4=Dec reference periods. NAICS-based series start 2004 Q1."
CMU3010000000000P,state and local government,total_comp,pct_total_comp,2021,3,100.0,"BLS ECEC, https://data.bls.gov/timeseries/CMU3010000000000P","Employer cost per hour worked / % of total compensation; Qtr1=March, Qtr2=June, Qtr3=Sept, Qtr4=Dec reference periods. NAICS-based series start 2004 Q1."
CMU3010000000000P,state and local government,total_comp,pct_total_comp,2021,4,100.0,"BLS ECEC, https://data.bls.gov/timeseries/CMU3010000000000P","Employer cost per hour worked / % of total compensation; Qtr1=March, Qtr2=June, Qtr3=Sept, Qtr4=Dec reference periods. NAICS-based series start 2004 Q1."
CMU3010000000000P,state and local government,total_comp,pct_total_comp,2022,1,100.0,"BLS ECEC, https://data.bls.gov/timeseries/CMU3010000000000P","Employer cost per hour worked / % of total compensation; Qtr1=March, Qtr2=June, Qtr3=Sept, Qtr4=Dec reference periods. NAICS-based series start 2004 Q1."
CMU3010000000000P,state and local government,total_comp,pct_total_comp,2022,2,100.0,"BLS ECEC, https://data.bls.gov/timeseries/CMU3010000000000P","Employer cost per hour worked / % of total compensation; Qtr1=March, Qtr2=June, Qtr3=Sept, Qtr4=Dec reference periods. NAICS-based series start 2004 Q1."
CMU3010000000000P,state and local government,total_comp,pct_total_comp,2022,3,100.0,"BLS ECEC, https://data.bls.gov/timeseries/CMU3010000000000P","Employer cost per hour worked / % of total compensation; Qtr1=March, Qtr2=June, Qtr3=Sept, Qtr4=Dec reference periods. NAICS-based series start 2004 Q1."
CMU3010000000000P,state and local government,total_comp,pct_total_comp,2022,4,100.0,"BLS ECEC, https://data.bls.gov/timeseries/CMU3010000000000P","Employer cost per hour worked / % of total compensation; Qtr1=March, Qtr2=June, Qtr3=Sept, Qtr4=Dec reference periods. NAICS-based series start 2004 Q1."
CMU3010000000000P,state and local government,total_comp,pct_total_comp,2023,1,100.0,"BLS ECEC, https://data.bls.gov/timeseries/CMU3010000000000P","Employer cost per hour worked / % of total compensation; Qtr1=March, Qtr2=June, Qtr3=Sept, Qtr4=Dec reference periods. NAICS-based series start 2004 Q1."
CMU3010000000000P,state and local government,total_comp,pct_total_comp,2023,2,100.0,"BLS ECEC, https://data.bls.gov/timeseries/CMU3010000000000P","Employer cost per hour worked / % of total compensation; Qtr1=March, Qtr2=June, Qtr3=Sept, Qtr4=Dec reference periods. NAICS-based series start 2004 Q1."
CMU3010000000000P,state and local government,total_comp,pct_total_comp,2023,3,100.0,"BLS ECEC, https://data.bls.gov/timeseries/CMU3010000000000P","Employer cost per hour worked / % of total compensation; Qtr1=March, Qtr2=June, Qtr3=Sept, Qtr4=Dec reference periods. NAICS-based series start 2004 Q1."
CMU3010000000000P,state and local government,total_comp,pct_total_comp,2023,4,100.0,"BLS ECEC, https://data.bls.gov/timeseries/CMU3010000000000P","Employer cost per hour worked / % of total compensation; Qtr1=March, Qtr2=June, Qtr3=Sept, Qtr4=Dec reference periods. NAICS-based series start 2004 Q1."
CMU3010000000000P,state and local government,total_comp,pct_total_comp,2024,1,100.0,"BLS ECEC, https://data.bls.gov/timeseries/CMU3010000000000P","Employer cost per hour worked / % of total compensation; Qtr1=March, Qtr2=June, Qtr3=Sept, Qtr4=Dec reference periods. NAICS-based series start 2004 Q1."
CMU3010000000000P,state and local government,total_comp,pct_total_comp,2024,2,100.0,"BLS ECEC, https://data.bls.gov/timeseries/CMU3010000000000P","Employer cost per hour worked / % of total compensation; Qtr1=March, Qtr2=June, Qtr3=Sept, Qtr4=Dec reference periods. NAICS-based series start 2004 Q1."
CMU3010000000000P,state and local government,total_comp,pct_total_comp,2024,3,100.0,"BLS ECEC, https://data.bls.gov/timeseries/CMU3010000000000P","Employer cost per hour worked / % of total compensation; Qtr1=March, Qtr2=June, Qtr3=Sept, Qtr4=Dec reference periods. NAICS-based series start 2004 Q1."
CMU3010000000000P,state and local government,total_comp,pct_total_comp,2024,4,100.0,"BLS ECEC, https://data.bls.gov/timeseries/CMU3010000000000P","Employer cost per hour worked / % of total compensation; Qtr1=March, Qtr2=June, Qtr3=Sept, Qtr4=Dec reference periods. NAICS-based series start 2004 Q1."
CMU3010000000000P,state and local government,total_comp,pct_total_comp,2025,1,100.0,"BLS ECEC, https://data.bls.gov/timeseries/CMU3010000000000P","Employer cost per hour worked / % of total compensation; Qtr1=March, Qtr2=June, Qtr3=Sept, Qtr4=Dec reference periods. NAICS-based series start 2004 Q1."
CMU3010000000000P,state and local government,total_comp,pct_total_comp,2025,2,100.0,"BLS ECEC, https://data.bls.gov/timeseries/CMU3010000000000P","Employer cost per hour worked / % of total compensation; Qtr1=March, Qtr2=June, Qtr3=Sept, Qtr4=Dec reference periods. NAICS-based series start 2004 Q1."
CMU3010000000000P,state and local government,total_comp,pct_total_comp,2025,3,100.0,"BLS ECEC, https://data.bls.gov/timeseries/CMU3010000000000P","Employer cost per hour worked / % of total compensation; Qtr1=March, Qtr2=June, Qtr3=Sept, Qtr4=Dec reference periods. NAICS-based series start 2004 Q1."
CMU3010000000000P,state and local government,total_comp,pct_total_comp,2025,4,100.0,"BLS ECEC, https://data.bls.gov/timeseries/CMU3010000000000P","Employer cost per hour worked / % of total compensation; Qtr1=March, Qtr2=June, Qtr3=Sept, Qtr4=Dec reference periods. NAICS-based series start 2004 Q1."
CMU3010000000000P,state and local government,total_comp,pct_total_comp,2026,1,100.0,"BLS ECEC, https://data.bls.gov/timeseries/CMU3010000000000P","Employer cost per hour worked / % of total compensation; Qtr1=March, Qtr2=June, Qtr3=Sept, Qtr4=Dec reference periods. NAICS-based series start 2004 Q1."
CMU3010000000000P,state and local government,total_comp,pct_total_comp,2026,2,100.0,"BLS ECEC, https://data.bls.gov/timeseries/CMU3010000000000P","Employer cost per hour worked / % of total compensation; Qtr1=March, Qtr2=June, Qtr3=Sept, Qtr4=Dec reference periods. NAICS-based series start 2004 Q1."
CMU3020000000000D,state and local government,wages,cost_per_hour_usd,2004,1,23.69,"BLS ECEC, https://data.bls.gov/timeseries/CMU3020000000000D","Employer cost per hour worked / % of total compensation; Qtr1=March, Qtr2=June, Qtr3=Sept, Qtr4=Dec reference periods. NAICS-based series start 2004 Q1."
CMU3020000000000D,state and local government,wages,cost_per_hour_usd,2004,2,23.52,"BLS ECEC, https://data.bls.gov/timeseries/CMU3020000000000D","Employer cost per hour worked / % of total compensation; Qtr1=March, Qtr2=June, Qtr3=Sept, Qtr4=Dec reference periods. NAICS-based series start 2004 Q1."
CMU3020000000000D,state and local government,wages,cost_per_hour_usd,2004,3,23.83,"BLS ECEC, https://data.bls.gov/timeseries/CMU3020000000000D","Employer cost per hour worked / % of total compensation; Qtr1=March, Qtr2=June, Qtr3=Sept, Qtr4=Dec reference periods. NAICS-based series start 2004 Q1."
CMU3020000000000D,state and local government,wages,cost_per_hour_usd,2004,4,24.1,"BLS ECEC, https://data.bls.gov/timeseries/CMU3020000000000D","Employer cost per hour worked / % of total compensation; Qtr1=March, Qtr2=June, Qtr3=Sept, Qtr4=Dec reference periods. NAICS-based series start 2004 Q1."
CMU3020000000000D,state and local government,wages,cost_per_hour_usd,2005,1,24.26,"BLS ECEC, https://data.bls.gov/timeseries/CMU3020000000000D","Employer cost per hour worked / % of total compensation; Qtr1=March, Qtr2=June, Qtr3=Sept, Qtr4=Dec reference periods. NAICS-based series start 2004 Q1."
CMU3020000000000D,state and local government,wages,cost_per_hour_usd,2005,2,24.17,"BLS ECEC, https://data.bls.gov/timeseries/CMU3020000000000D","Employer cost per hour worked / % of total compensation; Qtr1=March, Qtr2=June, Qtr3=Sept, Qtr4=Dec reference periods. NAICS-based series start 2004 Q1."
CMU3020000000000D,state and local government,wages,cost_per_hour_usd,2005,3,24.52,"BLS ECEC, https://data.bls.gov/timeseries/CMU3020000000000D","Employer cost per hour worked / % of total compensation; Qtr1=March, Qtr2=June, Qtr3=Sept, Qtr4=Dec reference periods. NAICS-based series start 2004 Q1."
CMU3020000000000D,state and local government,wages,cost_per_hour_usd,2005,4,24.83,"BLS ECEC, https://data.bls.gov/timeseries/CMU3020000000000D","Employer cost per hour worked / % of total compensation; Qtr1=March, Qtr2=June, Qtr3=Sept, Qtr4=Dec reference periods. NAICS-based series start 2004 Q1."
CMU3020000000000D,state and local government,wages,cost_per_hour_usd,2006,1,25.01,"BLS ECEC, https://data.bls.gov/timeseries/CMU3020000000000D","Employer cost per hour worked / % of total compensation; Qtr1=March, Qtr2=June, Qtr3=Sept, Qtr4=Dec reference periods. NAICS-based series start 2004 Q1."
CMU3020000000000D,state and local government,wages,cost_per_hour_usd,2006,2,24.96,"BLS ECEC, https://data.bls.gov/timeseries/CMU3020000000000D","Employer cost per hour worked / % of total compensation; Qtr1=March, Qtr2=June, Qtr3=Sept, Qtr4=Dec reference periods. NAICS-based series start 2004 Q1."
CMU3020000000000D,state and local government,wages,cost_per_hour_usd,2006,3,25.53,"BLS ECEC, https://data.bls.gov/timeseries/CMU3020000000000D","Employer cost per hour worked / % of total compensation; Qtr1=March, Qtr2=June, Qtr3=Sept, Qtr4=Dec reference periods. NAICS-based series start 2004 Q1."
CMU3020000000000D,state and local government,wages,cost_per_hour_usd,2006,4,25.74,"BLS ECEC, https://data.bls.gov/timeseries/CMU3020000000000D","Employer cost per hour worked / % of total compensation; Qtr1=March, Qtr2=June, Qtr3=Sept, Qtr4=Dec reference periods. NAICS-based series start 2004 Q1."
CMU3020000000000D,state and local government,wages,cost_per_hour_usd,2007,1,25.9,"BLS ECEC, https://data.bls.gov/timeseries/CMU3020000000000D","Employer cost per hour worked / % of total compensation; Qtr1=March, Qtr2=June, Qtr3=Sept, Qtr4=Dec reference periods. NAICS-based series start 2004 Q1."
CMU3020000000000D,state and local government,wages,cost_per_hour_usd,2007,2,25.73,"BLS ECEC, https://data.bls.gov/timeseries/CMU3020000000000D","Employer cost per hour worked / % of total compensation; Qtr1=March, Qtr2=June, Qtr3=Sept, Qtr4=Dec reference periods. NAICS-based series start 2004 Q1."
CMU3020000000000D,state and local government,wages,cost_per_hour_usd,2007,3,26.26,"BLS ECEC, https://data.bls.gov/timeseries/CMU3020000000000D","Employer cost per hour worked / % of total compensation; Qtr1=March, Qtr2=June, Qtr3=Sept, Qtr4=Dec reference periods. NAICS-based series start 2004 Q1."
CMU3020000000000D,state and local government,wages,cost_per_hour_usd,2007,4,25.04,"BLS ECEC, https://data.bls.gov/timeseries/CMU3020000000000D","Employer cost per hour worked / % of total compensation; Qtr1=March, Qtr2=June, Qtr3=Sept, Qtr4=Dec reference periods. NAICS-based series start 2004 Q1."
CMU3020000000000D,state and local government,wages,cost_per_hour_usd,2008,1,24.95,"BLS ECEC, https://data.bls.gov/timeseries/CMU3020000000000D","Employer cost per hour worked / % of total compensation; Qtr1=March, Qtr2=June, Qtr3=Sept, Qtr4=Dec reference periods. NAICS-based series start 2004 Q1."
CMU3020000000000D,state and local government,wages,cost_per_hour_usd,2008,2,25.19,"BLS ECEC, https://data.bls.gov/timeseries/CMU3020000000000D","Employer cost per hour worked / % of total compensation; Qtr1=March, Qtr2=June, Qtr3=Sept, Qtr4=Dec reference periods. NAICS-based series start 2004 Q1."
CMU3020000000000D,state and local government,wages,cost_per_hour_usd,2008,3,25.77,"BLS ECEC, https://data.bls.gov/timeseries/CMU3020000000000D","Employer cost per hour worked / % of total compensation; Qtr1=March, Qtr2=June, Qtr3=Sept, Qtr4=Dec reference periods. NAICS-based series start 2004 Q1."
CMU3020000000000D,state and local government,wages,cost_per_hour_usd,2008,4,25.87,"BLS ECEC, https://data.bls.gov/timeseries/CMU3020000000000D","Employer cost per hour worked / % of total compensation; Qtr1=March, Qtr2=June, Qtr3=Sept, Qtr4=Dec reference periods. NAICS-based series start 2004 Q1."
CMU3020000000000D,state and local government,wages,cost_per_hour_usd,2009,1,25.97,"BLS ECEC, https://data.bls.gov/timeseries/CMU3020000000000D","Employer cost per hour worked / % of total compensation; Qtr1=March, Qtr2=June, Qtr3=Sept, Qtr4=Dec reference periods. NAICS-based series start 2004 Q1."
CMU3020000000000D,state and local government,wages,cost_per_hour_usd,2009,2,26.01,"BLS ECEC, https://data.bls.gov/timeseries/CMU3020000000000D","Employer cost per hour worked / % of total compensation; Qtr1=March, Qtr2=June, Qtr3=Sept, Qtr4=Dec reference periods. NAICS-based series start 2004 Q1."
CMU3020000000000D,state and local government,wages,cost_per_hour_usd,2009,3,26.24,"BLS ECEC, https://data.bls.gov/timeseries/CMU3020000000000D","Employer cost per hour worked / % of total compensation; Qtr1=March, Qtr2=June, Qtr3=Sept, Qtr4=Dec reference periods. NAICS-based series start 2004 Q1."
CMU3020000000000D,state and local government,wages,cost_per_hour_usd,2009,4,26.11,"BLS ECEC, https://data.bls.gov/timeseries/CMU3020000000000D","Employer cost per hour worked / % of total compensation; Qtr1=March, Qtr2=June, Qtr3=Sept, Qtr4=Dec reference periods. NAICS-based series start 2004 Q1."
CMU3020000000000D,state and local government,wages,cost_per_hour_usd,2010,1,26.25,"BLS ECEC, https://data.bls.gov/timeseries/CMU3020000000000D","Employer cost per hour worked / % of total compensation; Qtr1=March, Qtr2=June, Qtr3=Sept, Qtr4=Dec reference periods. NAICS-based series start 2004 Q1."
CMU3020000000000D,state and local government,wages,cost_per_hour_usd,2010,2,26.13,"BLS ECEC, https://data.bls.gov/timeseries/CMU3020000000000D","Employer cost per hour worked / % of total compensation; Qtr1=March, Qtr2=June, Qtr3=Sept, Qtr4=Dec reference periods. NAICS-based series start 2004 Q1."
CMU3020000000000D,state and local government,wages,cost_per_hour_usd,2010,3,26.25,"BLS ECEC, https://data.bls.gov/timeseries/CMU3020000000000D","Employer cost per hour worked / % of total compensation; Qtr1=March, Qtr2=June, Qtr3=Sept, Qtr4=Dec reference periods. NAICS-based series start 2004 Q1."
CMU3020000000000D,state and local government,wages,cost_per_hour_usd,2010,4,26.42,"BLS ECEC, https://data.bls.gov/timeseries/CMU3020000000000D","Employer cost per hour worked / % of total compensation; Qtr1=March, Qtr2=June, Qtr3=Sept, Qtr4=Dec reference periods. NAICS-based series start 2004 Q1."
CMU3020000000000D,state and local government,wages,cost_per_hour_usd,2011,1,26.55,"BLS ECEC, https://data.bls.gov/timeseries/CMU3020000000000D","Employer cost per hour worked / % of total compensation; Qtr1=March, Qtr2=June, Qtr3=Sept, Qtr4=Dec reference periods. NAICS-based series start 2004 Q1."
CMU3020000000000D,state and local government,wages,cost_per_hour_usd,2011,2,26.41,"BLS ECEC, https://data.bls.gov/timeseries/CMU3020000000000D","Employer cost per hour worked / % of total compensation; Qtr1=March, Qtr2=June, Qtr3=Sept, Qtr4=Dec reference periods. NAICS-based series start 2004 Q1."
CMU3020000000000D,state and local government,wages,cost_per_hour_usd,2011,3,26.57,"BLS ECEC, https://data.bls.gov/timeseries/CMU3020000000000D","Employer cost per hour worked / % of total compensation; Qtr1=March, Qtr2=June, Qtr3=Sept, Qtr4=Dec reference periods. NAICS-based series start 2004 Q1."
CMU3020000000000D,state and local government,wages,cost_per_hour_usd,2011,4,26.75,"BLS ECEC, https://data.bls.gov/timeseries/CMU3020000000000D","Employer cost per hour worked / % of total compensation; Qtr1=March, Qtr2=June, Qtr3=Sept, Qtr4=Dec reference periods. NAICS-based series start 2004 Q1."
CMU3020000000000D,state and local government,wages,cost_per_hour_usd,2012,1,26.85,"BLS ECEC, https://data.bls.gov/timeseries/CMU3020000000000D","Employer cost per hour worked / % of total compensation; Qtr1=March, Qtr2=June, Qtr3=Sept, Qtr4=Dec reference periods. NAICS-based series start 2004 Q1."
CMU3020000000000D,state and local government,wages,cost_per_hour_usd,2012,2,26.7,"BLS ECEC, https://data.bls.gov/timeseries/CMU3020000000000D","Employer cost per hour worked / % of total compensation; Qtr1=March, Qtr2=June, Qtr3=Sept, Qtr4=Dec reference periods. NAICS-based series start 2004 Q1."
CMU3020000000000D,state and local government,wages,cost_per_hour_usd,2012,3,26.91,"BLS ECEC, https://data.bls.gov/timeseries/CMU3020000000000D","Employer cost per hour worked / % of total compensation; Qtr1=March, Qtr2=June, Qtr3=Sept, Qtr4=Dec reference periods. NAICS-based series start 2004 Q1."
CMU3020000000000D,state and local government,wages,cost_per_hour_usd,2012,4,27.24,"BLS ECEC, https://data.bls.gov/timeseries/CMU3020000000000D","Employer cost per hour worked / % of total compensation; Qtr1=March, Qtr2=June, Qtr3=Sept, Qtr4=Dec reference periods. NAICS-based series start 2004 Q1."
CMU3020000000000D,state and local government,wages,cost_per_hour_usd,2013,1,27.27,"BLS ECEC, https://data.bls.gov/timeseries/CMU3020000000000D","Employer cost per hour worked / % of total compensation; Qtr1=March, Qtr2=June, Qtr3=Sept, Qtr4=Dec reference periods. NAICS-based series start 2004 Q1."
CMU3020000000000D,state and local government,wages,cost_per_hour_usd,2013,2,27.16,"BLS ECEC, https://data.bls.gov/timeseries/CMU3020000000000D","Employer cost per hour worked / % of total compensation; Qtr1=March, Qtr2=June, Qtr3=Sept, Qtr4=Dec reference periods. NAICS-based series start 2004 Q1."
CMU3020000000000D,state and local government,wages,cost_per_hour_usd,2013,3,27.38,"BLS ECEC, https://data.bls.gov/timeseries/CMU3020000000000D","Employer cost per hour worked / % of total compensation; Qtr1=March, Qtr2=June, Qtr3=Sept, Qtr4=Dec reference periods. NAICS-based series start 2004 Q1."
CMU3020000000000D,state and local government,wages,cost_per_hour_usd,2013,4,27.65,"BLS ECEC, https://data.bls.gov/timeseries/CMU3020000000000D","Employer cost per hour worked / % of total compensation; Qtr1=March, Qtr2=June, Qtr3=Sept, Qtr4=Dec reference periods. NAICS-based series start 2004 Q1."
CMU3020000000000D,state and local government,wages,cost_per_hour_usd,2014,1,27.75,"BLS ECEC, https://data.bls.gov/timeseries/CMU3020000000000D","Employer cost per hour worked / % of total compensation; Qtr1=March, Qtr2=June, Qtr3=Sept, Qtr4=Dec reference periods. NAICS-based series start 2004 Q1."
CMU3020000000000D,state and local government,wages,cost_per_hour_usd,2014,2,27.58,"BLS ECEC, https://data.bls.gov/timeseries/CMU3020000000000D","Employer cost per hour worked / % of total compensation; Qtr1=March, Qtr2=June, Qtr3=Sept, Qtr4=Dec reference periods. NAICS-based series start 2004 Q1."
CMU3020000000000D,state and local government,wages,cost_per_hour_usd,2014,3,27.89,"BLS ECEC, https://data.bls.gov/timeseries/CMU3020000000000D","Employer cost per hour worked / % of total compensation; Qtr1=March, Qtr2=June, Qtr3=Sept, Qtr4=Dec reference periods. NAICS-based series start 2004 Q1."
CMU3020000000000D,state and local government,wages,cost_per_hour_usd,2014,4,28.17,"BLS ECEC, https://data.bls.gov/timeseries/CMU3020000000000D","Employer cost per hour worked / % of total compensation; Qtr1=March, Qtr2=June, Qtr3=Sept, Qtr4=Dec reference periods. NAICS-based series start 2004 Q1."
CMU3020000000000D,state and local government,wages,cost_per_hour_usd,2015,1,28.33,"BLS ECEC, https://data.bls.gov/timeseries/CMU3020000000000D","Employer cost per hour worked / % of total compensation; Qtr1=March, Qtr2=June, Qtr3=Sept, Qtr4=Dec reference periods. NAICS-based series start 2004 Q1."
CMU3020000000000D,state and local government,wages,cost_per_hour_usd,2015,2,28.22,"BLS ECEC, https://data.bls.gov/timeseries/CMU3020000000000D","Employer cost per hour worked / % of total compensation; Qtr1=March, Qtr2=June, Qtr3=Sept, Qtr4=Dec reference periods. NAICS-based series start 2004 Q1."
CMU3020000000000D,state and local government,wages,cost_per_hour_usd,2015,3,28.45,"BLS ECEC, https://data.bls.gov/timeseries/CMU3020000000000D","Employer cost per hour worked / % of total compensation; Qtr1=March, Qtr2=June, Qtr3=Sept, Qtr4=Dec reference periods. NAICS-based series start 2004 Q1."
CMU3020000000000D,state and local government,wages,cost_per_hour_usd,2015,4,28.63,"BLS ECEC, https://data.bls.gov/timeseries/CMU3020000000000D","Employer cost per hour worked / % of total compensation; Qtr1=March, Qtr2=June, Qtr3=Sept, Qtr4=Dec reference periods. NAICS-based series start 2004 Q1."
CMU3020000000000D,state and local government,wages,cost_per_hour_usd,2016,1,28.75,"BLS ECEC, https://data.bls.gov/timeseries/CMU3020000000000D","Employer cost per hour worked / % of total compensation; Qtr1=March, Qtr2=June, Qtr3=Sept, Qtr4=Dec reference periods. NAICS-based series start 2004 Q1."
CMU3020000000000D,state and local government,wages,cost_per_hour_usd,2016,2,28.59,"BLS ECEC, https://data.bls.gov/timeseries/CMU3020000000000D","Employer cost per hour worked / % of total compensation; Qtr1=March, Qtr2=June, Qtr3=Sept, Qtr4=Dec reference periods. NAICS-based series start 2004 Q1."
CMU3020000000000D,state and local government,wages,cost_per_hour_usd,2016,3,29.06,"BLS ECEC, https://data.bls.gov/timeseries/CMU3020000000000D","Employer cost per hour worked / % of total compensation; Qtr1=March, Qtr2=June, Qtr3=Sept, Qtr4=Dec reference periods. NAICS-based series start 2004 Q1."
CMU3020000000000D,state and local government,wages,cost_per_hour_usd,2016,4,30.14,"BLS ECEC, https://data.bls.gov/timeseries/CMU3020000000000D","Employer cost per hour worked / % of total compensation; Qtr1=March, Qtr2=June, Qtr3=Sept, Qtr4=Dec reference periods. NAICS-based series start 2004 Q1."
CMU3020000000000D,state and local government,wages,cost_per_hour_usd,2017,1,30.34,"BLS ECEC, https://data.bls.gov/timeseries/CMU3020000000000D","Employer cost per hour worked / % of total compensation; Qtr1=March, Qtr2=June, Qtr3=Sept, Qtr4=Dec reference periods. NAICS-based series start 2004 Q1."
CMU3020000000000D,state and local government,wages,cost_per_hour_usd,2017,2,30.12,"BLS ECEC, https://data.bls.gov/timeseries/CMU3020000000000D","Employer cost per hour worked / % of total compensation; Qtr1=March, Qtr2=June, Qtr3=Sept, Qtr4=Dec reference periods. NAICS-based series start 2004 Q1."
CMU3020000000000D,state and local government,wages,cost_per_hour_usd,2017,3,30.54,"BLS ECEC, https://data.bls.gov/timeseries/CMU3020000000000D","Employer cost per hour worked / % of total compensation; Qtr1=March, Qtr2=June, Qtr3=Sept, Qtr4=Dec reference periods. NAICS-based series start 2004 Q1."
CMU3020000000000D,state and local government,wages,cost_per_hour_usd,2017,4,30.81,"BLS ECEC, https://data.bls.gov/timeseries/CMU3020000000000D","Employer cost per hour worked / % of total compensation; Qtr1=March, Qtr2=June, Qtr3=Sept, Qtr4=Dec reference periods. NAICS-based series start 2004 Q1."
CMU3020000000000D,state and local government,wages,cost_per_hour_usd,2018,1,30.91,"BLS ECEC, https://data.bls.gov/timeseries/CMU3020000000000D","Employer cost per hour worked / % of total compensation; Qtr1=March, Qtr2=June, Qtr3=Sept, Qtr4=Dec reference periods. NAICS-based series start 2004 Q1."
CMU3020000000000D,state and local government,wages,cost_per_hour_usd,2018,2,30.73,"BLS ECEC, https://data.bls.gov/timeseries/CMU3020000000000D","Employer cost per hour worked / % of total compensation; Qtr1=March, Qtr2=June, Qtr3=Sept, Qtr4=Dec reference periods. NAICS-based series start 2004 Q1."
CMU3020000000000D,state and local government,wages,cost_per_hour_usd,2018,3,31.23,"BLS ECEC, https://data.bls.gov/timeseries/CMU3020000000000D","Employer cost per hour worked / % of total compensation; Qtr1=March, Qtr2=June, Qtr3=Sept, Qtr4=Dec reference periods. NAICS-based series start 2004 Q1."
CMU3020000000000D,state and local government,wages,cost_per_hour_usd,2018,4,31.59,"BLS ECEC, https://data.bls.gov/timeseries/CMU3020000000000D","Employer cost per hour worked / % of total compensation; Qtr1=March, Qtr2=June, Qtr3=Sept, Qtr4=Dec reference periods. NAICS-based series start 2004 Q1."
CMU3020000000000D,state and local government,wages,cost_per_hour_usd,2019,1,31.75,"BLS ECEC, https://data.bls.gov/timeseries/CMU3020000000000D","Employer cost per hour worked / % of total compensation; Qtr1=March, Qtr2=June, Qtr3=Sept, Qtr4=Dec reference periods. NAICS-based series start 2004 Q1."
CMU3020000000000D,state and local government,wages,cost_per_hour_usd,2019,2,31.58,"BLS ECEC, https://data.bls.gov/timeseries/CMU3020000000000D","Employer cost per hour worked / % of total compensation; Qtr1=March, Qtr2=June, Qtr3=Sept, Qtr4=Dec reference periods. NAICS-based series start 2004 Q1."
CMU3020000000000D,state and local government,wages,cost_per_hour_usd,2019,3,32.19,"BLS ECEC, https://data.bls.gov/timeseries/CMU3020000000000D","Employer cost per hour worked / % of total compensation; Qtr1=March, Qtr2=June, Qtr3=Sept, Qtr4=Dec reference periods. NAICS-based series start 2004 Q1."
CMU3020000000000D,state and local government,wages,cost_per_hour_usd,2019,4,32.5,"BLS ECEC, https://data.bls.gov/timeseries/CMU3020000000000D","Employer cost per hour worked / % of total compensation; Qtr1=March, Qtr2=June, Qtr3=Sept, Qtr4=Dec reference periods. NAICS-based series start 2004 Q1."
CMU3020000000000D,state and local government,wages,cost_per_hour_usd,2020,1,32.62,"BLS ECEC, https://data.bls.gov/timeseries/CMU3020000000000D","Employer cost per hour worked / % of total compensation; Qtr1=March, Qtr2=June, Qtr3=Sept, Qtr4=Dec reference periods. NAICS-based series start 2004 Q1."
CMU3020000000000D,state and local government,wages,cost_per_hour_usd,2020,2,32.43,"BLS ECEC, https://data.bls.gov/timeseries/CMU3020000000000D","Employer cost per hour worked / % of total compensation; Qtr1=March, Qtr2=June, Qtr3=Sept, Qtr4=Dec reference periods. NAICS-based series start 2004 Q1."
CMU3020000000000D,state and local government,wages,cost_per_hour_usd,2020,3,32.74,"BLS ECEC, https://data.bls.gov/timeseries/CMU3020000000000D","Employer cost per hour worked / % of total compensation; Qtr1=March, Qtr2=June, Qtr3=Sept, Qtr4=Dec reference periods. NAICS-based series start 2004 Q1."
CMU3020000000000D,state and local government,wages,cost_per_hour_usd,2020,4,33.08,"BLS ECEC, https://data.bls.gov/timeseries/CMU3020000000000D","Employer cost per hour worked / % of total compensation; Qtr1=March, Qtr2=June, Qtr3=Sept, Qtr4=Dec reference periods. NAICS-based series start 2004 Q1."
CMU3020000000000D,state and local government,wages,cost_per_hour_usd,2021,1,33.2,"BLS ECEC, https://data.bls.gov/timeseries/CMU3020000000000D","Employer cost per hour worked / % of total compensation; Qtr1=March, Qtr2=June, Qtr3=Sept, Qtr4=Dec reference periods. NAICS-based series start 2004 Q1."
CMU3020000000000D,state and local government,wages,cost_per_hour_usd,2021,2,33.09,"BLS ECEC, https://data.bls.gov/timeseries/CMU3020000000000D","Employer cost per hour worked / % of total compensation; Qtr1=March, Qtr2=June, Qtr3=Sept, Qtr4=Dec reference periods. NAICS-based series start 2004 Q1."
CMU3020000000000D,state and local government,wages,cost_per_hour_usd,2021,3,33.76,"BLS ECEC, https://data.bls.gov/timeseries/CMU3020000000000D","Employer cost per hour worked / % of total compensation; Qtr1=March, Qtr2=June, Qtr3=Sept, Qtr4=Dec reference periods. NAICS-based series start 2004 Q1."
CMU3020000000000D,state and local government,wages,cost_per_hour_usd,2021,4,34.09,"BLS ECEC, https://data.bls.gov/timeseries/CMU3020000000000D","Employer cost per hour worked / % of total compensation; Qtr1=March, Qtr2=June, Qtr3=Sept, Qtr4=Dec reference periods. NAICS-based series start 2004 Q1."
CMU3020000000000D,state and local government,wages,cost_per_hour_usd,2022,1,34.32,"BLS ECEC, https://data.bls.gov/timeseries/CMU3020000000000D","Employer cost per hour worked / % of total compensation; Qtr1=March, Qtr2=June, Qtr3=Sept, Qtr4=Dec reference periods. NAICS-based series start 2004 Q1."
CMU3020000000000D,state and local government,wages,cost_per_hour_usd,2022,2,34.23,"BLS ECEC, https://data.bls.gov/timeseries/CMU3020000000000D","Employer cost per hour worked / % of total compensation; Qtr1=March, Qtr2=June, Qtr3=Sept, Qtr4=Dec reference periods. NAICS-based series start 2004 Q1."
CMU3020000000000D,state and local government,wages,cost_per_hour_usd,2022,3,35.29,"BLS ECEC, https://data.bls.gov/timeseries/CMU3020000000000D","Employer cost per hour worked / % of total compensation; Qtr1=March, Qtr2=June, Qtr3=Sept, Qtr4=Dec reference periods. NAICS-based series start 2004 Q1."
CMU3020000000000D,state and local government,wages,cost_per_hour_usd,2022,4,35.69,"BLS ECEC, https://data.bls.gov/timeseries/CMU3020000000000D","Employer cost per hour worked / % of total compensation; Qtr1=March, Qtr2=June, Qtr3=Sept, Qtr4=Dec reference periods. NAICS-based series start 2004 Q1."
CMU3020000000000D,state and local government,wages,cost_per_hour_usd,2023,1,35.89,"BLS ECEC, https://data.bls.gov/timeseries/CMU3020000000000D","Employer cost per hour worked / % of total compensation; Qtr1=March, Qtr2=June, Qtr3=Sept, Qtr4=Dec reference periods. NAICS-based series start 2004 Q1."
CMU3020000000000D,state and local government,wages,cost_per_hour_usd,2023,2,35.9,"BLS ECEC, https://data.bls.gov/timeseries/CMU3020000000000D","Employer cost per hour worked / % of total compensation; Qtr1=March, Qtr2=June, Qtr3=Sept, Qtr4=Dec reference periods. NAICS-based series start 2004 Q1."
CMU3020000000000D,state and local government,wages,cost_per_hour_usd,2023,3,37.09,"BLS ECEC, https://data.bls.gov/timeseries/CMU3020000000000D","Employer cost per hour worked / % of total compensation; Qtr1=March, Qtr2=June, Qtr3=Sept, Qtr4=Dec reference periods. NAICS-based series start 2004 Q1."
CMU3020000000000D,state and local government,wages,cost_per_hour_usd,2023,4,37.53,"BLS ECEC, https://data.bls.gov/timeseries/CMU3020000000000D","Employer cost per hour worked / % of total compensation; Qtr1=March, Qtr2=June, Qtr3=Sept, Qtr4=Dec reference periods. NAICS-based series start 2004 Q1."
CMU3020000000000D,state and local government,wages,cost_per_hour_usd,2024,1,37.9,"BLS ECEC, https://data.bls.gov/timeseries/CMU3020000000000D","Employer cost per hour worked / % of total compensation; Qtr1=March, Qtr2=June, Qtr3=Sept, Qtr4=Dec reference periods. NAICS-based series start 2004 Q1."
CMU3020000000000D,state and local government,wages,cost_per_hour_usd,2024,2,37.8,"BLS ECEC, https://data.bls.gov/timeseries/CMU3020000000000D","Employer cost per hour worked / % of total compensation; Qtr1=March, Qtr2=June, Qtr3=Sept, Qtr4=Dec reference periods. NAICS-based series start 2004 Q1."
CMU3020000000000D,state and local government,wages,cost_per_hour_usd,2024,3,38.86,"BLS ECEC, https://data.bls.gov/timeseries/CMU3020000000000D","Employer cost per hour worked / % of total compensation; Qtr1=March, Qtr2=June, Qtr3=Sept, Qtr4=Dec reference periods. NAICS-based series start 2004 Q1."
CMU3020000000000D,state and local government,wages,cost_per_hour_usd,2024,4,39.22,"BLS ECEC, https://data.bls.gov/timeseries/CMU3020000000000D","Employer cost per hour worked / % of total compensation; Qtr1=March, Qtr2=June, Qtr3=Sept, Qtr4=Dec reference periods. NAICS-based series start 2004 Q1."
CMU3020000000000D,state and local government,wages,cost_per_hour_usd,2025,1,39.42,"BLS ECEC, https://data.bls.gov/timeseries/CMU3020000000000D","Employer cost per hour worked / % of total compensation; Qtr1=March, Qtr2=June, Qtr3=Sept, Qtr4=Dec reference periods. NAICS-based series start 2004 Q1."
CMU3020000000000D,state and local government,wages,cost_per_hour_usd,2025,2,39.31,"BLS ECEC, https://data.bls.gov/timeseries/CMU3020000000000D","Employer cost per hour worked / % of total compensation; Qtr1=March, Qtr2=June, Qtr3=Sept, Qtr4=Dec reference periods. NAICS-based series start 2004 Q1."
CMU3020000000000D,state and local government,wages,cost_per_hour_usd,2025,3,40.24,"BLS ECEC, https://data.bls.gov/timeseries/CMU3020000000000D","Employer cost per hour worked / % of total compensation; Qtr1=March, Qtr2=June, Qtr3=Sept, Qtr4=Dec reference periods. NAICS-based series start 2004 Q1."
CMU3020000000000D,state and local government,wages,cost_per_hour_usd,2025,4,40.49,"BLS ECEC, https://data.bls.gov/timeseries/CMU3020000000000D","Employer cost per hour worked / % of total compensation; Qtr1=March, Qtr2=June, Qtr3=Sept, Qtr4=Dec reference periods. NAICS-based series start 2004 Q1."
CMU3020000000000D,state and local government,wages,cost_per_hour_usd,2026,1,40.82,"BLS ECEC, https://data.bls.gov/timeseries/CMU3020000000000D","Employer cost per hour worked / % of total compensation; Qtr1=March, Qtr2=June, Qtr3=Sept, Qtr4=Dec reference periods. NAICS-based series start 2004 Q1."
CMU3020000000000D,state and local government,wages,cost_per_hour_usd,2026,2,40.67,"BLS ECEC, https://data.bls.gov/timeseries/CMU3020000000000D","Employer cost per hour worked / % of total compensation; Qtr1=March, Qtr2=June, Qtr3=Sept, Qtr4=Dec reference periods. NAICS-based series start 2004 Q1."
CMU3020000000000P,state and local government,wages,pct_total_comp,2004,1,69.2,"BLS ECEC, https://data.bls.gov/timeseries/CMU3020000000000P","Employer cost per hour worked / % of total compensation; Qtr1=March, Qtr2=June, Qtr3=Sept, Qtr4=Dec reference periods. NAICS-based series start 2004 Q1."
CMU3020000000000P,state and local government,wages,pct_total_comp,2004,2,68.9,"BLS ECEC, https://data.bls.gov/timeseries/CMU3020000000000P","Employer cost per hour worked / % of total compensation; Qtr1=March, Qtr2=June, Qtr3=Sept, Qtr4=Dec reference periods. NAICS-based series start 2004 Q1."
CMU3020000000000P,state and local government,wages,pct_total_comp,2004,3,68.6,"BLS ECEC, https://data.bls.gov/timeseries/CMU3020000000000P","Employer cost per hour worked / % of total compensation; Qtr1=March, Qtr2=June, Qtr3=Sept, Qtr4=Dec reference periods. NAICS-based series start 2004 Q1."
CMU3020000000000P,state and local government,wages,pct_total_comp,2004,4,68.6,"BLS ECEC, https://data.bls.gov/timeseries/CMU3020000000000P","Employer cost per hour worked / % of total compensation; Qtr1=March, Qtr2=June, Qtr3=Sept, Qtr4=Dec reference periods. NAICS-based series start 2004 Q1."
CMU3020000000000P,state and local government,wages,pct_total_comp,2005,1,68.3,"BLS ECEC, https://data.bls.gov/timeseries/CMU3020000000000P","Employer cost per hour worked / % of total compensation; Qtr1=March, Qtr2=June, Qtr3=Sept, Qtr4=Dec reference periods. NAICS-based series start 2004 Q1."
CMU3020000000000P,state and local government,wages,pct_total_comp,2005,2,68.2,"BLS ECEC, https://data.bls.gov/timeseries/CMU3020000000000P","Employer cost per hour worked / % of total compensation; Qtr1=March, Qtr2=June, Qtr3=Sept, Qtr4=Dec reference periods. NAICS-based series start 2004 Q1."
CMU3020000000000P,state and local government,wages,pct_total_comp,2005,3,67.8,"BLS ECEC, https://data.bls.gov/timeseries/CMU3020000000000P","Employer cost per hour worked / % of total compensation; Qtr1=March, Qtr2=June, Qtr3=Sept, Qtr4=Dec reference periods. NAICS-based series start 2004 Q1."
CMU3020000000000P,state and local government,wages,pct_total_comp,2005,4,67.9,"BLS ECEC, https://data.bls.gov/timeseries/CMU3020000000000P","Employer cost per hour worked / % of total compensation; Qtr1=March, Qtr2=June, Qtr3=Sept, Qtr4=Dec reference periods. NAICS-based series start 2004 Q1."
CMU3020000000000P,state and local government,wages,pct_total_comp,2006,1,67.6,"BLS ECEC, https://data.bls.gov/timeseries/CMU3020000000000P","Employer cost per hour worked / % of total compensation; Qtr1=March, Qtr2=June, Qtr3=Sept, Qtr4=Dec reference periods. NAICS-based series start 2004 Q1."
CMU3020000000000P,state and local government,wages,pct_total_comp,2006,2,67.4,"BLS ECEC, https://data.bls.gov/timeseries/CMU3020000000000P","Employer cost per hour worked / % of total compensation; Qtr1=March, Qtr2=June, Qtr3=Sept, Qtr4=Dec reference periods. NAICS-based series start 2004 Q1."
CMU3020000000000P,state and local government,wages,pct_total_comp,2006,3,67.3,"BLS ECEC, https://data.bls.gov/timeseries/CMU3020000000000P","Employer cost per hour worked / % of total compensation; Qtr1=March, Qtr2=June, Qtr3=Sept, Qtr4=Dec reference periods. NAICS-based series start 2004 Q1."
CMU3020000000000P,state and local government,wages,pct_total_comp,2006,4,67.3,"BLS ECEC, https://data.bls.gov/timeseries/CMU3020000000000P","Employer cost per hour worked / % of total compensation; Qtr1=March, Qtr2=June, Qtr3=Sept, Qtr4=Dec reference periods. NAICS-based series start 2004 Q1."
CMU3020000000000P,state and local government,wages,pct_total_comp,2007,1,67.0,"BLS ECEC, https://data.bls.gov/timeseries/CMU3020000000000P","Employer cost per hour worked / % of total compensation; Qtr1=March, Qtr2=June, Qtr3=Sept, Qtr4=Dec reference periods. NAICS-based series start 2004 Q1."
CMU3020000000000P,state and local government,wages,pct_total_comp,2007,2,66.6,"BLS ECEC, https://data.bls.gov/timeseries/CMU3020000000000P","Employer cost per hour worked / % of total compensation; Qtr1=March, Qtr2=June, Qtr3=Sept, Qtr4=Dec reference periods. NAICS-based series start 2004 Q1."
CMU3020000000000P,state and local government,wages,pct_total_comp,2007,3,66.5,"BLS ECEC, https://data.bls.gov/timeseries/CMU3020000000000P","Employer cost per hour worked / % of total compensation; Qtr1=March, Qtr2=June, Qtr3=Sept, Qtr4=Dec reference periods. NAICS-based series start 2004 Q1."
CMU3020000000000P,state and local government,wages,pct_total_comp,2007,4,66.4,"BLS ECEC, https://data.bls.gov/timeseries/CMU3020000000000P","Employer cost per hour worked / % of total compensation; Qtr1=March, Qtr2=June, Qtr3=Sept, Qtr4=Dec reference periods. NAICS-based series start 2004 Q1."
CMU3020000000000P,state and local government,wages,pct_total_comp,2008,1,65.9,"BLS ECEC, https://data.bls.gov/timeseries/CMU3020000000000P","Employer cost per hour worked / % of total compensation; Qtr1=March, Qtr2=June, Qtr3=Sept, Qtr4=Dec reference periods. NAICS-based series start 2004 Q1."
CMU3020000000000P,state and local government,wages,pct_total_comp,2008,2,65.8,"BLS ECEC, https://data.bls.gov/timeseries/CMU3020000000000P","Employer cost per hour worked / % of total compensation; Qtr1=March, Qtr2=June, Qtr3=Sept, Qtr4=Dec reference periods. NAICS-based series start 2004 Q1."
CMU3020000000000P,state and local government,wages,pct_total_comp,2008,3,65.8,"BLS ECEC, https://data.bls.gov/timeseries/CMU3020000000000P","Employer cost per hour worked / % of total compensation; Qtr1=March, Qtr2=June, Qtr3=Sept, Qtr4=Dec reference periods. NAICS-based series start 2004 Q1."
CMU3020000000000P,state and local government,wages,pct_total_comp,2008,4,65.9,"BLS ECEC, https://data.bls.gov/timeseries/CMU3020000000000P","Employer cost per hour worked / % of total compensation; Qtr1=March, Qtr2=June, Qtr3=Sept, Qtr4=Dec reference periods. NAICS-based series start 2004 Q1."
CMU3020000000000P,state and local government,wages,pct_total_comp,2009,1,65.7,"BLS ECEC, https://data.bls.gov/timeseries/CMU3020000000000P","Employer cost per hour worked / % of total compensation; Qtr1=March, Qtr2=June, Qtr3=Sept, Qtr4=Dec reference periods. NAICS-based series start 2004 Q1."
CMU3020000000000P,state and local government,wages,pct_total_comp,2009,2,65.6,"BLS ECEC, https://data.bls.gov/timeseries/CMU3020000000000P","Employer cost per hour worked / % of total compensation; Qtr1=March, Qtr2=June, Qtr3=Sept, Qtr4=Dec reference periods. NAICS-based series start 2004 Q1."
CMU3020000000000P,state and local government,wages,pct_total_comp,2009,3,65.9,"BLS ECEC, https://data.bls.gov/timeseries/CMU3020000000000P","Employer cost per hour worked / % of total compensation; Qtr1=March, Qtr2=June, Qtr3=Sept, Qtr4=Dec reference periods. NAICS-based series start 2004 Q1."
CMU3020000000000P,state and local government,wages,pct_total_comp,2009,4,65.9,"BLS ECEC, https://data.bls.gov/timeseries/CMU3020000000000P","Employer cost per hour worked / % of total compensation; Qtr1=March, Qtr2=June, Qtr3=Sept, Qtr4=Dec reference periods. NAICS-based series start 2004 Q1."
CMU3020000000000P,state and local government,wages,pct_total_comp,2010,1,65.9,"BLS ECEC, https://data.bls.gov/timeseries/CMU3020000000000P","Employer cost per hour worked / % of total compensation; Qtr1=March, Qtr2=June, Qtr3=Sept, Qtr4=Dec reference periods. NAICS-based series start 2004 Q1."
CMU3020000000000P,state and local government,wages,pct_total_comp,2010,2,65.7,"BLS ECEC, https://data.bls.gov/timeseries/CMU3020000000000P","Employer cost per hour worked / % of total compensation; Qtr1=March, Qtr2=June, Qtr3=Sept, Qtr4=Dec reference periods. NAICS-based series start 2004 Q1."
CMU3020000000000P,state and local government,wages,pct_total_comp,2010,3,65.5,"BLS ECEC, https://data.bls.gov/timeseries/CMU3020000000000P","Employer cost per hour worked / % of total compensation; Qtr1=March, Qtr2=June, Qtr3=Sept, Qtr4=Dec reference periods. NAICS-based series start 2004 Q1."
CMU3020000000000P,state and local government,wages,pct_total_comp,2010,4,65.6,"BLS ECEC, https://data.bls.gov/timeseries/CMU3020000000000P","Employer cost per hour worked / % of total compensation; Qtr1=March, Qtr2=June, Qtr3=Sept, Qtr4=Dec reference periods. NAICS-based series start 2004 Q1."
CMU3020000000000P,state and local government,wages,pct_total_comp,2011,1,65.5,"BLS ECEC, https://data.bls.gov/timeseries/CMU3020000000000P","Employer cost per hour worked / % of total compensation; Qtr1=March, Qtr2=June, Qtr3=Sept, Qtr4=Dec reference periods. NAICS-based series start 2004 Q1."
CMU3020000000000P,state and local government,wages,pct_total_comp,2011,2,65.4,"BLS ECEC, https://data.bls.gov/timeseries/CMU3020000000000P","Employer cost per hour worked / % of total compensation; Qtr1=March, Qtr2=June, Qtr3=Sept, Qtr4=Dec reference periods. NAICS-based series start 2004 Q1."
CMU3020000000000P,state and local government,wages,pct_total_comp,2011,3,65.2,"BLS ECEC, https://data.bls.gov/timeseries/CMU3020000000000P","Employer cost per hour worked / % of total compensation; Qtr1=March, Qtr2=June, Qtr3=Sept, Qtr4=Dec reference periods. NAICS-based series start 2004 Q1."
CMU3020000000000P,state and local government,wages,pct_total_comp,2011,4,65.4,"BLS ECEC, https://data.bls.gov/timeseries/CMU3020000000000P","Employer cost per hour worked / % of total compensation; Qtr1=March, Qtr2=June, Qtr3=Sept, Qtr4=Dec reference periods. NAICS-based series start 2004 Q1."
CMU3020000000000P,state and local government,wages,pct_total_comp,2012,1,65.2,"BLS ECEC, https://data.bls.gov/timeseries/CMU3020000000000P","Employer cost per hour worked / % of total compensation; Qtr1=March, Qtr2=June, Qtr3=Sept, Qtr4=Dec reference periods. NAICS-based series start 2004 Q1."
CMU3020000000000P,state and local government,wages,pct_total_comp,2012,2,65.0,"BLS ECEC, https://data.bls.gov/timeseries/CMU3020000000000P","Employer cost per hour worked / % of total compensation; Qtr1=March, Qtr2=June, Qtr3=Sept, Qtr4=Dec reference periods. NAICS-based series start 2004 Q1."
CMU3020000000000P,state and local government,wages,pct_total_comp,2012,3,64.7,"BLS ECEC, https://data.bls.gov/timeseries/CMU3020000000000P","Employer cost per hour worked / % of total compensation; Qtr1=March, Qtr2=June, Qtr3=Sept, Qtr4=Dec reference periods. NAICS-based series start 2004 Q1."
CMU3020000000000P,state and local government,wages,pct_total_comp,2012,4,65.0,"BLS ECEC, https://data.bls.gov/timeseries/CMU3020000000000P","Employer cost per hour worked / % of total compensation; Qtr1=March, Qtr2=June, Qtr3=Sept, Qtr4=Dec reference periods. NAICS-based series start 2004 Q1."
CMU3020000000000P,state and local government,wages,pct_total_comp,2013,1,64.8,"BLS ECEC, https://data.bls.gov/timeseries/CMU3020000000000P","Employer cost per hour worked / % of total compensation; Qtr1=March, Qtr2=June, Qtr3=Sept, Qtr4=Dec reference periods. NAICS-based series start 2004 Q1."
CMU3020000000000P,state and local government,wages,pct_total_comp,2013,2,64.5,"BLS ECEC, https://data.bls.gov/timeseries/CMU3020000000000P","Employer cost per hour worked / % of total compensation; Qtr1=March, Qtr2=June, Qtr3=Sept, Qtr4=Dec reference periods. NAICS-based series start 2004 Q1."
CMU3020000000000P,state and local government,wages,pct_total_comp,2013,3,64.4,"BLS ECEC, https://data.bls.gov/timeseries/CMU3020000000000P","Employer cost per hour worked / % of total compensation; Qtr1=March, Qtr2=June, Qtr3=Sept, Qtr4=Dec reference periods. NAICS-based series start 2004 Q1."
CMU3020000000000P,state and local government,wages,pct_total_comp,2013,4,64.5,"BLS ECEC, https://data.bls.gov/timeseries/CMU3020000000000P","Employer cost per hour worked / % of total compensation; Qtr1=March, Qtr2=June, Qtr3=Sept, Qtr4=Dec reference periods. NAICS-based series start 2004 Q1."
CMU3020000000000P,state and local government,wages,pct_total_comp,2014,1,64.4,"BLS ECEC, https://data.bls.gov/timeseries/CMU3020000000000P","Employer cost per hour worked / % of total compensation; Qtr1=March, Qtr2=June, Qtr3=Sept, Qtr4=Dec reference periods. NAICS-based series start 2004 Q1."
CMU3020000000000P,state and local government,wages,pct_total_comp,2014,2,64.0,"BLS ECEC, https://data.bls.gov/timeseries/CMU3020000000000P","Employer cost per hour worked / % of total compensation; Qtr1=March, Qtr2=June, Qtr3=Sept, Qtr4=Dec reference periods. NAICS-based series start 2004 Q1."
CMU3020000000000P,state and local government,wages,pct_total_comp,2014,3,64.0,"BLS ECEC, https://data.bls.gov/timeseries/CMU3020000000000P","Employer cost per hour worked / % of total compensation; Qtr1=March, Qtr2=June, Qtr3=Sept, Qtr4=Dec reference periods. NAICS-based series start 2004 Q1."
CMU3020000000000P,state and local government,wages,pct_total_comp,2014,4,64.1,"BLS ECEC, https://data.bls.gov/timeseries/CMU3020000000000P","Employer cost per hour worked / % of total compensation; Qtr1=March, Qtr2=June, Qtr3=Sept, Qtr4=Dec reference periods. NAICS-based series start 2004 Q1."
CMU3020000000000P,state and local government,wages,pct_total_comp,2015,1,64.0,"BLS ECEC, https://data.bls.gov/timeseries/CMU3020000000000P","Employer cost per hour worked / % of total compensation; Qtr1=March, Qtr2=June, Qtr3=Sept, Qtr4=Dec reference periods. NAICS-based series start 2004 Q1."
CMU3020000000000P,state and local government,wages,pct_total_comp,2015,2,63.8,"BLS ECEC, https://data.bls.gov/timeseries/CMU3020000000000P","Employer cost per hour worked / % of total compensation; Qtr1=March, Qtr2=June, Qtr3=Sept, Qtr4=Dec reference periods. NAICS-based series start 2004 Q1."
CMU3020000000000P,state and local government,wages,pct_total_comp,2015,3,63.7,"BLS ECEC, https://data.bls.gov/timeseries/CMU3020000000000P","Employer cost per hour worked / % of total compensation; Qtr1=March, Qtr2=June, Qtr3=Sept, Qtr4=Dec reference periods. NAICS-based series start 2004 Q1."
CMU3020000000000P,state and local government,wages,pct_total_comp,2015,4,63.6,"BLS ECEC, https://data.bls.gov/timeseries/CMU3020000000000P","Employer cost per hour worked / % of total compensation; Qtr1=March, Qtr2=June, Qtr3=Sept, Qtr4=Dec reference periods. NAICS-based series start 2004 Q1."
CMU3020000000000P,state and local government,wages,pct_total_comp,2016,1,63.6,"BLS ECEC, https://data.bls.gov/timeseries/CMU3020000000000P","Employer cost per hour worked / % of total compensation; Qtr1=March, Qtr2=June, Qtr3=Sept, Qtr4=Dec reference periods. NAICS-based series start 2004 Q1."
CMU3020000000000P,state and local government,wages,pct_total_comp,2016,2,63.3,"BLS ECEC, https://data.bls.gov/timeseries/CMU3020000000000P","Employer cost per hour worked / % of total compensation; Qtr1=March, Qtr2=June, Qtr3=Sept, Qtr4=Dec reference periods. NAICS-based series start 2004 Q1."
CMU3020000000000P,state and local government,wages,pct_total_comp,2016,3,63.3,"BLS ECEC, https://data.bls.gov/timeseries/CMU3020000000000P","Employer cost per hour worked / % of total compensation; Qtr1=March, Qtr2=June, Qtr3=Sept, Qtr4=Dec reference periods. NAICS-based series start 2004 Q1."
CMU3020000000000P,state and local government,wages,pct_total_comp,2016,4,63.0,"BLS ECEC, https://data.bls.gov/timeseries/CMU3020000000000P","Employer cost per hour worked / % of total compensation; Qtr1=March, Qtr2=June, Qtr3=Sept, Qtr4=Dec reference periods. NAICS-based series start 2004 Q1."
CMU3020000000000P,state and local government,wages,pct_total_comp,2017,1,62.9,"BLS ECEC, https://data.bls.gov/timeseries/CMU3020000000000P","Employer cost per hour worked / % of total compensation; Qtr1=March, Qtr2=June, Qtr3=Sept, Qtr4=Dec reference periods. NAICS-based series start 2004 Q1."
CMU3020000000000P,state and local government,wages,pct_total_comp,2017,2,62.7,"BLS ECEC, https://data.bls.gov/timeseries/CMU3020000000000P","Employer cost per hour worked / % of total compensation; Qtr1=March, Qtr2=June, Qtr3=Sept, Qtr4=Dec reference periods. NAICS-based series start 2004 Q1."
CMU3020000000000P,state and local government,wages,pct_total_comp,2017,3,62.6,"BLS ECEC, https://data.bls.gov/timeseries/CMU3020000000000P","Employer cost per hour worked / % of total compensation; Qtr1=March, Qtr2=June, Qtr3=Sept, Qtr4=Dec reference periods. NAICS-based series start 2004 Q1."
CMU3020000000000P,state and local government,wages,pct_total_comp,2017,4,62.6,"BLS ECEC, https://data.bls.gov/timeseries/CMU3020000000000P","Employer cost per hour worked / % of total compensation; Qtr1=March, Qtr2=June, Qtr3=Sept, Qtr4=Dec reference periods. NAICS-based series start 2004 Q1."
CMU3020000000000P,state and local government,wages,pct_total_comp,2018,1,62.6,"BLS ECEC, https://data.bls.gov/timeseries/CMU3020000000000P","Employer cost per hour worked / % of total compensation; Qtr1=March, Qtr2=June, Qtr3=Sept, Qtr4=Dec reference periods. NAICS-based series start 2004 Q1."
CMU3020000000000P,state and local government,wages,pct_total_comp,2018,2,62.4,"BLS ECEC, https://data.bls.gov/timeseries/CMU3020000000000P","Employer cost per hour worked / % of total compensation; Qtr1=March, Qtr2=June, Qtr3=Sept, Qtr4=Dec reference periods. NAICS-based series start 2004 Q1."
CMU3020000000000P,state and local government,wages,pct_total_comp,2018,3,62.4,"BLS ECEC, https://data.bls.gov/timeseries/CMU3020000000000P","Employer cost per hour worked / % of total compensation; Qtr1=March, Qtr2=June, Qtr3=Sept, Qtr4=Dec reference periods. NAICS-based series start 2004 Q1."
CMU3020000000000P,state and local government,wages,pct_total_comp,2018,4,62.5,"BLS ECEC, https://data.bls.gov/timeseries/CMU3020000000000P","Employer cost per hour worked / % of total compensation; Qtr1=March, Qtr2=June, Qtr3=Sept, Qtr4=Dec reference periods. NAICS-based series start 2004 Q1."
CMU3020000000000P,state and local government,wages,pct_total_comp,2019,1,62.4,"BLS ECEC, https://data.bls.gov/timeseries/CMU3020000000000P","Employer cost per hour worked / % of total compensation; Qtr1=March, Qtr2=June, Qtr3=Sept, Qtr4=Dec reference periods. NAICS-based series start 2004 Q1."
CMU3020000000000P,state and local government,wages,pct_total_comp,2019,2,62.2,"BLS ECEC, https://data.bls.gov/timeseries/CMU3020000000000P","Employer cost per hour worked / % of total compensation; Qtr1=March, Qtr2=June, Qtr3=Sept, Qtr4=Dec reference periods. NAICS-based series start 2004 Q1."
CMU3020000000000P,state and local government,wages,pct_total_comp,2019,3,62.3,"BLS ECEC, https://data.bls.gov/timeseries/CMU3020000000000P","Employer cost per hour worked / % of total compensation; Qtr1=March, Qtr2=June, Qtr3=Sept, Qtr4=Dec reference periods. NAICS-based series start 2004 Q1."
CMU3020000000000P,state and local government,wages,pct_total_comp,2019,4,62.3,"BLS ECEC, https://data.bls.gov/timeseries/CMU3020000000000P","Employer cost per hour worked / % of total compensation; Qtr1=March, Qtr2=June, Qtr3=Sept, Qtr4=Dec reference periods. NAICS-based series start 2004 Q1."
CMU3020000000000P,state and local government,wages,pct_total_comp,2020,1,62.2,"BLS ECEC, https://data.bls.gov/timeseries/CMU3020000000000P","Employer cost per hour worked / % of total compensation; Qtr1=March, Qtr2=June, Qtr3=Sept, Qtr4=Dec reference periods. NAICS-based series start 2004 Q1."
CMU3020000000000P,state and local government,wages,pct_total_comp,2020,2,61.9,"BLS ECEC, https://data.bls.gov/timeseries/CMU3020000000000P","Employer cost per hour worked / % of total compensation; Qtr1=March, Qtr2=June, Qtr3=Sept, Qtr4=Dec reference periods. NAICS-based series start 2004 Q1."
CMU3020000000000P,state and local government,wages,pct_total_comp,2020,3,61.8,"BLS ECEC, https://data.bls.gov/timeseries/CMU3020000000000P","Employer cost per hour worked / % of total compensation; Qtr1=March, Qtr2=June, Qtr3=Sept, Qtr4=Dec reference periods. NAICS-based series start 2004 Q1."
CMU3020000000000P,state and local government,wages,pct_total_comp,2020,4,61.9,"BLS ECEC, https://data.bls.gov/timeseries/CMU3020000000000P","Employer cost per hour worked / % of total compensation; Qtr1=March, Qtr2=June, Qtr3=Sept, Qtr4=Dec reference periods. NAICS-based series start 2004 Q1."
CMU3020000000000P,state and local government,wages,pct_total_comp,2021,1,61.9,"BLS ECEC, https://data.bls.gov/timeseries/CMU3020000000000P","Employer cost per hour worked / % of total compensation; Qtr1=March, Qtr2=June, Qtr3=Sept, Qtr4=Dec reference periods. NAICS-based series start 2004 Q1."
CMU3020000000000P,state and local government,wages,pct_total_comp,2021,2,61.7,"BLS ECEC, https://data.bls.gov/timeseries/CMU3020000000000P","Employer cost per hour worked / % of total compensation; Qtr1=March, Qtr2=June, Qtr3=Sept, Qtr4=Dec reference periods. NAICS-based series start 2004 Q1."
CMU3020000000000P,state and local government,wages,pct_total_comp,2021,3,62.0,"BLS ECEC, https://data.bls.gov/timeseries/CMU3020000000000P","Employer cost per hour worked / % of total compensation; Qtr1=March, Qtr2=June, Qtr3=Sept, Qtr4=Dec reference periods. NAICS-based series start 2004 Q1."
CMU3020000000000P,state and local government,wages,pct_total_comp,2021,4,62.0,"BLS ECEC, https://data.bls.gov/timeseries/CMU3020000000000P","Employer cost per hour worked / % of total compensation; Qtr1=March, Qtr2=June, Qtr3=Sept, Qtr4=Dec reference periods. NAICS-based series start 2004 Q1."
CMU3020000000000P,state and local government,wages,pct_total_comp,2022,1,61.9,"BLS ECEC, https://data.bls.gov/timeseries/CMU3020000000000P","Employer cost per hour worked / % of total compensation; Qtr1=March, Qtr2=June, Qtr3=Sept, Qtr4=Dec reference periods. NAICS-based series start 2004 Q1."
CMU3020000000000P,state and local government,wages,pct_total_comp,2022,2,61.7,"BLS ECEC, https://data.bls.gov/timeseries/CMU3020000000000P","Employer cost per hour worked / % of total compensation; Qtr1=March, Qtr2=June, Qtr3=Sept, Qtr4=Dec reference periods. NAICS-based series start 2004 Q1."
CMU3020000000000P,state and local government,wages,pct_total_comp,2022,3,61.9,"BLS ECEC, https://data.bls.gov/timeseries/CMU3020000000000P","Employer cost per hour worked / % of total compensation; Qtr1=March, Qtr2=June, Qtr3=Sept, Qtr4=Dec reference periods. NAICS-based series start 2004 Q1."
CMU3020000000000P,state and local government,wages,pct_total_comp,2022,4,62.0,"BLS ECEC, https://data.bls.gov/timeseries/CMU3020000000000P","Employer cost per hour worked / % of total compensation; Qtr1=March, Qtr2=June, Qtr3=Sept, Qtr4=Dec reference periods. NAICS-based series start 2004 Q1."
CMU3020000000000P,state and local government,wages,pct_total_comp,2023,1,61.8,"BLS ECEC, https://data.bls.gov/timeseries/CMU3020000000000P","Employer cost per hour worked / % of total compensation; Qtr1=March, Qtr2=June, Qtr3=Sept, Qtr4=Dec reference periods. NAICS-based series start 2004 Q1."
CMU3020000000000P,state and local government,wages,pct_total_comp,2023,2,61.6,"BLS ECEC, https://data.bls.gov/timeseries/CMU3020000000000P","Employer cost per hour worked / % of total compensation; Qtr1=March, Qtr2=June, Qtr3=Sept, Qtr4=Dec reference periods. NAICS-based series start 2004 Q1."
CMU3020000000000P,state and local government,wages,pct_total_comp,2023,3,61.9,"BLS ECEC, https://data.bls.gov/timeseries/CMU3020000000000P","Employer cost per hour worked / % of total compensation; Qtr1=March, Qtr2=June, Qtr3=Sept, Qtr4=Dec reference periods. NAICS-based series start 2004 Q1."
CMU3020000000000P,state and local government,wages,pct_total_comp,2023,4,62.0,"BLS ECEC, https://data.bls.gov/timeseries/CMU3020000000000P","Employer cost per hour worked / % of total compensation; Qtr1=March, Qtr2=June, Qtr3=Sept, Qtr4=Dec reference periods. NAICS-based series start 2004 Q1."
CMU3020000000000P,state and local government,wages,pct_total_comp,2024,1,61.9,"BLS ECEC, https://data.bls.gov/timeseries/CMU3020000000000P","Employer cost per hour worked / % of total compensation; Qtr1=March, Qtr2=June, Qtr3=Sept, Qtr4=Dec reference periods. NAICS-based series start 2004 Q1."
CMU3020000000000P,state and local government,wages,pct_total_comp,2024,2,61.6,"BLS ECEC, https://data.bls.gov/timeseries/CMU3020000000000P","Employer cost per hour worked / % of total compensation; Qtr1=March, Qtr2=June, Qtr3=Sept, Qtr4=Dec reference periods. NAICS-based series start 2004 Q1."
CMU3020000000000P,state and local government,wages,pct_total_comp,2024,3,61.8,"BLS ECEC, https://data.bls.gov/timeseries/CMU3020000000000P","Employer cost per hour worked / % of total compensation; Qtr1=March, Qtr2=June, Qtr3=Sept, Qtr4=Dec reference periods. NAICS-based series start 2004 Q1."
CMU3020000000000P,state and local government,wages,pct_total_comp,2024,4,61.8,"BLS ECEC, https://data.bls.gov/timeseries/CMU3020000000000P","Employer cost per hour worked / % of total compensation; Qtr1=March, Qtr2=June, Qtr3=Sept, Qtr4=Dec reference periods. NAICS-based series start 2004 Q1."
CMU3020000000000P,state and local government,wages,pct_total_comp,2025,1,61.6,"BLS ECEC, https://data.bls.gov/timeseries/CMU3020000000000P","Employer cost per hour worked / % of total compensation; Qtr1=March, Qtr2=June, Qtr3=Sept, Qtr4=Dec reference periods. NAICS-based series start 2004 Q1."
CMU3020000000000P,state and local government,wages,pct_total_comp,2025,2,61.5,"BLS ECEC, https://data.bls.gov/timeseries/CMU3020000000000P","Employer cost per hour worked / % of total compensation; Qtr1=March, Qtr2=June, Qtr3=Sept, Qtr4=Dec reference periods. NAICS-based series start 2004 Q1."
CMU3020000000000P,state and local government,wages,pct_total_comp,2025,3,61.6,"BLS ECEC, https://data.bls.gov/timeseries/CMU3020000000000P","Employer cost per hour worked / % of total compensation; Qtr1=March, Qtr2=June, Qtr3=Sept, Qtr4=Dec reference periods. NAICS-based series start 2004 Q1."
CMU3020000000000P,state and local government,wages,pct_total_comp,2025,4,61.7,"BLS ECEC, https://data.bls.gov/timeseries/CMU3020000000000P","Employer cost per hour worked / % of total compensation; Qtr1=March, Qtr2=June, Qtr3=Sept, Qtr4=Dec reference periods. NAICS-based series start 2004 Q1."
CMU3020000000000P,state and local government,wages,pct_total_comp,2026,1,61.5,"BLS ECEC, https://data.bls.gov/timeseries/CMU3020000000000P","Employer cost per hour worked / % of total compensation; Qtr1=March, Qtr2=June, Qtr3=Sept, Qtr4=Dec reference periods. NAICS-based series start 2004 Q1."
CMU3020000000000P,state and local government,wages,pct_total_comp,2026,2,61.2,"BLS ECEC, https://data.bls.gov/timeseries/CMU3020000000000P","Employer cost per hour worked / % of total compensation; Qtr1=March, Qtr2=June, Qtr3=Sept, Qtr4=Dec reference periods. NAICS-based series start 2004 Q1."
CMU3030000000000D,state and local government,benefits,cost_per_hour_usd,2004,1,10.52,"BLS ECEC, https://data.bls.gov/timeseries/CMU3030000000000D","Employer cost per hour worked / % of total compensation; Qtr1=March, Qtr2=June, Qtr3=Sept, Qtr4=Dec reference periods. NAICS-based series start 2004 Q1."
CMU3030000000000D,state and local government,benefits,cost_per_hour_usd,2004,2,10.61,"BLS ECEC, https://data.bls.gov/timeseries/CMU3030000000000D","Employer cost per hour worked / % of total compensation; Qtr1=March, Qtr2=June, Qtr3=Sept, Qtr4=Dec reference periods. NAICS-based series start 2004 Q1."
CMU3030000000000D,state and local government,benefits,cost_per_hour_usd,2004,3,10.89,"BLS ECEC, https://data.bls.gov/timeseries/CMU3030000000000D","Employer cost per hour worked / % of total compensation; Qtr1=March, Qtr2=June, Qtr3=Sept, Qtr4=Dec reference periods. NAICS-based series start 2004 Q1."
CMU3030000000000D,state and local government,benefits,cost_per_hour_usd,2004,4,11.05,"BLS ECEC, https://data.bls.gov/timeseries/CMU3030000000000D","Employer cost per hour worked / % of total compensation; Qtr1=March, Qtr2=June, Qtr3=Sept, Qtr4=Dec reference periods. NAICS-based series start 2004 Q1."
CMU3030000000000D,state and local government,benefits,cost_per_hour_usd,2005,1,11.24,"BLS ECEC, https://data.bls.gov/timeseries/CMU3030000000000D","Employer cost per hour worked / % of total compensation; Qtr1=March, Qtr2=June, Qtr3=Sept, Qtr4=Dec reference periods. NAICS-based series start 2004 Q1."
CMU3030000000000D,state and local government,benefits,cost_per_hour_usd,2005,2,11.29,"BLS ECEC, https://data.bls.gov/timeseries/CMU3030000000000D","Employer cost per hour worked / % of total compensation; Qtr1=March, Qtr2=June, Qtr3=Sept, Qtr4=Dec reference periods. NAICS-based series start 2004 Q1."
CMU3030000000000D,state and local government,benefits,cost_per_hour_usd,2005,3,11.64,"BLS ECEC, https://data.bls.gov/timeseries/CMU3030000000000D","Employer cost per hour worked / % of total compensation; Qtr1=March, Qtr2=June, Qtr3=Sept, Qtr4=Dec reference periods. NAICS-based series start 2004 Q1."
CMU3030000000000D,state and local government,benefits,cost_per_hour_usd,2005,4,11.72,"BLS ECEC, https://data.bls.gov/timeseries/CMU3030000000000D","Employer cost per hour worked / % of total compensation; Qtr1=March, Qtr2=June, Qtr3=Sept, Qtr4=Dec reference periods. NAICS-based series start 2004 Q1."
CMU3030000000000D,state and local government,benefits,cost_per_hour_usd,2006,1,11.96,"BLS ECEC, https://data.bls.gov/timeseries/CMU3030000000000D","Employer cost per hour worked / % of total compensation; Qtr1=March, Qtr2=June, Qtr3=Sept, Qtr4=Dec reference periods. NAICS-based series start 2004 Q1."
CMU3030000000000D,state and local government,benefits,cost_per_hour_usd,2006,2,12.05,"BLS ECEC, https://data.bls.gov/timeseries/CMU3030000000000D","Employer cost per hour worked / % of total compensation; Qtr1=March, Qtr2=June, Qtr3=Sept, Qtr4=Dec reference periods. NAICS-based series start 2004 Q1."
CMU3030000000000D,state and local government,benefits,cost_per_hour_usd,2006,3,12.38,"BLS ECEC, https://data.bls.gov/timeseries/CMU3030000000000D","Employer cost per hour worked / % of total compensation; Qtr1=March, Qtr2=June, Qtr3=Sept, Qtr4=Dec reference periods. NAICS-based series start 2004 Q1."
CMU3030000000000D,state and local government,benefits,cost_per_hour_usd,2006,4,12.52,"BLS ECEC, https://data.bls.gov/timeseries/CMU3030000000000D","Employer cost per hour worked / % of total compensation; Qtr1=March, Qtr2=June, Qtr3=Sept, Qtr4=Dec reference periods. NAICS-based series start 2004 Q1."
CMU3030000000000D,state and local government,benefits,cost_per_hour_usd,2007,1,12.76,"BLS ECEC, https://data.bls.gov/timeseries/CMU3030000000000D","Employer cost per hour worked / % of total compensation; Qtr1=March, Qtr2=June, Qtr3=Sept, Qtr4=Dec reference periods. NAICS-based series start 2004 Q1."
CMU3030000000000D,state and local government,benefits,cost_per_hour_usd,2007,2,12.88,"BLS ECEC, https://data.bls.gov/timeseries/CMU3030000000000D","Employer cost per hour worked / % of total compensation; Qtr1=March, Qtr2=June, Qtr3=Sept, Qtr4=Dec reference periods. NAICS-based series start 2004 Q1."
CMU3030000000000D,state and local government,benefits,cost_per_hour_usd,2007,3,13.24,"BLS ECEC, https://data.bls.gov/timeseries/CMU3030000000000D","Employer cost per hour worked / % of total compensation; Qtr1=March, Qtr2=June, Qtr3=Sept, Qtr4=Dec reference periods. NAICS-based series start 2004 Q1."
CMU3030000000000D,state and local government,benefits,cost_per_hour_usd,2007,4,12.69,"BLS ECEC, https://data.bls.gov/timeseries/CMU3030000000000D","Employer cost per hour worked / % of total compensation; Qtr1=March, Qtr2=June, Qtr3=Sept, Qtr4=Dec reference periods. NAICS-based series start 2004 Q1."
CMU3030000000000D,state and local government,benefits,cost_per_hour_usd,2008,1,12.89,"BLS ECEC, https://data.bls.gov/timeseries/CMU3030000000000D","Employer cost per hour worked / % of total compensation; Qtr1=March, Qtr2=June, Qtr3=Sept, Qtr4=Dec reference periods. NAICS-based series start 2004 Q1."
CMU3030000000000D,state and local government,benefits,cost_per_hour_usd,2008,2,13.11,"BLS ECEC, https://data.bls.gov/timeseries/CMU3030000000000D","Employer cost per hour worked / % of total compensation; Qtr1=March, Qtr2=June, Qtr3=Sept, Qtr4=Dec reference periods. NAICS-based series start 2004 Q1."
CMU3030000000000D,state and local government,benefits,cost_per_hour_usd,2008,3,13.41,"BLS ECEC, https://data.bls.gov/timeseries/CMU3030000000000D","Employer cost per hour worked / % of total compensation; Qtr1=March, Qtr2=June, Qtr3=Sept, Qtr4=Dec reference periods. NAICS-based series start 2004 Q1."
CMU3030000000000D,state and local government,benefits,cost_per_hour_usd,2008,4,13.38,"BLS ECEC, https://data.bls.gov/timeseries/CMU3030000000000D","Employer cost per hour worked / % of total compensation; Qtr1=March, Qtr2=June, Qtr3=Sept, Qtr4=Dec reference periods. NAICS-based series start 2004 Q1."
CMU3030000000000D,state and local government,benefits,cost_per_hour_usd,2009,1,13.53,"BLS ECEC, https://data.bls.gov/timeseries/CMU3030000000000D","Employer cost per hour worked / % of total compensation; Qtr1=March, Qtr2=June, Qtr3=Sept, Qtr4=Dec reference periods. NAICS-based series start 2004 Q1."
CMU3030000000000D,state and local government,benefits,cost_per_hour_usd,2009,2,13.65,"BLS ECEC, https://data.bls.gov/timeseries/CMU3030000000000D","Employer cost per hour worked / % of total compensation; Qtr1=March, Qtr2=June, Qtr3=Sept, Qtr4=Dec reference periods. NAICS-based series start 2004 Q1."
CMU3030000000000D,state and local government,benefits,cost_per_hour_usd,2009,3,13.6,"BLS ECEC, https://data.bls.gov/timeseries/CMU3030000000000D","Employer cost per hour worked / % of total compensation; Qtr1=March, Qtr2=June, Qtr3=Sept, Qtr4=Dec reference periods. NAICS-based series start 2004 Q1."
CMU3030000000000D,state and local government,benefits,cost_per_hour_usd,2009,4,13.49,"BLS ECEC, https://data.bls.gov/timeseries/CMU3030000000000D","Employer cost per hour worked / % of total compensation; Qtr1=March, Qtr2=June, Qtr3=Sept, Qtr4=Dec reference periods. NAICS-based series start 2004 Q1."
CMU3030000000000D,state and local government,benefits,cost_per_hour_usd,2010,1,13.56,"BLS ECEC, https://data.bls.gov/timeseries/CMU3030000000000D","Employer cost per hour worked / % of total compensation; Qtr1=March, Qtr2=June, Qtr3=Sept, Qtr4=Dec reference periods. NAICS-based series start 2004 Q1."
CMU3030000000000D,state and local government,benefits,cost_per_hour_usd,2010,2,13.62,"BLS ECEC, https://data.bls.gov/timeseries/CMU3030000000000D","Employer cost per hour worked / % of total compensation; Qtr1=March, Qtr2=June, Qtr3=Sept, Qtr4=Dec reference periods. NAICS-based series start 2004 Q1."
CMU3030000000000D,state and local government,benefits,cost_per_hour_usd,2010,3,13.85,"BLS ECEC, https://data.bls.gov/timeseries/CMU3030000000000D","Employer cost per hour worked / % of total compensation; Qtr1=March, Qtr2=June, Qtr3=Sept, Qtr4=Dec reference periods. NAICS-based series start 2004 Q1."
CMU3030000000000D,state and local government,benefits,cost_per_hour_usd,2010,4,13.86,"BLS ECEC, https://data.bls.gov/timeseries/CMU3030000000000D","Employer cost per hour worked / % of total compensation; Qtr1=March, Qtr2=June, Qtr3=Sept, Qtr4=Dec reference periods. NAICS-based series start 2004 Q1."
CMU3030000000000D,state and local government,benefits,cost_per_hour_usd,2011,1,13.99,"BLS ECEC, https://data.bls.gov/timeseries/CMU3030000000000D","Employer cost per hour worked / % of total compensation; Qtr1=March, Qtr2=June, Qtr3=Sept, Qtr4=Dec reference periods. NAICS-based series start 2004 Q1."
CMU3030000000000D,state and local government,benefits,cost_per_hour_usd,2011,2,13.99,"BLS ECEC, https://data.bls.gov/timeseries/CMU3030000000000D","Employer cost per hour worked / % of total compensation; Qtr1=March, Qtr2=June, Qtr3=Sept, Qtr4=Dec reference periods. NAICS-based series start 2004 Q1."
CMU3030000000000D,state and local government,benefits,cost_per_hour_usd,2011,3,14.19,"BLS ECEC, https://data.bls.gov/timeseries/CMU3030000000000D","Employer cost per hour worked / % of total compensation; Qtr1=March, Qtr2=June, Qtr3=Sept, Qtr4=Dec reference periods. NAICS-based series start 2004 Q1."
CMU3030000000000D,state and local government,benefits,cost_per_hour_usd,2011,4,14.16,"BLS ECEC, https://data.bls.gov/timeseries/CMU3030000000000D","Employer cost per hour worked / % of total compensation; Qtr1=March, Qtr2=June, Qtr3=Sept, Qtr4=Dec reference periods. NAICS-based series start 2004 Q1."
CMU3030000000000D,state and local government,benefits,cost_per_hour_usd,2012,1,14.31,"BLS ECEC, https://data.bls.gov/timeseries/CMU3030000000000D","Employer cost per hour worked / % of total compensation; Qtr1=March, Qtr2=June, Qtr3=Sept, Qtr4=Dec reference periods. NAICS-based series start 2004 Q1."
CMU3030000000000D,state and local government,benefits,cost_per_hour_usd,2012,2,14.41,"BLS ECEC, https://data.bls.gov/timeseries/CMU3030000000000D","Employer cost per hour worked / % of total compensation; Qtr1=March, Qtr2=June, Qtr3=Sept, Qtr4=Dec reference periods. NAICS-based series start 2004 Q1."
CMU3030000000000D,state and local government,benefits,cost_per_hour_usd,2012,3,14.65,"BLS ECEC, https://data.bls.gov/timeseries/CMU3030000000000D","Employer cost per hour worked / % of total compensation; Qtr1=March, Qtr2=June, Qtr3=Sept, Qtr4=Dec reference periods. NAICS-based series start 2004 Q1."
CMU3030000000000D,state and local government,benefits,cost_per_hour_usd,2012,4,14.7,"BLS ECEC, https://data.bls.gov/timeseries/CMU3030000000000D","Employer cost per hour worked / % of total compensation; Qtr1=March, Qtr2=June, Qtr3=Sept, Qtr4=Dec reference periods. NAICS-based series start 2004 Q1."
CMU3030000000000D,state and local government,benefits,cost_per_hour_usd,2013,1,14.85,"BLS ECEC, https://data.bls.gov/timeseries/CMU3030000000000D","Employer cost per hour worked / % of total compensation; Qtr1=March, Qtr2=June, Qtr3=Sept, Qtr4=Dec reference periods. NAICS-based series start 2004 Q1."
CMU3030000000000D,state and local government,benefits,cost_per_hour_usd,2013,2,14.93,"BLS ECEC, https://data.bls.gov/timeseries/CMU3030000000000D","Employer cost per hour worked / % of total compensation; Qtr1=March, Qtr2=June, Qtr3=Sept, Qtr4=Dec reference periods. NAICS-based series start 2004 Q1."
CMU3030000000000D,state and local government,benefits,cost_per_hour_usd,2013,3,15.13,"BLS ECEC, https://data.bls.gov/timeseries/CMU3030000000000D","Employer cost per hour worked / % of total compensation; Qtr1=March, Qtr2=June, Qtr3=Sept, Qtr4=Dec reference periods. NAICS-based series start 2004 Q1."
CMU3030000000000D,state and local government,benefits,cost_per_hour_usd,2013,4,15.24,"BLS ECEC, https://data.bls.gov/timeseries/CMU3030000000000D","Employer cost per hour worked / % of total compensation; Qtr1=March, Qtr2=June, Qtr3=Sept, Qtr4=Dec reference periods. NAICS-based series start 2004 Q1."
CMU3030000000000D,state and local government,benefits,cost_per_hour_usd,2014,1,15.36,"BLS ECEC, https://data.bls.gov/timeseries/CMU3030000000000D","Employer cost per hour worked / % of total compensation; Qtr1=March, Qtr2=June, Qtr3=Sept, Qtr4=Dec reference periods. NAICS-based series start 2004 Q1."
CMU3030000000000D,state and local government,benefits,cost_per_hour_usd,2014,2,15.49,"BLS ECEC, https://data.bls.gov/timeseries/CMU3030000000000D","Employer cost per hour worked / % of total compensation; Qtr1=March, Qtr2=June, Qtr3=Sept, Qtr4=Dec reference periods. NAICS-based series start 2004 Q1."
CMU3030000000000D,state and local government,benefits,cost_per_hour_usd,2014,3,15.67,"BLS ECEC, https://data.bls.gov/timeseries/CMU3030000000000D","Employer cost per hour worked / % of total compensation; Qtr1=March, Qtr2=June, Qtr3=Sept, Qtr4=Dec reference periods. NAICS-based series start 2004 Q1."
CMU3030000000000D,state and local government,benefits,cost_per_hour_usd,2014,4,15.78,"BLS ECEC, https://data.bls.gov/timeseries/CMU3030000000000D","Employer cost per hour worked / % of total compensation; Qtr1=March, Qtr2=June, Qtr3=Sept, Qtr4=Dec reference periods. NAICS-based series start 2004 Q1."
CMU3030000000000D,state and local government,benefits,cost_per_hour_usd,2015,1,15.92,"BLS ECEC, https://data.bls.gov/timeseries/CMU3030000000000D","Employer cost per hour worked / % of total compensation; Qtr1=March, Qtr2=June, Qtr3=Sept, Qtr4=Dec reference periods. NAICS-based series start 2004 Q1."
CMU3030000000000D,state and local government,benefits,cost_per_hour_usd,2015,2,16.01,"BLS ECEC, https://data.bls.gov/timeseries/CMU3030000000000D","Employer cost per hour worked / % of total compensation; Qtr1=March, Qtr2=June, Qtr3=Sept, Qtr4=Dec reference periods. NAICS-based series start 2004 Q1."
CMU3030000000000D,state and local government,benefits,cost_per_hour_usd,2015,3,16.21,"BLS ECEC, https://data.bls.gov/timeseries/CMU3030000000000D","Employer cost per hour worked / % of total compensation; Qtr1=March, Qtr2=June, Qtr3=Sept, Qtr4=Dec reference periods. NAICS-based series start 2004 Q1."
CMU3030000000000D,state and local government,benefits,cost_per_hour_usd,2015,4,16.35,"BLS ECEC, https://data.bls.gov/timeseries/CMU3030000000000D","Employer cost per hour worked / % of total compensation; Qtr1=March, Qtr2=June, Qtr3=Sept, Qtr4=Dec reference periods. NAICS-based series start 2004 Q1."
CMU3030000000000D,state and local government,benefits,cost_per_hour_usd,2016,1,16.48,"BLS ECEC, https://data.bls.gov/timeseries/CMU3030000000000D","Employer cost per hour worked / % of total compensation; Qtr1=March, Qtr2=June, Qtr3=Sept, Qtr4=Dec reference periods. NAICS-based series start 2004 Q1."
CMU3030000000000D,state and local government,benefits,cost_per_hour_usd,2016,2,16.54,"BLS ECEC, https://data.bls.gov/timeseries/CMU3030000000000D","Employer cost per hour worked / % of total compensation; Qtr1=March, Qtr2=June, Qtr3=Sept, Qtr4=Dec reference periods. NAICS-based series start 2004 Q1."
CMU3030000000000D,state and local government,benefits,cost_per_hour_usd,2016,3,16.87,"BLS ECEC, https://data.bls.gov/timeseries/CMU3030000000000D","Employer cost per hour worked / % of total compensation; Qtr1=March, Qtr2=June, Qtr3=Sept, Qtr4=Dec reference periods. NAICS-based series start 2004 Q1."
CMU3030000000000D,state and local government,benefits,cost_per_hour_usd,2016,4,17.71,"BLS ECEC, https://data.bls.gov/timeseries/CMU3030000000000D","Employer cost per hour worked / % of total compensation; Qtr1=March, Qtr2=June, Qtr3=Sept, Qtr4=Dec reference periods. NAICS-based series start 2004 Q1."
CMU3030000000000D,state and local government,benefits,cost_per_hour_usd,2017,1,17.9,"BLS ECEC, https://data.bls.gov/timeseries/CMU3030000000000D","Employer cost per hour worked / % of total compensation; Qtr1=March, Qtr2=June, Qtr3=Sept, Qtr4=Dec reference periods. NAICS-based series start 2004 Q1."
CMU3030000000000D,state and local government,benefits,cost_per_hour_usd,2017,2,17.94,"BLS ECEC, https://data.bls.gov/timeseries/CMU3030000000000D","Employer cost per hour worked / % of total compensation; Qtr1=March, Qtr2=June, Qtr3=Sept, Qtr4=Dec reference periods. NAICS-based series start 2004 Q1."
CMU3030000000000D,state and local government,benefits,cost_per_hour_usd,2017,3,18.24,"BLS ECEC, https://data.bls.gov/timeseries/CMU3030000000000D","Employer cost per hour worked / % of total compensation; Qtr1=March, Qtr2=June, Qtr3=Sept, Qtr4=Dec reference periods. NAICS-based series start 2004 Q1."
CMU3030000000000D,state and local government,benefits,cost_per_hour_usd,2017,4,18.38,"BLS ECEC, https://data.bls.gov/timeseries/CMU3030000000000D","Employer cost per hour worked / % of total compensation; Qtr1=March, Qtr2=June, Qtr3=Sept, Qtr4=Dec reference periods. NAICS-based series start 2004 Q1."
CMU3030000000000D,state and local government,benefits,cost_per_hour_usd,2018,1,18.49,"BLS ECEC, https://data.bls.gov/timeseries/CMU3030000000000D","Employer cost per hour worked / % of total compensation; Qtr1=March, Qtr2=June, Qtr3=Sept, Qtr4=Dec reference periods. NAICS-based series start 2004 Q1."
CMU3030000000000D,state and local government,benefits,cost_per_hour_usd,2018,2,18.5,"BLS ECEC, https://data.bls.gov/timeseries/CMU3030000000000D","Employer cost per hour worked / % of total compensation; Qtr1=March, Qtr2=June, Qtr3=Sept, Qtr4=Dec reference periods. NAICS-based series start 2004 Q1."
CMU3030000000000D,state and local government,benefits,cost_per_hour_usd,2018,3,18.8,"BLS ECEC, https://data.bls.gov/timeseries/CMU3030000000000D","Employer cost per hour worked / % of total compensation; Qtr1=March, Qtr2=June, Qtr3=Sept, Qtr4=Dec reference periods. NAICS-based series start 2004 Q1."
CMU3030000000000D,state and local government,benefits,cost_per_hour_usd,2018,4,18.96,"BLS ECEC, https://data.bls.gov/timeseries/CMU3030000000000D","Employer cost per hour worked / % of total compensation; Qtr1=March, Qtr2=June, Qtr3=Sept, Qtr4=Dec reference periods. NAICS-based series start 2004 Q1."
CMU3030000000000D,state and local government,benefits,cost_per_hour_usd,2019,1,19.14,"BLS ECEC, https://data.bls.gov/timeseries/CMU3030000000000D","Employer cost per hour worked / % of total compensation; Qtr1=March, Qtr2=June, Qtr3=Sept, Qtr4=Dec reference periods. NAICS-based series start 2004 Q1."
CMU3030000000000D,state and local government,benefits,cost_per_hour_usd,2019,2,19.2,"BLS ECEC, https://data.bls.gov/timeseries/CMU3030000000000D","Employer cost per hour worked / % of total compensation; Qtr1=March, Qtr2=June, Qtr3=Sept, Qtr4=Dec reference periods. NAICS-based series start 2004 Q1."
CMU3030000000000D,state and local government,benefits,cost_per_hour_usd,2019,3,19.47,"BLS ECEC, https://data.bls.gov/timeseries/CMU3030000000000D","Employer cost per hour worked / % of total compensation; Qtr1=March, Qtr2=June, Qtr3=Sept, Qtr4=Dec reference periods. NAICS-based series start 2004 Q1."
CMU3030000000000D,state and local government,benefits,cost_per_hour_usd,2019,4,19.63,"BLS ECEC, https://data.bls.gov/timeseries/CMU3030000000000D","Employer cost per hour worked / % of total compensation; Qtr1=March, Qtr2=June, Qtr3=Sept, Qtr4=Dec reference periods. NAICS-based series start 2004 Q1."
CMU3030000000000D,state and local government,benefits,cost_per_hour_usd,2020,1,19.82,"BLS ECEC, https://data.bls.gov/timeseries/CMU3030000000000D","Employer cost per hour worked / % of total compensation; Qtr1=March, Qtr2=June, Qtr3=Sept, Qtr4=Dec reference periods. NAICS-based series start 2004 Q1."
CMU3030000000000D,state and local government,benefits,cost_per_hour_usd,2020,2,19.93,"BLS ECEC, https://data.bls.gov/timeseries/CMU3030000000000D","Employer cost per hour worked / % of total compensation; Qtr1=March, Qtr2=June, Qtr3=Sept, Qtr4=Dec reference periods. NAICS-based series start 2004 Q1."
CMU3030000000000D,state and local government,benefits,cost_per_hour_usd,2020,3,20.2,"BLS ECEC, https://data.bls.gov/timeseries/CMU3030000000000D","Employer cost per hour worked / % of total compensation; Qtr1=March, Qtr2=June, Qtr3=Sept, Qtr4=Dec reference periods. NAICS-based series start 2004 Q1."
CMU3030000000000D,state and local government,benefits,cost_per_hour_usd,2020,4,20.39,"BLS ECEC, https://data.bls.gov/timeseries/CMU3030000000000D","Employer cost per hour worked / % of total compensation; Qtr1=March, Qtr2=June, Qtr3=Sept, Qtr4=Dec reference periods. NAICS-based series start 2004 Q1."
CMU3030000000000D,state and local government,benefits,cost_per_hour_usd,2021,1,20.47,"BLS ECEC, https://data.bls.gov/timeseries/CMU3030000000000D","Employer cost per hour worked / % of total compensation; Qtr1=March, Qtr2=June, Qtr3=Sept, Qtr4=Dec reference periods. NAICS-based series start 2004 Q1."
CMU3030000000000D,state and local government,benefits,cost_per_hour_usd,2021,2,20.5,"BLS ECEC, https://data.bls.gov/timeseries/CMU3030000000000D","Employer cost per hour worked / % of total compensation; Qtr1=March, Qtr2=June, Qtr3=Sept, Qtr4=Dec reference periods. NAICS-based series start 2004 Q1."
CMU3030000000000D,state and local government,benefits,cost_per_hour_usd,2021,3,20.7,"BLS ECEC, https://data.bls.gov/timeseries/CMU3030000000000D","Employer cost per hour worked / % of total compensation; Qtr1=March, Qtr2=June, Qtr3=Sept, Qtr4=Dec reference periods. NAICS-based series start 2004 Q1."
CMU3030000000000D,state and local government,benefits,cost_per_hour_usd,2021,4,20.87,"BLS ECEC, https://data.bls.gov/timeseries/CMU3030000000000D","Employer cost per hour worked / % of total compensation; Qtr1=March, Qtr2=June, Qtr3=Sept, Qtr4=Dec reference periods. NAICS-based series start 2004 Q1."
CMU3030000000000D,state and local government,benefits,cost_per_hour_usd,2022,1,21.15,"BLS ECEC, https://data.bls.gov/timeseries/CMU3030000000000D","Employer cost per hour worked / % of total compensation; Qtr1=March, Qtr2=June, Qtr3=Sept, Qtr4=Dec reference periods. NAICS-based series start 2004 Q1."
CMU3030000000000D,state and local government,benefits,cost_per_hour_usd,2022,2,21.25,"BLS ECEC, https://data.bls.gov/timeseries/CMU3030000000000D","Employer cost per hour worked / % of total compensation; Qtr1=March, Qtr2=June, Qtr3=Sept, Qtr4=Dec reference periods. NAICS-based series start 2004 Q1."
CMU3030000000000D,state and local government,benefits,cost_per_hour_usd,2022,3,21.73,"BLS ECEC, https://data.bls.gov/timeseries/CMU3030000000000D","Employer cost per hour worked / % of total compensation; Qtr1=March, Qtr2=June, Qtr3=Sept, Qtr4=Dec reference periods. NAICS-based series start 2004 Q1."
CMU3030000000000D,state and local government,benefits,cost_per_hour_usd,2022,4,21.91,"BLS ECEC, https://data.bls.gov/timeseries/CMU3030000000000D","Employer cost per hour worked / % of total compensation; Qtr1=March, Qtr2=June, Qtr3=Sept, Qtr4=Dec reference periods. NAICS-based series start 2004 Q1."
CMU3030000000000D,state and local government,benefits,cost_per_hour_usd,2023,1,22.19,"BLS ECEC, https://data.bls.gov/timeseries/CMU3030000000000D","Employer cost per hour worked / % of total compensation; Qtr1=March, Qtr2=June, Qtr3=Sept, Qtr4=Dec reference periods. NAICS-based series start 2004 Q1."
CMU3030000000000D,state and local government,benefits,cost_per_hour_usd,2023,2,22.35,"BLS ECEC, https://data.bls.gov/timeseries/CMU3030000000000D","Employer cost per hour worked / % of total compensation; Qtr1=March, Qtr2=June, Qtr3=Sept, Qtr4=Dec reference periods. NAICS-based series start 2004 Q1."
CMU3030000000000D,state and local government,benefits,cost_per_hour_usd,2023,3,22.81,"BLS ECEC, https://data.bls.gov/timeseries/CMU3030000000000D","Employer cost per hour worked / % of total compensation; Qtr1=March, Qtr2=June, Qtr3=Sept, Qtr4=Dec reference periods. NAICS-based series start 2004 Q1."
CMU3030000000000D,state and local government,benefits,cost_per_hour_usd,2023,4,23.03,"BLS ECEC, https://data.bls.gov/timeseries/CMU3030000000000D","Employer cost per hour worked / % of total compensation; Qtr1=March, Qtr2=June, Qtr3=Sept, Qtr4=Dec reference periods. NAICS-based series start 2004 Q1."
CMU3030000000000D,state and local government,benefits,cost_per_hour_usd,2024,1,23.37,"BLS ECEC, https://data.bls.gov/timeseries/CMU3030000000000D","Employer cost per hour worked / % of total compensation; Qtr1=March, Qtr2=June, Qtr3=Sept, Qtr4=Dec reference periods. NAICS-based series start 2004 Q1."
CMU3030000000000D,state and local government,benefits,cost_per_hour_usd,2024,2,23.57,"BLS ECEC, https://data.bls.gov/timeseries/CMU3030000000000D","Employer cost per hour worked / % of total compensation; Qtr1=March, Qtr2=June, Qtr3=Sept, Qtr4=Dec reference periods. NAICS-based series start 2004 Q1."
CMU3030000000000D,state and local government,benefits,cost_per_hour_usd,2024,3,24.06,"BLS ECEC, https://data.bls.gov/timeseries/CMU3030000000000D","Employer cost per hour worked / % of total compensation; Qtr1=March, Qtr2=June, Qtr3=Sept, Qtr4=Dec reference periods. NAICS-based series start 2004 Q1."
CMU3030000000000D,state and local government,benefits,cost_per_hour_usd,2024,4,24.23,"BLS ECEC, https://data.bls.gov/timeseries/CMU3030000000000D","Employer cost per hour worked / % of total compensation; Qtr1=March, Qtr2=June, Qtr3=Sept, Qtr4=Dec reference periods. NAICS-based series start 2004 Q1."
CMU3030000000000D,state and local government,benefits,cost_per_hour_usd,2025,1,24.58,"BLS ECEC, https://data.bls.gov/timeseries/CMU3030000000000D","Employer cost per hour worked / % of total compensation; Qtr1=March, Qtr2=June, Qtr3=Sept, Qtr4=Dec reference periods. NAICS-based series start 2004 Q1."
CMU3030000000000D,state and local government,benefits,cost_per_hour_usd,2025,2,24.63,"BLS ECEC, https://data.bls.gov/timeseries/CMU3030000000000D","Employer cost per hour worked / % of total compensation; Qtr1=March, Qtr2=June, Qtr3=Sept, Qtr4=Dec reference periods. NAICS-based series start 2004 Q1."
CMU3030000000000D,state and local government,benefits,cost_per_hour_usd,2025,3,25.04,"BLS ECEC, https://data.bls.gov/timeseries/CMU3030000000000D","Employer cost per hour worked / % of total compensation; Qtr1=March, Qtr2=June, Qtr3=Sept, Qtr4=Dec reference periods. NAICS-based series start 2004 Q1."
CMU3030000000000D,state and local government,benefits,cost_per_hour_usd,2025,4,25.19,"BLS ECEC, https://data.bls.gov/timeseries/CMU3030000000000D","Employer cost per hour worked / % of total compensation; Qtr1=March, Qtr2=June, Qtr3=Sept, Qtr4=Dec reference periods. NAICS-based series start 2004 Q1."
CMU3030000000000D,state and local government,benefits,cost_per_hour_usd,2026,1,25.59,"BLS ECEC, https://data.bls.gov/timeseries/CMU3030000000000D","Employer cost per hour worked / % of total compensation; Qtr1=March, Qtr2=June, Qtr3=Sept, Qtr4=Dec reference periods. NAICS-based series start 2004 Q1."
CMU3030000000000D,state and local government,benefits,cost_per_hour_usd,2026,2,25.78,"BLS ECEC, https://data.bls.gov/timeseries/CMU3030000000000D","Employer cost per hour worked / % of total compensation; Qtr1=March, Qtr2=June, Qtr3=Sept, Qtr4=Dec reference periods. NAICS-based series start 2004 Q1."
CMU3030000000000P,state and local government,benefits,pct_total_comp,2004,1,30.8,"BLS ECEC, https://data.bls.gov/timeseries/CMU3030000000000P","Employer cost per hour worked / % of total compensation; Qtr1=March, Qtr2=June, Qtr3=Sept, Qtr4=Dec reference periods. NAICS-based series start 2004 Q1."
CMU3030000000000P,state and local government,benefits,pct_total_comp,2004,2,31.1,"BLS ECEC, https://data.bls.gov/timeseries/CMU3030000000000P","Employer cost per hour worked / % of total compensation; Qtr1=March, Qtr2=June, Qtr3=Sept, Qtr4=Dec reference periods. NAICS-based series start 2004 Q1."
CMU3030000000000P,state and local government,benefits,pct_total_comp,2004,3,31.4,"BLS ECEC, https://data.bls.gov/timeseries/CMU3030000000000P","Employer cost per hour worked / % of total compensation; Qtr1=March, Qtr2=June, Qtr3=Sept, Qtr4=Dec reference periods. NAICS-based series start 2004 Q1."
CMU3030000000000P,state and local government,benefits,pct_total_comp,2004,4,31.4,"BLS ECEC, https://data.bls.gov/timeseries/CMU3030000000000P","Employer cost per hour worked / % of total compensation; Qtr1=March, Qtr2=June, Qtr3=Sept, Qtr4=Dec reference periods. NAICS-based series start 2004 Q1."
CMU3030000000000P,state and local government,benefits,pct_total_comp,2005,1,31.7,"BLS ECEC, https://data.bls.gov/timeseries/CMU3030000000000P","Employer cost per hour worked / % of total compensation; Qtr1=March, Qtr2=June, Qtr3=Sept, Qtr4=Dec reference periods. NAICS-based series start 2004 Q1."
CMU3030000000000P,state and local government,benefits,pct_total_comp,2005,2,31.8,"BLS ECEC, https://data.bls.gov/timeseries/CMU3030000000000P","Employer cost per hour worked / % of total compensation; Qtr1=March, Qtr2=June, Qtr3=Sept, Qtr4=Dec reference periods. NAICS-based series start 2004 Q1."
CMU3030000000000P,state and local government,benefits,pct_total_comp,2005,3,32.2,"BLS ECEC, https://data.bls.gov/timeseries/CMU3030000000000P","Employer cost per hour worked / % of total compensation; Qtr1=March, Qtr2=June, Qtr3=Sept, Qtr4=Dec reference periods. NAICS-based series start 2004 Q1."
CMU3030000000000P,state and local government,benefits,pct_total_comp,2005,4,32.1,"BLS ECEC, https://data.bls.gov/timeseries/CMU3030000000000P","Employer cost per hour worked / % of total compensation; Qtr1=March, Qtr2=June, Qtr3=Sept, Qtr4=Dec reference periods. NAICS-based series start 2004 Q1."
CMU3030000000000P,state and local government,benefits,pct_total_comp,2006,1,32.4,"BLS ECEC, https://data.bls.gov/timeseries/CMU3030000000000P","Employer cost per hour worked / % of total compensation; Qtr1=March, Qtr2=June, Qtr3=Sept, Qtr4=Dec reference periods. NAICS-based series start 2004 Q1."
CMU3030000000000P,state and local government,benefits,pct_total_comp,2006,2,32.6,"BLS ECEC, https://data.bls.gov/timeseries/CMU3030000000000P","Employer cost per hour worked / % of total compensation; Qtr1=March, Qtr2=June, Qtr3=Sept, Qtr4=Dec reference periods. NAICS-based series start 2004 Q1."
CMU3030000000000P,state and local government,benefits,pct_total_comp,2006,3,32.7,"BLS ECEC, https://data.bls.gov/timeseries/CMU3030000000000P","Employer cost per hour worked / % of total compensation; Qtr1=March, Qtr2=June, Qtr3=Sept, Qtr4=Dec reference periods. NAICS-based series start 2004 Q1."
CMU3030000000000P,state and local government,benefits,pct_total_comp,2006,4,32.7,"BLS ECEC, https://data.bls.gov/timeseries/CMU3030000000000P","Employer cost per hour worked / % of total compensation; Qtr1=March, Qtr2=June, Qtr3=Sept, Qtr4=Dec reference periods. NAICS-based series start 2004 Q1."
CMU3030000000000P,state and local government,benefits,pct_total_comp,2007,1,33.0,"BLS ECEC, https://data.bls.gov/timeseries/CMU3030000000000P","Employer cost per hour worked / % of total compensation; Qtr1=March, Qtr2=June, Qtr3=Sept, Qtr4=Dec reference periods. NAICS-based series start 2004 Q1."
CMU3030000000000P,state and local government,benefits,pct_total_comp,2007,2,33.4,"BLS ECEC, https://data.bls.gov/timeseries/CMU3030000000000P","Employer cost per hour worked / % of total compensation; Qtr1=March, Qtr2=June, Qtr3=Sept, Qtr4=Dec reference periods. NAICS-based series start 2004 Q1."
CMU3030000000000P,state and local government,benefits,pct_total_comp,2007,3,33.5,"BLS ECEC, https://data.bls.gov/timeseries/CMU3030000000000P","Employer cost per hour worked / % of total compensation; Qtr1=March, Qtr2=June, Qtr3=Sept, Qtr4=Dec reference periods. NAICS-based series start 2004 Q1."
CMU3030000000000P,state and local government,benefits,pct_total_comp,2007,4,33.6,"BLS ECEC, https://data.bls.gov/timeseries/CMU3030000000000P","Employer cost per hour worked / % of total compensation; Qtr1=March, Qtr2=June, Qtr3=Sept, Qtr4=Dec reference periods. NAICS-based series start 2004 Q1."
CMU3030000000000P,state and local government,benefits,pct_total_comp,2008,1,34.1,"BLS ECEC, https://data.bls.gov/timeseries/CMU3030000000000P","Employer cost per hour worked / % of total compensation; Qtr1=March, Qtr2=June, Qtr3=Sept, Qtr4=Dec reference periods. NAICS-based series start 2004 Q1."
CMU3030000000000P,state and local government,benefits,pct_total_comp,2008,2,34.2,"BLS ECEC, https://data.bls.gov/timeseries/CMU3030000000000P","Employer cost per hour worked / % of total compensation; Qtr1=March, Qtr2=June, Qtr3=Sept, Qtr4=Dec reference periods. NAICS-based series start 2004 Q1."
CMU3030000000000P,state and local government,benefits,pct_total_comp,2008,3,34.2,"BLS ECEC, https://data.bls.gov/timeseries/CMU3030000000000P","Employer cost per hour worked / % of total compensation; Qtr1=March, Qtr2=June, Qtr3=Sept, Qtr4=Dec reference periods. NAICS-based series start 2004 Q1."
CMU3030000000000P,state and local government,benefits,pct_total_comp,2008,4,34.1,"BLS ECEC, https://data.bls.gov/timeseries/CMU3030000000000P","Employer cost per hour worked / % of total compensation; Qtr1=March, Qtr2=June, Qtr3=Sept, Qtr4=Dec reference periods. NAICS-based series start 2004 Q1."
CMU3030000000000P,state and local government,benefits,pct_total_comp,2009,1,34.3,"BLS ECEC, https://data.bls.gov/timeseries/CMU3030000000000P","Employer cost per hour worked / % of total compensation; Qtr1=March, Qtr2=June, Qtr3=Sept, Qtr4=Dec reference periods. NAICS-based series start 2004 Q1."
CMU3030000000000P,state and local government,benefits,pct_total_comp,2009,2,34.4,"BLS ECEC, https://data.bls.gov/timeseries/CMU3030000000000P","Employer cost per hour worked / % of total compensation; Qtr1=March, Qtr2=June, Qtr3=Sept, Qtr4=Dec reference periods. NAICS-based series start 2004 Q1."
CMU3030000000000P,state and local government,benefits,pct_total_comp,2009,3,34.1,"BLS ECEC, https://data.bls.gov/timeseries/CMU3030000000000P","Employer cost per hour worked / % of total compensation; Qtr1=March, Qtr2=June, Qtr3=Sept, Qtr4=Dec reference periods. NAICS-based series start 2004 Q1."
CMU3030000000000P,state and local government,benefits,pct_total_comp,2009,4,34.1,"BLS ECEC, https://data.bls.gov/timeseries/CMU3030000000000P","Employer cost per hour worked / % of total compensation; Qtr1=March, Qtr2=June, Qtr3=Sept, Qtr4=Dec reference periods. NAICS-based series start 2004 Q1."
CMU3030000000000P,state and local government,benefits,pct_total_comp,2010,1,34.1,"BLS ECEC, https://data.bls.gov/timeseries/CMU3030000000000P","Employer cost per hour worked / % of total compensation; Qtr1=March, Qtr2=June, Qtr3=Sept, Qtr4=Dec reference periods. NAICS-based series start 2004 Q1."
CMU3030000000000P,state and local government,benefits,pct_total_comp,2010,2,34.3,"BLS ECEC, https://data.bls.gov/timeseries/CMU3030000000000P","Employer cost per hour worked / % of total compensation; Qtr1=March, Qtr2=June, Qtr3=Sept, Qtr4=Dec reference periods. NAICS-based series start 2004 Q1."
CMU3030000000000P,state and local government,benefits,pct_total_comp,2010,3,34.5,"BLS ECEC, https://data.bls.gov/timeseries/CMU3030000000000P","Employer cost per hour worked / % of total compensation; Qtr1=March, Qtr2=June, Qtr3=Sept, Qtr4=Dec reference periods. NAICS-based series start 2004 Q1."
CMU3030000000000P,state and local government,benefits,pct_total_comp,2010,4,34.4,"BLS ECEC, https://data.bls.gov/timeseries/CMU3030000000000P","Employer cost per hour worked / % of total compensation; Qtr1=March, Qtr2=June, Qtr3=Sept, Qtr4=Dec reference periods. NAICS-based series start 2004 Q1."
CMU3030000000000P,state and local government,benefits,pct_total_comp,2011,1,34.5,"BLS ECEC, https://data.bls.gov/timeseries/CMU3030000000000P","Employer cost per hour worked / % of total compensation; Qtr1=March, Qtr2=June, Qtr3=Sept, Qtr4=Dec reference periods. NAICS-based series start 2004 Q1."
CMU3030000000000P,state and local government,benefits,pct_total_comp,2011,2,34.6,"BLS ECEC, https://data.bls.gov/timeseries/CMU3030000000000P","Employer cost per hour worked / % of total compensation; Qtr1=March, Qtr2=June, Qtr3=Sept, Qtr4=Dec reference periods. NAICS-based series start 2004 Q1."
CMU3030000000000P,state and local government,benefits,pct_total_comp,2011,3,34.8,"BLS ECEC, https://data.bls.gov/timeseries/CMU3030000000000P","Employer cost per hour worked / % of total compensation; Qtr1=March, Qtr2=June, Qtr3=Sept, Qtr4=Dec reference periods. NAICS-based series start 2004 Q1."
CMU3030000000000P,state and local government,benefits,pct_total_comp,2011,4,34.6,"BLS ECEC, https://data.bls.gov/timeseries/CMU3030000000000P","Employer cost per hour worked / % of total compensation; Qtr1=March, Qtr2=June, Qtr3=Sept, Qtr4=Dec reference periods. NAICS-based series start 2004 Q1."
CMU3030000000000P,state and local government,benefits,pct_total_comp,2012,1,34.8,"BLS ECEC, https://data.bls.gov/timeseries/CMU3030000000000P","Employer cost per hour worked / % of total compensation; Qtr1=March, Qtr2=June, Qtr3=Sept, Qtr4=Dec reference periods. NAICS-based series start 2004 Q1."
CMU3030000000000P,state and local government,benefits,pct_total_comp,2012,2,35.0,"BLS ECEC, https://data.bls.gov/timeseries/CMU3030000000000P","Employer cost per hour worked / % of total compensation; Qtr1=March, Qtr2=June, Qtr3=Sept, Qtr4=Dec reference periods. NAICS-based series start 2004 Q1."
CMU3030000000000P,state and local government,benefits,pct_total_comp,2012,3,35.3,"BLS ECEC, https://data.bls.gov/timeseries/CMU3030000000000P","Employer cost per hour worked / % of total compensation; Qtr1=March, Qtr2=June, Qtr3=Sept, Qtr4=Dec reference periods. NAICS-based series start 2004 Q1."
CMU3030000000000P,state and local government,benefits,pct_total_comp,2012,4,35.0,"BLS ECEC, https://data.bls.gov/timeseries/CMU3030000000000P","Employer cost per hour worked / % of total compensation; Qtr1=March, Qtr2=June, Qtr3=Sept, Qtr4=Dec reference periods. NAICS-based series start 2004 Q1."
CMU3030000000000P,state and local government,benefits,pct_total_comp,2013,1,35.2,"BLS ECEC, https://data.bls.gov/timeseries/CMU3030000000000P","Employer cost per hour worked / % of total compensation; Qtr1=March, Qtr2=June, Qtr3=Sept, Qtr4=Dec reference periods. NAICS-based series start 2004 Q1."
CMU3030000000000P,state and local government,benefits,pct_total_comp,2013,2,35.5,"BLS ECEC, https://data.bls.gov/timeseries/CMU3030000000000P","Employer cost per hour worked / % of total compensation; Qtr1=March, Qtr2=June, Qtr3=Sept, Qtr4=Dec reference periods. NAICS-based series start 2004 Q1."
CMU3030000000000P,state and local government,benefits,pct_total_comp,2013,3,35.6,"BLS ECEC, https://data.bls.gov/timeseries/CMU3030000000000P","Employer cost per hour worked / % of total compensation; Qtr1=March, Qtr2=June, Qtr3=Sept, Qtr4=Dec reference periods. NAICS-based series start 2004 Q1."
CMU3030000000000P,state and local government,benefits,pct_total_comp,2013,4,35.5,"BLS ECEC, https://data.bls.gov/timeseries/CMU3030000000000P","Employer cost per hour worked / % of total compensation; Qtr1=March, Qtr2=June, Qtr3=Sept, Qtr4=Dec reference periods. NAICS-based series start 2004 Q1."
CMU3030000000000P,state and local government,benefits,pct_total_comp,2014,1,35.6,"BLS ECEC, https://data.bls.gov/timeseries/CMU3030000000000P","Employer cost per hour worked / % of total compensation; Qtr1=March, Qtr2=June, Qtr3=Sept, Qtr4=Dec reference periods. NAICS-based series start 2004 Q1."
CMU3030000000000P,state and local government,benefits,pct_total_comp,2014,2,36.0,"BLS ECEC, https://data.bls.gov/timeseries/CMU3030000000000P","Employer cost per hour worked / % of total compensation; Qtr1=March, Qtr2=June, Qtr3=Sept, Qtr4=Dec reference periods. NAICS-based series start 2004 Q1."
CMU3030000000000P,state and local government,benefits,pct_total_comp,2014,3,36.0,"BLS ECEC, https://data.bls.gov/timeseries/CMU3030000000000P","Employer cost per hour worked / % of total compensation; Qtr1=March, Qtr2=June, Qtr3=Sept, Qtr4=Dec reference periods. NAICS-based series start 2004 Q1."
CMU3030000000000P,state and local government,benefits,pct_total_comp,2014,4,35.9,"BLS ECEC, https://data.bls.gov/timeseries/CMU3030000000000P","Employer cost per hour worked / % of total compensation; Qtr1=March, Qtr2=June, Qtr3=Sept, Qtr4=Dec reference periods. NAICS-based series start 2004 Q1."
CMU3030000000000P,state and local government,benefits,pct_total_comp,2015,1,36.0,"BLS ECEC, https://data.bls.gov/timeseries/CMU3030000000000P","Employer cost per hour worked / % of total compensation; Qtr1=March, Qtr2=June, Qtr3=Sept, Qtr4=Dec reference periods. NAICS-based series start 2004 Q1."
CMU3030000000000P,state and local government,benefits,pct_total_comp,2015,2,36.2,"BLS ECEC, https://data.bls.gov/timeseries/CMU3030000000000P","Employer cost per hour worked / % of total compensation; Qtr1=March, Qtr2=June, Qtr3=Sept, Qtr4=Dec reference periods. NAICS-based series start 2004 Q1."
CMU3030000000000P,state and local government,benefits,pct_total_comp,2015,3,36.3,"BLS ECEC, https://data.bls.gov/timeseries/CMU3030000000000P","Employer cost per hour worked / % of total compensation; Qtr1=March, Qtr2=June, Qtr3=Sept, Qtr4=Dec reference periods. NAICS-based series start 2004 Q1."
CMU3030000000000P,state and local government,benefits,pct_total_comp,2015,4,36.4,"BLS ECEC, https://data.bls.gov/timeseries/CMU3030000000000P","Employer cost per hour worked / % of total compensation; Qtr1=March, Qtr2=June, Qtr3=Sept, Qtr4=Dec reference periods. NAICS-based series start 2004 Q1."
CMU3030000000000P,state and local government,benefits,pct_total_comp,2016,1,36.4,"BLS ECEC, https://data.bls.gov/timeseries/CMU3030000000000P","Employer cost per hour worked / % of total compensation; Qtr1=March, Qtr2=June, Qtr3=Sept, Qtr4=Dec reference periods. NAICS-based series start 2004 Q1."
CMU3030000000000P,state and local government,benefits,pct_total_comp,2016,2,36.7,"BLS ECEC, https://data.bls.gov/timeseries/CMU3030000000000P","Employer cost per hour worked / % of total compensation; Qtr1=March, Qtr2=June, Qtr3=Sept, Qtr4=Dec reference periods. NAICS-based series start 2004 Q1."
CMU3030000000000P,state and local government,benefits,pct_total_comp,2016,3,36.7,"BLS ECEC, https://data.bls.gov/timeseries/CMU3030000000000P","Employer cost per hour worked / % of total compensation; Qtr1=March, Qtr2=June, Qtr3=Sept, Qtr4=Dec reference periods. NAICS-based series start 2004 Q1."
CMU3030000000000P,state and local government,benefits,pct_total_comp,2016,4,37.0,"BLS ECEC, https://data.bls.gov/timeseries/CMU3030000000000P","Employer cost per hour worked / % of total compensation; Qtr1=March, Qtr2=June, Qtr3=Sept, Qtr4=Dec reference periods. NAICS-based series start 2004 Q1."
CMU3030000000000P,state and local government,benefits,pct_total_comp,2017,1,37.1,"BLS ECEC, https://data.bls.gov/timeseries/CMU3030000000000P","Employer cost per hour worked / % of total compensation; Qtr1=March, Qtr2=June, Qtr3=Sept, Qtr4=Dec reference periods. NAICS-based series start 2004 Q1."
CMU3030000000000P,state and local government,benefits,pct_total_comp,2017,2,37.3,"BLS ECEC, https://data.bls.gov/timeseries/CMU3030000000000P","Employer cost per hour worked / % of total compensation; Qtr1=March, Qtr2=June, Qtr3=Sept, Qtr4=Dec reference periods. NAICS-based series start 2004 Q1."
CMU3030000000000P,state and local government,benefits,pct_total_comp,2017,3,37.4,"BLS ECEC, https://data.bls.gov/timeseries/CMU3030000000000P","Employer cost per hour worked / % of total compensation; Qtr1=March, Qtr2=June, Qtr3=Sept, Qtr4=Dec reference periods. NAICS-based series start 2004 Q1."
CMU3030000000000P,state and local government,benefits,pct_total_comp,2017,4,37.4,"BLS ECEC, https://data.bls.gov/timeseries/CMU3030000000000P","Employer cost per hour worked / % of total compensation; Qtr1=March, Qtr2=June, Qtr3=Sept, Qtr4=Dec reference periods. NAICS-based series start 2004 Q1."
CMU3030000000000P,state and local government,benefits,pct_total_comp,2018,1,37.4,"BLS ECEC, https://data.bls.gov/timeseries/CMU3030000000000P","Employer cost per hour worked / % of total compensation; Qtr1=March, Qtr2=June, Qtr3=Sept, Qtr4=Dec reference periods. NAICS-based series start 2004 Q1."
CMU3030000000000P,state and local government,benefits,pct_total_comp,2018,2,37.6,"BLS ECEC, https://data.bls.gov/timeseries/CMU3030000000000P","Employer cost per hour worked / % of total compensation; Qtr1=March, Qtr2=June, Qtr3=Sept, Qtr4=Dec reference periods. NAICS-based series start 2004 Q1."
CMU3030000000000P,state and local government,benefits,pct_total_comp,2018,3,37.6,"BLS ECEC, https://data.bls.gov/timeseries/CMU3030000000000P","Employer cost per hour worked / % of total compensation; Qtr1=March, Qtr2=June, Qtr3=Sept, Qtr4=Dec reference periods. NAICS-based series start 2004 Q1."
CMU3030000000000P,state and local government,benefits,pct_total_comp,2018,4,37.5,"BLS ECEC, https://data.bls.gov/timeseries/CMU3030000000000P","Employer cost per hour worked / % of total compensation; Qtr1=March, Qtr2=June, Qtr3=Sept, Qtr4=Dec reference periods. NAICS-based series start 2004 Q1."
CMU3030000000000P,state and local government,benefits,pct_total_comp,2019,1,37.6,"BLS ECEC, https://data.bls.gov/timeseries/CMU3030000000000P","Employer cost per hour worked / % of total compensation; Qtr1=March, Qtr2=June, Qtr3=Sept, Qtr4=Dec reference periods. NAICS-based series start 2004 Q1."
CMU3030000000000P,state and local government,benefits,pct_total_comp,2019,2,37.8,"BLS ECEC, https://data.bls.gov/timeseries/CMU3030000000000P","Employer cost per hour worked / % of total compensation; Qtr1=March, Qtr2=June, Qtr3=Sept, Qtr4=Dec reference periods. NAICS-based series start 2004 Q1."
CMU3030000000000P,state and local government,benefits,pct_total_comp,2019,3,37.7,"BLS ECEC, https://data.bls.gov/timeseries/CMU3030000000000P","Employer cost per hour worked / % of total compensation; Qtr1=March, Qtr2=June, Qtr3=Sept, Qtr4=Dec reference periods. NAICS-based series start 2004 Q1."
CMU3030000000000P,state and local government,benefits,pct_total_comp,2019,4,37.7,"BLS ECEC, https://data.bls.gov/timeseries/CMU3030000000000P","Employer cost per hour worked / % of total compensation; Qtr1=March, Qtr2=June, Qtr3=Sept, Qtr4=Dec reference periods. NAICS-based series start 2004 Q1."
CMU3030000000000P,state and local government,benefits,pct_total_comp,2020,1,37.8,"BLS ECEC, https://data.bls.gov/timeseries/CMU3030000000000P","Employer cost per hour worked / % of total compensation; Qtr1=March, Qtr2=June, Qtr3=Sept, Qtr4=Dec reference periods. NAICS-based series start 2004 Q1."
CMU3030000000000P,state and local government,benefits,pct_total_comp,2020,2,38.1,"BLS ECEC, https://data.bls.gov/timeseries/CMU3030000000000P","Employer cost per hour worked / % of total compensation; Qtr1=March, Qtr2=June, Qtr3=Sept, Qtr4=Dec reference periods. NAICS-based series start 2004 Q1."
CMU3030000000000P,state and local government,benefits,pct_total_comp,2020,3,38.2,"BLS ECEC, https://data.bls.gov/timeseries/CMU3030000000000P","Employer cost per hour worked / % of total compensation; Qtr1=March, Qtr2=June, Qtr3=Sept, Qtr4=Dec reference periods. NAICS-based series start 2004 Q1."
CMU3030000000000P,state and local government,benefits,pct_total_comp,2020,4,38.1,"BLS ECEC, https://data.bls.gov/timeseries/CMU3030000000000P","Employer cost per hour worked / % of total compensation; Qtr1=March, Qtr2=June, Qtr3=Sept, Qtr4=Dec reference periods. NAICS-based series start 2004 Q1."
CMU3030000000000P,state and local government,benefits,pct_total_comp,2021,1,38.1,"BLS ECEC, https://data.bls.gov/timeseries/CMU3030000000000P","Employer cost per hour worked / % of total compensation; Qtr1=March, Qtr2=June, Qtr3=Sept, Qtr4=Dec reference periods. NAICS-based series start 2004 Q1."
CMU3030000000000P,state and local government,benefits,pct_total_comp,2021,2,38.3,"BLS ECEC, https://data.bls.gov/timeseries/CMU3030000000000P","Employer cost per hour worked / % of total compensation; Qtr1=March, Qtr2=June, Qtr3=Sept, Qtr4=Dec reference periods. NAICS-based series start 2004 Q1."
CMU3030000000000P,state and local government,benefits,pct_total_comp,2021,3,38.0,"BLS ECEC, https://data.bls.gov/timeseries/CMU3030000000000P","Employer cost per hour worked / % of total compensation; Qtr1=March, Qtr2=June, Qtr3=Sept, Qtr4=Dec reference periods. NAICS-based series start 2004 Q1."
CMU3030000000000P,state and local government,benefits,pct_total_comp,2021,4,38.0,"BLS ECEC, https://data.bls.gov/timeseries/CMU3030000000000P","Employer cost per hour worked / % of total compensation; Qtr1=March, Qtr2=June, Qtr3=Sept, Qtr4=Dec reference periods. NAICS-based series start 2004 Q1."
CMU3030000000000P,state and local government,benefits,pct_total_comp,2022,1,38.1,"BLS ECEC, https://data.bls.gov/timeseries/CMU3030000000000P","Employer cost per hour worked / % of total compensation; Qtr1=March, Qtr2=June, Qtr3=Sept, Qtr4=Dec reference periods. NAICS-based series start 2004 Q1."
CMU3030000000000P,state and local government,benefits,pct_total_comp,2022,2,38.3,"BLS ECEC, https://data.bls.gov/timeseries/CMU3030000000000P","Employer cost per hour worked / % of total compensation; Qtr1=March, Qtr2=June, Qtr3=Sept, Qtr4=Dec reference periods. NAICS-based series start 2004 Q1."
CMU3030000000000P,state and local government,benefits,pct_total_comp,2022,3,38.1,"BLS ECEC, https://data.bls.gov/timeseries/CMU3030000000000P","Employer cost per hour worked / % of total compensation; Qtr1=March, Qtr2=June, Qtr3=Sept, Qtr4=Dec reference periods. NAICS-based series start 2004 Q1."
CMU3030000000000P,state and local government,benefits,pct_total_comp,2022,4,38.0,"BLS ECEC, https://data.bls.gov/timeseries/CMU3030000000000P","Employer cost per hour worked / % of total compensation; Qtr1=March, Qtr2=June, Qtr3=Sept, Qtr4=Dec reference periods. NAICS-based series start 2004 Q1."
CMU3030000000000P,state and local government,benefits,pct_total_comp,2023,1,38.2,"BLS ECEC, https://data.bls.gov/timeseries/CMU3030000000000P","Employer cost per hour worked / % of total compensation; Qtr1=March, Qtr2=June, Qtr3=Sept, Qtr4=Dec reference periods. NAICS-based series start 2004 Q1."
CMU3030000000000P,state and local government,benefits,pct_total_comp,2023,2,38.4,"BLS ECEC, https://data.bls.gov/timeseries/CMU3030000000000P","Employer cost per hour worked / % of total compensation; Qtr1=March, Qtr2=June, Qtr3=Sept, Qtr4=Dec reference periods. NAICS-based series start 2004 Q1."
CMU3030000000000P,state and local government,benefits,pct_total_comp,2023,3,38.1,"BLS ECEC, https://data.bls.gov/timeseries/CMU3030000000000P","Employer cost per hour worked / % of total compensation; Qtr1=March, Qtr2=June, Qtr3=Sept, Qtr4=Dec reference periods. NAICS-based series start 2004 Q1."
CMU3030000000000P,state and local government,benefits,pct_total_comp,2023,4,38.0,"BLS ECEC, https://data.bls.gov/timeseries/CMU3030000000000P","Employer cost per hour worked / % of total compensation; Qtr1=March, Qtr2=June, Qtr3=Sept, Qtr4=Dec reference periods. NAICS-based series start 2004 Q1."
CMU3030000000000P,state and local government,benefits,pct_total_comp,2024,1,38.1,"BLS ECEC, https://data.bls.gov/timeseries/CMU3030000000000P","Employer cost per hour worked / % of total compensation; Qtr1=March, Qtr2=June, Qtr3=Sept, Qtr4=Dec reference periods. NAICS-based series start 2004 Q1."
CMU3030000000000P,state and local government,benefits,pct_total_comp,2024,2,38.4,"BLS ECEC, https://data.bls.gov/timeseries/CMU3030000000000P","Employer cost per hour worked / % of total compensation; Qtr1=March, Qtr2=June, Qtr3=Sept, Qtr4=Dec reference periods. NAICS-based series start 2004 Q1."
CMU3030000000000P,state and local government,benefits,pct_total_comp,2024,3,38.2,"BLS ECEC, https://data.bls.gov/timeseries/CMU3030000000000P","Employer cost per hour worked / % of total compensation; Qtr1=March, Qtr2=June, Qtr3=Sept, Qtr4=Dec reference periods. NAICS-based series start 2004 Q1."
CMU3030000000000P,state and local government,benefits,pct_total_comp,2024,4,38.2,"BLS ECEC, https://data.bls.gov/timeseries/CMU3030000000000P","Employer cost per hour worked / % of total compensation; Qtr1=March, Qtr2=June, Qtr3=Sept, Qtr4=Dec reference periods. NAICS-based series start 2004 Q1."
CMU3030000000000P,state and local government,benefits,pct_total_comp,2025,1,38.4,"BLS ECEC, https://data.bls.gov/timeseries/CMU3030000000000P","Employer cost per hour worked / % of total compensation; Qtr1=March, Qtr2=June, Qtr3=Sept, Qtr4=Dec reference periods. NAICS-based series start 2004 Q1."
CMU3030000000000P,state and local government,benefits,pct_total_comp,2025,2,38.5,"BLS ECEC, https://data.bls.gov/timeseries/CMU3030000000000P","Employer cost per hour worked / % of total compensation; Qtr1=March, Qtr2=June, Qtr3=Sept, Qtr4=Dec reference periods. NAICS-based series start 2004 Q1."
CMU3030000000000P,state and local government,benefits,pct_total_comp,2025,3,38.4,"BLS ECEC, https://data.bls.gov/timeseries/CMU3030000000000P","Employer cost per hour worked / % of total compensation; Qtr1=March, Qtr2=June, Qtr3=Sept, Qtr4=Dec reference periods. NAICS-based series start 2004 Q1."
CMU3030000000000P,state and local government,benefits,pct_total_comp,2025,4,38.3,"BLS ECEC, https://data.bls.gov/timeseries/CMU3030000000000P","Employer cost per hour worked / % of total compensation; Qtr1=March, Qtr2=June, Qtr3=Sept, Qtr4=Dec reference periods. NAICS-based series start 2004 Q1."
CMU3030000000000P,state and local government,benefits,pct_total_comp,2026,1,38.5,"BLS ECEC, https://data.bls.gov/timeseries/CMU3030000000000P","Employer cost per hour worked / % of total compensation; Qtr1=March, Qtr2=June, Qtr3=Sept, Qtr4=Dec reference periods. NAICS-based series start 2004 Q1."
CMU3030000000000P,state and local government,benefits,pct_total_comp,2026,2,38.8,"BLS ECEC, https://data.bls.gov/timeseries/CMU3030000000000P","Employer cost per hour worked / % of total compensation; Qtr1=March, Qtr2=June, Qtr3=Sept, Qtr4=Dec reference periods. NAICS-based series start 2004 Q1."
CMU3180000000000D,state and local government,retirement,cost_per_hour_usd,2004,1,2.07,"BLS ECEC, https://data.bls.gov/timeseries/CMU3180000000000D","Employer cost per hour worked / % of total compensation; Qtr1=March, Qtr2=June, Qtr3=Sept, Qtr4=Dec reference periods. NAICS-based series start 2004 Q1."
CMU3180000000000D,state and local government,retirement,cost_per_hour_usd,2004,2,2.12,"BLS ECEC, https://data.bls.gov/timeseries/CMU3180000000000D","Employer cost per hour worked / % of total compensation; Qtr1=March, Qtr2=June, Qtr3=Sept, Qtr4=Dec reference periods. NAICS-based series start 2004 Q1."
CMU3180000000000D,state and local government,retirement,cost_per_hour_usd,2004,3,2.23,"BLS ECEC, https://data.bls.gov/timeseries/CMU3180000000000D","Employer cost per hour worked / % of total compensation; Qtr1=March, Qtr2=June, Qtr3=Sept, Qtr4=Dec reference periods. NAICS-based series start 2004 Q1."
CMU3180000000000D,state and local government,retirement,cost_per_hour_usd,2004,4,2.28,"BLS ECEC, https://data.bls.gov/timeseries/CMU3180000000000D","Employer cost per hour worked / % of total compensation; Qtr1=March, Qtr2=June, Qtr3=Sept, Qtr4=Dec reference periods. NAICS-based series start 2004 Q1."
CMU3180000000000D,state and local government,retirement,cost_per_hour_usd,2005,1,2.34,"BLS ECEC, https://data.bls.gov/timeseries/CMU3180000000000D","Employer cost per hour worked / % of total compensation; Qtr1=March, Qtr2=June, Qtr3=Sept, Qtr4=Dec reference periods. NAICS-based series start 2004 Q1."
CMU3180000000000D,state and local government,retirement,cost_per_hour_usd,2005,2,2.33,"BLS ECEC, https://data.bls.gov/timeseries/CMU3180000000000D","Employer cost per hour worked / % of total compensation; Qtr1=March, Qtr2=June, Qtr3=Sept, Qtr4=Dec reference periods. NAICS-based series start 2004 Q1."
CMU3180000000000D,state and local government,retirement,cost_per_hour_usd,2005,3,2.48,"BLS ECEC, https://data.bls.gov/timeseries/CMU3180000000000D","Employer cost per hour worked / % of total compensation; Qtr1=March, Qtr2=June, Qtr3=Sept, Qtr4=Dec reference periods. NAICS-based series start 2004 Q1."
CMU3180000000000D,state and local government,retirement,cost_per_hour_usd,2005,4,2.51,"BLS ECEC, https://data.bls.gov/timeseries/CMU3180000000000D","Employer cost per hour worked / % of total compensation; Qtr1=March, Qtr2=June, Qtr3=Sept, Qtr4=Dec reference periods. NAICS-based series start 2004 Q1."
CMU3180000000000D,state and local government,retirement,cost_per_hour_usd,2006,1,2.54,"BLS ECEC, https://data.bls.gov/timeseries/CMU3180000000000D","Employer cost per hour worked / % of total compensation; Qtr1=March, Qtr2=June, Qtr3=Sept, Qtr4=Dec reference periods. NAICS-based series start 2004 Q1."
CMU3180000000000D,state and local government,retirement,cost_per_hour_usd,2006,2,2.56,"BLS ECEC, https://data.bls.gov/timeseries/CMU3180000000000D","Employer cost per hour worked / % of total compensation; Qtr1=March, Qtr2=June, Qtr3=Sept, Qtr4=Dec reference periods. NAICS-based series start 2004 Q1."
CMU3180000000000D,state and local government,retirement,cost_per_hour_usd,2006,3,2.68,"BLS ECEC, https://data.bls.gov/timeseries/CMU3180000000000D","Employer cost per hour worked / % of total compensation; Qtr1=March, Qtr2=June, Qtr3=Sept, Qtr4=Dec reference periods. NAICS-based series start 2004 Q1."
CMU3180000000000D,state and local government,retirement,cost_per_hour_usd,2006,4,2.75,"BLS ECEC, https://data.bls.gov/timeseries/CMU3180000000000D","Employer cost per hour worked / % of total compensation; Qtr1=March, Qtr2=June, Qtr3=Sept, Qtr4=Dec reference periods. NAICS-based series start 2004 Q1."
CMU3180000000000D,state and local government,retirement,cost_per_hour_usd,2007,1,2.82,"BLS ECEC, https://data.bls.gov/timeseries/CMU3180000000000D","Employer cost per hour worked / % of total compensation; Qtr1=March, Qtr2=June, Qtr3=Sept, Qtr4=Dec reference periods. NAICS-based series start 2004 Q1."
CMU3180000000000D,state and local government,retirement,cost_per_hour_usd,2007,2,2.86,"BLS ECEC, https://data.bls.gov/timeseries/CMU3180000000000D","Employer cost per hour worked / % of total compensation; Qtr1=March, Qtr2=June, Qtr3=Sept, Qtr4=Dec reference periods. NAICS-based series start 2004 Q1."
CMU3180000000000D,state and local government,retirement,cost_per_hour_usd,2007,3,3.04,"BLS ECEC, https://data.bls.gov/timeseries/CMU3180000000000D","Employer cost per hour worked / % of total compensation; Qtr1=March, Qtr2=June, Qtr3=Sept, Qtr4=Dec reference periods. NAICS-based series start 2004 Q1."
CMU3180000000000D,state and local government,retirement,cost_per_hour_usd,2007,4,2.86,"BLS ECEC, https://data.bls.gov/timeseries/CMU3180000000000D","Employer cost per hour worked / % of total compensation; Qtr1=March, Qtr2=June, Qtr3=Sept, Qtr4=Dec reference periods. NAICS-based series start 2004 Q1."
CMU3180000000000D,state and local government,retirement,cost_per_hour_usd,2008,1,2.87,"BLS ECEC, https://data.bls.gov/timeseries/CMU3180000000000D","Employer cost per hour worked / % of total compensation; Qtr1=March, Qtr2=June, Qtr3=Sept, Qtr4=Dec reference periods. NAICS-based series start 2004 Q1."
CMU3180000000000D,state and local government,retirement,cost_per_hour_usd,2008,2,2.97,"BLS ECEC, https://data.bls.gov/timeseries/CMU3180000000000D","Employer cost per hour worked / % of total compensation; Qtr1=March, Qtr2=June, Qtr3=Sept, Qtr4=Dec reference periods. NAICS-based series start 2004 Q1."
CMU3180000000000D,state and local government,retirement,cost_per_hour_usd,2008,3,3.09,"BLS ECEC, https://data.bls.gov/timeseries/CMU3180000000000D","Employer cost per hour worked / % of total compensation; Qtr1=March, Qtr2=June, Qtr3=Sept, Qtr4=Dec reference periods. NAICS-based series start 2004 Q1."
CMU3180000000000D,state and local government,retirement,cost_per_hour_usd,2008,4,3.07,"BLS ECEC, https://data.bls.gov/timeseries/CMU3180000000000D","Employer cost per hour worked / % of total compensation; Qtr1=March, Qtr2=June, Qtr3=Sept, Qtr4=Dec reference periods. NAICS-based series start 2004 Q1."
CMU3180000000000D,state and local government,retirement,cost_per_hour_usd,2009,1,3.14,"BLS ECEC, https://data.bls.gov/timeseries/CMU3180000000000D","Employer cost per hour worked / % of total compensation; Qtr1=March, Qtr2=June, Qtr3=Sept, Qtr4=Dec reference periods. NAICS-based series start 2004 Q1."
CMU3180000000000D,state and local government,retirement,cost_per_hour_usd,2009,2,3.17,"BLS ECEC, https://data.bls.gov/timeseries/CMU3180000000000D","Employer cost per hour worked / % of total compensation; Qtr1=March, Qtr2=June, Qtr3=Sept, Qtr4=Dec reference periods. NAICS-based series start 2004 Q1."
CMU3180000000000D,state and local government,retirement,cost_per_hour_usd,2009,3,3.23,"BLS ECEC, https://data.bls.gov/timeseries/CMU3180000000000D","Employer cost per hour worked / % of total compensation; Qtr1=March, Qtr2=June, Qtr3=Sept, Qtr4=Dec reference periods. NAICS-based series start 2004 Q1."
CMU3180000000000D,state and local government,retirement,cost_per_hour_usd,2009,4,3.19,"BLS ECEC, https://data.bls.gov/timeseries/CMU3180000000000D","Employer cost per hour worked / % of total compensation; Qtr1=March, Qtr2=June, Qtr3=Sept, Qtr4=Dec reference periods. NAICS-based series start 2004 Q1."
CMU3180000000000D,state and local government,retirement,cost_per_hour_usd,2010,1,3.16,"BLS ECEC, https://data.bls.gov/timeseries/CMU3180000000000D","Employer cost per hour worked / % of total compensation; Qtr1=March, Qtr2=June, Qtr3=Sept, Qtr4=Dec reference periods. NAICS-based series start 2004 Q1."
CMU3180000000000D,state and local government,retirement,cost_per_hour_usd,2010,2,3.17,"BLS ECEC, https://data.bls.gov/timeseries/CMU3180000000000D","Employer cost per hour worked / % of total compensation; Qtr1=March, Qtr2=June, Qtr3=Sept, Qtr4=Dec reference periods. NAICS-based series start 2004 Q1."
CMU3180000000000D,state and local government,retirement,cost_per_hour_usd,2010,3,3.26,"BLS ECEC, https://data.bls.gov/timeseries/CMU3180000000000D","Employer cost per hour worked / % of total compensation; Qtr1=March, Qtr2=June, Qtr3=Sept, Qtr4=Dec reference periods. NAICS-based series start 2004 Q1."
CMU3180000000000D,state and local government,retirement,cost_per_hour_usd,2010,4,3.27,"BLS ECEC, https://data.bls.gov/timeseries/CMU3180000000000D","Employer cost per hour worked / % of total compensation; Qtr1=March, Qtr2=June, Qtr3=Sept, Qtr4=Dec reference periods. NAICS-based series start 2004 Q1."
CMU3180000000000D,state and local government,retirement,cost_per_hour_usd,2011,1,3.32,"BLS ECEC, https://data.bls.gov/timeseries/CMU3180000000000D","Employer cost per hour worked / % of total compensation; Qtr1=March, Qtr2=June, Qtr3=Sept, Qtr4=Dec reference periods. NAICS-based series start 2004 Q1."
CMU3180000000000D,state and local government,retirement,cost_per_hour_usd,2011,2,3.32,"BLS ECEC, https://data.bls.gov/timeseries/CMU3180000000000D","Employer cost per hour worked / % of total compensation; Qtr1=March, Qtr2=June, Qtr3=Sept, Qtr4=Dec reference periods. NAICS-based series start 2004 Q1."
CMU3180000000000D,state and local government,retirement,cost_per_hour_usd,2011,3,3.42,"BLS ECEC, https://data.bls.gov/timeseries/CMU3180000000000D","Employer cost per hour worked / % of total compensation; Qtr1=March, Qtr2=June, Qtr3=Sept, Qtr4=Dec reference periods. NAICS-based series start 2004 Q1."
CMU3180000000000D,state and local government,retirement,cost_per_hour_usd,2011,4,3.41,"BLS ECEC, https://data.bls.gov/timeseries/CMU3180000000000D","Employer cost per hour worked / % of total compensation; Qtr1=March, Qtr2=June, Qtr3=Sept, Qtr4=Dec reference periods. NAICS-based series start 2004 Q1."
CMU3180000000000D,state and local government,retirement,cost_per_hour_usd,2012,1,3.49,"BLS ECEC, https://data.bls.gov/timeseries/CMU3180000000000D","Employer cost per hour worked / % of total compensation; Qtr1=March, Qtr2=June, Qtr3=Sept, Qtr4=Dec reference periods. NAICS-based series start 2004 Q1."
CMU3180000000000D,state and local government,retirement,cost_per_hour_usd,2012,2,3.51,"BLS ECEC, https://data.bls.gov/timeseries/CMU3180000000000D","Employer cost per hour worked / % of total compensation; Qtr1=March, Qtr2=June, Qtr3=Sept, Qtr4=Dec reference periods. NAICS-based series start 2004 Q1."
CMU3180000000000D,state and local government,retirement,cost_per_hour_usd,2012,3,3.68,"BLS ECEC, https://data.bls.gov/timeseries/CMU3180000000000D","Employer cost per hour worked / % of total compensation; Qtr1=March, Qtr2=June, Qtr3=Sept, Qtr4=Dec reference periods. NAICS-based series start 2004 Q1."
CMU3180000000000D,state and local government,retirement,cost_per_hour_usd,2012,4,3.71,"BLS ECEC, https://data.bls.gov/timeseries/CMU3180000000000D","Employer cost per hour worked / % of total compensation; Qtr1=March, Qtr2=June, Qtr3=Sept, Qtr4=Dec reference periods. NAICS-based series start 2004 Q1."
CMU3180000000000D,state and local government,retirement,cost_per_hour_usd,2013,1,3.78,"BLS ECEC, https://data.bls.gov/timeseries/CMU3180000000000D","Employer cost per hour worked / % of total compensation; Qtr1=March, Qtr2=June, Qtr3=Sept, Qtr4=Dec reference periods. NAICS-based series start 2004 Q1."
CMU3180000000000D,state and local government,retirement,cost_per_hour_usd,2013,2,3.81,"BLS ECEC, https://data.bls.gov/timeseries/CMU3180000000000D","Employer cost per hour worked / % of total compensation; Qtr1=March, Qtr2=June, Qtr3=Sept, Qtr4=Dec reference periods. NAICS-based series start 2004 Q1."
CMU3180000000000D,state and local government,retirement,cost_per_hour_usd,2013,3,3.97,"BLS ECEC, https://data.bls.gov/timeseries/CMU3180000000000D","Employer cost per hour worked / % of total compensation; Qtr1=March, Qtr2=June, Qtr3=Sept, Qtr4=Dec reference periods. NAICS-based series start 2004 Q1."
CMU3180000000000D,state and local government,retirement,cost_per_hour_usd,2013,4,4.03,"BLS ECEC, https://data.bls.gov/timeseries/CMU3180000000000D","Employer cost per hour worked / % of total compensation; Qtr1=March, Qtr2=June, Qtr3=Sept, Qtr4=Dec reference periods. NAICS-based series start 2004 Q1."
CMU3180000000000D,state and local government,retirement,cost_per_hour_usd,2014,1,4.16,"BLS ECEC, https://data.bls.gov/timeseries/CMU3180000000000D","Employer cost per hour worked / % of total compensation; Qtr1=March, Qtr2=June, Qtr3=Sept, Qtr4=Dec reference periods. NAICS-based series start 2004 Q1."
CMU3180000000000D,state and local government,retirement,cost_per_hour_usd,2014,2,4.25,"BLS ECEC, https://data.bls.gov/timeseries/CMU3180000000000D","Employer cost per hour worked / % of total compensation; Qtr1=March, Qtr2=June, Qtr3=Sept, Qtr4=Dec reference periods. NAICS-based series start 2004 Q1."
CMU3180000000000D,state and local government,retirement,cost_per_hour_usd,2014,3,4.34,"BLS ECEC, https://data.bls.gov/timeseries/CMU3180000000000D","Employer cost per hour worked / % of total compensation; Qtr1=March, Qtr2=June, Qtr3=Sept, Qtr4=Dec reference periods. NAICS-based series start 2004 Q1."
CMU3180000000000D,state and local government,retirement,cost_per_hour_usd,2014,4,4.42,"BLS ECEC, https://data.bls.gov/timeseries/CMU3180000000000D","Employer cost per hour worked / % of total compensation; Qtr1=March, Qtr2=June, Qtr3=Sept, Qtr4=Dec reference periods. NAICS-based series start 2004 Q1."
CMU3180000000000D,state and local government,retirement,cost_per_hour_usd,2015,1,4.49,"BLS ECEC, https://data.bls.gov/timeseries/CMU3180000000000D","Employer cost per hour worked / % of total compensation; Qtr1=March, Qtr2=June, Qtr3=Sept, Qtr4=Dec reference periods. NAICS-based series start 2004 Q1."
CMU3180000000000D,state and local government,retirement,cost_per_hour_usd,2015,2,4.51,"BLS ECEC, https://data.bls.gov/timeseries/CMU3180000000000D","Employer cost per hour worked / % of total compensation; Qtr1=March, Qtr2=June, Qtr3=Sept, Qtr4=Dec reference periods. NAICS-based series start 2004 Q1."
CMU3180000000000D,state and local government,retirement,cost_per_hour_usd,2015,3,4.63,"BLS ECEC, https://data.bls.gov/timeseries/CMU3180000000000D","Employer cost per hour worked / % of total compensation; Qtr1=March, Qtr2=June, Qtr3=Sept, Qtr4=Dec reference periods. NAICS-based series start 2004 Q1."
CMU3180000000000D,state and local government,retirement,cost_per_hour_usd,2015,4,4.78,"BLS ECEC, https://data.bls.gov/timeseries/CMU3180000000000D","Employer cost per hour worked / % of total compensation; Qtr1=March, Qtr2=June, Qtr3=Sept, Qtr4=Dec reference periods. NAICS-based series start 2004 Q1."
CMU3180000000000D,state and local government,retirement,cost_per_hour_usd,2016,1,4.8,"BLS ECEC, https://data.bls.gov/timeseries/CMU3180000000000D","Employer cost per hour worked / % of total compensation; Qtr1=March, Qtr2=June, Qtr3=Sept, Qtr4=Dec reference periods. NAICS-based series start 2004 Q1."
CMU3180000000000D,state and local government,retirement,cost_per_hour_usd,2016,2,4.8,"BLS ECEC, https://data.bls.gov/timeseries/CMU3180000000000D","Employer cost per hour worked / % of total compensation; Qtr1=March, Qtr2=June, Qtr3=Sept, Qtr4=Dec reference periods. NAICS-based series start 2004 Q1."
CMU3180000000000D,state and local government,retirement,cost_per_hour_usd,2016,3,4.98,"BLS ECEC, https://data.bls.gov/timeseries/CMU3180000000000D","Employer cost per hour worked / % of total compensation; Qtr1=March, Qtr2=June, Qtr3=Sept, Qtr4=Dec reference periods. NAICS-based series start 2004 Q1."
CMU3180000000000D,state and local government,retirement,cost_per_hour_usd,2016,4,5.33,"BLS ECEC, https://data.bls.gov/timeseries/CMU3180000000000D","Employer cost per hour worked / % of total compensation; Qtr1=March, Qtr2=June, Qtr3=Sept, Qtr4=Dec reference periods. NAICS-based series start 2004 Q1."
CMU3180000000000D,state and local government,retirement,cost_per_hour_usd,2017,1,5.4,"BLS ECEC, https://data.bls.gov/timeseries/CMU3180000000000D","Employer cost per hour worked / % of total compensation; Qtr1=March, Qtr2=June, Qtr3=Sept, Qtr4=Dec reference periods. NAICS-based series start 2004 Q1."
CMU3180000000000D,state and local government,retirement,cost_per_hour_usd,2017,2,5.42,"BLS ECEC, https://data.bls.gov/timeseries/CMU3180000000000D","Employer cost per hour worked / % of total compensation; Qtr1=March, Qtr2=June, Qtr3=Sept, Qtr4=Dec reference periods. NAICS-based series start 2004 Q1."
CMU3180000000000D,state and local government,retirement,cost_per_hour_usd,2017,3,5.56,"BLS ECEC, https://data.bls.gov/timeseries/CMU3180000000000D","Employer cost per hour worked / % of total compensation; Qtr1=March, Qtr2=June, Qtr3=Sept, Qtr4=Dec reference periods. NAICS-based series start 2004 Q1."
CMU3180000000000D,state and local government,retirement,cost_per_hour_usd,2017,4,5.65,"BLS ECEC, https://data.bls.gov/timeseries/CMU3180000000000D","Employer cost per hour worked / % of total compensation; Qtr1=March, Qtr2=June, Qtr3=Sept, Qtr4=Dec reference periods. NAICS-based series start 2004 Q1."
CMU3180000000000D,state and local government,retirement,cost_per_hour_usd,2018,1,5.68,"BLS ECEC, https://data.bls.gov/timeseries/CMU3180000000000D","Employer cost per hour worked / % of total compensation; Qtr1=March, Qtr2=June, Qtr3=Sept, Qtr4=Dec reference periods. NAICS-based series start 2004 Q1."
CMU3180000000000D,state and local government,retirement,cost_per_hour_usd,2018,2,5.68,"BLS ECEC, https://data.bls.gov/timeseries/CMU3180000000000D","Employer cost per hour worked / % of total compensation; Qtr1=March, Qtr2=June, Qtr3=Sept, Qtr4=Dec reference periods. NAICS-based series start 2004 Q1."
CMU3180000000000D,state and local government,retirement,cost_per_hour_usd,2018,3,5.82,"BLS ECEC, https://data.bls.gov/timeseries/CMU3180000000000D","Employer cost per hour worked / % of total compensation; Qtr1=March, Qtr2=June, Qtr3=Sept, Qtr4=Dec reference periods. NAICS-based series start 2004 Q1."
CMU3180000000000D,state and local government,retirement,cost_per_hour_usd,2018,4,5.95,"BLS ECEC, https://data.bls.gov/timeseries/CMU3180000000000D","Employer cost per hour worked / % of total compensation; Qtr1=March, Qtr2=June, Qtr3=Sept, Qtr4=Dec reference periods. NAICS-based series start 2004 Q1."
CMU3180000000000D,state and local government,retirement,cost_per_hour_usd,2019,1,6.0,"BLS ECEC, https://data.bls.gov/timeseries/CMU3180000000000D","Employer cost per hour worked / % of total compensation; Qtr1=March, Qtr2=June, Qtr3=Sept, Qtr4=Dec reference periods. NAICS-based series start 2004 Q1."
CMU3180000000000D,state and local government,retirement,cost_per_hour_usd,2019,2,6.04,"BLS ECEC, https://data.bls.gov/timeseries/CMU3180000000000D","Employer cost per hour worked / % of total compensation; Qtr1=March, Qtr2=June, Qtr3=Sept, Qtr4=Dec reference periods. NAICS-based series start 2004 Q1."
CMU3180000000000D,state and local government,retirement,cost_per_hour_usd,2019,3,6.17,"BLS ECEC, https://data.bls.gov/timeseries/CMU3180000000000D","Employer cost per hour worked / % of total compensation; Qtr1=March, Qtr2=June, Qtr3=Sept, Qtr4=Dec reference periods. NAICS-based series start 2004 Q1."
CMU3180000000000D,state and local government,retirement,cost_per_hour_usd,2019,4,6.3,"BLS ECEC, https://data.bls.gov/timeseries/CMU3180000000000D","Employer cost per hour worked / % of total compensation; Qtr1=March, Qtr2=June, Qtr3=Sept, Qtr4=Dec reference periods. NAICS-based series start 2004 Q1."
CMU3180000000000D,state and local government,retirement,cost_per_hour_usd,2020,1,6.39,"BLS ECEC, https://data.bls.gov/timeseries/CMU3180000000000D","Employer cost per hour worked / % of total compensation; Qtr1=March, Qtr2=June, Qtr3=Sept, Qtr4=Dec reference periods. NAICS-based series start 2004 Q1."
CMU3180000000000D,state and local government,retirement,cost_per_hour_usd,2020,2,6.41,"BLS ECEC, https://data.bls.gov/timeseries/CMU3180000000000D","Employer cost per hour worked / % of total compensation; Qtr1=March, Qtr2=June, Qtr3=Sept, Qtr4=Dec reference periods. NAICS-based series start 2004 Q1."
CMU3180000000000D,state and local government,retirement,cost_per_hour_usd,2020,3,6.56,"BLS ECEC, https://data.bls.gov/timeseries/CMU3180000000000D","Employer cost per hour worked / % of total compensation; Qtr1=March, Qtr2=June, Qtr3=Sept, Qtr4=Dec reference periods. NAICS-based series start 2004 Q1."
CMU3180000000000D,state and local government,retirement,cost_per_hour_usd,2020,4,6.65,"BLS ECEC, https://data.bls.gov/timeseries/CMU3180000000000D","Employer cost per hour worked / % of total compensation; Qtr1=March, Qtr2=June, Qtr3=Sept, Qtr4=Dec reference periods. NAICS-based series start 2004 Q1."
CMU3180000000000D,state and local government,retirement,cost_per_hour_usd,2021,1,6.72,"BLS ECEC, https://data.bls.gov/timeseries/CMU3180000000000D","Employer cost per hour worked / % of total compensation; Qtr1=March, Qtr2=June, Qtr3=Sept, Qtr4=Dec reference periods. NAICS-based series start 2004 Q1."
CMU3180000000000D,state and local government,retirement,cost_per_hour_usd,2021,2,6.74,"BLS ECEC, https://data.bls.gov/timeseries/CMU3180000000000D","Employer cost per hour worked / % of total compensation; Qtr1=March, Qtr2=June, Qtr3=Sept, Qtr4=Dec reference periods. NAICS-based series start 2004 Q1."
CMU3180000000000D,state and local government,retirement,cost_per_hour_usd,2021,3,6.88,"BLS ECEC, https://data.bls.gov/timeseries/CMU3180000000000D","Employer cost per hour worked / % of total compensation; Qtr1=March, Qtr2=June, Qtr3=Sept, Qtr4=Dec reference periods. NAICS-based series start 2004 Q1."
CMU3180000000000D,state and local government,retirement,cost_per_hour_usd,2021,4,6.97,"BLS ECEC, https://data.bls.gov/timeseries/CMU3180000000000D","Employer cost per hour worked / % of total compensation; Qtr1=March, Qtr2=June, Qtr3=Sept, Qtr4=Dec reference periods. NAICS-based series start 2004 Q1."
CMU3180000000000D,state and local government,retirement,cost_per_hour_usd,2022,1,7.11,"BLS ECEC, https://data.bls.gov/timeseries/CMU3180000000000D","Employer cost per hour worked / % of total compensation; Qtr1=March, Qtr2=June, Qtr3=Sept, Qtr4=Dec reference periods. NAICS-based series start 2004 Q1."
CMU3180000000000D,state and local government,retirement,cost_per_hour_usd,2022,2,7.11,"BLS ECEC, https://data.bls.gov/timeseries/CMU3180000000000D","Employer cost per hour worked / % of total compensation; Qtr1=March, Qtr2=June, Qtr3=Sept, Qtr4=Dec reference periods. NAICS-based series start 2004 Q1."
CMU3180000000000D,state and local government,retirement,cost_per_hour_usd,2022,3,7.34,"BLS ECEC, https://data.bls.gov/timeseries/CMU3180000000000D","Employer cost per hour worked / % of total compensation; Qtr1=March, Qtr2=June, Qtr3=Sept, Qtr4=Dec reference periods. NAICS-based series start 2004 Q1."
CMU3180000000000D,state and local government,retirement,cost_per_hour_usd,2022,4,7.48,"BLS ECEC, https://data.bls.gov/timeseries/CMU3180000000000D","Employer cost per hour worked / % of total compensation; Qtr1=March, Qtr2=June, Qtr3=Sept, Qtr4=Dec reference periods. NAICS-based series start 2004 Q1."
CMU3180000000000D,state and local government,retirement,cost_per_hour_usd,2023,1,7.69,"BLS ECEC, https://data.bls.gov/timeseries/CMU3180000000000D","Employer cost per hour worked / % of total compensation; Qtr1=March, Qtr2=June, Qtr3=Sept, Qtr4=Dec reference periods. NAICS-based series start 2004 Q1."
CMU3180000000000D,state and local government,retirement,cost_per_hour_usd,2023,2,7.73,"BLS ECEC, https://data.bls.gov/timeseries/CMU3180000000000D","Employer cost per hour worked / % of total compensation; Qtr1=March, Qtr2=June, Qtr3=Sept, Qtr4=Dec reference periods. NAICS-based series start 2004 Q1."
CMU3180000000000D,state and local government,retirement,cost_per_hour_usd,2023,3,7.93,"BLS ECEC, https://data.bls.gov/timeseries/CMU3180000000000D","Employer cost per hour worked / % of total compensation; Qtr1=March, Qtr2=June, Qtr3=Sept, Qtr4=Dec reference periods. NAICS-based series start 2004 Q1."
CMU3180000000000D,state and local government,retirement,cost_per_hour_usd,2023,4,8.07,"BLS ECEC, https://data.bls.gov/timeseries/CMU3180000000000D","Employer cost per hour worked / % of total compensation; Qtr1=March, Qtr2=June, Qtr3=Sept, Qtr4=Dec reference periods. NAICS-based series start 2004 Q1."
CMU3180000000000D,state and local government,retirement,cost_per_hour_usd,2024,1,8.14,"BLS ECEC, https://data.bls.gov/timeseries/CMU3180000000000D","Employer cost per hour worked / % of total compensation; Qtr1=March, Qtr2=June, Qtr3=Sept, Qtr4=Dec reference periods. NAICS-based series start 2004 Q1."
CMU3180000000000D,state and local government,retirement,cost_per_hour_usd,2024,2,8.19,"BLS ECEC, https://data.bls.gov/timeseries/CMU3180000000000D","Employer cost per hour worked / % of total compensation; Qtr1=March, Qtr2=June, Qtr3=Sept, Qtr4=Dec reference periods. NAICS-based series start 2004 Q1."
CMU3180000000000D,state and local government,retirement,cost_per_hour_usd,2024,3,8.35,"BLS ECEC, https://data.bls.gov/timeseries/CMU3180000000000D","Employer cost per hour worked / % of total compensation; Qtr1=March, Qtr2=June, Qtr3=Sept, Qtr4=Dec reference periods. NAICS-based series start 2004 Q1."
CMU3180000000000D,state and local government,retirement,cost_per_hour_usd,2024,4,8.42,"BLS ECEC, https://data.bls.gov/timeseries/CMU3180000000000D","Employer cost per hour worked / % of total compensation; Qtr1=March, Qtr2=June, Qtr3=Sept, Qtr4=Dec reference periods. NAICS-based series start 2004 Q1."
CMU3180000000000D,state and local government,retirement,cost_per_hour_usd,2025,1,8.54,"BLS ECEC, https://data.bls.gov/timeseries/CMU3180000000000D","Employer cost per hour worked / % of total compensation; Qtr1=March, Qtr2=June, Qtr3=Sept, Qtr4=Dec reference periods. NAICS-based series start 2004 Q1."
CMU3180000000000D,state and local government,retirement,cost_per_hour_usd,2025,2,8.5,"BLS ECEC, https://data.bls.gov/timeseries/CMU3180000000000D","Employer cost per hour worked / % of total compensation; Qtr1=March, Qtr2=June, Qtr3=Sept, Qtr4=Dec reference periods. NAICS-based series start 2004 Q1."
CMU3180000000000D,state and local government,retirement,cost_per_hour_usd,2025,3,8.63,"BLS ECEC, https://data.bls.gov/timeseries/CMU3180000000000D","Employer cost per hour worked / % of total compensation; Qtr1=March, Qtr2=June, Qtr3=Sept, Qtr4=Dec reference periods. NAICS-based series start 2004 Q1."
CMU3180000000000D,state and local government,retirement,cost_per_hour_usd,2025,4,8.69,"BLS ECEC, https://data.bls.gov/timeseries/CMU3180000000000D","Employer cost per hour worked / % of total compensation; Qtr1=March, Qtr2=June, Qtr3=Sept, Qtr4=Dec reference periods. NAICS-based series start 2004 Q1."
CMU3180000000000D,state and local government,retirement,cost_per_hour_usd,2026,1,8.83,"BLS ECEC, https://data.bls.gov/timeseries/CMU3180000000000D","Employer cost per hour worked / % of total compensation; Qtr1=March, Qtr2=June, Qtr3=Sept, Qtr4=Dec reference periods. NAICS-based series start 2004 Q1."
CMU3180000000000D,state and local government,retirement,cost_per_hour_usd,2026,2,8.85,"BLS ECEC, https://data.bls.gov/timeseries/CMU3180000000000D","Employer cost per hour worked / % of total compensation; Qtr1=March, Qtr2=June, Qtr3=Sept, Qtr4=Dec reference periods. NAICS-based series start 2004 Q1."
CMU3180000000000P,state and local government,retirement,pct_total_comp,2004,1,6.1,"BLS ECEC, https://data.bls.gov/timeseries/CMU3180000000000P","Employer cost per hour worked / % of total compensation; Qtr1=March, Qtr2=June, Qtr3=Sept, Qtr4=Dec reference periods. NAICS-based series start 2004 Q1."
CMU3180000000000P,state and local government,retirement,pct_total_comp,2004,2,6.2,"BLS ECEC, https://data.bls.gov/timeseries/CMU3180000000000P","Employer cost per hour worked / % of total compensation; Qtr1=March, Qtr2=June, Qtr3=Sept, Qtr4=Dec reference periods. NAICS-based series start 2004 Q1."
CMU3180000000000P,state and local government,retirement,pct_total_comp,2004,3,6.4,"BLS ECEC, https://data.bls.gov/timeseries/CMU3180000000000P","Employer cost per hour worked / % of total compensation; Qtr1=March, Qtr2=June, Qtr3=Sept, Qtr4=Dec reference periods. NAICS-based series start 2004 Q1."
CMU3180000000000P,state and local government,retirement,pct_total_comp,2004,4,6.5,"BLS ECEC, https://data.bls.gov/timeseries/CMU3180000000000P","Employer cost per hour worked / % of total compensation; Qtr1=March, Qtr2=June, Qtr3=Sept, Qtr4=Dec reference periods. NAICS-based series start 2004 Q1."
CMU3180000000000P,state and local government,retirement,pct_total_comp,2005,1,6.6,"BLS ECEC, https://data.bls.gov/timeseries/CMU3180000000000P","Employer cost per hour worked / % of total compensation; Qtr1=March, Qtr2=June, Qtr3=Sept, Qtr4=Dec reference periods. NAICS-based series start 2004 Q1."
CMU3180000000000P,state and local government,retirement,pct_total_comp,2005,2,6.6,"BLS ECEC, https://data.bls.gov/timeseries/CMU3180000000000P","Employer cost per hour worked / % of total compensation; Qtr1=March, Qtr2=June, Qtr3=Sept, Qtr4=Dec reference periods. NAICS-based series start 2004 Q1."
CMU3180000000000P,state and local government,retirement,pct_total_comp,2005,3,6.9,"BLS ECEC, https://data.bls.gov/timeseries/CMU3180000000000P","Employer cost per hour worked / % of total compensation; Qtr1=March, Qtr2=June, Qtr3=Sept, Qtr4=Dec reference periods. NAICS-based series start 2004 Q1."
CMU3180000000000P,state and local government,retirement,pct_total_comp,2005,4,6.9,"BLS ECEC, https://data.bls.gov/timeseries/CMU3180000000000P","Employer cost per hour worked / % of total compensation; Qtr1=March, Qtr2=June, Qtr3=Sept, Qtr4=Dec reference periods. NAICS-based series start 2004 Q1."
CMU3180000000000P,state and local government,retirement,pct_total_comp,2006,1,6.9,"BLS ECEC, https://data.bls.gov/timeseries/CMU3180000000000P","Employer cost per hour worked / % of total compensation; Qtr1=March, Qtr2=June, Qtr3=Sept, Qtr4=Dec reference periods. NAICS-based series start 2004 Q1."
CMU3180000000000P,state and local government,retirement,pct_total_comp,2006,2,6.9,"BLS ECEC, https://data.bls.gov/timeseries/CMU3180000000000P","Employer cost per hour worked / % of total compensation; Qtr1=March, Qtr2=June, Qtr3=Sept, Qtr4=Dec reference periods. NAICS-based series start 2004 Q1."
CMU3180000000000P,state and local government,retirement,pct_total_comp,2006,3,7.1,"BLS ECEC, https://data.bls.gov/timeseries/CMU3180000000000P","Employer cost per hour worked / % of total compensation; Qtr1=March, Qtr2=June, Qtr3=Sept, Qtr4=Dec reference periods. NAICS-based series start 2004 Q1."
CMU3180000000000P,state and local government,retirement,pct_total_comp,2006,4,7.2,"BLS ECEC, https://data.bls.gov/timeseries/CMU3180000000000P","Employer cost per hour worked / % of total compensation; Qtr1=March, Qtr2=June, Qtr3=Sept, Qtr4=Dec reference periods. NAICS-based series start 2004 Q1."
CMU3180000000000P,state and local government,retirement,pct_total_comp,2007,1,7.3,"BLS ECEC, https://data.bls.gov/timeseries/CMU3180000000000P","Employer cost per hour worked / % of total compensation; Qtr1=March, Qtr2=June, Qtr3=Sept, Qtr4=Dec reference periods. NAICS-based series start 2004 Q1."
CMU3180000000000P,state and local government,retirement,pct_total_comp,2007,2,7.4,"BLS ECEC, https://data.bls.gov/timeseries/CMU3180000000000P","Employer cost per hour worked / % of total compensation; Qtr1=March, Qtr2=June, Qtr3=Sept, Qtr4=Dec reference periods. NAICS-based series start 2004 Q1."
CMU3180000000000P,state and local government,retirement,pct_total_comp,2007,3,7.7,"BLS ECEC, https://data.bls.gov/timeseries/CMU3180000000000P","Employer cost per hour worked / % of total compensation; Qtr1=March, Qtr2=June, Qtr3=Sept, Qtr4=Dec reference periods. NAICS-based series start 2004 Q1."
CMU3180000000000P,state and local government,retirement,pct_total_comp,2007,4,7.6,"BLS ECEC, https://data.bls.gov/timeseries/CMU3180000000000P","Employer cost per hour worked / % of total compensation; Qtr1=March, Qtr2=June, Qtr3=Sept, Qtr4=Dec reference periods. NAICS-based series start 2004 Q1."
CMU3180000000000P,state and local government,retirement,pct_total_comp,2008,1,7.6,"BLS ECEC, https://data.bls.gov/timeseries/CMU3180000000000P","Employer cost per hour worked / % of total compensation; Qtr1=March, Qtr2=June, Qtr3=Sept, Qtr4=Dec reference periods. NAICS-based series start 2004 Q1."
CMU3180000000000P,state and local government,retirement,pct_total_comp,2008,2,7.7,"BLS ECEC, https://data.bls.gov/timeseries/CMU3180000000000P","Employer cost per hour worked / % of total compensation; Qtr1=March, Qtr2=June, Qtr3=Sept, Qtr4=Dec reference periods. NAICS-based series start 2004 Q1."
CMU3180000000000P,state and local government,retirement,pct_total_comp,2008,3,7.9,"BLS ECEC, https://data.bls.gov/timeseries/CMU3180000000000P","Employer cost per hour worked / % of total compensation; Qtr1=March, Qtr2=June, Qtr3=Sept, Qtr4=Dec reference periods. NAICS-based series start 2004 Q1."
CMU3180000000000P,state and local government,retirement,pct_total_comp,2008,4,7.8,"BLS ECEC, https://data.bls.gov/timeseries/CMU3180000000000P","Employer cost per hour worked / % of total compensation; Qtr1=March, Qtr2=June, Qtr3=Sept, Qtr4=Dec reference periods. NAICS-based series start 2004 Q1."
CMU3180000000000P,state and local government,retirement,pct_total_comp,2009,1,8.0,"BLS ECEC, https://data.bls.gov/timeseries/CMU3180000000000P","Employer cost per hour worked / % of total compensation; Qtr1=March, Qtr2=June, Qtr3=Sept, Qtr4=Dec reference periods. NAICS-based series start 2004 Q1."
CMU3180000000000P,state and local government,retirement,pct_total_comp,2009,2,8.0,"BLS ECEC, https://data.bls.gov/timeseries/CMU3180000000000P","Employer cost per hour worked / % of total compensation; Qtr1=March, Qtr2=June, Qtr3=Sept, Qtr4=Dec reference periods. NAICS-based series start 2004 Q1."
CMU3180000000000P,state and local government,retirement,pct_total_comp,2009,3,8.1,"BLS ECEC, https://data.bls.gov/timeseries/CMU3180000000000P","Employer cost per hour worked / % of total compensation; Qtr1=March, Qtr2=June, Qtr3=Sept, Qtr4=Dec reference periods. NAICS-based series start 2004 Q1."
CMU3180000000000P,state and local government,retirement,pct_total_comp,2009,4,8.1,"BLS ECEC, https://data.bls.gov/timeseries/CMU3180000000000P","Employer cost per hour worked / % of total compensation; Qtr1=March, Qtr2=June, Qtr3=Sept, Qtr4=Dec reference periods. NAICS-based series start 2004 Q1."
CMU3180000000000P,state and local government,retirement,pct_total_comp,2010,1,7.9,"BLS ECEC, https://data.bls.gov/timeseries/CMU3180000000000P","Employer cost per hour worked / % of total compensation; Qtr1=March, Qtr2=June, Qtr3=Sept, Qtr4=Dec reference periods. NAICS-based series start 2004 Q1."
CMU3180000000000P,state and local government,retirement,pct_total_comp,2010,2,8.0,"BLS ECEC, https://data.bls.gov/timeseries/CMU3180000000000P","Employer cost per hour worked / % of total compensation; Qtr1=March, Qtr2=June, Qtr3=Sept, Qtr4=Dec reference periods. NAICS-based series start 2004 Q1."
CMU3180000000000P,state and local government,retirement,pct_total_comp,2010,3,8.1,"BLS ECEC, https://data.bls.gov/timeseries/CMU3180000000000P","Employer cost per hour worked / % of total compensation; Qtr1=March, Qtr2=June, Qtr3=Sept, Qtr4=Dec reference periods. NAICS-based series start 2004 Q1."
CMU3180000000000P,state and local government,retirement,pct_total_comp,2010,4,8.1,"BLS ECEC, https://data.bls.gov/timeseries/CMU3180000000000P","Employer cost per hour worked / % of total compensation; Qtr1=March, Qtr2=June, Qtr3=Sept, Qtr4=Dec reference periods. NAICS-based series start 2004 Q1."
CMU3180000000000P,state and local government,retirement,pct_total_comp,2011,1,8.2,"BLS ECEC, https://data.bls.gov/timeseries/CMU3180000000000P","Employer cost per hour worked / % of total compensation; Qtr1=March, Qtr2=June, Qtr3=Sept, Qtr4=Dec reference periods. NAICS-based series start 2004 Q1."
CMU3180000000000P,state and local government,retirement,pct_total_comp,2011,2,8.2,"BLS ECEC, https://data.bls.gov/timeseries/CMU3180000000000P","Employer cost per hour worked / % of total compensation; Qtr1=March, Qtr2=June, Qtr3=Sept, Qtr4=Dec reference periods. NAICS-based series start 2004 Q1."
CMU3180000000000P,state and local government,retirement,pct_total_comp,2011,3,8.4,"BLS ECEC, https://data.bls.gov/timeseries/CMU3180000000000P","Employer cost per hour worked / % of total compensation; Qtr1=March, Qtr2=June, Qtr3=Sept, Qtr4=Dec reference periods. NAICS-based series start 2004 Q1."
CMU3180000000000P,state and local government,retirement,pct_total_comp,2011,4,8.3,"BLS ECEC, https://data.bls.gov/timeseries/CMU3180000000000P","Employer cost per hour worked / % of total compensation; Qtr1=March, Qtr2=June, Qtr3=Sept, Qtr4=Dec reference periods. NAICS-based series start 2004 Q1."
CMU3180000000000P,state and local government,retirement,pct_total_comp,2012,1,8.5,"BLS ECEC, https://data.bls.gov/timeseries/CMU3180000000000P","Employer cost per hour worked / % of total compensation; Qtr1=March, Qtr2=June, Qtr3=Sept, Qtr4=Dec reference periods. NAICS-based series start 2004 Q1."
CMU3180000000000P,state and local government,retirement,pct_total_comp,2012,2,8.5,"BLS ECEC, https://data.bls.gov/timeseries/CMU3180000000000P","Employer cost per hour worked / % of total compensation; Qtr1=March, Qtr2=June, Qtr3=Sept, Qtr4=Dec reference periods. NAICS-based series start 2004 Q1."
CMU3180000000000P,state and local government,retirement,pct_total_comp,2012,3,8.9,"BLS ECEC, https://data.bls.gov/timeseries/CMU3180000000000P","Employer cost per hour worked / % of total compensation; Qtr1=March, Qtr2=June, Qtr3=Sept, Qtr4=Dec reference periods. NAICS-based series start 2004 Q1."
CMU3180000000000P,state and local government,retirement,pct_total_comp,2012,4,8.8,"BLS ECEC, https://data.bls.gov/timeseries/CMU3180000000000P","Employer cost per hour worked / % of total compensation; Qtr1=March, Qtr2=June, Qtr3=Sept, Qtr4=Dec reference periods. NAICS-based series start 2004 Q1."
CMU3180000000000P,state and local government,retirement,pct_total_comp,2013,1,9.0,"BLS ECEC, https://data.bls.gov/timeseries/CMU3180000000000P","Employer cost per hour worked / % of total compensation; Qtr1=March, Qtr2=June, Qtr3=Sept, Qtr4=Dec reference periods. NAICS-based series start 2004 Q1."
CMU3180000000000P,state and local government,retirement,pct_total_comp,2013,2,9.0,"BLS ECEC, https://data.bls.gov/timeseries/CMU3180000000000P","Employer cost per hour worked / % of total compensation; Qtr1=March, Qtr2=June, Qtr3=Sept, Qtr4=Dec reference periods. NAICS-based series start 2004 Q1."
CMU3180000000000P,state and local government,retirement,pct_total_comp,2013,3,9.3,"BLS ECEC, https://data.bls.gov/timeseries/CMU3180000000000P","Employer cost per hour worked / % of total compensation; Qtr1=March, Qtr2=June, Qtr3=Sept, Qtr4=Dec reference periods. NAICS-based series start 2004 Q1."
CMU3180000000000P,state and local government,retirement,pct_total_comp,2013,4,9.4,"BLS ECEC, https://data.bls.gov/timeseries/CMU3180000000000P","Employer cost per hour worked / % of total compensation; Qtr1=March, Qtr2=June, Qtr3=Sept, Qtr4=Dec reference periods. NAICS-based series start 2004 Q1."
CMU3180000000000P,state and local government,retirement,pct_total_comp,2014,1,9.6,"BLS ECEC, https://data.bls.gov/timeseries/CMU3180000000000P","Employer cost per hour worked / % of total compensation; Qtr1=March, Qtr2=June, Qtr3=Sept, Qtr4=Dec reference periods. NAICS-based series start 2004 Q1."
CMU3180000000000P,state and local government,retirement,pct_total_comp,2014,2,9.9,"BLS ECEC, https://data.bls.gov/timeseries/CMU3180000000000P","Employer cost per hour worked / % of total compensation; Qtr1=March, Qtr2=June, Qtr3=Sept, Qtr4=Dec reference periods. NAICS-based series start 2004 Q1."
CMU3180000000000P,state and local government,retirement,pct_total_comp,2014,3,10.0,"BLS ECEC, https://data.bls.gov/timeseries/CMU3180000000000P","Employer cost per hour worked / % of total compensation; Qtr1=March, Qtr2=June, Qtr3=Sept, Qtr4=Dec reference periods. NAICS-based series start 2004 Q1."
CMU3180000000000P,state and local government,retirement,pct_total_comp,2014,4,10.1,"BLS ECEC, https://data.bls.gov/timeseries/CMU3180000000000P","Employer cost per hour worked / % of total compensation; Qtr1=March, Qtr2=June, Qtr3=Sept, Qtr4=Dec reference periods. NAICS-based series start 2004 Q1."
CMU3180000000000P,state and local government,retirement,pct_total_comp,2015,1,10.2,"BLS ECEC, https://data.bls.gov/timeseries/CMU3180000000000P","Employer cost per hour worked / % of total compensation; Qtr1=March, Qtr2=June, Qtr3=Sept, Qtr4=Dec reference periods. NAICS-based series start 2004 Q1."
CMU3180000000000P,state and local government,retirement,pct_total_comp,2015,2,10.2,"BLS ECEC, https://data.bls.gov/timeseries/CMU3180000000000P","Employer cost per hour worked / % of total compensation; Qtr1=March, Qtr2=June, Qtr3=Sept, Qtr4=Dec reference periods. NAICS-based series start 2004 Q1."
CMU3180000000000P,state and local government,retirement,pct_total_comp,2015,3,10.4,"BLS ECEC, https://data.bls.gov/timeseries/CMU3180000000000P","Employer cost per hour worked / % of total compensation; Qtr1=March, Qtr2=June, Qtr3=Sept, Qtr4=Dec reference periods. NAICS-based series start 2004 Q1."
CMU3180000000000P,state and local government,retirement,pct_total_comp,2015,4,10.6,"BLS ECEC, https://data.bls.gov/timeseries/CMU3180000000000P","Employer cost per hour worked / % of total compensation; Qtr1=March, Qtr2=June, Qtr3=Sept, Qtr4=Dec reference periods. NAICS-based series start 2004 Q1."
CMU3180000000000P,state and local government,retirement,pct_total_comp,2016,1,10.6,"BLS ECEC, https://data.bls.gov/timeseries/CMU3180000000000P","Employer cost per hour worked / % of total compensation; Qtr1=March, Qtr2=June, Qtr3=Sept, Qtr4=Dec reference periods. NAICS-based series start 2004 Q1."
CMU3180000000000P,state and local government,retirement,pct_total_comp,2016,2,10.6,"BLS ECEC, https://data.bls.gov/timeseries/CMU3180000000000P","Employer cost per hour worked / % of total compensation; Qtr1=March, Qtr2=June, Qtr3=Sept, Qtr4=Dec reference periods. NAICS-based series start 2004 Q1."
CMU3180000000000P,state and local government,retirement,pct_total_comp,2016,3,10.9,"BLS ECEC, https://data.bls.gov/timeseries/CMU3180000000000P","Employer cost per hour worked / % of total compensation; Qtr1=March, Qtr2=June, Qtr3=Sept, Qtr4=Dec reference periods. NAICS-based series start 2004 Q1."
CMU3180000000000P,state and local government,retirement,pct_total_comp,2016,4,11.1,"BLS ECEC, https://data.bls.gov/timeseries/CMU3180000000000P","Employer cost per hour worked / % of total compensation; Qtr1=March, Qtr2=June, Qtr3=Sept, Qtr4=Dec reference periods. NAICS-based series start 2004 Q1."
CMU3180000000000P,state and local government,retirement,pct_total_comp,2017,1,11.2,"BLS ECEC, https://data.bls.gov/timeseries/CMU3180000000000P","Employer cost per hour worked / % of total compensation; Qtr1=March, Qtr2=June, Qtr3=Sept, Qtr4=Dec reference periods. NAICS-based series start 2004 Q1."
CMU3180000000000P,state and local government,retirement,pct_total_comp,2017,2,11.3,"BLS ECEC, https://data.bls.gov/timeseries/CMU3180000000000P","Employer cost per hour worked / % of total compensation; Qtr1=March, Qtr2=June, Qtr3=Sept, Qtr4=Dec reference periods. NAICS-based series start 2004 Q1."
CMU3180000000000P,state and local government,retirement,pct_total_comp,2017,3,11.4,"BLS ECEC, https://data.bls.gov/timeseries/CMU3180000000000P","Employer cost per hour worked / % of total compensation; Qtr1=March, Qtr2=June, Qtr3=Sept, Qtr4=Dec reference periods. NAICS-based series start 2004 Q1."
CMU3180000000000P,state and local government,retirement,pct_total_comp,2017,4,11.5,"BLS ECEC, https://data.bls.gov/timeseries/CMU3180000000000P","Employer cost per hour worked / % of total compensation; Qtr1=March, Qtr2=June, Qtr3=Sept, Qtr4=Dec reference periods. NAICS-based series start 2004 Q1."
CMU3180000000000P,state and local government,retirement,pct_total_comp,2018,1,11.5,"BLS ECEC, https://data.bls.gov/timeseries/CMU3180000000000P","Employer cost per hour worked / % of total compensation; Qtr1=March, Qtr2=June, Qtr3=Sept, Qtr4=Dec reference periods. NAICS-based series start 2004 Q1."
CMU3180000000000P,state and local government,retirement,pct_total_comp,2018,2,11.5,"BLS ECEC, https://data.bls.gov/timeseries/CMU3180000000000P","Employer cost per hour worked / % of total compensation; Qtr1=March, Qtr2=June, Qtr3=Sept, Qtr4=Dec reference periods. NAICS-based series start 2004 Q1."
CMU3180000000000P,state and local government,retirement,pct_total_comp,2018,3,11.6,"BLS ECEC, https://data.bls.gov/timeseries/CMU3180000000000P","Employer cost per hour worked / % of total compensation; Qtr1=March, Qtr2=June, Qtr3=Sept, Qtr4=Dec reference periods. NAICS-based series start 2004 Q1."
CMU3180000000000P,state and local government,retirement,pct_total_comp,2018,4,11.8,"BLS ECEC, https://data.bls.gov/timeseries/CMU3180000000000P","Employer cost per hour worked / % of total compensation; Qtr1=March, Qtr2=June, Qtr3=Sept, Qtr4=Dec reference periods. NAICS-based series start 2004 Q1."
CMU3180000000000P,state and local government,retirement,pct_total_comp,2019,1,11.8,"BLS ECEC, https://data.bls.gov/timeseries/CMU3180000000000P","Employer cost per hour worked / % of total compensation; Qtr1=March, Qtr2=June, Qtr3=Sept, Qtr4=Dec reference periods. NAICS-based series start 2004 Q1."
CMU3180000000000P,state and local government,retirement,pct_total_comp,2019,2,11.9,"BLS ECEC, https://data.bls.gov/timeseries/CMU3180000000000P","Employer cost per hour worked / % of total compensation; Qtr1=March, Qtr2=June, Qtr3=Sept, Qtr4=Dec reference periods. NAICS-based series start 2004 Q1."
CMU3180000000000P,state and local government,retirement,pct_total_comp,2019,3,11.9,"BLS ECEC, https://data.bls.gov/timeseries/CMU3180000000000P","Employer cost per hour worked / % of total compensation; Qtr1=March, Qtr2=June, Qtr3=Sept, Qtr4=Dec reference periods. NAICS-based series start 2004 Q1."
CMU3180000000000P,state and local government,retirement,pct_total_comp,2019,4,12.1,"BLS ECEC, https://data.bls.gov/timeseries/CMU3180000000000P","Employer cost per hour worked / % of total compensation; Qtr1=March, Qtr2=June, Qtr3=Sept, Qtr4=Dec reference periods. NAICS-based series start 2004 Q1."
CMU3180000000000P,state and local government,retirement,pct_total_comp,2020,1,12.2,"BLS ECEC, https://data.bls.gov/timeseries/CMU3180000000000P","Employer cost per hour worked / % of total compensation; Qtr1=March, Qtr2=June, Qtr3=Sept, Qtr4=Dec reference periods. NAICS-based series start 2004 Q1."
CMU3180000000000P,state and local government,retirement,pct_total_comp,2020,2,12.2,"BLS ECEC, https://data.bls.gov/timeseries/CMU3180000000000P","Employer cost per hour worked / % of total compensation; Qtr1=March, Qtr2=June, Qtr3=Sept, Qtr4=Dec reference periods. NAICS-based series start 2004 Q1."
CMU3180000000000P,state and local government,retirement,pct_total_comp,2020,3,12.4,"BLS ECEC, https://data.bls.gov/timeseries/CMU3180000000000P","Employer cost per hour worked / % of total compensation; Qtr1=March, Qtr2=June, Qtr3=Sept, Qtr4=Dec reference periods. NAICS-based series start 2004 Q1."
CMU3180000000000P,state and local government,retirement,pct_total_comp,2020,4,12.4,"BLS ECEC, https://data.bls.gov/timeseries/CMU3180000000000P","Employer cost per hour worked / % of total compensation; Qtr1=March, Qtr2=June, Qtr3=Sept, Qtr4=Dec reference periods. NAICS-based series start 2004 Q1."
CMU3180000000000P,state and local government,retirement,pct_total_comp,2021,1,12.5,"BLS ECEC, https://data.bls.gov/timeseries/CMU3180000000000P","Employer cost per hour worked / % of total compensation; Qtr1=March, Qtr2=June, Qtr3=Sept, Qtr4=Dec reference periods. NAICS-based series start 2004 Q1."
CMU3180000000000P,state and local government,retirement,pct_total_comp,2021,2,12.6,"BLS ECEC, https://data.bls.gov/timeseries/CMU3180000000000P","Employer cost per hour worked / % of total compensation; Qtr1=March, Qtr2=June, Qtr3=Sept, Qtr4=Dec reference periods. NAICS-based series start 2004 Q1."
CMU3180000000000P,state and local government,retirement,pct_total_comp,2021,3,12.6,"BLS ECEC, https://data.bls.gov/timeseries/CMU3180000000000P","Employer cost per hour worked / % of total compensation; Qtr1=March, Qtr2=June, Qtr3=Sept, Qtr4=Dec reference periods. NAICS-based series start 2004 Q1."
CMU3180000000000P,state and local government,retirement,pct_total_comp,2021,4,12.7,"BLS ECEC, https://data.bls.gov/timeseries/CMU3180000000000P","Employer cost per hour worked / % of total compensation; Qtr1=March, Qtr2=June, Qtr3=Sept, Qtr4=Dec reference periods. NAICS-based series start 2004 Q1."
CMU3180000000000P,state and local government,retirement,pct_total_comp,2022,1,12.8,"BLS ECEC, https://data.bls.gov/timeseries/CMU3180000000000P","Employer cost per hour worked / % of total compensation; Qtr1=March, Qtr2=June, Qtr3=Sept, Qtr4=Dec reference periods. NAICS-based series start 2004 Q1."
CMU3180000000000P,state and local government,retirement,pct_total_comp,2022,2,12.8,"BLS ECEC, https://data.bls.gov/timeseries/CMU3180000000000P","Employer cost per hour worked / % of total compensation; Qtr1=March, Qtr2=June, Qtr3=Sept, Qtr4=Dec reference periods. NAICS-based series start 2004 Q1."
CMU3180000000000P,state and local government,retirement,pct_total_comp,2022,3,12.9,"BLS ECEC, https://data.bls.gov/timeseries/CMU3180000000000P","Employer cost per hour worked / % of total compensation; Qtr1=March, Qtr2=June, Qtr3=Sept, Qtr4=Dec reference periods. NAICS-based series start 2004 Q1."
CMU3180000000000P,state and local government,retirement,pct_total_comp,2022,4,13.0,"BLS ECEC, https://data.bls.gov/timeseries/CMU3180000000000P","Employer cost per hour worked / % of total compensation; Qtr1=March, Qtr2=June, Qtr3=Sept, Qtr4=Dec reference periods. NAICS-based series start 2004 Q1."
CMU3180000000000P,state and local government,retirement,pct_total_comp,2023,1,13.2,"BLS ECEC, https://data.bls.gov/timeseries/CMU3180000000000P","Employer cost per hour worked / % of total compensation; Qtr1=March, Qtr2=June, Qtr3=Sept, Qtr4=Dec reference periods. NAICS-based series start 2004 Q1."
CMU3180000000000P,state and local government,retirement,pct_total_comp,2023,2,13.3,"BLS ECEC, https://data.bls.gov/timeseries/CMU3180000000000P","Employer cost per hour worked / % of total compensation; Qtr1=March, Qtr2=June, Qtr3=Sept, Qtr4=Dec reference periods. NAICS-based series start 2004 Q1."
CMU3180000000000P,state and local government,retirement,pct_total_comp,2023,3,13.2,"BLS ECEC, https://data.bls.gov/timeseries/CMU3180000000000P","Employer cost per hour worked / % of total compensation; Qtr1=March, Qtr2=June, Qtr3=Sept, Qtr4=Dec reference periods. NAICS-based series start 2004 Q1."
CMU3180000000000P,state and local government,retirement,pct_total_comp,2023,4,13.3,"BLS ECEC, https://data.bls.gov/timeseries/CMU3180000000000P","Employer cost per hour worked / % of total compensation; Qtr1=March, Qtr2=June, Qtr3=Sept, Qtr4=Dec reference periods. NAICS-based series start 2004 Q1."
CMU3180000000000P,state and local government,retirement,pct_total_comp,2024,1,13.3,"BLS ECEC, https://data.bls.gov/timeseries/CMU3180000000000P","Employer cost per hour worked / % of total compensation; Qtr1=March, Qtr2=June, Qtr3=Sept, Qtr4=Dec reference periods. NAICS-based series start 2004 Q1."
CMU3180000000000P,state and local government,retirement,pct_total_comp,2024,2,13.3,"BLS ECEC, https://data.bls.gov/timeseries/CMU3180000000000P","Employer cost per hour worked / % of total compensation; Qtr1=March, Qtr2=June, Qtr3=Sept, Qtr4=Dec reference periods. NAICS-based series start 2004 Q1."
CMU3180000000000P,state and local government,retirement,pct_total_comp,2024,3,13.3,"BLS ECEC, https://data.bls.gov/timeseries/CMU3180000000000P","Employer cost per hour worked / % of total compensation; Qtr1=March, Qtr2=June, Qtr3=Sept, Qtr4=Dec reference periods. NAICS-based series start 2004 Q1."
CMU3180000000000P,state and local government,retirement,pct_total_comp,2024,4,13.3,"BLS ECEC, https://data.bls.gov/timeseries/CMU3180000000000P","Employer cost per hour worked / % of total compensation; Qtr1=March, Qtr2=June, Qtr3=Sept, Qtr4=Dec reference periods. NAICS-based series start 2004 Q1."
CMU3180000000000P,state and local government,retirement,pct_total_comp,2025,1,13.3,"BLS ECEC, https://data.bls.gov/timeseries/CMU3180000000000P","Employer cost per hour worked / % of total compensation; Qtr1=March, Qtr2=June, Qtr3=Sept, Qtr4=Dec reference periods. NAICS-based series start 2004 Q1."
CMU3180000000000P,state and local government,retirement,pct_total_comp,2025,2,13.3,"BLS ECEC, https://data.bls.gov/timeseries/CMU3180000000000P","Employer cost per hour worked / % of total compensation; Qtr1=March, Qtr2=June, Qtr3=Sept, Qtr4=Dec reference periods. NAICS-based series start 2004 Q1."
CMU3180000000000P,state and local government,retirement,pct_total_comp,2025,3,13.2,"BLS ECEC, https://data.bls.gov/timeseries/CMU3180000000000P","Employer cost per hour worked / % of total compensation; Qtr1=March, Qtr2=June, Qtr3=Sept, Qtr4=Dec reference periods. NAICS-based series start 2004 Q1."
CMU3180000000000P,state and local government,retirement,pct_total_comp,2025,4,13.2,"BLS ECEC, https://data.bls.gov/timeseries/CMU3180000000000P","Employer cost per hour worked / % of total compensation; Qtr1=March, Qtr2=June, Qtr3=Sept, Qtr4=Dec reference periods. NAICS-based series start 2004 Q1."
CMU3180000000000P,state and local government,retirement,pct_total_comp,2026,1,13.3,"BLS ECEC, https://data.bls.gov/timeseries/CMU3180000000000P","Employer cost per hour worked / % of total compensation; Qtr1=March, Qtr2=June, Qtr3=Sept, Qtr4=Dec reference periods. NAICS-based series start 2004 Q1."
CMU3180000000000P,state and local government,retirement,pct_total_comp,2026,2,13.3,"BLS ECEC, https://data.bls.gov/timeseries/CMU3180000000000P","Employer cost per hour worked / % of total compensation; Qtr1=March, Qtr2=June, Qtr3=Sept, Qtr4=Dec reference periods. NAICS-based series start 2004 Q1."
CMU3190000000000D,state and local government,db,cost_per_hour_usd,2004,1,1.83,"BLS ECEC, https://data.bls.gov/timeseries/CMU3190000000000D","Employer cost per hour worked / % of total compensation; Qtr1=March, Qtr2=June, Qtr3=Sept, Qtr4=Dec reference periods. NAICS-based series start 2004 Q1."
CMU3190000000000D,state and local government,db,cost_per_hour_usd,2004,2,1.88,"BLS ECEC, https://data.bls.gov/timeseries/CMU3190000000000D","Employer cost per hour worked / % of total compensation; Qtr1=March, Qtr2=June, Qtr3=Sept, Qtr4=Dec reference periods. NAICS-based series start 2004 Q1."
CMU3190000000000D,state and local government,db,cost_per_hour_usd,2004,3,1.97,"BLS ECEC, https://data.bls.gov/timeseries/CMU3190000000000D","Employer cost per hour worked / % of total compensation; Qtr1=March, Qtr2=June, Qtr3=Sept, Qtr4=Dec reference periods. NAICS-based series start 2004 Q1."
CMU3190000000000D,state and local government,db,cost_per_hour_usd,2004,4,2.02,"BLS ECEC, https://data.bls.gov/timeseries/CMU3190000000000D","Employer cost per hour worked / % of total compensation; Qtr1=March, Qtr2=June, Qtr3=Sept, Qtr4=Dec reference periods. NAICS-based series start 2004 Q1."
CMU3190000000000D,state and local government,db,cost_per_hour_usd,2005,1,2.08,"BLS ECEC, https://data.bls.gov/timeseries/CMU3190000000000D","Employer cost per hour worked / % of total compensation; Qtr1=March, Qtr2=June, Qtr3=Sept, Qtr4=Dec reference periods. NAICS-based series start 2004 Q1."
CMU3190000000000D,state and local government,db,cost_per_hour_usd,2005,2,2.08,"BLS ECEC, https://data.bls.gov/timeseries/CMU3190000000000D","Employer cost per hour worked / % of total compensation; Qtr1=March, Qtr2=June, Qtr3=Sept, Qtr4=Dec reference periods. NAICS-based series start 2004 Q1."
CMU3190000000000D,state and local government,db,cost_per_hour_usd,2005,3,2.21,"BLS ECEC, https://data.bls.gov/timeseries/CMU3190000000000D","Employer cost per hour worked / % of total compensation; Qtr1=March, Qtr2=June, Qtr3=Sept, Qtr4=Dec reference periods. NAICS-based series start 2004 Q1."
CMU3190000000000D,state and local government,db,cost_per_hour_usd,2005,4,2.24,"BLS ECEC, https://data.bls.gov/timeseries/CMU3190000000000D","Employer cost per hour worked / % of total compensation; Qtr1=March, Qtr2=June, Qtr3=Sept, Qtr4=Dec reference periods. NAICS-based series start 2004 Q1."
CMU3190000000000D,state and local government,db,cost_per_hour_usd,2006,1,2.27,"BLS ECEC, https://data.bls.gov/timeseries/CMU3190000000000D","Employer cost per hour worked / % of total compensation; Qtr1=March, Qtr2=June, Qtr3=Sept, Qtr4=Dec reference periods. NAICS-based series start 2004 Q1."
CMU3190000000000D,state and local government,db,cost_per_hour_usd,2006,2,2.29,"BLS ECEC, https://data.bls.gov/timeseries/CMU3190000000000D","Employer cost per hour worked / % of total compensation; Qtr1=March, Qtr2=June, Qtr3=Sept, Qtr4=Dec reference periods. NAICS-based series start 2004 Q1."
CMU3190000000000D,state and local government,db,cost_per_hour_usd,2006,3,2.39,"BLS ECEC, https://data.bls.gov/timeseries/CMU3190000000000D","Employer cost per hour worked / % of total compensation; Qtr1=March, Qtr2=June, Qtr3=Sept, Qtr4=Dec reference periods. NAICS-based series start 2004 Q1."
CMU3190000000000D,state and local government,db,cost_per_hour_usd,2006,4,2.46,"BLS ECEC, https://data.bls.gov/timeseries/CMU3190000000000D","Employer cost per hour worked / % of total compensation; Qtr1=March, Qtr2=June, Qtr3=Sept, Qtr4=Dec reference periods. NAICS-based series start 2004 Q1."
CMU3190000000000D,state and local government,db,cost_per_hour_usd,2007,1,2.52,"BLS ECEC, https://data.bls.gov/timeseries/CMU3190000000000D","Employer cost per hour worked / % of total compensation; Qtr1=March, Qtr2=June, Qtr3=Sept, Qtr4=Dec reference periods. NAICS-based series start 2004 Q1."
CMU3190000000000D,state and local government,db,cost_per_hour_usd,2007,2,2.57,"BLS ECEC, https://data.bls.gov/timeseries/CMU3190000000000D","Employer cost per hour worked / % of total compensation; Qtr1=March, Qtr2=June, Qtr3=Sept, Qtr4=Dec reference periods. NAICS-based series start 2004 Q1."
CMU3190000000000D,state and local government,db,cost_per_hour_usd,2007,3,2.73,"BLS ECEC, https://data.bls.gov/timeseries/CMU3190000000000D","Employer cost per hour worked / % of total compensation; Qtr1=March, Qtr2=June, Qtr3=Sept, Qtr4=Dec reference periods. NAICS-based series start 2004 Q1."
CMU3190000000000D,state and local government,db,cost_per_hour_usd,2007,4,2.54,"BLS ECEC, https://data.bls.gov/timeseries/CMU3190000000000D","Employer cost per hour worked / % of total compensation; Qtr1=March, Qtr2=June, Qtr3=Sept, Qtr4=Dec reference periods. NAICS-based series start 2004 Q1."
CMU3190000000000D,state and local government,db,cost_per_hour_usd,2008,1,2.55,"BLS ECEC, https://data.bls.gov/timeseries/CMU3190000000000D","Employer cost per hour worked / % of total compensation; Qtr1=March, Qtr2=June, Qtr3=Sept, Qtr4=Dec reference periods. NAICS-based series start 2004 Q1."
CMU3190000000000D,state and local government,db,cost_per_hour_usd,2008,2,2.65,"BLS ECEC, https://data.bls.gov/timeseries/CMU3190000000000D","Employer cost per hour worked / % of total compensation; Qtr1=March, Qtr2=June, Qtr3=Sept, Qtr4=Dec reference periods. NAICS-based series start 2004 Q1."
CMU3190000000000D,state and local government,db,cost_per_hour_usd,2008,3,2.75,"BLS ECEC, https://data.bls.gov/timeseries/CMU3190000000000D","Employer cost per hour worked / % of total compensation; Qtr1=March, Qtr2=June, Qtr3=Sept, Qtr4=Dec reference periods. NAICS-based series start 2004 Q1."
CMU3190000000000D,state and local government,db,cost_per_hour_usd,2008,4,2.76,"BLS ECEC, https://data.bls.gov/timeseries/CMU3190000000000D","Employer cost per hour worked / % of total compensation; Qtr1=March, Qtr2=June, Qtr3=Sept, Qtr4=Dec reference periods. NAICS-based series start 2004 Q1."
CMU3190000000000D,state and local government,db,cost_per_hour_usd,2009,1,2.83,"BLS ECEC, https://data.bls.gov/timeseries/CMU3190000000000D","Employer cost per hour worked / % of total compensation; Qtr1=March, Qtr2=June, Qtr3=Sept, Qtr4=Dec reference periods. NAICS-based series start 2004 Q1."
CMU3190000000000D,state and local government,db,cost_per_hour_usd,2009,2,2.85,"BLS ECEC, https://data.bls.gov/timeseries/CMU3190000000000D","Employer cost per hour worked / % of total compensation; Qtr1=March, Qtr2=June, Qtr3=Sept, Qtr4=Dec reference periods. NAICS-based series start 2004 Q1."
CMU3190000000000D,state and local government,db,cost_per_hour_usd,2009,3,2.91,"BLS ECEC, https://data.bls.gov/timeseries/CMU3190000000000D","Employer cost per hour worked / % of total compensation; Qtr1=March, Qtr2=June, Qtr3=Sept, Qtr4=Dec reference periods. NAICS-based series start 2004 Q1."
CMU3190000000000D,state and local government,db,cost_per_hour_usd,2009,4,2.86,"BLS ECEC, https://data.bls.gov/timeseries/CMU3190000000000D","Employer cost per hour worked / % of total compensation; Qtr1=March, Qtr2=June, Qtr3=Sept, Qtr4=Dec reference periods. NAICS-based series start 2004 Q1."
CMU3190000000000D,state and local government,db,cost_per_hour_usd,2010,1,2.84,"BLS ECEC, https://data.bls.gov/timeseries/CMU3190000000000D","Employer cost per hour worked / % of total compensation; Qtr1=March, Qtr2=June, Qtr3=Sept, Qtr4=Dec reference periods. NAICS-based series start 2004 Q1."
CMU3190000000000D,state and local government,db,cost_per_hour_usd,2010,2,2.86,"BLS ECEC, https://data.bls.gov/timeseries/CMU3190000000000D","Employer cost per hour worked / % of total compensation; Qtr1=March, Qtr2=June, Qtr3=Sept, Qtr4=Dec reference periods. NAICS-based series start 2004 Q1."
CMU3190000000000D,state and local government,db,cost_per_hour_usd,2010,3,2.94,"BLS ECEC, https://data.bls.gov/timeseries/CMU3190000000000D","Employer cost per hour worked / % of total compensation; Qtr1=March, Qtr2=June, Qtr3=Sept, Qtr4=Dec reference periods. NAICS-based series start 2004 Q1."
CMU3190000000000D,state and local government,db,cost_per_hour_usd,2010,4,2.93,"BLS ECEC, https://data.bls.gov/timeseries/CMU3190000000000D","Employer cost per hour worked / % of total compensation; Qtr1=March, Qtr2=June, Qtr3=Sept, Qtr4=Dec reference periods. NAICS-based series start 2004 Q1."
CMU3190000000000D,state and local government,db,cost_per_hour_usd,2011,1,2.99,"BLS ECEC, https://data.bls.gov/timeseries/CMU3190000000000D","Employer cost per hour worked / % of total compensation; Qtr1=March, Qtr2=June, Qtr3=Sept, Qtr4=Dec reference periods. NAICS-based series start 2004 Q1."
CMU3190000000000D,state and local government,db,cost_per_hour_usd,2011,2,3.0,"BLS ECEC, https://data.bls.gov/timeseries/CMU3190000000000D","Employer cost per hour worked / % of total compensation; Qtr1=March, Qtr2=June, Qtr3=Sept, Qtr4=Dec reference periods. NAICS-based series start 2004 Q1."
CMU3190000000000D,state and local government,db,cost_per_hour_usd,2011,3,3.1,"BLS ECEC, https://data.bls.gov/timeseries/CMU3190000000000D","Employer cost per hour worked / % of total compensation; Qtr1=March, Qtr2=June, Qtr3=Sept, Qtr4=Dec reference periods. NAICS-based series start 2004 Q1."
CMU3190000000000D,state and local government,db,cost_per_hour_usd,2011,4,3.08,"BLS ECEC, https://data.bls.gov/timeseries/CMU3190000000000D","Employer cost per hour worked / % of total compensation; Qtr1=March, Qtr2=June, Qtr3=Sept, Qtr4=Dec reference periods. NAICS-based series start 2004 Q1."
CMU3190000000000D,state and local government,db,cost_per_hour_usd,2012,1,3.17,"BLS ECEC, https://data.bls.gov/timeseries/CMU3190000000000D","Employer cost per hour worked / % of total compensation; Qtr1=March, Qtr2=June, Qtr3=Sept, Qtr4=Dec reference periods. NAICS-based series start 2004 Q1."
CMU3190000000000D,state and local government,db,cost_per_hour_usd,2012,2,3.21,"BLS ECEC, https://data.bls.gov/timeseries/CMU3190000000000D","Employer cost per hour worked / % of total compensation; Qtr1=March, Qtr2=June, Qtr3=Sept, Qtr4=Dec reference periods. NAICS-based series start 2004 Q1."
CMU3190000000000D,state and local government,db,cost_per_hour_usd,2012,3,3.36,"BLS ECEC, https://data.bls.gov/timeseries/CMU3190000000000D","Employer cost per hour worked / % of total compensation; Qtr1=March, Qtr2=June, Qtr3=Sept, Qtr4=Dec reference periods. NAICS-based series start 2004 Q1."
CMU3190000000000D,state and local government,db,cost_per_hour_usd,2012,4,3.37,"BLS ECEC, https://data.bls.gov/timeseries/CMU3190000000000D","Employer cost per hour worked / % of total compensation; Qtr1=March, Qtr2=June, Qtr3=Sept, Qtr4=Dec reference periods. NAICS-based series start 2004 Q1."
CMU3190000000000D,state and local government,db,cost_per_hour_usd,2013,1,3.45,"BLS ECEC, https://data.bls.gov/timeseries/CMU3190000000000D","Employer cost per hour worked / % of total compensation; Qtr1=March, Qtr2=June, Qtr3=Sept, Qtr4=Dec reference periods. NAICS-based series start 2004 Q1."
CMU3190000000000D,state and local government,db,cost_per_hour_usd,2013,2,3.48,"BLS ECEC, https://data.bls.gov/timeseries/CMU3190000000000D","Employer cost per hour worked / % of total compensation; Qtr1=March, Qtr2=June, Qtr3=Sept, Qtr4=Dec reference periods. NAICS-based series start 2004 Q1."
CMU3190000000000D,state and local government,db,cost_per_hour_usd,2013,3,3.62,"BLS ECEC, https://data.bls.gov/timeseries/CMU3190000000000D","Employer cost per hour worked / % of total compensation; Qtr1=March, Qtr2=June, Qtr3=Sept, Qtr4=Dec reference periods. NAICS-based series start 2004 Q1."
CMU3190000000000D,state and local government,db,cost_per_hour_usd,2013,4,3.67,"BLS ECEC, https://data.bls.gov/timeseries/CMU3190000000000D","Employer cost per hour worked / % of total compensation; Qtr1=March, Qtr2=June, Qtr3=Sept, Qtr4=Dec reference periods. NAICS-based series start 2004 Q1."
CMU3190000000000D,state and local government,db,cost_per_hour_usd,2014,1,3.78,"BLS ECEC, https://data.bls.gov/timeseries/CMU3190000000000D","Employer cost per hour worked / % of total compensation; Qtr1=March, Qtr2=June, Qtr3=Sept, Qtr4=Dec reference periods. NAICS-based series start 2004 Q1."
CMU3190000000000D,state and local government,db,cost_per_hour_usd,2014,2,3.89,"BLS ECEC, https://data.bls.gov/timeseries/CMU3190000000000D","Employer cost per hour worked / % of total compensation; Qtr1=March, Qtr2=June, Qtr3=Sept, Qtr4=Dec reference periods. NAICS-based series start 2004 Q1."
CMU3190000000000D,state and local government,db,cost_per_hour_usd,2014,3,3.98,"BLS ECEC, https://data.bls.gov/timeseries/CMU3190000000000D","Employer cost per hour worked / % of total compensation; Qtr1=March, Qtr2=June, Qtr3=Sept, Qtr4=Dec reference periods. NAICS-based series start 2004 Q1."
CMU3190000000000D,state and local government,db,cost_per_hour_usd,2014,4,4.04,"BLS ECEC, https://data.bls.gov/timeseries/CMU3190000000000D","Employer cost per hour worked / % of total compensation; Qtr1=March, Qtr2=June, Qtr3=Sept, Qtr4=Dec reference periods. NAICS-based series start 2004 Q1."
CMU3190000000000D,state and local government,db,cost_per_hour_usd,2015,1,4.11,"BLS ECEC, https://data.bls.gov/timeseries/CMU3190000000000D","Employer cost per hour worked / % of total compensation; Qtr1=March, Qtr2=June, Qtr3=Sept, Qtr4=Dec reference periods. NAICS-based series start 2004 Q1."
CMU3190000000000D,state and local government,db,cost_per_hour_usd,2015,2,4.16,"BLS ECEC, https://data.bls.gov/timeseries/CMU3190000000000D","Employer cost per hour worked / % of total compensation; Qtr1=March, Qtr2=June, Qtr3=Sept, Qtr4=Dec reference periods. NAICS-based series start 2004 Q1."
CMU3190000000000D,state and local government,db,cost_per_hour_usd,2015,3,4.26,"BLS ECEC, https://data.bls.gov/timeseries/CMU3190000000000D","Employer cost per hour worked / % of total compensation; Qtr1=March, Qtr2=June, Qtr3=Sept, Qtr4=Dec reference periods. NAICS-based series start 2004 Q1."
CMU3190000000000D,state and local government,db,cost_per_hour_usd,2015,4,4.4,"BLS ECEC, https://data.bls.gov/timeseries/CMU3190000000000D","Employer cost per hour worked / % of total compensation; Qtr1=March, Qtr2=June, Qtr3=Sept, Qtr4=Dec reference periods. NAICS-based series start 2004 Q1."
CMU3190000000000D,state and local government,db,cost_per_hour_usd,2016,1,4.42,"BLS ECEC, https://data.bls.gov/timeseries/CMU3190000000000D","Employer cost per hour worked / % of total compensation; Qtr1=March, Qtr2=June, Qtr3=Sept, Qtr4=Dec reference periods. NAICS-based series start 2004 Q1."
CMU3190000000000D,state and local government,db,cost_per_hour_usd,2016,2,4.44,"BLS ECEC, https://data.bls.gov/timeseries/CMU3190000000000D","Employer cost per hour worked / % of total compensation; Qtr1=March, Qtr2=June, Qtr3=Sept, Qtr4=Dec reference periods. NAICS-based series start 2004 Q1."
CMU3190000000000D,state and local government,db,cost_per_hour_usd,2016,3,4.61,"BLS ECEC, https://data.bls.gov/timeseries/CMU3190000000000D","Employer cost per hour worked / % of total compensation; Qtr1=March, Qtr2=June, Qtr3=Sept, Qtr4=Dec reference periods. NAICS-based series start 2004 Q1."
CMU3190000000000D,state and local government,db,cost_per_hour_usd,2016,4,4.94,"BLS ECEC, https://data.bls.gov/timeseries/CMU3190000000000D","Employer cost per hour worked / % of total compensation; Qtr1=March, Qtr2=June, Qtr3=Sept, Qtr4=Dec reference periods. NAICS-based series start 2004 Q1."
CMU3190000000000D,state and local government,db,cost_per_hour_usd,2017,1,5.01,"BLS ECEC, https://data.bls.gov/timeseries/CMU3190000000000D","Employer cost per hour worked / % of total compensation; Qtr1=March, Qtr2=June, Qtr3=Sept, Qtr4=Dec reference periods. NAICS-based series start 2004 Q1."
CMU3190000000000D,state and local government,db,cost_per_hour_usd,2017,2,5.04,"BLS ECEC, https://data.bls.gov/timeseries/CMU3190000000000D","Employer cost per hour worked / % of total compensation; Qtr1=March, Qtr2=June, Qtr3=Sept, Qtr4=Dec reference periods. NAICS-based series start 2004 Q1."
CMU3190000000000D,state and local government,db,cost_per_hour_usd,2017,3,5.16,"BLS ECEC, https://data.bls.gov/timeseries/CMU3190000000000D","Employer cost per hour worked / % of total compensation; Qtr1=March, Qtr2=June, Qtr3=Sept, Qtr4=Dec reference periods. NAICS-based series start 2004 Q1."
CMU3190000000000D,state and local government,db,cost_per_hour_usd,2017,4,5.23,"BLS ECEC, https://data.bls.gov/timeseries/CMU3190000000000D","Employer cost per hour worked / % of total compensation; Qtr1=March, Qtr2=June, Qtr3=Sept, Qtr4=Dec reference periods. NAICS-based series start 2004 Q1."
CMU3190000000000D,state and local government,db,cost_per_hour_usd,2018,1,5.26,"BLS ECEC, https://data.bls.gov/timeseries/CMU3190000000000D","Employer cost per hour worked / % of total compensation; Qtr1=March, Qtr2=June, Qtr3=Sept, Qtr4=Dec reference periods. NAICS-based series start 2004 Q1."
CMU3190000000000D,state and local government,db,cost_per_hour_usd,2018,2,5.28,"BLS ECEC, https://data.bls.gov/timeseries/CMU3190000000000D","Employer cost per hour worked / % of total compensation; Qtr1=March, Qtr2=June, Qtr3=Sept, Qtr4=Dec reference periods. NAICS-based series start 2004 Q1."
CMU3190000000000D,state and local government,db,cost_per_hour_usd,2018,3,5.41,"BLS ECEC, https://data.bls.gov/timeseries/CMU3190000000000D","Employer cost per hour worked / % of total compensation; Qtr1=March, Qtr2=June, Qtr3=Sept, Qtr4=Dec reference periods. NAICS-based series start 2004 Q1."
CMU3190000000000D,state and local government,db,cost_per_hour_usd,2018,4,5.52,"BLS ECEC, https://data.bls.gov/timeseries/CMU3190000000000D","Employer cost per hour worked / % of total compensation; Qtr1=March, Qtr2=June, Qtr3=Sept, Qtr4=Dec reference periods. NAICS-based series start 2004 Q1."
CMU3190000000000D,state and local government,db,cost_per_hour_usd,2019,1,5.57,"BLS ECEC, https://data.bls.gov/timeseries/CMU3190000000000D","Employer cost per hour worked / % of total compensation; Qtr1=March, Qtr2=June, Qtr3=Sept, Qtr4=Dec reference periods. NAICS-based series start 2004 Q1."
CMU3190000000000D,state and local government,db,cost_per_hour_usd,2019,2,5.63,"BLS ECEC, https://data.bls.gov/timeseries/CMU3190000000000D","Employer cost per hour worked / % of total compensation; Qtr1=March, Qtr2=June, Qtr3=Sept, Qtr4=Dec reference periods. NAICS-based series start 2004 Q1."
CMU3190000000000D,state and local government,db,cost_per_hour_usd,2019,3,5.74,"BLS ECEC, https://data.bls.gov/timeseries/CMU3190000000000D","Employer cost per hour worked / % of total compensation; Qtr1=March, Qtr2=June, Qtr3=Sept, Qtr4=Dec reference periods. NAICS-based series start 2004 Q1."
CMU3190000000000D,state and local government,db,cost_per_hour_usd,2019,4,5.85,"BLS ECEC, https://data.bls.gov/timeseries/CMU3190000000000D","Employer cost per hour worked / % of total compensation; Qtr1=March, Qtr2=June, Qtr3=Sept, Qtr4=Dec reference periods. NAICS-based series start 2004 Q1."
CMU3190000000000D,state and local government,db,cost_per_hour_usd,2020,1,5.95,"BLS ECEC, https://data.bls.gov/timeseries/CMU3190000000000D","Employer cost per hour worked / % of total compensation; Qtr1=March, Qtr2=June, Qtr3=Sept, Qtr4=Dec reference periods. NAICS-based series start 2004 Q1."
CMU3190000000000D,state and local government,db,cost_per_hour_usd,2020,2,5.99,"BLS ECEC, https://data.bls.gov/timeseries/CMU3190000000000D","Employer cost per hour worked / % of total compensation; Qtr1=March, Qtr2=June, Qtr3=Sept, Qtr4=Dec reference periods. NAICS-based series start 2004 Q1."
CMU3190000000000D,state and local government,db,cost_per_hour_usd,2020,3,6.11,"BLS ECEC, https://data.bls.gov/timeseries/CMU3190000000000D","Employer cost per hour worked / % of total compensation; Qtr1=March, Qtr2=June, Qtr3=Sept, Qtr4=Dec reference periods. NAICS-based series start 2004 Q1."
CMU3190000000000D,state and local government,db,cost_per_hour_usd,2020,4,6.18,"BLS ECEC, https://data.bls.gov/timeseries/CMU3190000000000D","Employer cost per hour worked / % of total compensation; Qtr1=March, Qtr2=June, Qtr3=Sept, Qtr4=Dec reference periods. NAICS-based series start 2004 Q1."
CMU3190000000000D,state and local government,db,cost_per_hour_usd,2021,1,6.26,"BLS ECEC, https://data.bls.gov/timeseries/CMU3190000000000D","Employer cost per hour worked / % of total compensation; Qtr1=March, Qtr2=June, Qtr3=Sept, Qtr4=Dec reference periods. NAICS-based series start 2004 Q1."
CMU3190000000000D,state and local government,db,cost_per_hour_usd,2021,2,6.29,"BLS ECEC, https://data.bls.gov/timeseries/CMU3190000000000D","Employer cost per hour worked / % of total compensation; Qtr1=March, Qtr2=June, Qtr3=Sept, Qtr4=Dec reference periods. NAICS-based series start 2004 Q1."
CMU3190000000000D,state and local government,db,cost_per_hour_usd,2021,3,6.41,"BLS ECEC, https://data.bls.gov/timeseries/CMU3190000000000D","Employer cost per hour worked / % of total compensation; Qtr1=March, Qtr2=June, Qtr3=Sept, Qtr4=Dec reference periods. NAICS-based series start 2004 Q1."
CMU3190000000000D,state and local government,db,cost_per_hour_usd,2021,4,6.48,"BLS ECEC, https://data.bls.gov/timeseries/CMU3190000000000D","Employer cost per hour worked / % of total compensation; Qtr1=March, Qtr2=June, Qtr3=Sept, Qtr4=Dec reference periods. NAICS-based series start 2004 Q1."
CMU3190000000000D,state and local government,db,cost_per_hour_usd,2022,1,6.62,"BLS ECEC, https://data.bls.gov/timeseries/CMU3190000000000D","Employer cost per hour worked / % of total compensation; Qtr1=March, Qtr2=June, Qtr3=Sept, Qtr4=Dec reference periods. NAICS-based series start 2004 Q1."
CMU3190000000000D,state and local government,db,cost_per_hour_usd,2022,2,6.64,"BLS ECEC, https://data.bls.gov/timeseries/CMU3190000000000D","Employer cost per hour worked / % of total compensation; Qtr1=March, Qtr2=June, Qtr3=Sept, Qtr4=Dec reference periods. NAICS-based series start 2004 Q1."
CMU3190000000000D,state and local government,db,cost_per_hour_usd,2022,3,6.85,"BLS ECEC, https://data.bls.gov/timeseries/CMU3190000000000D","Employer cost per hour worked / % of total compensation; Qtr1=March, Qtr2=June, Qtr3=Sept, Qtr4=Dec reference periods. NAICS-based series start 2004 Q1."
CMU3190000000000D,state and local government,db,cost_per_hour_usd,2022,4,6.98,"BLS ECEC, https://data.bls.gov/timeseries/CMU3190000000000D","Employer cost per hour worked / % of total compensation; Qtr1=March, Qtr2=June, Qtr3=Sept, Qtr4=Dec reference periods. NAICS-based series start 2004 Q1."
CMU3190000000000D,state and local government,db,cost_per_hour_usd,2023,1,7.18,"BLS ECEC, https://data.bls.gov/timeseries/CMU3190000000000D","Employer cost per hour worked / % of total compensation; Qtr1=March, Qtr2=June, Qtr3=Sept, Qtr4=Dec reference periods. NAICS-based series start 2004 Q1."
CMU3190000000000D,state and local government,db,cost_per_hour_usd,2023,2,7.23,"BLS ECEC, https://data.bls.gov/timeseries/CMU3190000000000D","Employer cost per hour worked / % of total compensation; Qtr1=March, Qtr2=June, Qtr3=Sept, Qtr4=Dec reference periods. NAICS-based series start 2004 Q1."
CMU3190000000000D,state and local government,db,cost_per_hour_usd,2023,3,7.4,"BLS ECEC, https://data.bls.gov/timeseries/CMU3190000000000D","Employer cost per hour worked / % of total compensation; Qtr1=March, Qtr2=June, Qtr3=Sept, Qtr4=Dec reference periods. NAICS-based series start 2004 Q1."
CMU3190000000000D,state and local government,db,cost_per_hour_usd,2023,4,7.51,"BLS ECEC, https://data.bls.gov/timeseries/CMU3190000000000D","Employer cost per hour worked / % of total compensation; Qtr1=March, Qtr2=June, Qtr3=Sept, Qtr4=Dec reference periods. NAICS-based series start 2004 Q1."
CMU3190000000000D,state and local government,db,cost_per_hour_usd,2024,1,7.58,"BLS ECEC, https://data.bls.gov/timeseries/CMU3190000000000D","Employer cost per hour worked / % of total compensation; Qtr1=March, Qtr2=June, Qtr3=Sept, Qtr4=Dec reference periods. NAICS-based series start 2004 Q1."
CMU3190000000000D,state and local government,db,cost_per_hour_usd,2024,2,7.65,"BLS ECEC, https://data.bls.gov/timeseries/CMU3190000000000D","Employer cost per hour worked / % of total compensation; Qtr1=March, Qtr2=June, Qtr3=Sept, Qtr4=Dec reference periods. NAICS-based series start 2004 Q1."
CMU3190000000000D,state and local government,db,cost_per_hour_usd,2024,3,7.79,"BLS ECEC, https://data.bls.gov/timeseries/CMU3190000000000D","Employer cost per hour worked / % of total compensation; Qtr1=March, Qtr2=June, Qtr3=Sept, Qtr4=Dec reference periods. NAICS-based series start 2004 Q1."
CMU3190000000000D,state and local government,db,cost_per_hour_usd,2024,4,7.83,"BLS ECEC, https://data.bls.gov/timeseries/CMU3190000000000D","Employer cost per hour worked / % of total compensation; Qtr1=March, Qtr2=June, Qtr3=Sept, Qtr4=Dec reference periods. NAICS-based series start 2004 Q1."
CMU3190000000000D,state and local government,db,cost_per_hour_usd,2025,1,7.97,"BLS ECEC, https://data.bls.gov/timeseries/CMU3190000000000D","Employer cost per hour worked / % of total compensation; Qtr1=March, Qtr2=June, Qtr3=Sept, Qtr4=Dec reference periods. NAICS-based series start 2004 Q1."
CMU3190000000000D,state and local government,db,cost_per_hour_usd,2025,2,7.93,"BLS ECEC, https://data.bls.gov/timeseries/CMU3190000000000D","Employer cost per hour worked / % of total compensation; Qtr1=March, Qtr2=June, Qtr3=Sept, Qtr4=Dec reference periods. NAICS-based series start 2004 Q1."
CMU3190000000000D,state and local government,db,cost_per_hour_usd,2025,3,8.04,"BLS ECEC, https://data.bls.gov/timeseries/CMU3190000000000D","Employer cost per hour worked / % of total compensation; Qtr1=March, Qtr2=June, Qtr3=Sept, Qtr4=Dec reference periods. NAICS-based series start 2004 Q1."
CMU3190000000000D,state and local government,db,cost_per_hour_usd,2025,4,8.08,"BLS ECEC, https://data.bls.gov/timeseries/CMU3190000000000D","Employer cost per hour worked / % of total compensation; Qtr1=March, Qtr2=June, Qtr3=Sept, Qtr4=Dec reference periods. NAICS-based series start 2004 Q1."
CMU3190000000000D,state and local government,db,cost_per_hour_usd,2026,1,8.22,"BLS ECEC, https://data.bls.gov/timeseries/CMU3190000000000D","Employer cost per hour worked / % of total compensation; Qtr1=March, Qtr2=June, Qtr3=Sept, Qtr4=Dec reference periods. NAICS-based series start 2004 Q1."
CMU3190000000000D,state and local government,db,cost_per_hour_usd,2026,2,8.26,"BLS ECEC, https://data.bls.gov/timeseries/CMU3190000000000D","Employer cost per hour worked / % of total compensation; Qtr1=March, Qtr2=June, Qtr3=Sept, Qtr4=Dec reference periods. NAICS-based series start 2004 Q1."
CMU3190000000000P,state and local government,db,pct_total_comp,2004,1,5.3,"BLS ECEC, https://data.bls.gov/timeseries/CMU3190000000000P","Employer cost per hour worked / % of total compensation; Qtr1=March, Qtr2=June, Qtr3=Sept, Qtr4=Dec reference periods. NAICS-based series start 2004 Q1."
CMU3190000000000P,state and local government,db,pct_total_comp,2004,2,5.5,"BLS ECEC, https://data.bls.gov/timeseries/CMU3190000000000P","Employer cost per hour worked / % of total compensation; Qtr1=March, Qtr2=June, Qtr3=Sept, Qtr4=Dec reference periods. NAICS-based series start 2004 Q1."
CMU3190000000000P,state and local government,db,pct_total_comp,2004,3,5.7,"BLS ECEC, https://data.bls.gov/timeseries/CMU3190000000000P","Employer cost per hour worked / % of total compensation; Qtr1=March, Qtr2=June, Qtr3=Sept, Qtr4=Dec reference periods. NAICS-based series start 2004 Q1."
CMU3190000000000P,state and local government,db,pct_total_comp,2004,4,5.8,"BLS ECEC, https://data.bls.gov/timeseries/CMU3190000000000P","Employer cost per hour worked / % of total compensation; Qtr1=March, Qtr2=June, Qtr3=Sept, Qtr4=Dec reference periods. NAICS-based series start 2004 Q1."
CMU3190000000000P,state and local government,db,pct_total_comp,2005,1,5.9,"BLS ECEC, https://data.bls.gov/timeseries/CMU3190000000000P","Employer cost per hour worked / % of total compensation; Qtr1=March, Qtr2=June, Qtr3=Sept, Qtr4=Dec reference periods. NAICS-based series start 2004 Q1."
CMU3190000000000P,state and local government,db,pct_total_comp,2005,2,5.9,"BLS ECEC, https://data.bls.gov/timeseries/CMU3190000000000P","Employer cost per hour worked / % of total compensation; Qtr1=March, Qtr2=June, Qtr3=Sept, Qtr4=Dec reference periods. NAICS-based series start 2004 Q1."
CMU3190000000000P,state and local government,db,pct_total_comp,2005,3,6.1,"BLS ECEC, https://data.bls.gov/timeseries/CMU3190000000000P","Employer cost per hour worked / % of total compensation; Qtr1=March, Qtr2=June, Qtr3=Sept, Qtr4=Dec reference periods. NAICS-based series start 2004 Q1."
CMU3190000000000P,state and local government,db,pct_total_comp,2005,4,6.1,"BLS ECEC, https://data.bls.gov/timeseries/CMU3190000000000P","Employer cost per hour worked / % of total compensation; Qtr1=March, Qtr2=June, Qtr3=Sept, Qtr4=Dec reference periods. NAICS-based series start 2004 Q1."
CMU3190000000000P,state and local government,db,pct_total_comp,2006,1,6.1,"BLS ECEC, https://data.bls.gov/timeseries/CMU3190000000000P","Employer cost per hour worked / % of total compensation; Qtr1=March, Qtr2=June, Qtr3=Sept, Qtr4=Dec reference periods. NAICS-based series start 2004 Q1."
CMU3190000000000P,state and local government,db,pct_total_comp,2006,2,6.2,"BLS ECEC, https://data.bls.gov/timeseries/CMU3190000000000P","Employer cost per hour worked / % of total compensation; Qtr1=March, Qtr2=June, Qtr3=Sept, Qtr4=Dec reference periods. NAICS-based series start 2004 Q1."
CMU3190000000000P,state and local government,db,pct_total_comp,2006,3,6.3,"BLS ECEC, https://data.bls.gov/timeseries/CMU3190000000000P","Employer cost per hour worked / % of total compensation; Qtr1=March, Qtr2=June, Qtr3=Sept, Qtr4=Dec reference periods. NAICS-based series start 2004 Q1."
CMU3190000000000P,state and local government,db,pct_total_comp,2006,4,6.4,"BLS ECEC, https://data.bls.gov/timeseries/CMU3190000000000P","Employer cost per hour worked / % of total compensation; Qtr1=March, Qtr2=June, Qtr3=Sept, Qtr4=Dec reference periods. NAICS-based series start 2004 Q1."
CMU3190000000000P,state and local government,db,pct_total_comp,2007,1,6.5,"BLS ECEC, https://data.bls.gov/timeseries/CMU3190000000000P","Employer cost per hour worked / % of total compensation; Qtr1=March, Qtr2=June, Qtr3=Sept, Qtr4=Dec reference periods. NAICS-based series start 2004 Q1."
CMU3190000000000P,state and local government,db,pct_total_comp,2007,2,6.7,"BLS ECEC, https://data.bls.gov/timeseries/CMU3190000000000P","Employer cost per hour worked / % of total compensation; Qtr1=March, Qtr2=June, Qtr3=Sept, Qtr4=Dec reference periods. NAICS-based series start 2004 Q1."
CMU3190000000000P,state and local government,db,pct_total_comp,2007,3,6.9,"BLS ECEC, https://data.bls.gov/timeseries/CMU3190000000000P","Employer cost per hour worked / % of total compensation; Qtr1=March, Qtr2=June, Qtr3=Sept, Qtr4=Dec reference periods. NAICS-based series start 2004 Q1."
CMU3190000000000P,state and local government,db,pct_total_comp,2007,4,6.7,"BLS ECEC, https://data.bls.gov/timeseries/CMU3190000000000P","Employer cost per hour worked / % of total compensation; Qtr1=March, Qtr2=June, Qtr3=Sept, Qtr4=Dec reference periods. NAICS-based series start 2004 Q1."
CMU3190000000000P,state and local government,db,pct_total_comp,2008,1,6.7,"BLS ECEC, https://data.bls.gov/timeseries/CMU3190000000000P","Employer cost per hour worked / % of total compensation; Qtr1=March, Qtr2=June, Qtr3=Sept, Qtr4=Dec reference periods. NAICS-based series start 2004 Q1."
CMU3190000000000P,state and local government,db,pct_total_comp,2008,2,6.9,"BLS ECEC, https://data.bls.gov/timeseries/CMU3190000000000P","Employer cost per hour worked / % of total compensation; Qtr1=March, Qtr2=June, Qtr3=Sept, Qtr4=Dec reference periods. NAICS-based series start 2004 Q1."
CMU3190000000000P,state and local government,db,pct_total_comp,2008,3,7.0,"BLS ECEC, https://data.bls.gov/timeseries/CMU3190000000000P","Employer cost per hour worked / % of total compensation; Qtr1=March, Qtr2=June, Qtr3=Sept, Qtr4=Dec reference periods. NAICS-based series start 2004 Q1."
CMU3190000000000P,state and local government,db,pct_total_comp,2008,4,7.0,"BLS ECEC, https://data.bls.gov/timeseries/CMU3190000000000P","Employer cost per hour worked / % of total compensation; Qtr1=March, Qtr2=June, Qtr3=Sept, Qtr4=Dec reference periods. NAICS-based series start 2004 Q1."
CMU3190000000000P,state and local government,db,pct_total_comp,2009,1,7.2,"BLS ECEC, https://data.bls.gov/timeseries/CMU3190000000000P","Employer cost per hour worked / % of total compensation; Qtr1=March, Qtr2=June, Qtr3=Sept, Qtr4=Dec reference periods. NAICS-based series start 2004 Q1."
CMU3190000000000P,state and local government,db,pct_total_comp,2009,2,7.2,"BLS ECEC, https://data.bls.gov/timeseries/CMU3190000000000P","Employer cost per hour worked / % of total compensation; Qtr1=March, Qtr2=June, Qtr3=Sept, Qtr4=Dec reference periods. NAICS-based series start 2004 Q1."
CMU3190000000000P,state and local government,db,pct_total_comp,2009,3,7.3,"BLS ECEC, https://data.bls.gov/timeseries/CMU3190000000000P","Employer cost per hour worked / % of total compensation; Qtr1=March, Qtr2=June, Qtr3=Sept, Qtr4=Dec reference periods. NAICS-based series start 2004 Q1."
CMU3190000000000P,state and local government,db,pct_total_comp,2009,4,7.2,"BLS ECEC, https://data.bls.gov/timeseries/CMU3190000000000P","Employer cost per hour worked / % of total compensation; Qtr1=March, Qtr2=June, Qtr3=Sept, Qtr4=Dec reference periods. NAICS-based series start 2004 Q1."
CMU3190000000000P,state and local government,db,pct_total_comp,2010,1,7.1,"BLS ECEC, https://data.bls.gov/timeseries/CMU3190000000000P","Employer cost per hour worked / % of total compensation; Qtr1=March, Qtr2=June, Qtr3=Sept, Qtr4=Dec reference periods. NAICS-based series start 2004 Q1."
CMU3190000000000P,state and local government,db,pct_total_comp,2010,2,7.2,"BLS ECEC, https://data.bls.gov/timeseries/CMU3190000000000P","Employer cost per hour worked / % of total compensation; Qtr1=March, Qtr2=June, Qtr3=Sept, Qtr4=Dec reference periods. NAICS-based series start 2004 Q1."
CMU3190000000000P,state and local government,db,pct_total_comp,2010,3,7.3,"BLS ECEC, https://data.bls.gov/timeseries/CMU3190000000000P","Employer cost per hour worked / % of total compensation; Qtr1=March, Qtr2=June, Qtr3=Sept, Qtr4=Dec reference periods. NAICS-based series start 2004 Q1."
CMU3190000000000P,state and local government,db,pct_total_comp,2010,4,7.3,"BLS ECEC, https://data.bls.gov/timeseries/CMU3190000000000P","Employer cost per hour worked / % of total compensation; Qtr1=March, Qtr2=June, Qtr3=Sept, Qtr4=Dec reference periods. NAICS-based series start 2004 Q1."
CMU3190000000000P,state and local government,db,pct_total_comp,2011,1,7.4,"BLS ECEC, https://data.bls.gov/timeseries/CMU3190000000000P","Employer cost per hour worked / % of total compensation; Qtr1=March, Qtr2=June, Qtr3=Sept, Qtr4=Dec reference periods. NAICS-based series start 2004 Q1."
CMU3190000000000P,state and local government,db,pct_total_comp,2011,2,7.4,"BLS ECEC, https://data.bls.gov/timeseries/CMU3190000000000P","Employer cost per hour worked / % of total compensation; Qtr1=March, Qtr2=June, Qtr3=Sept, Qtr4=Dec reference periods. NAICS-based series start 2004 Q1."
CMU3190000000000P,state and local government,db,pct_total_comp,2011,3,7.6,"BLS ECEC, https://data.bls.gov/timeseries/CMU3190000000000P","Employer cost per hour worked / % of total compensation; Qtr1=March, Qtr2=June, Qtr3=Sept, Qtr4=Dec reference periods. NAICS-based series start 2004 Q1."
CMU3190000000000P,state and local government,db,pct_total_comp,2011,4,7.5,"BLS ECEC, https://data.bls.gov/timeseries/CMU3190000000000P","Employer cost per hour worked / % of total compensation; Qtr1=March, Qtr2=June, Qtr3=Sept, Qtr4=Dec reference periods. NAICS-based series start 2004 Q1."
CMU3190000000000P,state and local government,db,pct_total_comp,2012,1,7.7,"BLS ECEC, https://data.bls.gov/timeseries/CMU3190000000000P","Employer cost per hour worked / % of total compensation; Qtr1=March, Qtr2=June, Qtr3=Sept, Qtr4=Dec reference periods. NAICS-based series start 2004 Q1."
CMU3190000000000P,state and local government,db,pct_total_comp,2012,2,7.8,"BLS ECEC, https://data.bls.gov/timeseries/CMU3190000000000P","Employer cost per hour worked / % of total compensation; Qtr1=March, Qtr2=June, Qtr3=Sept, Qtr4=Dec reference periods. NAICS-based series start 2004 Q1."
CMU3190000000000P,state and local government,db,pct_total_comp,2012,3,8.1,"BLS ECEC, https://data.bls.gov/timeseries/CMU3190000000000P","Employer cost per hour worked / % of total compensation; Qtr1=March, Qtr2=June, Qtr3=Sept, Qtr4=Dec reference periods. NAICS-based series start 2004 Q1."
CMU3190000000000P,state and local government,db,pct_total_comp,2012,4,8.0,"BLS ECEC, https://data.bls.gov/timeseries/CMU3190000000000P","Employer cost per hour worked / % of total compensation; Qtr1=March, Qtr2=June, Qtr3=Sept, Qtr4=Dec reference periods. NAICS-based series start 2004 Q1."
CMU3190000000000P,state and local government,db,pct_total_comp,2013,1,8.2,"BLS ECEC, https://data.bls.gov/timeseries/CMU3190000000000P","Employer cost per hour worked / % of total compensation; Qtr1=March, Qtr2=June, Qtr3=Sept, Qtr4=Dec reference periods. NAICS-based series start 2004 Q1."
CMU3190000000000P,state and local government,db,pct_total_comp,2013,2,8.3,"BLS ECEC, https://data.bls.gov/timeseries/CMU3190000000000P","Employer cost per hour worked / % of total compensation; Qtr1=March, Qtr2=June, Qtr3=Sept, Qtr4=Dec reference periods. NAICS-based series start 2004 Q1."
CMU3190000000000P,state and local government,db,pct_total_comp,2013,3,8.5,"BLS ECEC, https://data.bls.gov/timeseries/CMU3190000000000P","Employer cost per hour worked / % of total compensation; Qtr1=March, Qtr2=June, Qtr3=Sept, Qtr4=Dec reference periods. NAICS-based series start 2004 Q1."
CMU3190000000000P,state and local government,db,pct_total_comp,2013,4,8.6,"BLS ECEC, https://data.bls.gov/timeseries/CMU3190000000000P","Employer cost per hour worked / % of total compensation; Qtr1=March, Qtr2=June, Qtr3=Sept, Qtr4=Dec reference periods. NAICS-based series start 2004 Q1."
CMU3190000000000P,state and local government,db,pct_total_comp,2014,1,8.8,"BLS ECEC, https://data.bls.gov/timeseries/CMU3190000000000P","Employer cost per hour worked / % of total compensation; Qtr1=March, Qtr2=June, Qtr3=Sept, Qtr4=Dec reference periods. NAICS-based series start 2004 Q1."
CMU3190000000000P,state and local government,db,pct_total_comp,2014,2,9.0,"BLS ECEC, https://data.bls.gov/timeseries/CMU3190000000000P","Employer cost per hour worked / % of total compensation; Qtr1=March, Qtr2=June, Qtr3=Sept, Qtr4=Dec reference periods. NAICS-based series start 2004 Q1."
CMU3190000000000P,state and local government,db,pct_total_comp,2014,3,9.1,"BLS ECEC, https://data.bls.gov/timeseries/CMU3190000000000P","Employer cost per hour worked / % of total compensation; Qtr1=March, Qtr2=June, Qtr3=Sept, Qtr4=Dec reference periods. NAICS-based series start 2004 Q1."
CMU3190000000000P,state and local government,db,pct_total_comp,2014,4,9.2,"BLS ECEC, https://data.bls.gov/timeseries/CMU3190000000000P","Employer cost per hour worked / % of total compensation; Qtr1=March, Qtr2=June, Qtr3=Sept, Qtr4=Dec reference periods. NAICS-based series start 2004 Q1."
CMU3190000000000P,state and local government,db,pct_total_comp,2015,1,9.3,"BLS ECEC, https://data.bls.gov/timeseries/CMU3190000000000P","Employer cost per hour worked / % of total compensation; Qtr1=March, Qtr2=June, Qtr3=Sept, Qtr4=Dec reference periods. NAICS-based series start 2004 Q1."
CMU3190000000000P,state and local government,db,pct_total_comp,2015,2,9.4,"BLS ECEC, https://data.bls.gov/timeseries/CMU3190000000000P","Employer cost per hour worked / % of total compensation; Qtr1=March, Qtr2=June, Qtr3=Sept, Qtr4=Dec reference periods. NAICS-based series start 2004 Q1."
CMU3190000000000P,state and local government,db,pct_total_comp,2015,3,9.5,"BLS ECEC, https://data.bls.gov/timeseries/CMU3190000000000P","Employer cost per hour worked / % of total compensation; Qtr1=March, Qtr2=June, Qtr3=Sept, Qtr4=Dec reference periods. NAICS-based series start 2004 Q1."
CMU3190000000000P,state and local government,db,pct_total_comp,2015,4,9.8,"BLS ECEC, https://data.bls.gov/timeseries/CMU3190000000000P","Employer cost per hour worked / % of total compensation; Qtr1=March, Qtr2=June, Qtr3=Sept, Qtr4=Dec reference periods. NAICS-based series start 2004 Q1."
CMU3190000000000P,state and local government,db,pct_total_comp,2016,1,9.8,"BLS ECEC, https://data.bls.gov/timeseries/CMU3190000000000P","Employer cost per hour worked / % of total compensation; Qtr1=March, Qtr2=June, Qtr3=Sept, Qtr4=Dec reference periods. NAICS-based series start 2004 Q1."
CMU3190000000000P,state and local government,db,pct_total_comp,2016,2,9.8,"BLS ECEC, https://data.bls.gov/timeseries/CMU3190000000000P","Employer cost per hour worked / % of total compensation; Qtr1=March, Qtr2=June, Qtr3=Sept, Qtr4=Dec reference periods. NAICS-based series start 2004 Q1."
CMU3190000000000P,state and local government,db,pct_total_comp,2016,3,10.0,"BLS ECEC, https://data.bls.gov/timeseries/CMU3190000000000P","Employer cost per hour worked / % of total compensation; Qtr1=March, Qtr2=June, Qtr3=Sept, Qtr4=Dec reference periods. NAICS-based series start 2004 Q1."
CMU3190000000000P,state and local government,db,pct_total_comp,2016,4,10.3,"BLS ECEC, https://data.bls.gov/timeseries/CMU3190000000000P","Employer cost per hour worked / % of total compensation; Qtr1=March, Qtr2=June, Qtr3=Sept, Qtr4=Dec reference periods. NAICS-based series start 2004 Q1."
CMU3190000000000P,state and local government,db,pct_total_comp,2017,1,10.4,"BLS ECEC, https://data.bls.gov/timeseries/CMU3190000000000P","Employer cost per hour worked / % of total compensation; Qtr1=March, Qtr2=June, Qtr3=Sept, Qtr4=Dec reference periods. NAICS-based series start 2004 Q1."
CMU3190000000000P,state and local government,db,pct_total_comp,2017,2,10.5,"BLS ECEC, https://data.bls.gov/timeseries/CMU3190000000000P","Employer cost per hour worked / % of total compensation; Qtr1=March, Qtr2=June, Qtr3=Sept, Qtr4=Dec reference periods. NAICS-based series start 2004 Q1."
CMU3190000000000P,state and local government,db,pct_total_comp,2017,3,10.6,"BLS ECEC, https://data.bls.gov/timeseries/CMU3190000000000P","Employer cost per hour worked / % of total compensation; Qtr1=March, Qtr2=June, Qtr3=Sept, Qtr4=Dec reference periods. NAICS-based series start 2004 Q1."
CMU3190000000000P,state and local government,db,pct_total_comp,2017,4,10.6,"BLS ECEC, https://data.bls.gov/timeseries/CMU3190000000000P","Employer cost per hour worked / % of total compensation; Qtr1=March, Qtr2=June, Qtr3=Sept, Qtr4=Dec reference periods. NAICS-based series start 2004 Q1."
CMU3190000000000P,state and local government,db,pct_total_comp,2018,1,10.7,"BLS ECEC, https://data.bls.gov/timeseries/CMU3190000000000P","Employer cost per hour worked / % of total compensation; Qtr1=March, Qtr2=June, Qtr3=Sept, Qtr4=Dec reference periods. NAICS-based series start 2004 Q1."
CMU3190000000000P,state and local government,db,pct_total_comp,2018,2,10.7,"BLS ECEC, https://data.bls.gov/timeseries/CMU3190000000000P","Employer cost per hour worked / % of total compensation; Qtr1=March, Qtr2=June, Qtr3=Sept, Qtr4=Dec reference periods. NAICS-based series start 2004 Q1."
CMU3190000000000P,state and local government,db,pct_total_comp,2018,3,10.8,"BLS ECEC, https://data.bls.gov/timeseries/CMU3190000000000P","Employer cost per hour worked / % of total compensation; Qtr1=March, Qtr2=June, Qtr3=Sept, Qtr4=Dec reference periods. NAICS-based series start 2004 Q1."
CMU3190000000000P,state and local government,db,pct_total_comp,2018,4,10.9,"BLS ECEC, https://data.bls.gov/timeseries/CMU3190000000000P","Employer cost per hour worked / % of total compensation; Qtr1=March, Qtr2=June, Qtr3=Sept, Qtr4=Dec reference periods. NAICS-based series start 2004 Q1."
CMU3190000000000P,state and local government,db,pct_total_comp,2019,1,11.0,"BLS ECEC, https://data.bls.gov/timeseries/CMU3190000000000P","Employer cost per hour worked / % of total compensation; Qtr1=March, Qtr2=June, Qtr3=Sept, Qtr4=Dec reference periods. NAICS-based series start 2004 Q1."
CMU3190000000000P,state and local government,db,pct_total_comp,2019,2,11.1,"BLS ECEC, https://data.bls.gov/timeseries/CMU3190000000000P","Employer cost per hour worked / % of total compensation; Qtr1=March, Qtr2=June, Qtr3=Sept, Qtr4=Dec reference periods. NAICS-based series start 2004 Q1."
CMU3190000000000P,state and local government,db,pct_total_comp,2019,3,11.1,"BLS ECEC, https://data.bls.gov/timeseries/CMU3190000000000P","Employer cost per hour worked / % of total compensation; Qtr1=March, Qtr2=June, Qtr3=Sept, Qtr4=Dec reference periods. NAICS-based series start 2004 Q1."
CMU3190000000000P,state and local government,db,pct_total_comp,2019,4,11.2,"BLS ECEC, https://data.bls.gov/timeseries/CMU3190000000000P","Employer cost per hour worked / % of total compensation; Qtr1=March, Qtr2=June, Qtr3=Sept, Qtr4=Dec reference periods. NAICS-based series start 2004 Q1."
CMU3190000000000P,state and local government,db,pct_total_comp,2020,1,11.3,"BLS ECEC, https://data.bls.gov/timeseries/CMU3190000000000P","Employer cost per hour worked / % of total compensation; Qtr1=March, Qtr2=June, Qtr3=Sept, Qtr4=Dec reference periods. NAICS-based series start 2004 Q1."
CMU3190000000000P,state and local government,db,pct_total_comp,2020,2,11.4,"BLS ECEC, https://data.bls.gov/timeseries/CMU3190000000000P","Employer cost per hour worked / % of total compensation; Qtr1=March, Qtr2=June, Qtr3=Sept, Qtr4=Dec reference periods. NAICS-based series start 2004 Q1."
CMU3190000000000P,state and local government,db,pct_total_comp,2020,3,11.6,"BLS ECEC, https://data.bls.gov/timeseries/CMU3190000000000P","Employer cost per hour worked / % of total compensation; Qtr1=March, Qtr2=June, Qtr3=Sept, Qtr4=Dec reference periods. NAICS-based series start 2004 Q1."
CMU3190000000000P,state and local government,db,pct_total_comp,2020,4,11.6,"BLS ECEC, https://data.bls.gov/timeseries/CMU3190000000000P","Employer cost per hour worked / % of total compensation; Qtr1=March, Qtr2=June, Qtr3=Sept, Qtr4=Dec reference periods. NAICS-based series start 2004 Q1."
CMU3190000000000P,state and local government,db,pct_total_comp,2021,1,11.7,"BLS ECEC, https://data.bls.gov/timeseries/CMU3190000000000P","Employer cost per hour worked / % of total compensation; Qtr1=March, Qtr2=June, Qtr3=Sept, Qtr4=Dec reference periods. NAICS-based series start 2004 Q1."
CMU3190000000000P,state and local government,db,pct_total_comp,2021,2,11.7,"BLS ECEC, https://data.bls.gov/timeseries/CMU3190000000000P","Employer cost per hour worked / % of total compensation; Qtr1=March, Qtr2=June, Qtr3=Sept, Qtr4=Dec reference periods. NAICS-based series start 2004 Q1."
CMU3190000000000P,state and local government,db,pct_total_comp,2021,3,11.8,"BLS ECEC, https://data.bls.gov/timeseries/CMU3190000000000P","Employer cost per hour worked / % of total compensation; Qtr1=March, Qtr2=June, Qtr3=Sept, Qtr4=Dec reference periods. NAICS-based series start 2004 Q1."
CMU3190000000000P,state and local government,db,pct_total_comp,2021,4,11.8,"BLS ECEC, https://data.bls.gov/timeseries/CMU3190000000000P","Employer cost per hour worked / % of total compensation; Qtr1=March, Qtr2=June, Qtr3=Sept, Qtr4=Dec reference periods. NAICS-based series start 2004 Q1."
CMU3190000000000P,state and local government,db,pct_total_comp,2022,1,11.9,"BLS ECEC, https://data.bls.gov/timeseries/CMU3190000000000P","Employer cost per hour worked / % of total compensation; Qtr1=March, Qtr2=June, Qtr3=Sept, Qtr4=Dec reference periods. NAICS-based series start 2004 Q1."
CMU3190000000000P,state and local government,db,pct_total_comp,2022,2,12.0,"BLS ECEC, https://data.bls.gov/timeseries/CMU3190000000000P","Employer cost per hour worked / % of total compensation; Qtr1=March, Qtr2=June, Qtr3=Sept, Qtr4=Dec reference periods. NAICS-based series start 2004 Q1."
CMU3190000000000P,state and local government,db,pct_total_comp,2022,3,12.0,"BLS ECEC, https://data.bls.gov/timeseries/CMU3190000000000P","Employer cost per hour worked / % of total compensation; Qtr1=March, Qtr2=June, Qtr3=Sept, Qtr4=Dec reference periods. NAICS-based series start 2004 Q1."
CMU3190000000000P,state and local government,db,pct_total_comp,2022,4,12.1,"BLS ECEC, https://data.bls.gov/timeseries/CMU3190000000000P","Employer cost per hour worked / % of total compensation; Qtr1=March, Qtr2=June, Qtr3=Sept, Qtr4=Dec reference periods. NAICS-based series start 2004 Q1."
CMU3190000000000P,state and local government,db,pct_total_comp,2023,1,12.4,"BLS ECEC, https://data.bls.gov/timeseries/CMU3190000000000P","Employer cost per hour worked / % of total compensation; Qtr1=March, Qtr2=June, Qtr3=Sept, Qtr4=Dec reference periods. NAICS-based series start 2004 Q1."
CMU3190000000000P,state and local government,db,pct_total_comp,2023,2,12.4,"BLS ECEC, https://data.bls.gov/timeseries/CMU3190000000000P","Employer cost per hour worked / % of total compensation; Qtr1=March, Qtr2=June, Qtr3=Sept, Qtr4=Dec reference periods. NAICS-based series start 2004 Q1."
CMU3190000000000P,state and local government,db,pct_total_comp,2023,3,12.4,"BLS ECEC, https://data.bls.gov/timeseries/CMU3190000000000P","Employer cost per hour worked / % of total compensation; Qtr1=March, Qtr2=June, Qtr3=Sept, Qtr4=Dec reference periods. NAICS-based series start 2004 Q1."
CMU3190000000000P,state and local government,db,pct_total_comp,2023,4,12.4,"BLS ECEC, https://data.bls.gov/timeseries/CMU3190000000000P","Employer cost per hour worked / % of total compensation; Qtr1=March, Qtr2=June, Qtr3=Sept, Qtr4=Dec reference periods. NAICS-based series start 2004 Q1."
CMU3190000000000P,state and local government,db,pct_total_comp,2024,1,12.4,"BLS ECEC, https://data.bls.gov/timeseries/CMU3190000000000P","Employer cost per hour worked / % of total compensation; Qtr1=March, Qtr2=June, Qtr3=Sept, Qtr4=Dec reference periods. NAICS-based series start 2004 Q1."
CMU3190000000000P,state and local government,db,pct_total_comp,2024,2,12.5,"BLS ECEC, https://data.bls.gov/timeseries/CMU3190000000000P","Employer cost per hour worked / % of total compensation; Qtr1=March, Qtr2=June, Qtr3=Sept, Qtr4=Dec reference periods. NAICS-based series start 2004 Q1."
CMU3190000000000P,state and local government,db,pct_total_comp,2024,3,12.4,"BLS ECEC, https://data.bls.gov/timeseries/CMU3190000000000P","Employer cost per hour worked / % of total compensation; Qtr1=March, Qtr2=June, Qtr3=Sept, Qtr4=Dec reference periods. NAICS-based series start 2004 Q1."
CMU3190000000000P,state and local government,db,pct_total_comp,2024,4,12.3,"BLS ECEC, https://data.bls.gov/timeseries/CMU3190000000000P","Employer cost per hour worked / % of total compensation; Qtr1=March, Qtr2=June, Qtr3=Sept, Qtr4=Dec reference periods. NAICS-based series start 2004 Q1."
CMU3190000000000P,state and local government,db,pct_total_comp,2025,1,12.5,"BLS ECEC, https://data.bls.gov/timeseries/CMU3190000000000P","Employer cost per hour worked / % of total compensation; Qtr1=March, Qtr2=June, Qtr3=Sept, Qtr4=Dec reference periods. NAICS-based series start 2004 Q1."
CMU3190000000000P,state and local government,db,pct_total_comp,2025,2,12.4,"BLS ECEC, https://data.bls.gov/timeseries/CMU3190000000000P","Employer cost per hour worked / % of total compensation; Qtr1=March, Qtr2=June, Qtr3=Sept, Qtr4=Dec reference periods. NAICS-based series start 2004 Q1."
CMU3190000000000P,state and local government,db,pct_total_comp,2025,3,12.3,"BLS ECEC, https://data.bls.gov/timeseries/CMU3190000000000P","Employer cost per hour worked / % of total compensation; Qtr1=March, Qtr2=June, Qtr3=Sept, Qtr4=Dec reference periods. NAICS-based series start 2004 Q1."
CMU3190000000000P,state and local government,db,pct_total_comp,2025,4,12.3,"BLS ECEC, https://data.bls.gov/timeseries/CMU3190000000000P","Employer cost per hour worked / % of total compensation; Qtr1=March, Qtr2=June, Qtr3=Sept, Qtr4=Dec reference periods. NAICS-based series start 2004 Q1."
CMU3190000000000P,state and local government,db,pct_total_comp,2026,1,12.4,"BLS ECEC, https://data.bls.gov/timeseries/CMU3190000000000P","Employer cost per hour worked / % of total compensation; Qtr1=March, Qtr2=June, Qtr3=Sept, Qtr4=Dec reference periods. NAICS-based series start 2004 Q1."
CMU3190000000000P,state and local government,db,pct_total_comp,2026,2,12.4,"BLS ECEC, https://data.bls.gov/timeseries/CMU3190000000000P","Employer cost per hour worked / % of total compensation; Qtr1=March, Qtr2=June, Qtr3=Sept, Qtr4=Dec reference periods. NAICS-based series start 2004 Q1."
CMU3200000000000D,state and local government,dc,cost_per_hour_usd,2004,1,0.25,"BLS ECEC, https://data.bls.gov/timeseries/CMU3200000000000D","Employer cost per hour worked / % of total compensation; Qtr1=March, Qtr2=June, Qtr3=Sept, Qtr4=Dec reference periods. NAICS-based series start 2004 Q1."
CMU3200000000000D,state and local government,dc,cost_per_hour_usd,2004,2,0.24,"BLS ECEC, https://data.bls.gov/timeseries/CMU3200000000000D","Employer cost per hour worked / % of total compensation; Qtr1=March, Qtr2=June, Qtr3=Sept, Qtr4=Dec reference periods. NAICS-based series start 2004 Q1."
CMU3200000000000D,state and local government,dc,cost_per_hour_usd,2004,3,0.25,"BLS ECEC, https://data.bls.gov/timeseries/CMU3200000000000D","Employer cost per hour worked / % of total compensation; Qtr1=March, Qtr2=June, Qtr3=Sept, Qtr4=Dec reference periods. NAICS-based series start 2004 Q1."
CMU3200000000000D,state and local government,dc,cost_per_hour_usd,2004,4,0.26,"BLS ECEC, https://data.bls.gov/timeseries/CMU3200000000000D","Employer cost per hour worked / % of total compensation; Qtr1=March, Qtr2=June, Qtr3=Sept, Qtr4=Dec reference periods. NAICS-based series start 2004 Q1."
CMU3200000000000D,state and local government,dc,cost_per_hour_usd,2005,1,0.26,"BLS ECEC, https://data.bls.gov/timeseries/CMU3200000000000D","Employer cost per hour worked / % of total compensation; Qtr1=March, Qtr2=June, Qtr3=Sept, Qtr4=Dec reference periods. NAICS-based series start 2004 Q1."
CMU3200000000000D,state and local government,dc,cost_per_hour_usd,2005,2,0.25,"BLS ECEC, https://data.bls.gov/timeseries/CMU3200000000000D","Employer cost per hour worked / % of total compensation; Qtr1=March, Qtr2=June, Qtr3=Sept, Qtr4=Dec reference periods. NAICS-based series start 2004 Q1."
CMU3200000000000D,state and local government,dc,cost_per_hour_usd,2005,3,0.27,"BLS ECEC, https://data.bls.gov/timeseries/CMU3200000000000D","Employer cost per hour worked / % of total compensation; Qtr1=March, Qtr2=June, Qtr3=Sept, Qtr4=Dec reference periods. NAICS-based series start 2004 Q1."
CMU3200000000000D,state and local government,dc,cost_per_hour_usd,2005,4,0.27,"BLS ECEC, https://data.bls.gov/timeseries/CMU3200000000000D","Employer cost per hour worked / % of total compensation; Qtr1=March, Qtr2=June, Qtr3=Sept, Qtr4=Dec reference periods. NAICS-based series start 2004 Q1."
CMU3200000000000D,state and local government,dc,cost_per_hour_usd,2006,1,0.28,"BLS ECEC, https://data.bls.gov/timeseries/CMU3200000000000D","Employer cost per hour worked / % of total compensation; Qtr1=March, Qtr2=June, Qtr3=Sept, Qtr4=Dec reference periods. NAICS-based series start 2004 Q1."
CMU3200000000000D,state and local government,dc,cost_per_hour_usd,2006,2,0.27,"BLS ECEC, https://data.bls.gov/timeseries/CMU3200000000000D","Employer cost per hour worked / % of total compensation; Qtr1=March, Qtr2=June, Qtr3=Sept, Qtr4=Dec reference periods. NAICS-based series start 2004 Q1."
CMU3200000000000D,state and local government,dc,cost_per_hour_usd,2006,3,0.29,"BLS ECEC, https://data.bls.gov/timeseries/CMU3200000000000D","Employer cost per hour worked / % of total compensation; Qtr1=March, Qtr2=June, Qtr3=Sept, Qtr4=Dec reference periods. NAICS-based series start 2004 Q1."
CMU3200000000000D,state and local government,dc,cost_per_hour_usd,2006,4,0.3,"BLS ECEC, https://data.bls.gov/timeseries/CMU3200000000000D","Employer cost per hour worked / % of total compensation; Qtr1=March, Qtr2=June, Qtr3=Sept, Qtr4=Dec reference periods. NAICS-based series start 2004 Q1."
CMU3200000000000D,state and local government,dc,cost_per_hour_usd,2007,1,0.3,"BLS ECEC, https://data.bls.gov/timeseries/CMU3200000000000D","Employer cost per hour worked / % of total compensation; Qtr1=March, Qtr2=June, Qtr3=Sept, Qtr4=Dec reference periods. NAICS-based series start 2004 Q1."
CMU3200000000000D,state and local government,dc,cost_per_hour_usd,2007,2,0.3,"BLS ECEC, https://data.bls.gov/timeseries/CMU3200000000000D","Employer cost per hour worked / % of total compensation; Qtr1=March, Qtr2=June, Qtr3=Sept, Qtr4=Dec reference periods. NAICS-based series start 2004 Q1."
CMU3200000000000D,state and local government,dc,cost_per_hour_usd,2007,3,0.31,"BLS ECEC, https://data.bls.gov/timeseries/CMU3200000000000D","Employer cost per hour worked / % of total compensation; Qtr1=March, Qtr2=June, Qtr3=Sept, Qtr4=Dec reference periods. NAICS-based series start 2004 Q1."
CMU3200000000000D,state and local government,dc,cost_per_hour_usd,2007,4,0.32,"BLS ECEC, https://data.bls.gov/timeseries/CMU3200000000000D","Employer cost per hour worked / % of total compensation; Qtr1=March, Qtr2=June, Qtr3=Sept, Qtr4=Dec reference periods. NAICS-based series start 2004 Q1."
CMU3200000000000D,state and local government,dc,cost_per_hour_usd,2008,1,0.32,"BLS ECEC, https://data.bls.gov/timeseries/CMU3200000000000D","Employer cost per hour worked / % of total compensation; Qtr1=March, Qtr2=June, Qtr3=Sept, Qtr4=Dec reference periods. NAICS-based series start 2004 Q1."
CMU3200000000000D,state and local government,dc,cost_per_hour_usd,2008,2,0.32,"BLS ECEC, https://data.bls.gov/timeseries/CMU3200000000000D","Employer cost per hour worked / % of total compensation; Qtr1=March, Qtr2=June, Qtr3=Sept, Qtr4=Dec reference periods. NAICS-based series start 2004 Q1."
CMU3200000000000D,state and local government,dc,cost_per_hour_usd,2008,3,0.34,"BLS ECEC, https://data.bls.gov/timeseries/CMU3200000000000D","Employer cost per hour worked / % of total compensation; Qtr1=March, Qtr2=June, Qtr3=Sept, Qtr4=Dec reference periods. NAICS-based series start 2004 Q1."
CMU3200000000000D,state and local government,dc,cost_per_hour_usd,2008,4,0.32,"BLS ECEC, https://data.bls.gov/timeseries/CMU3200000000000D","Employer cost per hour worked / % of total compensation; Qtr1=March, Qtr2=June, Qtr3=Sept, Qtr4=Dec reference periods. NAICS-based series start 2004 Q1."
CMU3200000000000D,state and local government,dc,cost_per_hour_usd,2009,1,0.32,"BLS ECEC, https://data.bls.gov/timeseries/CMU3200000000000D","Employer cost per hour worked / % of total compensation; Qtr1=March, Qtr2=June, Qtr3=Sept, Qtr4=Dec reference periods. NAICS-based series start 2004 Q1."
CMU3200000000000D,state and local government,dc,cost_per_hour_usd,2009,2,0.31,"BLS ECEC, https://data.bls.gov/timeseries/CMU3200000000000D","Employer cost per hour worked / % of total compensation; Qtr1=March, Qtr2=June, Qtr3=Sept, Qtr4=Dec reference periods. NAICS-based series start 2004 Q1."
CMU3200000000000D,state and local government,dc,cost_per_hour_usd,2009,3,0.32,"BLS ECEC, https://data.bls.gov/timeseries/CMU3200000000000D","Employer cost per hour worked / % of total compensation; Qtr1=March, Qtr2=June, Qtr3=Sept, Qtr4=Dec reference periods. NAICS-based series start 2004 Q1."
CMU3200000000000D,state and local government,dc,cost_per_hour_usd,2009,4,0.33,"BLS ECEC, https://data.bls.gov/timeseries/CMU3200000000000D","Employer cost per hour worked / % of total compensation; Qtr1=March, Qtr2=June, Qtr3=Sept, Qtr4=Dec reference periods. NAICS-based series start 2004 Q1."
CMU3200000000000D,state and local government,dc,cost_per_hour_usd,2010,1,0.32,"BLS ECEC, https://data.bls.gov/timeseries/CMU3200000000000D","Employer cost per hour worked / % of total compensation; Qtr1=March, Qtr2=June, Qtr3=Sept, Qtr4=Dec reference periods. NAICS-based series start 2004 Q1."
CMU3200000000000D,state and local government,dc,cost_per_hour_usd,2010,2,0.31,"BLS ECEC, https://data.bls.gov/timeseries/CMU3200000000000D","Employer cost per hour worked / % of total compensation; Qtr1=March, Qtr2=June, Qtr3=Sept, Qtr4=Dec reference periods. NAICS-based series start 2004 Q1."
CMU3200000000000D,state and local government,dc,cost_per_hour_usd,2010,3,0.32,"BLS ECEC, https://data.bls.gov/timeseries/CMU3200000000000D","Employer cost per hour worked / % of total compensation; Qtr1=March, Qtr2=June, Qtr3=Sept, Qtr4=Dec reference periods. NAICS-based series start 2004 Q1."
CMU3200000000000D,state and local government,dc,cost_per_hour_usd,2010,4,0.34,"BLS ECEC, https://data.bls.gov/timeseries/CMU3200000000000D","Employer cost per hour worked / % of total compensation; Qtr1=March, Qtr2=June, Qtr3=Sept, Qtr4=Dec reference periods. NAICS-based series start 2004 Q1."
CMU3200000000000D,state and local government,dc,cost_per_hour_usd,2011,1,0.33,"BLS ECEC, https://data.bls.gov/timeseries/CMU3200000000000D","Employer cost per hour worked / % of total compensation; Qtr1=March, Qtr2=June, Qtr3=Sept, Qtr4=Dec reference periods. NAICS-based series start 2004 Q1."
CMU3200000000000D,state and local government,dc,cost_per_hour_usd,2011,2,0.32,"BLS ECEC, https://data.bls.gov/timeseries/CMU3200000000000D","Employer cost per hour worked / % of total compensation; Qtr1=March, Qtr2=June, Qtr3=Sept, Qtr4=Dec reference periods. NAICS-based series start 2004 Q1."
CMU3200000000000D,state and local government,dc,cost_per_hour_usd,2011,3,0.33,"BLS ECEC, https://data.bls.gov/timeseries/CMU3200000000000D","Employer cost per hour worked / % of total compensation; Qtr1=March, Qtr2=June, Qtr3=Sept, Qtr4=Dec reference periods. NAICS-based series start 2004 Q1."
CMU3200000000000D,state and local government,dc,cost_per_hour_usd,2011,4,0.33,"BLS ECEC, https://data.bls.gov/timeseries/CMU3200000000000D","Employer cost per hour worked / % of total compensation; Qtr1=March, Qtr2=June, Qtr3=Sept, Qtr4=Dec reference periods. NAICS-based series start 2004 Q1."
CMU3200000000000D,state and local government,dc,cost_per_hour_usd,2012,1,0.32,"BLS ECEC, https://data.bls.gov/timeseries/CMU3200000000000D","Employer cost per hour worked / % of total compensation; Qtr1=March, Qtr2=June, Qtr3=Sept, Qtr4=Dec reference periods. NAICS-based series start 2004 Q1."
CMU3200000000000D,state and local government,dc,cost_per_hour_usd,2012,2,0.31,"BLS ECEC, https://data.bls.gov/timeseries/CMU3200000000000D","Employer cost per hour worked / % of total compensation; Qtr1=March, Qtr2=June, Qtr3=Sept, Qtr4=Dec reference periods. NAICS-based series start 2004 Q1."
CMU3200000000000D,state and local government,dc,cost_per_hour_usd,2012,3,0.32,"BLS ECEC, https://data.bls.gov/timeseries/CMU3200000000000D","Employer cost per hour worked / % of total compensation; Qtr1=March, Qtr2=June, Qtr3=Sept, Qtr4=Dec reference periods. NAICS-based series start 2004 Q1."
CMU3200000000000D,state and local government,dc,cost_per_hour_usd,2012,4,0.34,"BLS ECEC, https://data.bls.gov/timeseries/CMU3200000000000D","Employer cost per hour worked / % of total compensation; Qtr1=March, Qtr2=June, Qtr3=Sept, Qtr4=Dec reference periods. NAICS-based series start 2004 Q1."
CMU3200000000000D,state and local government,dc,cost_per_hour_usd,2013,1,0.33,"BLS ECEC, https://data.bls.gov/timeseries/CMU3200000000000D","Employer cost per hour worked / % of total compensation; Qtr1=March, Qtr2=June, Qtr3=Sept, Qtr4=Dec reference periods. NAICS-based series start 2004 Q1."
CMU3200000000000D,state and local government,dc,cost_per_hour_usd,2013,2,0.32,"BLS ECEC, https://data.bls.gov/timeseries/CMU3200000000000D","Employer cost per hour worked / % of total compensation; Qtr1=March, Qtr2=June, Qtr3=Sept, Qtr4=Dec reference periods. NAICS-based series start 2004 Q1."
CMU3200000000000D,state and local government,dc,cost_per_hour_usd,2013,3,0.34,"BLS ECEC, https://data.bls.gov/timeseries/CMU3200000000000D","Employer cost per hour worked / % of total compensation; Qtr1=March, Qtr2=June, Qtr3=Sept, Qtr4=Dec reference periods. NAICS-based series start 2004 Q1."
CMU3200000000000D,state and local government,dc,cost_per_hour_usd,2013,4,0.36,"BLS ECEC, https://data.bls.gov/timeseries/CMU3200000000000D","Employer cost per hour worked / % of total compensation; Qtr1=March, Qtr2=June, Qtr3=Sept, Qtr4=Dec reference periods. NAICS-based series start 2004 Q1."
CMU3200000000000D,state and local government,dc,cost_per_hour_usd,2014,1,0.37,"BLS ECEC, https://data.bls.gov/timeseries/CMU3200000000000D","Employer cost per hour worked / % of total compensation; Qtr1=March, Qtr2=June, Qtr3=Sept, Qtr4=Dec reference periods. NAICS-based series start 2004 Q1."
CMU3200000000000D,state and local government,dc,cost_per_hour_usd,2014,2,0.35,"BLS ECEC, https://data.bls.gov/timeseries/CMU3200000000000D","Employer cost per hour worked / % of total compensation; Qtr1=March, Qtr2=June, Qtr3=Sept, Qtr4=Dec reference periods. NAICS-based series start 2004 Q1."
CMU3200000000000D,state and local government,dc,cost_per_hour_usd,2014,3,0.36,"BLS ECEC, https://data.bls.gov/timeseries/CMU3200000000000D","Employer cost per hour worked / % of total compensation; Qtr1=March, Qtr2=June, Qtr3=Sept, Qtr4=Dec reference periods. NAICS-based series start 2004 Q1."
CMU3200000000000D,state and local government,dc,cost_per_hour_usd,2014,4,0.38,"BLS ECEC, https://data.bls.gov/timeseries/CMU3200000000000D","Employer cost per hour worked / % of total compensation; Qtr1=March, Qtr2=June, Qtr3=Sept, Qtr4=Dec reference periods. NAICS-based series start 2004 Q1."
CMU3200000000000D,state and local government,dc,cost_per_hour_usd,2015,1,0.38,"BLS ECEC, https://data.bls.gov/timeseries/CMU3200000000000D","Employer cost per hour worked / % of total compensation; Qtr1=March, Qtr2=June, Qtr3=Sept, Qtr4=Dec reference periods. NAICS-based series start 2004 Q1."
CMU3200000000000D,state and local government,dc,cost_per_hour_usd,2015,2,0.36,"BLS ECEC, https://data.bls.gov/timeseries/CMU3200000000000D","Employer cost per hour worked / % of total compensation; Qtr1=March, Qtr2=June, Qtr3=Sept, Qtr4=Dec reference periods. NAICS-based series start 2004 Q1."
CMU3200000000000D,state and local government,dc,cost_per_hour_usd,2015,3,0.37,"BLS ECEC, https://data.bls.gov/timeseries/CMU3200000000000D","Employer cost per hour worked / % of total compensation; Qtr1=March, Qtr2=June, Qtr3=Sept, Qtr4=Dec reference periods. NAICS-based series start 2004 Q1."
CMU3200000000000D,state and local government,dc,cost_per_hour_usd,2015,4,0.38,"BLS ECEC, https://data.bls.gov/timeseries/CMU3200000000000D","Employer cost per hour worked / % of total compensation; Qtr1=March, Qtr2=June, Qtr3=Sept, Qtr4=Dec reference periods. NAICS-based series start 2004 Q1."
CMU3200000000000D,state and local government,dc,cost_per_hour_usd,2016,1,0.38,"BLS ECEC, https://data.bls.gov/timeseries/CMU3200000000000D","Employer cost per hour worked / % of total compensation; Qtr1=March, Qtr2=June, Qtr3=Sept, Qtr4=Dec reference periods. NAICS-based series start 2004 Q1."
CMU3200000000000D,state and local government,dc,cost_per_hour_usd,2016,2,0.36,"BLS ECEC, https://data.bls.gov/timeseries/CMU3200000000000D","Employer cost per hour worked / % of total compensation; Qtr1=March, Qtr2=June, Qtr3=Sept, Qtr4=Dec reference periods. NAICS-based series start 2004 Q1."
CMU3200000000000D,state and local government,dc,cost_per_hour_usd,2016,3,0.37,"BLS ECEC, https://data.bls.gov/timeseries/CMU3200000000000D","Employer cost per hour worked / % of total compensation; Qtr1=March, Qtr2=June, Qtr3=Sept, Qtr4=Dec reference periods. NAICS-based series start 2004 Q1."
CMU3200000000000D,state and local government,dc,cost_per_hour_usd,2016,4,0.39,"BLS ECEC, https://data.bls.gov/timeseries/CMU3200000000000D","Employer cost per hour worked / % of total compensation; Qtr1=March, Qtr2=June, Qtr3=Sept, Qtr4=Dec reference periods. NAICS-based series start 2004 Q1."
CMU3200000000000D,state and local government,dc,cost_per_hour_usd,2017,1,0.39,"BLS ECEC, https://data.bls.gov/timeseries/CMU3200000000000D","Employer cost per hour worked / % of total compensation; Qtr1=March, Qtr2=June, Qtr3=Sept, Qtr4=Dec reference periods. NAICS-based series start 2004 Q1."
CMU3200000000000D,state and local government,dc,cost_per_hour_usd,2017,2,0.38,"BLS ECEC, https://data.bls.gov/timeseries/CMU3200000000000D","Employer cost per hour worked / % of total compensation; Qtr1=March, Qtr2=June, Qtr3=Sept, Qtr4=Dec reference periods. NAICS-based series start 2004 Q1."
CMU3200000000000D,state and local government,dc,cost_per_hour_usd,2017,3,0.39,"BLS ECEC, https://data.bls.gov/timeseries/CMU3200000000000D","Employer cost per hour worked / % of total compensation; Qtr1=March, Qtr2=June, Qtr3=Sept, Qtr4=Dec reference periods. NAICS-based series start 2004 Q1."
CMU3200000000000D,state and local government,dc,cost_per_hour_usd,2017,4,0.42,"BLS ECEC, https://data.bls.gov/timeseries/CMU3200000000000D","Employer cost per hour worked / % of total compensation; Qtr1=March, Qtr2=June, Qtr3=Sept, Qtr4=Dec reference periods. NAICS-based series start 2004 Q1."
CMU3200000000000D,state and local government,dc,cost_per_hour_usd,2018,1,0.41,"BLS ECEC, https://data.bls.gov/timeseries/CMU3200000000000D","Employer cost per hour worked / % of total compensation; Qtr1=March, Qtr2=June, Qtr3=Sept, Qtr4=Dec reference periods. NAICS-based series start 2004 Q1."
CMU3200000000000D,state and local government,dc,cost_per_hour_usd,2018,2,0.4,"BLS ECEC, https://data.bls.gov/timeseries/CMU3200000000000D","Employer cost per hour worked / % of total compensation; Qtr1=March, Qtr2=June, Qtr3=Sept, Qtr4=Dec reference periods. NAICS-based series start 2004 Q1."
CMU3200000000000D,state and local government,dc,cost_per_hour_usd,2018,3,0.41,"BLS ECEC, https://data.bls.gov/timeseries/CMU3200000000000D","Employer cost per hour worked / % of total compensation; Qtr1=March, Qtr2=June, Qtr3=Sept, Qtr4=Dec reference periods. NAICS-based series start 2004 Q1."
CMU3200000000000D,state and local government,dc,cost_per_hour_usd,2018,4,0.43,"BLS ECEC, https://data.bls.gov/timeseries/CMU3200000000000D","Employer cost per hour worked / % of total compensation; Qtr1=March, Qtr2=June, Qtr3=Sept, Qtr4=Dec reference periods. NAICS-based series start 2004 Q1."
CMU3200000000000D,state and local government,dc,cost_per_hour_usd,2019,1,0.42,"BLS ECEC, https://data.bls.gov/timeseries/CMU3200000000000D","Employer cost per hour worked / % of total compensation; Qtr1=March, Qtr2=June, Qtr3=Sept, Qtr4=Dec reference periods. NAICS-based series start 2004 Q1."
CMU3200000000000D,state and local government,dc,cost_per_hour_usd,2019,2,0.41,"BLS ECEC, https://data.bls.gov/timeseries/CMU3200000000000D","Employer cost per hour worked / % of total compensation; Qtr1=March, Qtr2=June, Qtr3=Sept, Qtr4=Dec reference periods. NAICS-based series start 2004 Q1."
CMU3200000000000D,state and local government,dc,cost_per_hour_usd,2019,3,0.43,"BLS ECEC, https://data.bls.gov/timeseries/CMU3200000000000D","Employer cost per hour worked / % of total compensation; Qtr1=March, Qtr2=June, Qtr3=Sept, Qtr4=Dec reference periods. NAICS-based series start 2004 Q1."
CMU3200000000000D,state and local government,dc,cost_per_hour_usd,2019,4,0.45,"BLS ECEC, https://data.bls.gov/timeseries/CMU3200000000000D","Employer cost per hour worked / % of total compensation; Qtr1=March, Qtr2=June, Qtr3=Sept, Qtr4=Dec reference periods. NAICS-based series start 2004 Q1."
CMU3200000000000D,state and local government,dc,cost_per_hour_usd,2020,1,0.44,"BLS ECEC, https://data.bls.gov/timeseries/CMU3200000000000D","Employer cost per hour worked / % of total compensation; Qtr1=March, Qtr2=June, Qtr3=Sept, Qtr4=Dec reference periods. NAICS-based series start 2004 Q1."
CMU3200000000000D,state and local government,dc,cost_per_hour_usd,2020,2,0.43,"BLS ECEC, https://data.bls.gov/timeseries/CMU3200000000000D","Employer cost per hour worked / % of total compensation; Qtr1=March, Qtr2=June, Qtr3=Sept, Qtr4=Dec reference periods. NAICS-based series start 2004 Q1."
CMU3200000000000D,state and local government,dc,cost_per_hour_usd,2020,3,0.44,"BLS ECEC, https://data.bls.gov/timeseries/CMU3200000000000D","Employer cost per hour worked / % of total compensation; Qtr1=March, Qtr2=June, Qtr3=Sept, Qtr4=Dec reference periods. NAICS-based series start 2004 Q1."
CMU3200000000000D,state and local government,dc,cost_per_hour_usd,2020,4,0.47,"BLS ECEC, https://data.bls.gov/timeseries/CMU3200000000000D","Employer cost per hour worked / % of total compensation; Qtr1=March, Qtr2=June, Qtr3=Sept, Qtr4=Dec reference periods. NAICS-based series start 2004 Q1."
CMU3200000000000D,state and local government,dc,cost_per_hour_usd,2021,1,0.46,"BLS ECEC, https://data.bls.gov/timeseries/CMU3200000000000D","Employer cost per hour worked / % of total compensation; Qtr1=March, Qtr2=June, Qtr3=Sept, Qtr4=Dec reference periods. NAICS-based series start 2004 Q1."
CMU3200000000000D,state and local government,dc,cost_per_hour_usd,2021,2,0.45,"BLS ECEC, https://data.bls.gov/timeseries/CMU3200000000000D","Employer cost per hour worked / % of total compensation; Qtr1=March, Qtr2=June, Qtr3=Sept, Qtr4=Dec reference periods. NAICS-based series start 2004 Q1."
CMU3200000000000D,state and local government,dc,cost_per_hour_usd,2021,3,0.47,"BLS ECEC, https://data.bls.gov/timeseries/CMU3200000000000D","Employer cost per hour worked / % of total compensation; Qtr1=March, Qtr2=June, Qtr3=Sept, Qtr4=Dec reference periods. NAICS-based series start 2004 Q1."
CMU3200000000000D,state and local government,dc,cost_per_hour_usd,2021,4,0.49,"BLS ECEC, https://data.bls.gov/timeseries/CMU3200000000000D","Employer cost per hour worked / % of total compensation; Qtr1=March, Qtr2=June, Qtr3=Sept, Qtr4=Dec reference periods. NAICS-based series start 2004 Q1."
CMU3200000000000D,state and local government,dc,cost_per_hour_usd,2022,1,0.49,"BLS ECEC, https://data.bls.gov/timeseries/CMU3200000000000D","Employer cost per hour worked / % of total compensation; Qtr1=March, Qtr2=June, Qtr3=Sept, Qtr4=Dec reference periods. NAICS-based series start 2004 Q1."
CMU3200000000000D,state and local government,dc,cost_per_hour_usd,2022,2,0.47,"BLS ECEC, https://data.bls.gov/timeseries/CMU3200000000000D","Employer cost per hour worked / % of total compensation; Qtr1=March, Qtr2=June, Qtr3=Sept, Qtr4=Dec reference periods. NAICS-based series start 2004 Q1."
CMU3200000000000D,state and local government,dc,cost_per_hour_usd,2022,3,0.5,"BLS ECEC, https://data.bls.gov/timeseries/CMU3200000000000D","Employer cost per hour worked / % of total compensation; Qtr1=March, Qtr2=June, Qtr3=Sept, Qtr4=Dec reference periods. NAICS-based series start 2004 Q1."
CMU3200000000000D,state and local government,dc,cost_per_hour_usd,2022,4,0.51,"BLS ECEC, https://data.bls.gov/timeseries/CMU3200000000000D","Employer cost per hour worked / % of total compensation; Qtr1=March, Qtr2=June, Qtr3=Sept, Qtr4=Dec reference periods. NAICS-based series start 2004 Q1."
CMU3200000000000D,state and local government,dc,cost_per_hour_usd,2023,1,0.51,"BLS ECEC, https://data.bls.gov/timeseries/CMU3200000000000D","Employer cost per hour worked / % of total compensation; Qtr1=March, Qtr2=June, Qtr3=Sept, Qtr4=Dec reference periods. NAICS-based series start 2004 Q1."
CMU3200000000000D,state and local government,dc,cost_per_hour_usd,2023,2,0.51,"BLS ECEC, https://data.bls.gov/timeseries/CMU3200000000000D","Employer cost per hour worked / % of total compensation; Qtr1=March, Qtr2=June, Qtr3=Sept, Qtr4=Dec reference periods. NAICS-based series start 2004 Q1."
CMU3200000000000D,state and local government,dc,cost_per_hour_usd,2023,3,0.53,"BLS ECEC, https://data.bls.gov/timeseries/CMU3200000000000D","Employer cost per hour worked / % of total compensation; Qtr1=March, Qtr2=June, Qtr3=Sept, Qtr4=Dec reference periods. NAICS-based series start 2004 Q1."
CMU3200000000000D,state and local government,dc,cost_per_hour_usd,2023,4,0.55,"BLS ECEC, https://data.bls.gov/timeseries/CMU3200000000000D","Employer cost per hour worked / % of total compensation; Qtr1=March, Qtr2=June, Qtr3=Sept, Qtr4=Dec reference periods. NAICS-based series start 2004 Q1."
CMU3200000000000D,state and local government,dc,cost_per_hour_usd,2024,1,0.56,"BLS ECEC, https://data.bls.gov/timeseries/CMU3200000000000D","Employer cost per hour worked / % of total compensation; Qtr1=March, Qtr2=June, Qtr3=Sept, Qtr4=Dec reference periods. NAICS-based series start 2004 Q1."
CMU3200000000000D,state and local government,dc,cost_per_hour_usd,2024,2,0.54,"BLS ECEC, https://data.bls.gov/timeseries/CMU3200000000000D","Employer cost per hour worked / % of total compensation; Qtr1=March, Qtr2=June, Qtr3=Sept, Qtr4=Dec reference periods. NAICS-based series start 2004 Q1."
CMU3200000000000D,state and local government,dc,cost_per_hour_usd,2024,3,0.56,"BLS ECEC, https://data.bls.gov/timeseries/CMU3200000000000D","Employer cost per hour worked / % of total compensation; Qtr1=March, Qtr2=June, Qtr3=Sept, Qtr4=Dec reference periods. NAICS-based series start 2004 Q1."
CMU3200000000000D,state and local government,dc,cost_per_hour_usd,2024,4,0.59,"BLS ECEC, https://data.bls.gov/timeseries/CMU3200000000000D","Employer cost per hour worked / % of total compensation; Qtr1=March, Qtr2=June, Qtr3=Sept, Qtr4=Dec reference periods. NAICS-based series start 2004 Q1."
CMU3200000000000D,state and local government,dc,cost_per_hour_usd,2025,1,0.57,"BLS ECEC, https://data.bls.gov/timeseries/CMU3200000000000D","Employer cost per hour worked / % of total compensation; Qtr1=March, Qtr2=June, Qtr3=Sept, Qtr4=Dec reference periods. NAICS-based series start 2004 Q1."
CMU3200000000000D,state and local government,dc,cost_per_hour_usd,2025,2,0.56,"BLS ECEC, https://data.bls.gov/timeseries/CMU3200000000000D","Employer cost per hour worked / % of total compensation; Qtr1=March, Qtr2=June, Qtr3=Sept, Qtr4=Dec reference periods. NAICS-based series start 2004 Q1."
CMU3200000000000D,state and local government,dc,cost_per_hour_usd,2025,3,0.58,"BLS ECEC, https://data.bls.gov/timeseries/CMU3200000000000D","Employer cost per hour worked / % of total compensation; Qtr1=March, Qtr2=June, Qtr3=Sept, Qtr4=Dec reference periods. NAICS-based series start 2004 Q1."
CMU3200000000000D,state and local government,dc,cost_per_hour_usd,2025,4,0.61,"BLS ECEC, https://data.bls.gov/timeseries/CMU3200000000000D","Employer cost per hour worked / % of total compensation; Qtr1=March, Qtr2=June, Qtr3=Sept, Qtr4=Dec reference periods. NAICS-based series start 2004 Q1."
CMU3200000000000D,state and local government,dc,cost_per_hour_usd,2026,1,0.6,"BLS ECEC, https://data.bls.gov/timeseries/CMU3200000000000D","Employer cost per hour worked / % of total compensation; Qtr1=March, Qtr2=June, Qtr3=Sept, Qtr4=Dec reference periods. NAICS-based series start 2004 Q1."
CMU3200000000000D,state and local government,dc,cost_per_hour_usd,2026,2,0.59,"BLS ECEC, https://data.bls.gov/timeseries/CMU3200000000000D","Employer cost per hour worked / % of total compensation; Qtr1=March, Qtr2=June, Qtr3=Sept, Qtr4=Dec reference periods. NAICS-based series start 2004 Q1."
CMU3200000000000P,state and local government,dc,pct_total_comp,2004,1,0.7,"BLS ECEC, https://data.bls.gov/timeseries/CMU3200000000000P","Employer cost per hour worked / % of total compensation; Qtr1=March, Qtr2=June, Qtr3=Sept, Qtr4=Dec reference periods. NAICS-based series start 2004 Q1."
CMU3200000000000P,state and local government,dc,pct_total_comp,2004,2,0.7,"BLS ECEC, https://data.bls.gov/timeseries/CMU3200000000000P","Employer cost per hour worked / % of total compensation; Qtr1=March, Qtr2=June, Qtr3=Sept, Qtr4=Dec reference periods. NAICS-based series start 2004 Q1."
CMU3200000000000P,state and local government,dc,pct_total_comp,2004,3,0.7,"BLS ECEC, https://data.bls.gov/timeseries/CMU3200000000000P","Employer cost per hour worked / % of total compensation; Qtr1=March, Qtr2=June, Qtr3=Sept, Qtr4=Dec reference periods. NAICS-based series start 2004 Q1."
CMU3200000000000P,state and local government,dc,pct_total_comp,2004,4,0.7,"BLS ECEC, https://data.bls.gov/timeseries/CMU3200000000000P","Employer cost per hour worked / % of total compensation; Qtr1=March, Qtr2=June, Qtr3=Sept, Qtr4=Dec reference periods. NAICS-based series start 2004 Q1."
CMU3200000000000P,state and local government,dc,pct_total_comp,2005,1,0.7,"BLS ECEC, https://data.bls.gov/timeseries/CMU3200000000000P","Employer cost per hour worked / % of total compensation; Qtr1=March, Qtr2=June, Qtr3=Sept, Qtr4=Dec reference periods. NAICS-based series start 2004 Q1."
CMU3200000000000P,state and local government,dc,pct_total_comp,2005,2,0.7,"BLS ECEC, https://data.bls.gov/timeseries/CMU3200000000000P","Employer cost per hour worked / % of total compensation; Qtr1=March, Qtr2=June, Qtr3=Sept, Qtr4=Dec reference periods. NAICS-based series start 2004 Q1."
CMU3200000000000P,state and local government,dc,pct_total_comp,2005,3,0.7,"BLS ECEC, https://data.bls.gov/timeseries/CMU3200000000000P","Employer cost per hour worked / % of total compensation; Qtr1=March, Qtr2=June, Qtr3=Sept, Qtr4=Dec reference periods. NAICS-based series start 2004 Q1."
CMU3200000000000P,state and local government,dc,pct_total_comp,2005,4,0.7,"BLS ECEC, https://data.bls.gov/timeseries/CMU3200000000000P","Employer cost per hour worked / % of total compensation; Qtr1=March, Qtr2=June, Qtr3=Sept, Qtr4=Dec reference periods. NAICS-based series start 2004 Q1."
CMU3200000000000P,state and local government,dc,pct_total_comp,2006,1,0.8,"BLS ECEC, https://data.bls.gov/timeseries/CMU3200000000000P","Employer cost per hour worked / % of total compensation; Qtr1=March, Qtr2=June, Qtr3=Sept, Qtr4=Dec reference periods. NAICS-based series start 2004 Q1."
CMU3200000000000P,state and local government,dc,pct_total_comp,2006,2,0.7,"BLS ECEC, https://data.bls.gov/timeseries/CMU3200000000000P","Employer cost per hour worked / % of total compensation; Qtr1=March, Qtr2=June, Qtr3=Sept, Qtr4=Dec reference periods. NAICS-based series start 2004 Q1."
CMU3200000000000P,state and local government,dc,pct_total_comp,2006,3,0.8,"BLS ECEC, https://data.bls.gov/timeseries/CMU3200000000000P","Employer cost per hour worked / % of total compensation; Qtr1=March, Qtr2=June, Qtr3=Sept, Qtr4=Dec reference periods. NAICS-based series start 2004 Q1."
CMU3200000000000P,state and local government,dc,pct_total_comp,2006,4,0.8,"BLS ECEC, https://data.bls.gov/timeseries/CMU3200000000000P","Employer cost per hour worked / % of total compensation; Qtr1=March, Qtr2=June, Qtr3=Sept, Qtr4=Dec reference periods. NAICS-based series start 2004 Q1."
CMU3200000000000P,state and local government,dc,pct_total_comp,2007,1,0.8,"BLS ECEC, https://data.bls.gov/timeseries/CMU3200000000000P","Employer cost per hour worked / % of total compensation; Qtr1=March, Qtr2=June, Qtr3=Sept, Qtr4=Dec reference periods. NAICS-based series start 2004 Q1."
CMU3200000000000P,state and local government,dc,pct_total_comp,2007,2,0.8,"BLS ECEC, https://data.bls.gov/timeseries/CMU3200000000000P","Employer cost per hour worked / % of total compensation; Qtr1=March, Qtr2=June, Qtr3=Sept, Qtr4=Dec reference periods. NAICS-based series start 2004 Q1."
CMU3200000000000P,state and local government,dc,pct_total_comp,2007,3,0.8,"BLS ECEC, https://data.bls.gov/timeseries/CMU3200000000000P","Employer cost per hour worked / % of total compensation; Qtr1=March, Qtr2=June, Qtr3=Sept, Qtr4=Dec reference periods. NAICS-based series start 2004 Q1."
CMU3200000000000P,state and local government,dc,pct_total_comp,2007,4,0.9,"BLS ECEC, https://data.bls.gov/timeseries/CMU3200000000000P","Employer cost per hour worked / % of total compensation; Qtr1=March, Qtr2=June, Qtr3=Sept, Qtr4=Dec reference periods. NAICS-based series start 2004 Q1."
CMU3200000000000P,state and local government,dc,pct_total_comp,2008,1,0.8,"BLS ECEC, https://data.bls.gov/timeseries/CMU3200000000000P","Employer cost per hour worked / % of total compensation; Qtr1=March, Qtr2=June, Qtr3=Sept, Qtr4=Dec reference periods. NAICS-based series start 2004 Q1."
CMU3200000000000P,state and local government,dc,pct_total_comp,2008,2,0.8,"BLS ECEC, https://data.bls.gov/timeseries/CMU3200000000000P","Employer cost per hour worked / % of total compensation; Qtr1=March, Qtr2=June, Qtr3=Sept, Qtr4=Dec reference periods. NAICS-based series start 2004 Q1."
CMU3200000000000P,state and local government,dc,pct_total_comp,2008,3,0.9,"BLS ECEC, https://data.bls.gov/timeseries/CMU3200000000000P","Employer cost per hour worked / % of total compensation; Qtr1=March, Qtr2=June, Qtr3=Sept, Qtr4=Dec reference periods. NAICS-based series start 2004 Q1."
CMU3200000000000P,state and local government,dc,pct_total_comp,2008,4,0.8,"BLS ECEC, https://data.bls.gov/timeseries/CMU3200000000000P","Employer cost per hour worked / % of total compensation; Qtr1=March, Qtr2=June, Qtr3=Sept, Qtr4=Dec reference periods. NAICS-based series start 2004 Q1."
CMU3200000000000P,state and local government,dc,pct_total_comp,2009,1,0.8,"BLS ECEC, https://data.bls.gov/timeseries/CMU3200000000000P","Employer cost per hour worked / % of total compensation; Qtr1=March, Qtr2=June, Qtr3=Sept, Qtr4=Dec reference periods. NAICS-based series start 2004 Q1."
CMU3200000000000P,state and local government,dc,pct_total_comp,2009,2,0.8,"BLS ECEC, https://data.bls.gov/timeseries/CMU3200000000000P","Employer cost per hour worked / % of total compensation; Qtr1=March, Qtr2=June, Qtr3=Sept, Qtr4=Dec reference periods. NAICS-based series start 2004 Q1."
CMU3200000000000P,state and local government,dc,pct_total_comp,2009,3,0.8,"BLS ECEC, https://data.bls.gov/timeseries/CMU3200000000000P","Employer cost per hour worked / % of total compensation; Qtr1=March, Qtr2=June, Qtr3=Sept, Qtr4=Dec reference periods. NAICS-based series start 2004 Q1."
CMU3200000000000P,state and local government,dc,pct_total_comp,2009,4,0.8,"BLS ECEC, https://data.bls.gov/timeseries/CMU3200000000000P","Employer cost per hour worked / % of total compensation; Qtr1=March, Qtr2=June, Qtr3=Sept, Qtr4=Dec reference periods. NAICS-based series start 2004 Q1."
CMU3200000000000P,state and local government,dc,pct_total_comp,2010,1,0.8,"BLS ECEC, https://data.bls.gov/timeseries/CMU3200000000000P","Employer cost per hour worked / % of total compensation; Qtr1=March, Qtr2=June, Qtr3=Sept, Qtr4=Dec reference periods. NAICS-based series start 2004 Q1."
CMU3200000000000P,state and local government,dc,pct_total_comp,2010,2,0.8,"BLS ECEC, https://data.bls.gov/timeseries/CMU3200000000000P","Employer cost per hour worked / % of total compensation; Qtr1=March, Qtr2=June, Qtr3=Sept, Qtr4=Dec reference periods. NAICS-based series start 2004 Q1."
CMU3200000000000P,state and local government,dc,pct_total_comp,2010,3,0.8,"BLS ECEC, https://data.bls.gov/timeseries/CMU3200000000000P","Employer cost per hour worked / % of total compensation; Qtr1=March, Qtr2=June, Qtr3=Sept, Qtr4=Dec reference periods. NAICS-based series start 2004 Q1."
CMU3200000000000P,state and local government,dc,pct_total_comp,2010,4,0.8,"BLS ECEC, https://data.bls.gov/timeseries/CMU3200000000000P","Employer cost per hour worked / % of total compensation; Qtr1=March, Qtr2=June, Qtr3=Sept, Qtr4=Dec reference periods. NAICS-based series start 2004 Q1."
CMU3200000000000P,state and local government,dc,pct_total_comp,2011,1,0.8,"BLS ECEC, https://data.bls.gov/timeseries/CMU3200000000000P","Employer cost per hour worked / % of total compensation; Qtr1=March, Qtr2=June, Qtr3=Sept, Qtr4=Dec reference periods. NAICS-based series start 2004 Q1."
CMU3200000000000P,state and local government,dc,pct_total_comp,2011,2,0.8,"BLS ECEC, https://data.bls.gov/timeseries/CMU3200000000000P","Employer cost per hour worked / % of total compensation; Qtr1=March, Qtr2=June, Qtr3=Sept, Qtr4=Dec reference periods. NAICS-based series start 2004 Q1."
CMU3200000000000P,state and local government,dc,pct_total_comp,2011,3,0.8,"BLS ECEC, https://data.bls.gov/timeseries/CMU3200000000000P","Employer cost per hour worked / % of total compensation; Qtr1=March, Qtr2=June, Qtr3=Sept, Qtr4=Dec reference periods. NAICS-based series start 2004 Q1."
CMU3200000000000P,state and local government,dc,pct_total_comp,2011,4,0.8,"BLS ECEC, https://data.bls.gov/timeseries/CMU3200000000000P","Employer cost per hour worked / % of total compensation; Qtr1=March, Qtr2=June, Qtr3=Sept, Qtr4=Dec reference periods. NAICS-based series start 2004 Q1."
CMU3200000000000P,state and local government,dc,pct_total_comp,2012,1,0.8,"BLS ECEC, https://data.bls.gov/timeseries/CMU3200000000000P","Employer cost per hour worked / % of total compensation; Qtr1=March, Qtr2=June, Qtr3=Sept, Qtr4=Dec reference periods. NAICS-based series start 2004 Q1."
CMU3200000000000P,state and local government,dc,pct_total_comp,2012,2,0.7,"BLS ECEC, https://data.bls.gov/timeseries/CMU3200000000000P","Employer cost per hour worked / % of total compensation; Qtr1=March, Qtr2=June, Qtr3=Sept, Qtr4=Dec reference periods. NAICS-based series start 2004 Q1."
CMU3200000000000P,state and local government,dc,pct_total_comp,2012,3,0.8,"BLS ECEC, https://data.bls.gov/timeseries/CMU3200000000000P","Employer cost per hour worked / % of total compensation; Qtr1=March, Qtr2=June, Qtr3=Sept, Qtr4=Dec reference periods. NAICS-based series start 2004 Q1."
CMU3200000000000P,state and local government,dc,pct_total_comp,2012,4,0.8,"BLS ECEC, https://data.bls.gov/timeseries/CMU3200000000000P","Employer cost per hour worked / % of total compensation; Qtr1=March, Qtr2=June, Qtr3=Sept, Qtr4=Dec reference periods. NAICS-based series start 2004 Q1."
CMU3200000000000P,state and local government,dc,pct_total_comp,2013,1,0.8,"BLS ECEC, https://data.bls.gov/timeseries/CMU3200000000000P","Employer cost per hour worked / % of total compensation; Qtr1=March, Qtr2=June, Qtr3=Sept, Qtr4=Dec reference periods. NAICS-based series start 2004 Q1."
CMU3200000000000P,state and local government,dc,pct_total_comp,2013,2,0.8,"BLS ECEC, https://data.bls.gov/timeseries/CMU3200000000000P","Employer cost per hour worked / % of total compensation; Qtr1=March, Qtr2=June, Qtr3=Sept, Qtr4=Dec reference periods. NAICS-based series start 2004 Q1."
CMU3200000000000P,state and local government,dc,pct_total_comp,2013,3,0.8,"BLS ECEC, https://data.bls.gov/timeseries/CMU3200000000000P","Employer cost per hour worked / % of total compensation; Qtr1=March, Qtr2=June, Qtr3=Sept, Qtr4=Dec reference periods. NAICS-based series start 2004 Q1."
CMU3200000000000P,state and local government,dc,pct_total_comp,2013,4,0.8,"BLS ECEC, https://data.bls.gov/timeseries/CMU3200000000000P","Employer cost per hour worked / % of total compensation; Qtr1=March, Qtr2=June, Qtr3=Sept, Qtr4=Dec reference periods. NAICS-based series start 2004 Q1."
CMU3200000000000P,state and local government,dc,pct_total_comp,2014,1,0.9,"BLS ECEC, https://data.bls.gov/timeseries/CMU3200000000000P","Employer cost per hour worked / % of total compensation; Qtr1=March, Qtr2=June, Qtr3=Sept, Qtr4=Dec reference periods. NAICS-based series start 2004 Q1."
CMU3200000000000P,state and local government,dc,pct_total_comp,2014,2,0.8,"BLS ECEC, https://data.bls.gov/timeseries/CMU3200000000000P","Employer cost per hour worked / % of total compensation; Qtr1=March, Qtr2=June, Qtr3=Sept, Qtr4=Dec reference periods. NAICS-based series start 2004 Q1."
CMU3200000000000P,state and local government,dc,pct_total_comp,2014,3,0.8,"BLS ECEC, https://data.bls.gov/timeseries/CMU3200000000000P","Employer cost per hour worked / % of total compensation; Qtr1=March, Qtr2=June, Qtr3=Sept, Qtr4=Dec reference periods. NAICS-based series start 2004 Q1."
CMU3200000000000P,state and local government,dc,pct_total_comp,2014,4,0.9,"BLS ECEC, https://data.bls.gov/timeseries/CMU3200000000000P","Employer cost per hour worked / % of total compensation; Qtr1=March, Qtr2=June, Qtr3=Sept, Qtr4=Dec reference periods. NAICS-based series start 2004 Q1."
CMU3200000000000P,state and local government,dc,pct_total_comp,2015,1,0.9,"BLS ECEC, https://data.bls.gov/timeseries/CMU3200000000000P","Employer cost per hour worked / % of total compensation; Qtr1=March, Qtr2=June, Qtr3=Sept, Qtr4=Dec reference periods. NAICS-based series start 2004 Q1."
CMU3200000000000P,state and local government,dc,pct_total_comp,2015,2,0.8,"BLS ECEC, https://data.bls.gov/timeseries/CMU3200000000000P","Employer cost per hour worked / % of total compensation; Qtr1=March, Qtr2=June, Qtr3=Sept, Qtr4=Dec reference periods. NAICS-based series start 2004 Q1."
CMU3200000000000P,state and local government,dc,pct_total_comp,2015,3,0.8,"BLS ECEC, https://data.bls.gov/timeseries/CMU3200000000000P","Employer cost per hour worked / % of total compensation; Qtr1=March, Qtr2=June, Qtr3=Sept, Qtr4=Dec reference periods. NAICS-based series start 2004 Q1."
CMU3200000000000P,state and local government,dc,pct_total_comp,2015,4,0.8,"BLS ECEC, https://data.bls.gov/timeseries/CMU3200000000000P","Employer cost per hour worked / % of total compensation; Qtr1=March, Qtr2=June, Qtr3=Sept, Qtr4=Dec reference periods. NAICS-based series start 2004 Q1."
CMU3200000000000P,state and local government,dc,pct_total_comp,2016,1,0.8,"BLS ECEC, https://data.bls.gov/timeseries/CMU3200000000000P","Employer cost per hour worked / % of total compensation; Qtr1=March, Qtr2=June, Qtr3=Sept, Qtr4=Dec reference periods. NAICS-based series start 2004 Q1."
CMU3200000000000P,state and local government,dc,pct_total_comp,2016,2,0.8,"BLS ECEC, https://data.bls.gov/timeseries/CMU3200000000000P","Employer cost per hour worked / % of total compensation; Qtr1=March, Qtr2=June, Qtr3=Sept, Qtr4=Dec reference periods. NAICS-based series start 2004 Q1."
CMU3200000000000P,state and local government,dc,pct_total_comp,2016,3,0.8,"BLS ECEC, https://data.bls.gov/timeseries/CMU3200000000000P","Employer cost per hour worked / % of total compensation; Qtr1=March, Qtr2=June, Qtr3=Sept, Qtr4=Dec reference periods. NAICS-based series start 2004 Q1."
CMU3200000000000P,state and local government,dc,pct_total_comp,2016,4,0.8,"BLS ECEC, https://data.bls.gov/timeseries/CMU3200000000000P","Employer cost per hour worked / % of total compensation; Qtr1=March, Qtr2=June, Qtr3=Sept, Qtr4=Dec reference periods. NAICS-based series start 2004 Q1."
CMU3200000000000P,state and local government,dc,pct_total_comp,2017,1,0.8,"BLS ECEC, https://data.bls.gov/timeseries/CMU3200000000000P","Employer cost per hour worked / % of total compensation; Qtr1=March, Qtr2=June, Qtr3=Sept, Qtr4=Dec reference periods. NAICS-based series start 2004 Q1."
CMU3200000000000P,state and local government,dc,pct_total_comp,2017,2,0.8,"BLS ECEC, https://data.bls.gov/timeseries/CMU3200000000000P","Employer cost per hour worked / % of total compensation; Qtr1=March, Qtr2=June, Qtr3=Sept, Qtr4=Dec reference periods. NAICS-based series start 2004 Q1."
CMU3200000000000P,state and local government,dc,pct_total_comp,2017,3,0.8,"BLS ECEC, https://data.bls.gov/timeseries/CMU3200000000000P","Employer cost per hour worked / % of total compensation; Qtr1=March, Qtr2=June, Qtr3=Sept, Qtr4=Dec reference periods. NAICS-based series start 2004 Q1."
CMU3200000000000P,state and local government,dc,pct_total_comp,2017,4,0.8,"BLS ECEC, https://data.bls.gov/timeseries/CMU3200000000000P","Employer cost per hour worked / % of total compensation; Qtr1=March, Qtr2=June, Qtr3=Sept, Qtr4=Dec reference periods. NAICS-based series start 2004 Q1."
CMU3200000000000P,state and local government,dc,pct_total_comp,2018,1,0.8,"BLS ECEC, https://data.bls.gov/timeseries/CMU3200000000000P","Employer cost per hour worked / % of total compensation; Qtr1=March, Qtr2=June, Qtr3=Sept, Qtr4=Dec reference periods. NAICS-based series start 2004 Q1."
CMU3200000000000P,state and local government,dc,pct_total_comp,2018,2,0.8,"BLS ECEC, https://data.bls.gov/timeseries/CMU3200000000000P","Employer cost per hour worked / % of total compensation; Qtr1=March, Qtr2=June, Qtr3=Sept, Qtr4=Dec reference periods. NAICS-based series start 2004 Q1."
CMU3200000000000P,state and local government,dc,pct_total_comp,2018,3,0.8,"BLS ECEC, https://data.bls.gov/timeseries/CMU3200000000000P","Employer cost per hour worked / % of total compensation; Qtr1=March, Qtr2=June, Qtr3=Sept, Qtr4=Dec reference periods. NAICS-based series start 2004 Q1."
CMU3200000000000P,state and local government,dc,pct_total_comp,2018,4,0.8,"BLS ECEC, https://data.bls.gov/timeseries/CMU3200000000000P","Employer cost per hour worked / % of total compensation; Qtr1=March, Qtr2=June, Qtr3=Sept, Qtr4=Dec reference periods. NAICS-based series start 2004 Q1."
CMU3200000000000P,state and local government,dc,pct_total_comp,2019,1,0.8,"BLS ECEC, https://data.bls.gov/timeseries/CMU3200000000000P","Employer cost per hour worked / % of total compensation; Qtr1=March, Qtr2=June, Qtr3=Sept, Qtr4=Dec reference periods. NAICS-based series start 2004 Q1."
CMU3200000000000P,state and local government,dc,pct_total_comp,2019,2,0.8,"BLS ECEC, https://data.bls.gov/timeseries/CMU3200000000000P","Employer cost per hour worked / % of total compensation; Qtr1=March, Qtr2=June, Qtr3=Sept, Qtr4=Dec reference periods. NAICS-based series start 2004 Q1."
CMU3200000000000P,state and local government,dc,pct_total_comp,2019,3,0.8,"BLS ECEC, https://data.bls.gov/timeseries/CMU3200000000000P","Employer cost per hour worked / % of total compensation; Qtr1=March, Qtr2=June, Qtr3=Sept, Qtr4=Dec reference periods. NAICS-based series start 2004 Q1."
CMU3200000000000P,state and local government,dc,pct_total_comp,2019,4,0.9,"BLS ECEC, https://data.bls.gov/timeseries/CMU3200000000000P","Employer cost per hour worked / % of total compensation; Qtr1=March, Qtr2=June, Qtr3=Sept, Qtr4=Dec reference periods. NAICS-based series start 2004 Q1."
CMU3200000000000P,state and local government,dc,pct_total_comp,2020,1,0.8,"BLS ECEC, https://data.bls.gov/timeseries/CMU3200000000000P","Employer cost per hour worked / % of total compensation; Qtr1=March, Qtr2=June, Qtr3=Sept, Qtr4=Dec reference periods. NAICS-based series start 2004 Q1."
CMU3200000000000P,state and local government,dc,pct_total_comp,2020,2,0.8,"BLS ECEC, https://data.bls.gov/timeseries/CMU3200000000000P","Employer cost per hour worked / % of total compensation; Qtr1=March, Qtr2=June, Qtr3=Sept, Qtr4=Dec reference periods. NAICS-based series start 2004 Q1."
CMU3200000000000P,state and local government,dc,pct_total_comp,2020,3,0.8,"BLS ECEC, https://data.bls.gov/timeseries/CMU3200000000000P","Employer cost per hour worked / % of total compensation; Qtr1=March, Qtr2=June, Qtr3=Sept, Qtr4=Dec reference periods. NAICS-based series start 2004 Q1."
CMU3200000000000P,state and local government,dc,pct_total_comp,2020,4,0.9,"BLS ECEC, https://data.bls.gov/timeseries/CMU3200000000000P","Employer cost per hour worked / % of total compensation; Qtr1=March, Qtr2=June, Qtr3=Sept, Qtr4=Dec reference periods. NAICS-based series start 2004 Q1."
CMU3200000000000P,state and local government,dc,pct_total_comp,2021,1,0.9,"BLS ECEC, https://data.bls.gov/timeseries/CMU3200000000000P","Employer cost per hour worked / % of total compensation; Qtr1=March, Qtr2=June, Qtr3=Sept, Qtr4=Dec reference periods. NAICS-based series start 2004 Q1."
CMU3200000000000P,state and local government,dc,pct_total_comp,2021,2,0.8,"BLS ECEC, https://data.bls.gov/timeseries/CMU3200000000000P","Employer cost per hour worked / % of total compensation; Qtr1=March, Qtr2=June, Qtr3=Sept, Qtr4=Dec reference periods. NAICS-based series start 2004 Q1."
CMU3200000000000P,state and local government,dc,pct_total_comp,2021,3,0.9,"BLS ECEC, https://data.bls.gov/timeseries/CMU3200000000000P","Employer cost per hour worked / % of total compensation; Qtr1=March, Qtr2=June, Qtr3=Sept, Qtr4=Dec reference periods. NAICS-based series start 2004 Q1."
CMU3200000000000P,state and local government,dc,pct_total_comp,2021,4,0.9,"BLS ECEC, https://data.bls.gov/timeseries/CMU3200000000000P","Employer cost per hour worked / % of total compensation; Qtr1=March, Qtr2=June, Qtr3=Sept, Qtr4=Dec reference periods. NAICS-based series start 2004 Q1."
CMU3200000000000P,state and local government,dc,pct_total_comp,2022,1,0.9,"BLS ECEC, https://data.bls.gov/timeseries/CMU3200000000000P","Employer cost per hour worked / % of total compensation; Qtr1=March, Qtr2=June, Qtr3=Sept, Qtr4=Dec reference periods. NAICS-based series start 2004 Q1."
CMU3200000000000P,state and local government,dc,pct_total_comp,2022,2,0.8,"BLS ECEC, https://data.bls.gov/timeseries/CMU3200000000000P","Employer cost per hour worked / % of total compensation; Qtr1=March, Qtr2=June, Qtr3=Sept, Qtr4=Dec reference periods. NAICS-based series start 2004 Q1."
CMU3200000000000P,state and local government,dc,pct_total_comp,2022,3,0.9,"BLS ECEC, https://data.bls.gov/timeseries/CMU3200000000000P","Employer cost per hour worked / % of total compensation; Qtr1=March, Qtr2=June, Qtr3=Sept, Qtr4=Dec reference periods. NAICS-based series start 2004 Q1."
CMU3200000000000P,state and local government,dc,pct_total_comp,2022,4,0.9,"BLS ECEC, https://data.bls.gov/timeseries/CMU3200000000000P","Employer cost per hour worked / % of total compensation; Qtr1=March, Qtr2=June, Qtr3=Sept, Qtr4=Dec reference periods. NAICS-based series start 2004 Q1."
CMU3200000000000P,state and local government,dc,pct_total_comp,2023,1,0.9,"BLS ECEC, https://data.bls.gov/timeseries/CMU3200000000000P","Employer cost per hour worked / % of total compensation; Qtr1=March, Qtr2=June, Qtr3=Sept, Qtr4=Dec reference periods. NAICS-based series start 2004 Q1."
CMU3200000000000P,state and local government,dc,pct_total_comp,2023,2,0.9,"BLS ECEC, https://data.bls.gov/timeseries/CMU3200000000000P","Employer cost per hour worked / % of total compensation; Qtr1=March, Qtr2=June, Qtr3=Sept, Qtr4=Dec reference periods. NAICS-based series start 2004 Q1."
CMU3200000000000P,state and local government,dc,pct_total_comp,2023,3,0.9,"BLS ECEC, https://data.bls.gov/timeseries/CMU3200000000000P","Employer cost per hour worked / % of total compensation; Qtr1=March, Qtr2=June, Qtr3=Sept, Qtr4=Dec reference periods. NAICS-based series start 2004 Q1."
CMU3200000000000P,state and local government,dc,pct_total_comp,2023,4,0.9,"BLS ECEC, https://data.bls.gov/timeseries/CMU3200000000000P","Employer cost per hour worked / % of total compensation; Qtr1=March, Qtr2=June, Qtr3=Sept, Qtr4=Dec reference periods. NAICS-based series start 2004 Q1."
CMU3200000000000P,state and local government,dc,pct_total_comp,2024,1,0.9,"BLS ECEC, https://data.bls.gov/timeseries/CMU3200000000000P","Employer cost per hour worked / % of total compensation; Qtr1=March, Qtr2=June, Qtr3=Sept, Qtr4=Dec reference periods. NAICS-based series start 2004 Q1."
CMU3200000000000P,state and local government,dc,pct_total_comp,2024,2,0.9,"BLS ECEC, https://data.bls.gov/timeseries/CMU3200000000000P","Employer cost per hour worked / % of total compensation; Qtr1=March, Qtr2=June, Qtr3=Sept, Qtr4=Dec reference periods. NAICS-based series start 2004 Q1."
CMU3200000000000P,state and local government,dc,pct_total_comp,2024,3,0.9,"BLS ECEC, https://data.bls.gov/timeseries/CMU3200000000000P","Employer cost per hour worked / % of total compensation; Qtr1=March, Qtr2=June, Qtr3=Sept, Qtr4=Dec reference periods. NAICS-based series start 2004 Q1."
CMU3200000000000P,state and local government,dc,pct_total_comp,2024,4,0.9,"BLS ECEC, https://data.bls.gov/timeseries/CMU3200000000000P","Employer cost per hour worked / % of total compensation; Qtr1=March, Qtr2=June, Qtr3=Sept, Qtr4=Dec reference periods. NAICS-based series start 2004 Q1."
CMU3200000000000P,state and local government,dc,pct_total_comp,2025,1,0.9,"BLS ECEC, https://data.bls.gov/timeseries/CMU3200000000000P","Employer cost per hour worked / % of total compensation; Qtr1=March, Qtr2=June, Qtr3=Sept, Qtr4=Dec reference periods. NAICS-based series start 2004 Q1."
CMU3200000000000P,state and local government,dc,pct_total_comp,2025,2,0.9,"BLS ECEC, https://data.bls.gov/timeseries/CMU3200000000000P","Employer cost per hour worked / % of total compensation; Qtr1=March, Qtr2=June, Qtr3=Sept, Qtr4=Dec reference periods. NAICS-based series start 2004 Q1."
CMU3200000000000P,state and local government,dc,pct_total_comp,2025,3,0.9,"BLS ECEC, https://data.bls.gov/timeseries/CMU3200000000000P","Employer cost per hour worked / % of total compensation; Qtr1=March, Qtr2=June, Qtr3=Sept, Qtr4=Dec reference periods. NAICS-based series start 2004 Q1."
CMU3200000000000P,state and local government,dc,pct_total_comp,2025,4,0.9,"BLS ECEC, https://data.bls.gov/timeseries/CMU3200000000000P","Employer cost per hour worked / % of total compensation; Qtr1=March, Qtr2=June, Qtr3=Sept, Qtr4=Dec reference periods. NAICS-based series start 2004 Q1."
CMU3200000000000P,state and local government,dc,pct_total_comp,2026,1,0.9,"BLS ECEC, https://data.bls.gov/timeseries/CMU3200000000000P","Employer cost per hour worked / % of total compensation; Qtr1=March, Qtr2=June, Qtr3=Sept, Qtr4=Dec reference periods. NAICS-based series start 2004 Q1."
CMU3200000000000P,state and local government,dc,pct_total_comp,2026,2,0.9,"BLS ECEC, https://data.bls.gov/timeseries/CMU3200000000000P","Employer cost per hour worked / % of total compensation; Qtr1=March, Qtr2=June, Qtr3=Sept, Qtr4=Dec reference periods. NAICS-based series start 2004 Q1."
