year,measure,group,estimate,se,n,note
1989,pct_families_with_dc_plan_current_job,all families,23.6928,0.7179,3143,"R or spouse has account-type plan at current job (pension grid; DCPLANCJ-style, excl. plans already paying benefits)"
1989,pct_families_contributing_dc_current_job,all families,17.9772,0.5760,3143,R or spouse currently makes employee contributions to a current-job account-type plan
1989,pct_takeup_families_with_dc_plan,all families,75.8762,1.6330,826,among families with a current-job account-type plan
1989,agg_dc_employee_pct_of_current_wages,all families,2.7998,0.2292,3143,"annualized current employee DC contributions / annualized current main-job pay, all R+spouse employees (self-employed/no-pay plan holders excluded from both)"
1989,agg_dc_employer_pct_of_current_wages,all families,2.6437,0.2139,3143,"annualized current employer DC contributions / annualized current main-job pay, all R+spouse employees"
1989,agg_dc_total_pct_of_current_wages,all families,5.4436,0.3723,3143,"employee + employer / annualized current main-job pay, all R+spouse employees"
1989,pct_families_with_dc_plan_current_job,"working-age families (head 25-64, working)",37.6467,1.1183,1989,"R or spouse has account-type plan at current job (pension grid; DCPLANCJ-style, excl. plans already paying benefits)"
1989,pct_families_contributing_dc_current_job,"working-age families (head 25-64, working)",28.9191,0.9063,1989,R or spouse currently makes employee contributions to a current-job account-type plan
1989,pct_takeup_families_with_dc_plan,"working-age families (head 25-64, working)",76.8170,1.7364,785,among families with a current-job account-type plan
1989,agg_dc_employee_pct_of_current_wages,"working-age families (head 25-64, working)",2.9400,0.2415,1989,"annualized current employee DC contributions / annualized current main-job pay, all R+spouse employees (self-employed/no-pay plan holders excluded from both)"
1989,agg_dc_employer_pct_of_current_wages,"working-age families (head 25-64, working)",2.6782,0.2313,1989,"annualized current employer DC contributions / annualized current main-job pay, all R+spouse employees"
1989,agg_dc_total_pct_of_current_wages,"working-age families (head 25-64, working)",5.6182,0.3912,1989,"employee + employer / annualized current main-job pay, all R+spouse employees"
1989,pct_families_with_dc_plan_current_job,head age 25-34,30.0615,2.1499,452,"R or spouse has account-type plan at current job (pension grid; DCPLANCJ-style, excl. plans already paying benefits)"
1989,pct_families_contributing_dc_current_job,head age 25-34,21.6156,1.7457,452,R or spouse currently makes employee contributions to a current-job account-type plan
1989,pct_takeup_families_with_dc_plan,head age 25-34,71.9045,3.5100,147,among families with a current-job account-type plan
1989,agg_dc_employee_pct_of_current_wages,head age 25-34,2.0092,0.4372,452,"annualized current employee DC contributions / annualized current main-job pay, all R+spouse employees (self-employed/no-pay plan holders excluded from both)"
1989,agg_dc_employer_pct_of_current_wages,head age 25-34,2.0966,0.3469,452,"annualized current employer DC contributions / annualized current main-job pay, all R+spouse employees"
1989,agg_dc_total_pct_of_current_wages,head age 25-34,4.1058,0.6986,452,"employee + employer / annualized current main-job pay, all R+spouse employees"
1989,pct_families_with_dc_plan_current_job,head age 35-44,37.2489,1.8217,685,"R or spouse has account-type plan at current job (pension grid; DCPLANCJ-style, excl. plans already paying benefits)"
1989,pct_families_contributing_dc_current_job,head age 35-44,29.7343,1.7188,685,R or spouse currently makes employee contributions to a current-job account-type plan
1989,pct_takeup_families_with_dc_plan,head age 35-44,79.8260,2.9018,252,among families with a current-job account-type plan
1989,agg_dc_employee_pct_of_current_wages,head age 35-44,2.4799,0.2925,685,"annualized current employee DC contributions / annualized current main-job pay, all R+spouse employees (self-employed/no-pay plan holders excluded from both)"
1989,agg_dc_employer_pct_of_current_wages,head age 35-44,2.6598,0.3798,685,"annualized current employer DC contributions / annualized current main-job pay, all R+spouse employees"
1989,agg_dc_total_pct_of_current_wages,head age 35-44,5.1397,0.5408,685,"employee + employer / annualized current main-job pay, all R+spouse employees"
1989,pct_families_with_dc_plan_current_job,head age 45-54,34.6807,2.3680,614,"R or spouse has account-type plan at current job (pension grid; DCPLANCJ-style, excl. plans already paying benefits)"
1989,pct_families_contributing_dc_current_job,head age 45-54,27.6850,2.1609,614,R or spouse currently makes employee contributions to a current-job account-type plan
1989,pct_takeup_families_with_dc_plan,head age 45-54,79.8282,2.7560,241,among families with a current-job account-type plan
1989,agg_dc_employee_pct_of_current_wages,head age 45-54,4.4222,0.6770,614,"annualized current employee DC contributions / annualized current main-job pay, all R+spouse employees (self-employed/no-pay plan holders excluded from both)"
1989,agg_dc_employer_pct_of_current_wages,head age 45-54,3.1655,0.4897,614,"annualized current employer DC contributions / annualized current main-job pay, all R+spouse employees"
1989,agg_dc_total_pct_of_current_wages,head age 45-54,7.5878,0.9772,614,"employee + employer / annualized current main-job pay, all R+spouse employees"
1989,pct_families_with_dc_plan_current_job,head age 55-64,22.1586,2.3329,569,"R or spouse has account-type plan at current job (pension grid; DCPLANCJ-style, excl. plans already paying benefits)"
1989,pct_families_contributing_dc_current_job,head age 55-64,16.5782,1.8379,569,R or spouse currently makes employee contributions to a current-job account-type plan
1989,pct_takeup_families_with_dc_plan,head age 55-64,74.8163,5.1364,156,among families with a current-job account-type plan
1989,agg_dc_employee_pct_of_current_wages,head age 55-64,3.1577,0.5641,569,"annualized current employee DC contributions / annualized current main-job pay, all R+spouse employees (self-employed/no-pay plan holders excluded from both)"
1989,agg_dc_employer_pct_of_current_wages,head age 55-64,2.9051,0.6544,569,"annualized current employer DC contributions / annualized current main-job pay, all R+spouse employees"
1989,agg_dc_total_pct_of_current_wages,head age 55-64,6.0628,1.0726,569,"employee + employer / annualized current main-job pay, all R+spouse employees"
1989,pct_families_with_dc_plan_current_job,income quartile 1,3.3371,0.7226,572,"R or spouse has account-type plan at current job (pension grid; DCPLANCJ-style, excl. plans already paying benefits)"
1989,pct_families_contributing_dc_current_job,income quartile 1,2.0904,0.5378,572,R or spouse currently makes employee contributions to a current-job account-type plan
1989,pct_takeup_families_with_dc_plan,income quartile 1,62.6403,11.8718,19,among families with a current-job account-type plan
1989,agg_dc_employee_pct_of_current_wages,income quartile 1,0.8696,0.2781,572,"annualized current employee DC contributions / annualized current main-job pay, all R+spouse employees (self-employed/no-pay plan holders excluded from both)"
1989,agg_dc_employer_pct_of_current_wages,income quartile 1,1.1558,0.3134,572,"annualized current employer DC contributions / annualized current main-job pay, all R+spouse employees"
1989,agg_dc_total_pct_of_current_wages,income quartile 1,2.0255,0.5584,572,"employee + employer / annualized current main-job pay, all R+spouse employees"
1989,pct_families_with_dc_plan_current_job,income quartile 2,14.2163,1.6092,572,"R or spouse has account-type plan at current job (pension grid; DCPLANCJ-style, excl. plans already paying benefits)"
1989,pct_families_contributing_dc_current_job,income quartile 2,9.5411,1.1566,572,R or spouse currently makes employee contributions to a current-job account-type plan
1989,pct_takeup_families_with_dc_plan,income quartile 2,67.1135,6.0210,77,among families with a current-job account-type plan
1989,agg_dc_employee_pct_of_current_wages,income quartile 2,1.2981,0.2047,572,"annualized current employee DC contributions / annualized current main-job pay, all R+spouse employees (self-employed/no-pay plan holders excluded from both)"
1989,agg_dc_employer_pct_of_current_wages,income quartile 2,1.2666,0.2450,572,"annualized current employer DC contributions / annualized current main-job pay, all R+spouse employees"
1989,agg_dc_total_pct_of_current_wages,income quartile 2,2.5647,0.3556,572,"employee + employer / annualized current main-job pay, all R+spouse employees"
1989,pct_families_with_dc_plan_current_job,income quartile 3,30.9667,1.4647,637,"R or spouse has account-type plan at current job (pension grid; DCPLANCJ-style, excl. plans already paying benefits)"
1989,pct_families_contributing_dc_current_job,income quartile 3,23.9382,1.3367,637,R or spouse currently makes employee contributions to a current-job account-type plan
1989,pct_takeup_families_with_dc_plan,income quartile 3,77.3029,3.1928,192,among families with a current-job account-type plan
1989,agg_dc_employee_pct_of_current_wages,income quartile 3,2.0457,0.1861,637,"annualized current employee DC contributions / annualized current main-job pay, all R+spouse employees (self-employed/no-pay plan holders excluded from both)"
1989,agg_dc_employer_pct_of_current_wages,income quartile 3,2.0726,0.2473,637,"annualized current employer DC contributions / annualized current main-job pay, all R+spouse employees"
1989,agg_dc_total_pct_of_current_wages,income quartile 3,4.1182,0.3171,637,"employee + employer / annualized current main-job pay, all R+spouse employees"
1989,pct_families_with_dc_plan_current_job,income quartile 4,46.2399,1.8440,1362,"R or spouse has account-type plan at current job (pension grid; DCPLANCJ-style, excl. plans already paying benefits)"
1989,pct_families_contributing_dc_current_job,income quartile 4,36.3307,1.9255,1362,R or spouse currently makes employee contributions to a current-job account-type plan
1989,pct_takeup_families_with_dc_plan,income quartile 4,78.5702,2.3469,538,among families with a current-job account-type plan
1989,agg_dc_employee_pct_of_current_wages,income quartile 4,3.4818,0.3675,1362,"annualized current employee DC contributions / annualized current main-job pay, all R+spouse employees (self-employed/no-pay plan holders excluded from both)"
1989,agg_dc_employer_pct_of_current_wages,income quartile 4,3.2005,0.3324,1362,"annualized current employer DC contributions / annualized current main-job pay, all R+spouse employees"
1989,agg_dc_total_pct_of_current_wages,income quartile 4,6.6823,0.5848,1362,"employee + employer / annualized current main-job pay, all R+spouse employees"
1989,agg_dc_employee_pct_of_covered_pay,all families,6.5924,0.3972,826,contributions / annualized pay of R+spouse who have a current-job account plan (families with a plan)
1989,agg_dc_employer_pct_of_covered_pay,all families,6.2249,0.4174,826,contributions / annualized pay of R+spouse who have a current-job account plan (families with a plan)
1989,agg_dc_total_pct_of_covered_pay,all families,12.8173,0.5887,826,contributions / annualized pay of R+spouse who have a current-job account plan (families with a plan)
1989,agg_dc_employee_pct_of_covered_pay,"working-age families (head 25-64, working)",6.6922,0.4057,785,contributions / annualized pay of R+spouse who have a current-job account plan (families with a plan)
1989,agg_dc_employer_pct_of_covered_pay,"working-age families (head 25-64, working)",6.0963,0.4539,785,contributions / annualized pay of R+spouse who have a current-job account plan (families with a plan)
1989,agg_dc_total_pct_of_covered_pay,"working-age families (head 25-64, working)",12.7885,0.6186,785,contributions / annualized pay of R+spouse who have a current-job account plan (families with a plan)
1989,agg_dc_employee_pct_of_covered_pay,head age 25-34,5.2207,0.9904,147,contributions / annualized pay of R+spouse who have a current-job account plan (families with a plan)
1989,agg_dc_employer_pct_of_covered_pay,head age 25-34,5.4478,0.7952,147,contributions / annualized pay of R+spouse who have a current-job account plan (families with a plan)
1989,agg_dc_total_pct_of_covered_pay,head age 25-34,10.6685,1.5268,147,contributions / annualized pay of R+spouse who have a current-job account plan (families with a plan)
1989,agg_dc_employee_pct_of_covered_pay,head age 35-44,5.8322,0.4835,252,contributions / annualized pay of R+spouse who have a current-job account plan (families with a plan)
1989,agg_dc_employer_pct_of_covered_pay,head age 35-44,6.2553,0.7593,252,contributions / annualized pay of R+spouse who have a current-job account plan (families with a plan)
1989,agg_dc_total_pct_of_covered_pay,head age 35-44,12.0875,0.8363,252,contributions / annualized pay of R+spouse who have a current-job account plan (families with a plan)
1989,agg_dc_employee_pct_of_covered_pay,head age 45-54,8.8639,0.9432,241,contributions / annualized pay of R+spouse who have a current-job account plan (families with a plan)
1989,agg_dc_employer_pct_of_covered_pay,head age 45-54,6.3450,0.8190,241,contributions / annualized pay of R+spouse who have a current-job account plan (families with a plan)
1989,agg_dc_total_pct_of_covered_pay,head age 45-54,15.2090,1.2338,241,contributions / annualized pay of R+spouse who have a current-job account plan (families with a plan)
1989,agg_dc_employee_pct_of_covered_pay,head age 55-64,6.8603,1.0508,156,contributions / annualized pay of R+spouse who have a current-job account plan (families with a plan)
1989,agg_dc_employer_pct_of_covered_pay,head age 55-64,6.3116,1.2992,156,contributions / annualized pay of R+spouse who have a current-job account plan (families with a plan)
1989,agg_dc_total_pct_of_covered_pay,head age 55-64,13.1719,1.9910,156,contributions / annualized pay of R+spouse who have a current-job account plan (families with a plan)
1989,agg_dc_employee_pct_of_covered_pay,income quartile 1,5.1698,1.5579,19,contributions / annualized pay of R+spouse who have a current-job account plan (families with a plan)
1989,agg_dc_employer_pct_of_covered_pay,income quartile 1,6.8710,4.1128,19,contributions / annualized pay of R+spouse who have a current-job account plan (families with a plan)
1989,agg_dc_total_pct_of_covered_pay,income quartile 1,12.0408,5.1539,19,contributions / annualized pay of R+spouse who have a current-job account plan (families with a plan)
1989,agg_dc_employee_pct_of_covered_pay,income quartile 2,4.2546,0.8291,77,contributions / annualized pay of R+spouse who have a current-job account plan (families with a plan)
1989,agg_dc_employer_pct_of_covered_pay,income quartile 2,4.1516,0.8739,77,contributions / annualized pay of R+spouse who have a current-job account plan (families with a plan)
1989,agg_dc_total_pct_of_covered_pay,income quartile 2,8.4062,1.4020,77,contributions / annualized pay of R+spouse who have a current-job account plan (families with a plan)
1989,agg_dc_employee_pct_of_covered_pay,income quartile 3,5.6020,0.3675,192,contributions / annualized pay of R+spouse who have a current-job account plan (families with a plan)
1989,agg_dc_employer_pct_of_covered_pay,income quartile 3,5.6757,0.6770,192,contributions / annualized pay of R+spouse who have a current-job account plan (families with a plan)
1989,agg_dc_total_pct_of_covered_pay,income quartile 3,11.2777,0.7220,192,contributions / annualized pay of R+spouse who have a current-job account plan (families with a plan)
1989,agg_dc_employee_pct_of_covered_pay,income quartile 4,7.1735,0.5784,538,contributions / annualized pay of R+spouse who have a current-job account plan (families with a plan)
1989,agg_dc_employer_pct_of_covered_pay,income quartile 4,6.5941,0.5562,538,contributions / annualized pay of R+spouse who have a current-job account plan (families with a plan)
1989,agg_dc_total_pct_of_covered_pay,income quartile 4,13.7676,0.8150,538,contributions / annualized pay of R+spouse who have a current-job account plan (families with a plan)
1989,pct_takeup_workers_with_dc_plan,"workers with current-job account plan, all ages",74.7781,1.5301,948,person currently contributes / person has current-job account-type plan
1989,median_employee_pct_of_pay,"workers with current-job account plan, all ages",6.0000,0.1708,672,sum over the person's current-job account plans; contributors only
1989,mean_employee_pct_of_pay,"workers with current-job account plan, all ages",7.4485,0.3036,672,contributors only
1989,median_employer_pct_of_pay,"workers with current-job account plan, all ages",3.0000,0.0246,633,employee contributors; 0 where employer does not contribute
1989,mean_employer_pct_of_pay,"workers with current-job account plan, all ages",4.9984,0.3591,633,employee contributors; 0 where employer does not contribute
1989,median_employer_pct_of_pay_if_employer_contributes,"workers with current-job account plan, all ages",4.0000,0.2694,493,employee contributors with employer contribution > 0
1989,median_total_pct_of_pay,"workers with current-job account plan, all ages",10.0000,0.1628,633,employee + employer; employee contributors
1989,mean_total_pct_of_pay,"workers with current-job account plan, all ages",12.5445,0.4615,633,employee + employer; employee contributors
1989,mean_employee_pct_of_pay_capped25,"workers with current-job account plan, all ages",7.1854,0.2523,672,contributors; each person's rate capped at 25% of pay
1989,mean_employer_pct_of_pay_capped25,"workers with current-job account plan, all ages",4.4172,0.2430,633,employee contributors; employer rate capped at 25%
1989,mean_total_pct_of_pay_capped25,"workers with current-job account plan, all ages",11.6887,0.3379,633,"employee + employer, each capped at 25%"
1989,pct_contributors_with_employer_contribution,"workers with current-job account plan, all ages",78.5309,1.9487,633,employee contributors whose employer also contributes
1989,pct_takeup_workers_with_dc_plan,"workers with current-job account plan, age 25-64",75.5697,1.5910,915,person currently contributes / person has current-job account-type plan
1989,median_employee_pct_of_pay,"workers with current-job account plan, age 25-64",6.0000,0.1403,657,sum over the person's current-job account plans; contributors only
1989,mean_employee_pct_of_pay,"workers with current-job account plan, age 25-64",7.4874,0.3036,657,contributors only
1989,median_employer_pct_of_pay,"workers with current-job account plan, age 25-64",3.0000,0.0303,619,employee contributors; 0 where employer does not contribute
1989,mean_employer_pct_of_pay,"workers with current-job account plan, age 25-64",5.0026,0.3771,619,employee contributors; 0 where employer does not contribute
1989,median_employer_pct_of_pay_if_employer_contributes,"workers with current-job account plan, age 25-64",4.0000,0.3056,483,employee contributors with employer contribution > 0
1989,median_total_pct_of_pay,"workers with current-job account plan, age 25-64",10.0000,0.1346,619,employee + employer; employee contributors
1989,mean_total_pct_of_pay,"workers with current-job account plan, age 25-64",12.5923,0.4768,619,employee + employer; employee contributors
1989,mean_employee_pct_of_pay_capped25,"workers with current-job account plan, age 25-64",7.2197,0.2477,657,contributors; each person's rate capped at 25% of pay
1989,mean_employer_pct_of_pay_capped25,"workers with current-job account plan, age 25-64",4.4208,0.2549,619,employee contributors; employer rate capped at 25%
1989,mean_total_pct_of_pay_capped25,"workers with current-job account plan, age 25-64",11.7306,0.3471,619,"employee + employer, each capped at 25%"
1989,pct_contributors_with_employer_contribution,"workers with current-job account plan, age 25-64",78.2101,1.9902,619,employee contributors whose employer also contributes
1989,pct_takeup_workers_with_dc_plan,worker age 25-34,71.7837,3.5187,172,person currently contributes / person has current-job account-type plan
1989,median_employee_pct_of_pay,worker age 25-34,4.4400,0.5682,127,sum over the person's current-job account plans; contributors only
1989,mean_employee_pct_of_pay,worker age 25-34,5.7210,0.5868,127,contributors only
1989,median_employer_pct_of_pay,worker age 25-34,3.0000,0.2413,120,employee contributors; 0 where employer does not contribute
1989,mean_employer_pct_of_pay,worker age 25-34,4.7204,0.6884,120,employee contributors; 0 where employer does not contribute
1989,median_employer_pct_of_pay_if_employer_contributes,worker age 25-34,3.0000,0.6443,99,employee contributors with employer contribution > 0
1989,median_total_pct_of_pay,worker age 25-34,8.0000,0.4734,120,employee + employer; employee contributors
1989,mean_total_pct_of_pay,worker age 25-34,10.4449,0.8272,120,employee + employer; employee contributors
1989,mean_employee_pct_of_pay_capped25,worker age 25-34,5.4891,0.4228,127,contributors; each person's rate capped at 25% of pay
1989,mean_employer_pct_of_pay_capped25,worker age 25-34,3.9849,0.3818,120,employee contributors; employer rate capped at 25%
1989,mean_total_pct_of_pay_capped25,worker age 25-34,9.4681,0.5254,120,"employee + employer, each capped at 25%"
1989,pct_contributors_with_employer_contribution,worker age 25-34,79.2654,4.0175,120,employee contributors whose employer also contributes
1989,pct_takeup_workers_with_dc_plan,worker age 35-44,78.2435,2.7315,304,person currently contributes / person has current-job account-type plan
1989,median_employee_pct_of_pay,worker age 35-44,5.3800,0.6088,226,sum over the person's current-job account plans; contributors only
1989,mean_employee_pct_of_pay,worker age 35-44,6.8237,0.3937,226,contributors only
1989,median_employer_pct_of_pay,worker age 35-44,3.0000,0.2876,210,employee contributors; 0 where employer does not contribute
1989,mean_employer_pct_of_pay,worker age 35-44,4.5838,0.5792,210,employee contributors; 0 where employer does not contribute
1989,median_employer_pct_of_pay_if_employer_contributes,worker age 35-44,4.0000,0.5210,160,employee contributors with employer contribution > 0
1989,median_total_pct_of_pay,worker age 35-44,9.0000,0.7525,210,employee + employer; employee contributors
1989,mean_total_pct_of_pay,worker age 35-44,11.5037,0.7567,210,employee + employer; employee contributors
1989,mean_employee_pct_of_pay_capped25,worker age 35-44,6.6779,0.3550,226,contributors; each person's rate capped at 25% of pay
1989,mean_employer_pct_of_pay_capped25,worker age 35-44,4.1593,0.4681,210,employee contributors; employer rate capped at 25%
1989,mean_total_pct_of_pay_capped25,worker age 35-44,10.9272,0.6371,210,"employee + employer, each capped at 25%"
1989,pct_contributors_with_employer_contribution,worker age 35-44,77.2574,3.2917,210,employee contributors whose employer also contributes
1989,pct_takeup_workers_with_dc_plan,worker age 45-54,77.9089,2.9881,279,person currently contributes / person has current-job account-type plan
1989,median_employee_pct_of_pay,worker age 45-54,7.5700,0.7230,196,sum over the person's current-job account plans; contributors only
1989,mean_employee_pct_of_pay,worker age 45-54,9.7667,0.7005,196,contributors only
1989,median_employer_pct_of_pay,worker age 45-54,3.0000,0.3433,185,employee contributors; 0 where employer does not contribute
1989,mean_employer_pct_of_pay,worker age 45-54,5.4106,0.7113,185,employee contributors; 0 where employer does not contribute
1989,median_employer_pct_of_pay_if_employer_contributes,worker age 45-54,4.0000,0.7681,145,employee contributors with employer contribution > 0
1989,median_total_pct_of_pay,worker age 45-54,12.5000,0.9584,185,employee + employer; employee contributors
1989,mean_total_pct_of_pay,worker age 45-54,15.3709,1.0006,185,employee + employer; employee contributors
1989,mean_employee_pct_of_pay_capped25,worker age 45-54,9.3108,0.5533,196,contributors; each person's rate capped at 25% of pay
1989,mean_employer_pct_of_pay_capped25,worker age 45-54,4.7430,0.4956,185,employee contributors; employer rate capped at 25%
1989,mean_total_pct_of_pay_capped25,worker age 45-54,14.2341,0.7115,185,"employee + employer, each capped at 25%"
1989,pct_contributors_with_employer_contribution,worker age 45-54,78.8657,3.2819,185,employee contributors whose employer also contributes
1989,pct_takeup_workers_with_dc_plan,worker age 55-64,71.8726,4.8766,160,person currently contributes / person has current-job account-type plan
1989,median_employee_pct_of_pay,worker age 55-64,7.0000,1.0808,108,sum over the person's current-job account plans; contributors only
1989,mean_employee_pct_of_pay,worker age 55-64,8.8827,0.8182,108,contributors only
1989,median_employer_pct_of_pay,worker age 55-64,3.0000,0.7057,104,employee contributors; 0 where employer does not contribute
1989,mean_employer_pct_of_pay,worker age 55-64,6.1952,0.8924,104,employee contributors; 0 where employer does not contribute
1989,median_employer_pct_of_pay_if_employer_contributes,worker age 55-64,4.5000,1.3169,79,employee contributors with employer contribution > 0
1989,median_total_pct_of_pay,worker age 55-64,12.0000,1.1422,104,employee + employer; employee contributors
1989,mean_total_pct_of_pay,worker age 55-64,15.1710,1.4508,104,employee + employer; employee contributors
1989,mean_employee_pct_of_pay_capped25,worker age 55-64,8.5555,0.6963,108,contributors; each person's rate capped at 25% of pay
1989,mean_employer_pct_of_pay_capped25,worker age 55-64,5.6862,0.7436,104,employee contributors; employer rate capped at 25%
1989,mean_total_pct_of_pay_capped25,worker age 55-64,14.3056,1.2248,104,"employee + employer, each capped at 25%"
1989,pct_contributors_with_employer_contribution,worker age 55-64,77.1027,4.9328,104,employee contributors whose employer also contributes
1989,pct_takeup_workers_with_dc_plan,family income quartile 1,66.8665,11.8877,20,person currently contributes / person has current-job account-type plan
1989,median_employee_pct_of_pay,family income quartile 1,2.0000,2.2386,11,sum over the person's current-job account plans; contributors only
1989,mean_employee_pct_of_pay,family income quartile 1,4.6549,1.0028,11,contributors only
1989,median_employer_pct_of_pay,family income quartile 1,4.5000,2.1540,10,employee contributors; 0 where employer does not contribute
1989,mean_employer_pct_of_pay,family income quartile 1,6.9398,2.3914,10,employee contributors; 0 where employer does not contribute
1989,median_employer_pct_of_pay_if_employer_contributes,family income quartile 1,5.0000,2.1735,8,employee contributors with employer contribution > 0
1989,median_total_pct_of_pay,family income quartile 1,6.4200,4.0920,10,employee + employer; employee contributors
1989,mean_total_pct_of_pay,family income quartile 1,11.2603,2.7166,10,employee + employer; employee contributors
1989,mean_employee_pct_of_pay_capped25,family income quartile 1,4.6549,1.0028,11,contributors; each person's rate capped at 25% of pay
1989,mean_employer_pct_of_pay_capped25,family income quartile 1,5.4313,1.3816,10,employee contributors; employer rate capped at 25%
1989,mean_total_pct_of_pay_capped25,family income quartile 1,9.7518,1.9603,10,"employee + employer, each capped at 25%"
1989,pct_contributors_with_employer_contribution,family income quartile 1,87.8722,15.6241,10,employee contributors whose employer also contributes
1989,pct_takeup_workers_with_dc_plan,family income quartile 2,66.6833,5.9339,78,person currently contributes / person has current-job account-type plan
1989,median_employee_pct_of_pay,family income quartile 2,4.0000,0.6334,56,sum over the person's current-job account plans; contributors only
1989,mean_employee_pct_of_pay,family income quartile 2,5.6620,0.7769,56,contributors only
1989,median_employer_pct_of_pay,family income quartile 2,3.0000,0.6163,50,employee contributors; 0 where employer does not contribute
1989,mean_employer_pct_of_pay,family income quartile 2,4.4881,1.0498,50,employee contributors; 0 where employer does not contribute
1989,median_employer_pct_of_pay_if_employer_contributes,family income quartile 2,3.0000,0.5425,41,employee contributors with employer contribution > 0
1989,median_total_pct_of_pay,family income quartile 2,8.0000,0.9616,50,employee + employer; employee contributors
1989,mean_total_pct_of_pay,family income quartile 2,10.4168,1.3988,50,employee + employer; employee contributors
1989,mean_employee_pct_of_pay_capped25,family income quartile 2,5.6620,0.7769,56,contributors; each person's rate capped at 25% of pay
1989,mean_employer_pct_of_pay_capped25,family income quartile 2,4.0718,0.6264,50,employee contributors; employer rate capped at 25%
1989,mean_total_pct_of_pay_capped25,family income quartile 2,10.0005,1.1365,50,"employee + employer, each capped at 25%"
1989,pct_contributors_with_employer_contribution,family income quartile 2,83.3513,6.0558,50,employee contributors whose employer also contributes
1989,pct_takeup_workers_with_dc_plan,family income quartile 3,74.7681,3.3797,209,person currently contributes / person has current-job account-type plan
1989,median_employee_pct_of_pay,family income quartile 3,5.0000,0.4463,156,sum over the person's current-job account plans; contributors only
1989,mean_employee_pct_of_pay,family income quartile 3,6.1802,0.3038,156,contributors only
1989,median_employer_pct_of_pay,family income quartile 3,3.0000,0.4300,150,employee contributors; 0 where employer does not contribute
1989,mean_employer_pct_of_pay,family income quartile 3,5.1181,0.5348,150,employee contributors; 0 where employer does not contribute
1989,median_employer_pct_of_pay_if_employer_contributes,family income quartile 3,5.0000,0.5843,122,employee contributors with employer contribution > 0
1989,median_total_pct_of_pay,family income quartile 3,9.0000,0.5506,150,employee + employer; employee contributors
1989,mean_total_pct_of_pay,family income quartile 3,11.4046,0.5772,150,employee + employer; employee contributors
1989,mean_employee_pct_of_pay_capped25,family income quartile 3,6.1726,0.2985,156,contributors; each person's rate capped at 25% of pay
1989,mean_employer_pct_of_pay_capped25,family income quartile 3,4.4799,0.3649,150,employee contributors; employer rate capped at 25%
1989,mean_total_pct_of_pay_capped25,family income quartile 3,10.7584,0.4979,150,"employee + employer, each capped at 25%"
1989,pct_contributors_with_employer_contribution,family income quartile 3,79.4672,3.4955,150,employee contributors whose employer also contributes
1989,pct_takeup_workers_with_dc_plan,family income quartile 4,77.4251,2.0746,641,person currently contributes / person has current-job account-type plan
1989,median_employee_pct_of_pay,family income quartile 4,6.0000,0.5913,449,sum over the person's current-job account plans; contributors only
1989,mean_employee_pct_of_pay,family income quartile 4,8.7583,0.5484,449,contributors only
1989,median_employer_pct_of_pay,family income quartile 4,3.0000,0.1429,423,employee contributors; 0 where employer does not contribute
1989,mean_employer_pct_of_pay,family income quartile 4,4.9224,0.5370,423,employee contributors; 0 where employer does not contribute
1989,median_employer_pct_of_pay_if_employer_contributes,family income quartile 4,4.0000,0.4416,322,employee contributors with employer contribution > 0
1989,median_total_pct_of_pay,family income quartile 4,10.2000,0.5467,423,employee + employer; employee contributors
1989,mean_total_pct_of_pay,family income quartile 4,13.7444,0.7592,423,employee + employer; employee contributors
1989,mean_employee_pct_of_pay_capped25,family income quartile 4,8.2707,0.4362,449,contributors; each person's rate capped at 25% of pay
1989,mean_employer_pct_of_pay_capped25,family income quartile 4,4.3941,0.3897,423,employee contributors; employer rate capped at 25%
1989,mean_total_pct_of_pay_capped25,family income quartile 4,12.7093,0.5756,423,"employee + employer, each capped at 25%"
1989,pct_contributors_with_employer_contribution,family income quartile 4,76.4163,2.7076,423,employee contributors whose employer also contributes
1992,pct_families_with_dc_plan_current_job,all families,25.0325,0.7684,3906,"R or spouse has account-type plan at current job (pension grid; DCPLANCJ-style, excl. plans already paying benefits)"
1992,pct_families_contributing_dc_current_job,all families,19.6624,0.7225,3906,R or spouse currently makes employee contributions to a current-job account-type plan
1992,pct_takeup_families_with_dc_plan,all families,78.5475,1.1572,1008,among families with a current-job account-type plan
1992,agg_dc_employee_pct_of_current_wages,all families,3.2666,0.2433,3906,"annualized current employee DC contributions / annualized current main-job pay, all R+spouse employees (self-employed/no-pay plan holders excluded from both)"
1992,agg_dc_employer_pct_of_current_wages,all families,2.7697,0.2246,3906,"annualized current employer DC contributions / annualized current main-job pay, all R+spouse employees"
1992,agg_dc_total_pct_of_current_wages,all families,6.0363,0.4176,3906,"employee + employer / annualized current main-job pay, all R+spouse employees"
1992,pct_families_with_dc_plan_current_job,"working-age families (head 25-64, working)",39.0762,1.1289,2412,"R or spouse has account-type plan at current job (pension grid; DCPLANCJ-style, excl. plans already paying benefits)"
1992,pct_families_contributing_dc_current_job,"working-age families (head 25-64, working)",31.0344,1.0780,2412,R or spouse currently makes employee contributions to a current-job account-type plan
1992,pct_takeup_families_with_dc_plan,"working-age families (head 25-64, working)",79.4201,1.2096,924,among families with a current-job account-type plan
1992,agg_dc_employee_pct_of_current_wages,"working-age families (head 25-64, working)",3.4272,0.2642,2412,"annualized current employee DC contributions / annualized current main-job pay, all R+spouse employees (self-employed/no-pay plan holders excluded from both)"
1992,agg_dc_employer_pct_of_current_wages,"working-age families (head 25-64, working)",2.9085,0.2403,2412,"annualized current employer DC contributions / annualized current main-job pay, all R+spouse employees"
1992,agg_dc_total_pct_of_current_wages,"working-age families (head 25-64, working)",6.3357,0.4485,2412,"employee + employer / annualized current main-job pay, all R+spouse employees"
1992,pct_families_with_dc_plan_current_job,head age 25-34,30.4815,1.6802,628,"R or spouse has account-type plan at current job (pension grid; DCPLANCJ-style, excl. plans already paying benefits)"
1992,pct_families_contributing_dc_current_job,head age 25-34,23.6718,1.6176,628,R or spouse currently makes employee contributions to a current-job account-type plan
1992,pct_takeup_families_with_dc_plan,head age 25-34,77.6595,3.0911,190,among families with a current-job account-type plan
1992,agg_dc_employee_pct_of_current_wages,head age 25-34,2.7254,0.3806,628,"annualized current employee DC contributions / annualized current main-job pay, all R+spouse employees (self-employed/no-pay plan holders excluded from both)"
1992,agg_dc_employer_pct_of_current_wages,head age 25-34,2.7127,0.5097,628,"annualized current employer DC contributions / annualized current main-job pay, all R+spouse employees"
1992,agg_dc_total_pct_of_current_wages,head age 25-34,5.4381,0.8100,628,"employee + employer / annualized current main-job pay, all R+spouse employees"
1992,pct_families_with_dc_plan_current_job,head age 35-44,36.2950,1.8473,834,"R or spouse has account-type plan at current job (pension grid; DCPLANCJ-style, excl. plans already paying benefits)"
1992,pct_families_contributing_dc_current_job,head age 35-44,29.1698,1.5530,834,R or spouse currently makes employee contributions to a current-job account-type plan
1992,pct_takeup_families_with_dc_plan,head age 35-44,80.3687,1.8186,297,among families with a current-job account-type plan
1992,agg_dc_employee_pct_of_current_wages,head age 35-44,2.8445,0.4032,834,"annualized current employee DC contributions / annualized current main-job pay, all R+spouse employees (self-employed/no-pay plan holders excluded from both)"
1992,agg_dc_employer_pct_of_current_wages,head age 35-44,2.5980,0.2515,834,"annualized current employer DC contributions / annualized current main-job pay, all R+spouse employees"
1992,agg_dc_total_pct_of_current_wages,head age 35-44,5.4426,0.5259,834,"employee + employer / annualized current main-job pay, all R+spouse employees"
1992,pct_families_with_dc_plan_current_job,head age 45-54,37.3907,1.8099,777,"R or spouse has account-type plan at current job (pension grid; DCPLANCJ-style, excl. plans already paying benefits)"
1992,pct_families_contributing_dc_current_job,head age 45-54,31.0525,1.7386,777,R or spouse currently makes employee contributions to a current-job account-type plan
1992,pct_takeup_families_with_dc_plan,head age 45-54,83.0488,2.3628,289,among families with a current-job account-type plan
1992,agg_dc_employee_pct_of_current_wages,head age 45-54,3.9467,0.3024,777,"annualized current employee DC contributions / annualized current main-job pay, all R+spouse employees (self-employed/no-pay plan holders excluded from both)"
1992,agg_dc_employer_pct_of_current_wages,head age 45-54,2.7622,0.2482,777,"annualized current employer DC contributions / annualized current main-job pay, all R+spouse employees"
1992,agg_dc_total_pct_of_current_wages,head age 45-54,6.7089,0.4286,777,"employee + employer / annualized current main-job pay, all R+spouse employees"
1992,pct_families_with_dc_plan_current_job,head age 55-64,24.7173,1.6742,589,"R or spouse has account-type plan at current job (pension grid; DCPLANCJ-style, excl. plans already paying benefits)"
1992,pct_families_contributing_dc_current_job,head age 55-64,18.4256,1.4880,589,R or spouse currently makes employee contributions to a current-job account-type plan
1992,pct_takeup_families_with_dc_plan,head age 55-64,74.5453,3.5103,169,among families with a current-job account-type plan
1992,agg_dc_employee_pct_of_current_wages,head age 55-64,4.8394,1.2476,589,"annualized current employee DC contributions / annualized current main-job pay, all R+spouse employees (self-employed/no-pay plan holders excluded from both)"
1992,agg_dc_employer_pct_of_current_wages,head age 55-64,3.9345,1.2193,589,"annualized current employer DC contributions / annualized current main-job pay, all R+spouse employees"
1992,agg_dc_total_pct_of_current_wages,head age 55-64,8.7738,2.4117,589,"employee + employer / annualized current main-job pay, all R+spouse employees"
1992,pct_families_with_dc_plan_current_job,income quartile 1,2.1304,0.5311,690,"R or spouse has account-type plan at current job (pension grid; DCPLANCJ-style, excl. plans already paying benefits)"
1992,pct_families_contributing_dc_current_job,income quartile 1,1.6140,0.4805,690,R or spouse currently makes employee contributions to a current-job account-type plan
1992,pct_takeup_families_with_dc_plan,income quartile 1,75.7590,9.7507,16,among families with a current-job account-type plan
1992,agg_dc_employee_pct_of_current_wages,income quartile 1,0.3419,0.1477,690,"annualized current employee DC contributions / annualized current main-job pay, all R+spouse employees (self-employed/no-pay plan holders excluded from both)"
1992,agg_dc_employer_pct_of_current_wages,income quartile 1,0.3616,0.1433,690,"annualized current employer DC contributions / annualized current main-job pay, all R+spouse employees"
1992,agg_dc_total_pct_of_current_wages,income quartile 1,0.7035,0.2326,690,"employee + employer / annualized current main-job pay, all R+spouse employees"
1992,pct_families_with_dc_plan_current_job,income quartile 2,15.7842,0.9945,714,"R or spouse has account-type plan at current job (pension grid; DCPLANCJ-style, excl. plans already paying benefits)"
1992,pct_families_contributing_dc_current_job,income quartile 2,9.8147,0.8896,714,R or spouse currently makes employee contributions to a current-job account-type plan
1992,pct_takeup_families_with_dc_plan,income quartile 2,62.1805,4.3087,111,among families with a current-job account-type plan
1992,agg_dc_employee_pct_of_current_wages,income quartile 2,0.9702,0.1588,714,"annualized current employee DC contributions / annualized current main-job pay, all R+spouse employees (self-employed/no-pay plan holders excluded from both)"
1992,agg_dc_employer_pct_of_current_wages,income quartile 2,1.3016,0.1893,714,"annualized current employer DC contributions / annualized current main-job pay, all R+spouse employees"
1992,agg_dc_total_pct_of_current_wages,income quartile 2,2.2719,0.2617,714,"employee + employer / annualized current main-job pay, all R+spouse employees"
1992,pct_families_with_dc_plan_current_job,income quartile 3,32.4863,1.7404,733,"R or spouse has account-type plan at current job (pension grid; DCPLANCJ-style, excl. plans already paying benefits)"
1992,pct_families_contributing_dc_current_job,income quartile 3,24.4423,1.5760,733,R or spouse currently makes employee contributions to a current-job account-type plan
1992,pct_takeup_families_with_dc_plan,income quartile 3,75.2387,1.8250,226,among families with a current-job account-type plan
1992,agg_dc_employee_pct_of_current_wages,income quartile 3,2.2652,0.2263,733,"annualized current employee DC contributions / annualized current main-job pay, all R+spouse employees (self-employed/no-pay plan holders excluded from both)"
1992,agg_dc_employer_pct_of_current_wages,income quartile 3,2.0217,0.1979,733,"annualized current employer DC contributions / annualized current main-job pay, all R+spouse employees"
1992,agg_dc_total_pct_of_current_wages,income quartile 3,4.2869,0.3490,733,"employee + employer / annualized current main-job pay, all R+spouse employees"
1992,pct_families_with_dc_plan_current_job,income quartile 4,49.7177,1.5486,1769,"R or spouse has account-type plan at current job (pension grid; DCPLANCJ-style, excl. plans already paying benefits)"
1992,pct_families_contributing_dc_current_job,income quartile 4,42.7686,1.6412,1769,R or spouse currently makes employee contributions to a current-job account-type plan
1992,pct_takeup_families_with_dc_plan,income quartile 4,86.0229,1.5483,655,among families with a current-job account-type plan
1992,agg_dc_employee_pct_of_current_wages,income quartile 4,4.5000,0.4342,1769,"annualized current employee DC contributions / annualized current main-job pay, all R+spouse employees (self-employed/no-pay plan holders excluded from both)"
1992,agg_dc_employer_pct_of_current_wages,income quartile 4,3.6485,0.3990,1769,"annualized current employer DC contributions / annualized current main-job pay, all R+spouse employees"
1992,agg_dc_total_pct_of_current_wages,income quartile 4,8.1485,0.7541,1769,"employee + employer / annualized current main-job pay, all R+spouse employees"
1992,agg_dc_employee_pct_of_covered_pay,all families,7.5497,0.5120,1008,contributions / annualized pay of R+spouse who have a current-job account plan (families with a plan)
1992,agg_dc_employer_pct_of_covered_pay,all families,6.4012,0.4727,1008,contributions / annualized pay of R+spouse who have a current-job account plan (families with a plan)
1992,agg_dc_total_pct_of_covered_pay,all families,13.9509,0.8543,1008,contributions / annualized pay of R+spouse who have a current-job account plan (families with a plan)
1992,agg_dc_employee_pct_of_covered_pay,"working-age families (head 25-64, working)",7.6765,0.5397,924,contributions / annualized pay of R+spouse who have a current-job account plan (families with a plan)
1992,agg_dc_employer_pct_of_covered_pay,"working-age families (head 25-64, working)",6.5147,0.4942,924,contributions / annualized pay of R+spouse who have a current-job account plan (families with a plan)
1992,agg_dc_total_pct_of_covered_pay,"working-age families (head 25-64, working)",14.1912,0.8943,924,contributions / annualized pay of R+spouse who have a current-job account plan (families with a plan)
1992,agg_dc_employee_pct_of_covered_pay,head age 25-34,7.1462,0.8400,190,contributions / annualized pay of R+spouse who have a current-job account plan (families with a plan)
1992,agg_dc_employer_pct_of_covered_pay,head age 25-34,7.1129,1.2806,190,contributions / annualized pay of R+spouse who have a current-job account plan (families with a plan)
1992,agg_dc_total_pct_of_covered_pay,head age 25-34,14.2591,1.9127,190,contributions / annualized pay of R+spouse who have a current-job account plan (families with a plan)
1992,agg_dc_employee_pct_of_covered_pay,head age 35-44,6.5001,0.8953,297,contributions / annualized pay of R+spouse who have a current-job account plan (families with a plan)
1992,agg_dc_employer_pct_of_covered_pay,head age 35-44,5.9369,0.4811,297,contributions / annualized pay of R+spouse who have a current-job account plan (families with a plan)
1992,agg_dc_total_pct_of_covered_pay,head age 35-44,12.4370,1.0683,297,contributions / annualized pay of R+spouse who have a current-job account plan (families with a plan)
1992,agg_dc_employee_pct_of_covered_pay,head age 45-54,8.2585,0.5356,289,contributions / annualized pay of R+spouse who have a current-job account plan (families with a plan)
1992,agg_dc_employer_pct_of_covered_pay,head age 45-54,5.7798,0.4652,289,contributions / annualized pay of R+spouse who have a current-job account plan (families with a plan)
1992,agg_dc_total_pct_of_covered_pay,head age 45-54,14.0383,0.6812,289,contributions / annualized pay of R+spouse who have a current-job account plan (families with a plan)
1992,agg_dc_employee_pct_of_covered_pay,head age 55-64,9.4937,2.1083,169,contributions / annualized pay of R+spouse who have a current-job account plan (families with a plan)
1992,agg_dc_employer_pct_of_covered_pay,head age 55-64,7.7185,2.1556,169,contributions / annualized pay of R+spouse who have a current-job account plan (families with a plan)
1992,agg_dc_total_pct_of_covered_pay,head age 55-64,17.2122,4.1478,169,contributions / annualized pay of R+spouse who have a current-job account plan (families with a plan)
1992,agg_dc_employee_pct_of_covered_pay,income quartile 1,4.9981,2.2806,16,contributions / annualized pay of R+spouse who have a current-job account plan (families with a plan)
1992,agg_dc_employer_pct_of_covered_pay,income quartile 1,5.2852,2.2035,16,contributions / annualized pay of R+spouse who have a current-job account plan (families with a plan)
1992,agg_dc_total_pct_of_covered_pay,income quartile 1,10.2833,3.3826,16,contributions / annualized pay of R+spouse who have a current-job account plan (families with a plan)
1992,agg_dc_employee_pct_of_covered_pay,income quartile 2,4.3184,0.6616,111,contributions / annualized pay of R+spouse who have a current-job account plan (families with a plan)
1992,agg_dc_employer_pct_of_covered_pay,income quartile 2,5.7935,0.7147,111,contributions / annualized pay of R+spouse who have a current-job account plan (families with a plan)
1992,agg_dc_total_pct_of_covered_pay,income quartile 2,10.1119,0.9598,111,contributions / annualized pay of R+spouse who have a current-job account plan (families with a plan)
1992,agg_dc_employee_pct_of_covered_pay,income quartile 3,6.1201,0.4437,226,contributions / annualized pay of R+spouse who have a current-job account plan (families with a plan)
1992,agg_dc_employer_pct_of_covered_pay,income quartile 3,5.4624,0.4562,226,contributions / annualized pay of R+spouse who have a current-job account plan (families with a plan)
1992,agg_dc_total_pct_of_covered_pay,income quartile 3,11.5824,0.6156,226,contributions / annualized pay of R+spouse who have a current-job account plan (families with a plan)
1992,agg_dc_employee_pct_of_covered_pay,income quartile 4,8.3612,0.7284,655,contributions / annualized pay of R+spouse who have a current-job account plan (families with a plan)
1992,agg_dc_employer_pct_of_covered_pay,income quartile 4,6.7791,0.6663,655,contributions / annualized pay of R+spouse who have a current-job account plan (families with a plan)
1992,agg_dc_total_pct_of_covered_pay,income quartile 4,15.1402,1.2272,655,contributions / annualized pay of R+spouse who have a current-job account plan (families with a plan)
1992,pct_takeup_workers_with_dc_plan,"workers with current-job account plan, all ages",76.9801,1.1342,1153,person currently contributes / person has current-job account-type plan
1992,median_employee_pct_of_pay,"workers with current-job account plan, all ages",6.0000,0.0515,819,sum over the person's current-job account plans; contributors only
1992,mean_employee_pct_of_pay,"workers with current-job account plan, all ages",8.6908,0.3526,819,contributors only
1992,median_employer_pct_of_pay,"workers with current-job account plan, all ages",3.0000,0.4468,748,employee contributors; 0 where employer does not contribute
1992,mean_employer_pct_of_pay,"workers with current-job account plan, all ages",5.9709,0.3271,748,employee contributors; 0 where employer does not contribute
1992,median_employer_pct_of_pay_if_employer_contributes,"workers with current-job account plan, all ages",5.0000,0.2021,581,employee contributors with employer contribution > 0
1992,median_total_pct_of_pay,"workers with current-job account plan, all ages",10.0000,0.3583,748,employee + employer; employee contributors
1992,mean_total_pct_of_pay,"workers with current-job account plan, all ages",14.6174,0.5482,748,employee + employer; employee contributors
1992,mean_employee_pct_of_pay_capped25,"workers with current-job account plan, all ages",7.6074,0.1818,819,contributors; each person's rate capped at 25% of pay
1992,mean_employer_pct_of_pay_capped25,"workers with current-job account plan, all ages",5.1562,0.2455,748,employee contributors; employer rate capped at 25%
1992,mean_total_pct_of_pay_capped25,"workers with current-job account plan, all ages",12.7257,0.3225,748,"employee + employer, each capped at 25%"
1992,pct_contributors_with_employer_contribution,"workers with current-job account plan, all ages",78.0506,1.6304,748,employee contributors whose employer also contributes
1992,pct_takeup_workers_with_dc_plan,"workers with current-job account plan, age 25-64",77.3694,1.1372,1096,person currently contributes / person has current-job account-type plan
1992,median_employee_pct_of_pay,"workers with current-job account plan, age 25-64",6.0000,0.0325,792,sum over the person's current-job account plans; contributors only
1992,mean_employee_pct_of_pay,"workers with current-job account plan, age 25-64",8.7927,0.3614,792,contributors only
1992,median_employer_pct_of_pay,"workers with current-job account plan, age 25-64",3.0000,0.4467,725,employee contributors; 0 where employer does not contribute
1992,mean_employer_pct_of_pay,"workers with current-job account plan, age 25-64",5.8156,0.3286,725,employee contributors; 0 where employer does not contribute
1992,median_employer_pct_of_pay_if_employer_contributes,"workers with current-job account plan, age 25-64",5.0000,0.1958,563,employee contributors with employer contribution > 0
1992,median_total_pct_of_pay,"workers with current-job account plan, age 25-64",10.0000,0.4132,725,employee + employer; employee contributors
1992,mean_total_pct_of_pay,"workers with current-job account plan, age 25-64",14.5645,0.5473,725,employee + employer; employee contributors
1992,mean_employee_pct_of_pay_capped25,"workers with current-job account plan, age 25-64",7.6806,0.1845,792,contributors; each person's rate capped at 25% of pay
1992,mean_employer_pct_of_pay_capped25,"workers with current-job account plan, age 25-64",5.1090,0.2461,725,employee contributors; employer rate capped at 25%
1992,mean_total_pct_of_pay_capped25,"workers with current-job account plan, age 25-64",12.7523,0.3224,725,"employee + employer, each capped at 25%"
1992,pct_contributors_with_employer_contribution,"workers with current-job account plan, age 25-64",78.1629,1.6503,725,employee contributors whose employer also contributes
1992,pct_takeup_workers_with_dc_plan,worker age 25-34,75.8632,2.7854,239,person currently contributes / person has current-job account-type plan
1992,median_employee_pct_of_pay,worker age 25-34,5.0000,0.3242,181,sum over the person's current-job account plans; contributors only
1992,mean_employee_pct_of_pay,worker age 25-34,7.4103,0.5851,181,contributors only
1992,median_employer_pct_of_pay,worker age 25-34,3.7500,0.6365,166,employee contributors; 0 where employer does not contribute
1992,mean_employer_pct_of_pay,worker age 25-34,5.8597,0.5500,166,employee contributors; 0 where employer does not contribute
1992,median_employer_pct_of_pay_if_employer_contributes,worker age 25-34,4.5000,0.5142,142,employee contributors with employer contribution > 0
1992,median_total_pct_of_pay,worker age 25-34,10.0000,0.3427,166,employee + employer; employee contributors
1992,mean_total_pct_of_pay,worker age 25-34,13.4116,0.8665,166,employee + employer; employee contributors
1992,mean_employee_pct_of_pay_capped25,worker age 25-34,6.6025,0.2950,181,contributors; each person's rate capped at 25% of pay
1992,mean_employer_pct_of_pay_capped25,worker age 25-34,5.0252,0.3182,166,employee contributors; employer rate capped at 25%
1992,mean_total_pct_of_pay_capped25,worker age 25-34,11.6991,0.4254,166,"employee + employer, each capped at 25%"
1992,pct_contributors_with_employer_contribution,worker age 25-34,84.8726,2.3520,166,employee contributors whose employer also contributes
1992,pct_takeup_workers_with_dc_plan,worker age 35-44,77.8106,1.9908,350,person currently contributes / person has current-job account-type plan
1992,median_employee_pct_of_pay,worker age 35-44,5.7800,0.5663,263,sum over the person's current-job account plans; contributors only
1992,mean_employee_pct_of_pay,worker age 35-44,8.1698,0.4678,263,contributors only
1992,median_employer_pct_of_pay,worker age 35-44,3.5000,0.6372,244,employee contributors; 0 where employer does not contribute
1992,mean_employer_pct_of_pay,worker age 35-44,6.0550,0.5617,244,employee contributors; 0 where employer does not contribute
1992,median_employer_pct_of_pay_if_employer_contributes,worker age 35-44,5.0000,0.0916,191,employee contributors with employer contribution > 0
1992,median_total_pct_of_pay,worker age 35-44,10.0000,0.3056,244,employee + employer; employee contributors
1992,mean_total_pct_of_pay,worker age 35-44,13.9824,0.8886,244,employee + employer; employee contributors
1992,mean_employee_pct_of_pay_capped25,worker age 35-44,7.1210,0.2953,263,contributors; each person's rate capped at 25% of pay
1992,mean_employer_pct_of_pay_capped25,worker age 35-44,5.3260,0.3965,244,employee contributors; employer rate capped at 25%
1992,mean_total_pct_of_pay_capped25,worker age 35-44,12.3873,0.5473,244,"employee + employer, each capped at 25%"
1992,pct_contributors_with_employer_contribution,worker age 35-44,78.3380,2.6518,244,employee contributors whose employer also contributes
1992,pct_takeup_workers_with_dc_plan,worker age 45-54,80.6789,2.4543,333,person currently contributes / person has current-job account-type plan
1992,median_employee_pct_of_pay,worker age 45-54,7.0000,0.5357,241,sum over the person's current-job account plans; contributors only
1992,mean_employee_pct_of_pay,worker age 45-54,10.1085,0.6665,241,contributors only
1992,median_employer_pct_of_pay,worker age 45-54,3.0000,0.3716,218,employee contributors; 0 where employer does not contribute
1992,mean_employer_pct_of_pay,worker age 45-54,5.5127,0.5581,218,employee contributors; 0 where employer does not contribute
1992,median_employer_pct_of_pay_if_employer_contributes,worker age 45-54,4.6200,0.6994,158,employee contributors with employer contribution > 0
1992,median_total_pct_of_pay,worker age 45-54,11.6700,0.9714,218,employee + employer; employee contributors
1992,mean_total_pct_of_pay,worker age 45-54,15.7107,0.8904,218,employee + employer; employee contributors
1992,mean_employee_pct_of_pay_capped25,worker age 45-54,8.7474,0.3316,241,contributors; each person's rate capped at 25% of pay
1992,mean_employer_pct_of_pay_capped25,worker age 45-54,5.0533,0.4816,218,employee contributors; employer rate capped at 25%
1992,mean_total_pct_of_pay_capped25,worker age 45-54,13.7872,0.5721,218,"employee + employer, each capped at 25%"
1992,pct_contributors_with_employer_contribution,worker age 45-54,73.4616,3.0775,218,employee contributors whose employer also contributes
1992,pct_takeup_workers_with_dc_plan,worker age 55-64,72.3462,4.0451,174,person currently contributes / person has current-job account-type plan
1992,median_employee_pct_of_pay,worker age 55-64,8.0000,2.1493,107,sum over the person's current-job account plans; contributors only
1992,mean_employee_pct_of_pay,worker age 55-64,11.2030,1.2905,107,contributors only
1992,median_employer_pct_of_pay,worker age 55-64,3.0000,0.3550,97,employee contributors; 0 where employer does not contribute
1992,mean_employer_pct_of_pay,worker age 55-64,5.6105,0.8201,97,employee contributors; 0 where employer does not contribute
1992,median_employer_pct_of_pay_if_employer_contributes,worker age 55-64,4.2900,0.7269,72,employee contributors with employer contribution > 0
1992,median_total_pct_of_pay,worker age 55-64,13.0000,1.6019,97,employee + employer; employee contributors
1992,mean_total_pct_of_pay,worker age 55-64,16.8933,1.9225,97,employee + employer; employee contributors
1992,mean_employee_pct_of_pay_capped25,worker age 55-64,9.7027,0.7544,107,contributors; each person's rate capped at 25% of pay
1992,mean_employer_pct_of_pay_capped25,worker age 55-64,4.7209,0.5528,97,employee contributors; employer rate capped at 25%
1992,mean_total_pct_of_pay_capped25,worker age 55-64,14.3318,1.0441,97,"employee + employer, each capped at 25%"
1992,pct_contributors_with_employer_contribution,worker age 55-64,70.9021,5.2916,97,employee contributors whose employer also contributes
1992,pct_takeup_workers_with_dc_plan,family income quartile 1,75.7590,9.7507,16,person currently contributes / person has current-job account-type plan
1992,median_employee_pct_of_pay,family income quartile 1,4.0800,3.1207,11,sum over the person's current-job account plans; contributors only
1992,mean_employee_pct_of_pay,family income quartile 1,6.9104,2.7619,11,contributors only
1992,median_employer_pct_of_pay,family income quartile 1,3.0000,2.4169,10,employee contributors; 0 where employer does not contribute
1992,mean_employer_pct_of_pay,family income quartile 1,5.4540,2.7644,10,employee contributors; 0 where employer does not contribute
1992,median_employer_pct_of_pay_if_employer_contributes,family income quartile 1,3.0000,2.9637,8,employee contributors with employer contribution > 0
1992,median_total_pct_of_pay,family income quartile 1,7.7200,6.3475,10,employee + employer; employee contributors
1992,mean_total_pct_of_pay,family income quartile 1,12.3127,4.2413,10,employee + employer; employee contributors
1992,mean_employee_pct_of_pay_capped25,family income quartile 1,6.9104,2.7619,11,contributors; each person's rate capped at 25% of pay
1992,mean_employer_pct_of_pay_capped25,family income quartile 1,5.2866,2.1646,10,employee contributors; employer rate capped at 25%
1992,mean_total_pct_of_pay_capped25,family income quartile 1,12.1454,3.9602,10,"employee + employer, each capped at 25%"
1992,pct_contributors_with_employer_contribution,family income quartile 1,86.2501,15.4110,10,employee contributors whose employer also contributes
1992,pct_takeup_workers_with_dc_plan,family income quartile 2,61.6788,4.2483,112,person currently contributes / person has current-job account-type plan
1992,median_employee_pct_of_pay,family income quartile 2,4.0000,0.2138,70,sum over the person's current-job account plans; contributors only
1992,mean_employee_pct_of_pay,family income quartile 2,7.7332,1.3200,70,contributors only
1992,median_employer_pct_of_pay,family income quartile 2,2.8600,0.5950,62,employee contributors; 0 where employer does not contribute
1992,mean_employer_pct_of_pay,family income quartile 2,6.9756,1.2702,62,employee contributors; 0 where employer does not contribute
1992,median_employer_pct_of_pay_if_employer_contributes,family income quartile 2,4.5000,1.0271,45,employee contributors with employer contribution > 0
1992,median_total_pct_of_pay,family income quartile 2,7.8500,0.7626,62,employee + employer; employee contributors
1992,mean_total_pct_of_pay,family income quartile 2,15.0186,2.2039,62,employee + employer; employee contributors
1992,mean_employee_pct_of_pay_capped25,family income quartile 2,6.0323,0.5643,70,contributors; each person's rate capped at 25% of pay
1992,mean_employer_pct_of_pay_capped25,family income quartile 2,5.4460,0.6628,62,employee contributors; employer rate capped at 25%
1992,mean_total_pct_of_pay_capped25,family income quartile 2,11.5825,0.9826,62,"employee + employer, each capped at 25%"
1992,pct_contributors_with_employer_contribution,family income quartile 2,73.5147,4.6138,62,employee contributors whose employer also contributes
1992,pct_takeup_workers_with_dc_plan,family income quartile 3,73.9820,1.8072,251,person currently contributes / person has current-job account-type plan
1992,median_employee_pct_of_pay,family income quartile 3,6.0000,0.0581,184,sum over the person's current-job account plans; contributors only
1992,mean_employee_pct_of_pay,family income quartile 3,7.9645,0.4349,184,contributors only
1992,median_employer_pct_of_pay,family income quartile 3,3.5000,0.4790,168,employee contributors; 0 where employer does not contribute
1992,mean_employer_pct_of_pay,family income quartile 3,6.7792,0.6341,168,employee contributors; 0 where employer does not contribute
1992,median_employer_pct_of_pay_if_employer_contributes,family income quartile 3,4.8100,0.4099,134,employee contributors with employer contribution > 0
1992,median_total_pct_of_pay,family income quartile 3,10.0000,0.2736,168,employee + employer; employee contributors
1992,mean_total_pct_of_pay,family income quartile 3,14.6814,0.7603,168,employee + employer; employee contributors
1992,mean_employee_pct_of_pay_capped25,family income quartile 3,7.4705,0.2710,184,contributors; each person's rate capped at 25% of pay
1992,mean_employer_pct_of_pay_capped25,family income quartile 3,5.5754,0.4274,168,employee contributors; employer rate capped at 25%
1992,mean_total_pct_of_pay_capped25,family income quartile 3,12.9377,0.4488,168,"employee + employer, each capped at 25%"
1992,pct_contributors_with_employer_contribution,family income quartile 3,79.2384,2.9764,168,employee contributors whose employer also contributes
1992,pct_takeup_workers_with_dc_plan,family income quartile 4,82.8585,1.4335,774,person currently contributes / person has current-job account-type plan
1992,median_employee_pct_of_pay,family income quartile 4,6.0000,0.0880,554,sum over the person's current-job account plans; contributors only
1992,mean_employee_pct_of_pay,family income quartile 4,9.3242,0.5176,554,contributors only
1992,median_employer_pct_of_pay,family income quartile 4,3.0000,0.4976,508,employee contributors; 0 where employer does not contribute
1992,mean_employer_pct_of_pay,family income quartile 4,5.3634,0.3513,508,employee contributors; 0 where employer does not contribute
1992,median_employer_pct_of_pay_if_employer_contributes,family income quartile 4,5.0000,0.2909,394,employee contributors with employer contribution > 0
1992,median_total_pct_of_pay,family income quartile 4,11.0000,0.6564,508,employee + employer; employee contributors
1992,mean_total_pct_of_pay,family income quartile 4,14.5790,0.6958,508,employee + employer; employee contributors
1992,mean_employee_pct_of_pay_capped25,family income quartile 4,8.0128,0.2773,554,contributors; each person's rate capped at 25% of pay
1992,mean_employer_pct_of_pay_capped25,family income quartile 4,4.8729,0.2741,508,employee contributors; employer rate capped at 25%
1992,mean_total_pct_of_pay_capped25,family income quartile 4,12.8503,0.4160,508,"employee + employer, each capped at 25%"
1992,pct_contributors_with_employer_contribution,family income quartile 4,78.0285,2.4745,508,employee contributors whose employer also contributes
1995,pct_families_with_dc_plan_current_job,all families,30.0386,0.5814,4299,"R or spouse has account-type plan at current job (pension grid; DCPLANCJ-style, excl. plans already paying benefits)"
1995,pct_families_contributing_dc_current_job,all families,24.9943,0.5842,4299,R or spouse currently makes employee contributions to a current-job account-type plan
1995,pct_takeup_families_with_dc_plan,all families,83.2070,1.0069,1342,among families with a current-job account-type plan
1995,agg_dc_employee_pct_of_current_wages,all families,3.1476,0.1158,4299,"annualized current employee DC contributions / annualized current main-job pay, all R+spouse employees (self-employed/no-pay plan holders excluded from both)"
1995,agg_dc_employer_pct_of_current_wages,all families,2.6838,0.1234,4299,"annualized current employer DC contributions / annualized current main-job pay, all R+spouse employees"
1995,agg_dc_total_pct_of_current_wages,all families,5.8314,0.1828,4299,"employee + employer / annualized current main-job pay, all R+spouse employees"
1995,pct_families_with_dc_plan_current_job,"working-age families (head 25-64, working)",45.6104,0.9009,2710,"R or spouse has account-type plan at current job (pension grid; DCPLANCJ-style, excl. plans already paying benefits)"
1995,pct_families_contributing_dc_current_job,"working-age families (head 25-64, working)",38.0998,0.9111,2710,R or spouse currently makes employee contributions to a current-job account-type plan
1995,pct_takeup_families_with_dc_plan,"working-age families (head 25-64, working)",83.5332,1.0424,1213,among families with a current-job account-type plan
1995,agg_dc_employee_pct_of_current_wages,"working-age families (head 25-64, working)",3.2808,0.1237,2710,"annualized current employee DC contributions / annualized current main-job pay, all R+spouse employees (self-employed/no-pay plan holders excluded from both)"
1995,agg_dc_employer_pct_of_current_wages,"working-age families (head 25-64, working)",2.7106,0.1260,2710,"annualized current employer DC contributions / annualized current main-job pay, all R+spouse employees"
1995,agg_dc_total_pct_of_current_wages,"working-age families (head 25-64, working)",5.9914,0.1965,2710,"employee + employer / annualized current main-job pay, all R+spouse employees"
1995,pct_families_with_dc_plan_current_job,head age 25-34,41.8742,1.4678,686,"R or spouse has account-type plan at current job (pension grid; DCPLANCJ-style, excl. plans already paying benefits)"
1995,pct_families_contributing_dc_current_job,head age 25-34,34.7039,1.4035,686,R or spouse currently makes employee contributions to a current-job account-type plan
1995,pct_takeup_families_with_dc_plan,head age 25-34,82.8767,1.6683,283,among families with a current-job account-type plan
1995,agg_dc_employee_pct_of_current_wages,head age 25-34,2.6762,0.1932,686,"annualized current employee DC contributions / annualized current main-job pay, all R+spouse employees (self-employed/no-pay plan holders excluded from both)"
1995,agg_dc_employer_pct_of_current_wages,head age 25-34,2.6237,0.2105,686,"annualized current employer DC contributions / annualized current main-job pay, all R+spouse employees"
1995,agg_dc_total_pct_of_current_wages,head age 25-34,5.2998,0.3625,686,"employee + employer / annualized current main-job pay, all R+spouse employees"
1995,pct_families_with_dc_plan_current_job,head age 35-44,41.8045,1.4894,908,"R or spouse has account-type plan at current job (pension grid; DCPLANCJ-style, excl. plans already paying benefits)"
1995,pct_families_contributing_dc_current_job,head age 35-44,34.5972,1.4235,908,R or spouse currently makes employee contributions to a current-job account-type plan
1995,pct_takeup_families_with_dc_plan,head age 35-44,82.7594,1.8091,376,among families with a current-job account-type plan
1995,agg_dc_employee_pct_of_current_wages,head age 35-44,3.0233,0.2320,908,"annualized current employee DC contributions / annualized current main-job pay, all R+spouse employees (self-employed/no-pay plan holders excluded from both)"
1995,agg_dc_employer_pct_of_current_wages,head age 35-44,2.8634,0.3743,908,"annualized current employer DC contributions / annualized current main-job pay, all R+spouse employees"
1995,agg_dc_total_pct_of_current_wages,head age 35-44,5.8867,0.5265,908,"employee + employer / annualized current main-job pay, all R+spouse employees"
1995,pct_families_with_dc_plan_current_job,head age 45-54,43.0366,1.5091,907,"R or spouse has account-type plan at current job (pension grid; DCPLANCJ-style, excl. plans already paying benefits)"
1995,pct_families_contributing_dc_current_job,head age 45-54,37.8705,1.4259,907,R or spouse currently makes employee contributions to a current-job account-type plan
1995,pct_takeup_families_with_dc_plan,head age 45-54,87.9960,1.3274,393,among families with a current-job account-type plan
1995,agg_dc_employee_pct_of_current_wages,head age 45-54,3.9259,0.2388,907,"annualized current employee DC contributions / annualized current main-job pay, all R+spouse employees (self-employed/no-pay plan holders excluded from both)"
1995,agg_dc_employer_pct_of_current_wages,head age 45-54,2.5960,0.2248,907,"annualized current employer DC contributions / annualized current main-job pay, all R+spouse employees"
1995,agg_dc_total_pct_of_current_wages,head age 45-54,6.5220,0.3024,907,"employee + employer / annualized current main-job pay, all R+spouse employees"
1995,pct_families_with_dc_plan_current_job,head age 55-64,24.8258,1.7475,658,"R or spouse has account-type plan at current job (pension grid; DCPLANCJ-style, excl. plans already paying benefits)"
1995,pct_families_contributing_dc_current_job,head age 55-64,19.5405,1.7059,658,R or spouse currently makes employee contributions to a current-job account-type plan
1995,pct_takeup_families_with_dc_plan,head age 55-64,78.7105,3.2564,192,among families with a current-job account-type plan
1995,agg_dc_employee_pct_of_current_wages,head age 55-64,3.3464,0.3163,658,"annualized current employee DC contributions / annualized current main-job pay, all R+spouse employees (self-employed/no-pay plan holders excluded from both)"
1995,agg_dc_employer_pct_of_current_wages,head age 55-64,2.4817,0.2612,658,"annualized current employer DC contributions / annualized current main-job pay, all R+spouse employees"
1995,agg_dc_total_pct_of_current_wages,head age 55-64,5.8280,0.4605,658,"employee + employer / annualized current main-job pay, all R+spouse employees"
1995,pct_families_with_dc_plan_current_job,income quartile 1,3.5974,0.5379,743,"R or spouse has account-type plan at current job (pension grid; DCPLANCJ-style, excl. plans already paying benefits)"
1995,pct_families_contributing_dc_current_job,income quartile 1,2.0725,0.4470,743,R or spouse currently makes employee contributions to a current-job account-type plan
1995,pct_takeup_families_with_dc_plan,income quartile 1,57.6131,9.7028,34,among families with a current-job account-type plan
1995,agg_dc_employee_pct_of_current_wages,income quartile 1,0.3164,0.1004,743,"annualized current employee DC contributions / annualized current main-job pay, all R+spouse employees (self-employed/no-pay plan holders excluded from both)"
1995,agg_dc_employer_pct_of_current_wages,income quartile 1,0.7981,0.2387,743,"annualized current employer DC contributions / annualized current main-job pay, all R+spouse employees"
1995,agg_dc_total_pct_of_current_wages,income quartile 1,1.1145,0.2482,743,"employee + employer / annualized current main-job pay, all R+spouse employees"
1995,pct_families_with_dc_plan_current_job,income quartile 2,20.2424,1.0070,785,"R or spouse has account-type plan at current job (pension grid; DCPLANCJ-style, excl. plans already paying benefits)"
1995,pct_families_contributing_dc_current_job,income quartile 2,15.5738,0.9555,785,R or spouse currently makes employee contributions to a current-job account-type plan
1995,pct_takeup_families_with_dc_plan,income quartile 2,76.9368,3.0959,166,among families with a current-job account-type plan
1995,agg_dc_employee_pct_of_current_wages,income quartile 2,1.3574,0.1784,785,"annualized current employee DC contributions / annualized current main-job pay, all R+spouse employees (self-employed/no-pay plan holders excluded from both)"
1995,agg_dc_employer_pct_of_current_wages,income quartile 2,1.7733,0.1902,785,"annualized current employer DC contributions / annualized current main-job pay, all R+spouse employees"
1995,agg_dc_total_pct_of_current_wages,income quartile 2,3.1307,0.3114,785,"employee + employer / annualized current main-job pay, all R+spouse employees"
1995,pct_families_with_dc_plan_current_job,income quartile 3,41.6822,1.2129,859,"R or spouse has account-type plan at current job (pension grid; DCPLANCJ-style, excl. plans already paying benefits)"
1995,pct_families_contributing_dc_current_job,income quartile 3,35.6111,1.2773,859,R or spouse currently makes employee contributions to a current-job account-type plan
1995,pct_takeup_families_with_dc_plan,income quartile 3,85.4347,1.6211,339,among families with a current-job account-type plan
1995,agg_dc_employee_pct_of_current_wages,income quartile 3,2.6626,0.1623,859,"annualized current employee DC contributions / annualized current main-job pay, all R+spouse employees (self-employed/no-pay plan holders excluded from both)"
1995,agg_dc_employer_pct_of_current_wages,income quartile 3,2.5048,0.1775,859,"annualized current employer DC contributions / annualized current main-job pay, all R+spouse employees"
1995,agg_dc_total_pct_of_current_wages,income quartile 3,5.1674,0.2973,859,"employee + employer / annualized current main-job pay, all R+spouse employees"
1995,pct_families_with_dc_plan_current_job,income quartile 4,54.6215,1.3439,1912,"R or spouse has account-type plan at current job (pension grid; DCPLANCJ-style, excl. plans already paying benefits)"
1995,pct_families_contributing_dc_current_job,income quartile 4,46.7099,1.3496,1912,R or spouse currently makes employee contributions to a current-job account-type plan
1995,pct_takeup_families_with_dc_plan,income quartile 4,85.5156,1.2124,803,among families with a current-job account-type plan
1995,agg_dc_employee_pct_of_current_wages,income quartile 4,3.9920,0.1893,1912,"annualized current employee DC contributions / annualized current main-job pay, all R+spouse employees (self-employed/no-pay plan holders excluded from both)"
1995,agg_dc_employer_pct_of_current_wages,income quartile 4,3.1174,0.2045,1912,"annualized current employer DC contributions / annualized current main-job pay, all R+spouse employees"
1995,agg_dc_total_pct_of_current_wages,income quartile 4,7.1094,0.2950,1912,"employee + employer / annualized current main-job pay, all R+spouse employees"
1995,agg_dc_employee_pct_of_covered_pay,all families,6.3021,0.2036,1342,contributions / annualized pay of R+spouse who have a current-job account plan (families with a plan)
1995,agg_dc_employer_pct_of_covered_pay,all families,5.3736,0.2435,1342,contributions / annualized pay of R+spouse who have a current-job account plan (families with a plan)
1995,agg_dc_total_pct_of_covered_pay,all families,11.6757,0.3267,1342,contributions / annualized pay of R+spouse who have a current-job account plan (families with a plan)
1995,agg_dc_employee_pct_of_covered_pay,"working-age families (head 25-64, working)",6.3913,0.1996,1213,contributions / annualized pay of R+spouse who have a current-job account plan (families with a plan)
1995,agg_dc_employer_pct_of_covered_pay,"working-age families (head 25-64, working)",5.2807,0.2425,1213,contributions / annualized pay of R+spouse who have a current-job account plan (families with a plan)
1995,agg_dc_total_pct_of_covered_pay,"working-age families (head 25-64, working)",11.6720,0.3314,1213,contributions / annualized pay of R+spouse who have a current-job account plan (families with a plan)
1995,agg_dc_employee_pct_of_covered_pay,head age 25-34,5.6808,0.3097,283,contributions / annualized pay of R+spouse who have a current-job account plan (families with a plan)
1995,agg_dc_employer_pct_of_covered_pay,head age 25-34,5.5693,0.3451,283,contributions / annualized pay of R+spouse who have a current-job account plan (families with a plan)
1995,agg_dc_total_pct_of_covered_pay,head age 25-34,11.2500,0.5374,283,contributions / annualized pay of R+spouse who have a current-job account plan (families with a plan)
1995,agg_dc_employee_pct_of_covered_pay,head age 35-44,5.9208,0.3680,376,contributions / annualized pay of R+spouse who have a current-job account plan (families with a plan)
1995,agg_dc_employer_pct_of_covered_pay,head age 35-44,5.6076,0.6893,376,contributions / annualized pay of R+spouse who have a current-job account plan (families with a plan)
1995,agg_dc_total_pct_of_covered_pay,head age 35-44,11.5284,0.8878,376,contributions / annualized pay of R+spouse who have a current-job account plan (families with a plan)
1995,agg_dc_employee_pct_of_covered_pay,head age 45-54,7.1947,0.4104,393,contributions / annualized pay of R+spouse who have a current-job account plan (families with a plan)
1995,agg_dc_employer_pct_of_covered_pay,head age 45-54,4.7575,0.3866,393,contributions / annualized pay of R+spouse who have a current-job account plan (families with a plan)
1995,agg_dc_total_pct_of_covered_pay,head age 45-54,11.9521,0.4686,393,contributions / annualized pay of R+spouse who have a current-job account plan (families with a plan)
1995,agg_dc_employee_pct_of_covered_pay,head age 55-64,6.6661,0.4668,192,contributions / annualized pay of R+spouse who have a current-job account plan (families with a plan)
1995,agg_dc_employer_pct_of_covered_pay,head age 55-64,4.9436,0.4979,192,contributions / annualized pay of R+spouse who have a current-job account plan (families with a plan)
1995,agg_dc_total_pct_of_covered_pay,head age 55-64,11.6096,0.6812,192,contributions / annualized pay of R+spouse who have a current-job account plan (families with a plan)
1995,agg_dc_employee_pct_of_covered_pay,income quartile 1,2.1549,0.6905,34,contributions / annualized pay of R+spouse who have a current-job account plan (families with a plan)
1995,agg_dc_employer_pct_of_covered_pay,income quartile 1,5.4362,1.2245,34,contributions / annualized pay of R+spouse who have a current-job account plan (families with a plan)
1995,agg_dc_total_pct_of_covered_pay,income quartile 1,7.5911,0.9974,34,contributions / annualized pay of R+spouse who have a current-job account plan (families with a plan)
1995,agg_dc_employee_pct_of_covered_pay,income quartile 2,4.3025,0.4330,166,contributions / annualized pay of R+spouse who have a current-job account plan (families with a plan)
1995,agg_dc_employer_pct_of_covered_pay,income quartile 2,5.6209,0.5351,166,contributions / annualized pay of R+spouse who have a current-job account plan (families with a plan)
1995,agg_dc_total_pct_of_covered_pay,income quartile 2,9.9235,0.7071,166,contributions / annualized pay of R+spouse who have a current-job account plan (families with a plan)
1995,agg_dc_employee_pct_of_covered_pay,income quartile 3,5.6602,0.2875,339,contributions / annualized pay of R+spouse who have a current-job account plan (families with a plan)
1995,agg_dc_employer_pct_of_covered_pay,income quartile 3,5.3247,0.3390,339,contributions / annualized pay of R+spouse who have a current-job account plan (families with a plan)
1995,agg_dc_total_pct_of_covered_pay,income quartile 3,10.9849,0.5266,339,contributions / annualized pay of R+spouse who have a current-job account plan (families with a plan)
1995,agg_dc_employee_pct_of_covered_pay,income quartile 4,6.8629,0.2998,803,contributions / annualized pay of R+spouse who have a current-job account plan (families with a plan)
1995,agg_dc_employer_pct_of_covered_pay,income quartile 4,5.3594,0.3257,803,contributions / annualized pay of R+spouse who have a current-job account plan (families with a plan)
1995,agg_dc_total_pct_of_covered_pay,income quartile 4,12.2224,0.4300,803,contributions / annualized pay of R+spouse who have a current-job account plan (families with a plan)
1995,pct_takeup_workers_with_dc_plan,"workers with current-job account plan, all ages",82.0180,0.9446,1561,person currently contributes / person has current-job account-type plan
1995,median_employee_pct_of_pay,"workers with current-job account plan, all ages",6.0000,0.1268,1239,sum over the person's current-job account plans; contributors only
1995,mean_employee_pct_of_pay,"workers with current-job account plan, all ages",7.1707,0.1379,1239,contributors only
1995,median_employer_pct_of_pay,"workers with current-job account plan, all ages",4.0000,0.3127,1150,employee contributors; 0 where employer does not contribute
1995,mean_employer_pct_of_pay,"workers with current-job account plan, all ages",5.2436,0.2298,1150,employee contributors; 0 where employer does not contribute
1995,median_employer_pct_of_pay_if_employer_contributes,"workers with current-job account plan, all ages",4.8000,0.2792,941,employee contributors with employer contribution > 0
1995,median_total_pct_of_pay,"workers with current-job account plan, all ages",10.0000,0.0768,1149,employee + employer; employee contributors
1995,mean_total_pct_of_pay,"workers with current-job account plan, all ages",12.3952,0.2923,1149,employee + employer; employee contributors
1995,mean_employee_pct_of_pay_capped25,"workers with current-job account plan, all ages",7.1109,0.1298,1239,contributors; each person's rate capped at 25% of pay
1995,mean_employer_pct_of_pay_capped25,"workers with current-job account plan, all ages",4.9982,0.1876,1150,employee contributors; employer rate capped at 25%
1995,mean_total_pct_of_pay_capped25,"workers with current-job account plan, all ages",12.0922,0.2567,1149,"employee + employer, each capped at 25%"
1995,pct_contributors_with_employer_contribution,"workers with current-job account plan, all ages",82.4659,1.1646,1150,employee contributors whose employer also contributes
1995,pct_takeup_workers_with_dc_plan,"workers with current-job account plan, age 25-64",82.7298,0.9502,1461,person currently contributes / person has current-job account-type plan
1995,median_employee_pct_of_pay,"workers with current-job account plan, age 25-64",6.0000,0.1469,1178,sum over the person's current-job account plans; contributors only
1995,mean_employee_pct_of_pay,"workers with current-job account plan, age 25-64",7.1719,0.1458,1178,contributors only
1995,median_employer_pct_of_pay,"workers with current-job account plan, age 25-64",4.0000,0.3079,1092,employee contributors; 0 where employer does not contribute
1995,mean_employer_pct_of_pay,"workers with current-job account plan, age 25-64",5.2388,0.2406,1092,employee contributors; 0 where employer does not contribute
1995,median_employer_pct_of_pay_if_employer_contributes,"workers with current-job account plan, age 25-64",4.8000,0.2789,895,employee contributors with employer contribution > 0
1995,median_total_pct_of_pay,"workers with current-job account plan, age 25-64",10.0000,0.0866,1091,employee + employer; employee contributors
1995,mean_total_pct_of_pay,"workers with current-job account plan, age 25-64",12.4005,0.3052,1091,employee + employer; employee contributors
1995,mean_employee_pct_of_pay_capped25,"workers with current-job account plan, age 25-64",7.1131,0.1374,1178,contributors; each person's rate capped at 25% of pay
1995,mean_employer_pct_of_pay_capped25,"workers with current-job account plan, age 25-64",4.9943,0.1912,1092,employee contributors; employer rate capped at 25%
1995,mean_total_pct_of_pay_capped25,"workers with current-job account plan, age 25-64",12.0962,0.2646,1091,"employee + employer, each capped at 25%"
1995,pct_contributors_with_employer_contribution,"workers with current-job account plan, age 25-64",82.6087,1.2254,1092,employee contributors whose employer also contributes
1995,pct_takeup_workers_with_dc_plan,worker age 25-34,82.9869,1.4297,340,person currently contributes / person has current-job account-type plan
1995,median_employee_pct_of_pay,worker age 25-34,5.0000,0.3497,282,sum over the person's current-job account plans; contributors only
1995,mean_employee_pct_of_pay,worker age 25-34,6.3628,0.2828,282,contributors only
1995,median_employer_pct_of_pay,worker age 25-34,4.0000,0.3139,265,employee contributors; 0 where employer does not contribute
1995,mean_employer_pct_of_pay,worker age 25-34,5.3943,0.3861,265,employee contributors; 0 where employer does not contribute
1995,median_employer_pct_of_pay_if_employer_contributes,worker age 25-34,5.0000,0.3634,234,employee contributors with employer contribution > 0
1995,median_total_pct_of_pay,worker age 25-34,10.0000,0.2104,265,employee + employer; employee contributors
1995,mean_total_pct_of_pay,worker age 25-34,11.7715,0.5417,265,employee + employer; employee contributors
1995,mean_employee_pct_of_pay_capped25,worker age 25-34,6.2876,0.2527,282,contributors; each person's rate capped at 25% of pay
1995,mean_employer_pct_of_pay_capped25,worker age 25-34,5.2176,0.3341,265,employee contributors; employer rate capped at 25%
1995,mean_total_pct_of_pay_capped25,worker age 25-34,11.5147,0.4833,265,"employee + employer, each capped at 25%"
1995,pct_contributors_with_employer_contribution,worker age 25-34,87.5259,1.8213,265,employee contributors whose employer also contributes
1995,pct_takeup_workers_with_dc_plan,worker age 35-44,80.2250,1.7398,467,person currently contributes / person has current-job account-type plan
1995,median_employee_pct_of_pay,worker age 35-44,5.0000,0.5707,371,sum over the person's current-job account plans; contributors only
1995,mean_employee_pct_of_pay,worker age 35-44,6.7689,0.2799,371,contributors only
1995,median_employer_pct_of_pay,worker age 35-44,3.3300,0.4509,352,employee contributors; 0 where employer does not contribute
1995,mean_employer_pct_of_pay,worker age 35-44,5.5418,0.5423,352,employee contributors; 0 where employer does not contribute
1995,median_employer_pct_of_pay_if_employer_contributes,worker age 35-44,4.7000,0.4367,288,employee contributors with employer contribution > 0
1995,median_total_pct_of_pay,worker age 35-44,10.0000,0.4370,351,employee + employer; employee contributors
1995,mean_total_pct_of_pay,worker age 35-44,12.3630,0.6494,351,employee + employer; employee contributors
1995,mean_employee_pct_of_pay_capped25,worker age 35-44,6.7466,0.2860,371,contributors; each person's rate capped at 25% of pay
1995,mean_employer_pct_of_pay_capped25,worker age 35-44,5.1590,0.3868,352,employee contributors; employer rate capped at 25%
1995,mean_total_pct_of_pay_capped25,worker age 35-44,11.9557,0.4976,351,"employee + employer, each capped at 25%"
1995,pct_contributors_with_employer_contribution,worker age 35-44,80.2882,2.3026,352,employee contributors whose employer also contributes
1995,pct_takeup_workers_with_dc_plan,worker age 45-54,86.3038,1.3469,450,person currently contributes / person has current-job account-type plan
1995,median_employee_pct_of_pay,worker age 45-54,6.0000,0.3663,369,sum over the person's current-job account plans; contributors only
1995,mean_employee_pct_of_pay,worker age 45-54,7.9940,0.3161,369,contributors only
1995,median_employer_pct_of_pay,worker age 45-54,3.3400,0.5490,336,employee contributors; 0 where employer does not contribute
1995,mean_employer_pct_of_pay,worker age 45-54,4.8732,0.3849,336,employee contributors; 0 where employer does not contribute
1995,median_employer_pct_of_pay_if_employer_contributes,worker age 45-54,5.0000,0.2281,255,employee contributors with employer contribution > 0
1995,median_total_pct_of_pay,worker age 45-54,11.0000,0.4690,336,employee + employer; employee contributors
1995,mean_total_pct_of_pay,worker age 45-54,12.9451,0.4399,336,employee + employer; employee contributors
1995,mean_employee_pct_of_pay_capped25,worker age 45-54,7.9240,0.3155,369,contributors; each person's rate capped at 25% of pay
1995,mean_employer_pct_of_pay_capped25,worker age 45-54,4.7219,0.3050,336,employee contributors; employer rate capped at 25%
1995,mean_total_pct_of_pay_capped25,worker age 45-54,12.7309,0.4198,336,"employee + employer, each capped at 25%"
1995,pct_contributors_with_employer_contribution,worker age 45-54,80.0798,2.1837,336,employee contributors whose employer also contributes
1995,pct_takeup_workers_with_dc_plan,worker age 55-64,81.5724,3.1797,204,person currently contributes / person has current-job account-type plan
1995,median_employee_pct_of_pay,worker age 55-64,7.0000,0.9499,156,sum over the person's current-job account plans; contributors only
1995,mean_employee_pct_of_pay,worker age 55-64,8.7621,0.4849,156,contributors only
1995,median_employer_pct_of_pay,worker age 55-64,3.4300,0.6547,139,employee contributors; 0 where employer does not contribute
1995,mean_employer_pct_of_pay,worker age 55-64,4.6515,0.4080,139,employee contributors; 0 where employer does not contribute
1995,median_employer_pct_of_pay_if_employer_contributes,worker age 55-64,4.0000,0.8031,118,employee contributors with employer contribution > 0
1995,median_total_pct_of_pay,worker age 55-64,11.6400,0.8438,139,employee + employer; employee contributors
1995,mean_total_pct_of_pay,worker age 55-64,12.9832,0.6802,139,employee + employer; employee contributors
1995,mean_employee_pct_of_pay_capped25,worker age 55-64,8.6555,0.4690,156,contributors; each person's rate capped at 25% of pay
1995,mean_employer_pct_of_pay_capped25,worker age 55-64,4.4444,0.4006,139,employee contributors; employer rate capped at 25%
1995,mean_total_pct_of_pay_capped25,worker age 55-64,12.6568,0.6452,139,"employee + employer, each capped at 25%"
1995,pct_contributors_with_employer_contribution,worker age 55-64,82.9219,3.5113,139,employee contributors whose employer also contributes
1995,pct_takeup_workers_with_dc_plan,family income quartile 1,58.7550,9.5595,35,person currently contributes / person has current-job account-type plan
1995,median_employee_pct_of_pay,family income quartile 1,3.2700,0.9004,20,sum over the person's current-job account plans; contributors only
1995,mean_employee_pct_of_pay,family income quartile 1,4.4098,0.7159,20,contributors only
1995,median_employer_pct_of_pay,family income quartile 1,3.0000,1.4711,20,employee contributors; 0 where employer does not contribute
1995,mean_employer_pct_of_pay,family income quartile 1,4.9403,1.8131,20,employee contributors; 0 where employer does not contribute
1995,median_employer_pct_of_pay_if_employer_contributes,family income quartile 1,3.0000,1.5151,19,employee contributors with employer contribution > 0
1995,median_total_pct_of_pay,family income quartile 1,6.0000,3.1126,20,employee + employer; employee contributors
1995,mean_total_pct_of_pay,family income quartile 1,9.3463,1.6406,20,employee + employer; employee contributors
1995,mean_employee_pct_of_pay_capped25,family income quartile 1,4.4098,0.7159,20,contributors; each person's rate capped at 25% of pay
1995,mean_employer_pct_of_pay_capped25,family income quartile 1,4.9403,1.8131,20,employee contributors; employer rate capped at 25%
1995,mean_total_pct_of_pay_capped25,family income quartile 1,9.3463,1.6406,20,"employee + employer, each capped at 25%"
1995,pct_contributors_with_employer_contribution,family income quartile 1,88.8661,7.8136,20,employee contributors whose employer also contributes
1995,pct_takeup_workers_with_dc_plan,family income quartile 2,75.7204,3.3441,172,person currently contributes / person has current-job account-type plan
1995,median_employee_pct_of_pay,family income quartile 2,5.0000,0.3232,128,sum over the person's current-job account plans; contributors only
1995,mean_employee_pct_of_pay,family income quartile 2,5.5408,0.3525,128,contributors only
1995,median_employer_pct_of_pay,family income quartile 2,4.0000,0.5329,121,employee contributors; 0 where employer does not contribute
1995,mean_employer_pct_of_pay,family income quartile 2,5.7394,0.7941,121,employee contributors; 0 where employer does not contribute
1995,median_employer_pct_of_pay_if_employer_contributes,family income quartile 2,4.8700,0.4158,103,employee contributors with employer contribution > 0
1995,median_total_pct_of_pay,family income quartile 2,9.0000,0.9347,121,employee + employer; employee contributors
1995,mean_total_pct_of_pay,family income quartile 2,11.3163,0.9738,121,employee + employer; employee contributors
1995,mean_employee_pct_of_pay_capped25,family income quartile 2,5.5408,0.3525,128,contributors; each person's rate capped at 25% of pay
1995,mean_employer_pct_of_pay_capped25,family income quartile 2,5.2255,0.5518,121,employee contributors; employer rate capped at 25%
1995,mean_total_pct_of_pay_capped25,family income quartile 2,10.8024,0.7582,121,"employee + employer, each capped at 25%"
1995,pct_contributors_with_employer_contribution,family income quartile 2,87.3879,2.6711,121,employee contributors whose employer also contributes
1995,pct_takeup_workers_with_dc_plan,family income quartile 3,84.4018,1.5580,376,person currently contributes / person has current-job account-type plan
1995,median_employee_pct_of_pay,family income quartile 3,5.0000,0.2120,320,sum over the person's current-job account plans; contributors only
1995,mean_employee_pct_of_pay,family income quartile 3,6.4375,0.2902,320,contributors only
1995,median_employer_pct_of_pay,family income quartile 3,4.0000,0.3781,299,employee contributors; 0 where employer does not contribute
1995,mean_employer_pct_of_pay,family income quartile 3,5.3761,0.3773,299,employee contributors; 0 where employer does not contribute
1995,median_employer_pct_of_pay_if_employer_contributes,family income quartile 3,4.7000,0.6441,251,employee contributors with employer contribution > 0
1995,median_total_pct_of_pay,family income quartile 3,10.0000,0.4915,299,employee + employer; employee contributors
1995,mean_total_pct_of_pay,family income quartile 3,11.7690,0.5939,299,employee + employer; employee contributors
1995,mean_employee_pct_of_pay_capped25,family income quartile 3,6.3987,0.2785,320,contributors; each person's rate capped at 25% of pay
1995,mean_employer_pct_of_pay_capped25,family income quartile 3,5.1531,0.3118,299,employee contributors; employer rate capped at 25%
1995,mean_total_pct_of_pay_capped25,family income quartile 3,11.5045,0.5297,299,"employee + employer, each capped at 25%"
1995,pct_contributors_with_employer_contribution,family income quartile 3,84.6199,2.2407,299,employee contributors whose employer also contributes
1995,pct_takeup_workers_with_dc_plan,family income quartile 4,83.6113,1.2255,978,person currently contributes / person has current-job account-type plan
1995,median_employee_pct_of_pay,family income quartile 4,6.5800,0.4630,771,sum over the person's current-job account plans; contributors only
1995,mean_employee_pct_of_pay,family income quartile 4,8.2331,0.2200,771,contributors only
1995,median_employer_pct_of_pay,family income quartile 4,3.5000,0.3463,710,employee contributors; 0 where employer does not contribute
1995,mean_employer_pct_of_pay,family income quartile 4,5.0243,0.2356,710,employee contributors; 0 where employer does not contribute
1995,median_employer_pct_of_pay_if_employer_contributes,family income quartile 4,5.0000,0.2705,568,employee contributors with employer contribution > 0
1995,median_total_pct_of_pay,family income quartile 4,11.2500,0.5463,709,employee + employer; employee contributors
1995,mean_total_pct_of_pay,family income quartile 4,13.2489,0.3461,709,employee + employer; employee contributors
1995,mean_employee_pct_of_pay_capped25,family income quartile 4,8.1400,0.2071,771,contributors; each person's rate capped at 25% of pay
1995,mean_employer_pct_of_pay_capped25,family income quartile 4,4.8302,0.1848,710,employee contributors; employer rate capped at 25%
1995,mean_total_pct_of_pay_capped25,family income quartile 4,12.9677,0.2997,709,"employee + employer, each capped at 25%"
1995,pct_contributors_with_employer_contribution,family income quartile 4,79.3505,1.6302,710,employee contributors whose employer also contributes
1995,pct_takeup_eligible_workers_broad,"workers with plan or eligible, all ages",67.4080,1.1261,1826,"contributors / (has current-job account plan + eligible non-participant offered an account-type plan, X4137 & X6708-12)"
1995,pct_eligible_nonparticipants_of_eligible,"workers with plan or eligible, all ages",17.8132,0.8554,1826,eligible for an offered account-type plan but not included in any plan
1995,pct_takeup_eligible_workers_broad,"workers with plan or eligible, age 25-64",69.3809,1.1390,1682,"contributors / (has current-job account plan + eligible non-participant offered an account-type plan, X4137 & X6708-12)"
1995,pct_eligible_nonparticipants_of_eligible,"workers with plan or eligible, age 25-64",16.1355,0.8360,1682,eligible for an offered account-type plan but not included in any plan
1995,pct_takeup_eligible_workers_broad,worker age 25-34,67.0189,1.6967,411,"contributors / (has current-job account plan + eligible non-participant offered an account-type plan, X4137 & X6708-12)"
1995,pct_eligible_nonparticipants_of_eligible,worker age 25-34,19.2416,1.3987,411,eligible for an offered account-type plan but not included in any plan
1995,pct_takeup_eligible_workers_broad,worker age 35-44,66.1551,2.0497,552,"contributors / (has current-job account plan + eligible non-participant offered an account-type plan, X4137 & X6708-12)"
1995,pct_eligible_nonparticipants_of_eligible,worker age 35-44,17.5380,1.6309,552,eligible for an offered account-type plan but not included in any plan
1995,pct_takeup_eligible_workers_broad,worker age 45-54,75.3371,1.8117,497,"contributors / (has current-job account plan + eligible non-participant offered an account-type plan, X4137 & X6708-12)"
1995,pct_eligible_nonparticipants_of_eligible,worker age 45-54,12.7071,1.3517,497,eligible for an offered account-type plan but not included in any plan
1995,pct_takeup_eligible_workers_broad,worker age 55-64,73.7612,3.5506,222,"contributors / (has current-job account plan + eligible non-participant offered an account-type plan, X4137 & X6708-12)"
1995,pct_eligible_nonparticipants_of_eligible,worker age 55-64,9.5758,2.3094,222,eligible for an offered account-type plan but not included in any plan
1995,pct_takeup_eligible_workers_broad,family income quartile 1,27.5848,4.3723,70,"contributors / (has current-job account plan + eligible non-participant offered an account-type plan, X4137 & X6708-12)"
1995,pct_eligible_nonparticipants_of_eligible,family income quartile 1,53.0511,5.8050,70,eligible for an offered account-type plan but not included in any plan
1995,pct_takeup_eligible_workers_broad,family income quartile 2,53.0266,2.8317,248,"contributors / (has current-job account plan + eligible non-participant offered an account-type plan, X4137 & X6708-12)"
1995,pct_eligible_nonparticipants_of_eligible,family income quartile 2,29.9705,2.2607,248,eligible for an offered account-type plan but not included in any plan
1995,pct_takeup_eligible_workers_broad,family income quartile 3,72.3674,1.9840,433,"contributors / (has current-job account plan + eligible non-participant offered an account-type plan, X4137 & X6708-12)"
1995,pct_eligible_nonparticipants_of_eligible,family income quartile 3,14.2585,1.4342,433,eligible for an offered account-type plan but not included in any plan
1995,pct_takeup_eligible_workers_broad,family income quartile 4,73.5860,1.4582,1075,"contributors / (has current-job account plan + eligible non-participant offered an account-type plan, X4137 & X6708-12)"
1995,pct_eligible_nonparticipants_of_eligible,family income quartile 4,11.9903,1.0763,1075,eligible for an offered account-type plan but not included in any plan
1998,pct_families_with_dc_plan_current_job,all families,33.7080,0.7240,4305,"R or spouse has account-type plan at current job (pension grid; DCPLANCJ-style, excl. plans already paying benefits)"
1998,pct_families_contributing_dc_current_job,all families,29.2057,0.6797,4305,R or spouse currently makes employee contributions to a current-job account-type plan
1998,pct_takeup_families_with_dc_plan,all families,86.6431,0.8220,1444,among families with a current-job account-type plan
1998,agg_dc_employee_pct_of_current_wages,all families,3.3975,0.1183,4305,"annualized current employee DC contributions / annualized current main-job pay, all R+spouse employees (self-employed/no-pay plan holders excluded from both)"
1998,agg_dc_employer_pct_of_current_wages,all families,2.3439,0.1051,4305,"annualized current employer DC contributions / annualized current main-job pay, all R+spouse employees"
1998,agg_dc_total_pct_of_current_wages,all families,5.7414,0.1880,4305,"employee + employer / annualized current main-job pay, all R+spouse employees"
1998,pct_families_with_dc_plan_current_job,"working-age families (head 25-64, working)",49.9985,1.0223,2776,"R or spouse has account-type plan at current job (pension grid; DCPLANCJ-style, excl. plans already paying benefits)"
1998,pct_families_contributing_dc_current_job,"working-age families (head 25-64, working)",43.9658,0.9931,2776,R or spouse currently makes employee contributions to a current-job account-type plan
1998,pct_takeup_families_with_dc_plan,"working-age families (head 25-64, working)",87.9343,0.8256,1327,among families with a current-job account-type plan
1998,agg_dc_employee_pct_of_current_wages,"working-age families (head 25-64, working)",3.5310,0.1237,2776,"annualized current employee DC contributions / annualized current main-job pay, all R+spouse employees (self-employed/no-pay plan holders excluded from both)"
1998,agg_dc_employer_pct_of_current_wages,"working-age families (head 25-64, working)",2.4131,0.1059,2776,"annualized current employer DC contributions / annualized current main-job pay, all R+spouse employees"
1998,agg_dc_total_pct_of_current_wages,"working-age families (head 25-64, working)",5.9441,0.1925,2776,"employee + employer / annualized current main-job pay, all R+spouse employees"
1998,pct_families_with_dc_plan_current_job,head age 25-34,41.2954,1.5314,626,"R or spouse has account-type plan at current job (pension grid; DCPLANCJ-style, excl. plans already paying benefits)"
1998,pct_families_contributing_dc_current_job,head age 25-34,35.6907,1.4804,626,R or spouse currently makes employee contributions to a current-job account-type plan
1998,pct_takeup_families_with_dc_plan,head age 25-34,86.4279,1.4771,252,among families with a current-job account-type plan
1998,agg_dc_employee_pct_of_current_wages,head age 25-34,3.0868,0.2475,626,"annualized current employee DC contributions / annualized current main-job pay, all R+spouse employees (self-employed/no-pay plan holders excluded from both)"
1998,agg_dc_employer_pct_of_current_wages,head age 25-34,2.1604,0.1962,626,"annualized current employer DC contributions / annualized current main-job pay, all R+spouse employees"
1998,agg_dc_total_pct_of_current_wages,head age 25-34,5.2471,0.3712,626,"employee + employer / annualized current main-job pay, all R+spouse employees"
1998,pct_families_with_dc_plan_current_job,head age 35-44,50.9149,1.6695,927,"R or spouse has account-type plan at current job (pension grid; DCPLANCJ-style, excl. plans already paying benefits)"
1998,pct_families_contributing_dc_current_job,head age 35-44,43.7775,1.6267,927,R or spouse currently makes employee contributions to a current-job account-type plan
1998,pct_takeup_families_with_dc_plan,head age 35-44,85.9816,1.5682,459,among families with a current-job account-type plan
1998,agg_dc_employee_pct_of_current_wages,head age 35-44,3.8939,0.2027,927,"annualized current employee DC contributions / annualized current main-job pay, all R+spouse employees (self-employed/no-pay plan holders excluded from both)"
1998,agg_dc_employer_pct_of_current_wages,head age 35-44,2.7598,0.1837,927,"annualized current employer DC contributions / annualized current main-job pay, all R+spouse employees"
1998,agg_dc_total_pct_of_current_wages,head age 35-44,6.6537,0.3332,927,"employee + employer / annualized current main-job pay, all R+spouse employees"
1998,pct_families_with_dc_plan_current_job,head age 45-54,43.8123,1.7351,959,"R or spouse has account-type plan at current job (pension grid; DCPLANCJ-style, excl. plans already paying benefits)"
1998,pct_families_contributing_dc_current_job,head age 45-54,39.8158,1.5531,959,R or spouse currently makes employee contributions to a current-job account-type plan
1998,pct_takeup_families_with_dc_plan,head age 45-54,90.8781,1.3603,411,among families with a current-job account-type plan
1998,agg_dc_employee_pct_of_current_wages,head age 45-54,3.2855,0.1666,959,"annualized current employee DC contributions / annualized current main-job pay, all R+spouse employees (self-employed/no-pay plan holders excluded from both)"
1998,agg_dc_employer_pct_of_current_wages,head age 45-54,2.2637,0.1824,959,"annualized current employer DC contributions / annualized current main-job pay, all R+spouse employees"
1998,agg_dc_total_pct_of_current_wages,head age 45-54,5.5492,0.2949,959,"employee + employer / annualized current main-job pay, all R+spouse employees"
1998,pct_families_with_dc_plan_current_job,head age 55-64,33.9524,2.0131,685,"R or spouse has account-type plan at current job (pension grid; DCPLANCJ-style, excl. plans already paying benefits)"
1998,pct_families_contributing_dc_current_job,head age 55-64,29.1315,2.1361,685,R or spouse currently makes employee contributions to a current-job account-type plan
1998,pct_takeup_families_with_dc_plan,head age 55-64,85.8009,2.3103,236,among families with a current-job account-type plan
1998,agg_dc_employee_pct_of_current_wages,head age 55-64,3.7447,0.3532,685,"annualized current employee DC contributions / annualized current main-job pay, all R+spouse employees (self-employed/no-pay plan holders excluded from both)"
1998,agg_dc_employer_pct_of_current_wages,head age 55-64,2.2467,0.2464,685,"annualized current employer DC contributions / annualized current main-job pay, all R+spouse employees"
1998,agg_dc_total_pct_of_current_wages,head age 55-64,5.9913,0.5174,685,"employee + employer / annualized current main-job pay, all R+spouse employees"
1998,pct_families_with_dc_plan_current_job,income quartile 1,5.8230,0.5977,816,"R or spouse has account-type plan at current job (pension grid; DCPLANCJ-style, excl. plans already paying benefits)"
1998,pct_families_contributing_dc_current_job,income quartile 1,4.1964,0.5986,816,R or spouse currently makes employee contributions to a current-job account-type plan
1998,pct_takeup_families_with_dc_plan,income quartile 1,72.0665,5.3363,51,among families with a current-job account-type plan
1998,agg_dc_employee_pct_of_current_wages,income quartile 1,1.0397,0.2202,816,"annualized current employee DC contributions / annualized current main-job pay, all R+spouse employees (self-employed/no-pay plan holders excluded from both)"
1998,agg_dc_employer_pct_of_current_wages,income quartile 1,0.9174,0.2878,816,"annualized current employer DC contributions / annualized current main-job pay, all R+spouse employees"
1998,agg_dc_total_pct_of_current_wages,income quartile 1,1.9571,0.4154,816,"employee + employer / annualized current main-job pay, all R+spouse employees"
1998,pct_families_with_dc_plan_current_job,income quartile 2,23.3885,1.1954,806,"R or spouse has account-type plan at current job (pension grid; DCPLANCJ-style, excl. plans already paying benefits)"
1998,pct_families_contributing_dc_current_job,income quartile 2,19.0655,1.1305,806,R or spouse currently makes employee contributions to a current-job account-type plan
1998,pct_takeup_families_with_dc_plan,income quartile 2,81.5164,2.3637,188,among families with a current-job account-type plan
1998,agg_dc_employee_pct_of_current_wages,income quartile 2,1.4832,0.1290,806,"annualized current employee DC contributions / annualized current main-job pay, all R+spouse employees (self-employed/no-pay plan holders excluded from both)"
1998,agg_dc_employer_pct_of_current_wages,income quartile 2,1.2239,0.1094,806,"annualized current employer DC contributions / annualized current main-job pay, all R+spouse employees"
1998,agg_dc_total_pct_of_current_wages,income quartile 2,2.7072,0.2163,806,"employee + employer / annualized current main-job pay, all R+spouse employees"
1998,pct_families_with_dc_plan_current_job,income quartile 3,47.6172,1.4601,844,"R or spouse has account-type plan at current job (pension grid; DCPLANCJ-style, excl. plans already paying benefits)"
1998,pct_families_contributing_dc_current_job,income quartile 3,41.3566,1.6550,844,R or spouse currently makes employee contributions to a current-job account-type plan
1998,pct_takeup_families_with_dc_plan,income quartile 3,86.8524,1.8578,366,among families with a current-job account-type plan
1998,agg_dc_employee_pct_of_current_wages,income quartile 3,3.1166,0.1593,844,"annualized current employee DC contributions / annualized current main-job pay, all R+spouse employees (self-employed/no-pay plan holders excluded from both)"
1998,agg_dc_employer_pct_of_current_wages,income quartile 3,2.1309,0.1876,844,"annualized current employer DC contributions / annualized current main-job pay, all R+spouse employees"
1998,agg_dc_total_pct_of_current_wages,income quartile 3,5.2475,0.2763,844,"employee + employer / annualized current main-job pay, all R+spouse employees"
1998,pct_families_with_dc_plan_current_job,income quartile 4,57.9944,1.4310,1839,"R or spouse has account-type plan at current job (pension grid; DCPLANCJ-style, excl. plans already paying benefits)"
1998,pct_families_contributing_dc_current_job,income quartile 4,52.1959,1.4170,1839,R or spouse currently makes employee contributions to a current-job account-type plan
1998,pct_takeup_families_with_dc_plan,income quartile 4,90.0016,1.1016,839,among families with a current-job account-type plan
1998,agg_dc_employee_pct_of_current_wages,income quartile 4,4.2832,0.1722,1839,"annualized current employee DC contributions / annualized current main-job pay, all R+spouse employees (self-employed/no-pay plan holders excluded from both)"
1998,agg_dc_employer_pct_of_current_wages,income quartile 4,2.8908,0.1619,1839,"annualized current employer DC contributions / annualized current main-job pay, all R+spouse employees"
1998,agg_dc_total_pct_of_current_wages,income quartile 4,7.1740,0.2799,1839,"employee + employer / annualized current main-job pay, all R+spouse employees"
1998,agg_dc_employee_pct_of_covered_pay,all families,6.6518,0.1769,1444,contributions / annualized pay of R+spouse who have a current-job account plan (families with a plan)
1998,agg_dc_employer_pct_of_covered_pay,all families,4.5892,0.1774,1444,contributions / annualized pay of R+spouse who have a current-job account plan (families with a plan)
1998,agg_dc_total_pct_of_covered_pay,all families,11.2410,0.2669,1444,contributions / annualized pay of R+spouse who have a current-job account plan (families with a plan)
1998,agg_dc_employee_pct_of_covered_pay,"working-age families (head 25-64, working)",6.6675,0.1786,1327,contributions / annualized pay of R+spouse who have a current-job account plan (families with a plan)
1998,agg_dc_employer_pct_of_covered_pay,"working-age families (head 25-64, working)",4.5566,0.1741,1327,contributions / annualized pay of R+spouse who have a current-job account plan (families with a plan)
1998,agg_dc_total_pct_of_covered_pay,"working-age families (head 25-64, working)",11.2241,0.2650,1327,contributions / annualized pay of R+spouse who have a current-job account plan (families with a plan)
1998,agg_dc_employee_pct_of_covered_pay,head age 25-34,6.5966,0.3041,252,contributions / annualized pay of R+spouse who have a current-job account plan (families with a plan)
1998,agg_dc_employer_pct_of_covered_pay,head age 25-34,4.6168,0.3889,252,contributions / annualized pay of R+spouse who have a current-job account plan (families with a plan)
1998,agg_dc_total_pct_of_covered_pay,head age 25-34,11.2134,0.4971,252,contributions / annualized pay of R+spouse who have a current-job account plan (families with a plan)
1998,agg_dc_employee_pct_of_covered_pay,head age 35-44,6.6704,0.2696,459,contributions / annualized pay of R+spouse who have a current-job account plan (families with a plan)
1998,agg_dc_employer_pct_of_covered_pay,head age 35-44,4.7277,0.2939,459,contributions / annualized pay of R+spouse who have a current-job account plan (families with a plan)
1998,agg_dc_total_pct_of_covered_pay,head age 35-44,11.3982,0.4633,459,contributions / annualized pay of R+spouse who have a current-job account plan (families with a plan)
1998,agg_dc_employee_pct_of_covered_pay,head age 45-54,6.5207,0.2683,411,contributions / annualized pay of R+spouse who have a current-job account plan (families with a plan)
1998,agg_dc_employer_pct_of_covered_pay,head age 45-54,4.4928,0.2951,411,contributions / annualized pay of R+spouse who have a current-job account plan (families with a plan)
1998,agg_dc_total_pct_of_covered_pay,head age 45-54,11.0135,0.4128,411,contributions / annualized pay of R+spouse who have a current-job account plan (families with a plan)
1998,agg_dc_employee_pct_of_covered_pay,head age 55-64,7.0321,0.4672,236,contributions / annualized pay of R+spouse who have a current-job account plan (families with a plan)
1998,agg_dc_employer_pct_of_covered_pay,head age 55-64,4.2190,0.3755,236,contributions / annualized pay of R+spouse who have a current-job account plan (families with a plan)
1998,agg_dc_total_pct_of_covered_pay,head age 55-64,11.2511,0.6375,236,contributions / annualized pay of R+spouse who have a current-job account plan (families with a plan)
1998,agg_dc_employee_pct_of_covered_pay,income quartile 1,6.0601,1.0342,51,contributions / annualized pay of R+spouse who have a current-job account plan (families with a plan)
1998,agg_dc_employer_pct_of_covered_pay,income quartile 1,5.3469,1.3036,51,contributions / annualized pay of R+spouse who have a current-job account plan (families with a plan)
1998,agg_dc_total_pct_of_covered_pay,income quartile 1,11.4070,1.5905,51,contributions / annualized pay of R+spouse who have a current-job account plan (families with a plan)
1998,agg_dc_employee_pct_of_covered_pay,income quartile 2,4.9624,0.3245,188,contributions / annualized pay of R+spouse who have a current-job account plan (families with a plan)
1998,agg_dc_employer_pct_of_covered_pay,income quartile 2,4.0949,0.2699,188,contributions / annualized pay of R+spouse who have a current-job account plan (families with a plan)
1998,agg_dc_total_pct_of_covered_pay,income quartile 2,9.0573,0.4956,188,contributions / annualized pay of R+spouse who have a current-job account plan (families with a plan)
1998,agg_dc_employee_pct_of_covered_pay,income quartile 3,6.1097,0.2723,366,contributions / annualized pay of R+spouse who have a current-job account plan (families with a plan)
1998,agg_dc_employer_pct_of_covered_pay,income quartile 3,4.1774,0.3431,366,contributions / annualized pay of R+spouse who have a current-job account plan (families with a plan)
1998,agg_dc_total_pct_of_covered_pay,income quartile 3,10.2871,0.4595,366,contributions / annualized pay of R+spouse who have a current-job account plan (families with a plan)
1998,agg_dc_employee_pct_of_covered_pay,income quartile 4,7.1257,0.2393,839,contributions / annualized pay of R+spouse who have a current-job account plan (families with a plan)
1998,agg_dc_employer_pct_of_covered_pay,income quartile 4,4.8093,0.2339,839,contributions / annualized pay of R+spouse who have a current-job account plan (families with a plan)
1998,agg_dc_total_pct_of_covered_pay,income quartile 4,11.9350,0.3626,839,contributions / annualized pay of R+spouse who have a current-job account plan (families with a plan)
1998,pct_takeup_workers_with_dc_plan,"workers with current-job account plan, all ages",84.3897,0.7917,1674,person currently contributes / person has current-job account-type plan
1998,median_employee_pct_of_pay,"workers with current-job account plan, all ages",6.0000,0.0047,1386,sum over the person's current-job account plans; contributors only
1998,mean_employee_pct_of_pay,"workers with current-job account plan, all ages",7.4680,0.1404,1386,contributors only
1998,median_employer_pct_of_pay,"workers with current-job account plan, all ages",3.0000,0.1004,1299,employee contributors; 0 where employer does not contribute
1998,mean_employer_pct_of_pay,"workers with current-job account plan, all ages",4.4564,0.1556,1299,employee contributors; 0 where employer does not contribute
1998,median_employer_pct_of_pay_if_employer_contributes,"workers with current-job account plan, all ages",4.5000,0.4017,1037,employee contributors with employer contribution > 0
1998,median_total_pct_of_pay,"workers with current-job account plan, all ages",10.0000,0.1487,1297,employee + employer; employee contributors
1998,mean_total_pct_of_pay,"workers with current-job account plan, all ages",11.8153,0.2151,1297,employee + employer; employee contributors
1998,mean_employee_pct_of_pay_capped25,"workers with current-job account plan, all ages",7.4331,0.1370,1386,contributors; each person's rate capped at 25% of pay
1998,mean_employer_pct_of_pay_capped25,"workers with current-job account plan, all ages",4.4347,0.1546,1299,employee contributors; employer rate capped at 25%
1998,mean_total_pct_of_pay_capped25,"workers with current-job account plan, all ages",11.7590,0.2106,1297,"employee + employer, each capped at 25%"
1998,pct_contributors_with_employer_contribution,"workers with current-job account plan, all ages",81.2815,1.0745,1299,employee contributors whose employer also contributes
1998,pct_takeup_workers_with_dc_plan,"workers with current-job account plan, age 25-64",84.7439,0.8209,1587,person currently contributes / person has current-job account-type plan
1998,median_employee_pct_of_pay,"workers with current-job account plan, age 25-64",6.0000,0.0038,1330,sum over the person's current-job account plans; contributors only
1998,mean_employee_pct_of_pay,"workers with current-job account plan, age 25-64",7.4954,0.1481,1330,contributors only
1998,median_employer_pct_of_pay,"workers with current-job account plan, age 25-64",3.0000,0.0718,1245,employee contributors; 0 where employer does not contribute
1998,mean_employer_pct_of_pay,"workers with current-job account plan, age 25-64",4.4232,0.1572,1245,employee contributors; 0 where employer does not contribute
1998,median_employer_pct_of_pay_if_employer_contributes,"workers with current-job account plan, age 25-64",4.5000,0.4292,990,employee contributors with employer contribution > 0
1998,median_total_pct_of_pay,"workers with current-job account plan, age 25-64",10.0000,0.1422,1243,employee + employer; employee contributors
1998,mean_total_pct_of_pay,"workers with current-job account plan, age 25-64",11.7971,0.2248,1243,employee + employer; employee contributors
1998,mean_employee_pct_of_pay_capped25,"workers with current-job account plan, age 25-64",7.4593,0.1447,1330,contributors; each person's rate capped at 25% of pay
1998,mean_employer_pct_of_pay_capped25,"workers with current-job account plan, age 25-64",4.4007,0.1564,1245,employee contributors; employer rate capped at 25%
1998,mean_total_pct_of_pay_capped25,"workers with current-job account plan, age 25-64",11.7386,0.2202,1243,"employee + employer, each capped at 25%"
1998,pct_contributors_with_employer_contribution,"workers with current-job account plan, age 25-64",81.0844,1.0854,1245,employee contributors whose employer also contributes
1998,pct_takeup_workers_with_dc_plan,worker age 25-34,85.0068,1.4792,312,person currently contributes / person has current-job account-type plan
1998,median_employee_pct_of_pay,worker age 25-34,5.5200,0.6054,267,sum over the person's current-job account plans; contributors only
1998,mean_employee_pct_of_pay,worker age 25-34,6.8166,0.2560,267,contributors only
1998,median_employer_pct_of_pay,worker age 25-34,3.0000,0.1159,256,employee contributors; 0 where employer does not contribute
1998,mean_employer_pct_of_pay,worker age 25-34,4.5373,0.2685,256,employee contributors; 0 where employer does not contribute
1998,median_employer_pct_of_pay_if_employer_contributes,worker age 25-34,4.0000,0.4755,217,employee contributors with employer contribution > 0
1998,median_total_pct_of_pay,worker age 25-34,10.0000,0.4274,256,employee + employer; employee contributors
1998,mean_total_pct_of_pay,worker age 25-34,11.1100,0.3625,256,employee + employer; employee contributors
1998,mean_employee_pct_of_pay_capped25,worker age 25-34,6.8136,0.2557,267,contributors; each person's rate capped at 25% of pay
1998,mean_employer_pct_of_pay_capped25,worker age 25-34,4.5303,0.2643,256,employee contributors; employer rate capped at 25%
1998,mean_total_pct_of_pay_capped25,worker age 25-34,11.0998,0.3618,256,"employee + employer, each capped at 25%"
1998,pct_contributors_with_employer_contribution,worker age 25-34,85.3244,2.0585,256,employee contributors whose employer also contributes
1998,pct_takeup_workers_with_dc_plan,worker age 35-44,84.0040,1.4153,550,person currently contributes / person has current-job account-type plan
1998,median_employee_pct_of_pay,worker age 35-44,6.0000,0.2055,460,sum over the person's current-job account plans; contributors only
1998,mean_employee_pct_of_pay,worker age 35-44,7.5443,0.2159,460,contributors only
1998,median_employer_pct_of_pay,worker age 35-44,3.0000,0.1692,423,employee contributors; 0 where employer does not contribute
1998,mean_employer_pct_of_pay,worker age 35-44,4.5431,0.2557,423,employee contributors; 0 where employer does not contribute
1998,median_employer_pct_of_pay_if_employer_contributes,worker age 35-44,4.3700,0.5045,334,employee contributors with employer contribution > 0
1998,median_total_pct_of_pay,worker age 35-44,10.0000,0.1586,422,employee + employer; employee contributors
1998,mean_total_pct_of_pay,worker age 35-44,11.8502,0.3485,422,employee + employer; employee contributors
1998,mean_employee_pct_of_pay_capped25,worker age 35-44,7.5285,0.2125,460,contributors; each person's rate capped at 25% of pay
1998,mean_employer_pct_of_pay_capped25,worker age 35-44,4.4858,0.2486,423,employee contributors; employer rate capped at 25%
1998,mean_total_pct_of_pay_capped25,worker age 35-44,11.7832,0.3445,422,"employee + employer, each capped at 25%"
1998,pct_contributors_with_employer_contribution,worker age 35-44,81.1956,1.8031,423,employee contributors whose employer also contributes
1998,pct_takeup_workers_with_dc_plan,worker age 45-54,87.9366,1.3098,473,person currently contributes / person has current-job account-type plan
1998,median_employee_pct_of_pay,worker age 45-54,6.0000,0.0321,405,sum over the person's current-job account plans; contributors only
1998,mean_employee_pct_of_pay,worker age 45-54,7.4929,0.2336,405,contributors only
1998,median_employer_pct_of_pay,worker age 45-54,3.0000,0.4927,383,employee contributors; 0 where employer does not contribute
1998,mean_employer_pct_of_pay,worker age 45-54,4.3701,0.2840,383,employee contributors; 0 where employer does not contribute
1998,median_employer_pct_of_pay_if_employer_contributes,worker age 45-54,5.0000,0.1519,294,employee contributors with employer contribution > 0
1998,median_total_pct_of_pay,worker age 45-54,10.3600,0.6070,383,employee + employer; employee contributors
1998,mean_total_pct_of_pay,worker age 45-54,11.9830,0.3706,383,employee + employer; employee contributors
1998,mean_employee_pct_of_pay_capped25,worker age 45-54,7.4775,0.2322,405,contributors; each person's rate capped at 25% of pay
1998,mean_employer_pct_of_pay_capped25,worker age 45-54,4.3693,0.2846,383,employee contributors; employer rate capped at 25%
1998,mean_total_pct_of_pay_capped25,worker age 45-54,11.9656,0.3677,383,"employee + employer, each capped at 25%"
1998,pct_contributors_with_employer_contribution,worker age 45-54,77.1536,2.1618,383,employee contributors whose employer also contributes
1998,pct_takeup_workers_with_dc_plan,worker age 55-64,79.8121,2.7673,252,person currently contributes / person has current-job account-type plan
1998,median_employee_pct_of_pay,worker age 55-64,7.0000,0.9462,198,sum over the person's current-job account plans; contributors only
1998,mean_employee_pct_of_pay,worker age 55-64,8.8046,0.5443,198,contributors only
1998,median_employer_pct_of_pay,worker age 55-64,3.0000,0.1952,183,employee contributors; 0 where employer does not contribute
1998,mean_employer_pct_of_pay,worker age 55-64,3.9274,0.3190,183,employee contributors; 0 where employer does not contribute
1998,median_employer_pct_of_pay_if_employer_contributes,worker age 55-64,4.0000,0.3383,145,employee contributors with employer contribution > 0
1998,median_total_pct_of_pay,worker age 55-64,11.0000,0.7350,182,employee + employer; employee contributors
1998,mean_total_pct_of_pay,worker age 55-64,12.7216,0.6931,182,employee + employer; employee contributors
1998,mean_employee_pct_of_pay_capped25,worker age 55-64,8.5878,0.4741,198,contributors; each person's rate capped at 25% of pay
1998,mean_employer_pct_of_pay_capped25,worker age 55-64,3.9274,0.3190,183,employee contributors; employer rate capped at 25%
1998,mean_total_pct_of_pay_capped25,worker age 55-64,12.4891,0.6160,182,"employee + employer, each capped at 25%"
1998,pct_contributors_with_employer_contribution,worker age 55-64,80.3974,2.9003,183,employee contributors whose employer also contributes
1998,pct_takeup_workers_with_dc_plan,family income quartile 1,72.7069,5.3447,53,person currently contributes / person has current-job account-type plan
1998,median_employee_pct_of_pay,family income quartile 1,5.2200,0.7845,39,sum over the person's current-job account plans; contributors only
1998,mean_employee_pct_of_pay,family income quartile 1,7.7507,1.3090,39,contributors only
1998,median_employer_pct_of_pay,family income quartile 1,4.0000,1.8509,36,employee contributors; 0 where employer does not contribute
1998,mean_employer_pct_of_pay,family income quartile 1,4.9384,0.8614,36,employee contributors; 0 where employer does not contribute
1998,median_employer_pct_of_pay_if_employer_contributes,family income quartile 1,5.0000,1.3433,28,employee contributors with employer contribution > 0
1998,median_total_pct_of_pay,family income quartile 1,10.0000,1.7952,36,employee + employer; employee contributors
1998,mean_total_pct_of_pay,family income quartile 1,12.5950,1.8179,36,employee + employer; employee contributors
1998,mean_employee_pct_of_pay_capped25,family income quartile 1,7.0333,0.9630,39,contributors; each person's rate capped at 25% of pay
1998,mean_employer_pct_of_pay_capped25,family income quartile 1,4.9384,0.8614,36,employee contributors; employer rate capped at 25%
1998,mean_total_pct_of_pay_capped25,family income quartile 1,11.8645,1.5454,36,"employee + employer, each capped at 25%"
1998,pct_contributors_with_employer_contribution,family income quartile 1,82.3159,5.3887,36,employee contributors whose employer also contributes
1998,pct_takeup_workers_with_dc_plan,family income quartile 2,80.4475,2.4563,193,person currently contributes / person has current-job account-type plan
1998,median_employee_pct_of_pay,family income quartile 2,5.0000,0.0892,152,sum over the person's current-job account plans; contributors only
1998,mean_employee_pct_of_pay,family income quartile 2,5.9486,0.3210,152,contributors only
1998,median_employer_pct_of_pay,family income quartile 2,3.0000,0.2155,145,employee contributors; 0 where employer does not contribute
1998,mean_employer_pct_of_pay,family income quartile 2,4.1001,0.2996,145,employee contributors; 0 where employer does not contribute
1998,median_employer_pct_of_pay_if_employer_contributes,family income quartile 2,4.0000,0.4581,123,employee contributors with employer contribution > 0
1998,median_total_pct_of_pay,family income quartile 2,9.2000,0.5851,145,employee + employer; employee contributors
1998,mean_total_pct_of_pay,family income quartile 2,10.0538,0.4876,145,employee + employer; employee contributors
1998,mean_employee_pct_of_pay_capped25,family income quartile 2,5.9486,0.3210,152,contributors; each person's rate capped at 25% of pay
1998,mean_employer_pct_of_pay_capped25,family income quartile 2,4.0862,0.2797,145,employee contributors; employer rate capped at 25%
1998,mean_total_pct_of_pay_capped25,family income quartile 2,10.0399,0.4700,145,"employee + employer, each capped at 25%"
1998,pct_contributors_with_employer_contribution,family income quartile 2,85.8333,1.9811,145,employee contributors whose employer also contributes
1998,pct_takeup_workers_with_dc_plan,family income quartile 3,84.2041,1.6967,413,person currently contributes / person has current-job account-type plan
1998,median_employee_pct_of_pay,family income quartile 3,6.0000,0.2070,350,sum over the person's current-job account plans; contributors only
1998,mean_employee_pct_of_pay,family income quartile 3,7.0712,0.2216,350,contributors only
1998,median_employer_pct_of_pay,family income quartile 3,3.0000,0.1230,318,employee contributors; 0 where employer does not contribute
1998,mean_employer_pct_of_pay,family income quartile 3,4.0896,0.2255,318,employee contributors; 0 where employer does not contribute
1998,median_employer_pct_of_pay_if_employer_contributes,family income quartile 3,4.0000,0.3042,251,employee contributors with employer contribution > 0
1998,median_total_pct_of_pay,family income quartile 3,10.0000,0.2909,318,employee + employer; employee contributors
1998,mean_total_pct_of_pay,family income quartile 3,10.9916,0.3574,318,employee + employer; employee contributors
1998,mean_employee_pct_of_pay_capped25,family income quartile 3,7.0658,0.2208,350,contributors; each person's rate capped at 25% of pay
1998,mean_employer_pct_of_pay_capped25,family income quartile 3,4.0707,0.2205,318,employee contributors; employer rate capped at 25%
1998,mean_total_pct_of_pay_capped25,family income quartile 3,10.9728,0.3523,318,"employee + employer, each capped at 25%"
1998,pct_contributors_with_employer_contribution,family income quartile 3,78.3384,1.9399,318,employee contributors whose employer also contributes
1998,pct_takeup_workers_with_dc_plan,family income quartile 4,86.7890,1.1387,1015,person currently contributes / person has current-job account-type plan
1998,median_employee_pct_of_pay,family income quartile 4,7.0000,0.3630,845,sum over the person's current-job account plans; contributors only
1998,mean_employee_pct_of_pay,family income quartile 4,8.1939,0.2104,845,contributors only
1998,median_employer_pct_of_pay,family income quartile 4,3.1100,0.3449,800,employee contributors; 0 where employer does not contribute
1998,mean_employer_pct_of_pay,family income quartile 4,4.7844,0.2351,800,employee contributors; 0 where employer does not contribute
1998,median_employer_pct_of_pay_if_employer_contributes,family income quartile 4,5.0000,0.3068,635,employee contributors with employer contribution > 0
1998,median_total_pct_of_pay,family income quartile 4,11.9000,0.5575,798,employee + employer; employee contributors
1998,mean_total_pct_of_pay,family income quartile 4,12.8689,0.3121,798,employee + employer; employee contributors
1998,mean_employee_pct_of_pay_capped25,family income quartile 4,8.1748,0.2083,845,contributors; each person's rate capped at 25% of pay
1998,mean_employer_pct_of_pay_capped25,family income quartile 4,4.7568,0.2317,800,employee contributors; employer rate capped at 25%
1998,mean_total_pct_of_pay_capped25,family income quartile 4,12.8221,0.3083,798,"employee + employer, each capped at 25%"
1998,pct_contributors_with_employer_contribution,family income quartile 4,81.8448,1.5986,800,employee contributors whose employer also contributes
1998,pct_takeup_eligible_workers_broad,"workers with plan or eligible, all ages",70.8011,0.9944,1947,"contributors / (has current-job account plan + eligible non-participant offered an account-type plan, X4137 & X6708-12)"
1998,pct_eligible_nonparticipants_of_eligible,"workers with plan or eligible, all ages",16.1022,0.9150,1947,eligible for an offered account-type plan but not included in any plan
1998,pct_takeup_eligible_workers_broad,"workers with plan or eligible, age 25-64",72.4152,1.0533,1813,"contributors / (has current-job account plan + eligible non-participant offered an account-type plan, X4137 & X6708-12)"
1998,pct_eligible_nonparticipants_of_eligible,"workers with plan or eligible, age 25-64",14.5481,0.9144,1813,eligible for an offered account-type plan but not included in any plan
1998,pct_takeup_eligible_workers_broad,worker age 25-34,65.9422,2.0085,401,"contributors / (has current-job account plan + eligible non-participant offered an account-type plan, X4137 & X6708-12)"
1998,pct_eligible_nonparticipants_of_eligible,worker age 25-34,22.4271,1.8684,401,eligible for an offered account-type plan but not included in any plan
1998,pct_takeup_eligible_workers_broad,worker age 35-44,72.9395,1.6523,620,"contributors / (has current-job account plan + eligible non-participant offered an account-type plan, X4137 & X6708-12)"
1998,pct_eligible_nonparticipants_of_eligible,worker age 35-44,13.1714,1.2686,620,eligible for an offered account-type plan but not included in any plan
1998,pct_takeup_eligible_workers_broad,worker age 45-54,78.9081,1.4417,520,"contributors / (has current-job account plan + eligible non-participant offered an account-type plan, X4137 & X6708-12)"
1998,pct_eligible_nonparticipants_of_eligible,worker age 45-54,10.2671,1.1832,520,eligible for an offered account-type plan but not included in any plan
1998,pct_takeup_eligible_workers_broad,worker age 55-64,72.5013,2.7708,272,"contributors / (has current-job account plan + eligible non-participant offered an account-type plan, X4137 & X6708-12)"
1998,pct_eligible_nonparticipants_of_eligible,worker age 55-64,9.1600,1.6932,272,eligible for an offered account-type plan but not included in any plan
1998,pct_takeup_eligible_workers_broad,family income quartile 1,34.7413,4.6836,108,"contributors / (has current-job account plan + eligible non-participant offered an account-type plan, X4137 & X6708-12)"
1998,pct_eligible_nonparticipants_of_eligible,family income quartile 1,52.2172,4.4310,108,eligible for an offered account-type plan but not included in any plan
1998,pct_takeup_eligible_workers_broad,family income quartile 2,58.3294,2.4415,269,"contributors / (has current-job account plan + eligible non-participant offered an account-type plan, X4137 & X6708-12)"
1998,pct_eligible_nonparticipants_of_eligible,family income quartile 2,27.4937,2.3502,269,eligible for an offered account-type plan but not included in any plan
1998,pct_takeup_eligible_workers_broad,family income quartile 3,73.2803,1.9711,481,"contributors / (has current-job account plan + eligible non-participant offered an account-type plan, X4137 & X6708-12)"
1998,pct_eligible_nonparticipants_of_eligible,family income quartile 3,12.9730,1.3066,481,eligible for an offered account-type plan but not included in any plan
1998,pct_takeup_eligible_workers_broad,family income quartile 4,79.8352,1.1353,1089,"contributors / (has current-job account plan + eligible non-participant offered an account-type plan, X4137 & X6708-12)"
1998,pct_eligible_nonparticipants_of_eligible,family income quartile 4,8.0123,0.9267,1089,eligible for an offered account-type plan but not included in any plan
2001,pct_families_with_dc_plan_current_job,all families,34.4905,0.6933,4442,"R or spouse has account-type plan at current job (pension grid; DCPLANCJ-style, excl. plans already paying benefits)"
2001,pct_families_contributing_dc_current_job,all families,29.7650,0.7292,4442,R or spouse currently makes employee contributions to a current-job account-type plan
2001,pct_takeup_families_with_dc_plan,all families,86.2990,0.9249,1553,among families with a current-job account-type plan
2001,agg_dc_employee_pct_of_current_wages,all families,3.7934,0.1395,4442,"annualized current employee DC contributions / annualized current main-job pay, all R+spouse employees (self-employed/no-pay plan holders excluded from both)"
2001,agg_dc_employer_pct_of_current_wages,all families,2.7230,0.1355,4442,"annualized current employer DC contributions / annualized current main-job pay, all R+spouse employees"
2001,agg_dc_total_pct_of_current_wages,all families,6.5164,0.2256,4442,"employee + employer / annualized current main-job pay, all R+spouse employees"
2001,pct_families_with_dc_plan_current_job,"working-age families (head 25-64, working)",50.2471,0.9777,2936,"R or spouse has account-type plan at current job (pension grid; DCPLANCJ-style, excl. plans already paying benefits)"
2001,pct_families_contributing_dc_current_job,"working-age families (head 25-64, working)",43.5859,1.0015,2936,R or spouse currently makes employee contributions to a current-job account-type plan
2001,pct_takeup_families_with_dc_plan,"working-age families (head 25-64, working)",86.7431,0.9629,1421,among families with a current-job account-type plan
2001,agg_dc_employee_pct_of_current_wages,"working-age families (head 25-64, working)",3.8947,0.1420,2936,"annualized current employee DC contributions / annualized current main-job pay, all R+spouse employees (self-employed/no-pay plan holders excluded from both)"
2001,agg_dc_employer_pct_of_current_wages,"working-age families (head 25-64, working)",2.8198,0.1457,2936,"annualized current employer DC contributions / annualized current main-job pay, all R+spouse employees"
2001,agg_dc_total_pct_of_current_wages,"working-age families (head 25-64, working)",6.7145,0.2388,2936,"employee + employer / annualized current main-job pay, all R+spouse employees"
2001,pct_families_with_dc_plan_current_job,head age 25-34,42.4262,1.7884,618,"R or spouse has account-type plan at current job (pension grid; DCPLANCJ-style, excl. plans already paying benefits)"
2001,pct_families_contributing_dc_current_job,head age 25-34,36.5857,1.9423,618,R or spouse currently makes employee contributions to a current-job account-type plan
2001,pct_takeup_families_with_dc_plan,head age 25-34,86.2337,2.1089,251,among families with a current-job account-type plan
2001,agg_dc_employee_pct_of_current_wages,head age 25-34,3.4269,0.2837,618,"annualized current employee DC contributions / annualized current main-job pay, all R+spouse employees (self-employed/no-pay plan holders excluded from both)"
2001,agg_dc_employer_pct_of_current_wages,head age 25-34,2.4242,0.1977,618,"annualized current employer DC contributions / annualized current main-job pay, all R+spouse employees"
2001,agg_dc_total_pct_of_current_wages,head age 25-34,5.8511,0.3883,618,"employee + employer / annualized current main-job pay, all R+spouse employees"
2001,pct_families_with_dc_plan_current_job,head age 35-44,50.9656,1.4015,932,"R or spouse has account-type plan at current job (pension grid; DCPLANCJ-style, excl. plans already paying benefits)"
2001,pct_families_contributing_dc_current_job,head age 35-44,45.0479,1.3469,932,R or spouse currently makes employee contributions to a current-job account-type plan
2001,pct_takeup_families_with_dc_plan,head age 35-44,88.3889,1.3706,447,among families with a current-job account-type plan
2001,agg_dc_employee_pct_of_current_wages,head age 35-44,4.2026,0.2382,932,"annualized current employee DC contributions / annualized current main-job pay, all R+spouse employees (self-employed/no-pay plan holders excluded from both)"
2001,agg_dc_employer_pct_of_current_wages,head age 35-44,2.7887,0.2383,932,"annualized current employer DC contributions / annualized current main-job pay, all R+spouse employees"
2001,agg_dc_total_pct_of_current_wages,head age 35-44,6.9913,0.3559,932,"employee + employer / annualized current main-job pay, all R+spouse employees"
2001,pct_families_with_dc_plan_current_job,head age 45-54,46.7102,1.3919,1062,"R or spouse has account-type plan at current job (pension grid; DCPLANCJ-style, excl. plans already paying benefits)"
2001,pct_families_contributing_dc_current_job,head age 45-54,40.9977,1.5199,1062,R or spouse currently makes employee contributions to a current-job account-type plan
2001,pct_takeup_families_with_dc_plan,head age 45-54,87.7704,1.4053,499,among families with a current-job account-type plan
2001,agg_dc_employee_pct_of_current_wages,head age 45-54,4.0237,0.2116,1062,"annualized current employee DC contributions / annualized current main-job pay, all R+spouse employees (self-employed/no-pay plan holders excluded from both)"
2001,agg_dc_employer_pct_of_current_wages,head age 45-54,2.7472,0.2338,1062,"annualized current employer DC contributions / annualized current main-job pay, all R+spouse employees"
2001,agg_dc_total_pct_of_current_wages,head age 45-54,6.7710,0.3410,1062,"employee + employer / annualized current main-job pay, all R+spouse employees"
2001,pct_families_with_dc_plan_current_job,head age 55-64,32.8484,1.4821,735,"R or spouse has account-type plan at current job (pension grid; DCPLANCJ-style, excl. plans already paying benefits)"
2001,pct_families_contributing_dc_current_job,head age 55-64,26.7467,1.5121,735,R or spouse currently makes employee contributions to a current-job account-type plan
2001,pct_takeup_families_with_dc_plan,head age 55-64,81.4247,3.0014,257,among families with a current-job account-type plan
2001,agg_dc_employee_pct_of_current_wages,head age 55-64,3.6447,0.3918,735,"annualized current employee DC contributions / annualized current main-job pay, all R+spouse employees (self-employed/no-pay plan holders excluded from both)"
2001,agg_dc_employer_pct_of_current_wages,head age 55-64,3.4810,0.4435,735,"annualized current employer DC contributions / annualized current main-job pay, all R+spouse employees"
2001,agg_dc_total_pct_of_current_wages,head age 55-64,7.1257,0.7190,735,"employee + employer / annualized current main-job pay, all R+spouse employees"
2001,pct_families_with_dc_plan_current_job,income quartile 1,6.9149,0.7413,837,"R or spouse has account-type plan at current job (pension grid; DCPLANCJ-style, excl. plans already paying benefits)"
2001,pct_families_contributing_dc_current_job,income quartile 1,5.2174,0.6325,837,R or spouse currently makes employee contributions to a current-job account-type plan
2001,pct_takeup_families_with_dc_plan,income quartile 1,75.4509,4.2044,61,among families with a current-job account-type plan
2001,agg_dc_employee_pct_of_current_wages,income quartile 1,0.8903,0.1766,837,"annualized current employee DC contributions / annualized current main-job pay, all R+spouse employees (self-employed/no-pay plan holders excluded from both)"
2001,agg_dc_employer_pct_of_current_wages,income quartile 1,0.8372,0.1658,837,"annualized current employer DC contributions / annualized current main-job pay, all R+spouse employees"
2001,agg_dc_total_pct_of_current_wages,income quartile 1,1.7275,0.3189,837,"employee + employer / annualized current main-job pay, all R+spouse employees"
2001,pct_families_with_dc_plan_current_job,income quartile 2,25.1777,1.1980,838,"R or spouse has account-type plan at current job (pension grid; DCPLANCJ-style, excl. plans already paying benefits)"
2001,pct_families_contributing_dc_current_job,income quartile 2,21.0415,1.1514,838,R or spouse currently makes employee contributions to a current-job account-type plan
2001,pct_takeup_families_with_dc_plan,income quartile 2,83.5722,2.1774,226,among families with a current-job account-type plan
2001,agg_dc_employee_pct_of_current_wages,income quartile 2,1.9163,0.1692,838,"annualized current employee DC contributions / annualized current main-job pay, all R+spouse employees (self-employed/no-pay plan holders excluded from both)"
2001,agg_dc_employer_pct_of_current_wages,income quartile 2,1.6103,0.1604,838,"annualized current employer DC contributions / annualized current main-job pay, all R+spouse employees"
2001,agg_dc_total_pct_of_current_wages,income quartile 2,3.5266,0.2927,838,"employee + employer / annualized current main-job pay, all R+spouse employees"
2001,pct_families_with_dc_plan_current_job,income quartile 3,46.4013,1.2811,883,"R or spouse has account-type plan at current job (pension grid; DCPLANCJ-style, excl. plans already paying benefits)"
2001,pct_families_contributing_dc_current_job,income quartile 3,40.6010,1.2729,883,R or spouse currently makes employee contributions to a current-job account-type plan
2001,pct_takeup_families_with_dc_plan,income quartile 3,87.4997,1.3514,391,among families with a current-job account-type plan
2001,agg_dc_employee_pct_of_current_wages,income quartile 3,3.1986,0.1904,883,"annualized current employee DC contributions / annualized current main-job pay, all R+spouse employees (self-employed/no-pay plan holders excluded from both)"
2001,agg_dc_employer_pct_of_current_wages,income quartile 3,2.3853,0.1343,883,"annualized current employer DC contributions / annualized current main-job pay, all R+spouse employees"
2001,agg_dc_total_pct_of_current_wages,income quartile 3,5.5839,0.2699,883,"employee + employer / annualized current main-job pay, all R+spouse employees"
2001,pct_families_with_dc_plan_current_job,income quartile 4,59.4610,1.5334,1884,"R or spouse has account-type plan at current job (pension grid; DCPLANCJ-style, excl. plans already paying benefits)"
2001,pct_families_contributing_dc_current_job,income quartile 4,52.1935,1.6132,1884,R or spouse currently makes employee contributions to a current-job account-type plan
2001,pct_takeup_families_with_dc_plan,income quartile 4,87.7778,1.2070,875,among families with a current-job account-type plan
2001,agg_dc_employee_pct_of_current_wages,income quartile 4,4.7829,0.2420,1884,"annualized current employee DC contributions / annualized current main-job pay, all R+spouse employees (self-employed/no-pay plan holders excluded from both)"
2001,agg_dc_employer_pct_of_current_wages,income quartile 4,3.3175,0.1984,1884,"annualized current employer DC contributions / annualized current main-job pay, all R+spouse employees"
2001,agg_dc_total_pct_of_current_wages,income quartile 4,8.1004,0.3486,1884,"employee + employer / annualized current main-job pay, all R+spouse employees"
2001,agg_dc_employee_pct_of_covered_pay,all families,7.0754,0.1888,1553,contributions / annualized pay of R+spouse who have a current-job account plan (families with a plan)
2001,agg_dc_employer_pct_of_covered_pay,all families,5.0788,0.2062,1553,contributions / annualized pay of R+spouse who have a current-job account plan (families with a plan)
2001,agg_dc_total_pct_of_covered_pay,all families,12.1542,0.2680,1553,contributions / annualized pay of R+spouse who have a current-job account plan (families with a plan)
2001,agg_dc_employee_pct_of_covered_pay,"working-age families (head 25-64, working)",7.0346,0.1844,1421,contributions / annualized pay of R+spouse who have a current-job account plan (families with a plan)
2001,agg_dc_employer_pct_of_covered_pay,"working-age families (head 25-64, working)",5.0931,0.2157,1421,contributions / annualized pay of R+spouse who have a current-job account plan (families with a plan)
2001,agg_dc_total_pct_of_covered_pay,"working-age families (head 25-64, working)",12.1278,0.2790,1421,contributions / annualized pay of R+spouse who have a current-job account plan (families with a plan)
2001,agg_dc_employee_pct_of_covered_pay,head age 25-34,6.9269,0.4116,251,contributions / annualized pay of R+spouse who have a current-job account plan (families with a plan)
2001,agg_dc_employer_pct_of_covered_pay,head age 25-34,4.9002,0.3229,251,contributions / annualized pay of R+spouse who have a current-job account plan (families with a plan)
2001,agg_dc_total_pct_of_covered_pay,head age 25-34,11.8271,0.4599,251,contributions / annualized pay of R+spouse who have a current-job account plan (families with a plan)
2001,agg_dc_employee_pct_of_covered_pay,head age 35-44,7.0319,0.2995,447,contributions / annualized pay of R+spouse who have a current-job account plan (families with a plan)
2001,agg_dc_employer_pct_of_covered_pay,head age 35-44,4.6661,0.3922,447,contributions / annualized pay of R+spouse who have a current-job account plan (families with a plan)
2001,agg_dc_total_pct_of_covered_pay,head age 35-44,11.6980,0.4783,447,contributions / annualized pay of R+spouse who have a current-job account plan (families with a plan)
2001,agg_dc_employee_pct_of_covered_pay,head age 45-54,7.2320,0.2781,499,contributions / annualized pay of R+spouse who have a current-job account plan (families with a plan)
2001,agg_dc_employer_pct_of_covered_pay,head age 45-54,4.9377,0.3888,499,contributions / annualized pay of R+spouse who have a current-job account plan (families with a plan)
2001,agg_dc_total_pct_of_covered_pay,head age 45-54,12.1696,0.4446,499,contributions / annualized pay of R+spouse who have a current-job account plan (families with a plan)
2001,agg_dc_employee_pct_of_covered_pay,head age 55-64,6.9908,0.6531,257,contributions / annualized pay of R+spouse who have a current-job account plan (families with a plan)
2001,agg_dc_employer_pct_of_covered_pay,head age 55-64,6.6769,0.6524,257,contributions / annualized pay of R+spouse who have a current-job account plan (families with a plan)
2001,agg_dc_total_pct_of_covered_pay,head age 55-64,13.6677,1.0199,257,contributions / annualized pay of R+spouse who have a current-job account plan (families with a plan)
2001,agg_dc_employee_pct_of_covered_pay,income quartile 1,4.6556,0.5464,61,contributions / annualized pay of R+spouse who have a current-job account plan (families with a plan)
2001,agg_dc_employer_pct_of_covered_pay,income quartile 1,4.3779,0.5182,61,contributions / annualized pay of R+spouse who have a current-job account plan (families with a plan)
2001,agg_dc_total_pct_of_covered_pay,income quartile 1,9.0335,0.8040,61,contributions / annualized pay of R+spouse who have a current-job account plan (families with a plan)
2001,agg_dc_employee_pct_of_covered_pay,income quartile 2,5.2605,0.3352,226,contributions / annualized pay of R+spouse who have a current-job account plan (families with a plan)
2001,agg_dc_employer_pct_of_covered_pay,income quartile 2,4.4205,0.3473,226,contributions / annualized pay of R+spouse who have a current-job account plan (families with a plan)
2001,agg_dc_total_pct_of_covered_pay,income quartile 2,9.6810,0.5493,226,contributions / annualized pay of R+spouse who have a current-job account plan (families with a plan)
2001,agg_dc_employee_pct_of_covered_pay,income quartile 3,6.2528,0.2667,391,contributions / annualized pay of R+spouse who have a current-job account plan (families with a plan)
2001,agg_dc_employer_pct_of_covered_pay,income quartile 3,4.6628,0.2056,391,contributions / annualized pay of R+spouse who have a current-job account plan (families with a plan)
2001,agg_dc_total_pct_of_covered_pay,income quartile 3,10.9155,0.3142,391,contributions / annualized pay of R+spouse who have a current-job account plan (families with a plan)
2001,agg_dc_employee_pct_of_covered_pay,income quartile 4,7.7137,0.2973,875,contributions / annualized pay of R+spouse who have a current-job account plan (families with a plan)
2001,agg_dc_employer_pct_of_covered_pay,income quartile 4,5.3504,0.2800,875,contributions / annualized pay of R+spouse who have a current-job account plan (families with a plan)
2001,agg_dc_total_pct_of_covered_pay,income quartile 4,13.0641,0.3886,875,contributions / annualized pay of R+spouse who have a current-job account plan (families with a plan)
2001,pct_takeup_workers_with_dc_plan,"workers with current-job account plan, all ages",84.8639,0.8825,1868,person currently contributes / person has current-job account-type plan
2001,median_employee_pct_of_pay,"workers with current-job account plan, all ages",6.0000,0.0301,1540,sum over the person's current-job account plans; contributors only
2001,mean_employee_pct_of_pay,"workers with current-job account plan, all ages",7.7067,0.1303,1540,contributors only
2001,median_employer_pct_of_pay,"workers with current-job account plan, all ages",3.9100,0.2217,1470,employee contributors; 0 where employer does not contribute
2001,mean_employer_pct_of_pay,"workers with current-job account plan, all ages",4.7126,0.1056,1470,employee contributors; 0 where employer does not contribute
2001,median_employer_pct_of_pay_if_employer_contributes,"workers with current-job account plan, all ages",4.8000,0.2951,1231,employee contributors with employer contribution > 0
2001,median_total_pct_of_pay,"workers with current-job account plan, all ages",11.0000,0.3609,1469,employee + employer; employee contributors
2001,mean_total_pct_of_pay,"workers with current-job account plan, all ages",12.3351,0.1780,1469,employee + employer; employee contributors
2001,mean_employee_pct_of_pay_capped25,"workers with current-job account plan, all ages",7.6606,0.1279,1540,contributors; each person's rate capped at 25% of pay
2001,mean_employer_pct_of_pay_capped25,"workers with current-job account plan, all ages",4.7015,0.1037,1470,employee contributors; employer rate capped at 25%
2001,mean_total_pct_of_pay_capped25,"workers with current-job account plan, all ages",12.2937,0.1743,1469,"employee + employer, each capped at 25%"
2001,pct_contributors_with_employer_contribution,"workers with current-job account plan, all ages",84.4097,0.8898,1470,employee contributors whose employer also contributes
2001,pct_takeup_workers_with_dc_plan,"workers with current-job account plan, age 25-64",84.9663,0.9153,1764,person currently contributes / person has current-job account-type plan
2001,median_employee_pct_of_pay,"workers with current-job account plan, age 25-64",6.0000,0.0310,1463,sum over the person's current-job account plans; contributors only
2001,mean_employee_pct_of_pay,"workers with current-job account plan, age 25-64",7.6918,0.1286,1463,contributors only
2001,median_employer_pct_of_pay,"workers with current-job account plan, age 25-64",3.9100,0.2006,1396,employee contributors; 0 where employer does not contribute
2001,mean_employer_pct_of_pay,"workers with current-job account plan, age 25-64",4.7159,0.1086,1396,employee contributors; 0 where employer does not contribute
2001,median_employer_pct_of_pay_if_employer_contributes,"workers with current-job account plan, age 25-64",4.6200,0.2924,1172,employee contributors with employer contribution > 0
2001,median_total_pct_of_pay,"workers with current-job account plan, age 25-64",11.0000,0.3430,1395,employee + employer; employee contributors
2001,mean_total_pct_of_pay,"workers with current-job account plan, age 25-64",12.3534,0.1855,1395,employee + employer; employee contributors
2001,mean_employee_pct_of_pay_capped25,"workers with current-job account plan, age 25-64",7.6496,0.1270,1463,contributors; each person's rate capped at 25% of pay
2001,mean_employer_pct_of_pay_capped25,"workers with current-job account plan, age 25-64",4.7045,0.1066,1396,employee contributors; employer rate capped at 25%
2001,mean_total_pct_of_pay_capped25,"workers with current-job account plan, age 25-64",12.3103,0.1814,1395,"employee + employer, each capped at 25%"
2001,pct_contributors_with_employer_contribution,"workers with current-job account plan, age 25-64",84.5477,0.9236,1396,employee contributors whose employer also contributes
2001,pct_takeup_workers_with_dc_plan,worker age 25-34,85.1500,2.0604,310,person currently contributes / person has current-job account-type plan
2001,median_employee_pct_of_pay,worker age 25-34,5.7100,0.5671,265,sum over the person's current-job account plans; contributors only
2001,mean_employee_pct_of_pay,worker age 25-34,7.1883,0.2505,265,contributors only
2001,median_employer_pct_of_pay,worker age 25-34,3.6700,0.3934,254,employee contributors; 0 where employer does not contribute
2001,mean_employer_pct_of_pay,worker age 25-34,4.8256,0.2332,254,employee contributors; 0 where employer does not contribute
2001,median_employer_pct_of_pay_if_employer_contributes,worker age 25-34,4.8000,0.2396,210,employee contributors with employer contribution > 0
2001,median_total_pct_of_pay,worker age 25-34,10.0000,0.1033,254,employee + employer; employee contributors
2001,mean_total_pct_of_pay,worker age 25-34,11.9745,0.3337,254,employee + employer; employee contributors
2001,mean_employee_pct_of_pay_capped25,worker age 25-34,7.1478,0.2430,265,contributors; each person's rate capped at 25% of pay
2001,mean_employer_pct_of_pay_capped25,worker age 25-34,4.8231,0.2311,254,employee contributors; employer rate capped at 25%
2001,mean_total_pct_of_pay_capped25,worker age 25-34,11.9720,0.3327,254,"employee + employer, each capped at 25%"
2001,pct_contributors_with_employer_contribution,worker age 25-34,82.2666,1.9470,254,employee contributors whose employer also contributes
2001,pct_takeup_workers_with_dc_plan,worker age 35-44,86.6547,1.2916,590,person currently contributes / person has current-job account-type plan
2001,median_employee_pct_of_pay,worker age 35-44,6.0000,0.0594,504,sum over the person's current-job account plans; contributors only
2001,mean_employee_pct_of_pay,worker age 35-44,7.6666,0.2479,504,contributors only
2001,median_employer_pct_of_pay,worker age 35-44,3.9000,0.2186,488,employee contributors; 0 where employer does not contribute
2001,mean_employer_pct_of_pay,worker age 35-44,4.4128,0.1356,488,employee contributors; 0 where employer does not contribute
2001,median_employer_pct_of_pay_if_employer_contributes,worker age 35-44,4.0000,0.1766,416,employee contributors with employer contribution > 0
2001,median_total_pct_of_pay,worker age 35-44,11.0000,0.6381,488,employee + employer; employee contributors
2001,mean_total_pct_of_pay,worker age 35-44,12.0424,0.2945,488,employee + employer; employee contributors
2001,mean_employee_pct_of_pay_capped25,worker age 35-44,7.6324,0.2458,504,contributors; each person's rate capped at 25% of pay
2001,mean_employer_pct_of_pay_capped25,worker age 35-44,4.4128,0.1356,488,employee contributors; employer rate capped at 25%
2001,mean_total_pct_of_pay_capped25,worker age 35-44,12.0098,0.2902,488,"employee + employer, each capped at 25%"
2001,pct_contributors_with_employer_contribution,worker age 35-44,87.2572,1.2958,488,employee contributors whose employer also contributes
2001,pct_takeup_workers_with_dc_plan,worker age 45-54,85.5179,1.4008,585,person currently contributes / person has current-job account-type plan
2001,median_employee_pct_of_pay,worker age 45-54,6.3800,0.4396,483,sum over the person's current-job account plans; contributors only
2001,mean_employee_pct_of_pay,worker age 45-54,7.8105,0.2736,483,contributors only
2001,median_employer_pct_of_pay,worker age 45-54,3.3333,0.3950,454,employee contributors; 0 where employer does not contribute
2001,mean_employer_pct_of_pay,worker age 45-54,4.6464,0.2337,454,employee contributors; 0 where employer does not contribute
2001,median_employer_pct_of_pay_if_employer_contributes,worker age 45-54,4.5700,0.5810,370,employee contributors with employer contribution > 0
2001,median_total_pct_of_pay,worker age 45-54,11.6400,0.7759,454,employee + employer; employee contributors
2001,mean_total_pct_of_pay,worker age 45-54,12.4042,0.3411,454,employee + employer; employee contributors
2001,mean_employee_pct_of_pay_capped25,worker age 45-54,7.7643,0.2580,483,contributors; each person's rate capped at 25% of pay
2001,mean_employer_pct_of_pay_capped25,worker age 45-54,4.6371,0.2308,454,employee contributors; employer rate capped at 25%
2001,mean_total_pct_of_pay_capped25,worker age 45-54,12.3517,0.3326,454,"employee + employer, each capped at 25%"
2001,pct_contributors_with_employer_contribution,worker age 45-54,82.3722,2.0918,454,employee contributors whose employer also contributes
2001,pct_takeup_workers_with_dc_plan,worker age 55-64,78.0057,3.7839,279,person currently contributes / person has current-job account-type plan
2001,median_employee_pct_of_pay,worker age 55-64,7.2500,0.8368,211,sum over the person's current-job account plans; contributors only
2001,mean_employee_pct_of_pay,worker age 55-64,8.5346,0.4721,211,contributors only
2001,median_employer_pct_of_pay,worker age 55-64,5.0000,0.5662,200,employee contributors; 0 where employer does not contribute
2001,mean_employer_pct_of_pay,worker age 55-64,5.7331,0.4614,200,employee contributors; 0 where employer does not contribute
2001,median_employer_pct_of_pay_if_employer_contributes,worker age 55-64,6.0000,0.6955,176,employee contributors with employer contribution > 0
2001,median_total_pct_of_pay,worker age 55-64,13.7600,0.7936,199,employee + employer; employee contributors
2001,mean_total_pct_of_pay,worker age 55-64,14.1411,0.6855,199,employee + employer; employee contributors
2001,mean_employee_pct_of_pay_capped25,worker age 55-64,8.4718,0.4660,211,contributors; each person's rate capped at 25% of pay
2001,mean_employer_pct_of_pay_capped25,worker age 55-64,5.6572,0.4456,200,employee contributors; employer rate capped at 25%
2001,mean_total_pct_of_pay_capped25,worker age 55-64,13.9985,0.6592,199,"employee + employer, each capped at 25%"
2001,pct_contributors_with_employer_contribution,worker age 55-64,85.5190,2.5587,200,employee contributors whose employer also contributes
2001,pct_takeup_workers_with_dc_plan,family income quartile 1,75.5413,4.2012,65,person currently contributes / person has current-job account-type plan
2001,median_employee_pct_of_pay,family income quartile 1,5.0000,0.8343,48,sum over the person's current-job account plans; contributors only
2001,mean_employee_pct_of_pay,family income quartile 1,6.2146,0.6472,48,contributors only
2001,median_employer_pct_of_pay,family income quartile 1,3.0000,1.0244,44,employee contributors; 0 where employer does not contribute
2001,mean_employer_pct_of_pay,family income quartile 1,4.9805,0.6249,44,employee contributors; 0 where employer does not contribute
2001,median_employer_pct_of_pay_if_employer_contributes,family income quartile 1,3.7500,1.3286,39,employee contributors with employer contribution > 0
2001,median_total_pct_of_pay,family income quartile 1,10.0000,1.3450,44,employee + employer; employee contributors
2001,mean_total_pct_of_pay,family income quartile 1,11.3569,0.9142,44,employee + employer; employee contributors
2001,mean_employee_pct_of_pay_capped25,family income quartile 1,6.2146,0.6472,48,contributors; each person's rate capped at 25% of pay
2001,mean_employer_pct_of_pay_capped25,family income quartile 1,4.9630,0.6137,44,employee contributors; employer rate capped at 25%
2001,mean_total_pct_of_pay_capped25,family income quartile 1,11.3395,0.9039,44,"employee + employer, each capped at 25%"
2001,pct_contributors_with_employer_contribution,family income quartile 1,91.1713,4.7307,44,employee contributors whose employer also contributes
2001,pct_takeup_workers_with_dc_plan,family income quartile 2,82.7803,2.3004,243,person currently contributes / person has current-job account-type plan
2001,median_employee_pct_of_pay,family income quartile 2,5.0000,0.3304,196,sum over the person's current-job account plans; contributors only
2001,mean_employee_pct_of_pay,family income quartile 2,6.1872,0.2966,196,contributors only
2001,median_employer_pct_of_pay,family income quartile 2,3.5700,0.3559,185,employee contributors; 0 where employer does not contribute
2001,mean_employer_pct_of_pay,family income quartile 2,4.5868,0.2311,185,employee contributors; 0 where employer does not contribute
2001,median_employer_pct_of_pay_if_employer_contributes,family income quartile 2,4.0500,0.5091,160,employee contributors with employer contribution > 0
2001,median_total_pct_of_pay,family income quartile 2,9.0000,0.6669,185,employee + employer; employee contributors
2001,mean_total_pct_of_pay,family income quartile 2,10.7923,0.3954,185,employee + employer; employee contributors
2001,mean_employee_pct_of_pay_capped25,family income quartile 2,6.1772,0.3023,196,contributors; each person's rate capped at 25% of pay
2001,mean_employer_pct_of_pay_capped25,family income quartile 2,4.5740,0.2267,185,employee contributors; employer rate capped at 25%
2001,mean_total_pct_of_pay_capped25,family income quartile 2,10.7755,0.3926,185,"employee + employer, each capped at 25%"
2001,pct_contributors_with_employer_contribution,family income quartile 2,87.0714,2.2831,185,employee contributors whose employer also contributes
2001,pct_takeup_workers_with_dc_plan,family income quartile 3,86.6638,1.2357,455,person currently contributes / person has current-job account-type plan
2001,median_employee_pct_of_pay,family income quartile 3,6.0000,0.3479,394,sum over the person's current-job account plans; contributors only
2001,mean_employee_pct_of_pay,family income quartile 3,6.9104,0.2387,394,contributors only
2001,median_employer_pct_of_pay,family income quartile 3,3.7700,0.2518,372,employee contributors; 0 where employer does not contribute
2001,mean_employer_pct_of_pay,family income quartile 3,4.7146,0.2181,372,employee contributors; 0 where employer does not contribute
2001,median_employer_pct_of_pay_if_employer_contributes,family income quartile 3,4.5700,0.5097,318,employee contributors with employer contribution > 0
2001,median_total_pct_of_pay,family income quartile 3,10.0000,0.3890,372,employee + employer; employee contributors
2001,mean_total_pct_of_pay,family income quartile 3,11.5221,0.3443,372,employee + employer; employee contributors
2001,mean_employee_pct_of_pay_capped25,family income quartile 3,6.8812,0.2290,394,contributors; each person's rate capped at 25% of pay
2001,mean_employer_pct_of_pay_capped25,family income quartile 3,4.7132,0.2163,372,employee contributors; employer rate capped at 25%
2001,mean_total_pct_of_pay_capped25,family income quartile 3,11.5182,0.3400,372,"employee + employer, each capped at 25%"
2001,pct_contributors_with_employer_contribution,family income quartile 3,85.0294,1.3316,372,employee contributors whose employer also contributes
2001,pct_takeup_workers_with_dc_plan,family income quartile 4,85.1563,1.2902,1105,person currently contributes / person has current-job account-type plan
2001,median_employee_pct_of_pay,family income quartile 4,8.0000,0.4290,902,sum over the person's current-job account plans; contributors only
2001,mean_employee_pct_of_pay,family income quartile 4,8.8733,0.2248,902,contributors only
2001,median_employer_pct_of_pay,family income quartile 4,4.0000,0.2169,869,employee contributors; 0 where employer does not contribute
2001,mean_employer_pct_of_pay,family income quartile 4,4.7311,0.1734,869,employee contributors; 0 where employer does not contribute
2001,median_employer_pct_of_pay_if_employer_contributes,family income quartile 4,5.0000,0.3550,714,employee contributors with employer contribution > 0
2001,median_total_pct_of_pay,family income quartile 4,12.0000,0.1607,868,employee + employer; employee contributors
2001,mean_total_pct_of_pay,family income quartile 4,13.4664,0.2815,868,employee + employer; employee contributors
2001,mean_employee_pct_of_pay_capped25,family income quartile 4,8.8002,0.2209,902,contributors; each person's rate capped at 25% of pay
2001,mean_employer_pct_of_pay_capped25,family income quartile 4,4.7144,0.1695,869,employee contributors; employer rate capped at 25%
2001,mean_total_pct_of_pay_capped25,family income quartile 4,13.3897,0.2748,868,"employee + employer, each capped at 25%"
2001,pct_contributors_with_employer_contribution,family income quartile 4,82.6063,1.3722,869,employee contributors whose employer also contributes
2001,pct_takeup_eligible_workers_broad,"workers with plan or eligible, all ages",70.1280,1.0837,2200,"contributors / (has current-job account plan + eligible non-participant offered an account-type plan, X4137 & X6708-12)"
2001,pct_eligible_nonparticipants_of_eligible,"workers with plan or eligible, all ages",17.3642,0.8538,2200,eligible for an offered account-type plan but not included in any plan
2001,pct_takeup_eligible_workers_broad,"workers with plan or eligible, age 25-64",71.3094,1.1023,2055,"contributors / (has current-job account plan + eligible non-participant offered an account-type plan, X4137 & X6708-12)"
2001,pct_eligible_nonparticipants_of_eligible,"workers with plan or eligible, age 25-64",16.0733,0.8708,2055,eligible for an offered account-type plan but not included in any plan
2001,pct_takeup_eligible_workers_broad,worker age 25-34,65.9577,2.1204,407,"contributors / (has current-job account plan + eligible non-participant offered an account-type plan, X4137 & X6708-12)"
2001,pct_eligible_nonparticipants_of_eligible,worker age 25-34,22.5394,1.5909,407,eligible for an offered account-type plan but not included in any plan
2001,pct_takeup_eligible_workers_broad,worker age 35-44,74.4507,1.6093,687,"contributors / (has current-job account plan + eligible non-participant offered an account-type plan, X4137 & X6708-12)"
2001,pct_eligible_nonparticipants_of_eligible,worker age 35-44,14.0834,1.2726,687,eligible for an offered account-type plan but not included in any plan
2001,pct_takeup_eligible_workers_broad,worker age 45-54,74.2641,1.7924,649,"contributors / (has current-job account plan + eligible non-participant offered an account-type plan, X4137 & X6708-12)"
2001,pct_eligible_nonparticipants_of_eligible,worker age 45-54,13.1596,1.2857,649,eligible for an offered account-type plan but not included in any plan
2001,pct_takeup_eligible_workers_broad,worker age 55-64,66.0294,3.3563,312,"contributors / (has current-job account plan + eligible non-participant offered an account-type plan, X4137 & X6708-12)"
2001,pct_eligible_nonparticipants_of_eligible,worker age 55-64,15.3531,2.2749,312,eligible for an offered account-type plan but not included in any plan
2001,pct_takeup_eligible_workers_broad,family income quartile 1,44.0436,4.9590,112,"contributors / (has current-job account plan + eligible non-participant offered an account-type plan, X4137 & X6708-12)"
2001,pct_eligible_nonparticipants_of_eligible,family income quartile 1,41.6961,5.4807,112,eligible for an offered account-type plan but not included in any plan
2001,pct_takeup_eligible_workers_broad,family income quartile 2,61.0240,2.5696,325,"contributors / (has current-job account plan + eligible non-participant offered an account-type plan, X4137 & X6708-12)"
2001,pct_eligible_nonparticipants_of_eligible,family income quartile 2,26.2820,2.3766,325,eligible for an offered account-type plan but not included in any plan
2001,pct_takeup_eligible_workers_broad,family income quartile 3,70.6212,1.6265,561,"contributors / (has current-job account plan + eligible non-participant offered an account-type plan, X4137 & X6708-12)"
2001,pct_eligible_nonparticipants_of_eligible,family income quartile 3,18.5114,1.5648,561,eligible for an offered account-type plan but not included in any plan
2001,pct_takeup_eligible_workers_broad,family income quartile 4,77.0669,1.4785,1202,"contributors / (has current-job account plan + eligible non-participant offered an account-type plan, X4137 & X6708-12)"
2001,pct_eligible_nonparticipants_of_eligible,family income quartile 4,9.4995,0.9082,1202,eligible for an offered account-type plan but not included in any plan
2004,pct_families_with_dc_plan_current_job,all families,33.2005,0.7335,4519,"R or spouse has account-type plan at current job (pension grid; DCPLANCJ-style, excl. plans already paying benefits)"
2004,pct_families_contributing_dc_current_job,all families,28.7729,0.7165,4519,R or spouse currently makes employee contributions to a current-job account-type plan
2004,pct_takeup_families_with_dc_plan,all families,86.6641,0.8939,1618,among families with a current-job account-type plan
2004,agg_dc_employee_pct_of_current_wages,all families,4.2198,0.2551,4519,"annualized current employee DC contributions / annualized current main-job pay, all R+spouse employees (self-employed/no-pay plan holders excluded from both)"
2004,agg_dc_employer_pct_of_current_wages,all families,2.7676,0.0883,4519,"annualized current employer DC contributions / annualized current main-job pay, all R+spouse employees"
2004,agg_dc_total_pct_of_current_wages,all families,6.9874,0.3065,4519,"employee + employer / annualized current main-job pay, all R+spouse employees"
2004,pct_families_with_dc_plan_current_job,"working-age families (head 25-64, working)",48.4736,0.8688,2985,"R or spouse has account-type plan at current job (pension grid; DCPLANCJ-style, excl. plans already paying benefits)"
2004,pct_families_contributing_dc_current_job,"working-age families (head 25-64, working)",42.2633,0.9306,2985,R or spouse currently makes employee contributions to a current-job account-type plan
2004,pct_takeup_families_with_dc_plan,"working-age families (head 25-64, working)",87.1882,0.9772,1457,among families with a current-job account-type plan
2004,agg_dc_employee_pct_of_current_wages,"working-age families (head 25-64, working)",4.3671,0.2764,2985,"annualized current employee DC contributions / annualized current main-job pay, all R+spouse employees (self-employed/no-pay plan holders excluded from both)"
2004,agg_dc_employer_pct_of_current_wages,"working-age families (head 25-64, working)",2.8613,0.0947,2985,"annualized current employer DC contributions / annualized current main-job pay, all R+spouse employees"
2004,agg_dc_total_pct_of_current_wages,"working-age families (head 25-64, working)",7.2284,0.3327,2985,"employee + employer / annualized current main-job pay, all R+spouse employees"
2004,pct_families_with_dc_plan_current_job,head age 25-34,39.0690,1.8510,576,"R or spouse has account-type plan at current job (pension grid; DCPLANCJ-style, excl. plans already paying benefits)"
2004,pct_families_contributing_dc_current_job,head age 25-34,34.9127,1.7512,576,R or spouse currently makes employee contributions to a current-job account-type plan
2004,pct_takeup_families_with_dc_plan,head age 25-34,89.3617,2.1109,214,among families with a current-job account-type plan
2004,agg_dc_employee_pct_of_current_wages,head age 25-34,3.5076,0.2940,576,"annualized current employee DC contributions / annualized current main-job pay, all R+spouse employees (self-employed/no-pay plan holders excluded from both)"
2004,agg_dc_employer_pct_of_current_wages,head age 25-34,2.2474,0.1948,576,"annualized current employer DC contributions / annualized current main-job pay, all R+spouse employees"
2004,agg_dc_total_pct_of_current_wages,head age 25-34,5.7550,0.4446,576,"employee + employer / annualized current main-job pay, all R+spouse employees"
2004,pct_families_with_dc_plan_current_job,head age 35-44,46.1350,1.3809,886,"R or spouse has account-type plan at current job (pension grid; DCPLANCJ-style, excl. plans already paying benefits)"
2004,pct_families_contributing_dc_current_job,head age 35-44,39.0286,1.4339,886,R or spouse currently makes employee contributions to a current-job account-type plan
2004,pct_takeup_families_with_dc_plan,head age 35-44,84.5965,1.6232,405,among families with a current-job account-type plan
2004,agg_dc_employee_pct_of_current_wages,head age 35-44,3.6866,0.2785,886,"annualized current employee DC contributions / annualized current main-job pay, all R+spouse employees (self-employed/no-pay plan holders excluded from both)"
2004,agg_dc_employer_pct_of_current_wages,head age 35-44,2.7700,0.1643,886,"annualized current employer DC contributions / annualized current main-job pay, all R+spouse employees"
2004,agg_dc_total_pct_of_current_wages,head age 35-44,6.4565,0.3472,886,"employee + employer / annualized current main-job pay, all R+spouse employees"
2004,pct_families_with_dc_plan_current_job,head age 45-54,44.3862,1.5548,1079,"R or spouse has account-type plan at current job (pension grid; DCPLANCJ-style, excl. plans already paying benefits)"
2004,pct_families_contributing_dc_current_job,head age 45-54,39.6764,1.6655,1079,R or spouse currently makes employee contributions to a current-job account-type plan
2004,pct_takeup_families_with_dc_plan,head age 45-54,89.3890,1.7604,505,among families with a current-job account-type plan
2004,agg_dc_employee_pct_of_current_wages,head age 45-54,4.2400,0.2349,1079,"annualized current employee DC contributions / annualized current main-job pay, all R+spouse employees (self-employed/no-pay plan holders excluded from both)"
2004,agg_dc_employer_pct_of_current_wages,head age 45-54,2.7553,0.1557,1079,"annualized current employer DC contributions / annualized current main-job pay, all R+spouse employees"
2004,agg_dc_total_pct_of_current_wages,head age 45-54,6.9952,0.3351,1079,"employee + employer / annualized current main-job pay, all R+spouse employees"
2004,pct_families_with_dc_plan_current_job,head age 55-64,39.6469,1.5879,919,"R or spouse has account-type plan at current job (pension grid; DCPLANCJ-style, excl. plans already paying benefits)"
2004,pct_families_contributing_dc_current_job,head age 55-64,33.8479,1.6172,919,R or spouse currently makes employee contributions to a current-job account-type plan
2004,pct_takeup_families_with_dc_plan,head age 55-64,85.3734,1.9922,382,among families with a current-job account-type plan
2004,agg_dc_employee_pct_of_current_wages,head age 55-64,6.4442,1.1128,919,"annualized current employee DC contributions / annualized current main-job pay, all R+spouse employees (self-employed/no-pay plan holders excluded from both)"
2004,agg_dc_employer_pct_of_current_wages,head age 55-64,3.7430,0.2948,919,"annualized current employer DC contributions / annualized current main-job pay, all R+spouse employees"
2004,agg_dc_total_pct_of_current_wages,head age 55-64,10.1872,1.2673,919,"employee + employer / annualized current main-job pay, all R+spouse employees"
2004,pct_families_with_dc_plan_current_job,income quartile 1,4.5955,0.6492,839,"R or spouse has account-type plan at current job (pension grid; DCPLANCJ-style, excl. plans already paying benefits)"
2004,pct_families_contributing_dc_current_job,income quartile 1,3.3133,0.5567,839,R or spouse currently makes employee contributions to a current-job account-type plan
2004,pct_takeup_families_with_dc_plan,income quartile 1,72.0987,6.9667,43,among families with a current-job account-type plan
2004,agg_dc_employee_pct_of_current_wages,income quartile 1,0.6006,0.1219,839,"annualized current employee DC contributions / annualized current main-job pay, all R+spouse employees (self-employed/no-pay plan holders excluded from both)"
2004,agg_dc_employer_pct_of_current_wages,income quartile 1,0.8396,0.2064,839,"annualized current employer DC contributions / annualized current main-job pay, all R+spouse employees"
2004,agg_dc_total_pct_of_current_wages,income quartile 1,1.4402,0.2955,839,"employee + employer / annualized current main-job pay, all R+spouse employees"
2004,pct_families_with_dc_plan_current_job,income quartile 2,24.5296,1.0320,857,"R or spouse has account-type plan at current job (pension grid; DCPLANCJ-style, excl. plans already paying benefits)"
2004,pct_families_contributing_dc_current_job,income quartile 2,19.3510,1.0419,857,R or spouse currently makes employee contributions to a current-job account-type plan
2004,pct_takeup_families_with_dc_plan,income quartile 2,78.8884,2.6835,222,among families with a current-job account-type plan
2004,agg_dc_employee_pct_of_current_wages,income quartile 2,1.7737,0.1337,857,"annualized current employee DC contributions / annualized current main-job pay, all R+spouse employees (self-employed/no-pay plan holders excluded from both)"
2004,agg_dc_employer_pct_of_current_wages,income quartile 2,1.5935,0.1591,857,"annualized current employer DC contributions / annualized current main-job pay, all R+spouse employees"
2004,agg_dc_total_pct_of_current_wages,income quartile 2,3.3672,0.2512,857,"employee + employer / annualized current main-job pay, all R+spouse employees"
2004,pct_families_with_dc_plan_current_job,income quartile 3,43.8162,1.4239,865,"R or spouse has account-type plan at current job (pension grid; DCPLANCJ-style, excl. plans already paying benefits)"
2004,pct_families_contributing_dc_current_job,income quartile 3,38.4250,1.3479,865,R or spouse currently makes employee contributions to a current-job account-type plan
2004,pct_takeup_families_with_dc_plan,income quartile 3,87.6959,1.2871,365,among families with a current-job account-type plan
2004,agg_dc_employee_pct_of_current_wages,income quartile 3,3.0772,0.1482,865,"annualized current employee DC contributions / annualized current main-job pay, all R+spouse employees (self-employed/no-pay plan holders excluded from both)"
2004,agg_dc_employer_pct_of_current_wages,income quartile 3,2.3376,0.1408,865,"annualized current employer DC contributions / annualized current main-job pay, all R+spouse employees"
2004,agg_dc_total_pct_of_current_wages,income quartile 3,5.4148,0.2520,865,"employee + employer / annualized current main-job pay, all R+spouse employees"
2004,pct_families_with_dc_plan_current_job,income quartile 4,59.8525,1.4404,1958,"R or spouse has account-type plan at current job (pension grid; DCPLANCJ-style, excl. plans already paying benefits)"
2004,pct_families_contributing_dc_current_job,income quartile 4,53.9951,1.4338,1958,R or spouse currently makes employee contributions to a current-job account-type plan
2004,pct_takeup_families_with_dc_plan,income quartile 4,90.2136,1.1625,988,among families with a current-job account-type plan
2004,agg_dc_employee_pct_of_current_wages,income quartile 4,5.4556,0.4174,1958,"annualized current employee DC contributions / annualized current main-job pay, all R+spouse employees (self-employed/no-pay plan holders excluded from both)"
2004,agg_dc_employer_pct_of_current_wages,income quartile 4,3.3256,0.1373,1958,"annualized current employer DC contributions / annualized current main-job pay, all R+spouse employees"
2004,agg_dc_total_pct_of_current_wages,income quartile 4,8.7811,0.4940,1958,"employee + employer / annualized current main-job pay, all R+spouse employees"
2004,agg_dc_employee_pct_of_covered_pay,all families,7.7563,0.4130,1618,contributions / annualized pay of R+spouse who have a current-job account plan (families with a plan)
2004,agg_dc_employer_pct_of_covered_pay,all families,5.0870,0.1324,1618,contributions / annualized pay of R+spouse who have a current-job account plan (families with a plan)
2004,agg_dc_total_pct_of_covered_pay,all families,12.8433,0.4613,1618,contributions / annualized pay of R+spouse who have a current-job account plan (families with a plan)
2004,agg_dc_employee_pct_of_covered_pay,"working-age families (head 25-64, working)",7.7974,0.4359,1457,contributions / annualized pay of R+spouse who have a current-job account plan (families with a plan)
2004,agg_dc_employer_pct_of_covered_pay,"working-age families (head 25-64, working)",5.1088,0.1390,1457,contributions / annualized pay of R+spouse who have a current-job account plan (families with a plan)
2004,agg_dc_total_pct_of_covered_pay,"working-age families (head 25-64, working)",12.9062,0.4899,1457,contributions / annualized pay of R+spouse who have a current-job account plan (families with a plan)
2004,agg_dc_employee_pct_of_covered_pay,head age 25-34,7.2044,0.4657,214,contributions / annualized pay of R+spouse who have a current-job account plan (families with a plan)
2004,agg_dc_employer_pct_of_covered_pay,head age 25-34,4.6161,0.3623,214,contributions / annualized pay of R+spouse who have a current-job account plan (families with a plan)
2004,agg_dc_total_pct_of_covered_pay,head age 25-34,11.8204,0.7155,214,contributions / annualized pay of R+spouse who have a current-job account plan (families with a plan)
2004,agg_dc_employee_pct_of_covered_pay,head age 35-44,6.6864,0.4407,405,contributions / annualized pay of R+spouse who have a current-job account plan (families with a plan)
2004,agg_dc_employer_pct_of_covered_pay,head age 35-44,5.0240,0.2459,405,contributions / annualized pay of R+spouse who have a current-job account plan (families with a plan)
2004,agg_dc_total_pct_of_covered_pay,head age 35-44,11.7104,0.4754,405,contributions / annualized pay of R+spouse who have a current-job account plan (families with a plan)
2004,agg_dc_employee_pct_of_covered_pay,head age 45-54,7.5509,0.3319,505,contributions / annualized pay of R+spouse who have a current-job account plan (families with a plan)
2004,agg_dc_employer_pct_of_covered_pay,head age 45-54,4.9068,0.2185,505,contributions / annualized pay of R+spouse who have a current-job account plan (families with a plan)
2004,agg_dc_total_pct_of_covered_pay,head age 45-54,12.4577,0.4137,505,contributions / annualized pay of R+spouse who have a current-job account plan (families with a plan)
2004,agg_dc_employee_pct_of_covered_pay,head age 55-64,9.8755,1.5411,382,contributions / annualized pay of R+spouse who have a current-job account plan (families with a plan)
2004,agg_dc_employer_pct_of_covered_pay,head age 55-64,5.7360,0.3557,382,contributions / annualized pay of R+spouse who have a current-job account plan (families with a plan)
2004,agg_dc_total_pct_of_covered_pay,head age 55-64,15.6115,1.6496,382,contributions / annualized pay of R+spouse who have a current-job account plan (families with a plan)
2004,agg_dc_employee_pct_of_covered_pay,income quartile 1,4.0435,0.5072,43,contributions / annualized pay of R+spouse who have a current-job account plan (families with a plan)
2004,agg_dc_employer_pct_of_covered_pay,income quartile 1,5.6526,0.8197,43,contributions / annualized pay of R+spouse who have a current-job account plan (families with a plan)
2004,agg_dc_total_pct_of_covered_pay,income quartile 1,9.6961,0.8657,43,contributions / annualized pay of R+spouse who have a current-job account plan (families with a plan)
2004,agg_dc_employee_pct_of_covered_pay,income quartile 2,5.3277,0.3031,222,contributions / annualized pay of R+spouse who have a current-job account plan (families with a plan)
2004,agg_dc_employer_pct_of_covered_pay,income quartile 2,4.7864,0.4108,222,contributions / annualized pay of R+spouse who have a current-job account plan (families with a plan)
2004,agg_dc_total_pct_of_covered_pay,income quartile 2,10.1141,0.5679,222,contributions / annualized pay of R+spouse who have a current-job account plan (families with a plan)
2004,agg_dc_employee_pct_of_covered_pay,income quartile 3,6.3613,0.2244,365,contributions / annualized pay of R+spouse who have a current-job account plan (families with a plan)
2004,agg_dc_employer_pct_of_covered_pay,income quartile 3,4.8324,0.2360,365,contributions / annualized pay of R+spouse who have a current-job account plan (families with a plan)
2004,agg_dc_total_pct_of_covered_pay,income quartile 3,11.1937,0.3551,365,contributions / annualized pay of R+spouse who have a current-job account plan (families with a plan)
2004,agg_dc_employee_pct_of_covered_pay,income quartile 4,8.5130,0.5753,988,contributions / annualized pay of R+spouse who have a current-job account plan (families with a plan)
2004,agg_dc_employer_pct_of_covered_pay,income quartile 4,5.1893,0.1715,988,contributions / annualized pay of R+spouse who have a current-job account plan (families with a plan)
2004,agg_dc_total_pct_of_covered_pay,income quartile 4,13.7023,0.6335,988,contributions / annualized pay of R+spouse who have a current-job account plan (families with a plan)
2004,pct_takeup_workers_with_dc_plan,"workers with current-job account plan, all ages",85.2426,0.9115,1912,person currently contributes / person has current-job account-type plan
2004,median_employee_pct_of_pay,"workers with current-job account plan, all ages",6.0000,0.2008,1586,sum over the person's current-job account plans; contributors only
2004,mean_employee_pct_of_pay,"workers with current-job account plan, all ages",7.9164,0.1548,1586,contributors only
2004,median_employer_pct_of_pay,"workers with current-job account plan, all ages",4.0000,0.0835,1586,employee contributors; 0 where employer does not contribute
2004,mean_employer_pct_of_pay,"workers with current-job account plan, all ages",4.4804,0.1118,1586,employee contributors; 0 where employer does not contribute
2004,median_employer_pct_of_pay_if_employer_contributes,"workers with current-job account plan, all ages",5.0000,0.7675,1306,employee contributors with employer contribution > 0
2004,median_total_pct_of_pay,"workers with current-job account plan, all ages",11.0000,0.4776,1571,employee + employer; employee contributors
2004,mean_total_pct_of_pay,"workers with current-job account plan, all ages",12.4004,0.2368,1571,employee + employer; employee contributors
2004,mean_employee_pct_of_pay_capped25,"workers with current-job account plan, all ages",7.8326,0.1473,1586,contributors; each person's rate capped at 25% of pay
2004,mean_employer_pct_of_pay_capped25,"workers with current-job account plan, all ages",4.4602,0.1090,1586,employee contributors; employer rate capped at 25%
2004,mean_total_pct_of_pay_capped25,"workers with current-job account plan, all ages",12.2959,0.2299,1571,"employee + employer, each capped at 25%"
2004,pct_contributors_with_employer_contribution,"workers with current-job account plan, all ages",85.0544,1.0446,1586,employee contributors whose employer also contributes
2004,pct_takeup_workers_with_dc_plan,"workers with current-job account plan, age 25-64",85.2951,0.9909,1807,person currently contributes / person has current-job account-type plan
2004,median_employee_pct_of_pay,"workers with current-job account plan, age 25-64",6.0000,0.2653,1506,sum over the person's current-job account plans; contributors only
2004,mean_employee_pct_of_pay,"workers with current-job account plan, age 25-64",7.9080,0.1596,1506,contributors only
2004,median_employer_pct_of_pay,"workers with current-job account plan, age 25-64",4.0000,0.0706,1508,employee contributors; 0 where employer does not contribute
2004,mean_employer_pct_of_pay,"workers with current-job account plan, age 25-64",4.4925,0.1179,1508,employee contributors; 0 where employer does not contribute
2004,median_employer_pct_of_pay_if_employer_contributes,"workers with current-job account plan, age 25-64",5.0000,0.7810,1238,employee contributors with employer contribution > 0
2004,median_total_pct_of_pay,"workers with current-job account plan, age 25-64",11.0000,0.4786,1493,employee + employer; employee contributors
2004,mean_total_pct_of_pay,"workers with current-job account plan, age 25-64",12.4001,0.2492,1493,employee + employer; employee contributors
2004,mean_employee_pct_of_pay_capped25,"workers with current-job account plan, age 25-64",7.8362,0.1543,1506,contributors; each person's rate capped at 25% of pay
2004,mean_employer_pct_of_pay_capped25,"workers with current-job account plan, age 25-64",4.4720,0.1150,1508,employee contributors; employer rate capped at 25%
2004,mean_total_pct_of_pay_capped25,"workers with current-job account plan, age 25-64",12.3073,0.2436,1493,"employee + employer, each capped at 25%"
2004,pct_contributors_with_employer_contribution,"workers with current-job account plan, age 25-64",84.8210,0.9941,1508,employee contributors whose employer also contributes
2004,pct_takeup_workers_with_dc_plan,worker age 25-34,87.0169,1.8760,253,person currently contributes / person has current-job account-type plan
2004,median_employee_pct_of_pay,worker age 25-34,6.0000,0.2187,219,sum over the person's current-job account plans; contributors only
2004,mean_employee_pct_of_pay,worker age 25-34,7.1643,0.3227,219,contributors only
2004,median_employer_pct_of_pay,worker age 25-34,4.0000,0.7736,219,employee contributors; 0 where employer does not contribute
2004,mean_employer_pct_of_pay,worker age 25-34,4.2793,0.2361,219,employee contributors; 0 where employer does not contribute
2004,median_employer_pct_of_pay_if_employer_contributes,worker age 25-34,4.0000,0.2029,192,employee contributors with employer contribution > 0
2004,median_total_pct_of_pay,worker age 25-34,10.0000,0.3928,217,employee + employer; employee contributors
2004,mean_total_pct_of_pay,worker age 25-34,11.4225,0.5046,217,employee + employer; employee contributors
2004,mean_employee_pct_of_pay_capped25,worker age 25-34,7.1469,0.3176,219,contributors; each person's rate capped at 25% of pay
2004,mean_employer_pct_of_pay_capped25,worker age 25-34,4.2793,0.2361,219,employee contributors; employer rate capped at 25%
2004,mean_total_pct_of_pay_capped25,worker age 25-34,11.4050,0.4981,217,"employee + employer, each capped at 25%"
2004,pct_contributors_with_employer_contribution,worker age 25-34,87.9457,2.2252,219,employee contributors whose employer also contributes
2004,pct_takeup_workers_with_dc_plan,worker age 35-44,85.1661,1.4732,508,person currently contributes / person has current-job account-type plan
2004,median_employee_pct_of_pay,worker age 35-44,6.0000,0.0706,432,sum over the person's current-job account plans; contributors only
2004,mean_employee_pct_of_pay,worker age 35-44,7.2776,0.2242,432,contributors only
2004,median_employer_pct_of_pay,worker age 35-44,4.0000,0.3533,432,employee contributors; 0 where employer does not contribute
2004,mean_employer_pct_of_pay,worker age 35-44,4.7567,0.1973,432,employee contributors; 0 where employer does not contribute
2004,median_employer_pct_of_pay_if_employer_contributes,worker age 35-44,5.0000,0.1367,363,employee contributors with employer contribution > 0
2004,median_total_pct_of_pay,worker age 35-44,11.0000,0.4963,430,employee + employer; employee contributors
2004,mean_total_pct_of_pay,worker age 35-44,12.0181,0.3314,430,employee + employer; employee contributors
2004,mean_employee_pct_of_pay_capped25,worker age 35-44,7.2339,0.2213,432,contributors; each person's rate capped at 25% of pay
2004,mean_employer_pct_of_pay_capped25,worker age 35-44,4.7002,0.1881,432,employee contributors; employer rate capped at 25%
2004,mean_total_pct_of_pay_capped25,worker age 35-44,11.9177,0.3255,430,"employee + employer, each capped at 25%"
2004,pct_contributors_with_employer_contribution,worker age 35-44,86.4954,1.4794,432,employee contributors whose employer also contributes
2004,pct_takeup_workers_with_dc_plan,worker age 45-54,85.2296,1.8344,621,person currently contributes / person has current-job account-type plan
2004,median_employee_pct_of_pay,worker age 45-54,7.0000,0.4909,518,sum over the person's current-job account plans; contributors only
2004,mean_employee_pct_of_pay,worker age 45-54,8.1206,0.2355,518,contributors only
2004,median_employer_pct_of_pay,worker age 45-54,4.0000,0.3420,519,employee contributors; 0 where employer does not contribute
2004,mean_employer_pct_of_pay,worker age 45-54,4.3048,0.1963,519,employee contributors; 0 where employer does not contribute
2004,median_employer_pct_of_pay_if_employer_contributes,worker age 45-54,5.0000,0.4069,407,employee contributors with employer contribution > 0
2004,median_total_pct_of_pay,worker age 45-54,10.0000,0.6033,514,employee + employer; employee contributors
2004,mean_total_pct_of_pay,worker age 45-54,12.4435,0.3730,514,employee + employer; employee contributors
2004,mean_employee_pct_of_pay_capped25,worker age 45-54,8.0398,0.2288,518,contributors; each person's rate capped at 25% of pay
2004,mean_employer_pct_of_pay_capped25,worker age 45-54,4.3000,0.1957,519,employee contributors; employer rate capped at 25%
2004,mean_total_pct_of_pay_capped25,worker age 45-54,12.3577,0.3677,514,"employee + employer, each capped at 25%"
2004,pct_contributors_with_employer_contribution,worker age 45-54,80.0529,1.8842,519,employee contributors whose employer also contributes
2004,pct_takeup_workers_with_dc_plan,worker age 55-64,83.7460,2.0741,425,person currently contributes / person has current-job account-type plan
2004,median_employee_pct_of_pay,worker age 55-64,9.0000,1.1490,337,sum over the person's current-job account plans; contributors only
2004,mean_employee_pct_of_pay,worker age 55-64,9.5057,0.4359,337,contributors only
2004,median_employer_pct_of_pay,worker age 55-64,4.0000,0.1401,338,employee contributors; 0 where employer does not contribute
2004,mean_employer_pct_of_pay,worker age 55-64,4.5882,0.2690,338,employee contributors; 0 where employer does not contribute
2004,median_employer_pct_of_pay_if_employer_contributes,worker age 55-64,4.0000,0.6490,276,employee contributors with employer contribution > 0
2004,median_total_pct_of_pay,worker age 55-64,13.0000,0.7498,332,employee + employer; employee contributors
2004,mean_total_pct_of_pay,worker age 55-64,14.1112,0.5926,332,employee + employer; employee contributors
2004,mean_employee_pct_of_pay_capped25,worker age 55-64,9.3374,0.3986,337,contributors; each person's rate capped at 25% of pay
2004,mean_employer_pct_of_pay_capped25,worker age 55-64,4.5811,0.2687,338,employee contributors; employer rate capped at 25%
2004,mean_total_pct_of_pay_capped25,worker age 55-64,13.9346,0.5644,332,"employee + employer, each capped at 25%"
2004,pct_contributors_with_employer_contribution,worker age 55-64,86.4612,2.0943,338,employee contributors whose employer also contributes
2004,pct_takeup_workers_with_dc_plan,family income quartile 1,72.1299,6.9546,45,person currently contributes / person has current-job account-type plan
2004,median_employee_pct_of_pay,family income quartile 1,4.0000,0.9743,32,sum over the person's current-job account plans; contributors only
2004,mean_employee_pct_of_pay,family income quartile 1,6.0401,0.6947,32,contributors only
2004,median_employer_pct_of_pay,family income quartile 1,4.0000,0.9083,32,employee contributors; 0 where employer does not contribute
2004,mean_employer_pct_of_pay,family income quartile 1,3.8427,0.4589,32,employee contributors; 0 where employer does not contribute
2004,median_employer_pct_of_pay_if_employer_contributes,family income quartile 1,5.0000,0.9058,26,employee contributors with employer contribution > 0
2004,median_total_pct_of_pay,family income quartile 1,8.0000,1.8829,32,employee + employer; employee contributors
2004,mean_total_pct_of_pay,family income quartile 1,9.8828,0.9468,32,employee + employer; employee contributors
2004,mean_employee_pct_of_pay_capped25,family income quartile 1,6.0106,0.6907,32,contributors; each person's rate capped at 25% of pay
2004,mean_employer_pct_of_pay_capped25,family income quartile 1,3.8427,0.4589,32,employee contributors; employer rate capped at 25%
2004,mean_total_pct_of_pay_capped25,family income quartile 1,9.8533,0.9424,32,"employee + employer, each capped at 25%"
2004,pct_contributors_with_employer_contribution,family income quartile 1,84.1424,5.9504,32,employee contributors whose employer also contributes
2004,pct_takeup_workers_with_dc_plan,family income quartile 2,78.6732,2.6008,226,person currently contributes / person has current-job account-type plan
2004,median_employee_pct_of_pay,family income quartile 2,6.0000,0.5014,180,sum over the person's current-job account plans; contributors only
2004,mean_employee_pct_of_pay,family income quartile 2,6.7675,0.2946,180,contributors only
2004,median_employer_pct_of_pay,family income quartile 2,3.0000,0.2537,181,employee contributors; 0 where employer does not contribute
2004,mean_employer_pct_of_pay,family income quartile 2,3.9828,0.1936,181,employee contributors; 0 where employer does not contribute
2004,median_employer_pct_of_pay_if_employer_contributes,family income quartile 2,4.0000,0.2431,151,employee contributors with employer contribution > 0
2004,median_total_pct_of_pay,family income quartile 2,10.0000,0.4458,178,employee + employer; employee contributors
2004,mean_total_pct_of_pay,family income quartile 2,10.7595,0.4140,178,employee + employer; employee contributors
2004,mean_employee_pct_of_pay_capped25,family income quartile 2,6.7642,0.2950,180,contributors; each person's rate capped at 25% of pay
2004,mean_employer_pct_of_pay_capped25,family income quartile 2,3.9828,0.1936,181,employee contributors; employer rate capped at 25%
2004,mean_total_pct_of_pay_capped25,family income quartile 2,10.7562,0.4144,178,"employee + employer, each capped at 25%"
2004,pct_contributors_with_employer_contribution,family income quartile 2,84.8633,2.3257,181,employee contributors whose employer also contributes
2004,pct_takeup_workers_with_dc_plan,family income quartile 3,85.6727,1.4236,417,person currently contributes / person has current-job account-type plan
2004,median_employee_pct_of_pay,family income quartile 3,6.0000,0.1865,354,sum over the person's current-job account plans; contributors only
2004,mean_employee_pct_of_pay,family income quartile 3,7.1268,0.2134,354,contributors only
2004,median_employer_pct_of_pay,family income quartile 3,4.0000,0.0835,355,employee contributors; 0 where employer does not contribute
2004,mean_employer_pct_of_pay,family income quartile 3,4.5208,0.2041,355,employee contributors; 0 where employer does not contribute
2004,median_employer_pct_of_pay_if_employer_contributes,family income quartile 3,4.0000,0.6137,314,employee contributors with employer contribution > 0
2004,median_total_pct_of_pay,family income quartile 3,10.0000,0.2505,353,employee + employer; employee contributors
2004,mean_total_pct_of_pay,family income quartile 3,11.6323,0.3695,353,employee + employer; employee contributors
2004,mean_employee_pct_of_pay_capped25,family income quartile 3,7.1028,0.2111,354,contributors; each person's rate capped at 25% of pay
2004,mean_employer_pct_of_pay_capped25,family income quartile 3,4.5203,0.2044,355,employee contributors; employer rate capped at 25%
2004,mean_total_pct_of_pay_capped25,family income quartile 3,11.6078,0.3670,353,"employee + employer, each capped at 25%"
2004,pct_contributors_with_employer_contribution,family income quartile 3,87.6236,1.7929,355,employee contributors whose employer also contributes
2004,pct_takeup_workers_with_dc_plan,family income quartile 4,87.8050,1.2302,1224,person currently contributes / person has current-job account-type plan
2004,median_employee_pct_of_pay,family income quartile 4,8.0000,0.5184,1020,sum over the person's current-job account plans; contributors only
2004,mean_employee_pct_of_pay,family income quartile 4,8.8205,0.2529,1020,contributors only
2004,median_employer_pct_of_pay,family income quartile 4,4.0000,0.1938,1018,employee contributors; 0 where employer does not contribute
2004,mean_employer_pct_of_pay,family income quartile 4,4.6264,0.1495,1018,employee contributors; 0 where employer does not contribute
2004,median_employer_pct_of_pay_if_employer_contributes,family income quartile 4,5.0000,0.3524,815,employee contributors with employer contribution > 0
2004,median_total_pct_of_pay,family income quartile 4,12.0000,0.3196,1008,employee + employer; employee contributors
2004,mean_total_pct_of_pay,family income quartile 4,13.4610,0.3476,1008,employee + employer; employee contributors
2004,mean_employee_pct_of_pay_capped25,family income quartile 4,8.6743,0.2346,1020,contributors; each person's rate capped at 25% of pay
2004,mean_employer_pct_of_pay_capped25,family income quartile 4,4.5872,0.1440,1018,employee contributors; employer rate capped at 25%
2004,mean_total_pct_of_pay_capped25,family income quartile 4,13.2746,0.3327,1008,"employee + employer, each capped at 25%"
2004,pct_contributors_with_employer_contribution,family income quartile 4,83.5390,1.3497,1018,employee contributors whose employer also contributes
2004,pct_takeup_eligible_workers_broad,"workers with plan or eligible, all ages",69.8067,0.8539,2235,"contributors / (has current-job account plan + eligible non-participant offered an account-type plan, X4137 & X6708-12)"
2004,pct_eligible_nonparticipants_of_eligible,"workers with plan or eligible, all ages",18.1083,0.7338,2235,eligible for an offered account-type plan but not included in any plan
2004,pct_takeup_eligible_workers_broad,"workers with plan or eligible, age 25-64",71.6327,0.9300,2073,"contributors / (has current-job account plan + eligible non-participant offered an account-type plan, X4137 & X6708-12)"
2004,pct_eligible_nonparticipants_of_eligible,"workers with plan or eligible, age 25-64",16.0178,0.7090,2073,eligible for an offered account-type plan but not included in any plan
2004,pct_takeup_eligible_workers_broad,worker age 25-34,66.9132,2.3157,331,"contributors / (has current-job account plan + eligible non-participant offered an account-type plan, X4137 & X6708-12)"
2004,pct_eligible_nonparticipants_of_eligible,worker age 25-34,23.1033,1.7433,331,eligible for an offered account-type plan but not included in any plan
2004,pct_takeup_eligible_workers_broad,worker age 35-44,71.7380,1.5282,591,"contributors / (has current-job account plan + eligible non-participant offered an account-type plan, X4137 & X6708-12)"
2004,pct_eligible_nonparticipants_of_eligible,worker age 35-44,15.7670,1.2267,591,eligible for an offered account-type plan but not included in any plan
2004,pct_takeup_eligible_workers_broad,worker age 45-54,73.1603,1.8397,690,"contributors / (has current-job account plan + eligible non-participant offered an account-type plan, X4137 & X6708-12)"
2004,pct_eligible_nonparticipants_of_eligible,worker age 45-54,14.1609,1.4019,690,eligible for an offered account-type plan but not included in any plan
2004,pct_takeup_eligible_workers_broad,worker age 55-64,74.7769,2.2241,461,"contributors / (has current-job account plan + eligible non-participant offered an account-type plan, X4137 & X6708-12)"
2004,pct_eligible_nonparticipants_of_eligible,worker age 55-64,10.7099,1.4898,461,eligible for an offered account-type plan but not included in any plan
2004,pct_takeup_eligible_workers_broad,family income quartile 1,35.9648,5.2990,87,"contributors / (has current-job account plan + eligible non-participant offered an account-type plan, X4137 & X6708-12)"
2004,pct_eligible_nonparticipants_of_eligible,family income quartile 1,50.1389,5.2679,87,eligible for an offered account-type plan but not included in any plan
2004,pct_takeup_eligible_workers_broad,family income quartile 2,54.6711,2.3364,329,"contributors / (has current-job account plan + eligible non-participant offered an account-type plan, X4137 & X6708-12)"
2004,pct_eligible_nonparticipants_of_eligible,family income quartile 2,30.5085,2.0534,329,eligible for an offered account-type plan but not included in any plan
2004,pct_takeup_eligible_workers_broad,family income quartile 3,70.6018,1.4195,501,"contributors / (has current-job account plan + eligible non-participant offered an account-type plan, X4137 & X6708-12)"
2004,pct_eligible_nonparticipants_of_eligible,family income quartile 3,17.5912,1.3699,501,eligible for an offered account-type plan but not included in any plan
2004,pct_takeup_eligible_workers_broad,family income quartile 4,79.0026,1.6170,1318,"contributors / (has current-job account plan + eligible non-participant offered an account-type plan, X4137 & X6708-12)"
2004,pct_eligible_nonparticipants_of_eligible,family income quartile 4,10.0249,1.0862,1318,eligible for an offered account-type plan but not included in any plan
2007,pct_families_with_dc_plan_current_job,all families,34.6431,0.7163,4417,"R or spouse has account-type plan at current job (pension grid; DCPLANCJ-style, excl. plans already paying benefits)"
2007,pct_families_contributing_dc_current_job,all families,30.9233,0.6775,4417,R or spouse currently makes employee contributions to a current-job account-type plan
2007,pct_takeup_families_with_dc_plan,all families,89.2624,0.7625,1605,among families with a current-job account-type plan
2007,agg_dc_employee_pct_of_current_wages,all families,3.9328,0.1616,4417,"annualized current employee DC contributions / annualized current main-job pay, all R+spouse employees (self-employed/no-pay plan holders excluded from both)"
2007,agg_dc_employer_pct_of_current_wages,all families,2.5401,0.1048,4417,"annualized current employer DC contributions / annualized current main-job pay, all R+spouse employees"
2007,agg_dc_total_pct_of_current_wages,all families,6.4729,0.2332,4417,"employee + employer / annualized current main-job pay, all R+spouse employees"
2007,pct_families_with_dc_plan_current_job,"working-age families (head 25-64, working)",49.7342,0.9879,2843,"R or spouse has account-type plan at current job (pension grid; DCPLANCJ-style, excl. plans already paying benefits)"
2007,pct_families_contributing_dc_current_job,"working-age families (head 25-64, working)",44.5196,0.9397,2843,R or spouse currently makes employee contributions to a current-job account-type plan
2007,pct_takeup_families_with_dc_plan,"working-age families (head 25-64, working)",89.5150,0.8274,1416,among families with a current-job account-type plan
2007,agg_dc_employee_pct_of_current_wages,"working-age families (head 25-64, working)",4.0443,0.1775,2843,"annualized current employee DC contributions / annualized current main-job pay, all R+spouse employees (self-employed/no-pay plan holders excluded from both)"
2007,agg_dc_employer_pct_of_current_wages,"working-age families (head 25-64, working)",2.6038,0.1168,2843,"annualized current employer DC contributions / annualized current main-job pay, all R+spouse employees"
2007,agg_dc_total_pct_of_current_wages,"working-age families (head 25-64, working)",6.6482,0.2568,2843,"employee + employer / annualized current main-job pay, all R+spouse employees"
2007,pct_families_with_dc_plan_current_job,head age 25-34,38.6661,1.8975,540,"R or spouse has account-type plan at current job (pension grid; DCPLANCJ-style, excl. plans already paying benefits)"
2007,pct_families_contributing_dc_current_job,head age 25-34,34.4504,1.9318,540,R or spouse currently makes employee contributions to a current-job account-type plan
2007,pct_takeup_families_with_dc_plan,head age 25-34,89.0972,1.7613,205,among families with a current-job account-type plan
2007,agg_dc_employee_pct_of_current_wages,head age 25-34,2.5115,0.2104,540,"annualized current employee DC contributions / annualized current main-job pay, all R+spouse employees (self-employed/no-pay plan holders excluded from both)"
2007,agg_dc_employer_pct_of_current_wages,head age 25-34,1.7178,0.1302,540,"annualized current employer DC contributions / annualized current main-job pay, all R+spouse employees"
2007,agg_dc_total_pct_of_current_wages,head age 25-34,4.2293,0.2959,540,"employee + employer / annualized current main-job pay, all R+spouse employees"
2007,pct_families_with_dc_plan_current_job,head age 35-44,45.6059,1.2555,812,"R or spouse has account-type plan at current job (pension grid; DCPLANCJ-style, excl. plans already paying benefits)"
2007,pct_families_contributing_dc_current_job,head age 35-44,40.5407,1.3775,812,R or spouse currently makes employee contributions to a current-job account-type plan
2007,pct_takeup_families_with_dc_plan,head age 35-44,88.8935,1.8807,371,among families with a current-job account-type plan
2007,agg_dc_employee_pct_of_current_wages,head age 35-44,4.1084,0.3131,812,"annualized current employee DC contributions / annualized current main-job pay, all R+spouse employees (self-employed/no-pay plan holders excluded from both)"
2007,agg_dc_employer_pct_of_current_wages,head age 35-44,2.5416,0.1563,812,"annualized current employer DC contributions / annualized current main-job pay, all R+spouse employees"
2007,agg_dc_total_pct_of_current_wages,head age 35-44,6.6500,0.3856,812,"employee + employer / annualized current main-job pay, all R+spouse employees"
2007,pct_families_with_dc_plan_current_job,head age 45-54,51.0512,1.6274,1013,"R or spouse has account-type plan at current job (pension grid; DCPLANCJ-style, excl. plans already paying benefits)"
2007,pct_families_contributing_dc_current_job,head age 45-54,46.1471,1.5718,1013,R or spouse currently makes employee contributions to a current-job account-type plan
2007,pct_takeup_families_with_dc_plan,head age 45-54,90.3938,1.2926,523,among families with a current-job account-type plan
2007,agg_dc_employee_pct_of_current_wages,head age 45-54,4.3834,0.2409,1013,"annualized current employee DC contributions / annualized current main-job pay, all R+spouse employees (self-employed/no-pay plan holders excluded from both)"
2007,agg_dc_employer_pct_of_current_wages,head age 45-54,2.7380,0.1826,1013,"annualized current employer DC contributions / annualized current main-job pay, all R+spouse employees"
2007,agg_dc_total_pct_of_current_wages,head age 45-54,7.1214,0.3667,1013,"employee + employer / annualized current main-job pay, all R+spouse employees"
2007,pct_families_with_dc_plan_current_job,head age 55-64,36.7073,1.8515,931,"R or spouse has account-type plan at current job (pension grid; DCPLANCJ-style, excl. plans already paying benefits)"
2007,pct_families_contributing_dc_current_job,head age 55-64,32.6080,1.7983,931,R or spouse currently makes employee contributions to a current-job account-type plan
2007,pct_takeup_families_with_dc_plan,head age 55-64,88.8325,1.7295,366,among families with a current-job account-type plan
2007,agg_dc_employee_pct_of_current_wages,head age 55-64,4.7751,0.5640,931,"annualized current employee DC contributions / annualized current main-job pay, all R+spouse employees (self-employed/no-pay plan holders excluded from both)"
2007,agg_dc_employer_pct_of_current_wages,head age 55-64,3.2335,0.3781,931,"annualized current employer DC contributions / annualized current main-job pay, all R+spouse employees"
2007,agg_dc_total_pct_of_current_wages,head age 55-64,8.0085,0.8238,931,"employee + employer / annualized current main-job pay, all R+spouse employees"
2007,pct_families_with_dc_plan_current_job,income quartile 1,5.5675,0.6379,785,"R or spouse has account-type plan at current job (pension grid; DCPLANCJ-style, excl. plans already paying benefits)"
2007,pct_families_contributing_dc_current_job,income quartile 1,5.2993,0.6235,785,R or spouse currently makes employee contributions to a current-job account-type plan
2007,pct_takeup_families_with_dc_plan,income quartile 1,95.1839,2.6040,52,among families with a current-job account-type plan
2007,agg_dc_employee_pct_of_current_wages,income quartile 1,0.7328,0.1108,785,"annualized current employee DC contributions / annualized current main-job pay, all R+spouse employees (self-employed/no-pay plan holders excluded from both)"
2007,agg_dc_employer_pct_of_current_wages,income quartile 1,0.4769,0.0781,785,"annualized current employer DC contributions / annualized current main-job pay, all R+spouse employees"
2007,agg_dc_total_pct_of_current_wages,income quartile 1,1.2097,0.1712,785,"employee + employer / annualized current main-job pay, all R+spouse employees"
2007,pct_families_with_dc_plan_current_job,income quartile 2,24.5522,1.0525,802,"R or spouse has account-type plan at current job (pension grid; DCPLANCJ-style, excl. plans already paying benefits)"
2007,pct_families_contributing_dc_current_job,income quartile 2,20.0910,0.9645,802,R or spouse currently makes employee contributions to a current-job account-type plan
2007,pct_takeup_families_with_dc_plan,income quartile 2,81.8297,2.4429,194,among families with a current-job account-type plan
2007,agg_dc_employee_pct_of_current_wages,income quartile 2,1.4033,0.0907,802,"annualized current employee DC contributions / annualized current main-job pay, all R+spouse employees (self-employed/no-pay plan holders excluded from both)"
2007,agg_dc_employer_pct_of_current_wages,income quartile 2,1.2116,0.0913,802,"annualized current employer DC contributions / annualized current main-job pay, all R+spouse employees"
2007,agg_dc_total_pct_of_current_wages,income quartile 2,2.6149,0.1576,802,"employee + employer / annualized current main-job pay, all R+spouse employees"
2007,pct_families_with_dc_plan_current_job,income quartile 3,46.2645,1.6152,834,"R or spouse has account-type plan at current job (pension grid; DCPLANCJ-style, excl. plans already paying benefits)"
2007,pct_families_contributing_dc_current_job,income quartile 3,41.5180,1.4624,834,R or spouse currently makes employee contributions to a current-job account-type plan
2007,pct_takeup_families_with_dc_plan,income quartile 3,89.7406,1.3659,370,among families with a current-job account-type plan
2007,agg_dc_employee_pct_of_current_wages,income quartile 3,2.8187,0.1620,834,"annualized current employee DC contributions / annualized current main-job pay, all R+spouse employees (self-employed/no-pay plan holders excluded from both)"
2007,agg_dc_employer_pct_of_current_wages,income quartile 3,2.0170,0.1254,834,"annualized current employer DC contributions / annualized current main-job pay, all R+spouse employees"
2007,agg_dc_total_pct_of_current_wages,income quartile 3,4.8357,0.2370,834,"employee + employer / annualized current main-job pay, all R+spouse employees"
2007,pct_families_with_dc_plan_current_job,income quartile 4,62.1797,1.5255,1996,"R or spouse has account-type plan at current job (pension grid; DCPLANCJ-style, excl. plans already paying benefits)"
2007,pct_families_contributing_dc_current_job,income quartile 4,56.7765,1.5129,1996,R or spouse currently makes employee contributions to a current-job account-type plan
2007,pct_takeup_families_with_dc_plan,income quartile 4,91.3104,0.8085,989,among families with a current-job account-type plan
2007,agg_dc_employee_pct_of_current_wages,income quartile 4,5.0855,0.2592,1996,"annualized current employee DC contributions / annualized current main-job pay, all R+spouse employees (self-employed/no-pay plan holders excluded from both)"
2007,agg_dc_employer_pct_of_current_wages,income quartile 4,3.1452,0.1603,1996,"annualized current employer DC contributions / annualized current main-job pay, all R+spouse employees"
2007,agg_dc_total_pct_of_current_wages,income quartile 4,8.2307,0.3673,1996,"employee + employer / annualized current main-job pay, all R+spouse employees"
2007,agg_dc_employee_pct_of_covered_pay,all families,7.0174,0.2532,1605,contributions / annualized pay of R+spouse who have a current-job account plan (families with a plan)
2007,agg_dc_employer_pct_of_covered_pay,all families,4.5324,0.1670,1605,contributions / annualized pay of R+spouse who have a current-job account plan (families with a plan)
2007,agg_dc_total_pct_of_covered_pay,all families,11.5499,0.3522,1605,contributions / annualized pay of R+spouse who have a current-job account plan (families with a plan)
2007,agg_dc_employee_pct_of_covered_pay,"working-age families (head 25-64, working)",7.0860,0.2763,1416,contributions / annualized pay of R+spouse who have a current-job account plan (families with a plan)
2007,agg_dc_employer_pct_of_covered_pay,"working-age families (head 25-64, working)",4.5622,0.1832,1416,contributions / annualized pay of R+spouse who have a current-job account plan (families with a plan)
2007,agg_dc_total_pct_of_covered_pay,"working-age families (head 25-64, working)",11.6482,0.3846,1416,contributions / annualized pay of R+spouse who have a current-job account plan (families with a plan)
2007,agg_dc_employee_pct_of_covered_pay,head age 25-34,5.4255,0.3466,205,contributions / annualized pay of R+spouse who have a current-job account plan (families with a plan)
2007,agg_dc_employer_pct_of_covered_pay,head age 25-34,3.7109,0.2626,205,contributions / annualized pay of R+spouse who have a current-job account plan (families with a plan)
2007,agg_dc_total_pct_of_covered_pay,head age 25-34,9.1364,0.4849,205,contributions / annualized pay of R+spouse who have a current-job account plan (families with a plan)
2007,agg_dc_employee_pct_of_covered_pay,head age 35-44,7.2852,0.4722,371,contributions / annualized pay of R+spouse who have a current-job account plan (families with a plan)
2007,agg_dc_employer_pct_of_covered_pay,head age 35-44,4.5069,0.2462,371,contributions / annualized pay of R+spouse who have a current-job account plan (families with a plan)
2007,agg_dc_total_pct_of_covered_pay,head age 35-44,11.7921,0.5371,371,contributions / annualized pay of R+spouse who have a current-job account plan (families with a plan)
2007,agg_dc_employee_pct_of_covered_pay,head age 45-54,6.9913,0.3361,523,contributions / annualized pay of R+spouse who have a current-job account plan (families with a plan)
2007,agg_dc_employer_pct_of_covered_pay,head age 45-54,4.3670,0.2644,523,contributions / annualized pay of R+spouse who have a current-job account plan (families with a plan)
2007,agg_dc_total_pct_of_covered_pay,head age 45-54,11.3583,0.4978,523,contributions / annualized pay of R+spouse who have a current-job account plan (families with a plan)
2007,agg_dc_employee_pct_of_covered_pay,head age 55-64,8.0584,0.9350,366,contributions / annualized pay of R+spouse who have a current-job account plan (families with a plan)
2007,agg_dc_employer_pct_of_covered_pay,head age 55-64,5.4567,0.5323,366,contributions / annualized pay of R+spouse who have a current-job account plan (families with a plan)
2007,agg_dc_total_pct_of_covered_pay,head age 55-64,13.5151,1.2647,366,contributions / annualized pay of R+spouse who have a current-job account plan (families with a plan)
2007,agg_dc_employee_pct_of_covered_pay,income quartile 1,4.2358,0.4232,52,contributions / annualized pay of R+spouse who have a current-job account plan (families with a plan)
2007,agg_dc_employer_pct_of_covered_pay,income quartile 1,2.7566,0.2824,52,contributions / annualized pay of R+spouse who have a current-job account plan (families with a plan)
2007,agg_dc_total_pct_of_covered_pay,income quartile 1,6.9924,0.5351,52,contributions / annualized pay of R+spouse who have a current-job account plan (families with a plan)
2007,agg_dc_employee_pct_of_covered_pay,income quartile 2,4.1590,0.2765,194,contributions / annualized pay of R+spouse who have a current-job account plan (families with a plan)
2007,agg_dc_employer_pct_of_covered_pay,income quartile 2,3.5907,0.2442,194,contributions / annualized pay of R+spouse who have a current-job account plan (families with a plan)
2007,agg_dc_total_pct_of_covered_pay,income quartile 2,7.7497,0.4378,194,contributions / annualized pay of R+spouse who have a current-job account plan (families with a plan)
2007,agg_dc_employee_pct_of_covered_pay,income quartile 3,5.6380,0.2575,370,contributions / annualized pay of R+spouse who have a current-job account plan (families with a plan)
2007,agg_dc_employer_pct_of_covered_pay,income quartile 3,4.0345,0.1989,370,contributions / annualized pay of R+spouse who have a current-job account plan (families with a plan)
2007,agg_dc_total_pct_of_covered_pay,income quartile 3,9.6724,0.3220,370,contributions / annualized pay of R+spouse who have a current-job account plan (families with a plan)
2007,agg_dc_employee_pct_of_covered_pay,income quartile 4,7.7794,0.3572,989,contributions / annualized pay of R+spouse who have a current-job account plan (families with a plan)
2007,agg_dc_employer_pct_of_covered_pay,income quartile 4,4.8112,0.2163,989,contributions / annualized pay of R+spouse who have a current-job account plan (families with a plan)
2007,agg_dc_total_pct_of_covered_pay,income quartile 4,12.5906,0.4825,989,contributions / annualized pay of R+spouse who have a current-job account plan (families with a plan)
2007,pct_takeup_workers_with_dc_plan,"workers with current-job account plan, all ages",87.8989,0.7638,1914,person currently contributes / person has current-job account-type plan
2007,median_employee_pct_of_pay,"workers with current-job account plan, all ages",6.0000,0.3593,1648,sum over the person's current-job account plans; contributors only
2007,mean_employee_pct_of_pay,"workers with current-job account plan, all ages",7.1314,0.1169,1648,contributors only
2007,median_employer_pct_of_pay,"workers with current-job account plan, all ages",3.0000,0.0000,1640,employee contributors; 0 where employer does not contribute
2007,mean_employer_pct_of_pay,"workers with current-job account plan, all ages",3.8406,0.0831,1640,employee contributors; 0 where employer does not contribute
2007,median_employer_pct_of_pay_if_employer_contributes,"workers with current-job account plan, all ages",4.0000,0.1256,1346,employee contributors with employer contribution > 0
2007,median_total_pct_of_pay,"workers with current-job account plan, all ages",10.0000,0.3574,1635,employee + employer; employee contributors
2007,mean_total_pct_of_pay,"workers with current-job account plan, all ages",10.9592,0.1491,1635,employee + employer; employee contributors
2007,mean_employee_pct_of_pay_capped25,"workers with current-job account plan, all ages",6.9980,0.1044,1648,contributors; each person's rate capped at 25% of pay
2007,mean_employer_pct_of_pay_capped25,"workers with current-job account plan, all ages",3.8370,0.0832,1640,employee contributors; employer rate capped at 25%
2007,mean_total_pct_of_pay_capped25,"workers with current-job account plan, all ages",10.8264,0.1420,1635,"employee + employer, each capped at 25%"
2007,pct_contributors_with_employer_contribution,"workers with current-job account plan, all ages",82.9991,1.1150,1640,employee contributors whose employer also contributes
2007,pct_takeup_workers_with_dc_plan,"workers with current-job account plan, age 25-64",88.1374,0.8171,1778,person currently contributes / person has current-job account-type plan
2007,median_employee_pct_of_pay,"workers with current-job account plan, age 25-64",6.0000,0.2053,1545,sum over the person's current-job account plans; contributors only
2007,mean_employee_pct_of_pay,"workers with current-job account plan, age 25-64",7.1849,0.1247,1545,contributors only
2007,median_employer_pct_of_pay,"workers with current-job account plan, age 25-64",3.0000,0.0000,1537,employee contributors; 0 where employer does not contribute
2007,mean_employer_pct_of_pay,"workers with current-job account plan, age 25-64",3.8551,0.0877,1537,employee contributors; 0 where employer does not contribute
2007,median_employer_pct_of_pay_if_employer_contributes,"workers with current-job account plan, age 25-64",4.0000,0.1176,1253,employee contributors with employer contribution > 0
2007,median_total_pct_of_pay,"workers with current-job account plan, age 25-64",10.0000,0.2684,1533,employee + employer; employee contributors
2007,mean_total_pct_of_pay,"workers with current-job account plan, age 25-64",11.0255,0.1572,1533,employee + employer; employee contributors
2007,mean_employee_pct_of_pay_capped25,"workers with current-job account plan, age 25-64",7.0478,0.1066,1545,contributors; each person's rate capped at 25% of pay
2007,mean_employer_pct_of_pay_capped25,"workers with current-job account plan, age 25-64",3.8514,0.0879,1537,employee contributors; employer rate capped at 25%
2007,mean_total_pct_of_pay_capped25,"workers with current-job account plan, age 25-64",10.8892,0.1442,1533,"employee + employer, each capped at 25%"
2007,pct_contributors_with_employer_contribution,"workers with current-job account plan, age 25-64",82.8951,1.1597,1537,employee contributors whose employer also contributes
2007,pct_takeup_workers_with_dc_plan,worker age 25-34,89.7342,1.6006,263,person currently contributes / person has current-job account-type plan
2007,median_employee_pct_of_pay,worker age 25-34,5.0000,0.0773,234,sum over the person's current-job account plans; contributors only
2007,mean_employee_pct_of_pay,worker age 25-34,5.6709,0.2211,234,contributors only
2007,median_employer_pct_of_pay,worker age 25-34,3.0000,0.1914,234,employee contributors; 0 where employer does not contribute
2007,mean_employer_pct_of_pay,worker age 25-34,3.5855,0.1640,234,employee contributors; 0 where employer does not contribute
2007,median_employer_pct_of_pay_if_employer_contributes,worker age 25-34,4.0000,0.4199,200,employee contributors with employer contribution > 0
2007,median_total_pct_of_pay,worker age 25-34,9.0000,0.4066,233,employee + employer; employee contributors
2007,mean_total_pct_of_pay,worker age 25-34,9.2344,0.3179,233,employee + employer; employee contributors
2007,mean_employee_pct_of_pay_capped25,worker age 25-34,5.6583,0.2203,234,contributors; each person's rate capped at 25% of pay
2007,mean_employer_pct_of_pay_capped25,worker age 25-34,3.5855,0.1640,234,employee contributors; employer rate capped at 25%
2007,mean_total_pct_of_pay_capped25,worker age 25-34,9.2218,0.3173,233,"employee + employer, each capped at 25%"
2007,pct_contributors_with_employer_contribution,worker age 25-34,84.9292,2.1170,234,employee contributors whose employer also contributes
2007,pct_takeup_workers_with_dc_plan,worker age 35-44,87.6784,1.7763,465,person currently contributes / person has current-job account-type plan
2007,median_employee_pct_of_pay,worker age 35-44,6.0000,0.2554,409,sum over the person's current-job account plans; contributors only
2007,mean_employee_pct_of_pay,worker age 35-44,7.2459,0.2249,409,contributors only
2007,median_employer_pct_of_pay,worker age 35-44,3.0000,0.1532,407,employee contributors; 0 where employer does not contribute
2007,mean_employer_pct_of_pay,worker age 35-44,3.8988,0.1525,407,employee contributors; 0 where employer does not contribute
2007,median_employer_pct_of_pay_if_employer_contributes,worker age 35-44,4.0000,0.3181,333,employee contributors with employer contribution > 0
2007,median_total_pct_of_pay,worker age 35-44,10.0000,0.2099,406,employee + employer; employee contributors
2007,mean_total_pct_of_pay,worker age 35-44,11.1772,0.3016,406,employee + employer; employee contributors
2007,mean_employee_pct_of_pay_capped25,worker age 35-44,7.1595,0.2075,409,contributors; each person's rate capped at 25% of pay
2007,mean_employer_pct_of_pay_capped25,worker age 35-44,3.8988,0.1525,407,employee contributors; employer rate capped at 25%
2007,mean_total_pct_of_pay_capped25,worker age 35-44,11.0901,0.2875,406,"employee + employer, each capped at 25%"
2007,pct_contributors_with_employer_contribution,worker age 35-44,83.2600,1.8190,407,employee contributors whose employer also contributes
2007,pct_takeup_workers_with_dc_plan,worker age 45-54,88.8024,1.3185,643,person currently contributes / person has current-job account-type plan
2007,median_employee_pct_of_pay,worker age 45-54,6.0000,0.1090,558,sum over the person's current-job account plans; contributors only
2007,mean_employee_pct_of_pay,worker age 45-54,7.3192,0.2187,558,contributors only
2007,median_employer_pct_of_pay,worker age 45-54,3.0000,0.0000,556,employee contributors; 0 where employer does not contribute
2007,mean_employer_pct_of_pay,worker age 45-54,3.7573,0.1438,556,employee contributors; 0 where employer does not contribute
2007,median_employer_pct_of_pay_if_employer_contributes,worker age 45-54,4.0000,0.4881,437,employee contributors with employer contribution > 0
2007,median_total_pct_of_pay,worker age 45-54,10.0000,0.6904,554,employee + employer; employee contributors
2007,mean_total_pct_of_pay,worker age 45-54,11.0081,0.2969,554,employee + employer; employee contributors
2007,mean_employee_pct_of_pay_capped25,worker age 45-54,7.2148,0.2086,558,contributors; each person's rate capped at 25% of pay
2007,mean_employer_pct_of_pay_capped25,worker age 45-54,3.7561,0.1434,556,employee contributors; employer rate capped at 25%
2007,mean_total_pct_of_pay_capped25,worker age 45-54,10.9180,0.2890,554,"employee + employer, each capped at 25%"
2007,pct_contributors_with_employer_contribution,worker age 45-54,79.8851,1.9124,556,employee contributors whose employer also contributes
2007,pct_takeup_workers_with_dc_plan,worker age 55-64,85.8250,1.9440,407,person currently contributes / person has current-job account-type plan
2007,median_employee_pct_of_pay,worker age 55-64,6.0000,0.3151,344,sum over the person's current-job account plans; contributors only
2007,mean_employee_pct_of_pay,worker age 55-64,8.6311,0.4799,344,contributors only
2007,median_employer_pct_of_pay,worker age 55-64,4.0000,0.7789,340,employee contributors; 0 where employer does not contribute
2007,mean_employer_pct_of_pay,worker age 55-64,4.2902,0.2223,340,employee contributors; 0 where employer does not contribute
2007,median_employer_pct_of_pay_if_employer_contributes,worker age 55-64,4.0000,0.6369,283,employee contributors with employer contribution > 0
2007,median_total_pct_of_pay,worker age 55-64,11.0000,0.6243,340,employee + employer; employee contributors
2007,mean_total_pct_of_pay,worker age 55-64,12.9447,0.5133,340,employee + employer; employee contributors
2007,mean_employee_pct_of_pay_capped25,worker age 55-64,8.2043,0.3705,344,contributors; each person's rate capped at 25% of pay
2007,mean_employer_pct_of_pay_capped25,worker age 55-64,4.2714,0.2223,340,employee contributors; employer rate capped at 25%
2007,mean_total_pct_of_pay_capped25,worker age 55-64,12.4966,0.4293,340,"employee + employer, each capped at 25%"
2007,pct_contributors_with_employer_contribution,worker age 55-64,85.5164,2.1580,340,employee contributors whose employer also contributes
2007,pct_takeup_workers_with_dc_plan,family income quartile 1,95.1844,2.6038,53,person currently contributes / person has current-job account-type plan
2007,median_employee_pct_of_pay,family income quartile 1,4.0000,0.7613,50,sum over the person's current-job account plans; contributors only
2007,mean_employee_pct_of_pay,family income quartile 1,4.7392,0.4728,50,contributors only
2007,median_employer_pct_of_pay,family income quartile 1,3.0000,0.7885,48,employee contributors; 0 where employer does not contribute
2007,mean_employer_pct_of_pay,family income quartile 1,3.2319,0.4298,48,employee contributors; 0 where employer does not contribute
2007,median_employer_pct_of_pay_if_employer_contributes,family income quartile 1,3.0000,0.4268,38,employee contributors with employer contribution > 0
2007,median_total_pct_of_pay,family income quartile 1,6.0000,0.8038,48,employee + employer; employee contributors
2007,mean_total_pct_of_pay,family income quartile 1,7.9316,0.8350,48,employee + employer; employee contributors
2007,mean_employee_pct_of_pay_capped25,family income quartile 1,4.7392,0.4728,50,contributors; each person's rate capped at 25% of pay
2007,mean_employer_pct_of_pay_capped25,family income quartile 1,3.2319,0.4298,48,employee contributors; employer rate capped at 25%
2007,mean_total_pct_of_pay_capped25,family income quartile 1,7.9316,0.8350,48,"employee + employer, each capped at 25%"
2007,pct_contributors_with_employer_contribution,family income quartile 1,83.7412,4.6139,48,employee contributors whose employer also contributes
2007,pct_takeup_workers_with_dc_plan,family income quartile 2,81.9463,2.3669,201,person currently contributes / person has current-job account-type plan
2007,median_employee_pct_of_pay,family income quartile 2,5.0000,0.6990,169,sum over the person's current-job account plans; contributors only
2007,mean_employee_pct_of_pay,family income quartile 2,4.9774,0.3212,169,contributors only
2007,median_employer_pct_of_pay,family income quartile 2,3.0000,0.2161,166,employee contributors; 0 where employer does not contribute
2007,mean_employer_pct_of_pay,family income quartile 2,3.5135,0.2718,166,employee contributors; 0 where employer does not contribute
2007,median_employer_pct_of_pay_if_employer_contributes,family income quartile 2,4.0000,0.7820,148,employee contributors with employer contribution > 0
2007,median_total_pct_of_pay,family income quartile 2,8.0000,0.7306,166,employee + employer; employee contributors
2007,mean_total_pct_of_pay,family income quartile 2,8.4858,0.5566,166,employee + employer; employee contributors
2007,mean_employee_pct_of_pay_capped25,family income quartile 2,4.9774,0.3212,169,contributors; each person's rate capped at 25% of pay
2007,mean_employer_pct_of_pay_capped25,family income quartile 2,3.5135,0.2718,166,employee contributors; employer rate capped at 25%
2007,mean_total_pct_of_pay_capped25,family income quartile 2,8.4858,0.5566,166,"employee + employer, each capped at 25%"
2007,pct_contributors_with_employer_contribution,family income quartile 2,84.6789,3.4214,166,employee contributors whose employer also contributes
2007,pct_takeup_workers_with_dc_plan,family income quartile 3,87.6414,1.2740,424,person currently contributes / person has current-job account-type plan
2007,median_employee_pct_of_pay,family income quartile 3,5.0000,0.0447,371,sum over the person's current-job account plans; contributors only
2007,mean_employee_pct_of_pay,family income quartile 3,6.0295,0.1975,371,contributors only
2007,median_employer_pct_of_pay,family income quartile 3,3.0000,0.0000,370,employee contributors; 0 where employer does not contribute
2007,mean_employer_pct_of_pay,family income quartile 3,3.8110,0.1596,370,employee contributors; 0 where employer does not contribute
2007,median_employer_pct_of_pay_if_employer_contributes,family income quartile 3,4.0000,0.6844,309,employee contributors with employer contribution > 0
2007,median_total_pct_of_pay,family income quartile 3,9.0000,0.3045,370,employee + employer; employee contributors
2007,mean_total_pct_of_pay,family income quartile 3,9.8522,0.2600,370,employee + employer; employee contributors
2007,mean_employee_pct_of_pay_capped25,family income quartile 3,5.9808,0.1787,371,contributors; each person's rate capped at 25% of pay
2007,mean_employer_pct_of_pay_capped25,family income quartile 3,3.8098,0.1590,370,employee contributors; employer rate capped at 25%
2007,mean_total_pct_of_pay_capped25,family income quartile 3,9.8022,0.2487,370,"employee + employer, each capped at 25%"
2007,pct_contributors_with_employer_contribution,family income quartile 3,83.9480,1.9682,370,employee contributors whose employer also contributes
2007,pct_takeup_workers_with_dc_plan,family income quartile 4,89.4211,0.9171,1236,person currently contributes / person has current-job account-type plan
2007,median_employee_pct_of_pay,family income quartile 4,7.0000,0.3854,1058,sum over the person's current-job account plans; contributors only
2007,mean_employee_pct_of_pay,family income quartile 4,8.6352,0.1937,1058,contributors only
2007,median_employer_pct_of_pay,family income quartile 4,3.0000,0.0706,1056,employee contributors; 0 where employer does not contribute
2007,mean_employer_pct_of_pay,family income quartile 4,3.9952,0.1150,1056,employee contributors; 0 where employer does not contribute
2007,median_employer_pct_of_pay_if_employer_contributes,family income quartile 4,4.0000,0.0000,851,employee contributors with employer contribution > 0
2007,median_total_pct_of_pay,family income quartile 4,11.0000,0.4702,1051,employee + employer; employee contributors
2007,mean_total_pct_of_pay,family income quartile 4,12.5912,0.2258,1051,employee + employer; employee contributors
2007,mean_employee_pct_of_pay_capped25,family income quartile 4,8.3991,0.1706,1058,contributors; each person's rate capped at 25% of pay
2007,mean_employer_pct_of_pay_capped25,family income quartile 4,3.9889,0.1148,1056,employee contributors; employer rate capped at 25%
2007,mean_total_pct_of_pay_capped25,family income quartile 4,12.3579,0.2122,1051,"employee + employer, each capped at 25%"
2007,pct_contributors_with_employer_contribution,family income quartile 4,81.8617,1.3348,1056,employee contributors whose employer also contributes
2007,pct_takeup_eligible_workers_broad,"workers with plan or eligible, all ages",72.0813,1.0970,2244,"contributors / (has current-job account plan + eligible non-participant offered an account-type plan, X4137 & X6708-12)"
2007,pct_eligible_nonparticipants_of_eligible,"workers with plan or eligible, all ages",17.9952,1.0332,2244,eligible for an offered account-type plan but not included in any plan
2007,pct_takeup_eligible_workers_broad,"workers with plan or eligible, age 25-64",74.0660,1.0773,2054,"contributors / (has current-job account plan + eligible non-participant offered an account-type plan, X4137 & X6708-12)"
2007,pct_eligible_nonparticipants_of_eligible,"workers with plan or eligible, age 25-64",15.9653,1.0039,2054,eligible for an offered account-type plan but not included in any plan
2007,pct_takeup_eligible_workers_broad,worker age 25-34,69.5226,2.0231,343,"contributors / (has current-job account plan + eligible non-participant offered an account-type plan, X4137 & X6708-12)"
2007,pct_eligible_nonparticipants_of_eligible,worker age 25-34,22.5238,1.6932,343,eligible for an offered account-type plan but not included in any plan
2007,pct_takeup_eligible_workers_broad,worker age 35-44,74.5008,1.8813,542,"contributors / (has current-job account plan + eligible non-participant offered an account-type plan, X4137 & X6708-12)"
2007,pct_eligible_nonparticipants_of_eligible,worker age 35-44,15.0295,1.2573,542,eligible for an offered account-type plan but not included in any plan
2007,pct_takeup_eligible_workers_broad,worker age 45-54,76.3926,1.7344,720,"contributors / (has current-job account plan + eligible non-participant offered an account-type plan, X4137 & X6708-12)"
2007,pct_eligible_nonparticipants_of_eligible,worker age 45-54,13.9746,1.6904,720,eligible for an offered account-type plan but not included in any plan
2007,pct_takeup_eligible_workers_broad,worker age 55-64,74.9464,2.3590,449,"contributors / (has current-job account plan + eligible non-participant offered an account-type plan, X4137 & X6708-12)"
2007,pct_eligible_nonparticipants_of_eligible,worker age 55-64,12.6752,1.7877,449,eligible for an offered account-type plan but not included in any plan
2007,pct_takeup_eligible_workers_broad,family income quartile 1,50.0111,4.6328,100,"contributors / (has current-job account plan + eligible non-participant offered an account-type plan, X4137 & X6708-12)"
2007,pct_eligible_nonparticipants_of_eligible,family income quartile 1,47.4587,4.6295,100,eligible for an offered account-type plan but not included in any plan
2007,pct_takeup_eligible_workers_broad,family income quartile 2,56.4574,2.5235,289,"contributors / (has current-job account plan + eligible non-participant offered an account-type plan, X4137 & X6708-12)"
2007,pct_eligible_nonparticipants_of_eligible,family income quartile 2,31.1044,2.3616,289,eligible for an offered account-type plan but not included in any plan
2007,pct_takeup_eligible_workers_broad,family income quartile 3,72.2633,1.7873,517,"contributors / (has current-job account plan + eligible non-participant offered an account-type plan, X4137 & X6708-12)"
2007,pct_eligible_nonparticipants_of_eligible,family income quartile 3,17.5467,1.8105,517,eligible for an offered account-type plan but not included in any plan
2007,pct_takeup_eligible_workers_broad,family income quartile 4,80.9402,1.3973,1338,"contributors / (has current-job account plan + eligible non-participant offered an account-type plan, X4137 & X6708-12)"
2007,pct_eligible_nonparticipants_of_eligible,family income quartile 4,9.4842,1.2558,1338,eligible for an offered account-type plan but not included in any plan
2010,pct_families_with_dc_plan_current_job,all families,31.5437,0.4830,6482,"R or spouse has account-type plan at current job (pension grid; DCPLANCJ-style, excl. plans already paying benefits)"
2010,pct_families_contributing_dc_current_job,all families,27.8925,0.4642,6482,R or spouse currently makes employee contributions to a current-job account-type plan
2010,pct_takeup_families_with_dc_plan,all families,88.4250,0.6982,2168,among families with a current-job account-type plan
2010,agg_dc_employee_pct_of_current_wages,all families,3.7255,0.1318,6482,"annualized current employee DC contributions / annualized current main-job pay, all R+spouse employees (self-employed/no-pay plan holders excluded from both)"
2010,agg_dc_employer_pct_of_current_wages,all families,2.7139,0.3198,6482,"annualized current employer DC contributions / annualized current main-job pay, all R+spouse employees"
2010,agg_dc_total_pct_of_current_wages,all families,6.4394,0.3474,6482,"employee + employer / annualized current main-job pay, all R+spouse employees"
2010,pct_families_with_dc_plan_current_job,"working-age families (head 25-64, working)",47.3673,0.6322,4088,"R or spouse has account-type plan at current job (pension grid; DCPLANCJ-style, excl. plans already paying benefits)"
2010,pct_families_contributing_dc_current_job,"working-age families (head 25-64, working)",42.3665,0.6617,4088,R or spouse currently makes employee contributions to a current-job account-type plan
2010,pct_takeup_families_with_dc_plan,"working-age families (head 25-64, working)",89.4424,0.6595,1926,among families with a current-job account-type plan
2010,agg_dc_employee_pct_of_current_wages,"working-age families (head 25-64, working)",3.8186,0.1441,4088,"annualized current employee DC contributions / annualized current main-job pay, all R+spouse employees (self-employed/no-pay plan holders excluded from both)"
2010,agg_dc_employer_pct_of_current_wages,"working-age families (head 25-64, working)",2.7963,0.3584,4088,"annualized current employer DC contributions / annualized current main-job pay, all R+spouse employees"
2010,agg_dc_total_pct_of_current_wages,"working-age families (head 25-64, working)",6.6150,0.3889,4088,"employee + employer / annualized current main-job pay, all R+spouse employees"
2010,pct_families_with_dc_plan_current_job,head age 25-34,38.1686,1.1563,935,"R or spouse has account-type plan at current job (pension grid; DCPLANCJ-style, excl. plans already paying benefits)"
2010,pct_families_contributing_dc_current_job,head age 25-34,33.6938,1.2505,935,R or spouse currently makes employee contributions to a current-job account-type plan
2010,pct_takeup_families_with_dc_plan,head age 25-34,88.2764,1.3909,335,among families with a current-job account-type plan
2010,agg_dc_employee_pct_of_current_wages,head age 25-34,2.5280,0.1453,935,"annualized current employee DC contributions / annualized current main-job pay, all R+spouse employees (self-employed/no-pay plan holders excluded from both)"
2010,agg_dc_employer_pct_of_current_wages,head age 25-34,1.6868,0.1124,935,"annualized current employer DC contributions / annualized current main-job pay, all R+spouse employees"
2010,agg_dc_total_pct_of_current_wages,head age 25-34,4.2148,0.2220,935,"employee + employer / annualized current main-job pay, all R+spouse employees"
2010,pct_families_with_dc_plan_current_job,head age 35-44,42.7857,1.1765,1182,"R or spouse has account-type plan at current job (pension grid; DCPLANCJ-style, excl. plans already paying benefits)"
2010,pct_families_contributing_dc_current_job,head age 35-44,38.5628,1.1433,1182,R or spouse currently makes employee contributions to a current-job account-type plan
2010,pct_takeup_families_with_dc_plan,head age 35-44,90.1302,1.1541,488,among families with a current-job account-type plan
2010,agg_dc_employee_pct_of_current_wages,head age 35-44,3.2778,0.2237,1182,"annualized current employee DC contributions / annualized current main-job pay, all R+spouse employees (self-employed/no-pay plan holders excluded from both)"
2010,agg_dc_employer_pct_of_current_wages,head age 35-44,2.0218,0.1324,1182,"annualized current employer DC contributions / annualized current main-job pay, all R+spouse employees"
2010,agg_dc_total_pct_of_current_wages,head age 35-44,5.2996,0.3334,1182,"employee + employer / annualized current main-job pay, all R+spouse employees"
2010,pct_families_with_dc_plan_current_job,head age 45-54,44.5278,1.0275,1492,"R or spouse has account-type plan at current job (pension grid; DCPLANCJ-style, excl. plans already paying benefits)"
2010,pct_families_contributing_dc_current_job,head age 45-54,40.3158,1.0021,1492,R or spouse currently makes employee contributions to a current-job account-type plan
2010,pct_takeup_families_with_dc_plan,head age 45-54,90.5408,1.0071,672,among families with a current-job account-type plan
2010,agg_dc_employee_pct_of_current_wages,head age 45-54,4.4311,0.2144,1492,"annualized current employee DC contributions / annualized current main-job pay, all R+spouse employees (self-employed/no-pay plan holders excluded from both)"
2010,agg_dc_employer_pct_of_current_wages,head age 45-54,2.5504,0.1672,1492,"annualized current employer DC contributions / annualized current main-job pay, all R+spouse employees"
2010,agg_dc_total_pct_of_current_wages,head age 45-54,6.9816,0.3180,1492,"employee + employer / annualized current main-job pay, all R+spouse employees"
2010,pct_families_with_dc_plan_current_job,head age 55-64,34.4961,1.2351,1362,"R or spouse has account-type plan at current job (pension grid; DCPLANCJ-style, excl. plans already paying benefits)"
2010,pct_families_contributing_dc_current_job,head age 55-64,29.8393,1.1733,1362,R or spouse currently makes employee contributions to a current-job account-type plan
2010,pct_takeup_families_with_dc_plan,head age 55-64,86.5005,1.2476,512,among families with a current-job account-type plan
2010,agg_dc_employee_pct_of_current_wages,head age 55-64,4.5182,0.3609,1362,"annualized current employee DC contributions / annualized current main-job pay, all R+spouse employees (self-employed/no-pay plan holders excluded from both)"
2010,agg_dc_employer_pct_of_current_wages,head age 55-64,4.8904,1.4971,1362,"annualized current employer DC contributions / annualized current main-job pay, all R+spouse employees"
2010,agg_dc_total_pct_of_current_wages,head age 55-64,9.4086,1.5017,1362,"employee + employer / annualized current main-job pay, all R+spouse employees"
2010,pct_families_with_dc_plan_current_job,income quartile 1,3.5527,0.4378,1442,"R or spouse has account-type plan at current job (pension grid; DCPLANCJ-style, excl. plans already paying benefits)"
2010,pct_families_contributing_dc_current_job,income quartile 1,2.6284,0.3738,1442,R or spouse currently makes employee contributions to a current-job account-type plan
2010,pct_takeup_families_with_dc_plan,income quartile 1,73.9844,4.8959,74,among families with a current-job account-type plan
2010,agg_dc_employee_pct_of_current_wages,income quartile 1,0.4048,0.0930,1442,"annualized current employee DC contributions / annualized current main-job pay, all R+spouse employees (self-employed/no-pay plan holders excluded from both)"
2010,agg_dc_employer_pct_of_current_wages,income quartile 1,0.3283,0.1225,1442,"annualized current employer DC contributions / annualized current main-job pay, all R+spouse employees"
2010,agg_dc_total_pct_of_current_wages,income quartile 1,0.7332,0.1642,1442,"employee + employer / annualized current main-job pay, all R+spouse employees"
2010,pct_families_with_dc_plan_current_job,income quartile 2,23.4268,1.0609,1362,"R or spouse has account-type plan at current job (pension grid; DCPLANCJ-style, excl. plans already paying benefits)"
2010,pct_families_contributing_dc_current_job,income quartile 2,19.0311,0.8045,1362,R or spouse currently makes employee contributions to a current-job account-type plan
2010,pct_takeup_families_with_dc_plan,income quartile 2,81.2364,1.8772,325,among families with a current-job account-type plan
2010,agg_dc_employee_pct_of_current_wages,income quartile 2,1.6168,0.1212,1362,"annualized current employee DC contributions / annualized current main-job pay, all R+spouse employees (self-employed/no-pay plan holders excluded from both)"
2010,agg_dc_employer_pct_of_current_wages,income quartile 2,1.2819,0.0890,1362,"annualized current employer DC contributions / annualized current main-job pay, all R+spouse employees"
2010,agg_dc_total_pct_of_current_wages,income quartile 2,2.8987,0.1664,1362,"employee + employer / annualized current main-job pay, all R+spouse employees"
2010,pct_families_with_dc_plan_current_job,income quartile 3,38.9537,1.0721,1378,"R or spouse has account-type plan at current job (pension grid; DCPLANCJ-style, excl. plans already paying benefits)"
2010,pct_families_contributing_dc_current_job,income quartile 3,34.7207,1.0591,1378,R or spouse currently makes employee contributions to a current-job account-type plan
2010,pct_takeup_families_with_dc_plan,income quartile 3,89.1331,0.9741,526,among families with a current-job account-type plan
2010,agg_dc_employee_pct_of_current_wages,income quartile 3,2.3067,0.0743,1378,"annualized current employee DC contributions / annualized current main-job pay, all R+spouse employees (self-employed/no-pay plan holders excluded from both)"
2010,agg_dc_employer_pct_of_current_wages,income quartile 3,1.5722,0.0550,1378,"annualized current employer DC contributions / annualized current main-job pay, all R+spouse employees"
2010,agg_dc_total_pct_of_current_wages,income quartile 3,3.8789,0.1106,1378,"employee + employer / annualized current main-job pay, all R+spouse employees"
2010,pct_families_with_dc_plan_current_job,income quartile 4,60.2375,1.0852,2300,"R or spouse has account-type plan at current job (pension grid; DCPLANCJ-style, excl. plans already paying benefits)"
2010,pct_families_contributing_dc_current_job,income quartile 4,55.1861,1.2060,2300,R or spouse currently makes employee contributions to a current-job account-type plan
2010,pct_takeup_families_with_dc_plan,income quartile 4,91.6141,0.8402,1243,among families with a current-job account-type plan
2010,agg_dc_employee_pct_of_current_wages,income quartile 4,4.8007,0.2010,2300,"annualized current employee DC contributions / annualized current main-job pay, all R+spouse employees (self-employed/no-pay plan holders excluded from both)"
2010,agg_dc_employer_pct_of_current_wages,income quartile 4,3.5159,0.5052,2300,"annualized current employer DC contributions / annualized current main-job pay, all R+spouse employees"
2010,agg_dc_total_pct_of_current_wages,income quartile 4,8.3166,0.5400,2300,"employee + employer / annualized current main-job pay, all R+spouse employees"
2010,agg_dc_employee_pct_of_covered_pay,all families,6.6290,0.2087,2168,contributions / annualized pay of R+spouse who have a current-job account plan (families with a plan)
2010,agg_dc_employer_pct_of_covered_pay,all families,4.8290,0.5550,2168,contributions / annualized pay of R+spouse who have a current-job account plan (families with a plan)
2010,agg_dc_total_pct_of_covered_pay,all families,11.4580,0.5652,2168,contributions / annualized pay of R+spouse who have a current-job account plan (families with a plan)
2010,agg_dc_employee_pct_of_covered_pay,"working-age families (head 25-64, working)",6.6070,0.2165,1926,contributions / annualized pay of R+spouse who have a current-job account plan (families with a plan)
2010,agg_dc_employer_pct_of_covered_pay,"working-age families (head 25-64, working)",4.8382,0.6051,1926,contributions / annualized pay of R+spouse who have a current-job account plan (families with a plan)
2010,agg_dc_total_pct_of_covered_pay,"working-age families (head 25-64, working)",11.4452,0.6140,1926,contributions / annualized pay of R+spouse who have a current-job account plan (families with a plan)
2010,agg_dc_employee_pct_of_covered_pay,head age 25-34,5.2072,0.2574,335,contributions / annualized pay of R+spouse who have a current-job account plan (families with a plan)
2010,agg_dc_employer_pct_of_covered_pay,head age 25-34,3.4745,0.2039,335,contributions / annualized pay of R+spouse who have a current-job account plan (families with a plan)
2010,agg_dc_total_pct_of_covered_pay,head age 25-34,8.6817,0.3732,335,contributions / annualized pay of R+spouse who have a current-job account plan (families with a plan)
2010,agg_dc_employee_pct_of_covered_pay,head age 35-44,6.1118,0.3911,488,contributions / annualized pay of R+spouse who have a current-job account plan (families with a plan)
2010,agg_dc_employer_pct_of_covered_pay,head age 35-44,3.7698,0.2414,488,contributions / annualized pay of R+spouse who have a current-job account plan (families with a plan)
2010,agg_dc_total_pct_of_covered_pay,head age 35-44,9.8816,0.5878,488,contributions / annualized pay of R+spouse who have a current-job account plan (families with a plan)
2010,agg_dc_employee_pct_of_covered_pay,head age 45-54,7.0475,0.2704,672,contributions / annualized pay of R+spouse who have a current-job account plan (families with a plan)
2010,agg_dc_employer_pct_of_covered_pay,head age 45-54,4.0564,0.2317,672,contributions / annualized pay of R+spouse who have a current-job account plan (families with a plan)
2010,agg_dc_total_pct_of_covered_pay,head age 45-54,11.1039,0.3736,672,contributions / annualized pay of R+spouse who have a current-job account plan (families with a plan)
2010,agg_dc_employee_pct_of_covered_pay,head age 55-64,7.3164,0.5079,512,contributions / annualized pay of R+spouse who have a current-job account plan (families with a plan)
2010,agg_dc_employer_pct_of_covered_pay,head age 55-64,7.9192,2.3443,512,contributions / annualized pay of R+spouse who have a current-job account plan (families with a plan)
2010,agg_dc_total_pct_of_covered_pay,head age 55-64,15.2357,2.2246,512,contributions / annualized pay of R+spouse who have a current-job account plan (families with a plan)
2010,agg_dc_employee_pct_of_covered_pay,income quartile 1,2.8666,0.5035,74,contributions / annualized pay of R+spouse who have a current-job account plan (families with a plan)
2010,agg_dc_employer_pct_of_covered_pay,income quartile 1,2.3248,0.6918,74,contributions / annualized pay of R+spouse who have a current-job account plan (families with a plan)
2010,agg_dc_total_pct_of_covered_pay,income quartile 1,5.1914,0.6890,74,contributions / annualized pay of R+spouse who have a current-job account plan (families with a plan)
2010,agg_dc_employee_pct_of_covered_pay,income quartile 2,4.3696,0.3161,325,contributions / annualized pay of R+spouse who have a current-job account plan (families with a plan)
2010,agg_dc_employer_pct_of_covered_pay,income quartile 2,3.4646,0.1629,325,contributions / annualized pay of R+spouse who have a current-job account plan (families with a plan)
2010,agg_dc_total_pct_of_covered_pay,income quartile 2,7.8342,0.3348,325,contributions / annualized pay of R+spouse who have a current-job account plan (families with a plan)
2010,agg_dc_employee_pct_of_covered_pay,income quartile 3,5.1633,0.1208,526,contributions / annualized pay of R+spouse who have a current-job account plan (families with a plan)
2010,agg_dc_employer_pct_of_covered_pay,income quartile 3,3.5191,0.1116,526,contributions / annualized pay of R+spouse who have a current-job account plan (families with a plan)
2010,agg_dc_total_pct_of_covered_pay,income quartile 3,8.6824,0.1816,526,contributions / annualized pay of R+spouse who have a current-job account plan (families with a plan)
2010,agg_dc_employee_pct_of_covered_pay,income quartile 4,7.2472,0.2761,1243,contributions / annualized pay of R+spouse who have a current-job account plan (families with a plan)
2010,agg_dc_employer_pct_of_covered_pay,income quartile 4,5.3076,0.7482,1243,contributions / annualized pay of R+spouse who have a current-job account plan (families with a plan)
2010,agg_dc_total_pct_of_covered_pay,income quartile 4,12.5548,0.7561,1243,contributions / annualized pay of R+spouse who have a current-job account plan (families with a plan)
2010,pct_takeup_workers_with_dc_plan,"workers with current-job account plan, all ages",87.7816,0.6334,2549,person currently contributes / person has current-job account-type plan
2010,median_employee_pct_of_pay,"workers with current-job account plan, all ages",5.0000,0.4062,2216,sum over the person's current-job account plans; contributors only
2010,mean_employee_pct_of_pay,"workers with current-job account plan, all ages",6.8431,0.1409,2216,contributors only
2010,median_employer_pct_of_pay,"workers with current-job account plan, all ages",3.0000,0.0000,2224,employee contributors; 0 where employer does not contribute
2010,mean_employer_pct_of_pay,"workers with current-job account plan, all ages",3.7220,0.0769,2224,employee contributors; 0 where employer does not contribute
2010,median_employer_pct_of_pay_if_employer_contributes,"workers with current-job account plan, all ages",4.0000,0.0000,1759,employee contributors with employer contribution > 0
2010,median_total_pct_of_pay,"workers with current-job account plan, all ages",9.0000,0.2031,2203,employee + employer; employee contributors
2010,mean_total_pct_of_pay,"workers with current-job account plan, all ages",10.5474,0.1853,2203,employee + employer; employee contributors
2010,mean_employee_pct_of_pay_capped25,"workers with current-job account plan, all ages",6.7211,0.1302,2216,contributors; each person's rate capped at 25% of pay
2010,mean_employer_pct_of_pay_capped25,"workers with current-job account plan, all ages",3.7204,0.0769,2224,employee contributors; employer rate capped at 25%
2010,mean_total_pct_of_pay_capped25,"workers with current-job account plan, all ages",10.4231,0.1762,2203,"employee + employer, each capped at 25%"
2010,pct_contributors_with_employer_contribution,"workers with current-job account plan, all ages",80.9889,0.7777,2224,employee contributors whose employer also contributes
2010,pct_takeup_workers_with_dc_plan,"workers with current-job account plan, age 25-64",88.3061,0.5994,2403,person currently contributes / person has current-job account-type plan
2010,median_employee_pct_of_pay,"workers with current-job account plan, age 25-64",5.0000,0.4484,2103,sum over the person's current-job account plans; contributors only
2010,mean_employee_pct_of_pay,"workers with current-job account plan, age 25-64",6.8304,0.1472,2103,contributors only
2010,median_employer_pct_of_pay,"workers with current-job account plan, age 25-64",3.0000,0.0000,2112,employee contributors; 0 where employer does not contribute
2010,mean_employer_pct_of_pay,"workers with current-job account plan, age 25-64",3.6945,0.0805,2112,employee contributors; 0 where employer does not contribute
2010,median_employer_pct_of_pay_if_employer_contributes,"workers with current-job account plan, age 25-64",4.0000,0.0316,1673,employee contributors with employer contribution > 0
2010,median_total_pct_of_pay,"workers with current-job account plan, age 25-64",9.0000,0.1655,2092,employee + employer; employee contributors
2010,mean_total_pct_of_pay,"workers with current-job account plan, age 25-64",10.5062,0.1958,2092,employee + employer; employee contributors
2010,mean_employee_pct_of_pay_capped25,"workers with current-job account plan, age 25-64",6.7254,0.1392,2103,contributors; each person's rate capped at 25% of pay
2010,mean_employer_pct_of_pay_capped25,"workers with current-job account plan, age 25-64",3.6928,0.0805,2112,employee contributors; employer rate capped at 25%
2010,mean_total_pct_of_pay_capped25,"workers with current-job account plan, age 25-64",10.3992,0.1900,2092,"employee + employer, each capped at 25%"
2010,pct_contributors_with_employer_contribution,"workers with current-job account plan, age 25-64",80.9019,0.7938,2112,employee contributors whose employer also contributes
2010,pct_takeup_workers_with_dc_plan,worker age 25-34,88.1252,1.1966,404,person currently contributes / person has current-job account-type plan
2010,median_employee_pct_of_pay,worker age 25-34,5.0000,0.1256,351,sum over the person's current-job account plans; contributors only
2010,mean_employee_pct_of_pay,worker age 25-34,5.5419,0.1924,351,contributors only
2010,median_employer_pct_of_pay,worker age 25-34,3.0000,0.0000,353,employee contributors; 0 where employer does not contribute
2010,mean_employer_pct_of_pay,worker age 25-34,3.5161,0.1384,353,employee contributors; 0 where employer does not contribute
2010,median_employer_pct_of_pay_if_employer_contributes,worker age 25-34,3.0000,0.3950,289,employee contributors with employer contribution > 0
2010,median_total_pct_of_pay,worker age 25-34,8.0000,0.1872,351,employee + employer; employee contributors
2010,mean_total_pct_of_pay,worker age 25-34,9.0545,0.2734,351,employee + employer; employee contributors
2010,mean_employee_pct_of_pay_capped25,worker age 25-34,5.5415,0.1924,351,contributors; each person's rate capped at 25% of pay
2010,mean_employer_pct_of_pay_capped25,worker age 25-34,3.5161,0.1384,353,employee contributors; employer rate capped at 25%
2010,mean_total_pct_of_pay_capped25,worker age 25-34,9.0540,0.2735,351,"employee + employer, each capped at 25%"
2010,pct_contributors_with_employer_contribution,worker age 25-34,83.2586,1.5668,353,employee contributors whose employer also contributes
2010,pct_takeup_workers_with_dc_plan,worker age 35-44,89.7322,1.0818,611,person currently contributes / person has current-job account-type plan
2010,median_employee_pct_of_pay,worker age 35-44,5.0000,0.1985,548,sum over the person's current-job account plans; contributors only
2010,mean_employee_pct_of_pay,worker age 35-44,6.3990,0.1640,548,contributors only
2010,median_employer_pct_of_pay,worker age 35-44,3.0000,0.0892,549,employee contributors; 0 where employer does not contribute
2010,mean_employer_pct_of_pay,worker age 35-44,3.6898,0.1504,549,employee contributors; 0 where employer does not contribute
2010,median_employer_pct_of_pay_if_employer_contributes,worker age 35-44,4.0000,0.0447,436,employee contributors with employer contribution > 0
2010,median_total_pct_of_pay,worker age 35-44,9.0000,0.7007,547,employee + employer; employee contributors
2010,mean_total_pct_of_pay,worker age 35-44,10.0775,0.2606,547,employee + employer; employee contributors
2010,mean_employee_pct_of_pay_capped25,worker age 35-44,6.3641,0.1596,548,contributors; each person's rate capped at 25% of pay
2010,mean_employer_pct_of_pay_capped25,worker age 35-44,3.6897,0.1505,549,employee contributors; employer rate capped at 25%
2010,mean_total_pct_of_pay_capped25,worker age 35-44,10.0425,0.2532,547,"employee + employer, each capped at 25%"
2010,pct_contributors_with_employer_contribution,worker age 35-44,80.5661,1.5945,549,employee contributors whose employer also contributes
2010,pct_takeup_workers_with_dc_plan,worker age 45-54,89.0223,0.9058,819,person currently contributes / person has current-job account-type plan
2010,median_employee_pct_of_pay,worker age 45-54,6.0000,0.0547,725,sum over the person's current-job account plans; contributors only
2010,mean_employee_pct_of_pay,worker age 45-54,7.3744,0.2392,725,contributors only
2010,median_employer_pct_of_pay,worker age 45-54,3.0000,0.0000,724,employee contributors; 0 where employer does not contribute
2010,mean_employer_pct_of_pay,worker age 45-54,3.7088,0.1175,724,employee contributors; 0 where employer does not contribute
2010,median_employer_pct_of_pay_if_employer_contributes,worker age 45-54,4.0000,0.4390,578,employee contributors with employer contribution > 0
2010,median_total_pct_of_pay,worker age 45-54,10.0000,0.4867,717,employee + employer; employee contributors
2010,mean_total_pct_of_pay,worker age 45-54,11.0530,0.2803,717,employee + employer; employee contributors
2010,mean_employee_pct_of_pay_capped25,worker age 45-54,7.1680,0.2106,725,contributors; each person's rate capped at 25% of pay
2010,mean_employer_pct_of_pay_capped25,worker age 45-54,3.7039,0.1169,724,employee contributors; employer rate capped at 25%
2010,mean_total_pct_of_pay_capped25,worker age 45-54,10.8399,0.2628,717,"employee + employer, each capped at 25%"
2010,pct_contributors_with_employer_contribution,worker age 45-54,80.9840,1.3620,724,employee contributors whose employer also contributes
2010,pct_takeup_workers_with_dc_plan,worker age 55-64,85.1456,1.4986,569,person currently contributes / person has current-job account-type plan
2010,median_employee_pct_of_pay,worker age 55-64,6.0000,0.0945,479,sum over the person's current-job account plans; contributors only
2010,mean_employee_pct_of_pay,worker age 55-64,8.0121,0.4159,479,contributors only
2010,median_employer_pct_of_pay,worker age 55-64,3.0000,0.3003,486,employee contributors; 0 where employer does not contribute
2010,mean_employer_pct_of_pay,worker age 55-64,3.8842,0.2120,486,employee contributors; 0 where employer does not contribute
2010,median_employer_pct_of_pay_if_employer_contributes,worker age 55-64,4.0000,0.1914,370,employee contributors with employer contribution > 0
2010,median_total_pct_of_pay,worker age 55-64,10.0000,0.1846,477,employee + employer; employee contributors
2010,mean_total_pct_of_pay,worker age 55-64,11.8847,0.5733,477,employee + employer; employee contributors
2010,mean_employee_pct_of_pay_capped25,worker age 55-64,7.8630,0.3753,479,contributors; each person's rate capped at 25% of pay
2010,mean_employer_pct_of_pay_capped25,worker age 55-64,3.8842,0.2120,486,employee contributors; employer rate capped at 25%
2010,mean_total_pct_of_pay_capped25,worker age 55-64,11.7348,0.5336,477,"employee + employer, each capped at 25%"
2010,pct_contributors_with_employer_contribution,worker age 55-64,78.5113,2.2575,486,employee contributors whose employer also contributes
2010,pct_takeup_workers_with_dc_plan,family income quartile 1,74.0684,4.8157,77,person currently contributes / person has current-job account-type plan
2010,median_employee_pct_of_pay,family income quartile 1,3.0000,0.3994,59,sum over the person's current-job account plans; contributors only
2010,mean_employee_pct_of_pay,family income quartile 1,3.9986,0.3874,59,contributors only
2010,median_employer_pct_of_pay,family income quartile 1,2.0000,0.7852,60,employee contributors; 0 where employer does not contribute
2010,mean_employer_pct_of_pay,family income quartile 1,2.3798,0.3217,60,employee contributors; 0 where employer does not contribute
2010,median_employer_pct_of_pay_if_employer_contributes,family income quartile 1,3.0000,0.7319,46,employee contributors with employer contribution > 0
2010,median_total_pct_of_pay,family income quartile 1,5.0000,0.8325,59,employee + employer; employee contributors
2010,mean_total_pct_of_pay,family income quartile 1,6.3770,0.5599,59,employee + employer; employee contributors
2010,mean_employee_pct_of_pay_capped25,family income quartile 1,3.9986,0.3874,59,contributors; each person's rate capped at 25% of pay
2010,mean_employer_pct_of_pay_capped25,family income quartile 1,2.3798,0.3217,60,employee contributors; employer rate capped at 25%
2010,mean_total_pct_of_pay_capped25,family income quartile 1,6.3770,0.5599,59,"employee + employer, each capped at 25%"
2010,pct_contributors_with_employer_contribution,family income quartile 1,75.0823,8.1256,60,employee contributors whose employer also contributes
2010,pct_takeup_workers_with_dc_plan,family income quartile 2,80.4231,1.9796,335,person currently contributes / person has current-job account-type plan
2010,median_employee_pct_of_pay,family income quartile 2,4.0000,0.2468,273,sum over the person's current-job account plans; contributors only
2010,mean_employee_pct_of_pay,family income quartile 2,5.2386,0.2753,273,contributors only
2010,median_employer_pct_of_pay,family income quartile 2,3.0000,0.1865,272,employee contributors; 0 where employer does not contribute
2010,mean_employer_pct_of_pay,family income quartile 2,3.1356,0.1574,272,employee contributors; 0 where employer does not contribute
2010,median_employer_pct_of_pay_if_employer_contributes,family income quartile 2,3.0000,0.1090,217,employee contributors with employer contribution > 0
2010,median_total_pct_of_pay,family income quartile 2,7.0000,0.7320,271,employee + employer; employee contributors
2010,mean_total_pct_of_pay,family income quartile 2,8.3748,0.3389,271,employee + employer; employee contributors
2010,mean_employee_pct_of_pay_capped25,family income quartile 2,5.0496,0.2057,273,contributors; each person's rate capped at 25% of pay
2010,mean_employer_pct_of_pay_capped25,family income quartile 2,3.1271,0.1525,272,employee contributors; employer rate capped at 25%
2010,mean_total_pct_of_pay_capped25,family income quartile 2,8.1759,0.2880,271,"employee + employer, each capped at 25%"
2010,pct_contributors_with_employer_contribution,family income quartile 2,80.2195,1.9803,272,employee contributors whose employer also contributes
2010,pct_takeup_workers_with_dc_plan,family income quartile 3,88.2870,0.9027,580,person currently contributes / person has current-job account-type plan
2010,median_employee_pct_of_pay,family income quartile 3,5.0000,0.0447,509,sum over the person's current-job account plans; contributors only
2010,mean_employee_pct_of_pay,family income quartile 3,5.6622,0.1290,509,contributors only
2010,median_employer_pct_of_pay,family income quartile 3,3.0000,0.0000,508,employee contributors; 0 where employer does not contribute
2010,mean_employer_pct_of_pay,family income quartile 3,3.4906,0.1147,508,employee contributors; 0 where employer does not contribute
2010,median_employer_pct_of_pay_if_employer_contributes,family income quartile 3,3.0000,0.4105,403,employee contributors with employer contribution > 0
2010,median_total_pct_of_pay,family income quartile 3,8.0000,0.1134,506,employee + employer; employee contributors
2010,mean_total_pct_of_pay,family income quartile 3,9.1526,0.2014,506,employee + employer; employee contributors
2010,mean_employee_pct_of_pay_capped25,family income quartile 3,5.6611,0.1277,509,contributors; each person's rate capped at 25% of pay
2010,mean_employer_pct_of_pay_capped25,family income quartile 3,3.4895,0.1142,508,employee contributors; employer rate capped at 25%
2010,mean_total_pct_of_pay_capped25,family income quartile 3,9.1504,0.1994,506,"employee + employer, each capped at 25%"
2010,pct_contributors_with_employer_contribution,family income quartile 3,79.7569,1.4789,508,employee contributors whose employer also contributes
2010,pct_takeup_workers_with_dc_plan,family income quartile 4,90.4308,0.7356,1557,person currently contributes / person has current-job account-type plan
2010,median_employee_pct_of_pay,family income quartile 4,6.0000,0.2962,1375,sum over the person's current-job account plans; contributors only
2010,mean_employee_pct_of_pay,family income quartile 4,8.0388,0.2194,1375,contributors only
2010,median_employer_pct_of_pay,family income quartile 4,3.0000,0.6989,1384,employee contributors; 0 where employer does not contribute
2010,mean_employer_pct_of_pay,family income quartile 4,4.0597,0.1143,1384,employee contributors; 0 where employer does not contribute
2010,median_employer_pct_of_pay_if_employer_contributes,family income quartile 4,4.0000,0.0447,1093,employee contributors with employer contribution > 0
2010,median_total_pct_of_pay,family income quartile 4,10.0000,0.7874,1367,employee + employer; employee contributors
2010,mean_total_pct_of_pay,family income quartile 4,12.0654,0.2838,1367,employee + employer; employee contributors
2010,mean_employee_pct_of_pay_capped25,family income quartile 4,7.8652,0.1985,1375,contributors; each person's rate capped at 25% of pay
2010,mean_employer_pct_of_pay_capped25,family income quartile 4,4.0596,0.1144,1384,employee contributors; employer rate capped at 25%
2010,mean_total_pct_of_pay_capped25,family income quartile 4,11.8910,0.2635,1367,"employee + employer, each capped at 25%"
2010,pct_contributors_with_employer_contribution,family income quartile 4,82.0890,1.0252,1384,employee contributors whose employer also contributes
2010,pct_takeup_eligible_workers_broad,"workers with plan or eligible, all ages",72.4983,0.7403,3025,"contributors / (has current-job account plan + eligible non-participant offered an account-type plan, X4137 & X6708-12)"
2010,pct_eligible_nonparticipants_of_eligible,"workers with plan or eligible, all ages",17.4106,0.6344,3025,eligible for an offered account-type plan but not included in any plan
2010,pct_takeup_eligible_workers_broad,"workers with plan or eligible, age 25-64",74.1488,0.7680,2825,"contributors / (has current-job account plan + eligible non-participant offered an account-type plan, X4137 & X6708-12)"
2010,pct_eligible_nonparticipants_of_eligible,"workers with plan or eligible, age 25-64",16.0321,0.6702,2825,eligible for an offered account-type plan but not included in any plan
2010,pct_takeup_eligible_workers_broad,worker age 25-34,65.4578,1.6385,553,"contributors / (has current-job account plan + eligible non-participant offered an account-type plan, X4137 & X6708-12)"
2010,pct_eligible_nonparticipants_of_eligible,worker age 25-34,25.7218,1.3471,553,eligible for an offered account-type plan but not included in any plan
2010,pct_takeup_eligible_workers_broad,worker age 35-44,76.6356,1.1150,715,"contributors / (has current-job account plan + eligible non-participant offered an account-type plan, X4137 & X6708-12)"
2010,pct_eligible_nonparticipants_of_eligible,worker age 35-44,14.5952,1.0431,715,eligible for an offered account-type plan but not included in any plan
2010,pct_takeup_eligible_workers_broad,worker age 45-54,78.0725,1.1817,922,"contributors / (has current-job account plan + eligible non-participant offered an account-type plan, X4137 & X6708-12)"
2010,pct_eligible_nonparticipants_of_eligible,worker age 45-54,12.3000,1.1131,922,eligible for an offered account-type plan but not included in any plan
2010,pct_takeup_eligible_workers_broad,worker age 55-64,75.0239,1.7121,635,"contributors / (has current-job account plan + eligible non-participant offered an account-type plan, X4137 & X6708-12)"
2010,pct_eligible_nonparticipants_of_eligible,worker age 55-64,11.8874,1.1653,635,eligible for an offered account-type plan but not included in any plan
2010,pct_takeup_eligible_workers_broad,family income quartile 1,30.0451,3.2817,156,"contributors / (has current-job account plan + eligible non-participant offered an account-type plan, X4137 & X6708-12)"
2010,pct_eligible_nonparticipants_of_eligible,family income quartile 1,59.4360,3.4855,156,eligible for an offered account-type plan but not included in any plan
2010,pct_takeup_eligible_workers_broad,family income quartile 2,58.8867,1.9237,471,"contributors / (has current-job account plan + eligible non-participant offered an account-type plan, X4137 & X6708-12)"
2010,pct_eligible_nonparticipants_of_eligible,family income quartile 2,26.7789,2.2022,471,eligible for an offered account-type plan but not included in any plan
2010,pct_takeup_eligible_workers_broad,family income quartile 3,71.1571,1.2174,718,"contributors / (has current-job account plan + eligible non-participant offered an account-type plan, X4137 & X6708-12)"
2010,pct_eligible_nonparticipants_of_eligible,family income quartile 3,19.4025,1.2452,718,eligible for an offered account-type plan but not included in any plan
2010,pct_takeup_eligible_workers_broad,family income quartile 4,83.1027,0.9177,1680,"contributors / (has current-job account plan + eligible non-participant offered an account-type plan, X4137 & X6708-12)"
2010,pct_eligible_nonparticipants_of_eligible,family income quartile 4,8.1035,0.5948,1680,eligible for an offered account-type plan but not included in any plan
2013,pct_families_with_dc_plan_current_job,all families,31.0168,0.4827,6015,"R or spouse has account-type plan at current job (pension grid; DCPLANCJ-style, excl. plans already paying benefits)"
2013,pct_families_contributing_dc_current_job,all families,27.1398,0.4954,6015,R or spouse currently makes employee contributions to a current-job account-type plan
2013,pct_takeup_families_with_dc_plan,all families,87.5003,0.6908,2033,among families with a current-job account-type plan
2013,agg_dc_employee_pct_of_current_wages,all families,3.7241,0.1191,6015,"annualized current employee DC contributions / annualized current main-job pay, all R+spouse employees (self-employed/no-pay plan holders excluded from both)"
2013,agg_dc_employer_pct_of_current_wages,all families,2.3488,0.1097,6015,"annualized current employer DC contributions / annualized current main-job pay, all R+spouse employees"
2013,agg_dc_total_pct_of_current_wages,all families,6.0730,0.1872,6015,"employee + employer / annualized current main-job pay, all R+spouse employees"
2013,pct_families_with_dc_plan_current_job,"working-age families (head 25-64, working)",47.3884,0.7341,3652,"R or spouse has account-type plan at current job (pension grid; DCPLANCJ-style, excl. plans already paying benefits)"
2013,pct_families_contributing_dc_current_job,"working-age families (head 25-64, working)",41.8351,0.7588,3652,R or spouse currently makes employee contributions to a current-job account-type plan
2013,pct_takeup_families_with_dc_plan,"working-age families (head 25-64, working)",88.2812,0.6432,1778,among families with a current-job account-type plan
2013,agg_dc_employee_pct_of_current_wages,"working-age families (head 25-64, working)",3.8110,0.1265,3652,"annualized current employee DC contributions / annualized current main-job pay, all R+spouse employees (self-employed/no-pay plan holders excluded from both)"
2013,agg_dc_employer_pct_of_current_wages,"working-age families (head 25-64, working)",2.4063,0.1220,3652,"annualized current employer DC contributions / annualized current main-job pay, all R+spouse employees"
2013,agg_dc_total_pct_of_current_wages,"working-age families (head 25-64, working)",6.2173,0.2023,3652,"employee + employer / annualized current main-job pay, all R+spouse employees"
2013,pct_families_with_dc_plan_current_job,head age 25-34,36.3105,1.1338,812,"R or spouse has account-type plan at current job (pension grid; DCPLANCJ-style, excl. plans already paying benefits)"
2013,pct_families_contributing_dc_current_job,head age 25-34,32.7858,1.1574,812,R or spouse currently makes employee contributions to a current-job account-type plan
2013,pct_takeup_families_with_dc_plan,head age 25-34,90.2927,1.4313,279,among families with a current-job account-type plan
2013,agg_dc_employee_pct_of_current_wages,head age 25-34,2.4819,0.1441,812,"annualized current employee DC contributions / annualized current main-job pay, all R+spouse employees (self-employed/no-pay plan holders excluded from both)"
2013,agg_dc_employer_pct_of_current_wages,head age 25-34,1.6592,0.0919,812,"annualized current employer DC contributions / annualized current main-job pay, all R+spouse employees"
2013,agg_dc_total_pct_of_current_wages,head age 25-34,4.1411,0.2085,812,"employee + employer / annualized current main-job pay, all R+spouse employees"
2013,pct_families_with_dc_plan_current_job,head age 35-44,43.4425,1.2407,1032,"R or spouse has account-type plan at current job (pension grid; DCPLANCJ-style, excl. plans already paying benefits)"
2013,pct_families_contributing_dc_current_job,head age 35-44,38.6668,1.2871,1032,R or spouse currently makes employee contributions to a current-job account-type plan
2013,pct_takeup_families_with_dc_plan,head age 35-44,89.0068,1.1947,451,among families with a current-job account-type plan
2013,agg_dc_employee_pct_of_current_wages,head age 35-44,3.4260,0.2402,1032,"annualized current employee DC contributions / annualized current main-job pay, all R+spouse employees (self-employed/no-pay plan holders excluded from both)"
2013,agg_dc_employer_pct_of_current_wages,head age 35-44,2.5909,0.3266,1032,"annualized current employer DC contributions / annualized current main-job pay, all R+spouse employees"
2013,agg_dc_total_pct_of_current_wages,head age 35-44,6.0169,0.4483,1032,"employee + employer / annualized current main-job pay, all R+spouse employees"
2013,pct_families_with_dc_plan_current_job,head age 45-54,42.9993,1.0874,1327,"R or spouse has account-type plan at current job (pension grid; DCPLANCJ-style, excl. plans already paying benefits)"
2013,pct_families_contributing_dc_current_job,head age 45-54,36.9915,1.1181,1327,R or spouse currently makes employee contributions to a current-job account-type plan
2013,pct_takeup_families_with_dc_plan,head age 45-54,86.0283,1.2119,607,among families with a current-job account-type plan
2013,agg_dc_employee_pct_of_current_wages,head age 45-54,4.0544,0.2265,1327,"annualized current employee DC contributions / annualized current main-job pay, all R+spouse employees (self-employed/no-pay plan holders excluded from both)"
2013,agg_dc_employer_pct_of_current_wages,head age 45-54,2.4618,0.1435,1327,"annualized current employer DC contributions / annualized current main-job pay, all R+spouse employees"
2013,agg_dc_total_pct_of_current_wages,head age 45-54,6.5162,0.3419,1327,"employee + employer / annualized current main-job pay, all R+spouse employees"
2013,pct_families_with_dc_plan_current_job,head age 55-64,36.7950,1.2626,1281,"R or spouse has account-type plan at current job (pension grid; DCPLANCJ-style, excl. plans already paying benefits)"
2013,pct_families_contributing_dc_current_job,head age 55-64,31.8723,1.2115,1281,R or spouse currently makes employee contributions to a current-job account-type plan
2013,pct_takeup_families_with_dc_plan,head age 55-64,86.6212,1.3840,517,among families with a current-job account-type plan
2013,agg_dc_employee_pct_of_current_wages,head age 55-64,4.9643,0.2968,1281,"annualized current employee DC contributions / annualized current main-job pay, all R+spouse employees (self-employed/no-pay plan holders excluded from both)"
2013,agg_dc_employer_pct_of_current_wages,head age 55-64,2.6416,0.1974,1281,"annualized current employer DC contributions / annualized current main-job pay, all R+spouse employees"
2013,agg_dc_total_pct_of_current_wages,head age 55-64,7.6059,0.3990,1281,"employee + employer / annualized current main-job pay, all R+spouse employees"
2013,pct_families_with_dc_plan_current_job,income quartile 1,4.9162,0.4329,1251,"R or spouse has account-type plan at current job (pension grid; DCPLANCJ-style, excl. plans already paying benefits)"
2013,pct_families_contributing_dc_current_job,income quartile 1,3.7450,0.3745,1251,R or spouse currently makes employee contributions to a current-job account-type plan
2013,pct_takeup_families_with_dc_plan,income quartile 1,76.1759,4.3399,66,among families with a current-job account-type plan
2013,agg_dc_employee_pct_of_current_wages,income quartile 1,0.6269,0.0851,1251,"annualized current employee DC contributions / annualized current main-job pay, all R+spouse employees (self-employed/no-pay plan holders excluded from both)"
2013,agg_dc_employer_pct_of_current_wages,income quartile 1,0.3631,0.0681,1251,"annualized current employer DC contributions / annualized current main-job pay, all R+spouse employees"
2013,agg_dc_total_pct_of_current_wages,income quartile 1,0.9900,0.1278,1251,"employee + employer / annualized current main-job pay, all R+spouse employees"
2013,pct_families_with_dc_plan_current_job,income quartile 2,18.7774,0.9690,1227,"R or spouse has account-type plan at current job (pension grid; DCPLANCJ-style, excl. plans already paying benefits)"
2013,pct_families_contributing_dc_current_job,income quartile 2,15.2010,0.8742,1227,R or spouse currently makes employee contributions to a current-job account-type plan
2013,pct_takeup_families_with_dc_plan,income quartile 2,80.9538,2.0430,245,among families with a current-job account-type plan
2013,agg_dc_employee_pct_of_current_wages,income quartile 2,1.3308,0.1518,1227,"annualized current employee DC contributions / annualized current main-job pay, all R+spouse employees (self-employed/no-pay plan holders excluded from both)"
2013,agg_dc_employer_pct_of_current_wages,income quartile 2,1.0678,0.0747,1227,"annualized current employer DC contributions / annualized current main-job pay, all R+spouse employees"
2013,agg_dc_total_pct_of_current_wages,income quartile 2,2.3985,0.1874,1227,"employee + employer / annualized current main-job pay, all R+spouse employees"
2013,pct_families_with_dc_plan_current_job,income quartile 3,41.0848,0.9866,1263,"R or spouse has account-type plan at current job (pension grid; DCPLANCJ-style, excl. plans already paying benefits)"
2013,pct_families_contributing_dc_current_job,income quartile 3,35.2238,1.0239,1263,R or spouse currently makes employee contributions to a current-job account-type plan
2013,pct_takeup_families_with_dc_plan,income quartile 3,85.7343,1.3851,503,among families with a current-job account-type plan
2013,agg_dc_employee_pct_of_current_wages,income quartile 3,2.6333,0.1151,1263,"annualized current employee DC contributions / annualized current main-job pay, all R+spouse employees (self-employed/no-pay plan holders excluded from both)"
2013,agg_dc_employer_pct_of_current_wages,income quartile 3,1.9839,0.0901,1263,"annualized current employer DC contributions / annualized current main-job pay, all R+spouse employees"
2013,agg_dc_total_pct_of_current_wages,income quartile 3,4.6172,0.1824,1263,"employee + employer / annualized current main-job pay, all R+spouse employees"
2013,pct_families_with_dc_plan_current_job,income quartile 4,59.2837,1.1953,2274,"R or spouse has account-type plan at current job (pension grid; DCPLANCJ-style, excl. plans already paying benefits)"
2013,pct_families_contributing_dc_current_job,income quartile 4,54.3849,1.1991,2274,R or spouse currently makes employee contributions to a current-job account-type plan
2013,pct_takeup_families_with_dc_plan,income quartile 4,91.7367,0.7256,1219,among families with a current-job account-type plan
2013,agg_dc_employee_pct_of_current_wages,income quartile 4,4.6988,0.1762,2274,"annualized current employee DC contributions / annualized current main-job pay, all R+spouse employees (self-employed/no-pay plan holders excluded from both)"
2013,agg_dc_employer_pct_of_current_wages,income quartile 4,2.8158,0.1672,2274,"annualized current employer DC contributions / annualized current main-job pay, all R+spouse employees"
2013,agg_dc_total_pct_of_current_wages,income quartile 4,7.5145,0.2766,2274,"employee + employer / annualized current main-job pay, all R+spouse employees"
2013,agg_dc_employee_pct_of_covered_pay,all families,6.6337,0.1926,2033,contributions / annualized pay of R+spouse who have a current-job account plan (families with a plan)
2013,agg_dc_employer_pct_of_covered_pay,all families,4.1839,0.1840,2033,contributions / annualized pay of R+spouse who have a current-job account plan (families with a plan)
2013,agg_dc_total_pct_of_covered_pay,all families,10.8176,0.2966,2033,contributions / annualized pay of R+spouse who have a current-job account plan (families with a plan)
2013,agg_dc_employee_pct_of_covered_pay,"working-age families (head 25-64, working)",6.5829,0.2016,1778,contributions / annualized pay of R+spouse who have a current-job account plan (families with a plan)
2013,agg_dc_employer_pct_of_covered_pay,"working-age families (head 25-64, working)",4.1565,0.1980,1778,contributions / annualized pay of R+spouse who have a current-job account plan (families with a plan)
2013,agg_dc_total_pct_of_covered_pay,"working-age families (head 25-64, working)",10.7394,0.3133,1778,contributions / annualized pay of R+spouse who have a current-job account plan (families with a plan)
2013,agg_dc_employee_pct_of_covered_pay,head age 25-34,5.4935,0.2273,279,contributions / annualized pay of R+spouse who have a current-job account plan (families with a plan)
2013,agg_dc_employer_pct_of_covered_pay,head age 25-34,3.6724,0.1728,279,contributions / annualized pay of R+spouse who have a current-job account plan (families with a plan)
2013,agg_dc_total_pct_of_covered_pay,head age 25-34,9.1659,0.3194,279,contributions / annualized pay of R+spouse who have a current-job account plan (families with a plan)
2013,agg_dc_employee_pct_of_covered_pay,head age 35-44,6.0301,0.3271,451,contributions / annualized pay of R+spouse who have a current-job account plan (families with a plan)
2013,agg_dc_employer_pct_of_covered_pay,head age 35-44,4.5601,0.5242,451,contributions / annualized pay of R+spouse who have a current-job account plan (families with a plan)
2013,agg_dc_total_pct_of_covered_pay,head age 35-44,10.5902,0.6158,451,contributions / annualized pay of R+spouse who have a current-job account plan (families with a plan)
2013,agg_dc_employee_pct_of_covered_pay,head age 45-54,6.5752,0.4122,607,contributions / annualized pay of R+spouse who have a current-job account plan (families with a plan)
2013,agg_dc_employer_pct_of_covered_pay,head age 45-54,3.9924,0.2570,607,contributions / annualized pay of R+spouse who have a current-job account plan (families with a plan)
2013,agg_dc_total_pct_of_covered_pay,head age 45-54,10.5676,0.6288,607,contributions / annualized pay of R+spouse who have a current-job account plan (families with a plan)
2013,agg_dc_employee_pct_of_covered_pay,head age 55-64,7.7486,0.4448,517,contributions / annualized pay of R+spouse who have a current-job account plan (families with a plan)
2013,agg_dc_employer_pct_of_covered_pay,head age 55-64,4.1231,0.2836,517,contributions / annualized pay of R+spouse who have a current-job account plan (families with a plan)
2013,agg_dc_total_pct_of_covered_pay,head age 55-64,11.8716,0.5652,517,contributions / annualized pay of R+spouse who have a current-job account plan (families with a plan)
2013,agg_dc_employee_pct_of_covered_pay,income quartile 1,3.2414,0.3144,66,contributions / annualized pay of R+spouse who have a current-job account plan (families with a plan)
2013,agg_dc_employer_pct_of_covered_pay,income quartile 1,1.8773,0.2917,66,contributions / annualized pay of R+spouse who have a current-job account plan (families with a plan)
2013,agg_dc_total_pct_of_covered_pay,income quartile 1,5.1187,0.4182,66,contributions / annualized pay of R+spouse who have a current-job account plan (families with a plan)
2013,agg_dc_employee_pct_of_covered_pay,income quartile 2,4.4378,0.3456,245,contributions / annualized pay of R+spouse who have a current-job account plan (families with a plan)
2013,agg_dc_employer_pct_of_covered_pay,income quartile 2,3.5607,0.2076,245,contributions / annualized pay of R+spouse who have a current-job account plan (families with a plan)
2013,agg_dc_total_pct_of_covered_pay,income quartile 2,7.9985,0.3355,245,contributions / annualized pay of R+spouse who have a current-job account plan (families with a plan)
2013,agg_dc_employee_pct_of_covered_pay,income quartile 3,5.4050,0.1743,503,contributions / annualized pay of R+spouse who have a current-job account plan (families with a plan)
2013,agg_dc_employer_pct_of_covered_pay,income quartile 3,4.0720,0.1465,503,contributions / annualized pay of R+spouse who have a current-job account plan (families with a plan)
2013,agg_dc_total_pct_of_covered_pay,income quartile 3,9.4770,0.2548,503,contributions / annualized pay of R+spouse who have a current-job account plan (families with a plan)
2013,agg_dc_employee_pct_of_covered_pay,income quartile 4,7.1825,0.2586,1219,contributions / annualized pay of R+spouse who have a current-job account plan (families with a plan)
2013,agg_dc_employer_pct_of_covered_pay,income quartile 4,4.3042,0.2460,1219,contributions / annualized pay of R+spouse who have a current-job account plan (families with a plan)
2013,agg_dc_total_pct_of_covered_pay,income quartile 4,11.4867,0.3985,1219,contributions / annualized pay of R+spouse who have a current-job account plan (families with a plan)
2013,pct_takeup_workers_with_dc_plan,"workers with current-job account plan, all ages",86.4702,0.6774,2415,person currently contributes / person has current-job account-type plan
2013,median_employee_pct_of_pay,"workers with current-job account plan, all ages",5.0000,0.7772,2069,sum over the person's current-job account plans; contributors only
2013,mean_employee_pct_of_pay,"workers with current-job account plan, all ages",6.9212,0.1170,2069,contributors only
2013,median_employer_pct_of_pay,"workers with current-job account plan, all ages",3.0000,0.0000,2073,employee contributors; 0 where employer does not contribute
2013,mean_employer_pct_of_pay,"workers with current-job account plan, all ages",3.8816,0.0648,2073,employee contributors; 0 where employer does not contribute
2013,median_employer_pct_of_pay_if_employer_contributes,"workers with current-job account plan, all ages",4.0000,0.0000,1708,employee contributors with employer contribution > 0
2013,median_total_pct_of_pay,"workers with current-job account plan, all ages",10.0000,0.7516,2058,employee + employer; employee contributors
2013,mean_total_pct_of_pay,"workers with current-job account plan, all ages",10.8063,0.1493,2058,employee + employer; employee contributors
2013,mean_employee_pct_of_pay_capped25,"workers with current-job account plan, all ages",6.8184,0.1003,2069,contributors; each person's rate capped at 25% of pay
2013,mean_employer_pct_of_pay_capped25,"workers with current-job account plan, all ages",3.8590,0.0616,2073,employee contributors; employer rate capped at 25%
2013,mean_total_pct_of_pay_capped25,"workers with current-job account plan, all ages",10.6801,0.1338,2058,"employee + employer, each capped at 25%"
2013,pct_contributors_with_employer_contribution,"workers with current-job account plan, all ages",84.4408,0.6883,2073,employee contributors whose employer also contributes
2013,pct_takeup_workers_with_dc_plan,"workers with current-job account plan, age 25-64",86.5387,0.6805,2240,person currently contributes / person has current-job account-type plan
2013,median_employee_pct_of_pay,"workers with current-job account plan, age 25-64",5.0000,0.7766,1925,sum over the person's current-job account plans; contributors only
2013,mean_employee_pct_of_pay,"workers with current-job account plan, age 25-64",6.8950,0.1232,1925,contributors only
2013,median_employer_pct_of_pay,"workers with current-job account plan, age 25-64",3.0000,0.0000,1930,employee contributors; 0 where employer does not contribute
2013,mean_employer_pct_of_pay,"workers with current-job account plan, age 25-64",3.8792,0.0668,1930,employee contributors; 0 where employer does not contribute
2013,median_employer_pct_of_pay_if_employer_contributes,"workers with current-job account plan, age 25-64",4.0000,0.0000,1596,employee contributors with employer contribution > 0
2013,median_total_pct_of_pay,"workers with current-job account plan, age 25-64",10.0000,0.7398,1915,employee + employer; employee contributors
2013,mean_total_pct_of_pay,"workers with current-job account plan, age 25-64",10.7737,0.1547,1915,employee + employer; employee contributors
2013,mean_employee_pct_of_pay_capped25,"workers with current-job account plan, age 25-64",6.7935,0.1060,1925,contributors; each person's rate capped at 25% of pay
2013,mean_employer_pct_of_pay_capped25,"workers with current-job account plan, age 25-64",3.8552,0.0634,1930,employee contributors; employer rate capped at 25%
2013,mean_total_pct_of_pay_capped25,"workers with current-job account plan, age 25-64",10.6476,0.1386,1915,"employee + employer, each capped at 25%"
2013,pct_contributors_with_employer_contribution,"workers with current-job account plan, age 25-64",84.7202,0.6977,1930,employee contributors whose employer also contributes
2013,pct_takeup_workers_with_dc_plan,worker age 25-34,88.2115,1.3927,353,person currently contributes / person has current-job account-type plan
2013,median_employee_pct_of_pay,worker age 25-34,5.0000,0.2359,311,sum over the person's current-job account plans; contributors only
2013,mean_employee_pct_of_pay,worker age 25-34,5.3894,0.1734,311,contributors only
2013,median_employer_pct_of_pay,worker age 25-34,3.0000,0.0000,309,employee contributors; 0 where employer does not contribute
2013,mean_employer_pct_of_pay,worker age 25-34,3.4230,0.1474,309,employee contributors; 0 where employer does not contribute
2013,median_employer_pct_of_pay_if_employer_contributes,worker age 25-34,3.0000,0.1680,263,employee contributors with employer contribution > 0
2013,median_total_pct_of_pay,worker age 25-34,8.0000,0.3496,308,employee + employer; employee contributors
2013,mean_total_pct_of_pay,worker age 25-34,8.7880,0.2598,308,employee + employer; employee contributors
2013,mean_employee_pct_of_pay_capped25,worker age 25-34,5.3720,0.1701,311,contributors; each person's rate capped at 25% of pay
2013,mean_employer_pct_of_pay_capped25,worker age 25-34,3.3716,0.1362,309,employee contributors; employer rate capped at 25%
2013,mean_total_pct_of_pay_capped25,worker age 25-34,8.7187,0.2516,308,"employee + employer, each capped at 25%"
2013,pct_contributors_with_employer_contribution,worker age 25-34,85.3606,1.7461,309,employee contributors whose employer also contributes
2013,pct_takeup_workers_with_dc_plan,worker age 35-44,88.1034,1.0504,558,person currently contributes / person has current-job account-type plan
2013,median_employee_pct_of_pay,worker age 35-44,5.0000,0.0892,484,sum over the person's current-job account plans; contributors only
2013,mean_employee_pct_of_pay,worker age 35-44,6.2707,0.2032,484,contributors only
2013,median_employer_pct_of_pay,worker age 35-44,4.0000,0.4316,483,employee contributors; 0 where employer does not contribute
2013,mean_employer_pct_of_pay,worker age 35-44,4.1184,0.1312,483,employee contributors; 0 where employer does not contribute
2013,median_employer_pct_of_pay_if_employer_contributes,worker age 35-44,4.0000,0.2118,400,employee contributors with employer contribution > 0
2013,median_total_pct_of_pay,worker age 35-44,10.0000,0.5017,481,employee + employer; employee contributors
2013,mean_total_pct_of_pay,worker age 35-44,10.3767,0.2634,481,employee + employer; employee contributors
2013,mean_employee_pct_of_pay_capped25,worker age 35-44,6.2555,0.2023,484,contributors; each person's rate capped at 25% of pay
2013,mean_employer_pct_of_pay_capped25,worker age 35-44,4.0903,0.1226,483,employee contributors; employer rate capped at 25%
2013,mean_total_pct_of_pay_capped25,worker age 35-44,10.3331,0.2586,481,"employee + employer, each capped at 25%"
2013,pct_contributors_with_employer_contribution,worker age 35-44,86.3823,1.3618,483,employee contributors whose employer also contributes
2013,pct_takeup_workers_with_dc_plan,worker age 45-54,83.4178,1.2278,747,person currently contributes / person has current-job account-type plan
2013,median_employee_pct_of_pay,worker age 45-54,6.0000,0.0000,630,sum over the person's current-job account plans; contributors only
2013,mean_employee_pct_of_pay,worker age 45-54,7.4773,0.2363,630,contributors only
2013,median_employer_pct_of_pay,worker age 45-54,3.0000,0.0000,632,employee contributors; 0 where employer does not contribute
2013,mean_employer_pct_of_pay,worker age 45-54,3.9832,0.1382,632,employee contributors; 0 where employer does not contribute
2013,median_employer_pct_of_pay_if_employer_contributes,worker age 45-54,4.0000,0.3483,529,employee contributors with employer contribution > 0
2013,median_total_pct_of_pay,worker age 45-54,10.0000,0.4052,627,employee + employer; employee contributors
2013,mean_total_pct_of_pay,worker age 45-54,11.4900,0.3194,627,employee + employer; employee contributors
2013,mean_employee_pct_of_pay_capped25,worker age 45-54,7.4414,0.2274,630,contributors; each person's rate capped at 25% of pay
2013,mean_employer_pct_of_pay_capped25,worker age 45-54,3.9826,0.1382,632,employee contributors; employer rate capped at 25%
2013,mean_total_pct_of_pay_capped25,worker age 45-54,11.4532,0.3112,627,"employee + employer, each capped at 25%"
2013,pct_contributors_with_employer_contribution,worker age 45-54,85.0305,1.2033,632,employee contributors whose employer also contributes
2013,pct_takeup_workers_with_dc_plan,worker age 55-64,87.3207,1.3096,582,person currently contributes / person has current-job account-type plan
2013,median_employee_pct_of_pay,worker age 55-64,6.0000,0.4811,500,sum over the person's current-job account plans; contributors only
2013,mean_employee_pct_of_pay,worker age 55-64,8.3511,0.3777,500,contributors only
2013,median_employer_pct_of_pay,worker age 55-64,3.0000,0.3593,506,employee contributors; 0 where employer does not contribute
2013,mean_employer_pct_of_pay,worker age 55-64,3.8931,0.1508,506,employee contributors; 0 where employer does not contribute
2013,median_employer_pct_of_pay_if_employer_contributes,worker age 55-64,4.0000,0.0316,404,employee contributors with employer contribution > 0
2013,median_total_pct_of_pay,worker age 55-64,10.0000,0.2608,499,employee + employer; employee contributors
2013,mean_total_pct_of_pay,worker age 55-64,12.2325,0.4275,499,employee + employer; employee contributors
2013,mean_employee_pct_of_pay_capped25,worker age 55-64,7.9782,0.2506,500,contributors; each person's rate capped at 25% of pay
2013,mean_employer_pct_of_pay_capped25,worker age 55-64,3.8703,0.1438,506,employee contributors; employer rate capped at 25%
2013,mean_total_pct_of_pay_capped25,worker age 55-64,11.8359,0.3160,499,"employee + employer, each capped at 25%"
2013,pct_contributors_with_employer_contribution,worker age 55-64,81.7076,1.6588,506,employee contributors whose employer also contributes
2013,pct_takeup_workers_with_dc_plan,family income quartile 1,77.4674,4.1668,72,person currently contributes / person has current-job account-type plan
2013,median_employee_pct_of_pay,family income quartile 1,4.0000,1.0456,55,sum over the person's current-job account plans; contributors only
2013,mean_employee_pct_of_pay,family income quartile 1,4.6199,0.3385,55,contributors only
2013,median_employer_pct_of_pay,family income quartile 1,2.0000,0.2716,58,employee contributors; 0 where employer does not contribute
2013,mean_employer_pct_of_pay,family income quartile 1,2.1344,0.2823,58,employee contributors; 0 where employer does not contribute
2013,median_employer_pct_of_pay_if_employer_contributes,family income quartile 1,2.0000,0.6679,42,employee contributors with employer contribution > 0
2013,median_total_pct_of_pay,family income quartile 1,5.0000,0.4105,54,employee + employer; employee contributors
2013,mean_total_pct_of_pay,family income quartile 1,6.7621,0.4859,54,employee + employer; employee contributors
2013,mean_employee_pct_of_pay_capped25,family income quartile 1,4.6196,0.3385,55,contributors; each person's rate capped at 25% of pay
2013,mean_employer_pct_of_pay_capped25,family income quartile 1,2.1344,0.2823,58,employee contributors; employer rate capped at 25%
2013,mean_total_pct_of_pay_capped25,family income quartile 1,6.7619,0.4859,54,"employee + employer, each capped at 25%"
2013,pct_contributors_with_employer_contribution,family income quartile 1,69.4908,6.0933,58,employee contributors whose employer also contributes
2013,pct_takeup_workers_with_dc_plan,family income quartile 2,81.0863,2.0520,252,person currently contributes / person has current-job account-type plan
2013,median_employee_pct_of_pay,family income quartile 2,4.0000,0.1296,201,sum over the person's current-job account plans; contributors only
2013,mean_employee_pct_of_pay,family income quartile 2,4.9480,0.1891,201,contributors only
2013,median_employer_pct_of_pay,family income quartile 2,3.0000,0.0447,202,employee contributors; 0 where employer does not contribute
2013,mean_employer_pct_of_pay,family income quartile 2,3.5258,0.1921,202,employee contributors; 0 where employer does not contribute
2013,median_employer_pct_of_pay_if_employer_contributes,family income quartile 2,3.0000,0.3410,173,employee contributors with employer contribution > 0
2013,median_total_pct_of_pay,family income quartile 2,7.0000,0.7768,201,employee + employer; employee contributors
2013,mean_total_pct_of_pay,family income quartile 2,8.4770,0.3126,201,employee + employer; employee contributors
2013,mean_employee_pct_of_pay_capped25,family income quartile 2,4.9194,0.1808,201,contributors; each person's rate capped at 25% of pay
2013,mean_employer_pct_of_pay_capped25,family income quartile 2,3.4590,0.1550,202,employee contributors; employer rate capped at 25%
2013,mean_total_pct_of_pay_capped25,family income quartile 2,8.3812,0.2833,201,"employee + employer, each capped at 25%"
2013,pct_contributors_with_employer_contribution,family income quartile 2,87.3889,1.8872,202,employee contributors whose employer also contributes
2013,pct_takeup_workers_with_dc_plan,family income quartile 3,84.7698,1.2434,568,person currently contributes / person has current-job account-type plan
2013,median_employee_pct_of_pay,family income quartile 3,5.0000,0.0000,482,sum over the person's current-job account plans; contributors only
2013,mean_employee_pct_of_pay,family income quartile 3,6.1627,0.1504,482,contributors only
2013,median_employer_pct_of_pay,family income quartile 3,3.0000,0.1134,480,employee contributors; 0 where employer does not contribute
2013,mean_employer_pct_of_pay,family income quartile 3,3.8794,0.1247,480,employee contributors; 0 where employer does not contribute
2013,median_employer_pct_of_pay_if_employer_contributes,family income quartile 3,4.0000,0.1708,411,employee contributors with employer contribution > 0
2013,median_total_pct_of_pay,family income quartile 3,9.0000,0.2794,478,employee + employer; employee contributors
2013,mean_total_pct_of_pay,family income quartile 3,10.0363,0.2420,478,employee + employer; employee contributors
2013,mean_employee_pct_of_pay_capped25,family income quartile 3,6.1366,0.1471,482,contributors; each person's rate capped at 25% of pay
2013,mean_employer_pct_of_pay_capped25,family income quartile 3,3.8726,0.1225,480,employee contributors; employer rate capped at 25%
2013,mean_total_pct_of_pay_capped25,family income quartile 3,10.0032,0.2358,478,"employee + employer, each capped at 25%"
2013,pct_contributors_with_employer_contribution,family income quartile 3,85.3970,1.2852,480,employee contributors whose employer also contributes
2013,pct_takeup_workers_with_dc_plan,family income quartile 4,89.5010,0.8163,1523,person currently contributes / person has current-job account-type plan
2013,median_employee_pct_of_pay,family income quartile 4,6.0000,0.1762,1331,sum over the person's current-job account plans; contributors only
2013,mean_employee_pct_of_pay,family income quartile 4,7.9492,0.1875,1331,contributors only
2013,median_employer_pct_of_pay,family income quartile 4,3.0000,0.2182,1333,employee contributors; 0 where employer does not contribute
2013,mean_employer_pct_of_pay,family income quartile 4,4.0675,0.0940,1333,employee contributors; 0 where employer does not contribute
2013,median_employer_pct_of_pay_if_employer_contributes,family income quartile 4,4.0000,0.0000,1082,employee contributors with employer contribution > 0
2013,median_total_pct_of_pay,family income quartile 4,11.0000,0.7808,1325,employee + employer; employee contributors
2013,mean_total_pct_of_pay,family income quartile 4,12.0206,0.2266,1325,employee + employer; employee contributors
2013,mean_employee_pct_of_pay_capped25,family income quartile 4,7.7789,0.1535,1331,contributors; each person's rate capped at 25% of pay
2013,mean_employer_pct_of_pay_capped25,family income quartile 4,4.0446,0.0893,1333,employee contributors; employer rate capped at 25%
2013,mean_total_pct_of_pay_capped25,family income quartile 4,11.8265,0.1968,1325,"employee + employer, each capped at 25%"
2013,pct_contributors_with_employer_contribution,family income quartile 4,84.0764,0.9470,1333,employee contributors whose employer also contributes
2013,pct_takeup_eligible_workers_broad,"workers with plan or eligible, all ages",70.0302,0.8566,2873,"contributors / (has current-job account plan + eligible non-participant offered an account-type plan, X4137 & X6708-12)"
2013,pct_eligible_nonparticipants_of_eligible,"workers with plan or eligible, all ages",19.0123,0.7954,2873,eligible for an offered account-type plan but not included in any plan
2013,pct_takeup_eligible_workers_broad,"workers with plan or eligible, age 25-64",71.0741,0.8206,2643,"contributors / (has current-job account plan + eligible non-participant offered an account-type plan, X4137 & X6708-12)"
2013,pct_eligible_nonparticipants_of_eligible,"workers with plan or eligible, age 25-64",17.8701,0.7554,2643,eligible for an offered account-type plan but not included in any plan
2013,pct_takeup_eligible_workers_broad,worker age 25-34,65.6626,1.7804,478,"contributors / (has current-job account plan + eligible non-participant offered an account-type plan, X4137 & X6708-12)"
2013,pct_eligible_nonparticipants_of_eligible,worker age 25-34,25.5623,1.5323,478,eligible for an offered account-type plan but not included in any plan
2013,pct_takeup_eligible_workers_broad,worker age 35-44,71.5662,1.4846,674,"contributors / (has current-job account plan + eligible non-participant offered an account-type plan, X4137 & X6708-12)"
2013,pct_eligible_nonparticipants_of_eligible,worker age 35-44,18.7702,1.3762,674,eligible for an offered account-type plan but not included in any plan
2013,pct_takeup_eligible_workers_broad,worker age 45-54,70.8862,1.4300,848,"contributors / (has current-job account plan + eligible non-participant offered an account-type plan, X4137 & X6708-12)"
2013,pct_eligible_nonparticipants_of_eligible,worker age 45-54,15.0227,1.1504,848,eligible for an offered account-type plan but not included in any plan
2013,pct_takeup_eligible_workers_broad,worker age 55-64,76.7956,1.5803,643,"contributors / (has current-job account plan + eligible non-participant offered an account-type plan, X4137 & X6708-12)"
2013,pct_eligible_nonparticipants_of_eligible,worker age 55-64,12.0534,1.5152,643,eligible for an offered account-type plan but not included in any plan
2013,pct_takeup_eligible_workers_broad,family income quartile 1,37.8713,3.5448,138,"contributors / (has current-job account plan + eligible non-participant offered an account-type plan, X4137 & X6708-12)"
2013,pct_eligible_nonparticipants_of_eligible,family income quartile 1,51.1133,3.4553,138,eligible for an offered account-type plan but not included in any plan
2013,pct_takeup_eligible_workers_broad,family income quartile 2,53.5295,2.0846,384,"contributors / (has current-job account plan + eligible non-participant offered an account-type plan, X4137 & X6708-12)"
2013,pct_eligible_nonparticipants_of_eligible,family income quartile 2,33.9845,1.9485,384,eligible for an offered account-type plan but not included in any plan
2013,pct_takeup_eligible_workers_broad,family income quartile 3,68.3762,1.4809,704,"contributors / (has current-job account plan + eligible non-participant offered an account-type plan, X4137 & X6708-12)"
2013,pct_eligible_nonparticipants_of_eligible,family income quartile 3,19.3389,1.3332,704,eligible for an offered account-type plan but not included in any plan
2013,pct_takeup_eligible_workers_broad,family income quartile 4,81.0273,1.0327,1647,"contributors / (has current-job account plan + eligible non-participant offered an account-type plan, X4137 & X6708-12)"
2013,pct_eligible_nonparticipants_of_eligible,family income quartile 4,9.4677,0.8090,1647,eligible for an offered account-type plan but not included in any plan
2016,pct_families_with_dc_plan_current_job,all families,32.2102,0.4589,6248,"R or spouse has account-type plan at current job (pension grid; DCPLANCJ-style, excl. plans already paying benefits)"
2016,pct_families_contributing_dc_current_job,all families,28.6622,0.4318,6248,R or spouse currently makes employee contributions to a current-job account-type plan
2016,pct_takeup_families_with_dc_plan,all families,88.9847,0.6145,2176,among families with a current-job account-type plan
2016,agg_dc_employee_pct_of_current_wages,all families,3.9985,0.1277,6248,"annualized current employee DC contributions / annualized current main-job pay, all R+spouse employees (self-employed/no-pay plan holders excluded from both)"
2016,agg_dc_employer_pct_of_current_wages,all families,2.6673,0.1105,6248,"annualized current employer DC contributions / annualized current main-job pay, all R+spouse employees"
2016,agg_dc_total_pct_of_current_wages,all families,6.6658,0.2009,6248,"employee + employer / annualized current main-job pay, all R+spouse employees"
2016,pct_families_contributing_ira_prior_year,all families,8.9633,0.3946,6248,any family member contributed to an IRA in 2015 (X6791/X6793/X6795; excludes rollovers)
2016,pct_ira_holders_contributing_prior_year,all families,29.9489,0.9933,2395,among families with IRA/Keogh balance > 0 at interview
2016,pct_families_contributing_dc_or_ira,all families,33.7019,0.4816,6248,DC (current) or IRA (prior calendar year)
2016,pct_families_contributing_dc_and_ira,all families,3.9236,0.1955,6248,both
2016,median_ira_contribution_dollars_if_any,all families,5000.0000,142.3972,747,"nominal 2015 dollars, family total"
2016,agg_ira_contrib_pct_of_wageinc,all families,0.7997,0.0511,6248,"IRA contributions 2015 / family wage & salary income 2015 (X5702), all families"
2016,agg_dc_ee_pct_of_wageinc,all families,4.0552,0.1363,6248,annualized current employee DC contributions / prior-year family wage income (X5702)
2016,agg_dc_total_plus_ira_pct_of_wageinc,all families,7.4897,0.2296,6248,"DC employee+employer (current, annualized) + IRA (prior year) / prior-year wage income"
2016,pct_families_with_dc_plan_current_job,"working-age families (head 25-64, working)",48.7056,0.6871,3755,"R or spouse has account-type plan at current job (pension grid; DCPLANCJ-style, excl. plans already paying benefits)"
2016,pct_families_contributing_dc_current_job,"working-age families (head 25-64, working)",43.5299,0.6393,3755,R or spouse currently makes employee contributions to a current-job account-type plan
2016,pct_takeup_families_with_dc_plan,"working-age families (head 25-64, working)",89.3734,0.6380,1865,among families with a current-job account-type plan
2016,agg_dc_employee_pct_of_current_wages,"working-age families (head 25-64, working)",3.9522,0.1385,3755,"annualized current employee DC contributions / annualized current main-job pay, all R+spouse employees (self-employed/no-pay plan holders excluded from both)"
2016,agg_dc_employer_pct_of_current_wages,"working-age families (head 25-64, working)",2.6733,0.1172,3755,"annualized current employer DC contributions / annualized current main-job pay, all R+spouse employees"
2016,agg_dc_total_pct_of_current_wages,"working-age families (head 25-64, working)",6.6254,0.2182,3755,"employee + employer / annualized current main-job pay, all R+spouse employees"
2016,pct_families_contributing_ira_prior_year,"working-age families (head 25-64, working)",12.8276,0.5904,3755,any family member contributed to an IRA in 2015 (X6791/X6793/X6795; excludes rollovers)
2016,pct_ira_holders_contributing_prior_year,"working-age families (head 25-64, working)",41.4515,1.3540,1451,among families with IRA/Keogh balance > 0 at interview
2016,pct_families_contributing_dc_or_ira,"working-age families (head 25-64, working)",50.2638,0.7229,3755,DC (current) or IRA (prior calendar year)
2016,pct_families_contributing_dc_and_ira,"working-age families (head 25-64, working)",6.0937,0.3364,3755,both
2016,median_ira_contribution_dollars_if_any,"working-age families (head 25-64, working)",4640.0000,340.1968,599,"nominal 2015 dollars, family total"
2016,agg_ira_contrib_pct_of_wageinc,"working-age families (head 25-64, working)",0.7460,0.0447,3755,"IRA contributions 2015 / family wage & salary income 2015 (X5702), all families"
2016,agg_dc_ee_pct_of_wageinc,"working-age families (head 25-64, working)",4.2808,0.1521,3755,annualized current employee DC contributions / prior-year family wage income (X5702)
2016,agg_dc_total_plus_ira_pct_of_wageinc,"working-age families (head 25-64, working)",7.8418,0.2485,3755,"DC employee+employer (current, annualized) + IRA (prior year) / prior-year wage income"
2016,pct_families_with_dc_plan_current_job,head age 25-34,38.8986,1.2157,798,"R or spouse has account-type plan at current job (pension grid; DCPLANCJ-style, excl. plans already paying benefits)"
2016,pct_families_contributing_dc_current_job,head age 25-34,35.4378,1.2370,798,R or spouse currently makes employee contributions to a current-job account-type plan
2016,pct_takeup_families_with_dc_plan,head age 25-34,91.1030,1.2677,296,among families with a current-job account-type plan
2016,agg_dc_employee_pct_of_current_wages,head age 25-34,2.8735,0.1813,798,"annualized current employee DC contributions / annualized current main-job pay, all R+spouse employees (self-employed/no-pay plan holders excluded from both)"
2016,agg_dc_employer_pct_of_current_wages,head age 25-34,1.9202,0.1142,798,"annualized current employer DC contributions / annualized current main-job pay, all R+spouse employees"
2016,agg_dc_total_pct_of_current_wages,head age 25-34,4.7938,0.2728,798,"employee + employer / annualized current main-job pay, all R+spouse employees"
2016,pct_families_contributing_ira_prior_year,head age 25-34,9.0631,0.8577,798,any family member contributed to an IRA in 2015 (X6791/X6793/X6795; excludes rollovers)
2016,pct_ira_holders_contributing_prior_year,head age 25-34,50.8337,3.9225,140,among families with IRA/Keogh balance > 0 at interview
2016,pct_families_contributing_dc_or_ira,head age 25-34,40.5920,1.3462,798,DC (current) or IRA (prior calendar year)
2016,pct_families_contributing_dc_and_ira,head age 25-34,3.9089,0.5417,798,both
2016,median_ira_contribution_dollars_if_any,head age 25-34,3000.0000,437.5009,74,"nominal 2015 dollars, family total"
2016,agg_ira_contrib_pct_of_wageinc,head age 25-34,0.5423,0.0681,798,"IRA contributions 2015 / family wage & salary income 2015 (X5702), all families"
2016,agg_dc_ee_pct_of_wageinc,head age 25-34,3.0825,0.2219,798,annualized current employee DC contributions / prior-year family wage income (X5702)
2016,agg_dc_total_plus_ira_pct_of_wageinc,head age 25-34,5.6800,0.3755,798,"DC employee+employer (current, annualized) + IRA (prior year) / prior-year wage income"
2016,pct_families_with_dc_plan_current_job,head age 35-44,45.1234,1.2585,1027,"R or spouse has account-type plan at current job (pension grid; DCPLANCJ-style, excl. plans already paying benefits)"
2016,pct_families_contributing_dc_current_job,head age 35-44,41.1780,1.2655,1027,R or spouse currently makes employee contributions to a current-job account-type plan
2016,pct_takeup_families_with_dc_plan,head age 35-44,91.2565,1.1546,466,among families with a current-job account-type plan
2016,agg_dc_employee_pct_of_current_wages,head age 35-44,3.7531,0.2337,1027,"annualized current employee DC contributions / annualized current main-job pay, all R+spouse employees (self-employed/no-pay plan holders excluded from both)"
2016,agg_dc_employer_pct_of_current_wages,head age 35-44,2.4577,0.1610,1027,"annualized current employer DC contributions / annualized current main-job pay, all R+spouse employees"
2016,agg_dc_total_pct_of_current_wages,head age 35-44,6.2108,0.3175,1027,"employee + employer / annualized current main-job pay, all R+spouse employees"
2016,pct_families_contributing_ira_prior_year,head age 35-44,10.7092,0.8197,1027,any family member contributed to an IRA in 2015 (X6791/X6793/X6795; excludes rollovers)
2016,pct_ira_holders_contributing_prior_year,head age 35-44,39.9255,2.1972,303,among families with IRA/Keogh balance > 0 at interview
2016,pct_families_contributing_dc_or_ira,head age 35-44,46.5005,1.4981,1027,DC (current) or IRA (prior calendar year)
2016,pct_families_contributing_dc_and_ira,head age 35-44,5.3868,0.5834,1027,both
2016,median_ira_contribution_dollars_if_any,head age 35-44,4000.0000,574.2895,126,"nominal 2015 dollars, family total"
2016,agg_ira_contrib_pct_of_wageinc,head age 35-44,0.6108,0.0644,1027,"IRA contributions 2015 / family wage & salary income 2015 (X5702), all families"
2016,agg_dc_ee_pct_of_wageinc,head age 35-44,3.9641,0.2540,1027,annualized current employee DC contributions / prior-year family wage income (X5702)
2016,agg_dc_total_plus_ira_pct_of_wageinc,head age 35-44,7.1837,0.3608,1027,"DC employee+employer (current, annualized) + IRA (prior year) / prior-year wage income"
2016,pct_families_with_dc_plan_current_job,head age 45-54,46.7117,1.0994,1234,"R or spouse has account-type plan at current job (pension grid; DCPLANCJ-style, excl. plans already paying benefits)"
2016,pct_families_contributing_dc_current_job,head age 45-54,42.1309,1.0596,1234,R or spouse currently makes employee contributions to a current-job account-type plan
2016,pct_takeup_families_with_dc_plan,head age 45-54,90.1933,1.1092,585,among families with a current-job account-type plan
2016,agg_dc_employee_pct_of_current_wages,head age 45-54,4.4601,0.2211,1234,"annualized current employee DC contributions / annualized current main-job pay, all R+spouse employees (self-employed/no-pay plan holders excluded from both)"
2016,agg_dc_employer_pct_of_current_wages,head age 45-54,3.3362,0.2793,1234,"annualized current employer DC contributions / annualized current main-job pay, all R+spouse employees"
2016,agg_dc_total_pct_of_current_wages,head age 45-54,7.7962,0.4149,1234,"employee + employer / annualized current main-job pay, all R+spouse employees"
2016,pct_families_contributing_ira_prior_year,head age 45-54,11.6406,0.9227,1234,any family member contributed to an IRA in 2015 (X6791/X6793/X6795; excludes rollovers)
2016,pct_ira_holders_contributing_prior_year,head age 45-54,39.0352,2.2903,473,among families with IRA/Keogh balance > 0 at interview
2016,pct_families_contributing_dc_or_ira,head age 45-54,47.3556,1.0002,1234,DC (current) or IRA (prior calendar year)
2016,pct_families_contributing_dc_and_ira,head age 45-54,6.4158,0.6360,1234,both
2016,median_ira_contribution_dollars_if_any,head age 45-54,5000.0000,283.6402,192,"nominal 2015 dollars, family total"
2016,agg_ira_contrib_pct_of_wageinc,head age 45-54,0.6749,0.0607,1234,"IRA contributions 2015 / family wage & salary income 2015 (X5702), all families"
2016,agg_dc_ee_pct_of_wageinc,head age 45-54,4.8436,0.2529,1234,annualized current employee DC contributions / prior-year family wage income (X5702)
2016,agg_dc_total_plus_ira_pct_of_wageinc,head age 45-54,8.9333,0.4444,1234,"DC employee+employer (current, annualized) + IRA (prior year) / prior-year wage income"
2016,pct_families_with_dc_plan_current_job,head age 55-64,36.5382,1.0031,1446,"R or spouse has account-type plan at current job (pension grid; DCPLANCJ-style, excl. plans already paying benefits)"
2016,pct_families_contributing_dc_current_job,head age 55-64,30.8461,1.0201,1446,R or spouse currently makes employee contributions to a current-job account-type plan
2016,pct_takeup_families_with_dc_plan,head age 55-64,84.4215,1.6436,593,among families with a current-job account-type plan
2016,agg_dc_employee_pct_of_current_wages,head age 55-64,4.3986,0.3269,1446,"annualized current employee DC contributions / annualized current main-job pay, all R+spouse employees (self-employed/no-pay plan holders excluded from both)"
2016,agg_dc_employer_pct_of_current_wages,head age 55-64,2.6489,0.1967,1446,"annualized current employer DC contributions / annualized current main-job pay, all R+spouse employees"
2016,agg_dc_total_pct_of_current_wages,head age 55-64,7.0476,0.4824,1446,"employee + employer / annualized current main-job pay, all R+spouse employees"
2016,pct_families_contributing_ira_prior_year,head age 55-64,12.4984,0.8100,1446,any family member contributed to an IRA in 2015 (X6791/X6793/X6795; excludes rollovers)
2016,pct_ira_holders_contributing_prior_year,head age 55-64,33.1027,1.8629,715,among families with IRA/Keogh balance > 0 at interview
2016,pct_families_contributing_dc_or_ira,head age 55-64,38.6385,1.1322,1446,DC (current) or IRA (prior calendar year)
2016,pct_families_contributing_dc_and_ira,head age 55-64,4.7060,0.4786,1446,both
2016,median_ira_contribution_dollars_if_any,head age 55-64,6000.0000,356.2043,239,"nominal 2015 dollars, family total"
2016,agg_ira_contrib_pct_of_wageinc,head age 55-64,1.0290,0.1041,1446,"IRA contributions 2015 / family wage & salary income 2015 (X5702), all families"
2016,agg_dc_ee_pct_of_wageinc,head age 55-64,4.2650,0.3104,1446,annualized current employee DC contributions / prior-year family wage income (X5702)
2016,agg_dc_total_plus_ira_pct_of_wageinc,head age 55-64,7.7920,0.4907,1446,"DC employee+employer (current, annualized) + IRA (prior year) / prior-year wage income"
2016,pct_families_with_dc_plan_current_job,income quartile 1,5.4552,0.4615,1282,"R or spouse has account-type plan at current job (pension grid; DCPLANCJ-style, excl. plans already paying benefits)"
2016,pct_families_contributing_dc_current_job,income quartile 1,4.2248,0.4193,1282,R or spouse currently makes employee contributions to a current-job account-type plan
2016,pct_takeup_families_with_dc_plan,income quartile 1,77.4458,3.7238,81,among families with a current-job account-type plan
2016,agg_dc_employee_pct_of_current_wages,income quartile 1,0.7586,0.0983,1282,"annualized current employee DC contributions / annualized current main-job pay, all R+spouse employees (self-employed/no-pay plan holders excluded from both)"
2016,agg_dc_employer_pct_of_current_wages,income quartile 1,0.7065,0.0737,1282,"annualized current employer DC contributions / annualized current main-job pay, all R+spouse employees"
2016,agg_dc_total_pct_of_current_wages,income quartile 1,1.4651,0.1535,1282,"employee + employer / annualized current main-job pay, all R+spouse employees"
2016,pct_families_contributing_ira_prior_year,income quartile 1,0.9079,0.1887,1282,any family member contributed to an IRA in 2015 (X6791/X6793/X6795; excludes rollovers)
2016,pct_ira_holders_contributing_prior_year,income quartile 1,11.3965,2.2713,115,among families with IRA/Keogh balance > 0 at interview
2016,pct_families_contributing_dc_or_ira,income quartile 1,5.0166,0.4507,1282,DC (current) or IRA (prior calendar year)
2016,pct_families_contributing_dc_and_ira,income quartile 1,0.1161,0.1062,1282,both
2016,median_ira_contribution_dollars_if_any,income quartile 1,1800.0000,2259.8300,15,"nominal 2015 dollars, family total"
2016,agg_ira_contrib_pct_of_wageinc,income quartile 1,0.5156,0.1615,1282,"IRA contributions 2015 / family wage & salary income 2015 (X5702), all families"
2016,agg_dc_ee_pct_of_wageinc,income quartile 1,1.0538,0.1398,1282,annualized current employee DC contributions / prior-year family wage income (X5702)
2016,agg_dc_total_plus_ira_pct_of_wageinc,income quartile 1,2.5549,0.2773,1282,"DC employee+employer (current, annualized) + IRA (prior year) / prior-year wage income"
2016,pct_families_with_dc_plan_current_job,income quartile 2,22.5013,0.8831,1274,"R or spouse has account-type plan at current job (pension grid; DCPLANCJ-style, excl. plans already paying benefits)"
2016,pct_families_contributing_dc_current_job,income quartile 2,19.3277,0.8775,1274,R or spouse currently makes employee contributions to a current-job account-type plan
2016,pct_takeup_families_with_dc_plan,income quartile 2,85.8960,1.4546,294,among families with a current-job account-type plan
2016,agg_dc_employee_pct_of_current_wages,income quartile 2,1.5518,0.0863,1274,"annualized current employee DC contributions / annualized current main-job pay, all R+spouse employees (self-employed/no-pay plan holders excluded from both)"
2016,agg_dc_employer_pct_of_current_wages,income quartile 2,1.3387,0.0763,1274,"annualized current employer DC contributions / annualized current main-job pay, all R+spouse employees"
2016,agg_dc_total_pct_of_current_wages,income quartile 2,2.8905,0.1462,1274,"employee + employer / annualized current main-job pay, all R+spouse employees"
2016,pct_families_contributing_ira_prior_year,income quartile 2,4.3831,0.4371,1274,any family member contributed to an IRA in 2015 (X6791/X6793/X6795; excludes rollovers)
2016,pct_ira_holders_contributing_prior_year,income quartile 2,23.3756,2.3199,241,among families with IRA/Keogh balance > 0 at interview
2016,pct_families_contributing_dc_or_ira,income quartile 2,22.6558,0.9380,1274,DC (current) or IRA (prior calendar year)
2016,pct_families_contributing_dc_and_ira,income quartile 2,1.0550,0.1972,1274,both
2016,median_ira_contribution_dollars_if_any,income quartile 2,2000.0000,339.3819,59,"nominal 2015 dollars, family total"
2016,agg_ira_contrib_pct_of_wageinc,income quartile 2,0.5879,0.0952,1274,"IRA contributions 2015 / family wage & salary income 2015 (X5702), all families"
2016,agg_dc_ee_pct_of_wageinc,income quartile 2,1.7164,0.0953,1274,annualized current employee DC contributions / prior-year family wage income (X5702)
2016,agg_dc_total_plus_ira_pct_of_wageinc,income quartile 2,3.7669,0.2011,1274,"DC employee+employer (current, annualized) + IRA (prior year) / prior-year wage income"
2016,pct_families_with_dc_plan_current_job,income quartile 3,43.6829,1.2180,1313,"R or spouse has account-type plan at current job (pension grid; DCPLANCJ-style, excl. plans already paying benefits)"
2016,pct_families_contributing_dc_current_job,income quartile 3,39.9366,1.2529,1313,R or spouse currently makes employee contributions to a current-job account-type plan
2016,pct_takeup_families_with_dc_plan,income quartile 3,91.4239,1.1098,570,among families with a current-job account-type plan
2016,agg_dc_employee_pct_of_current_wages,income quartile 3,3.0642,0.1025,1313,"annualized current employee DC contributions / annualized current main-job pay, all R+spouse employees (self-employed/no-pay plan holders excluded from both)"
2016,agg_dc_employer_pct_of_current_wages,income quartile 3,2.1998,0.0740,1313,"annualized current employer DC contributions / annualized current main-job pay, all R+spouse employees"
2016,agg_dc_total_pct_of_current_wages,income quartile 3,5.2640,0.1466,1313,"employee + employer / annualized current main-job pay, all R+spouse employees"
2016,pct_families_contributing_ira_prior_year,income quartile 3,10.0716,0.6858,1313,any family member contributed to an IRA in 2015 (X6791/X6793/X6795; excludes rollovers)
2016,pct_ira_holders_contributing_prior_year,income quartile 3,29.4553,1.7013,467,among families with IRA/Keogh balance > 0 at interview
2016,pct_families_contributing_dc_or_ira,income quartile 3,45.7759,1.2775,1313,DC (current) or IRA (prior calendar year)
2016,pct_families_contributing_dc_and_ira,income quartile 3,4.2323,0.3916,1313,both
2016,median_ira_contribution_dollars_if_any,income quartile 3,3600.0000,395.7233,146,"nominal 2015 dollars, family total"
2016,agg_ira_contrib_pct_of_wageinc,income quartile 3,0.8102,0.0659,1313,"IRA contributions 2015 / family wage & salary income 2015 (X5702), all families"
2016,agg_dc_ee_pct_of_wageinc,income quartile 3,3.2043,0.1185,1313,annualized current employee DC contributions / prior-year family wage income (X5702)
2016,agg_dc_total_plus_ira_pct_of_wageinc,income quartile 3,6.3164,0.1833,1313,"DC employee+employer (current, annualized) + IRA (prior year) / prior-year wage income"
2016,pct_families_with_dc_plan_current_job,income quartile 4,57.1956,1.0465,2379,"R or spouse has account-type plan at current job (pension grid; DCPLANCJ-style, excl. plans already paying benefits)"
2016,pct_families_contributing_dc_current_job,income quartile 4,51.1541,1.0509,2379,R or spouse currently makes employee contributions to a current-job account-type plan
2016,pct_takeup_families_with_dc_plan,income quartile 4,89.4371,0.9471,1231,among families with a current-job account-type plan
2016,agg_dc_employee_pct_of_current_wages,income quartile 4,4.9613,0.2116,2379,"annualized current employee DC contributions / annualized current main-job pay, all R+spouse employees (self-employed/no-pay plan holders excluded from both)"
2016,agg_dc_employer_pct_of_current_wages,income quartile 4,3.1883,0.1753,2379,"annualized current employer DC contributions / annualized current main-job pay, all R+spouse employees"
2016,agg_dc_total_pct_of_current_wages,income quartile 4,8.1496,0.3273,2379,"employee + employer / annualized current main-job pay, all R+spouse employees"
2016,pct_families_contributing_ira_prior_year,income quartile 4,20.4890,1.1154,2379,any family member contributed to an IRA in 2015 (X6791/X6793/X6795; excludes rollovers)
2016,pct_ira_holders_contributing_prior_year,income quartile 4,34.8452,1.5376,1572,among families with IRA/Keogh balance > 0 at interview
2016,pct_families_contributing_dc_or_ira,income quartile 4,61.3530,1.0739,2379,DC (current) or IRA (prior calendar year)
2016,pct_families_contributing_dc_and_ira,income quartile 4,10.2902,0.7213,2379,both
2016,median_ira_contribution_dollars_if_any,income quartile 4,5500.0000,169.4491,527,"nominal 2015 dollars, family total"
2016,agg_ira_contrib_pct_of_wageinc,income quartile 4,0.8389,0.0669,2379,"IRA contributions 2015 / family wage & salary income 2015 (X5702), all families"
2016,agg_dc_ee_pct_of_wageinc,income quartile 4,4.7844,0.2170,2379,annualized current employee DC contributions / prior-year family wage income (X5702)
2016,agg_dc_total_plus_ira_pct_of_wageinc,income quartile 4,8.6004,0.3563,2379,"DC employee+employer (current, annualized) + IRA (prior year) / prior-year wage income"
2016,agg_dc_employee_pct_of_covered_pay,all families,6.9242,0.2142,2176,contributions / annualized pay of R+spouse who have a current-job account plan (families with a plan)
2016,agg_dc_employer_pct_of_covered_pay,all families,4.6190,0.1773,2176,contributions / annualized pay of R+spouse who have a current-job account plan (families with a plan)
2016,agg_dc_total_pct_of_covered_pay,all families,11.5432,0.3205,2176,contributions / annualized pay of R+spouse who have a current-job account plan (families with a plan)
2016,agg_dc_employee_pct_of_covered_pay,"working-age families (head 25-64, working)",6.7693,0.2304,1865,contributions / annualized pay of R+spouse who have a current-job account plan (families with a plan)
2016,agg_dc_employer_pct_of_covered_pay,"working-age families (head 25-64, working)",4.5788,0.1854,1865,contributions / annualized pay of R+spouse who have a current-job account plan (families with a plan)
2016,agg_dc_total_pct_of_covered_pay,"working-age families (head 25-64, working)",11.3481,0.3457,1865,contributions / annualized pay of R+spouse who have a current-job account plan (families with a plan)
2016,agg_dc_employee_pct_of_covered_pay,head age 25-34,5.9674,0.2978,296,contributions / annualized pay of R+spouse who have a current-job account plan (families with a plan)
2016,agg_dc_employer_pct_of_covered_pay,head age 25-34,3.9878,0.1840,296,contributions / annualized pay of R+spouse who have a current-job account plan (families with a plan)
2016,agg_dc_total_pct_of_covered_pay,head age 25-34,9.9552,0.4201,296,contributions / annualized pay of R+spouse who have a current-job account plan (families with a plan)
2016,agg_dc_employee_pct_of_covered_pay,head age 35-44,6.4332,0.3811,466,contributions / annualized pay of R+spouse who have a current-job account plan (families with a plan)
2016,agg_dc_employer_pct_of_covered_pay,head age 35-44,4.2128,0.2683,466,contributions / annualized pay of R+spouse who have a current-job account plan (families with a plan)
2016,agg_dc_total_pct_of_covered_pay,head age 35-44,10.6459,0.5092,466,contributions / annualized pay of R+spouse who have a current-job account plan (families with a plan)
2016,agg_dc_employee_pct_of_covered_pay,head age 45-54,7.2674,0.3372,585,contributions / annualized pay of R+spouse who have a current-job account plan (families with a plan)
2016,agg_dc_employer_pct_of_covered_pay,head age 45-54,5.4360,0.4280,585,contributions / annualized pay of R+spouse who have a current-job account plan (families with a plan)
2016,agg_dc_total_pct_of_covered_pay,head age 45-54,12.7034,0.6114,585,contributions / annualized pay of R+spouse who have a current-job account plan (families with a plan)
2016,agg_dc_employee_pct_of_covered_pay,head age 55-64,7.0554,0.5494,593,contributions / annualized pay of R+spouse who have a current-job account plan (families with a plan)
2016,agg_dc_employer_pct_of_covered_pay,head age 55-64,4.2489,0.3148,593,contributions / annualized pay of R+spouse who have a current-job account plan (families with a plan)
2016,agg_dc_total_pct_of_covered_pay,head age 55-64,11.3043,0.8001,593,contributions / annualized pay of R+spouse who have a current-job account plan (families with a plan)
2016,agg_dc_employee_pct_of_covered_pay,income quartile 1,4.2436,0.4040,81,contributions / annualized pay of R+spouse who have a current-job account plan (families with a plan)
2016,agg_dc_employer_pct_of_covered_pay,income quartile 1,3.9518,0.3701,81,contributions / annualized pay of R+spouse who have a current-job account plan (families with a plan)
2016,agg_dc_total_pct_of_covered_pay,income quartile 1,8.1954,0.6368,81,contributions / annualized pay of R+spouse who have a current-job account plan (families with a plan)
2016,agg_dc_employee_pct_of_covered_pay,income quartile 2,4.5819,0.1964,294,contributions / annualized pay of R+spouse who have a current-job account plan (families with a plan)
2016,agg_dc_employer_pct_of_covered_pay,income quartile 2,3.9529,0.1676,294,contributions / annualized pay of R+spouse who have a current-job account plan (families with a plan)
2016,agg_dc_total_pct_of_covered_pay,income quartile 2,8.5348,0.2966,294,contributions / annualized pay of R+spouse who have a current-job account plan (families with a plan)
2016,agg_dc_employee_pct_of_covered_pay,income quartile 3,6.0173,0.1578,570,contributions / annualized pay of R+spouse who have a current-job account plan (families with a plan)
2016,agg_dc_employer_pct_of_covered_pay,income quartile 3,4.3199,0.1252,570,contributions / annualized pay of R+spouse who have a current-job account plan (families with a plan)
2016,agg_dc_total_pct_of_covered_pay,income quartile 3,10.3372,0.2092,570,contributions / annualized pay of R+spouse who have a current-job account plan (families with a plan)
2016,agg_dc_employee_pct_of_covered_pay,income quartile 4,7.4234,0.3004,1231,contributions / annualized pay of R+spouse who have a current-job account plan (families with a plan)
2016,agg_dc_employer_pct_of_covered_pay,income quartile 4,4.7705,0.2466,1231,contributions / annualized pay of R+spouse who have a current-job account plan (families with a plan)
2016,agg_dc_total_pct_of_covered_pay,income quartile 4,12.1940,0.4494,1231,contributions / annualized pay of R+spouse who have a current-job account plan (families with a plan)
2016,pct_takeup_workers_with_dc_plan,"workers with current-job account plan, all ages",88.3440,0.5764,2599,person currently contributes / person has current-job account-type plan
2016,median_employee_pct_of_pay,"workers with current-job account plan, all ages",6.0000,0.0316,2256,sum over the person's current-job account plans; contributors only
2016,mean_employee_pct_of_pay,"workers with current-job account plan, all ages",7.2389,0.1022,2256,contributors only
2016,median_employer_pct_of_pay,"workers with current-job account plan, all ages",4.0000,0.5001,2262,employee contributors; 0 where employer does not contribute
2016,mean_employer_pct_of_pay,"workers with current-job account plan, all ages",4.2882,0.0774,2262,employee contributors; 0 where employer does not contribute
2016,median_employer_pct_of_pay_if_employer_contributes,"workers with current-job account plan, all ages",4.0000,0.0000,1873,employee contributors with employer contribution > 0
2016,median_total_pct_of_pay,"workers with current-job account plan, all ages",10.0000,0.0000,2245,employee + employer; employee contributors
2016,mean_total_pct_of_pay,"workers with current-job account plan, all ages",11.5010,0.1370,2245,employee + employer; employee contributors
2016,mean_employee_pct_of_pay_capped25,"workers with current-job account plan, all ages",7.0644,0.0947,2256,contributors; each person's rate capped at 25% of pay
2016,mean_employer_pct_of_pay_capped25,"workers with current-job account plan, all ages",4.1897,0.0653,2262,employee contributors; employer rate capped at 25%
2016,mean_total_pct_of_pay_capped25,"workers with current-job account plan, all ages",11.2520,0.1269,2245,"employee + employer, each capped at 25%"
2016,pct_contributors_with_employer_contribution,"workers with current-job account plan, all ages",84.9226,0.6411,2262,employee contributors whose employer also contributes
2016,pct_takeup_workers_with_dc_plan,"workers with current-job account plan, age 25-64",88.4360,0.6194,2393,person currently contributes / person has current-job account-type plan
2016,median_employee_pct_of_pay,"workers with current-job account plan, age 25-64",6.0000,0.0000,2092,sum over the person's current-job account plans; contributors only
2016,mean_employee_pct_of_pay,"workers with current-job account plan, age 25-64",7.2546,0.1088,2092,contributors only
2016,median_employer_pct_of_pay,"workers with current-job account plan, age 25-64",4.0000,0.4550,2096,employee contributors; 0 where employer does not contribute
2016,mean_employer_pct_of_pay,"workers with current-job account plan, age 25-64",4.2799,0.0793,2096,employee contributors; 0 where employer does not contribute
2016,median_employer_pct_of_pay_if_employer_contributes,"workers with current-job account plan, age 25-64",4.0000,0.0000,1739,employee contributors with employer contribution > 0
2016,median_total_pct_of_pay,"workers with current-job account plan, age 25-64",10.0000,0.0000,2084,employee + employer; employee contributors
2016,mean_total_pct_of_pay,"workers with current-job account plan, age 25-64",11.5472,0.1508,2084,employee + employer; employee contributors
2016,mean_employee_pct_of_pay_capped25,"workers with current-job account plan, age 25-64",7.0752,0.0984,2092,contributors; each person's rate capped at 25% of pay
2016,mean_employer_pct_of_pay_capped25,"workers with current-job account plan, age 25-64",4.2012,0.0701,2096,employee contributors; employer rate capped at 25%
2016,mean_total_pct_of_pay_capped25,"workers with current-job account plan, age 25-64",11.2880,0.1345,2084,"employee + employer, each capped at 25%"
2016,pct_contributors_with_employer_contribution,"workers with current-job account plan, age 25-64",84.9764,0.6393,2096,employee contributors whose employer also contributes
2016,pct_takeup_workers_with_dc_plan,worker age 25-34,89.5769,1.2051,392,person currently contributes / person has current-job account-type plan
2016,median_employee_pct_of_pay,worker age 25-34,5.0000,0.4959,350,sum over the person's current-job account plans; contributors only
2016,mean_employee_pct_of_pay,worker age 25-34,6.2713,0.2110,350,contributors only
2016,median_employer_pct_of_pay,worker age 25-34,3.0000,0.5925,352,employee contributors; 0 where employer does not contribute
2016,mean_employer_pct_of_pay,worker age 25-34,3.9866,0.1384,352,employee contributors; 0 where employer does not contribute
2016,median_employer_pct_of_pay_if_employer_contributes,worker age 25-34,4.0000,0.0835,301,employee contributors with employer contribution > 0
2016,median_total_pct_of_pay,worker age 25-34,9.0000,0.7851,349,employee + employer; employee contributors
2016,mean_total_pct_of_pay,worker age 25-34,10.2410,0.2834,349,employee + employer; employee contributors
2016,mean_employee_pct_of_pay_capped25,worker age 25-34,6.2230,0.2026,350,contributors; each person's rate capped at 25% of pay
2016,mean_employer_pct_of_pay_capped25,worker age 25-34,3.9756,0.1368,352,employee contributors; employer rate capped at 25%
2016,mean_total_pct_of_pay_capped25,worker age 25-34,10.1815,0.2771,349,"employee + employer, each capped at 25%"
2016,pct_contributors_with_employer_contribution,worker age 25-34,85.9777,1.3263,352,employee contributors whose employer also contributes
2016,pct_takeup_workers_with_dc_plan,worker age 35-44,90.3045,1.0769,594,person currently contributes / person has current-job account-type plan
2016,median_employee_pct_of_pay,worker age 35-44,5.0000,0.6369,530,sum over the person's current-job account plans; contributors only
2016,mean_employee_pct_of_pay,worker age 35-44,6.9958,0.2626,530,contributors only
2016,median_employer_pct_of_pay,worker age 35-44,3.0000,0.4518,532,employee contributors; 0 where employer does not contribute
2016,mean_employer_pct_of_pay,worker age 35-44,4.1795,0.1720,532,employee contributors; 0 where employer does not contribute
2016,median_employer_pct_of_pay_if_employer_contributes,worker age 35-44,4.0000,0.0996,446,employee contributors with employer contribution > 0
2016,median_total_pct_of_pay,worker age 35-44,10.0000,0.1622,529,employee + employer; employee contributors
2016,mean_total_pct_of_pay,worker age 35-44,11.1851,0.3603,529,employee + employer; employee contributors
2016,mean_employee_pct_of_pay_capped25,worker age 35-44,6.7213,0.2206,530,contributors; each person's rate capped at 25% of pay
2016,mean_employer_pct_of_pay_capped25,worker age 35-44,4.0803,0.1459,532,employee contributors; employer rate capped at 25%
2016,mean_total_pct_of_pay_capped25,worker age 35-44,10.8103,0.2882,529,"employee + employer, each capped at 25%"
2016,pct_contributors_with_employer_contribution,worker age 35-44,84.9016,1.4516,532,employee contributors whose employer also contributes
2016,pct_takeup_workers_with_dc_plan,worker age 45-54,88.9638,1.0208,718,person currently contributes / person has current-job account-type plan
2016,median_employee_pct_of_pay,worker age 45-54,6.0000,0.1256,635,sum over the person's current-job account plans; contributors only
2016,mean_employee_pct_of_pay,worker age 45-54,7.6022,0.2252,635,contributors only
2016,median_employer_pct_of_pay,worker age 45-54,4.0000,0.0316,631,employee contributors; 0 where employer does not contribute
2016,mean_employer_pct_of_pay,worker age 45-54,4.5193,0.1367,631,employee contributors; 0 where employer does not contribute
2016,median_employer_pct_of_pay_if_employer_contributes,worker age 45-54,5.0000,0.7811,524,employee contributors with employer contribution > 0
2016,median_total_pct_of_pay,worker age 45-54,10.0000,0.7310,630,employee + employer; employee contributors
2016,mean_total_pct_of_pay,worker age 45-54,12.1367,0.2763,630,employee + employer; employee contributors
2016,mean_employee_pct_of_pay_capped25,worker age 45-54,7.4694,0.1810,635,contributors; each person's rate capped at 25% of pay
2016,mean_employer_pct_of_pay_capped25,worker age 45-54,4.4617,0.1204,631,employee contributors; employer rate capped at 25%
2016,mean_total_pct_of_pay_capped25,worker age 45-54,11.9457,0.2346,630,"employee + employer, each capped at 25%"
2016,pct_contributors_with_employer_contribution,worker age 45-54,85.3022,1.4815,631,employee contributors whose employer also contributes
2016,pct_takeup_workers_with_dc_plan,worker age 55-64,84.5195,1.4338,689,person currently contributes / person has current-job account-type plan
2016,median_employee_pct_of_pay,worker age 55-64,6.0000,0.4304,577,sum over the person's current-job account plans; contributors only
2016,mean_employee_pct_of_pay,worker age 55-64,8.1013,0.2405,577,contributors only
2016,median_employer_pct_of_pay,worker age 55-64,3.0000,0.6997,581,employee contributors; 0 where employer does not contribute
2016,mean_employer_pct_of_pay,worker age 55-64,4.3875,0.2080,581,employee contributors; 0 where employer does not contribute
2016,median_employer_pct_of_pay_if_employer_contributes,worker age 55-64,4.0000,0.3463,468,employee contributors with employer contribution > 0
2016,median_total_pct_of_pay,worker age 55-64,11.0000,1.0541,576,employee + employer; employee contributors
2016,mean_total_pct_of_pay,worker age 55-64,12.5305,0.3645,576,employee + employer; employee contributors
2016,mean_employee_pct_of_pay_capped25,worker age 55-64,7.8504,0.2209,577,contributors; each person's rate capped at 25% of pay
2016,mean_employer_pct_of_pay_capped25,worker age 55-64,4.2398,0.1573,581,employee contributors; employer rate capped at 25%
2016,mean_total_pct_of_pay_capped25,worker age 55-64,12.1301,0.3185,576,"employee + employer, each capped at 25%"
2016,pct_contributors_with_employer_contribution,worker age 55-64,83.6523,1.5671,581,employee contributors whose employer also contributes
2016,pct_takeup_workers_with_dc_plan,family income quartile 1,77.4263,3.6956,84,person currently contributes / person has current-job account-type plan
2016,median_employee_pct_of_pay,family income quartile 1,5.0000,0.6722,60,sum over the person's current-job account plans; contributors only
2016,mean_employee_pct_of_pay,family income quartile 1,5.2058,0.4757,60,contributors only
2016,median_employer_pct_of_pay,family income quartile 1,3.0000,0.8513,60,employee contributors; 0 where employer does not contribute
2016,mean_employer_pct_of_pay,family income quartile 1,4.2604,0.4563,60,employee contributors; 0 where employer does not contribute
2016,median_employer_pct_of_pay_if_employer_contributes,family income quartile 1,5.0000,0.7644,51,employee contributors with employer contribution > 0
2016,median_total_pct_of_pay,family income quartile 1,9.0000,1.3544,59,employee + employer; employee contributors
2016,mean_total_pct_of_pay,family income quartile 1,9.5999,0.7633,59,employee + employer; employee contributors
2016,mean_employee_pct_of_pay_capped25,family income quartile 1,5.1986,0.4768,60,contributors; each person's rate capped at 25% of pay
2016,mean_employer_pct_of_pay_capped25,family income quartile 1,4.2604,0.4563,60,employee contributors; employer rate capped at 25%
2016,mean_total_pct_of_pay_capped25,family income quartile 1,9.5925,0.7666,59,"employee + employer, each capped at 25%"
2016,pct_contributors_with_employer_contribution,family income quartile 1,82.5656,4.5346,60,employee contributors whose employer also contributes
2016,pct_takeup_workers_with_dc_plan,family income quartile 2,85.5717,1.4746,301,person currently contributes / person has current-job account-type plan
2016,median_employee_pct_of_pay,family income quartile 2,5.0000,0.7038,255,sum over the person's current-job account plans; contributors only
2016,mean_employee_pct_of_pay,family income quartile 2,5.4092,0.2117,255,contributors only
2016,median_employer_pct_of_pay,family income quartile 2,3.0000,0.0316,254,employee contributors; 0 where employer does not contribute
2016,mean_employer_pct_of_pay,family income quartile 2,3.8687,0.1515,254,employee contributors; 0 where employer does not contribute
2016,median_employer_pct_of_pay_if_employer_contributes,family income quartile 2,3.0000,0.3029,226,employee contributors with employer contribution > 0
2016,median_total_pct_of_pay,family income quartile 2,8.0000,0.4047,254,employee + employer; employee contributors
2016,mean_total_pct_of_pay,family income quartile 2,9.2886,0.3169,254,employee + employer; employee contributors
2016,mean_employee_pct_of_pay_capped25,family income quartile 2,5.3416,0.2015,255,contributors; each person's rate capped at 25% of pay
2016,mean_employer_pct_of_pay_capped25,family income quartile 2,3.8687,0.1515,254,employee contributors; employer rate capped at 25%
2016,mean_total_pct_of_pay_capped25,family income quartile 2,9.2209,0.3107,254,"employee + employer, each capped at 25%"
2016,pct_contributors_with_employer_contribution,family income quartile 2,89.4842,1.6968,254,employee contributors whose employer also contributes
2016,pct_takeup_workers_with_dc_plan,family income quartile 3,90.6680,1.0538,660,person currently contributes / person has current-job account-type plan
2016,median_employee_pct_of_pay,family income quartile 3,5.0000,0.7812,597,sum over the person's current-job account plans; contributors only
2016,mean_employee_pct_of_pay,family income quartile 3,6.5271,0.1404,597,contributors only
2016,median_employer_pct_of_pay,family income quartile 3,4.0000,0.4925,597,employee contributors; 0 where employer does not contribute
2016,mean_employer_pct_of_pay,family income quartile 3,4.1768,0.1165,597,employee contributors; 0 where employer does not contribute
2016,median_employer_pct_of_pay_if_employer_contributes,family income quartile 3,4.0000,0.0996,511,employee contributors with employer contribution > 0
2016,median_total_pct_of_pay,family income quartile 3,10.0000,0.1044,594,employee + employer; employee contributors
2016,mean_total_pct_of_pay,family income quartile 3,10.6798,0.2013,594,employee + employer; employee contributors
2016,mean_employee_pct_of_pay_capped25,family income quartile 3,6.4869,0.1349,597,contributors; each person's rate capped at 25% of pay
2016,mean_employer_pct_of_pay_capped25,family income quartile 3,4.1768,0.1165,597,employee contributors; employer rate capped at 25%
2016,mean_total_pct_of_pay_capped25,family income quartile 3,10.6394,0.1980,594,"employee + employer, each capped at 25%"
2016,pct_contributors_with_employer_contribution,family income quartile 3,85.3581,1.2568,597,employee contributors whose employer also contributes
2016,pct_takeup_workers_with_dc_plan,family income quartile 4,88.4450,0.8357,1554,person currently contributes / person has current-job account-type plan
2016,median_employee_pct_of_pay,family income quartile 4,7.0000,0.4380,1344,sum over the person's current-job account plans; contributors only
2016,mean_employee_pct_of_pay,family income quartile 4,8.4186,0.1910,1344,contributors only
2016,median_employer_pct_of_pay,family income quartile 4,4.0000,0.2791,1351,employee contributors; 0 where employer does not contribute
2016,mean_employer_pct_of_pay,family income quartile 4,4.4925,0.1381,1351,employee contributors; 0 where employer does not contribute
2016,median_employer_pct_of_pay_if_employer_contributes,family income quartile 4,4.0000,0.6822,1085,employee contributors with employer contribution > 0
2016,median_total_pct_of_pay,family income quartile 4,12.0000,0.8280,1338,employee + employer; employee contributors
2016,mean_total_pct_of_pay,family income quartile 4,12.8571,0.2581,1338,employee + employer; employee contributors
2016,mean_employee_pct_of_pay_capped25,family income quartile 4,8.1076,0.1646,1344,contributors; each person's rate capped at 25% of pay
2016,mean_employer_pct_of_pay_capped25,family income quartile 4,4.2903,0.1143,1351,employee contributors; employer rate capped at 25%
2016,mean_total_pct_of_pay_capped25,family income quartile 4,12.3937,0.2319,1338,"employee + employer, each capped at 25%"
2016,pct_contributors_with_employer_contribution,family income quartile 4,83.4059,1.0797,1351,employee contributors whose employer also contributes
2016,pct_takeup_eligible_workers_broad,"workers with plan or eligible, all ages",72.3516,0.6930,3068,"contributors / (has current-job account plan + eligible non-participant offered an account-type plan, X4137 & X6708-12)"
2016,pct_eligible_nonparticipants_of_eligible,"workers with plan or eligible, all ages",18.1025,0.6254,3068,eligible for an offered account-type plan but not included in any plan
2016,pct_takeup_eligible_workers_broad,"workers with plan or eligible, age 25-64",73.5940,0.7298,2805,"contributors / (has current-job account plan + eligible non-participant offered an account-type plan, X4137 & X6708-12)"
2016,pct_eligible_nonparticipants_of_eligible,"workers with plan or eligible, age 25-64",16.7828,0.6227,2805,eligible for an offered account-type plan but not included in any plan
2016,pct_takeup_eligible_workers_broad,worker age 25-34,68.0107,1.4205,521,"contributors / (has current-job account plan + eligible non-participant offered an account-type plan, X4137 & X6708-12)"
2016,pct_eligible_nonparticipants_of_eligible,worker age 25-34,24.0756,1.3741,521,eligible for an offered account-type plan but not included in any plan
2016,pct_takeup_eligible_workers_broad,worker age 35-44,74.9539,1.2484,706,"contributors / (has current-job account plan + eligible non-participant offered an account-type plan, X4137 & X6708-12)"
2016,pct_eligible_nonparticipants_of_eligible,worker age 35-44,16.9987,1.1343,706,eligible for an offered account-type plan but not included in any plan
2016,pct_takeup_eligible_workers_broad,worker age 45-54,74.2197,1.3363,836,"contributors / (has current-job account plan + eligible non-participant offered an account-type plan, X4137 & X6708-12)"
2016,pct_eligible_nonparticipants_of_eligible,worker age 45-54,16.5732,1.2232,836,eligible for an offered account-type plan but not included in any plan
2016,pct_takeup_eligible_workers_broad,worker age 55-64,77.2934,1.5751,742,"contributors / (has current-job account plan + eligible non-participant offered an account-type plan, X4137 & X6708-12)"
2016,pct_eligible_nonparticipants_of_eligible,worker age 55-64,8.5496,1.0151,742,eligible for an offered account-type plan but not included in any plan
2016,pct_takeup_eligible_workers_broad,family income quartile 1,40.6502,3.1783,149,"contributors / (has current-job account plan + eligible non-participant offered an account-type plan, X4137 & X6708-12)"
2016,pct_eligible_nonparticipants_of_eligible,family income quartile 1,47.4982,3.2949,149,eligible for an offered account-type plan but not included in any plan
2016,pct_takeup_eligible_workers_broad,family income quartile 2,59.8070,1.7244,433,"contributors / (has current-job account plan + eligible non-participant offered an account-type plan, X4137 & X6708-12)"
2016,pct_eligible_nonparticipants_of_eligible,family income quartile 2,30.1090,1.5400,433,eligible for an offered account-type plan but not included in any plan
2016,pct_takeup_eligible_workers_broad,family income quartile 3,73.6544,1.3770,805,"contributors / (has current-job account plan + eligible non-participant offered an account-type plan, X4137 & X6708-12)"
2016,pct_eligible_nonparticipants_of_eligible,family income quartile 3,18.7647,1.0923,805,eligible for an offered account-type plan but not included in any plan
2016,pct_takeup_eligible_workers_broad,family income quartile 4,80.5223,1.0726,1681,"contributors / (has current-job account plan + eligible non-participant offered an account-type plan, X4137 & X6708-12)"
2016,pct_eligible_nonparticipants_of_eligible,family income quartile 4,8.9578,0.8808,1681,eligible for an offered account-type plan but not included in any plan
2019,pct_families_with_dc_plan_current_job,all families,32.9610,0.5034,5777,"R or spouse has account-type plan at current job (pension grid; DCPLANCJ-style, excl. plans already paying benefits)"
2019,pct_families_contributing_dc_current_job,all families,29.6623,0.4982,5777,R or spouse currently makes employee contributions to a current-job account-type plan
2019,pct_takeup_families_with_dc_plan,all families,89.9919,0.5690,2079,among families with a current-job account-type plan
2019,agg_dc_employee_pct_of_current_wages,all families,4.0291,0.1164,5777,"annualized current employee DC contributions / annualized current main-job pay, all R+spouse employees (self-employed/no-pay plan holders excluded from both)"
2019,agg_dc_employer_pct_of_current_wages,all families,2.7138,0.1169,5777,"annualized current employer DC contributions / annualized current main-job pay, all R+spouse employees"
2019,agg_dc_total_pct_of_current_wages,all families,6.7429,0.1658,5777,"employee + employer / annualized current main-job pay, all R+spouse employees"
2019,pct_families_contributing_ira_prior_year,all families,7.8100,0.2731,5777,any family member contributed to an IRA in 2018 (X6791/X6793/X6795; excludes rollovers)
2019,pct_ira_holders_contributing_prior_year,all families,30.6951,0.9845,2039,among families with IRA/Keogh balance > 0 at interview
2019,pct_families_contributing_dc_or_ira,all families,33.4842,0.5139,5777,DC (current) or IRA (prior calendar year)
2019,pct_families_contributing_dc_and_ira,all families,3.9881,0.2239,5777,both
2019,median_ira_contribution_dollars_if_any,all families,4200.0000,357.0204,602,"nominal 2018 dollars, family total"
2019,agg_ira_contrib_pct_of_wageinc,all families,0.5994,0.0268,5777,"IRA contributions 2018 / family wage & salary income 2018 (X5702), all families"
2019,agg_dc_ee_pct_of_wageinc,all families,4.2480,0.1303,5777,annualized current employee DC contributions / prior-year family wage income (X5702)
2019,agg_dc_total_plus_ira_pct_of_wageinc,all families,7.6274,0.1828,5777,"DC employee+employer (current, annualized) + IRA (prior year) / prior-year wage income"
2019,pct_families_with_dc_plan_current_job,"working-age families (head 25-64, working)",50.0556,0.8060,3422,"R or spouse has account-type plan at current job (pension grid; DCPLANCJ-style, excl. plans already paying benefits)"
2019,pct_families_contributing_dc_current_job,"working-age families (head 25-64, working)",45.5361,0.8211,3422,R or spouse currently makes employee contributions to a current-job account-type plan
2019,pct_takeup_families_with_dc_plan,"working-age families (head 25-64, working)",90.9710,0.6513,1751,among families with a current-job account-type plan
2019,agg_dc_employee_pct_of_current_wages,"working-age families (head 25-64, working)",4.1475,0.1300,3422,"annualized current employee DC contributions / annualized current main-job pay, all R+spouse employees (self-employed/no-pay plan holders excluded from both)"
2019,agg_dc_employer_pct_of_current_wages,"working-age families (head 25-64, working)",2.8319,0.1331,3422,"annualized current employer DC contributions / annualized current main-job pay, all R+spouse employees"
2019,agg_dc_total_pct_of_current_wages,"working-age families (head 25-64, working)",6.9793,0.1869,3422,"employee + employer / annualized current main-job pay, all R+spouse employees"
2019,pct_families_contributing_ira_prior_year,"working-age families (head 25-64, working)",10.2002,0.4162,3422,any family member contributed to an IRA in 2018 (X6791/X6793/X6795; excludes rollovers)
2019,pct_ira_holders_contributing_prior_year,"working-age families (head 25-64, working)",39.8148,1.3916,1174,among families with IRA/Keogh balance > 0 at interview
2019,pct_families_contributing_dc_or_ira,"working-age families (head 25-64, working)",49.7267,0.8007,3422,DC (current) or IRA (prior calendar year)
2019,pct_families_contributing_dc_and_ira,"working-age families (head 25-64, working)",6.0096,0.3618,3422,both
2019,median_ira_contribution_dollars_if_any,"working-age families (head 25-64, working)",4000.0000,261.5318,447,"nominal 2018 dollars, family total"
2019,agg_ira_contrib_pct_of_wageinc,"working-age families (head 25-64, working)",0.5278,0.0285,3422,"IRA contributions 2018 / family wage & salary income 2018 (X5702), all families"
2019,agg_dc_ee_pct_of_wageinc,"working-age families (head 25-64, working)",4.5407,0.1513,3422,annualized current employee DC contributions / prior-year family wage income (X5702)
2019,agg_dc_total_plus_ira_pct_of_wageinc,"working-age families (head 25-64, working)",8.0896,0.2109,3422,"DC employee+employer (current, annualized) + IRA (prior year) / prior-year wage income"
2019,pct_families_with_dc_plan_current_job,head age 25-34,44.5201,1.4216,674,"R or spouse has account-type plan at current job (pension grid; DCPLANCJ-style, excl. plans already paying benefits)"
2019,pct_families_contributing_dc_current_job,head age 25-34,41.3330,1.3941,674,R or spouse currently makes employee contributions to a current-job account-type plan
2019,pct_takeup_families_with_dc_plan,head age 25-34,92.8411,1.1335,282,among families with a current-job account-type plan
2019,agg_dc_employee_pct_of_current_wages,head age 25-34,2.9152,0.1849,674,"annualized current employee DC contributions / annualized current main-job pay, all R+spouse employees (self-employed/no-pay plan holders excluded from both)"
2019,agg_dc_employer_pct_of_current_wages,head age 25-34,2.2138,0.1443,674,"annualized current employer DC contributions / annualized current main-job pay, all R+spouse employees"
2019,agg_dc_total_pct_of_current_wages,head age 25-34,5.1290,0.3005,674,"employee + employer / annualized current main-job pay, all R+spouse employees"
2019,pct_families_contributing_ira_prior_year,head age 25-34,7.2129,0.6600,674,any family member contributed to an IRA in 2018 (X6791/X6793/X6795; excludes rollovers)
2019,pct_ira_holders_contributing_prior_year,head age 25-34,54.1027,4.1521,97,among families with IRA/Keogh balance > 0 at interview
2019,pct_families_contributing_dc_or_ira,head age 25-34,44.4920,1.4005,674,DC (current) or IRA (prior calendar year)
2019,pct_families_contributing_dc_and_ira,head age 25-34,4.0539,0.5821,674,both
2019,median_ira_contribution_dollars_if_any,head age 25-34,2500.0000,351.6851,55,"nominal 2018 dollars, family total"
2019,agg_ira_contrib_pct_of_wageinc,head age 25-34,0.3788,0.0431,674,"IRA contributions 2018 / family wage & salary income 2018 (X5702), all families"
2019,agg_dc_ee_pct_of_wageinc,head age 25-34,3.3102,0.2169,674,annualized current employee DC contributions / prior-year family wage income (X5702)
2019,agg_dc_total_plus_ira_pct_of_wageinc,head age 25-34,6.0844,0.3427,674,"DC employee+employer (current, annualized) + IRA (prior year) / prior-year wage income"
2019,pct_families_with_dc_plan_current_job,head age 35-44,45.7007,1.2129,945,"R or spouse has account-type plan at current job (pension grid; DCPLANCJ-style, excl. plans already paying benefits)"
2019,pct_families_contributing_dc_current_job,head age 35-44,41.9936,1.2302,945,R or spouse currently makes employee contributions to a current-job account-type plan
2019,pct_takeup_families_with_dc_plan,head age 35-44,91.8883,1.0533,436,among families with a current-job account-type plan
2019,agg_dc_employee_pct_of_current_wages,head age 35-44,3.9942,0.2084,945,"annualized current employee DC contributions / annualized current main-job pay, all R+spouse employees (self-employed/no-pay plan holders excluded from both)"
2019,agg_dc_employer_pct_of_current_wages,head age 35-44,2.7596,0.1251,945,"annualized current employer DC contributions / annualized current main-job pay, all R+spouse employees"
2019,agg_dc_total_pct_of_current_wages,head age 35-44,6.7537,0.2970,945,"employee + employer / annualized current main-job pay, all R+spouse employees"
2019,pct_families_contributing_ira_prior_year,head age 35-44,9.7057,0.8782,945,any family member contributed to an IRA in 2018 (X6791/X6793/X6795; excludes rollovers)
2019,pct_ira_holders_contributing_prior_year,head age 35-44,43.9288,2.8671,246,among families with IRA/Keogh balance > 0 at interview
2019,pct_families_contributing_dc_or_ira,head age 35-44,46.2716,1.2662,945,DC (current) or IRA (prior calendar year)
2019,pct_families_contributing_dc_and_ira,head age 35-44,5.4277,0.5684,945,both
2019,median_ira_contribution_dollars_if_any,head age 35-44,5000.0000,285.9663,106,"nominal 2018 dollars, family total"
2019,agg_ira_contrib_pct_of_wageinc,head age 35-44,0.5849,0.0661,945,"IRA contributions 2018 / family wage & salary income 2018 (X5702), all families"
2019,agg_dc_ee_pct_of_wageinc,head age 35-44,4.3398,0.2332,945,annualized current employee DC contributions / prior-year family wage income (X5702)
2019,agg_dc_total_plus_ira_pct_of_wageinc,head age 35-44,7.9292,0.3425,945,"DC employee+employer (current, annualized) + IRA (prior year) / prior-year wage income"
2019,pct_families_with_dc_plan_current_job,head age 45-54,47.3624,1.3899,1127,"R or spouse has account-type plan at current job (pension grid; DCPLANCJ-style, excl. plans already paying benefits)"
2019,pct_families_contributing_dc_current_job,head age 45-54,43.0814,1.3567,1127,R or spouse currently makes employee contributions to a current-job account-type plan
2019,pct_takeup_families_with_dc_plan,head age 45-54,90.9612,1.1381,557,among families with a current-job account-type plan
2019,agg_dc_employee_pct_of_current_wages,head age 45-54,4.1323,0.2113,1127,"annualized current employee DC contributions / annualized current main-job pay, all R+spouse employees (self-employed/no-pay plan holders excluded from both)"
2019,agg_dc_employer_pct_of_current_wages,head age 45-54,3.2738,0.3744,1127,"annualized current employer DC contributions / annualized current main-job pay, all R+spouse employees"
2019,agg_dc_total_pct_of_current_wages,head age 45-54,7.4061,0.4149,1127,"employee + employer / annualized current main-job pay, all R+spouse employees"
2019,pct_families_contributing_ira_prior_year,head age 45-54,10.4291,0.8571,1127,any family member contributed to an IRA in 2018 (X6791/X6793/X6795; excludes rollovers)
2019,pct_ira_holders_contributing_prior_year,head age 45-54,37.2831,2.4995,405,among families with IRA/Keogh balance > 0 at interview
2019,pct_families_contributing_dc_or_ira,head age 45-54,47.3066,1.3254,1127,DC (current) or IRA (prior calendar year)
2019,pct_families_contributing_dc_and_ira,head age 45-54,6.2039,0.6719,1127,both
2019,median_ira_contribution_dollars_if_any,head age 45-54,5000.0000,424.9952,147,"nominal 2018 dollars, family total"
2019,agg_ira_contrib_pct_of_wageinc,head age 45-54,0.5115,0.0528,1127,"IRA contributions 2018 / family wage & salary income 2018 (X5702), all families"
2019,agg_dc_ee_pct_of_wageinc,head age 45-54,4.2137,0.2121,1127,annualized current employee DC contributions / prior-year family wage income (X5702)
2019,agg_dc_total_plus_ira_pct_of_wageinc,head age 45-54,8.0307,0.4029,1127,"DC employee+employer (current, annualized) + IRA (prior year) / prior-year wage income"
2019,pct_families_with_dc_plan_current_job,head age 55-64,37.0697,1.2021,1281,"R or spouse has account-type plan at current job (pension grid; DCPLANCJ-style, excl. plans already paying benefits)"
2019,pct_families_contributing_dc_current_job,head age 55-64,32.4851,1.2327,1281,R or spouse currently makes employee contributions to a current-job account-type plan
2019,pct_takeup_families_with_dc_plan,head age 55-64,87.6325,1.5929,538,among families with a current-job account-type plan
2019,agg_dc_employee_pct_of_current_wages,head age 55-64,5.2267,0.4208,1281,"annualized current employee DC contributions / annualized current main-job pay, all R+spouse employees (self-employed/no-pay plan holders excluded from both)"
2019,agg_dc_employer_pct_of_current_wages,head age 55-64,2.8324,0.1913,1281,"annualized current employer DC contributions / annualized current main-job pay, all R+spouse employees"
2019,agg_dc_total_pct_of_current_wages,head age 55-64,8.0591,0.4858,1281,"employee + employer / annualized current main-job pay, all R+spouse employees"
2019,pct_families_contributing_ira_prior_year,head age 55-64,9.6948,0.8055,1281,any family member contributed to an IRA in 2018 (X6791/X6793/X6795; excludes rollovers)
2019,pct_ira_holders_contributing_prior_year,head age 55-64,32.1287,2.3218,556,among families with IRA/Keogh balance > 0 at interview
2019,pct_families_contributing_dc_or_ira,head age 55-64,37.2608,1.3482,1281,DC (current) or IRA (prior calendar year)
2019,pct_families_contributing_dc_and_ira,head age 55-64,4.9191,0.5807,1281,both
2019,median_ira_contribution_dollars_if_any,head age 55-64,3600.0000,600.7622,173,"nominal 2018 dollars, family total"
2019,agg_ira_contrib_pct_of_wageinc,head age 55-64,0.6463,0.0636,1281,"IRA contributions 2018 / family wage & salary income 2018 (X5702), all families"
2019,agg_dc_ee_pct_of_wageinc,head age 55-64,5.3983,0.4563,1281,annualized current employee DC contributions / prior-year family wage income (X5702)
2019,agg_dc_total_plus_ira_pct_of_wageinc,head age 55-64,8.8298,0.5575,1281,"DC employee+employer (current, annualized) + IRA (prior year) / prior-year wage income"
2019,pct_families_with_dc_plan_current_job,income quartile 1,4.5891,0.5408,1171,"R or spouse has account-type plan at current job (pension grid; DCPLANCJ-style, excl. plans already paying benefits)"
2019,pct_families_contributing_dc_current_job,income quartile 1,3.8072,0.4498,1171,R or spouse currently makes employee contributions to a current-job account-type plan
2019,pct_takeup_families_with_dc_plan,income quartile 1,82.9621,3.9146,57,among families with a current-job account-type plan
2019,agg_dc_employee_pct_of_current_wages,income quartile 1,0.6347,0.1145,1171,"annualized current employee DC contributions / annualized current main-job pay, all R+spouse employees (self-employed/no-pay plan holders excluded from both)"
2019,agg_dc_employer_pct_of_current_wages,income quartile 1,0.4650,0.0705,1171,"annualized current employer DC contributions / annualized current main-job pay, all R+spouse employees"
2019,agg_dc_total_pct_of_current_wages,income quartile 1,1.0997,0.1675,1171,"employee + employer / annualized current main-job pay, all R+spouse employees"
2019,pct_families_contributing_ira_prior_year,income quartile 1,1.2117,0.2832,1171,any family member contributed to an IRA in 2018 (X6791/X6793/X6795; excludes rollovers)
2019,pct_ira_holders_contributing_prior_year,income quartile 1,18.3570,4.1903,83,among families with IRA/Keogh balance > 0 at interview
2019,pct_families_contributing_dc_or_ira,income quartile 1,4.7819,0.4994,1171,DC (current) or IRA (prior calendar year)
2019,pct_families_contributing_dc_and_ira,income quartile 1,0.2370,0.0981,1171,both
2019,median_ira_contribution_dollars_if_any,income quartile 1,1100.0000,461.0867,18,"nominal 2018 dollars, family total"
2019,agg_ira_contrib_pct_of_wageinc,income quartile 1,0.2681,0.0796,1171,"IRA contributions 2018 / family wage & salary income 2018 (X5702), all families"
2019,agg_dc_ee_pct_of_wageinc,income quartile 1,0.9152,0.1685,1171,annualized current employee DC contributions / prior-year family wage income (X5702)
2019,agg_dc_total_plus_ira_pct_of_wageinc,income quartile 1,1.8515,0.2758,1171,"DC employee+employer (current, annualized) + IRA (prior year) / prior-year wage income"
2019,pct_families_with_dc_plan_current_job,income quartile 2,24.4597,1.2015,1114,"R or spouse has account-type plan at current job (pension grid; DCPLANCJ-style, excl. plans already paying benefits)"
2019,pct_families_contributing_dc_current_job,income quartile 2,21.6514,1.1392,1114,R or spouse currently makes employee contributions to a current-job account-type plan
2019,pct_takeup_families_with_dc_plan,income quartile 2,88.5189,1.6359,276,among families with a current-job account-type plan
2019,agg_dc_employee_pct_of_current_wages,income quartile 2,1.6992,0.1106,1114,"annualized current employee DC contributions / annualized current main-job pay, all R+spouse employees (self-employed/no-pay plan holders excluded from both)"
2019,agg_dc_employer_pct_of_current_wages,income quartile 2,1.3903,0.0942,1114,"annualized current employer DC contributions / annualized current main-job pay, all R+spouse employees"
2019,agg_dc_total_pct_of_current_wages,income quartile 2,3.0895,0.1825,1114,"employee + employer / annualized current main-job pay, all R+spouse employees"
2019,pct_families_contributing_ira_prior_year,income quartile 2,3.5286,0.4273,1114,any family member contributed to an IRA in 2018 (X6791/X6793/X6795; excludes rollovers)
2019,pct_ira_holders_contributing_prior_year,income quartile 2,20.4657,2.2235,199,among families with IRA/Keogh balance > 0 at interview
2019,pct_families_contributing_dc_or_ira,income quartile 2,24.0307,1.1870,1114,DC (current) or IRA (prior calendar year)
2019,pct_families_contributing_dc_and_ira,income quartile 2,1.1493,0.2488,1114,both
2019,median_ira_contribution_dollars_if_any,income quartile 2,1400.0000,456.6228,43,"nominal 2018 dollars, family total"
2019,agg_ira_contrib_pct_of_wageinc,income quartile 2,0.3240,0.0511,1114,"IRA contributions 2018 / family wage & salary income 2018 (X5702), all families"
2019,agg_dc_ee_pct_of_wageinc,income quartile 2,1.8523,0.1174,1114,annualized current employee DC contributions / prior-year family wage income (X5702)
2019,agg_dc_total_plus_ira_pct_of_wageinc,income quartile 2,3.6879,0.2055,1114,"DC employee+employer (current, annualized) + IRA (prior year) / prior-year wage income"
2019,pct_families_with_dc_plan_current_job,income quartile 3,43.1509,1.2555,1195,"R or spouse has account-type plan at current job (pension grid; DCPLANCJ-style, excl. plans already paying benefits)"
2019,pct_families_contributing_dc_current_job,income quartile 3,38.1411,1.2412,1195,R or spouse currently makes employee contributions to a current-job account-type plan
2019,pct_takeup_families_with_dc_plan,income quartile 3,88.3899,1.2336,510,among families with a current-job account-type plan
2019,agg_dc_employee_pct_of_current_wages,income quartile 3,3.0258,0.1498,1195,"annualized current employee DC contributions / annualized current main-job pay, all R+spouse employees (self-employed/no-pay plan holders excluded from both)"
2019,agg_dc_employer_pct_of_current_wages,income quartile 3,2.2116,0.1198,1195,"annualized current employer DC contributions / annualized current main-job pay, all R+spouse employees"
2019,agg_dc_total_pct_of_current_wages,income quartile 3,5.2374,0.2482,1195,"employee + employer / annualized current main-job pay, all R+spouse employees"
2019,pct_families_contributing_ira_prior_year,income quartile 3,9.0570,0.6566,1195,any family member contributed to an IRA in 2018 (X6791/X6793/X6795; excludes rollovers)
2019,pct_ira_holders_contributing_prior_year,income quartile 3,33.8464,2.2846,340,among families with IRA/Keogh balance > 0 at interview
2019,pct_families_contributing_dc_or_ira,income quartile 3,42.5586,1.2687,1195,DC (current) or IRA (prior calendar year)
2019,pct_families_contributing_dc_and_ira,income quartile 3,4.6394,0.5033,1195,both
2019,median_ira_contribution_dollars_if_any,income quartile 3,2500.0000,185.4027,115,"nominal 2018 dollars, family total"
2019,agg_ira_contrib_pct_of_wageinc,income quartile 3,0.5537,0.0449,1195,"IRA contributions 2018 / family wage & salary income 2018 (X5702), all families"
2019,agg_dc_ee_pct_of_wageinc,income quartile 3,3.2270,0.1717,1195,annualized current employee DC contributions / prior-year family wage income (X5702)
2019,agg_dc_total_plus_ira_pct_of_wageinc,income quartile 3,6.1210,0.2922,1195,"DC employee+employer (current, annualized) + IRA (prior year) / prior-year wage income"
2019,pct_families_with_dc_plan_current_job,income quartile 4,59.6423,1.0293,2297,"R or spouse has account-type plan at current job (pension grid; DCPLANCJ-style, excl. plans already paying benefits)"
2019,pct_families_contributing_dc_current_job,income quartile 4,55.0473,1.1415,2297,R or spouse currently makes employee contributions to a current-job account-type plan
2019,pct_takeup_families_with_dc_plan,income quartile 4,92.2957,0.8965,1236,among families with a current-job account-type plan
2019,agg_dc_employee_pct_of_current_wages,income quartile 4,5.0779,0.1881,2297,"annualized current employee DC contributions / annualized current main-job pay, all R+spouse employees (self-employed/no-pay plan holders excluded from both)"
2019,agg_dc_employer_pct_of_current_wages,income quartile 4,3.3060,0.1881,2297,"annualized current employer DC contributions / annualized current main-job pay, all R+spouse employees"
2019,agg_dc_total_pct_of_current_wages,income quartile 4,8.3840,0.2655,2297,"employee + employer / annualized current main-job pay, all R+spouse employees"
2019,pct_families_contributing_ira_prior_year,income quartile 4,17.4418,0.8152,2297,any family member contributed to an IRA in 2018 (X6791/X6793/X6795; excludes rollovers)
2019,pct_ira_holders_contributing_prior_year,income quartile 4,34.0851,1.4009,1417,among families with IRA/Keogh balance > 0 at interview
2019,pct_families_contributing_dc_or_ira,income quartile 4,62.5632,1.0780,2297,DC (current) or IRA (prior calendar year)
2019,pct_families_contributing_dc_and_ira,income quartile 4,9.9259,0.6868,2297,both
2019,median_ira_contribution_dollars_if_any,income quartile 4,5500.0000,139.8841,426,"nominal 2018 dollars, family total"
2019,agg_ira_contrib_pct_of_wageinc,income quartile 4,0.6744,0.0408,2297,"IRA contributions 2018 / family wage & salary income 2018 (X5702), all families"
2019,agg_dc_ee_pct_of_wageinc,income quartile 4,5.1335,0.2062,2297,annualized current employee DC contributions / prior-year family wage income (X5702)
2019,agg_dc_total_plus_ira_pct_of_wageinc,income quartile 4,9.0383,0.2903,2297,"DC employee+employer (current, annualized) + IRA (prior year) / prior-year wage income"
2019,agg_dc_employee_pct_of_covered_pay,all families,6.9253,0.1974,2079,contributions / annualized pay of R+spouse who have a current-job account plan (families with a plan)
2019,agg_dc_employer_pct_of_covered_pay,all families,4.6645,0.1934,2079,contributions / annualized pay of R+spouse who have a current-job account plan (families with a plan)
2019,agg_dc_total_pct_of_covered_pay,all families,11.5898,0.2690,2079,contributions / annualized pay of R+spouse who have a current-job account plan (families with a plan)
2019,agg_dc_employee_pct_of_covered_pay,"working-age families (head 25-64, working)",6.9419,0.2192,1751,contributions / annualized pay of R+spouse who have a current-job account plan (families with a plan)
2019,agg_dc_employer_pct_of_covered_pay,"working-age families (head 25-64, working)",4.7399,0.2139,1751,contributions / annualized pay of R+spouse who have a current-job account plan (families with a plan)
2019,agg_dc_total_pct_of_covered_pay,"working-age families (head 25-64, working)",11.6818,0.3000,1751,contributions / annualized pay of R+spouse who have a current-job account plan (families with a plan)
2019,agg_dc_employee_pct_of_covered_pay,head age 25-34,5.6565,0.2385,282,contributions / annualized pay of R+spouse who have a current-job account plan (families with a plan)
2019,agg_dc_employer_pct_of_covered_pay,head age 25-34,4.2956,0.2086,282,contributions / annualized pay of R+spouse who have a current-job account plan (families with a plan)
2019,agg_dc_total_pct_of_covered_pay,head age 25-34,9.9521,0.3634,282,contributions / annualized pay of R+spouse who have a current-job account plan (families with a plan)
2019,agg_dc_employee_pct_of_covered_pay,head age 35-44,6.8589,0.2893,436,contributions / annualized pay of R+spouse who have a current-job account plan (families with a plan)
2019,agg_dc_employer_pct_of_covered_pay,head age 35-44,4.7388,0.1826,436,contributions / annualized pay of R+spouse who have a current-job account plan (families with a plan)
2019,agg_dc_total_pct_of_covered_pay,head age 35-44,11.5977,0.3927,436,contributions / annualized pay of R+spouse who have a current-job account plan (families with a plan)
2019,agg_dc_employee_pct_of_covered_pay,head age 45-54,6.5687,0.2998,557,contributions / annualized pay of R+spouse who have a current-job account plan (families with a plan)
2019,agg_dc_employer_pct_of_covered_pay,head age 45-54,5.2039,0.5706,557,contributions / annualized pay of R+spouse who have a current-job account plan (families with a plan)
2019,agg_dc_total_pct_of_covered_pay,head age 45-54,11.7726,0.5744,557,contributions / annualized pay of R+spouse who have a current-job account plan (families with a plan)
2019,agg_dc_employee_pct_of_covered_pay,head age 55-64,8.2251,0.6571,538,contributions / annualized pay of R+spouse who have a current-job account plan (families with a plan)
2019,agg_dc_employer_pct_of_covered_pay,head age 55-64,4.4572,0.2923,538,contributions / annualized pay of R+spouse who have a current-job account plan (families with a plan)
2019,agg_dc_total_pct_of_covered_pay,head age 55-64,12.6823,0.7478,538,contributions / annualized pay of R+spouse who have a current-job account plan (families with a plan)
2019,agg_dc_employee_pct_of_covered_pay,income quartile 1,4.7051,0.5288,57,contributions / annualized pay of R+spouse who have a current-job account plan (families with a plan)
2019,agg_dc_employer_pct_of_covered_pay,income quartile 1,3.4471,0.4074,57,contributions / annualized pay of R+spouse who have a current-job account plan (families with a plan)
2019,agg_dc_total_pct_of_covered_pay,income quartile 1,8.1522,0.6808,57,contributions / annualized pay of R+spouse who have a current-job account plan (families with a plan)
2019,agg_dc_employee_pct_of_covered_pay,income quartile 2,4.7935,0.2231,276,contributions / annualized pay of R+spouse who have a current-job account plan (families with a plan)
2019,agg_dc_employer_pct_of_covered_pay,income quartile 2,3.9219,0.1970,276,contributions / annualized pay of R+spouse who have a current-job account plan (families with a plan)
2019,agg_dc_total_pct_of_covered_pay,income quartile 2,8.7154,0.3301,276,contributions / annualized pay of R+spouse who have a current-job account plan (families with a plan)
2019,agg_dc_employee_pct_of_covered_pay,income quartile 3,5.9531,0.2143,510,contributions / annualized pay of R+spouse who have a current-job account plan (families with a plan)
2019,agg_dc_employer_pct_of_covered_pay,income quartile 3,4.3513,0.1796,510,contributions / annualized pay of R+spouse who have a current-job account plan (families with a plan)
2019,agg_dc_total_pct_of_covered_pay,income quartile 3,10.3043,0.3342,510,contributions / annualized pay of R+spouse who have a current-job account plan (families with a plan)
2019,agg_dc_employee_pct_of_covered_pay,income quartile 4,7.4362,0.2689,1236,contributions / annualized pay of R+spouse who have a current-job account plan (families with a plan)
2019,agg_dc_employer_pct_of_covered_pay,income quartile 4,4.8414,0.2656,1236,contributions / annualized pay of R+spouse who have a current-job account plan (families with a plan)
2019,agg_dc_total_pct_of_covered_pay,income quartile 4,12.2775,0.3644,1236,contributions / annualized pay of R+spouse who have a current-job account plan (families with a plan)
2019,pct_takeup_workers_with_dc_plan,"workers with current-job account plan, all ages",89.9805,0.4880,2502,person currently contributes / person has current-job account-type plan
2019,median_employee_pct_of_pay,"workers with current-job account plan, all ages",6.0000,0.0000,2221,sum over the person's current-job account plans; contributors only
2019,mean_employee_pct_of_pay,"workers with current-job account plan, all ages",7.3259,0.1214,2221,contributors only
2019,median_employer_pct_of_pay,"workers with current-job account plan, all ages",4.0000,0.1331,2222,employee contributors; 0 where employer does not contribute
2019,mean_employer_pct_of_pay,"workers with current-job account plan, all ages",4.2280,0.0724,2222,employee contributors; 0 where employer does not contribute
2019,median_employer_pct_of_pay_if_employer_contributes,"workers with current-job account plan, all ages",4.0000,0.0000,1861,employee contributors with employer contribution > 0
2019,median_total_pct_of_pay,"workers with current-job account plan, all ages",10.0000,0.0000,2208,employee + employer; employee contributors
2019,mean_total_pct_of_pay,"workers with current-job account plan, all ages",11.5730,0.1622,2208,employee + employer; employee contributors
2019,mean_employee_pct_of_pay_capped25,"workers with current-job account plan, all ages",7.1636,0.0966,2221,contributors; each person's rate capped at 25% of pay
2019,mean_employer_pct_of_pay_capped25,"workers with current-job account plan, all ages",4.2033,0.0711,2222,employee contributors; employer rate capped at 25%
2019,mean_total_pct_of_pay_capped25,"workers with current-job account plan, all ages",11.3847,0.1396,2208,"employee + employer, each capped at 25%"
2019,pct_contributors_with_employer_contribution,"workers with current-job account plan, all ages",86.9452,0.7846,2222,employee contributors whose employer also contributes
2019,pct_takeup_workers_with_dc_plan,"workers with current-job account plan, age 25-64",90.7842,0.5392,2256,person currently contributes / person has current-job account-type plan
2019,median_employee_pct_of_pay,"workers with current-job account plan, age 25-64",6.0000,0.0000,2025,sum over the person's current-job account plans; contributors only
2019,mean_employee_pct_of_pay,"workers with current-job account plan, age 25-64",7.3006,0.1292,2025,contributors only
2019,median_employer_pct_of_pay,"workers with current-job account plan, age 25-64",4.0000,0.1256,2025,employee contributors; 0 where employer does not contribute
2019,mean_employer_pct_of_pay,"workers with current-job account plan, age 25-64",4.2355,0.0744,2025,employee contributors; 0 where employer does not contribute
2019,median_employer_pct_of_pay_if_employer_contributes,"workers with current-job account plan, age 25-64",4.0000,0.0000,1701,employee contributors with employer contribution > 0
2019,median_total_pct_of_pay,"workers with current-job account plan, age 25-64",10.0000,0.0000,2012,employee + employer; employee contributors
2019,mean_total_pct_of_pay,"workers with current-job account plan, age 25-64",11.5563,0.1711,2012,employee + employer; employee contributors
2019,mean_employee_pct_of_pay_capped25,"workers with current-job account plan, age 25-64",7.1372,0.1027,2025,contributors; each person's rate capped at 25% of pay
2019,mean_employer_pct_of_pay_capped25,"workers with current-job account plan, age 25-64",4.2090,0.0727,2025,employee contributors; employer rate capped at 25%
2019,mean_total_pct_of_pay_capped25,"workers with current-job account plan, age 25-64",11.3649,0.1457,2012,"employee + employer, each capped at 25%"
2019,pct_contributors_with_employer_contribution,"workers with current-job account plan, age 25-64",87.1394,0.7677,2025,employee contributors whose employer also contributes
2019,pct_takeup_workers_with_dc_plan,worker age 25-34,93.1435,1.0047,362,person currently contributes / person has current-job account-type plan
2019,median_employee_pct_of_pay,worker age 25-34,5.0000,0.0632,335,sum over the person's current-job account plans; contributors only
2019,mean_employee_pct_of_pay,worker age 25-34,5.9530,0.1857,335,contributors only
2019,median_employer_pct_of_pay,worker age 25-34,4.0000,0.4479,334,employee contributors; 0 where employer does not contribute
2019,mean_employer_pct_of_pay,worker age 25-34,4.1677,0.1704,334,employee contributors; 0 where employer does not contribute
2019,median_employer_pct_of_pay_if_employer_contributes,worker age 25-34,4.0000,0.2761,291,employee contributors with employer contribution > 0
2019,median_total_pct_of_pay,worker age 25-34,10.0000,0.4339,331,employee + employer; employee contributors
2019,mean_total_pct_of_pay,worker age 25-34,10.1468,0.3012,331,employee + employer; employee contributors
2019,mean_employee_pct_of_pay_capped25,worker age 25-34,5.9530,0.1857,335,contributors; each person's rate capped at 25% of pay
2019,mean_employer_pct_of_pay_capped25,worker age 25-34,4.1510,0.1676,334,employee contributors; employer rate capped at 25%
2019,mean_total_pct_of_pay_capped25,worker age 25-34,10.1299,0.2993,331,"employee + employer, each capped at 25%"
2019,pct_contributors_with_employer_contribution,worker age 25-34,88.6156,1.2484,334,employee contributors whose employer also contributes
2019,pct_takeup_workers_with_dc_plan,worker age 35-44,91.3201,0.9766,564,person currently contributes / person has current-job account-type plan
2019,median_employee_pct_of_pay,worker age 35-44,6.0000,0.1256,506,sum over the person's current-job account plans; contributors only
2019,mean_employee_pct_of_pay,worker age 35-44,7.2219,0.3191,506,contributors only
2019,median_employer_pct_of_pay,worker age 35-44,4.0000,0.0632,510,employee contributors; 0 where employer does not contribute
2019,mean_employer_pct_of_pay,worker age 35-44,4.5222,0.1226,510,employee contributors; 0 where employer does not contribute
2019,median_employer_pct_of_pay_if_employer_contributes,worker age 35-44,4.0000,0.0706,448,employee contributors with employer contribution > 0
2019,median_total_pct_of_pay,worker age 35-44,10.0000,0.3253,504,employee + employer; employee contributors
2019,mean_total_pct_of_pay,worker age 35-44,11.7746,0.3763,504,employee + employer; employee contributors
2019,mean_employee_pct_of_pay_capped25,worker age 35-44,6.9494,0.1657,506,contributors; each person's rate capped at 25% of pay
2019,mean_employer_pct_of_pay_capped25,worker age 35-44,4.5222,0.1226,510,employee contributors; employer rate capped at 25%
2019,mean_total_pct_of_pay_capped25,worker age 35-44,11.5007,0.2501,504,"employee + employer, each capped at 25%"
2019,pct_contributors_with_employer_contribution,worker age 35-44,90.2492,1.1393,510,employee contributors whose employer also contributes
2019,pct_takeup_workers_with_dc_plan,worker age 45-54,90.7137,0.9021,684,person currently contributes / person has current-job account-type plan
2019,median_employee_pct_of_pay,worker age 45-54,6.0000,0.0774,609,sum over the person's current-job account plans; contributors only
2019,mean_employee_pct_of_pay,worker age 45-54,7.4598,0.2176,609,contributors only
2019,median_employer_pct_of_pay,worker age 45-54,3.0000,0.6844,609,employee contributors; 0 where employer does not contribute
2019,mean_employer_pct_of_pay,worker age 45-54,4.1374,0.1376,609,employee contributors; 0 where employer does not contribute
2019,median_employer_pct_of_pay_if_employer_contributes,worker age 45-54,4.0000,0.0632,500,employee contributors with employer contribution > 0
2019,median_total_pct_of_pay,worker age 45-54,10.0000,0.2907,606,employee + employer; employee contributors
2019,mean_total_pct_of_pay,worker age 45-54,11.6024,0.2768,606,employee + employer; employee contributors
2019,mean_employee_pct_of_pay_capped25,worker age 45-54,7.3752,0.2031,609,contributors; each person's rate capped at 25% of pay
2019,mean_employer_pct_of_pay_capped25,worker age 45-54,4.0730,0.1249,609,employee contributors; employer rate capped at 25%
2019,mean_total_pct_of_pay_capped25,worker age 45-54,11.4526,0.2657,606,"employee + employer, each capped at 25%"
2019,pct_contributors_with_employer_contribution,worker age 45-54,84.2164,1.5357,609,employee contributors whose employer also contributes
2019,pct_takeup_workers_with_dc_plan,worker age 55-64,87.5766,1.6186,646,person currently contributes / person has current-job account-type plan
2019,median_employee_pct_of_pay,worker age 55-64,6.0000,0.7929,575,sum over the person's current-job account plans; contributors only
2019,mean_employee_pct_of_pay,worker age 55-64,8.7873,0.3259,575,contributors only
2019,median_employer_pct_of_pay,worker age 55-64,4.0000,0.6514,572,employee contributors; 0 where employer does not contribute
2019,mean_employer_pct_of_pay,worker age 55-64,4.0776,0.1665,572,employee contributors; 0 where employer does not contribute
2019,median_employer_pct_of_pay_if_employer_contributes,worker age 55-64,4.0000,0.0316,462,employee contributors with employer contribution > 0
2019,median_total_pct_of_pay,worker age 55-64,11.0000,0.5328,571,employee + employer; employee contributors
2019,mean_total_pct_of_pay,worker age 55-64,12.8877,0.4119,571,employee + employer; employee contributors
2019,mean_employee_pct_of_pay_capped25,worker age 55-64,8.4671,0.2941,575,contributors; each person's rate capped at 25% of pay
2019,mean_employer_pct_of_pay_capped25,worker age 55-64,4.0548,0.1646,572,employee contributors; employer rate capped at 25%
2019,mean_total_pct_of_pay_capped25,worker age 55-64,12.5410,0.3808,571,"employee + employer, each capped at 25%"
2019,pct_contributors_with_employer_contribution,worker age 55-64,85.1840,1.8868,572,employee contributors whose employer also contributes
2019,pct_takeup_workers_with_dc_plan,family income quartile 1,82.9621,3.9146,57,person currently contributes / person has current-job account-type plan
2019,median_employee_pct_of_pay,family income quartile 1,5.0000,0.2860,47,sum over the person's current-job account plans; contributors only
2019,mean_employee_pct_of_pay,family income quartile 1,5.1423,0.3665,47,contributors only
2019,median_employer_pct_of_pay,family income quartile 1,3.0000,0.3526,47,employee contributors; 0 where employer does not contribute
2019,mean_employer_pct_of_pay,family income quartile 1,3.5430,0.2863,47,employee contributors; 0 where employer does not contribute
2019,median_employer_pct_of_pay_if_employer_contributes,family income quartile 1,3.0000,0.4997,44,employee contributors with employer contribution > 0
2019,median_total_pct_of_pay,family income quartile 1,8.0000,0.7195,47,employee + employer; employee contributors
2019,mean_total_pct_of_pay,family income quartile 1,8.6853,0.4990,47,employee + employer; employee contributors
2019,mean_employee_pct_of_pay_capped25,family income quartile 1,5.1423,0.3665,47,contributors; each person's rate capped at 25% of pay
2019,mean_employer_pct_of_pay_capped25,family income quartile 1,3.5430,0.2863,47,employee contributors; employer rate capped at 25%
2019,mean_total_pct_of_pay_capped25,family income quartile 1,8.6853,0.4990,47,"employee + employer, each capped at 25%"
2019,pct_contributors_with_employer_contribution,family income quartile 1,93.7086,3.6004,47,employee contributors whose employer also contributes
2019,pct_takeup_workers_with_dc_plan,family income quartile 2,88.8246,1.5959,283,person currently contributes / person has current-job account-type plan
2019,median_employee_pct_of_pay,family income quartile 2,5.0000,0.2668,248,sum over the person's current-job account plans; contributors only
2019,mean_employee_pct_of_pay,family income quartile 2,5.3288,0.2218,248,contributors only
2019,median_employer_pct_of_pay,family income quartile 2,3.0000,0.3029,250,employee contributors; 0 where employer does not contribute
2019,mean_employer_pct_of_pay,family income quartile 2,3.8390,0.1775,250,employee contributors; 0 where employer does not contribute
2019,median_employer_pct_of_pay_if_employer_contributes,family income quartile 2,4.0000,0.5808,220,employee contributors with employer contribution > 0
2019,median_total_pct_of_pay,family income quartile 2,8.0000,0.3283,247,employee + employer; employee contributors
2019,mean_total_pct_of_pay,family income quartile 2,9.2133,0.3341,247,employee + employer; employee contributors
2019,mean_employee_pct_of_pay_capped25,family income quartile 2,5.2678,0.1952,248,contributors; each person's rate capped at 25% of pay
2019,mean_employer_pct_of_pay_capped25,family income quartile 2,3.8139,0.1695,250,employee contributors; employer rate capped at 25%
2019,mean_total_pct_of_pay_capped25,family income quartile 2,9.1267,0.3061,247,"employee + employer, each capped at 25%"
2019,pct_contributors_with_employer_contribution,family income quartile 2,88.8440,1.7354,250,employee contributors whose employer also contributes
2019,pct_takeup_workers_with_dc_plan,family income quartile 3,87.9836,1.1740,576,person currently contributes / person has current-job account-type plan
2019,median_employee_pct_of_pay,family income quartile 3,5.0000,0.5396,504,sum over the person's current-job account plans; contributors only
2019,mean_employee_pct_of_pay,family income quartile 3,6.5964,0.1709,504,contributors only
2019,median_employer_pct_of_pay,family income quartile 3,4.0000,0.6754,504,employee contributors; 0 where employer does not contribute
2019,mean_employer_pct_of_pay,family income quartile 3,4.2911,0.1604,504,employee contributors; 0 where employer does not contribute
2019,median_employer_pct_of_pay_if_employer_contributes,family income quartile 3,4.0000,0.0447,442,employee contributors with employer contribution > 0
2019,median_total_pct_of_pay,family income quartile 3,10.0000,0.4885,500,employee + employer; employee contributors
2019,mean_total_pct_of_pay,family income quartile 3,10.8965,0.2808,500,employee + employer; employee contributors
2019,mean_employee_pct_of_pay_capped25,family income quartile 3,6.5431,0.1647,504,contributors; each person's rate capped at 25% of pay
2019,mean_employer_pct_of_pay_capped25,family income quartile 3,4.2816,0.1593,504,employee contributors; employer rate capped at 25%
2019,mean_total_pct_of_pay_capped25,family income quartile 3,10.8331,0.2771,500,"employee + employer, each capped at 25%"
2019,pct_contributors_with_employer_contribution,family income quartile 3,87.1927,1.1648,504,employee contributors whose employer also contributes
2019,pct_takeup_workers_with_dc_plan,family income quartile 4,91.9848,0.6781,1586,person currently contributes / person has current-job account-type plan
2019,median_employee_pct_of_pay,family income quartile 4,6.0000,0.7732,1422,sum over the person's current-job account plans; contributors only
2019,mean_employee_pct_of_pay,family income quartile 4,8.4756,0.1966,1422,contributors only
2019,median_employer_pct_of_pay,family income quartile 4,4.0000,0.0000,1421,employee contributors; 0 where employer does not contribute
2019,mean_employer_pct_of_pay,family income quartile 4,4.3454,0.0944,1421,employee contributors; 0 where employer does not contribute
2019,median_employer_pct_of_pay_if_employer_contributes,family income quartile 4,4.0000,0.2836,1155,employee contributors with employer contribution > 0
2019,median_total_pct_of_pay,family income quartile 4,11.0000,0.4918,1414,employee + employer; employee contributors
2019,mean_total_pct_of_pay,family income quartile 4,12.8416,0.2343,1414,employee + employer; employee contributors
2019,mean_employee_pct_of_pay_capped25,family income quartile 4,8.2098,0.1509,1422,contributors; each person's rate capped at 25% of pay
2019,mean_employer_pct_of_pay_capped25,family income quartile 4,4.3106,0.0895,1421,employee contributors; employer rate capped at 25%
2019,mean_total_pct_of_pay_capped25,family income quartile 4,12.5388,0.1886,1414,"employee + employer, each capped at 25%"
2019,pct_contributors_with_employer_contribution,family income quartile 4,85.8642,1.0135,1421,employee contributors whose employer also contributes
2019,pct_takeup_eligible_workers_broad,"workers with plan or eligible, all ages",73.1007,0.7511,2940,"contributors / (has current-job account plan + eligible non-participant offered an account-type plan, X4137 & X6708-12)"
2019,pct_eligible_nonparticipants_of_eligible,"workers with plan or eligible, all ages",18.7594,0.7136,2940,eligible for an offered account-type plan but not included in any plan
2019,pct_takeup_eligible_workers_broad,"workers with plan or eligible, age 25-64",75.1674,0.7516,2629,"contributors / (has current-job account plan + eligible non-participant offered an account-type plan, X4137 & X6708-12)"
2019,pct_eligible_nonparticipants_of_eligible,"workers with plan or eligible, age 25-64",17.2022,0.6843,2629,eligible for an offered account-type plan but not included in any plan
2019,pct_takeup_eligible_workers_broad,worker age 25-34,71.0814,1.7165,478,"contributors / (has current-job account plan + eligible non-participant offered an account-type plan, X4137 & X6708-12)"
2019,pct_eligible_nonparticipants_of_eligible,worker age 25-34,23.6862,1.5784,478,eligible for an offered account-type plan but not included in any plan
2019,pct_takeup_eligible_workers_broad,worker age 35-44,76.9421,1.4510,664,"contributors / (has current-job account plan + eligible non-participant offered an account-type plan, X4137 & X6708-12)"
2019,pct_eligible_nonparticipants_of_eligible,worker age 35-44,15.7447,1.2543,664,eligible for an offered account-type plan but not included in any plan
2019,pct_takeup_eligible_workers_broad,worker age 45-54,78.8152,1.2922,766,"contributors / (has current-job account plan + eligible non-participant offered an account-type plan, X4137 & X6708-12)"
2019,pct_eligible_nonparticipants_of_eligible,worker age 45-54,13.1165,1.1451,766,eligible for an offered account-type plan but not included in any plan
2019,pct_takeup_eligible_workers_broad,worker age 55-64,73.7022,2.0840,721,"contributors / (has current-job account plan + eligible non-participant offered an account-type plan, X4137 & X6708-12)"
2019,pct_eligible_nonparticipants_of_eligible,worker age 55-64,15.8427,1.4865,721,eligible for an offered account-type plan but not included in any plan
2019,pct_takeup_eligible_workers_broad,family income quartile 1,37.4854,3.6862,123,"contributors / (has current-job account plan + eligible non-participant offered an account-type plan, X4137 & X6708-12)"
2019,pct_eligible_nonparticipants_of_eligible,family income quartile 1,54.8162,4.3155,123,eligible for an offered account-type plan but not included in any plan
2019,pct_takeup_eligible_workers_broad,family income quartile 2,61.3992,2.1740,407,"contributors / (has current-job account plan + eligible non-participant offered an account-type plan, X4137 & X6708-12)"
2019,pct_eligible_nonparticipants_of_eligible,family income quartile 2,30.8759,2.0573,407,eligible for an offered account-type plan but not included in any plan
2019,pct_takeup_eligible_workers_broad,family income quartile 3,70.9086,1.5619,714,"contributors / (has current-job account plan + eligible non-participant offered an account-type plan, X4137 & X6708-12)"
2019,pct_eligible_nonparticipants_of_eligible,family income quartile 3,19.4070,1.3995,714,eligible for an offered account-type plan but not included in any plan
2019,pct_takeup_eligible_workers_broad,family income quartile 4,83.6107,1.1337,1696,"contributors / (has current-job account plan + eligible non-participant offered an account-type plan, X4137 & X6708-12)"
2019,pct_eligible_nonparticipants_of_eligible,family income quartile 4,9.1038,0.9191,1696,eligible for an offered account-type plan but not included in any plan
2022,pct_families_with_dc_plan_current_job,all families,33.8175,0.6104,4595,"R or spouse has account-type plan at current job (pension grid; DCPLANCJ-style, excl. plans already paying benefits)"
2022,pct_families_contributing_dc_current_job,all families,31.2521,0.6103,4595,R or spouse currently makes employee contributions to a current-job account-type plan
2022,pct_takeup_families_with_dc_plan,all families,92.4142,0.6546,1581,among families with a current-job account-type plan
2022,agg_dc_employee_pct_of_current_wages,all families,4.3256,0.1700,4595,"annualized current employee DC contributions / annualized current main-job pay, all R+spouse employees (self-employed/no-pay plan holders excluded from both)"
2022,agg_dc_employer_pct_of_current_wages,all families,2.6019,0.0997,4595,"annualized current employer DC contributions / annualized current main-job pay, all R+spouse employees"
2022,agg_dc_total_pct_of_current_wages,all families,6.9275,0.2296,4595,"employee + employer / annualized current main-job pay, all R+spouse employees"
2022,pct_families_contributing_ira_prior_year,all families,10.2095,0.4235,4595,any family member contributed to an IRA in 2021 (X6791/X6793/X6795; excludes rollovers)
2022,pct_ira_holders_contributing_prior_year,all families,32.9586,1.1709,1785,among families with IRA/Keogh balance > 0 at interview
2022,pct_families_contributing_dc_or_ira,all families,36.3115,0.6217,4595,DC (current) or IRA (prior calendar year)
2022,pct_families_contributing_dc_and_ira,all families,5.1501,0.3353,4595,both
2022,median_ira_contribution_dollars_if_any,all families,5500.0000,540.9321,546,"nominal 2021 dollars, family total"
2022,agg_ira_contrib_pct_of_wageinc,all families,0.7797,0.0432,4595,"IRA contributions 2021 / family wage & salary income 2021 (X5702), all families"
2022,agg_dc_ee_pct_of_wageinc,all families,4.5041,0.1736,4595,annualized current employee DC contributions / prior-year family wage income (X5702)
2022,agg_dc_total_plus_ira_pct_of_wageinc,all families,7.9681,0.2416,4595,"DC employee+employer (current, annualized) + IRA (prior year) / prior-year wage income"
2022,pct_families_with_dc_plan_current_job,"working-age families (head 25-64, working)",52.0045,0.8753,2651,"R or spouse has account-type plan at current job (pension grid; DCPLANCJ-style, excl. plans already paying benefits)"
2022,pct_families_contributing_dc_current_job,"working-age families (head 25-64, working)",48.0698,0.8902,2651,R or spouse currently makes employee contributions to a current-job account-type plan
2022,pct_takeup_families_with_dc_plan,"working-age families (head 25-64, working)",92.4339,0.7374,1345,among families with a current-job account-type plan
2022,agg_dc_employee_pct_of_current_wages,"working-age families (head 25-64, working)",4.2066,0.1458,2651,"annualized current employee DC contributions / annualized current main-job pay, all R+spouse employees (self-employed/no-pay plan holders excluded from both)"
2022,agg_dc_employer_pct_of_current_wages,"working-age families (head 25-64, working)",2.6185,0.1095,2651,"annualized current employer DC contributions / annualized current main-job pay, all R+spouse employees"
2022,agg_dc_total_pct_of_current_wages,"working-age families (head 25-64, working)",6.8251,0.2212,2651,"employee + employer / annualized current main-job pay, all R+spouse employees"
2022,pct_families_contributing_ira_prior_year,"working-age families (head 25-64, working)",14.1634,0.6778,2651,any family member contributed to an IRA in 2021 (X6791/X6793/X6795; excludes rollovers)
2022,pct_ira_holders_contributing_prior_year,"working-age families (head 25-64, working)",46.4097,1.6418,949,among families with IRA/Keogh balance > 0 at interview
2022,pct_families_contributing_dc_or_ira,"working-age families (head 25-64, working)",54.1601,0.8473,2651,DC (current) or IRA (prior calendar year)
2022,pct_families_contributing_dc_and_ira,"working-age families (head 25-64, working)",8.0731,0.5594,2651,both
2022,median_ira_contribution_dollars_if_any,"working-age families (head 25-64, working)",5200.0000,446.0516,402,"nominal 2021 dollars, family total"
2022,agg_ira_contrib_pct_of_wageinc,"working-age families (head 25-64, working)",0.7351,0.0488,2651,"IRA contributions 2021 / family wage & salary income 2021 (X5702), all families"
2022,agg_dc_ee_pct_of_wageinc,"working-age families (head 25-64, working)",4.6895,0.1534,2651,annualized current employee DC contributions / prior-year family wage income (X5702)
2022,agg_dc_total_plus_ira_pct_of_wageinc,"working-age families (head 25-64, working)",8.3214,0.2446,2651,"DC employee+employer (current, annualized) + IRA (prior year) / prior-year wage income"
2022,pct_families_with_dc_plan_current_job,head age 25-34,44.6849,1.8646,502,"R or spouse has account-type plan at current job (pension grid; DCPLANCJ-style, excl. plans already paying benefits)"
2022,pct_families_contributing_dc_current_job,head age 25-34,41.8221,1.9223,502,R or spouse currently makes employee contributions to a current-job account-type plan
2022,pct_takeup_families_with_dc_plan,head age 25-34,93.5934,1.7321,202,among families with a current-job account-type plan
2022,agg_dc_employee_pct_of_current_wages,head age 25-34,3.3579,0.3175,502,"annualized current employee DC contributions / annualized current main-job pay, all R+spouse employees (self-employed/no-pay plan holders excluded from both)"
2022,agg_dc_employer_pct_of_current_wages,head age 25-34,2.0995,0.1789,502,"annualized current employer DC contributions / annualized current main-job pay, all R+spouse employees"
2022,agg_dc_total_pct_of_current_wages,head age 25-34,5.4574,0.4478,502,"employee + employer / annualized current main-job pay, all R+spouse employees"
2022,pct_families_contributing_ira_prior_year,head age 25-34,15.1314,1.4053,502,any family member contributed to an IRA in 2021 (X6791/X6793/X6795; excludes rollovers)
2022,pct_ira_holders_contributing_prior_year,head age 25-34,58.9161,3.9164,106,among families with IRA/Keogh balance > 0 at interview
2022,pct_families_contributing_dc_or_ira,head age 25-34,47.5802,1.7050,502,DC (current) or IRA (prior calendar year)
2022,pct_families_contributing_dc_and_ira,head age 25-34,9.3734,1.4438,502,both
2022,median_ira_contribution_dollars_if_any,head age 25-34,5000.0000,977.1043,68,"nominal 2021 dollars, family total"
2022,agg_ira_contrib_pct_of_wageinc,head age 25-34,0.9623,0.1230,502,"IRA contributions 2021 / family wage & salary income 2021 (X5702), all families"
2022,agg_dc_ee_pct_of_wageinc,head age 25-34,4.0494,0.2976,502,annualized current employee DC contributions / prior-year family wage income (X5702)
2022,agg_dc_total_plus_ira_pct_of_wageinc,head age 25-34,7.5436,0.4112,502,"DC employee+employer (current, annualized) + IRA (prior year) / prior-year wage income"
2022,pct_families_with_dc_plan_current_job,head age 35-44,47.9498,1.6253,763,"R or spouse has account-type plan at current job (pension grid; DCPLANCJ-style, excl. plans already paying benefits)"
2022,pct_families_contributing_dc_current_job,head age 35-44,43.8575,1.7007,763,R or spouse currently makes employee contributions to a current-job account-type plan
2022,pct_takeup_families_with_dc_plan,head age 35-44,91.4655,1.6021,342,among families with a current-job account-type plan
2022,agg_dc_employee_pct_of_current_wages,head age 35-44,3.8423,0.2355,763,"annualized current employee DC contributions / annualized current main-job pay, all R+spouse employees (self-employed/no-pay plan holders excluded from both)"
2022,agg_dc_employer_pct_of_current_wages,head age 35-44,2.2315,0.1423,763,"annualized current employer DC contributions / annualized current main-job pay, all R+spouse employees"
2022,agg_dc_total_pct_of_current_wages,head age 35-44,6.0738,0.3575,763,"employee + employer / annualized current main-job pay, all R+spouse employees"
2022,pct_families_contributing_ira_prior_year,head age 35-44,14.0632,1.2144,763,any family member contributed to an IRA in 2021 (X6791/X6793/X6795; excludes rollovers)
2022,pct_ira_holders_contributing_prior_year,head age 35-44,50.3225,3.3492,214,among families with IRA/Keogh balance > 0 at interview
2022,pct_families_contributing_dc_or_ira,head age 35-44,49.8617,1.6690,763,DC (current) or IRA (prior calendar year)
2022,pct_families_contributing_dc_and_ira,head age 35-44,8.0590,0.9372,763,both
2022,median_ira_contribution_dollars_if_any,head age 35-44,4000.0000,1039.7583,97,"nominal 2021 dollars, family total"
2022,agg_ira_contrib_pct_of_wageinc,head age 35-44,0.6986,0.0765,763,"IRA contributions 2021 / family wage & salary income 2021 (X5702), all families"
2022,agg_dc_ee_pct_of_wageinc,head age 35-44,4.2236,0.2822,763,annualized current employee DC contributions / prior-year family wage income (X5702)
2022,agg_dc_total_plus_ira_pct_of_wageinc,head age 35-44,7.4297,0.4688,763,"DC employee+employer (current, annualized) + IRA (prior year) / prior-year wage income"
2022,pct_families_with_dc_plan_current_job,head age 45-54,52.4719,2.1335,820,"R or spouse has account-type plan at current job (pension grid; DCPLANCJ-style, excl. plans already paying benefits)"
2022,pct_families_contributing_dc_current_job,head age 45-54,48.5943,2.0663,820,R or spouse currently makes employee contributions to a current-job account-type plan
2022,pct_takeup_families_with_dc_plan,head age 45-54,92.6101,1.1095,409,among families with a current-job account-type plan
2022,agg_dc_employee_pct_of_current_wages,head age 45-54,4.7693,0.2975,820,"annualized current employee DC contributions / annualized current main-job pay, all R+spouse employees (self-employed/no-pay plan holders excluded from both)"
2022,agg_dc_employer_pct_of_current_wages,head age 45-54,2.7052,0.1633,820,"annualized current employer DC contributions / annualized current main-job pay, all R+spouse employees"
2022,agg_dc_total_pct_of_current_wages,head age 45-54,7.4745,0.4075,820,"employee + employer / annualized current main-job pay, all R+spouse employees"
2022,pct_families_contributing_ira_prior_year,head age 45-54,13.3944,0.9884,820,any family member contributed to an IRA in 2021 (X6791/X6793/X6795; excludes rollovers)
2022,pct_ira_holders_contributing_prior_year,head age 45-54,47.9989,2.8576,287,among families with IRA/Keogh balance > 0 at interview
2022,pct_families_contributing_dc_or_ira,head age 45-54,53.7739,1.9668,820,DC (current) or IRA (prior calendar year)
2022,pct_families_contributing_dc_and_ira,head age 45-54,8.2148,0.8373,820,both
2022,median_ira_contribution_dollars_if_any,head age 45-54,5000.0000,583.4471,134,"nominal 2021 dollars, family total"
2022,agg_ira_contrib_pct_of_wageinc,head age 45-54,0.6593,0.0734,820,"IRA contributions 2021 / family wage & salary income 2021 (X5702), all families"
2022,agg_dc_ee_pct_of_wageinc,head age 45-54,4.8408,0.3072,820,annualized current employee DC contributions / prior-year family wage income (X5702)
2022,agg_dc_total_plus_ira_pct_of_wageinc,head age 45-54,8.2470,0.4297,820,"DC employee+employer (current, annualized) + IRA (prior year) / prior-year wage income"
2022,pct_families_with_dc_plan_current_job,head age 55-64,37.9410,1.3777,1026,"R or spouse has account-type plan at current job (pension grid; DCPLANCJ-style, excl. plans already paying benefits)"
2022,pct_families_contributing_dc_current_job,head age 55-64,34.9063,1.3702,1026,R or spouse currently makes employee contributions to a current-job account-type plan
2022,pct_takeup_families_with_dc_plan,head age 55-64,92.0015,1.2600,429,among families with a current-job account-type plan
2022,agg_dc_employee_pct_of_current_wages,head age 55-64,5.1699,0.5479,1026,"annualized current employee DC contributions / annualized current main-job pay, all R+spouse employees (self-employed/no-pay plan holders excluded from both)"
2022,agg_dc_employer_pct_of_current_wages,head age 55-64,3.4316,0.3434,1026,"annualized current employer DC contributions / annualized current main-job pay, all R+spouse employees"
2022,agg_dc_total_pct_of_current_wages,head age 55-64,8.6015,0.7015,1026,"employee + employer / annualized current main-job pay, all R+spouse employees"
2022,pct_families_contributing_ira_prior_year,head age 55-64,9.3781,1.0007,1026,any family member contributed to an IRA in 2021 (X6791/X6793/X6795; excludes rollovers)
2022,pct_ira_holders_contributing_prior_year,head age 55-64,28.9056,2.6772,454,among families with IRA/Keogh balance > 0 at interview
2022,pct_families_contributing_dc_or_ira,head age 55-64,40.9719,1.5415,1026,DC (current) or IRA (prior calendar year)
2022,pct_families_contributing_dc_and_ira,head age 55-64,3.3124,0.5700,1026,both
2022,median_ira_contribution_dollars_if_any,head age 55-64,6600.0000,456.1342,136,"nominal 2021 dollars, family total"
2022,agg_ira_contrib_pct_of_wageinc,head age 55-64,0.7416,0.0876,1026,"IRA contributions 2021 / family wage & salary income 2021 (X5702), all families"
2022,agg_dc_ee_pct_of_wageinc,head age 55-64,4.9783,0.5050,1026,annualized current employee DC contributions / prior-year family wage income (X5702)
2022,agg_dc_total_plus_ira_pct_of_wageinc,head age 55-64,8.8849,0.6932,1026,"DC employee+employer (current, annualized) + IRA (prior year) / prior-year wage income"
2022,pct_families_with_dc_plan_current_job,income quartile 1,6.8003,0.7804,994,"R or spouse has account-type plan at current job (pension grid; DCPLANCJ-style, excl. plans already paying benefits)"
2022,pct_families_contributing_dc_current_job,income quartile 1,6.4099,0.7284,994,R or spouse currently makes employee contributions to a current-job account-type plan
2022,pct_takeup_families_with_dc_plan,income quartile 1,94.2590,2.1115,77,among families with a current-job account-type plan
2022,agg_dc_employee_pct_of_current_wages,income quartile 1,1.2454,0.1779,994,"annualized current employee DC contributions / annualized current main-job pay, all R+spouse employees (self-employed/no-pay plan holders excluded from both)"
2022,agg_dc_employer_pct_of_current_wages,income quartile 1,0.7423,0.0916,994,"annualized current employer DC contributions / annualized current main-job pay, all R+spouse employees"
2022,agg_dc_total_pct_of_current_wages,income quartile 1,1.9877,0.2437,994,"employee + employer / annualized current main-job pay, all R+spouse employees"
2022,pct_families_contributing_ira_prior_year,income quartile 1,1.5052,0.3815,994,any family member contributed to an IRA in 2021 (X6791/X6793/X6795; excludes rollovers)
2022,pct_ira_holders_contributing_prior_year,income quartile 1,16.2322,4.0170,89,among families with IRA/Keogh balance > 0 at interview
2022,pct_families_contributing_dc_or_ira,income quartile 1,7.7434,0.8401,994,DC (current) or IRA (prior calendar year)
2022,pct_families_contributing_dc_and_ira,income quartile 1,0.1717,0.0946,994,both
2022,median_ira_contribution_dollars_if_any,income quartile 1,1300.0000,886.8547,20,"nominal 2021 dollars, family total"
2022,agg_ira_contrib_pct_of_wageinc,income quartile 1,0.5568,0.1826,994,"IRA contributions 2021 / family wage & salary income 2021 (X5702), all families"
2022,agg_dc_ee_pct_of_wageinc,income quartile 1,2.2939,0.3911,994,annualized current employee DC contributions / prior-year family wage income (X5702)
2022,agg_dc_total_plus_ira_pct_of_wageinc,income quartile 1,4.2577,0.6353,994,"DC employee+employer (current, annualized) + IRA (prior year) / prior-year wage income"
2022,pct_families_with_dc_plan_current_job,income quartile 2,22.4913,1.3127,887,"R or spouse has account-type plan at current job (pension grid; DCPLANCJ-style, excl. plans already paying benefits)"
2022,pct_families_contributing_dc_current_job,income quartile 2,19.8314,1.1981,887,R or spouse currently makes employee contributions to a current-job account-type plan
2022,pct_takeup_families_with_dc_plan,income quartile 2,88.1738,2.1779,182,among families with a current-job account-type plan
2022,agg_dc_employee_pct_of_current_wages,income quartile 2,1.9913,0.1696,887,"annualized current employee DC contributions / annualized current main-job pay, all R+spouse employees (self-employed/no-pay plan holders excluded from both)"
2022,agg_dc_employer_pct_of_current_wages,income quartile 2,1.5324,0.1135,887,"annualized current employer DC contributions / annualized current main-job pay, all R+spouse employees"
2022,agg_dc_total_pct_of_current_wages,income quartile 2,3.5237,0.2680,887,"employee + employer / annualized current main-job pay, all R+spouse employees"
2022,pct_families_contributing_ira_prior_year,income quartile 2,5.1988,0.6854,887,any family member contributed to an IRA in 2021 (X6791/X6793/X6795; excludes rollovers)
2022,pct_ira_holders_contributing_prior_year,income quartile 2,27.3583,2.8043,166,among families with IRA/Keogh balance > 0 at interview
2022,pct_families_contributing_dc_or_ira,income quartile 2,23.6800,1.2854,887,DC (current) or IRA (prior calendar year)
2022,pct_families_contributing_dc_and_ira,income quartile 2,1.3501,0.3887,887,both
2022,median_ira_contribution_dollars_if_any,income quartile 2,2100.0000,495.2318,52,"nominal 2021 dollars, family total"
2022,agg_ira_contrib_pct_of_wageinc,income quartile 2,0.5591,0.1015,887,"IRA contributions 2021 / family wage & salary income 2021 (X5702), all families"
2022,agg_dc_ee_pct_of_wageinc,income quartile 2,2.4388,0.2043,887,annualized current employee DC contributions / prior-year family wage income (X5702)
2022,agg_dc_total_plus_ira_pct_of_wageinc,income quartile 2,4.8745,0.3328,887,"DC employee+employer (current, annualized) + IRA (prior year) / prior-year wage income"
2022,pct_families_with_dc_plan_current_job,income quartile 3,44.3656,2.0039,878,"R or spouse has account-type plan at current job (pension grid; DCPLANCJ-style, excl. plans already paying benefits)"
2022,pct_families_contributing_dc_current_job,income quartile 3,40.2222,1.8692,878,R or spouse currently makes employee contributions to a current-job account-type plan
2022,pct_takeup_families_with_dc_plan,income quartile 3,90.6608,1.2541,353,among families with a current-job account-type plan
2022,agg_dc_employee_pct_of_current_wages,income quartile 3,3.0674,0.1929,878,"annualized current employee DC contributions / annualized current main-job pay, all R+spouse employees (self-employed/no-pay plan holders excluded from both)"
2022,agg_dc_employer_pct_of_current_wages,income quartile 3,1.9782,0.1074,878,"annualized current employer DC contributions / annualized current main-job pay, all R+spouse employees"
2022,agg_dc_total_pct_of_current_wages,income quartile 3,5.0456,0.2608,878,"employee + employer / annualized current main-job pay, all R+spouse employees"
2022,pct_families_contributing_ira_prior_year,income quartile 3,11.8477,1.1085,878,any family member contributed to an IRA in 2021 (X6791/X6793/X6795; excludes rollovers)
2022,pct_ira_holders_contributing_prior_year,income quartile 3,32.5208,2.6628,294,among families with IRA/Keogh balance > 0 at interview
2022,pct_families_contributing_dc_or_ira,income quartile 3,46.3883,1.6208,878,DC (current) or IRA (prior calendar year)
2022,pct_families_contributing_dc_and_ira,income quartile 3,5.6815,0.8993,878,both
2022,median_ira_contribution_dollars_if_any,income quartile 3,4800.0000,870.9604,94,"nominal 2021 dollars, family total"
2022,agg_ira_contrib_pct_of_wageinc,income quartile 3,0.8147,0.1067,878,"IRA contributions 2021 / family wage & salary income 2021 (X5702), all families"
2022,agg_dc_ee_pct_of_wageinc,income quartile 3,3.3740,0.2240,878,annualized current employee DC contributions / prior-year family wage income (X5702)
2022,agg_dc_total_plus_ira_pct_of_wageinc,income quartile 3,6.3234,0.3257,878,"DC employee+employer (current, annualized) + IRA (prior year) / prior-year wage income"
2022,pct_families_with_dc_plan_current_job,income quartile 4,61.5968,1.2940,1836,"R or spouse has account-type plan at current job (pension grid; DCPLANCJ-style, excl. plans already paying benefits)"
2022,pct_families_contributing_dc_current_job,income quartile 4,58.5301,1.3350,1836,R or spouse currently makes employee contributions to a current-job account-type plan
2022,pct_takeup_families_with_dc_plan,income quartile 4,95.0213,0.7973,969,among families with a current-job account-type plan
2022,agg_dc_employee_pct_of_current_wages,income quartile 4,5.4263,0.2709,1836,"annualized current employee DC contributions / annualized current main-job pay, all R+spouse employees (self-employed/no-pay plan holders excluded from both)"
2022,agg_dc_employer_pct_of_current_wages,income quartile 4,3.1540,0.1611,1836,"annualized current employer DC contributions / annualized current main-job pay, all R+spouse employees"
2022,agg_dc_total_pct_of_current_wages,income quartile 4,8.5803,0.3613,1836,"employee + employer / annualized current main-job pay, all R+spouse employees"
2022,pct_families_contributing_ira_prior_year,income quartile 4,22.2809,1.0827,1836,any family member contributed to an IRA in 2021 (X6791/X6793/X6795; excludes rollovers)
2022,pct_ira_holders_contributing_prior_year,income quartile 4,37.6452,1.6883,1236,among families with IRA/Keogh balance > 0 at interview
2022,pct_families_contributing_dc_or_ira,income quartile 4,67.4174,1.2251,1836,DC (current) or IRA (prior calendar year)
2022,pct_families_contributing_dc_and_ira,income quartile 4,13.3935,0.9214,1836,both
2022,median_ira_contribution_dollars_if_any,income quartile 4,6000.0000,122.2291,380,"nominal 2021 dollars, family total"
2022,agg_ira_contrib_pct_of_wageinc,income quartile 4,0.8078,0.0532,1836,"IRA contributions 2021 / family wage & salary income 2021 (X5702), all families"
2022,agg_dc_ee_pct_of_wageinc,income quartile 4,5.2293,0.2591,1836,annualized current employee DC contributions / prior-year family wage income (X5702)
2022,agg_dc_total_plus_ira_pct_of_wageinc,income quartile 4,9.0549,0.3585,1836,"DC employee+employer (current, annualized) + IRA (prior year) / prior-year wage income"
2022,agg_dc_employee_pct_of_covered_pay,all families,7.1772,0.2464,1581,contributions / annualized pay of R+spouse who have a current-job account plan (families with a plan)
2022,agg_dc_employer_pct_of_covered_pay,all families,4.3172,0.1531,1581,contributions / annualized pay of R+spouse who have a current-job account plan (families with a plan)
2022,agg_dc_total_pct_of_covered_pay,all families,11.4944,0.3229,1581,contributions / annualized pay of R+spouse who have a current-job account plan (families with a plan)
2022,agg_dc_employee_pct_of_covered_pay,"working-age families (head 25-64, working)",6.8163,0.1948,1345,contributions / annualized pay of R+spouse who have a current-job account plan (families with a plan)
2022,agg_dc_employer_pct_of_covered_pay,"working-age families (head 25-64, working)",4.2430,0.1624,1345,contributions / annualized pay of R+spouse who have a current-job account plan (families with a plan)
2022,agg_dc_total_pct_of_covered_pay,"working-age families (head 25-64, working)",11.0593,0.2931,1345,contributions / annualized pay of R+spouse who have a current-job account plan (families with a plan)
2022,agg_dc_employee_pct_of_covered_pay,head age 25-34,6.5749,0.3824,202,contributions / annualized pay of R+spouse who have a current-job account plan (families with a plan)
2022,agg_dc_employer_pct_of_covered_pay,head age 25-34,4.1109,0.2677,202,contributions / annualized pay of R+spouse who have a current-job account plan (families with a plan)
2022,agg_dc_total_pct_of_covered_pay,head age 25-34,10.6858,0.4971,202,contributions / annualized pay of R+spouse who have a current-job account plan (families with a plan)
2022,agg_dc_employee_pct_of_covered_pay,head age 35-44,6.3513,0.3640,342,contributions / annualized pay of R+spouse who have a current-job account plan (families with a plan)
2022,agg_dc_employer_pct_of_covered_pay,head age 35-44,3.6886,0.2251,342,contributions / annualized pay of R+spouse who have a current-job account plan (families with a plan)
2022,agg_dc_total_pct_of_covered_pay,head age 35-44,10.0398,0.5531,342,contributions / annualized pay of R+spouse who have a current-job account plan (families with a plan)
2022,agg_dc_employee_pct_of_covered_pay,head age 45-54,6.9821,0.3797,409,contributions / annualized pay of R+spouse who have a current-job account plan (families with a plan)
2022,agg_dc_employer_pct_of_covered_pay,head age 45-54,3.9603,0.2012,409,contributions / annualized pay of R+spouse who have a current-job account plan (families with a plan)
2022,agg_dc_total_pct_of_covered_pay,head age 45-54,10.9424,0.4875,409,contributions / annualized pay of R+spouse who have a current-job account plan (families with a plan)
2022,agg_dc_employee_pct_of_covered_pay,head age 55-64,7.9558,0.7857,429,contributions / annualized pay of R+spouse who have a current-job account plan (families with a plan)
2022,agg_dc_employer_pct_of_covered_pay,head age 55-64,5.2807,0.4796,429,contributions / annualized pay of R+spouse who have a current-job account plan (families with a plan)
2022,agg_dc_total_pct_of_covered_pay,head age 55-64,13.2365,0.9384,429,contributions / annualized pay of R+spouse who have a current-job account plan (families with a plan)
2022,agg_dc_employee_pct_of_covered_pay,income quartile 1,5.4459,0.5095,77,contributions / annualized pay of R+spouse who have a current-job account plan (families with a plan)
2022,agg_dc_employer_pct_of_covered_pay,income quartile 1,3.2462,0.2913,77,contributions / annualized pay of R+spouse who have a current-job account plan (families with a plan)
2022,agg_dc_total_pct_of_covered_pay,income quartile 1,8.6921,0.6063,77,contributions / annualized pay of R+spouse who have a current-job account plan (families with a plan)
2022,agg_dc_employee_pct_of_covered_pay,income quartile 2,5.7727,0.3628,182,contributions / annualized pay of R+spouse who have a current-job account plan (families with a plan)
2022,agg_dc_employer_pct_of_covered_pay,income quartile 2,4.4422,0.2347,182,contributions / annualized pay of R+spouse who have a current-job account plan (families with a plan)
2022,agg_dc_total_pct_of_covered_pay,income quartile 2,10.2149,0.5350,182,contributions / annualized pay of R+spouse who have a current-job account plan (families with a plan)
2022,agg_dc_employee_pct_of_covered_pay,income quartile 3,6.0640,0.2757,353,contributions / annualized pay of R+spouse who have a current-job account plan (families with a plan)
2022,agg_dc_employer_pct_of_covered_pay,income quartile 3,3.9107,0.1548,353,contributions / annualized pay of R+spouse who have a current-job account plan (families with a plan)
2022,agg_dc_total_pct_of_covered_pay,income quartile 3,9.9747,0.3143,353,contributions / annualized pay of R+spouse who have a current-job account plan (families with a plan)
2022,agg_dc_employee_pct_of_covered_pay,income quartile 4,7.6322,0.3362,969,contributions / annualized pay of R+spouse who have a current-job account plan (families with a plan)
2022,agg_dc_employer_pct_of_covered_pay,income quartile 4,4.4361,0.2130,969,contributions / annualized pay of R+spouse who have a current-job account plan (families with a plan)
2022,agg_dc_total_pct_of_covered_pay,income quartile 4,12.0683,0.4369,969,contributions / annualized pay of R+spouse who have a current-job account plan (families with a plan)
2022,pct_takeup_workers_with_dc_plan,"workers with current-job account plan, all ages",90.1821,0.8129,1934,person currently contributes / person has current-job account-type plan
2022,median_employee_pct_of_pay,"workers with current-job account plan, all ages",6.0000,0.0835,1716,sum over the person's current-job account plans; contributors only
2022,mean_employee_pct_of_pay,"workers with current-job account plan, all ages",7.6374,0.1577,1716,contributors only
2022,median_employer_pct_of_pay,"workers with current-job account plan, all ages",4.0000,0.4723,1717,employee contributors; 0 where employer does not contribute
2022,mean_employer_pct_of_pay,"workers with current-job account plan, all ages",4.1337,0.0854,1717,employee contributors; 0 where employer does not contribute
2022,median_employer_pct_of_pay_if_employer_contributes,"workers with current-job account plan, all ages",4.0000,0.0000,1449,employee contributors with employer contribution > 0
2022,median_total_pct_of_pay,"workers with current-job account plan, all ages",10.0000,0.1044,1706,employee + employer; employee contributors
2022,mean_total_pct_of_pay,"workers with current-job account plan, all ages",11.7709,0.1970,1706,employee + employer; employee contributors
2022,mean_employee_pct_of_pay_capped25,"workers with current-job account plan, all ages",7.2792,0.1215,1716,contributors; each person's rate capped at 25% of pay
2022,mean_employer_pct_of_pay_capped25,"workers with current-job account plan, all ages",4.0788,0.0733,1717,employee contributors; employer rate capped at 25%
2022,mean_total_pct_of_pay_capped25,"workers with current-job account plan, all ages",11.3563,0.1578,1706,"employee + employer, each capped at 25%"
2022,pct_contributors_with_employer_contribution,"workers with current-job account plan, all ages",85.3954,1.0585,1717,employee contributors whose employer also contributes
2022,pct_takeup_workers_with_dc_plan,"workers with current-job account plan, age 25-64",90.0629,0.8342,1747,person currently contributes / person has current-job account-type plan
2022,median_employee_pct_of_pay,"workers with current-job account plan, age 25-64",6.0000,0.1468,1562,sum over the person's current-job account plans; contributors only
2022,mean_employee_pct_of_pay,"workers with current-job account plan, age 25-64",7.4821,0.1794,1562,contributors only
2022,median_employer_pct_of_pay,"workers with current-job account plan, age 25-64",4.0000,0.5002,1564,employee contributors; 0 where employer does not contribute
2022,mean_employer_pct_of_pay,"workers with current-job account plan, age 25-64",4.1082,0.0918,1564,employee contributors; 0 where employer does not contribute
2022,median_employer_pct_of_pay_if_employer_contributes,"workers with current-job account plan, age 25-64",4.0000,0.0000,1318,employee contributors with employer contribution > 0
2022,median_total_pct_of_pay,"workers with current-job account plan, age 25-64",10.0000,0.0996,1553,employee + employer; employee contributors
2022,mean_total_pct_of_pay,"workers with current-job account plan, age 25-64",11.5895,0.2202,1553,employee + employer; employee contributors
2022,mean_employee_pct_of_pay_capped25,"workers with current-job account plan, age 25-64",7.1810,0.1335,1562,contributors; each person's rate capped at 25% of pay
2022,mean_employer_pct_of_pay_capped25,"workers with current-job account plan, age 25-64",4.0536,0.0784,1564,employee contributors; employer rate capped at 25%
2022,mean_total_pct_of_pay_capped25,"workers with current-job account plan, age 25-64",11.2324,0.1726,1553,"employee + employer, each capped at 25%"
2022,pct_contributors_with_employer_contribution,"workers with current-job account plan, age 25-64",84.8233,1.1165,1564,employee contributors whose employer also contributes
2022,pct_takeup_workers_with_dc_plan,worker age 25-34,88.3837,2.5209,256,person currently contributes / person has current-job account-type plan
2022,median_employee_pct_of_pay,worker age 25-34,6.0000,0.6993,226,sum over the person's current-job account plans; contributors only
2022,mean_employee_pct_of_pay,worker age 25-34,6.6958,0.3887,226,contributors only
2022,median_employer_pct_of_pay,worker age 25-34,4.0000,0.4390,228,employee contributors; 0 where employer does not contribute
2022,mean_employer_pct_of_pay,worker age 25-34,3.8428,0.1812,228,employee contributors; 0 where employer does not contribute
2022,median_employer_pct_of_pay_if_employer_contributes,worker age 25-34,4.0000,0.1176,194,employee contributors with employer contribution > 0
2022,median_total_pct_of_pay,worker age 25-34,10.0000,0.2873,225,employee + employer; employee contributors
2022,mean_total_pct_of_pay,worker age 25-34,10.5437,0.4714,225,employee + employer; employee contributors
2022,mean_employee_pct_of_pay_capped25,worker age 25-34,6.4061,0.2721,226,contributors; each person's rate capped at 25% of pay
2022,mean_employer_pct_of_pay_capped25,worker age 25-34,3.8428,0.1812,228,employee contributors; employer rate capped at 25%
2022,mean_total_pct_of_pay_capped25,worker age 25-34,10.2526,0.3817,225,"employee + employer, each capped at 25%"
2022,pct_contributors_with_employer_contribution,worker age 25-34,84.3585,2.6191,228,employee contributors whose employer also contributes
2022,pct_takeup_workers_with_dc_plan,worker age 35-44,90.2295,1.5051,456,person currently contributes / person has current-job account-type plan
2022,median_employee_pct_of_pay,worker age 35-44,5.0000,0.3820,409,sum over the person's current-job account plans; contributors only
2022,mean_employee_pct_of_pay,worker age 35-44,6.7196,0.3112,409,contributors only
2022,median_employer_pct_of_pay,worker age 35-44,3.0000,0.2414,410,employee contributors; 0 where employer does not contribute
2022,mean_employer_pct_of_pay,worker age 35-44,3.6654,0.1265,410,employee contributors; 0 where employer does not contribute
2022,median_employer_pct_of_pay_if_employer_contributes,worker age 35-44,4.0000,0.1651,355,employee contributors with employer contribution > 0
2022,median_total_pct_of_pay,worker age 35-44,10.0000,0.5274,408,employee + employer; employee contributors
2022,mean_total_pct_of_pay,worker age 35-44,10.3718,0.3631,408,employee + employer; employee contributors
2022,mean_employee_pct_of_pay_capped25,worker age 35-44,6.4961,0.2357,409,contributors; each person's rate capped at 25% of pay
2022,mean_employer_pct_of_pay_capped25,worker age 35-44,3.6637,0.1264,410,employee contributors; employer rate capped at 25%
2022,mean_total_pct_of_pay_capped25,worker age 35-44,10.1459,0.3041,408,"employee + employer, each capped at 25%"
2022,pct_contributors_with_employer_contribution,worker age 35-44,85.6189,2.1351,410,employee contributors whose employer also contributes
2022,pct_takeup_workers_with_dc_plan,worker age 45-54,91.0039,1.3347,509,person currently contributes / person has current-job account-type plan
2022,median_employee_pct_of_pay,worker age 45-54,6.0000,0.3036,463,sum over the person's current-job account plans; contributors only
2022,mean_employee_pct_of_pay,worker age 45-54,7.8418,0.2911,463,contributors only
2022,median_employer_pct_of_pay,worker age 45-54,4.0000,0.4573,457,employee contributors; 0 where employer does not contribute
2022,mean_employer_pct_of_pay,worker age 45-54,4.1647,0.1733,457,employee contributors; 0 where employer does not contribute
2022,median_employer_pct_of_pay_if_employer_contributes,worker age 45-54,4.0000,0.7732,396,employee contributors with employer contribution > 0
2022,median_total_pct_of_pay,worker age 45-54,10.0000,0.4567,456,employee + employer; employee contributors
2022,mean_total_pct_of_pay,worker age 45-54,12.0158,0.3777,456,employee + employer; employee contributors
2022,mean_employee_pct_of_pay_capped25,worker age 45-54,7.6384,0.2639,463,contributors; each person's rate capped at 25% of pay
2022,mean_employer_pct_of_pay_capped25,worker age 45-54,4.1369,0.1644,457,employee contributors; employer rate capped at 25%
2022,mean_total_pct_of_pay_capped25,worker age 45-54,11.7827,0.3489,456,"employee + employer, each capped at 25%"
2022,pct_contributors_with_employer_contribution,worker age 45-54,85.1141,2.0511,457,employee contributors whose employer also contributes
2022,pct_takeup_workers_with_dc_plan,worker age 55-64,90.3996,1.2121,526,person currently contributes / person has current-job account-type plan
2022,median_employee_pct_of_pay,worker age 55-64,7.0000,0.5879,464,sum over the person's current-job account plans; contributors only
2022,mean_employee_pct_of_pay,worker age 55-64,8.7603,0.4124,464,contributors only
2022,median_employer_pct_of_pay,worker age 55-64,4.0000,0.4783,469,employee contributors; 0 where employer does not contribute
2022,mean_employer_pct_of_pay,worker age 55-64,4.8468,0.3064,469,employee contributors; 0 where employer does not contribute
2022,median_employer_pct_of_pay_if_employer_contributes,worker age 55-64,4.0000,0.3669,373,employee contributors with employer contribution > 0
2022,median_total_pct_of_pay,worker age 55-64,12.0000,0.8394,464,employee + employer; employee contributors
2022,mean_total_pct_of_pay,worker age 55-64,13.6020,0.5414,464,employee + employer; employee contributors
2022,mean_employee_pct_of_pay_capped25,worker age 55-64,8.2310,0.3019,464,contributors; each person's rate capped at 25% of pay
2022,mean_employer_pct_of_pay_capped25,worker age 55-64,4.6402,0.2256,469,employee contributors; employer rate capped at 25%
2022,mean_total_pct_of_pay_capped25,worker age 55-64,12.8652,0.3926,464,"employee + employer, each capped at 25%"
2022,pct_contributors_with_employer_contribution,worker age 55-64,83.9415,1.7908,469,employee contributors whose employer also contributes
2022,pct_takeup_workers_with_dc_plan,family income quartile 1,94.2675,2.1077,78,person currently contributes / person has current-job account-type plan
2022,median_employee_pct_of_pay,family income quartile 1,4.0000,0.6966,68,sum over the person's current-job account plans; contributors only
2022,mean_employee_pct_of_pay,family income quartile 1,5.2425,0.3927,68,contributors only
2022,median_employer_pct_of_pay,family income quartile 1,3.0000,0.7131,68,employee contributors; 0 where employer does not contribute
2022,mean_employer_pct_of_pay,family income quartile 1,3.3015,0.3455,68,employee contributors; 0 where employer does not contribute
2022,median_employer_pct_of_pay_if_employer_contributes,family income quartile 1,4.0000,0.6625,62,employee contributors with employer contribution > 0
2022,median_total_pct_of_pay,family income quartile 1,8.0000,0.8442,68,employee + employer; employee contributors
2022,mean_total_pct_of_pay,family income quartile 1,8.5408,0.4313,68,employee + employer; employee contributors
2022,mean_employee_pct_of_pay_capped25,family income quartile 1,5.2155,0.3886,68,contributors; each person's rate capped at 25% of pay
2022,mean_employer_pct_of_pay_capped25,family income quartile 1,3.3015,0.3455,68,employee contributors; employer rate capped at 25%
2022,mean_total_pct_of_pay_capped25,family income quartile 1,8.5139,0.4284,68,"employee + employer, each capped at 25%"
2022,pct_contributors_with_employer_contribution,family income quartile 1,90.9845,3.0143,68,employee contributors whose employer also contributes
2022,pct_takeup_workers_with_dc_plan,family income quartile 2,88.5074,2.1416,188,person currently contributes / person has current-job account-type plan
2022,median_employee_pct_of_pay,family income quartile 2,5.0000,0.4395,159,sum over the person's current-job account plans; contributors only
2022,mean_employee_pct_of_pay,family income quartile 2,6.3545,0.3203,159,contributors only
2022,median_employer_pct_of_pay,family income quartile 2,5.0000,0.7001,162,employee contributors; 0 where employer does not contribute
2022,mean_employer_pct_of_pay,family income quartile 2,4.5012,0.1917,162,employee contributors; 0 where employer does not contribute
2022,median_employer_pct_of_pay_if_employer_contributes,family income quartile 2,5.0000,0.1435,141,employee contributors with employer contribution > 0
2022,median_total_pct_of_pay,family income quartile 2,10.0000,0.1694,159,employee + employer; employee contributors
2022,mean_total_pct_of_pay,family income quartile 2,10.8880,0.4541,159,employee + employer; employee contributors
2022,mean_employee_pct_of_pay_capped25,family income quartile 2,6.1645,0.2686,159,contributors; each person's rate capped at 25% of pay
2022,mean_employer_pct_of_pay_capped25,family income quartile 2,4.4498,0.1784,162,employee contributors; employer rate capped at 25%
2022,mean_total_pct_of_pay_capped25,family income quartile 2,10.6462,0.3894,159,"employee + employer, each capped at 25%"
2022,pct_contributors_with_employer_contribution,family income quartile 2,89.7002,2.0461,162,employee contributors whose employer also contributes
2022,pct_takeup_workers_with_dc_plan,family income quartile 3,88.2818,1.5409,416,person currently contributes / person has current-job account-type plan
2022,median_employee_pct_of_pay,family income quartile 3,5.0000,0.3299,361,sum over the person's current-job account plans; contributors only
2022,mean_employee_pct_of_pay,family income quartile 3,6.7390,0.2502,361,contributors only
2022,median_employer_pct_of_pay,family income quartile 3,3.0000,0.1501,362,employee contributors; 0 where employer does not contribute
2022,mean_employer_pct_of_pay,family income quartile 3,4.0728,0.1960,362,employee contributors; 0 where employer does not contribute
2022,median_employer_pct_of_pay_if_employer_contributes,family income quartile 3,4.0000,0.2031,314,employee contributors with employer contribution > 0
2022,median_total_pct_of_pay,family income quartile 3,10.0000,0.6967,361,employee + employer; employee contributors
2022,mean_total_pct_of_pay,family income quartile 3,10.8118,0.3356,361,employee + employer; employee contributors
2022,mean_employee_pct_of_pay_capped25,family income quartile 3,6.6327,0.2410,361,contributors; each person's rate capped at 25% of pay
2022,mean_employer_pct_of_pay_capped25,family income quartile 3,3.9361,0.1405,362,employee contributors; employer rate capped at 25%
2022,mean_total_pct_of_pay_capped25,family income quartile 3,10.5689,0.2933,361,"employee + employer, each capped at 25%"
2022,pct_contributors_with_employer_contribution,family income quartile 3,85.4374,1.9225,362,employee contributors whose employer also contributes
2022,pct_takeup_workers_with_dc_plan,family income quartile 4,91.5447,0.9029,1252,person currently contributes / person has current-job account-type plan
2022,median_employee_pct_of_pay,family income quartile 4,7.0000,0.4009,1128,sum over the person's current-job account plans; contributors only
2022,mean_employee_pct_of_pay,family income quartile 4,8.7520,0.2569,1128,contributors only
2022,median_employer_pct_of_pay,family income quartile 4,4.0000,0.4973,1125,employee contributors; 0 where employer does not contribute
2022,mean_employer_pct_of_pay,family income quartile 4,4.1412,0.1246,1125,employee contributors; 0 where employer does not contribute
2022,median_employer_pct_of_pay_if_employer_contributes,family income quartile 4,4.0000,0.0447,932,employee contributors with employer contribution > 0
2022,median_total_pct_of_pay,family income quartile 4,12.0000,0.7475,1118,employee + employer; employee contributors
2022,mean_total_pct_of_pay,family income quartile 4,12.8934,0.2931,1118,employee + employer; employee contributors
2022,mean_employee_pct_of_pay_capped25,family income quartile 4,8.1623,0.1827,1128,contributors; each person's rate capped at 25% of pay
2022,mean_employer_pct_of_pay_capped25,family income quartile 4,4.1321,0.1240,1125,employee contributors; employer rate capped at 25%
2022,mean_total_pct_of_pay_capped25,family income quartile 4,12.2901,0.2338,1118,"employee + employer, each capped at 25%"
2022,pct_contributors_with_employer_contribution,family income quartile 4,83.7019,1.4527,1125,employee contributors whose employer also contributes
2022,pct_takeup_eligible_workers_broad,"workers with plan or eligible, all ages",74.7210,0.9802,2263,"contributors / (has current-job account plan + eligible non-participant offered an account-type plan, X4137 & X6708-12)"
2022,pct_eligible_nonparticipants_of_eligible,"workers with plan or eligible, all ages",17.1443,0.8341,2263,eligible for an offered account-type plan but not included in any plan
2022,pct_takeup_eligible_workers_broad,"workers with plan or eligible, age 25-64",76.7099,0.9438,2010,"contributors / (has current-job account plan + eligible non-participant offered an account-type plan, X4137 & X6708-12)"
2022,pct_eligible_nonparticipants_of_eligible,"workers with plan or eligible, age 25-64",14.8263,0.7674,2010,eligible for an offered account-type plan but not included in any plan
2022,pct_takeup_eligible_workers_broad,worker age 25-34,69.0251,2.3547,333,"contributors / (has current-job account plan + eligible non-participant offered an account-type plan, X4137 & X6708-12)"
2022,pct_eligible_nonparticipants_of_eligible,worker age 25-34,21.9029,1.8675,333,eligible for an offered account-type plan but not included in any plan
2022,pct_takeup_eligible_workers_broad,worker age 35-44,77.4795,1.7890,535,"contributors / (has current-job account plan + eligible non-participant offered an account-type plan, X4137 & X6708-12)"
2022,pct_eligible_nonparticipants_of_eligible,worker age 35-44,14.1306,1.5024,535,eligible for an offered account-type plan but not included in any plan
2022,pct_takeup_eligible_workers_broad,worker age 45-54,80.5322,1.9174,571,"contributors / (has current-job account plan + eligible non-participant offered an account-type plan, X4137 & X6708-12)"
2022,pct_eligible_nonparticipants_of_eligible,worker age 45-54,11.5069,1.4056,571,eligible for an offered account-type plan but not included in any plan
2022,pct_takeup_eligible_workers_broad,worker age 55-64,79.8399,1.7211,571,"contributors / (has current-job account plan + eligible non-participant offered an account-type plan, X4137 & X6708-12)"
2022,pct_eligible_nonparticipants_of_eligible,worker age 55-64,11.6811,1.4943,571,eligible for an offered account-type plan but not included in any plan
2022,pct_takeup_eligible_workers_broad,family income quartile 1,49.3702,4.1783,131,"contributors / (has current-job account plan + eligible non-participant offered an account-type plan, X4137 & X6708-12)"
2022,pct_eligible_nonparticipants_of_eligible,family income quartile 1,47.6276,4.3755,131,eligible for an offered account-type plan but not included in any plan
2022,pct_takeup_eligible_workers_broad,family income quartile 2,59.7695,2.8266,283,"contributors / (has current-job account plan + eligible non-participant offered an account-type plan, X4137 & X6708-12)"
2022,pct_eligible_nonparticipants_of_eligible,family income quartile 2,32.4695,2.9084,283,eligible for an offered account-type plan but not included in any plan
2022,pct_takeup_eligible_workers_broad,family income quartile 3,73.8740,1.8750,507,"contributors / (has current-job account plan + eligible non-participant offered an account-type plan, X4137 & X6708-12)"
2022,pct_eligible_nonparticipants_of_eligible,family income quartile 3,16.3202,1.6705,507,eligible for an offered account-type plan but not included in any plan
2022,pct_takeup_eligible_workers_broad,family income quartile 4,84.8993,1.0559,1342,"contributors / (has current-job account plan + eligible non-participant offered an account-type plan, X4137 & X6708-12)"
2022,pct_eligible_nonparticipants_of_eligible,family income quartile 4,7.2592,0.7247,1342,eligible for an offered account-type plan but not included in any plan
