series_id,item_code,age_group,year,value,footnote_codes
CXU580901LB0403M,580901,25-34,2010,39.0,
CXU580901LB0403M,580901,25-34,2011,35.0,
CXU580901LB0403M,580901,25-34,2012,42.0,
CXU580901LB0403M,580901,25-34,2013,42.0,
CXU580901LB0403M,580901,25-34,2014,46.0,
CXU580901LB0403M,580901,25-34,2015,55.0,
CXU580901LB0403M,580901,25-34,2016,48.0,
CXU580901LB0403M,580901,25-34,2017,61.0,
CXU580901LB0403M,580901,25-34,2018,42.0,
CXU580901LB0403M,580901,25-34,2019,49.0,
CXU580901LB0403M,580901,25-34,2020,68.0,
CXU580901LB0403M,580901,25-34,2021,67.0,
CXU580901LB0403M,580901,25-34,2022,77.0,
CXU580901LB0403M,580901,25-34,2023,57.0,
CXU580901LB0403M,580901,25-34,2024,111.0,
CXU580901LB0404M,580901,35-44,2010,66.0,
CXU580901LB0404M,580901,35-44,2011,65.0,
CXU580901LB0404M,580901,35-44,2012,93.0,
CXU580901LB0404M,580901,35-44,2013,90.0,
CXU580901LB0404M,580901,35-44,2014,76.0,
CXU580901LB0404M,580901,35-44,2015,85.0,
CXU580901LB0404M,580901,35-44,2016,99.0,
CXU580901LB0404M,580901,35-44,2017,109.0,
CXU580901LB0404M,580901,35-44,2018,86.0,
CXU580901LB0404M,580901,35-44,2019,110.0,
CXU580901LB0404M,580901,35-44,2020,122.0,
CXU580901LB0404M,580901,35-44,2021,123.0,
CXU580901LB0404M,580901,35-44,2022,151.0,
CXU580901LB0404M,580901,35-44,2023,166.0,
CXU580901LB0404M,580901,35-44,2024,181.0,
CXU580901LB0405M,580901,45-54,2010,103.0,
CXU580901LB0405M,580901,45-54,2011,125.0,
CXU580901LB0405M,580901,45-54,2012,143.0,
CXU580901LB0405M,580901,45-54,2013,125.0,
CXU580901LB0405M,580901,45-54,2014,108.0,
CXU580901LB0405M,580901,45-54,2015,129.0,
CXU580901LB0405M,580901,45-54,2016,157.0,
CXU580901LB0405M,580901,45-54,2017,173.0,
CXU580901LB0405M,580901,45-54,2018,179.0,
CXU580901LB0405M,580901,45-54,2019,208.0,
CXU580901LB0405M,580901,45-54,2020,163.0,
CXU580901LB0405M,580901,45-54,2021,187.0,
CXU580901LB0405M,580901,45-54,2022,214.0,
CXU580901LB0405M,580901,45-54,2023,222.0,
CXU580901LB0405M,580901,45-54,2024,226.0,
CXU580901LB0406M,580901,55-64,2010,230.0,
CXU580901LB0406M,580901,55-64,2011,230.0,
CXU580901LB0406M,580901,55-64,2012,230.0,
CXU580901LB0406M,580901,55-64,2013,272.0,
CXU580901LB0406M,580901,55-64,2014,262.0,
CXU580901LB0406M,580901,55-64,2015,275.0,
CXU580901LB0406M,580901,55-64,2016,335.0,
CXU580901LB0406M,580901,55-64,2017,357.0,
CXU580901LB0406M,580901,55-64,2018,383.0,
CXU580901LB0406M,580901,55-64,2019,407.0,
CXU580901LB0406M,580901,55-64,2020,461.0,
CXU580901LB0406M,580901,55-64,2021,459.0,
CXU580901LB0406M,580901,55-64,2022,521.0,
CXU580901LB0406M,580901,55-64,2023,491.0,
CXU580901LB0406M,580901,55-64,2024,460.0,
CXU580901LB0407M,580901,65+,2010,1337.0,
CXU580901LB0407M,580901,65+,2011,1337.0,
CXU580901LB0407M,580901,65+,2012,1375.0,
CXU580901LB0407M,580901,65+,2013,1423.0,
CXU580901LB0407M,580901,65+,2014,1474.0,
CXU580901LB0407M,580901,65+,2015,1454.0,
CXU580901LB0407M,580901,65+,2016,1709.0,
CXU580901LB0407M,580901,65+,2017,2107.0,
CXU580901LB0407M,580901,65+,2018,2146.0,
CXU580901LB0407M,580901,65+,2019,2145.0,
CXU580901LB0407M,580901,65+,2020,2269.0,
CXU580901LB0407M,580901,65+,2021,2340.0,
CXU580901LB0407M,580901,65+,2022,2657.0,
CXU580901LB0407M,580901,65+,2023,2591.0,
CXU580901LB0407M,580901,65+,2024,2746.0,
CXU580901LB0408M,580901,65-74,2010,1343.0,
CXU580901LB0408M,580901,65-74,2011,1358.0,
CXU580901LB0408M,580901,65-74,2012,1368.0,
CXU580901LB0408M,580901,65-74,2013,1412.0,
CXU580901LB0408M,580901,65-74,2014,1460.0,
CXU580901LB0408M,580901,65-74,2015,1436.0,
CXU580901LB0408M,580901,65-74,2016,1701.0,
CXU580901LB0408M,580901,65-74,2017,2077.0,
CXU580901LB0408M,580901,65-74,2018,2117.0,
CXU580901LB0408M,580901,65-74,2019,2157.0,
CXU580901LB0408M,580901,65-74,2020,2259.0,
CXU580901LB0408M,580901,65-74,2021,2306.0,
CXU580901LB0408M,580901,65-74,2022,2670.0,
CXU580901LB0408M,580901,65-74,2023,2553.0,
CXU580901LB0408M,580901,65-74,2024,2684.0,
CXU580901LB0409M,580901,75+,2010,1330.0,
CXU580901LB0409M,580901,75+,2011,1311.0,
CXU580901LB0409M,580901,75+,2012,1384.0,
CXU580901LB0409M,580901,75+,2013,1437.0,
CXU580901LB0409M,580901,75+,2014,1493.0,
CXU580901LB0409M,580901,75+,2015,1479.0,
CXU580901LB0409M,580901,75+,2016,1720.0,
CXU580901LB0409M,580901,75+,2017,2148.0,
CXU580901LB0409M,580901,75+,2018,2186.0,
CXU580901LB0409M,580901,75+,2019,2129.0,
CXU580901LB0409M,580901,75+,2020,2282.0,
CXU580901LB0409M,580901,75+,2021,2391.0,
CXU580901LB0409M,580901,75+,2022,2638.0,
CXU580901LB0409M,580901,75+,2023,2644.0,
CXU580901LB0409M,580901,75+,2024,2833.0,
CXU580901LB0401M,580901,All CUs,2010,353.0,
CXU580901LB0401M,580901,All CUs,2011,369.0,
CXU580901LB0401M,580901,All CUs,2012,397.0,
CXU580901LB0401M,580901,All CUs,2013,416.0,
CXU580901LB0401M,580901,All CUs,2014,431.0,
CXU580901LB0401M,580901,All CUs,2015,440.0,
CXU580901LB0401M,580901,All CUs,2016,532.0,
CXU580901LB0401M,580901,All CUs,2017,643.0,
CXU580901LB0401M,580901,All CUs,2018,665.0,
CXU580901LB0401M,580901,All CUs,2019,701.0,
CXU580901LB0401M,580901,All CUs,2020,759.0,
CXU580901LB0401M,580901,All CUs,2021,784.0,
CXU580901LB0401M,580901,All CUs,2022,904.0,
CXU580901LB0401M,580901,All CUs,2023,883.0,
CXU580901LB0401M,580901,All CUs,2024,947.0,
CXU580901LB0402M,580901,Under 25,2010,24.0,
CXU580901LB0402M,580901,Under 25,2011,37.0,6
CXU580901LB0402M,580901,Under 25,2012,50.0,6
CXU580901LB0402M,580901,Under 25,2013,43.0,6
CXU580901LB0402M,580901,Under 25,2014,39.0,6
CXU580901LB0402M,580901,Under 25,2015,26.0,6
CXU580901LB0402M,580901,Under 25,2016,65.0,6
CXU580901LB0402M,580901,Under 25,2017,29.0,6
CXU580901LB0402M,580901,Under 25,2018,36.0,6
CXU580901LB0402M,580901,Under 25,2019,76.0,6
CXU580901LB0402M,580901,Under 25,2020,73.0,6
CXU580901LB0402M,580901,Under 25,2021,104.0,6
CXU580901LB0402M,580901,Under 25,2022,59.0,6
CXU580901LB0402M,580901,Under 25,2023,94.0,6
CXU580901LB0402M,580901,Under 25,2024,84.0,6
CXU580907LB0403M,580907,25-34,2010,5.0,
CXU580907LB0403M,580907,25-34,2011,4.0,6
CXU580907LB0403M,580907,25-34,2012,5.0,6
CXU580907LB0403M,580907,25-34,2013,6.0,
CXU580907LB0403M,580907,25-34,2014,8.0,6
CXU580907LB0403M,580907,25-34,2015,11.0,6
CXU580907LB0403M,580907,25-34,2016,5.0,6
CXU580907LB0403M,580907,25-34,2017,5.0,6
CXU580907LB0403M,580907,25-34,2018,4.0,6
CXU580907LB0403M,580907,25-34,2019,2.0,6
CXU580907LB0403M,580907,25-34,2020,3.0,6
CXU580907LB0403M,580907,25-34,2021,5.0,6
CXU580907LB0403M,580907,25-34,2022,6.0,6
CXU580907LB0403M,580907,25-34,2023,7.0,6
CXU580907LB0403M,580907,25-34,2024,3.0,6
CXU580907LB0404M,580907,35-44,2010,10.0,
CXU580907LB0404M,580907,35-44,2011,9.0,
CXU580907LB0404M,580907,35-44,2012,12.0,
CXU580907LB0404M,580907,35-44,2013,9.0,
CXU580907LB0404M,580907,35-44,2014,14.0,
CXU580907LB0404M,580907,35-44,2015,16.0,
CXU580907LB0404M,580907,35-44,2016,25.0,
CXU580907LB0404M,580907,35-44,2017,10.0,
CXU580907LB0404M,580907,35-44,2018,9.0,6
CXU580907LB0404M,580907,35-44,2019,11.0,
CXU580907LB0404M,580907,35-44,2020,14.0,
CXU580907LB0404M,580907,35-44,2021,8.0,
CXU580907LB0404M,580907,35-44,2022,11.0,6
CXU580907LB0404M,580907,35-44,2023,16.0,
CXU580907LB0404M,580907,35-44,2024,8.0,6
CXU580907LB0405M,580907,45-54,2010,20.0,
CXU580907LB0405M,580907,45-54,2011,20.0,
CXU580907LB0405M,580907,45-54,2012,24.0,
CXU580907LB0405M,580907,45-54,2013,23.0,
CXU580907LB0405M,580907,45-54,2014,27.0,
CXU580907LB0405M,580907,45-54,2015,26.0,
CXU580907LB0405M,580907,45-54,2016,23.0,
CXU580907LB0405M,580907,45-54,2017,22.0,
CXU580907LB0405M,580907,45-54,2018,20.0,
CXU580907LB0405M,580907,45-54,2019,17.0,
CXU580907LB0405M,580907,45-54,2020,16.0,
CXU580907LB0405M,580907,45-54,2021,23.0,
CXU580907LB0405M,580907,45-54,2022,21.0,
CXU580907LB0405M,580907,45-54,2023,27.0,
CXU580907LB0405M,580907,45-54,2024,16.0,6
CXU580907LB0406M,580907,55-64,2010,39.0,
CXU580907LB0406M,580907,55-64,2011,45.0,
CXU580907LB0406M,580907,55-64,2012,39.0,
CXU580907LB0406M,580907,55-64,2013,48.0,
CXU580907LB0406M,580907,55-64,2014,49.0,
CXU580907LB0406M,580907,55-64,2015,57.0,
CXU580907LB0406M,580907,55-64,2016,65.0,
CXU580907LB0406M,580907,55-64,2017,49.0,
CXU580907LB0406M,580907,55-64,2018,41.0,
CXU580907LB0406M,580907,55-64,2019,51.0,
CXU580907LB0406M,580907,55-64,2020,45.0,
CXU580907LB0406M,580907,55-64,2021,52.0,
CXU580907LB0406M,580907,55-64,2022,51.0,
CXU580907LB0406M,580907,55-64,2023,61.0,
CXU580907LB0406M,580907,55-64,2024,20.0,
CXU580907LB0407M,580907,65+,2010,232.0,
CXU580907LB0407M,580907,65+,2011,229.0,
CXU580907LB0407M,580907,65+,2012,233.0,
CXU580907LB0407M,580907,65+,2013,235.0,
CXU580907LB0407M,580907,65+,2014,271.0,
CXU580907LB0407M,580907,65+,2015,330.0,
CXU580907LB0407M,580907,65+,2016,347.0,
CXU580907LB0407M,580907,65+,2017,329.0,
CXU580907LB0407M,580907,65+,2018,331.0,
CXU580907LB0407M,580907,65+,2019,322.0,
CXU580907LB0407M,580907,65+,2020,296.0,
CXU580907LB0407M,580907,65+,2021,298.0,
CXU580907LB0407M,580907,65+,2022,300.0,
CXU580907LB0407M,580907,65+,2023,346.0,
CXU580907LB0407M,580907,65+,2024,168.0,
CXU580907LB0408M,580907,65-74,2010,234.0,
CXU580907LB0408M,580907,65-74,2011,211.0,
CXU580907LB0408M,580907,65-74,2012,229.0,
CXU580907LB0408M,580907,65-74,2013,231.0,
CXU580907LB0408M,580907,65-74,2014,262.0,
CXU580907LB0408M,580907,65-74,2015,301.0,
CXU580907LB0408M,580907,65-74,2016,332.0,
CXU580907LB0408M,580907,65-74,2017,311.0,
CXU580907LB0408M,580907,65-74,2018,302.0,
CXU580907LB0408M,580907,65-74,2019,315.0,
CXU580907LB0408M,580907,65-74,2020,282.0,
CXU580907LB0408M,580907,65-74,2021,269.0,
CXU580907LB0408M,580907,65-74,2022,277.0,
CXU580907LB0408M,580907,65-74,2023,312.0,
CXU580907LB0408M,580907,65-74,2024,146.0,
CXU580907LB0409M,580907,75+,2010,229.0,
CXU580907LB0409M,580907,75+,2011,250.0,
CXU580907LB0409M,580907,75+,2012,238.0,
CXU580907LB0409M,580907,75+,2013,242.0,
CXU580907LB0409M,580907,75+,2014,281.0,
CXU580907LB0409M,580907,75+,2015,370.0,
CXU580907LB0409M,580907,75+,2016,368.0,
CXU580907LB0409M,580907,75+,2017,355.0,
CXU580907LB0409M,580907,75+,2018,373.0,
CXU580907LB0409M,580907,75+,2019,332.0,
CXU580907LB0409M,580907,75+,2020,316.0,
CXU580907LB0409M,580907,75+,2021,342.0,
CXU580907LB0409M,580907,75+,2022,332.0,
CXU580907LB0409M,580907,75+,2023,393.0,
CXU580907LB0409M,580907,75+,2024,199.0,
CXU580907LB0401M,580907,All CUs,2010,61.0,
CXU580907LB0401M,580907,All CUs,2011,63.0,
CXU580907LB0401M,580907,All CUs,2012,66.0,
CXU580907LB0401M,580907,All CUs,2013,69.0,
CXU580907LB0401M,580907,All CUs,2014,80.0,
CXU580907LB0401M,580907,All CUs,2015,97.0,
CXU580907LB0401M,580907,All CUs,2016,105.0,
CXU580907LB0401M,580907,All CUs,2017,96.0,
CXU580907LB0401M,580907,All CUs,2018,97.0,
CXU580907LB0401M,580907,All CUs,2019,99.0,
CXU580907LB0401M,580907,All CUs,2020,94.0,
CXU580907LB0401M,580907,All CUs,2021,96.0,
CXU580907LB0401M,580907,All CUs,2022,98.0,
CXU580907LB0401M,580907,All CUs,2023,115.0,
CXU580907LB0401M,580907,All CUs,2024,55.0,
CXU580907LB0402M,580907,Under 25,2010,2.0,
CXU580907LB0402M,580907,Under 25,2011,2.0,6
CXU580907LB0402M,580907,Under 25,2012,9.0,6
CXU580907LB0402M,580907,Under 25,2013,5.0,6
CXU580907LB0402M,580907,Under 25,2014,9.0,6
CXU580907LB0402M,580907,Under 25,2015,1.0,6
CXU580907LB0402M,580907,Under 25,2016,4.0,6
CXU580907LB0402M,580907,Under 25,2017,2.0,6
CXU580907LB0402M,580907,Under 25,2018,1.0,6
CXU580907LB0402M,580907,Under 25,2019,3.0,6
CXU580907LB0402M,580907,Under 25,2020,6.0,6
CXU580907LB0402M,580907,Under 25,2021,5.0,6
CXU580907LB0402M,580907,Under 25,2022,1.0,6
CXU580907LB0402M,580907,Under 25,2023,11.0,6
CXU580907LB0402M,580907,Under 25,2024,,7
CXU900000LB0403M,900000,25-34,1984,22137.0,1
CXU900000LB0403M,900000,25-34,1985,23128.0,1
CXU900000LB0403M,900000,25-34,1986,23262.0,1
CXU900000LB0403M,900000,25-34,1987,25055.0,1
CXU900000LB0403M,900000,25-34,1988,25649.0,1
CXU900000LB0403M,900000,25-34,1989,27290.0,1
CXU900000LB0403M,900000,25-34,1990,28967.0,1
CXU900000LB0403M,900000,25-34,1991,30274.0,1
CXU900000LB0403M,900000,25-34,1992,29558.0,1
CXU900000LB0403M,900000,25-34,1993,29568.0,1
CXU900000LB0403M,900000,25-34,1994,30810.0,1
CXU900000LB0403M,900000,25-34,1995,32656.0,1
CXU900000LB0403M,900000,25-34,1996,34755.0,1
CXU900000LB0403M,900000,25-34,1997,37455.0,1
CXU900000LB0403M,900000,25-34,1998,38548.0,1
CXU900000LB0403M,900000,25-34,1999,39372.0,1
CXU900000LB0403M,900000,25-34,2000,42770.0,1
CXU900000LB0403M,900000,25-34,2001,46301.0,1
CXU900000LB0403M,900000,25-34,2002,46183.0,1
CXU900000LB0403M,900000,25-34,2003,47430.0,1
CXU900000LB0403M,900000,25-34,2004,48542.0,
CXU900000LB0403M,900000,25-34,2005,50468.0,
CXU900000LB0403M,900000,25-34,2006,52748.0,
CXU900000LB0403M,900000,25-34,2007,52914.0,
CXU900000LB0403M,900000,25-34,2008,55684.0,
CXU900000LB0403M,900000,25-34,2009,54461.0,
CXU900000LB0403M,900000,25-34,2010,55289.0,
CXU900000LB0403M,900000,25-34,2011,53600.0,
CXU900000LB0403M,900000,25-34,2012,54394.0,
CXU900000LB0403M,900000,25-34,2013,55024.0,
CXU900000LB0403M,900000,25-34,2014,56263.0,
CXU900000LB0403M,900000,25-34,2015,59741.0,
CXU900000LB0403M,900000,25-34,2016,61432.0,
CXU900000LB0403M,900000,25-34,2017,64331.0,
CXU900000LB0403M,900000,25-34,2018,68683.0,
CXU900000LB0403M,900000,25-34,2019,70494.0,
CXU900000LB0403M,900000,25-34,2020,74235.0,
CXU900000LB0403M,900000,25-34,2021,77909.0,
CXU900000LB0403M,900000,25-34,2022,82241.0,
CXU900000LB0403M,900000,25-34,2023,89603.0,
CXU900000LB0403M,900000,25-34,2024,95038.0,
CXU900000LB0404M,900000,35-44,1984,27764.0,1
CXU900000LB0404M,900000,35-44,1985,28730.0,1
CXU900000LB0404M,900000,35-44,1986,29328.0,1
CXU900000LB0404M,900000,35-44,1987,30887.0,1
CXU900000LB0404M,900000,35-44,1988,31589.0,1
CXU900000LB0404M,900000,35-44,1989,34981.0,1
CXU900000LB0404M,900000,35-44,1990,35431.0,1
CXU900000LB0404M,900000,35-44,1991,36146.0,1
CXU900000LB0404M,900000,35-44,1992,36950.0,1
CXU900000LB0404M,900000,35-44,1993,39449.0,1
CXU900000LB0404M,900000,35-44,1994,40400.0,1
CXU900000LB0404M,900000,35-44,1995,39422.0,1
CXU900000LB0404M,900000,35-44,1996,42502.0,1
CXU900000LB0404M,900000,35-44,1997,43458.0,1
CXU900000LB0404M,900000,35-44,1998,45563.0,1
CXU900000LB0404M,900000,35-44,1999,48616.0,1
CXU900000LB0404M,900000,35-44,2000,50870.0,1
CXU900000LB0404M,900000,35-44,2001,53591.0,1
CXU900000LB0404M,900000,35-44,2002,55638.0,1
CXU900000LB0404M,900000,35-44,2003,55795.0,1
CXU900000LB0404M,900000,35-44,2004,59294.0,
CXU900000LB0404M,900000,35-44,2005,65224.0,
CXU900000LB0404M,900000,35-44,2006,67470.0,
CXU900000LB0404M,900000,35-44,2007,69903.0,
CXU900000LB0404M,900000,35-44,2008,70592.0,
CXU900000LB0404M,900000,35-44,2009,69677.0,
CXU900000LB0404M,900000,35-44,2010,68531.0,
CXU900000LB0404M,900000,35-44,2011,70471.0,
CXU900000LB0404M,900000,35-44,2012,71631.0,
CXU900000LB0404M,900000,35-44,2013,70874.0,
CXU900000LB0404M,900000,35-44,2014,75146.0,
CXU900000LB0404M,900000,35-44,2015,76860.0,
CXU900000LB0404M,900000,35-44,2016,83032.0,
CXU900000LB0404M,900000,35-44,2017,78598.0,
CXU900000LB0404M,900000,35-44,2018,86649.0,
CXU900000LB0404M,900000,35-44,2019,93121.0,
CXU900000LB0404M,900000,35-44,2020,93376.0,
CXU900000LB0404M,900000,35-44,2021,96107.0,
CXU900000LB0404M,900000,35-44,2022,107020.0,
CXU900000LB0404M,900000,35-44,2023,111158.0,
CXU900000LB0404M,900000,35-44,2024,114905.0,
CXU900000LB0405M,900000,45-54,1984,25663.0,1
CXU900000LB0405M,900000,45-54,1985,28690.0,1
CXU900000LB0405M,900000,45-54,1986,28969.0,1
CXU900000LB0405M,900000,45-54,1987,31142.0,1
CXU900000LB0405M,900000,45-54,1988,33680.0,1
CXU900000LB0405M,900000,45-54,1989,34428.0,1
CXU900000LB0405M,900000,45-54,1990,36868.0,1
CXU900000LB0405M,900000,45-54,1991,39636.0,1
CXU900000LB0405M,900000,45-54,1992,37954.0,1
CXU900000LB0405M,900000,45-54,1993,41720.0,1
CXU900000LB0405M,900000,45-54,1994,42218.0,1
CXU900000LB0405M,900000,45-54,1995,44975.0,1
CXU900000LB0405M,900000,45-54,1996,44092.0,1
CXU900000LB0405M,900000,45-54,1997,47985.0,1
CXU900000LB0405M,900000,45-54,1998,51425.0,1
CXU900000LB0405M,900000,45-54,1999,52224.0,1
CXU900000LB0405M,900000,45-54,2000,50826.0,1
CXU900000LB0405M,900000,45-54,2001,53952.0,1
CXU900000LB0405M,900000,45-54,2002,57139.0,1
CXU900000LB0405M,900000,45-54,2003,59835.0,1
CXU900000LB0405M,900000,45-54,2004,61021.0,
CXU900000LB0405M,900000,45-54,2005,65522.0,
CXU900000LB0405M,900000,45-54,2006,66994.0,
CXU900000LB0405M,900000,45-54,2007,70023.0,
CXU900000LB0405M,900000,45-54,2008,72664.0,
CXU900000LB0405M,900000,45-54,2009,72345.0,
CXU900000LB0405M,900000,45-54,2010,70394.0,
CXU900000LB0405M,900000,45-54,2011,70076.0,
CXU900000LB0405M,900000,45-54,2012,73086.0,
CXU900000LB0405M,900000,45-54,2013,68738.0,
CXU900000LB0405M,900000,45-54,2014,76008.0,
CXU900000LB0405M,900000,45-54,2015,82476.0,
CXU900000LB0405M,900000,45-54,2016,85949.0,
CXU900000LB0405M,900000,45-54,2017,87299.0,
CXU900000LB0405M,900000,45-54,2018,95295.0,
CXU900000LB0405M,900000,45-54,2019,94642.0,
CXU900000LB0405M,900000,45-54,2020,100850.0,
CXU900000LB0405M,900000,45-54,2021,102810.0,
CXU900000LB0405M,900000,45-54,2022,112932.0,
CXU900000LB0405M,900000,45-54,2023,118814.0,
CXU900000LB0405M,900000,45-54,2024,124248.0,
CXU900000LB0406M,900000,55-64,1984,17502.0,1
CXU900000LB0406M,900000,55-64,1985,19308.0,1
CXU900000LB0406M,900000,55-64,1986,20362.0,1
CXU900000LB0406M,900000,55-64,1987,21839.0,1
CXU900000LB0406M,900000,55-64,1988,21341.0,1
CXU900000LB0406M,900000,55-64,1989,23793.0,1
CXU900000LB0406M,900000,55-64,1990,24114.0,1
CXU900000LB0406M,900000,55-64,1991,27400.0,1
CXU900000LB0406M,900000,55-64,1992,26044.0,1
CXU900000LB0406M,900000,55-64,1993,26745.0,1
CXU900000LB0406M,900000,55-64,1994,29972.0,1
CXU900000LB0406M,900000,55-64,1995,27438.0,1
CXU900000LB0406M,900000,55-64,1996,30070.0,1
CXU900000LB0406M,900000,55-64,1997,30684.0,1
CXU900000LB0406M,900000,55-64,1998,31947.0,1
CXU900000LB0406M,900000,55-64,1999,34521.0,1
CXU900000LB0406M,900000,55-64,2000,35544.0,1
CXU900000LB0406M,900000,55-64,2001,38830.0,1
CXU900000LB0406M,900000,55-64,2002,40391.0,1
CXU900000LB0406M,900000,55-64,2003,45121.0,1
CXU900000LB0406M,900000,55-64,2004,45535.0,
CXU900000LB0406M,900000,55-64,2005,46563.0,
CXU900000LB0406M,900000,55-64,2006,48023.0,
CXU900000LB0406M,900000,55-64,2007,54021.0,
CXU900000LB0406M,900000,55-64,2008,54256.0,
CXU900000LB0406M,900000,55-64,2009,53711.0,
CXU900000LB0406M,900000,55-64,2010,52632.0,
CXU900000LB0406M,900000,55-64,2011,55381.0,
CXU900000LB0406M,900000,55-64,2012,59272.0,
CXU900000LB0406M,900000,55-64,2013,58031.0,
CXU900000LB0406M,900000,55-64,2014,57213.0,
CXU900000LB0406M,900000,55-64,2015,57932.0,
CXU900000LB0406M,900000,55-64,2016,62548.0,
CXU900000LB0406M,900000,55-64,2017,66741.0,
CXU900000LB0406M,900000,55-64,2018,70346.0,
CXU900000LB0406M,900000,55-64,2019,80840.0,
CXU900000LB0406M,900000,55-64,2020,73245.0,
CXU900000LB0406M,900000,55-64,2021,77656.0,
CXU900000LB0406M,900000,55-64,2022,82825.0,
CXU900000LB0406M,900000,55-64,2023,91131.0,
CXU900000LB0406M,900000,55-64,2024,96110.0,
CXU900000LB0407M,900000,65+,1988,3709.0,1
CXU900000LB0407M,900000,65+,1989,3686.0,1
CXU900000LB0407M,900000,65+,1990,3552.0,1
CXU900000LB0407M,900000,65+,1991,3926.0,1
CXU900000LB0407M,900000,65+,1992,4068.0,1
CXU900000LB0407M,900000,65+,1993,4190.0,1
CXU900000LB0407M,900000,65+,1994,4075.0,1
CXU900000LB0407M,900000,65+,1995,4483.0,1
CXU900000LB0407M,900000,65+,1996,4738.0,1
CXU900000LB0407M,900000,65+,1997,5626.0,1
CXU900000LB0407M,900000,65+,1998,4955.0,1
CXU900000LB0407M,900000,65+,1999,5406.0,1
CXU900000LB0407M,900000,65+,2000,5872.0,1
CXU900000LB0407M,900000,65+,2001,6967.0,1
CXU900000LB0407M,900000,65+,2002,8218.0,1
CXU900000LB0407M,900000,65+,2003,7501.0,1
CXU900000LB0407M,900000,65+,2004,10234.0,
CXU900000LB0407M,900000,65+,2005,10522.0,
CXU900000LB0407M,900000,65+,2006,11742.0,
CXU900000LB0407M,900000,65+,2007,12011.0,
CXU900000LB0407M,900000,65+,2008,11530.0,
CXU900000LB0407M,900000,65+,2009,12699.0,
CXU900000LB0407M,900000,65+,2010,12709.0,
CXU900000LB0407M,900000,65+,2011,13130.0,
CXU900000LB0407M,900000,65+,2012,14163.0,
CXU900000LB0407M,900000,65+,2013,15817.0,
CXU900000LB0407M,900000,65+,2014,15072.0,
CXU900000LB0407M,900000,65+,2015,15798.0,
CXU900000LB0407M,900000,65+,2016,17025.0,
CXU900000LB0407M,900000,65+,2017,16938.0,
CXU900000LB0407M,900000,65+,2018,17744.0,
CXU900000LB0407M,900000,65+,2019,18405.0,
CXU900000LB0407M,900000,65+,2020,17943.0,
CXU900000LB0407M,900000,65+,2021,19018.0,
CXU900000LB0407M,900000,65+,2022,21762.0,
CXU900000LB0407M,900000,65+,2023,22486.0,
CXU900000LB0407M,900000,65+,2024,23800.0,
CXU900000LB0408M,900000,65-74,1984,4212.0,1
CXU900000LB0408M,900000,65-74,1985,4872.0,1
CXU900000LB0408M,900000,65-74,1986,4358.0,1
CXU900000LB0408M,900000,65-74,1987,4451.0,1
CXU900000LB0408M,900000,65-74,1988,5677.0,1
CXU900000LB0408M,900000,65-74,1989,5612.0,1
CXU900000LB0408M,900000,65-74,1990,5439.0,1
CXU900000LB0408M,900000,65-74,1991,6056.0,1
CXU900000LB0408M,900000,65-74,1992,5937.0,1
CXU900000LB0408M,900000,65-74,1993,6473.0,1
CXU900000LB0408M,900000,65-74,1994,5792.0,1
CXU900000LB0408M,900000,65-74,1995,6772.0,1
CXU900000LB0408M,900000,65-74,1996,7267.0,1
CXU900000LB0408M,900000,65-74,1997,8494.0,1
CXU900000LB0408M,900000,65-74,1998,7545.0,1
CXU900000LB0408M,900000,65-74,1999,8169.0,1
CXU900000LB0408M,900000,65-74,2000,9174.0,1
CXU900000LB0408M,900000,65-74,2001,10880.0,1
CXU900000LB0408M,900000,65-74,2002,13134.0,1
CXU900000LB0408M,900000,65-74,2003,12359.0,1
CXU900000LB0408M,900000,65-74,2004,16264.0,
CXU900000LB0408M,900000,65-74,2005,15947.0,
CXU900000LB0408M,900000,65-74,2006,17551.0,
CXU900000LB0408M,900000,65-74,2007,18489.0,
CXU900000LB0408M,900000,65-74,2008,17321.0,
CXU900000LB0408M,900000,65-74,2009,18760.0,
CXU900000LB0408M,900000,65-74,2010,18989.0,
CXU900000LB0408M,900000,65-74,2011,19670.0,
CXU900000LB0408M,900000,65-74,2012,21251.0,
CXU900000LB0408M,900000,65-74,2013,23076.0,
CXU900000LB0408M,900000,65-74,2014,22448.0,
CXU900000LB0408M,900000,65-74,2015,22768.0,
CXU900000LB0408M,900000,65-74,2016,24627.0,
CXU900000LB0408M,900000,65-74,2017,24716.0,
CXU900000LB0408M,900000,65-74,2018,25366.0,
CXU900000LB0408M,900000,65-74,2019,26233.0,
CXU900000LB0408M,900000,65-74,2020,25066.0,
CXU900000LB0408M,900000,65-74,2021,26954.0,
CXU900000LB0408M,900000,65-74,2022,29134.0,
CXU900000LB0408M,900000,65-74,2023,30884.0,
CXU900000LB0408M,900000,65-74,2024,32898.0,
CXU900000LB0409M,900000,75+,1984,1092.0,1
CXU900000LB0409M,900000,75+,1985,1310.0,1
CXU900000LB0409M,900000,75+,1986,1417.0,1
CXU900000LB0409M,900000,75+,1987,1213.0,1
CXU900000LB0409M,900000,75+,1988,1010.0,1
CXU900000LB0409M,900000,75+,1989,909.0,1
CXU900000LB0409M,900000,75+,1990,1133.0,1
CXU900000LB0409M,900000,75+,1991,981.0,1
CXU900000LB0409M,900000,75+,1992,1754.0,1
CXU900000LB0409M,900000,75+,1993,1407.0,1
CXU900000LB0409M,900000,75+,1994,1885.0,1
CXU900000LB0409M,900000,75+,1995,1699.0,1
CXU900000LB0409M,900000,75+,1996,1726.0,1
CXU900000LB0409M,900000,75+,1997,1936.0,1
CXU900000LB0409M,900000,75+,1998,1719.0,1
CXU900000LB0409M,900000,75+,1999,2295.0,1
CXU900000LB0409M,900000,75+,2000,2147.0,1
CXU900000LB0409M,900000,75+,2001,2702.0,1
CXU900000LB0409M,900000,75+,2002,2925.0,1
CXU900000LB0409M,900000,75+,2003,2575.0,1
CXU900000LB0409M,900000,75+,2004,4363.0,
CXU900000LB0409M,900000,75+,2005,5018.0,
CXU900000LB0409M,900000,75+,2006,5664.0,
CXU900000LB0409M,900000,75+,2007,5180.0,
CXU900000LB0409M,900000,75+,2008,5185.0,
CXU900000LB0409M,900000,75+,2009,6048.0,
CXU900000LB0409M,900000,75+,2010,5626.0,
CXU900000LB0409M,900000,75+,2011,5321.0,
CXU900000LB0409M,900000,75+,2012,5424.0,
CXU900000LB0409M,900000,75+,2013,6138.0,
CXU900000LB0409M,900000,75+,2014,5294.0,
CXU900000LB0409M,900000,75+,2015,6226.0,
CXU900000LB0409M,900000,75+,2016,6396.0,
CXU900000LB0409M,900000,75+,2017,6016.0,
CXU900000LB0409M,900000,75+,2018,7003.0,
CXU900000LB0409M,900000,75+,2019,7965.0,
CXU900000LB0409M,900000,75+,2020,8070.0,
CXU900000LB0409M,900000,75+,2021,7291.0,
CXU900000LB0409M,900000,75+,2022,11262.0,
CXU900000LB0409M,900000,75+,2023,10859.0,
CXU900000LB0409M,900000,75+,2024,10795.0,
CXU900000LB0401M,900000,All CUs,1984,18178.0,1
CXU900000LB0401M,900000,All CUs,1985,19378.0,1
CXU900000LB0401M,900000,All CUs,1986,19524.0,1
CXU900000LB0401M,900000,All CUs,1987,20613.0,1
CXU900000LB0401M,900000,All CUs,1988,21779.0,1
CXU900000LB0401M,900000,All CUs,1989,23248.0,1
CXU900000LB0401M,900000,All CUs,1990,24173.0,1
CXU900000LB0401M,900000,All CUs,1991,25553.0,1
CXU900000LB0401M,900000,All CUs,1992,25064.0,1
CXU900000LB0401M,900000,All CUs,1993,26494.0,1
CXU900000LB0401M,900000,All CUs,1994,27795.0,1
CXU900000LB0401M,900000,All CUs,1995,28474.0,1
CXU900000LB0401M,900000,All CUs,1996,29560.0,1
CXU900000LB0401M,900000,All CUs,1997,31506.0,1
CXU900000LB0401M,900000,All CUs,1998,32889.0,1
CXU900000LB0401M,900000,All CUs,1999,34456.0,1
CXU900000LB0401M,900000,All CUs,2000,35579.0,1
CXU900000LB0401M,900000,All CUs,2001,38334.0,1
CXU900000LB0401M,900000,All CUs,2002,39864.0,1
CXU900000LB0401M,900000,All CUs,2003,41200.0,1
CXU900000LB0401M,900000,All CUs,2004,43192.0,
CXU900000LB0401M,900000,All CUs,2005,46291.0,
CXU900000LB0401M,900000,All CUs,2006,48119.0,
CXU900000LB0401M,900000,All CUs,2007,50322.0,
CXU900000LB0401M,900000,All CUs,2008,51007.0,
CXU900000LB0401M,900000,All CUs,2009,50339.0,
CXU900000LB0401M,900000,All CUs,2010,49568.0,
CXU900000LB0401M,900000,All CUs,2011,49805.0,
CXU900000LB0401M,900000,All CUs,2012,51730.0,
CXU900000LB0401M,900000,All CUs,2013,50168.0,
CXU900000LB0401M,900000,All CUs,2014,51889.0,
CXU900000LB0401M,900000,All CUs,2015,54405.0,
CXU900000LB0401M,900000,All CUs,2016,57319.0,
CXU900000LB0401M,900000,All CUs,2017,57590.0,
CXU900000LB0401M,900000,All CUs,2018,61557.0,
CXU900000LB0401M,900000,All CUs,2019,64708.0,
CXU900000LB0401M,900000,All CUs,2020,65449.0,
CXU900000LB0401M,900000,All CUs,2021,67409.0,
CXU900000LB0401M,900000,All CUs,2022,73220.0,
CXU900000LB0401M,900000,All CUs,2023,78286.0,
CXU900000LB0401M,900000,All CUs,2024,80864.0,
CXU900000LB0402M,900000,Under 25,1984,11075.0,1
CXU900000LB0402M,900000,Under 25,1985,10300.0,1
CXU900000LB0402M,900000,Under 25,1986,10663.0,1
CXU900000LB0402M,900000,Under 25,1987,10864.0,1
CXU900000LB0402M,900000,Under 25,1988,12406.0,1
CXU900000LB0402M,900000,Under 25,1989,13040.0,1
CXU900000LB0402M,900000,Under 25,1990,12101.0,1
CXU900000LB0402M,900000,Under 25,1991,12083.0,1
CXU900000LB0402M,900000,Under 25,1992,12998.0,1
CXU900000LB0402M,900000,Under 25,1993,13979.0,1
CXU900000LB0402M,900000,Under 25,1994,13637.0,1
CXU900000LB0402M,900000,Under 25,1995,14567.0,1
CXU900000LB0402M,900000,Under 25,1996,12980.0,1
CXU900000LB0402M,900000,Under 25,1997,13098.0,1
CXU900000LB0402M,900000,Under 25,1998,14553.0,1
CXU900000LB0402M,900000,Under 25,1999,16210.0,1
CXU900000LB0402M,900000,Under 25,2000,16908.0,1
CXU900000LB0402M,900000,Under 25,2001,17650.0,1
CXU900000LB0402M,900000,Under 25,2002,18040.0,1
CXU900000LB0402M,900000,Under 25,2003,18525.0,1
CXU900000LB0402M,900000,Under 25,2004,19954.0,
CXU900000LB0402M,900000,Under 25,2005,24041.0,
CXU900000LB0402M,900000,Under 25,2006,25626.0,
CXU900000LB0402M,900000,Under 25,2007,27685.0,
CXU900000LB0402M,900000,Under 25,2008,25371.0,
CXU900000LB0402M,900000,Under 25,2009,22749.0,
CXU900000LB0402M,900000,Under 25,2010,23173.0,
CXU900000LB0402M,900000,Under 25,2011,23818.0,
CXU900000LB0402M,900000,Under 25,2012,32013.0,
CXU900000LB0402M,900000,Under 25,2013,24512.0,
CXU900000LB0402M,900000,Under 25,2014,26389.0,
CXU900000LB0402M,900000,Under 25,2015,27528.0,
CXU900000LB0402M,900000,Under 25,2016,30317.0,
CXU900000LB0402M,900000,Under 25,2017,28150.0,
CXU900000LB0402M,900000,Under 25,2018,28632.0,
CXU900000LB0402M,900000,Under 25,2019,34298.0,
CXU900000LB0402M,900000,Under 25,2020,39377.0,
CXU900000LB0402M,900000,Under 25,2021,40486.0,
CXU900000LB0402M,900000,Under 25,2022,42587.0,
CXU900000LB0402M,900000,Under 25,2023,50372.0,
CXU900000LB0402M,900000,Under 25,2024,43360.0,
CXU900030LB0403M,900030,25-34,2010,253.0,
CXU900030LB0403M,900030,25-34,2011,208.0,
CXU900030LB0403M,900030,25-34,2012,317.0,
CXU900030LB0403M,900030,25-34,2013,399.0,
CXU900030LB0403M,900030,25-34,2014,330.0,
CXU900030LB0403M,900030,25-34,2015,396.0,
CXU900030LB0403M,900030,25-34,2016,321.0,
CXU900030LB0403M,900030,25-34,2017,332.0,
CXU900030LB0403M,900030,25-34,2018,240.0,
CXU900030LB0403M,900030,25-34,2019,269.0,
CXU900030LB0403M,900030,25-34,2020,403.0,
CXU900030LB0403M,900030,25-34,2021,423.0,
CXU900030LB0403M,900030,25-34,2022,442.0,
CXU900030LB0403M,900030,25-34,2023,245.0,
CXU900030LB0403M,900030,25-34,2024,528.0,
CXU900030LB0404M,900030,35-44,2010,817.0,
CXU900030LB0404M,900030,35-44,2011,712.0,
CXU900030LB0404M,900030,35-44,2012,765.0,
CXU900030LB0404M,900030,35-44,2013,765.0,
CXU900030LB0404M,900030,35-44,2014,677.0,
CXU900030LB0404M,900030,35-44,2015,752.0,
CXU900030LB0404M,900030,35-44,2016,951.0,
CXU900030LB0404M,900030,35-44,2017,1030.0,
CXU900030LB0404M,900030,35-44,2018,824.0,
CXU900030LB0404M,900030,35-44,2019,833.0,
CXU900030LB0404M,900030,35-44,2020,890.0,
CXU900030LB0404M,900030,35-44,2021,862.0,
CXU900030LB0404M,900030,35-44,2022,680.0,
CXU900030LB0404M,900030,35-44,2023,998.0,
CXU900030LB0404M,900030,35-44,2024,1142.0,
CXU900030LB0405M,900030,45-54,2010,1222.0,
CXU900030LB0405M,900030,45-54,2011,1633.0,
CXU900030LB0405M,900030,45-54,2012,1584.0,
CXU900030LB0405M,900030,45-54,2013,1536.0,
CXU900030LB0405M,900030,45-54,2014,1262.0,
CXU900030LB0405M,900030,45-54,2015,1448.0,
CXU900030LB0405M,900030,45-54,2016,1428.0,
CXU900030LB0405M,900030,45-54,2017,1554.0,
CXU900030LB0405M,900030,45-54,2018,1414.0,
CXU900030LB0405M,900030,45-54,2019,1407.0,
CXU900030LB0405M,900030,45-54,2020,1301.0,
CXU900030LB0405M,900030,45-54,2021,1408.0,
CXU900030LB0405M,900030,45-54,2022,1496.0,
CXU900030LB0405M,900030,45-54,2023,1815.0,
CXU900030LB0405M,900030,45-54,2024,1795.0,
CXU900030LB0406M,900030,55-64,2010,3918.0,
CXU900030LB0406M,900030,55-64,2011,4019.0,
CXU900030LB0406M,900030,55-64,2012,3962.0,
CXU900030LB0406M,900030,55-64,2013,4003.0,
CXU900030LB0406M,900030,55-64,2014,4252.0,
CXU900030LB0406M,900030,55-64,2015,4606.0,
CXU900030LB0406M,900030,55-64,2016,4609.0,
CXU900030LB0406M,900030,55-64,2017,4365.0,
CXU900030LB0406M,900030,55-64,2018,4393.0,
CXU900030LB0406M,900030,55-64,2019,4328.0,
CXU900030LB0406M,900030,55-64,2020,4663.0,
CXU900030LB0406M,900030,55-64,2021,4299.0,
CXU900030LB0406M,900030,55-64,2022,4578.0,
CXU900030LB0406M,900030,55-64,2023,5025.0,
CXU900030LB0406M,900030,55-64,2024,4671.0,
CXU900030LB0407M,900030,65+,2010,15840.0,
CXU900030LB0407M,900030,65+,2011,16397.0,
CXU900030LB0407M,900030,65+,2012,16496.0,
CXU900030LB0407M,900030,65+,2013,16911.0,
CXU900030LB0407M,900030,65+,2014,17733.0,
CXU900030LB0407M,900030,65+,2015,18141.0,
CXU900030LB0407M,900030,65+,2016,18090.0,
CXU900030LB0407M,900030,65+,2017,18770.0,
CXU900030LB0407M,900030,65+,2018,20059.0,
CXU900030LB0407M,900030,65+,2019,20320.0,
CXU900030LB0407M,900030,65+,2020,20858.0,
CXU900030LB0407M,900030,65+,2021,21004.0,
CXU900030LB0407M,900030,65+,2022,22408.0,
CXU900030LB0407M,900030,65+,2023,24406.0,
CXU900030LB0407M,900030,65+,2024,25806.0,
CXU900030LB0408M,900030,65-74,2010,16151.0,
CXU900030LB0408M,900030,65-74,2011,16795.0,
CXU900030LB0408M,900030,65-74,2012,16686.0,
CXU900030LB0408M,900030,65-74,2013,17037.0,
CXU900030LB0408M,900030,65-74,2014,17537.0,
CXU900030LB0408M,900030,65-74,2015,17853.0,
CXU900030LB0408M,900030,65-74,2016,17588.0,
CXU900030LB0408M,900030,65-74,2017,18374.0,
CXU900030LB0408M,900030,65-74,2018,19598.0,
CXU900030LB0408M,900030,65-74,2019,20066.0,
CXU900030LB0408M,900030,65-74,2020,20411.0,
CXU900030LB0408M,900030,65-74,2021,20468.0,
CXU900030LB0408M,900030,65-74,2022,21790.0,
CXU900030LB0408M,900030,65-74,2023,23455.0,
CXU900030LB0408M,900030,65-74,2024,24018.0,
CXU900030LB0409M,900030,75+,2010,15490.0,
CXU900030LB0409M,900030,75+,2011,15923.0,
CXU900030LB0409M,900030,75+,2012,16262.0,
CXU900030LB0409M,900030,75+,2013,16744.0,
CXU900030LB0409M,900030,75+,2014,17994.0,
CXU900030LB0409M,900030,75+,2015,18537.0,
CXU900030LB0409M,900030,75+,2016,18792.0,
CXU900030LB0409M,900030,75+,2017,19326.0,
CXU900030LB0409M,900030,75+,2018,20708.0,
CXU900030LB0409M,900030,75+,2019,20659.0,
CXU900030LB0409M,900030,75+,2020,21477.0,
CXU900030LB0409M,900030,75+,2021,21797.0,
CXU900030LB0409M,900030,75+,2022,23290.0,
CXU900030LB0409M,900030,75+,2023,25724.0,
CXU900030LB0409M,900030,75+,2024,28361.0,
CXU900030LB0401M,900030,All CUs,2010,4359.0,
CXU900030LB0401M,900030,All CUs,2011,4689.0,
CXU900030LB0401M,900030,All CUs,2012,4843.0,
CXU900030LB0401M,900030,All CUs,2013,5018.0,
CXU900030LB0401M,900030,All CUs,2014,5286.0,
CXU900030LB0401M,900030,All CUs,2015,5577.0,
CXU900030LB0401M,900030,All CUs,2016,5720.0,
CXU900030LB0401M,900030,All CUs,2017,5924.0,
CXU900030LB0401M,900030,All CUs,2018,6300.0,
CXU900030LB0401M,900030,All CUs,2019,6554.0,
CXU900030LB0401M,900030,All CUs,2020,6941.0,
CXU900030LB0401M,900030,All CUs,2021,6920.0,
CXU900030LB0401M,900030,All CUs,2022,7465.0,
CXU900030LB0401M,900030,All CUs,2023,8171.0,
CXU900030LB0401M,900030,All CUs,2024,8707.0,
CXU900030LB0402M,900030,Under 25,2010,150.0,
CXU900030LB0402M,900030,Under 25,2011,220.0,
CXU900030LB0402M,900030,Under 25,2012,304.0,6
CXU900030LB0402M,900030,Under 25,2013,318.0,6
CXU900030LB0402M,900030,Under 25,2014,287.0,
CXU900030LB0402M,900030,Under 25,2015,283.0,6
CXU900030LB0402M,900030,Under 25,2016,178.0,6
CXU900030LB0402M,900030,Under 25,2017,155.0,6
CXU900030LB0402M,900030,Under 25,2018,307.0,6
CXU900030LB0402M,900030,Under 25,2019,494.0,6
CXU900030LB0402M,900030,Under 25,2020,394.0,6
CXU900030LB0402M,900030,Under 25,2021,240.0,6
CXU900030LB0402M,900030,Under 25,2022,261.0,6
CXU900030LB0402M,900030,Under 25,2023,329.0,6
CXU900030LB0402M,900030,Under 25,2024,292.0,6
CXU900040LB0403M,900040,25-34,2010,157.0,
CXU900040LB0403M,900040,25-34,2011,156.0,
CXU900040LB0403M,900040,25-34,2012,245.0,
CXU900040LB0403M,900040,25-34,2013,15.0,6
CXU900040LB0404M,900040,35-44,2010,340.0,
CXU900040LB0404M,900040,35-44,2011,367.0,
CXU900040LB0404M,900040,35-44,2012,461.0,
CXU900040LB0404M,900040,35-44,2013,44.0,6
CXU900040LB0405M,900040,45-54,2010,1040.0,
CXU900040LB0405M,900040,45-54,2011,1003.0,
CXU900040LB0405M,900040,45-54,2012,1117.0,
CXU900040LB0405M,900040,45-54,2013,78.0,
CXU900040LB0406M,900040,55-64,2010,4950.0,
CXU900040LB0406M,900040,55-64,2011,5287.0,
CXU900040LB0406M,900040,55-64,2012,4980.0,
CXU900040LB0406M,900040,55-64,2013,407.0,
CXU900040LB0407M,900040,65+,2010,8037.0,
CXU900040LB0407M,900040,65+,2011,8142.0,
CXU900040LB0407M,900040,65+,2012,8696.0,
CXU900040LB0407M,900040,65+,2013,605.0,
CXU900040LB0408M,900040,65-74,2010,9512.0,
CXU900040LB0408M,900040,65-74,2011,9033.0,
CXU900040LB0408M,900040,65-74,2012,9499.0,
CXU900040LB0408M,900040,65-74,2013,542.0,
CXU900040LB0409M,900040,75+,2010,6374.0,
CXU900040LB0409M,900040,75+,2011,7079.0,
CXU900040LB0409M,900040,75+,2012,7706.0,
CXU900040LB0409M,900040,75+,2013,688.0,
CXU900040LB0401M,900040,All CUs,2010,2814.0,
CXU900040LB0401M,900040,All CUs,2011,2960.0,
CXU900040LB0401M,900040,All CUs,2012,3179.0,
CXU900040LB0401M,900040,All CUs,2013,235.0,
CXU900040LB0402M,900040,Under 25,2010,98.0,
CXU900040LB0402M,900040,Under 25,2011,74.0,6
CXU900040LB0402M,900040,Under 25,2012,436.0,6
CXU900040LB0402M,900040,Under 25,2013,5.0,6
CXU900050LB0403M,900050,25-34,2010,79.0,
CXU900050LB0403M,900050,25-34,2011,120.0,6
CXU900050LB0403M,900050,25-34,2012,113.0,6
CXU900050LB0403M,900050,25-34,2013,22.0,6
CXU900050LB0404M,900050,35-44,2010,296.0,
CXU900050LB0404M,900050,35-44,2011,270.0,6
CXU900050LB0404M,900050,35-44,2012,172.0,6
CXU900050LB0404M,900050,35-44,2013,11.0,6
CXU900050LB0405M,900050,45-54,2010,630.0,
CXU900050LB0405M,900050,45-54,2011,468.0,6
CXU900050LB0405M,900050,45-54,2012,572.0,6
CXU900050LB0405M,900050,45-54,2013,15.0,6
CXU900050LB0406M,900050,55-64,2010,797.0,
CXU900050LB0406M,900050,55-64,2011,971.0,
CXU900050LB0406M,900050,55-64,2012,919.0,
CXU900050LB0406M,900050,55-64,2013,66.0,6
CXU900050LB0407M,900050,65+,2010,1230.0,
CXU900050LB0407M,900050,65+,2011,1286.0,
CXU900050LB0407M,900050,65+,2012,1472.0,
CXU900050LB0407M,900050,65+,2013,148.0,6
CXU900050LB0408M,900050,65-74,2010,1177.0,
CXU900050LB0408M,900050,65-74,2011,1189.0,
CXU900050LB0408M,900050,65-74,2012,1354.0,
CXU900050LB0408M,900050,65-74,2013,113.0,6
CXU900050LB0409M,900050,75+,2010,1289.0,
CXU900050LB0409M,900050,75+,2011,1403.0,
CXU900050LB0409M,900050,75+,2012,1618.0,
CXU900050LB0409M,900050,75+,2013,195.0,6
CXU900050LB0401M,900050,All CUs,2010,588.0,
CXU900050LB0401M,900050,All CUs,2011,609.0,
CXU900050LB0401M,900050,All CUs,2012,656.0,
CXU900050LB0401M,900050,All CUs,2013,56.0,6
CXU900050LB0402M,900050,Under 25,2010,18.0,
CXU900050LB0402M,900050,Under 25,2011,30.0,6
CXU900050LB0402M,900050,Under 25,2012,86.0,6
CXU900050LB0402M,900050,Under 25,2013,29.0,6
CXU900080LB0403M,900080,25-34,2010,72.0,
CXU900080LB0403M,900080,25-34,2011,114.0,6
CXU900080LB0403M,900080,25-34,2012,191.0,6
CXU900080LB0403M,900080,25-34,2013,8.0,6
CXU900080LB0404M,900080,35-44,2010,131.0,
CXU900080LB0404M,900080,35-44,2011,232.0,6
CXU900080LB0404M,900080,35-44,2012,142.0,6
CXU900080LB0404M,900080,35-44,2013,6.0,6
CXU900080LB0405M,900080,45-54,2010,262.0,
CXU900080LB0405M,900080,45-54,2011,357.0,6
CXU900080LB0405M,900080,45-54,2012,248.0,
CXU900080LB0405M,900080,45-54,2013,10.0,6
CXU900080LB0406M,900080,55-64,2010,503.0,
CXU900080LB0406M,900080,55-64,2011,740.0,
CXU900080LB0406M,900080,55-64,2012,946.0,6
CXU900080LB0406M,900080,55-64,2013,46.0,6
CXU900080LB0407M,900080,65+,2010,1143.0,
CXU900080LB0407M,900080,65+,2011,998.0,
CXU900080LB0407M,900080,65+,2012,1121.0,
CXU900080LB0407M,900080,65+,2013,158.0,6
CXU900080LB0408M,900080,65-74,2010,1118.0,
CXU900080LB0408M,900080,65-74,2011,1088.0,
CXU900080LB0408M,900080,65-74,2012,1097.0,
CXU900080LB0408M,900080,65-74,2013,127.0,6
CXU900080LB0409M,900080,75+,2010,1171.0,
CXU900080LB0409M,900080,75+,2011,891.0,
CXU900080LB0409M,900080,75+,2012,1151.0,
CXU900080LB0409M,900080,75+,2013,200.0,6
CXU900080LB0401M,900080,All CUs,2010,412.0,
CXU900080LB0401M,900080,All CUs,2011,480.0,
CXU900080LB0401M,900080,All CUs,2012,567.0,
CXU900080LB0401M,900080,All CUs,2013,48.0,6
CXU900080LB0402M,900080,Under 25,2010,19.0,
CXU900080LB0402M,900080,Under 25,2011,80.0,6
CXU900080LB0402M,900080,Under 25,2012,674.0,6
CXU900080LB0402M,900080,Under 25,2013,1.0,6
CXU900170LB0403M,900170,25-34,2013,122.0,6
CXU900170LB0403M,900170,25-34,2014,121.0,6
CXU900170LB0403M,900170,25-34,2015,157.0,6
CXU900170LB0403M,900170,25-34,2016,60.0,6
CXU900170LB0403M,900170,25-34,2017,125.0,6
CXU900170LB0403M,900170,25-34,2018,232.0,6
CXU900170LB0403M,900170,25-34,2019,205.0,6
CXU900170LB0403M,900170,25-34,2020,107.0,6
CXU900170LB0403M,900170,25-34,2021,115.0,6
CXU900170LB0403M,900170,25-34,2022,219.0,6
CXU900170LB0403M,900170,25-34,2023,74.0,6
CXU900170LB0403M,900170,25-34,2024,110.0,
CXU900170LB0404M,900170,35-44,2013,253.0,6
CXU900170LB0404M,900170,35-44,2014,173.0,6
CXU900170LB0404M,900170,35-44,2015,253.0,
CXU900170LB0404M,900170,35-44,2016,312.0,6
CXU900170LB0404M,900170,35-44,2017,192.0,6
CXU900170LB0404M,900170,35-44,2018,272.0,6
CXU900170LB0404M,900170,35-44,2019,229.0,6
CXU900170LB0404M,900170,35-44,2020,364.0,6
CXU900170LB0404M,900170,35-44,2021,293.0,
CXU900170LB0404M,900170,35-44,2022,214.0,6
CXU900170LB0404M,900170,35-44,2023,695.0,6
CXU900170LB0404M,900170,35-44,2024,452.0,6
CXU900170LB0405M,900170,45-54,2013,736.0,
CXU900170LB0405M,900170,45-54,2014,784.0,
CXU900170LB0405M,900170,45-54,2015,1066.0,6
CXU900170LB0405M,900170,45-54,2016,875.0,
CXU900170LB0405M,900170,45-54,2017,847.0,
CXU900170LB0405M,900170,45-54,2018,662.0,
CXU900170LB0405M,900170,45-54,2019,696.0,
CXU900170LB0405M,900170,45-54,2020,2107.0,6
CXU900170LB0405M,900170,45-54,2021,663.0,
CXU900170LB0405M,900170,45-54,2022,783.0,
CXU900170LB0405M,900170,45-54,2023,708.0,
CXU900170LB0405M,900170,45-54,2024,1121.0,
CXU900170LB0406M,900170,55-64,2013,3190.0,
CXU900170LB0406M,900170,55-64,2014,3531.0,
CXU900170LB0406M,900170,55-64,2015,3226.0,
CXU900170LB0406M,900170,55-64,2016,3330.0,
CXU900170LB0406M,900170,55-64,2017,3820.0,
CXU900170LB0406M,900170,55-64,2018,3541.0,
CXU900170LB0406M,900170,55-64,2019,3118.0,
CXU900170LB0406M,900170,55-64,2020,2294.0,
CXU900170LB0406M,900170,55-64,2021,2722.0,
CXU900170LB0406M,900170,55-64,2022,3386.0,
CXU900170LB0406M,900170,55-64,2023,3230.0,
CXU900170LB0406M,900170,55-64,2024,2887.0,
CXU900170LB0407M,900170,65+,2013,6575.0,
CXU900170LB0407M,900170,65+,2014,6782.0,
CXU900170LB0407M,900170,65+,2015,5771.0,
CXU900170LB0407M,900170,65+,2016,5898.0,
CXU900170LB0407M,900170,65+,2017,5903.0,
CXU900170LB0407M,900170,65+,2018,5982.0,
CXU900170LB0407M,900170,65+,2019,6035.0,
CXU900170LB0407M,900170,65+,2020,6223.0,
CXU900170LB0407M,900170,65+,2021,7511.0,
CXU900170LB0407M,900170,65+,2022,7686.0,
CXU900170LB0407M,900170,65+,2023,7507.0,
CXU900170LB0407M,900170,65+,2024,7576.0,
CXU900170LB0408M,900170,65-74,2013,6905.0,
CXU900170LB0408M,900170,65-74,2014,6604.0,
CXU900170LB0408M,900170,65-74,2015,5856.0,
CXU900170LB0408M,900170,65-74,2016,6201.0,
CXU900170LB0408M,900170,65-74,2017,6026.0,
CXU900170LB0408M,900170,65-74,2018,6320.0,
CXU900170LB0408M,900170,65-74,2019,5728.0,
CXU900170LB0408M,900170,65-74,2020,6215.0,
CXU900170LB0408M,900170,65-74,2021,6955.0,
CXU900170LB0408M,900170,65-74,2022,7832.0,
CXU900170LB0408M,900170,65-74,2023,7200.0,
CXU900170LB0408M,900170,65-74,2024,7329.0,
CXU900170LB0409M,900170,75+,2013,6135.0,
CXU900170LB0409M,900170,75+,2014,7018.0,
CXU900170LB0409M,900170,75+,2015,5653.0,
CXU900170LB0409M,900170,75+,2016,5474.0,
CXU900170LB0409M,900170,75+,2017,5731.0,
CXU900170LB0409M,900170,75+,2018,5505.0,
CXU900170LB0409M,900170,75+,2019,6445.0,
CXU900170LB0409M,900170,75+,2020,6233.0,
CXU900170LB0409M,900170,75+,2021,8333.0,
CXU900170LB0409M,900170,75+,2022,7478.0,
CXU900170LB0409M,900170,75+,2023,7931.0,
CXU900170LB0409M,900170,75+,2024,7930.0,
CXU900170LB0401M,900170,All CUs,2013,2261.0,
CXU900170LB0401M,900170,All CUs,2014,2414.0,
CXU900170LB0401M,900170,All CUs,2015,2225.0,
CXU900170LB0401M,900170,All CUs,2016,2280.0,
CXU900170LB0401M,900170,All CUs,2017,2376.0,
CXU900170LB0401M,900170,All CUs,2018,2364.0,
CXU900170LB0401M,900170,All CUs,2019,2348.0,
CXU900170LB0401M,900170,All CUs,2020,2553.0,
CXU900170LB0401M,900170,All CUs,2021,2712.0,
CXU900170LB0401M,900170,All CUs,2022,2948.0,
CXU900170LB0401M,900170,All CUs,2023,2905.0,
CXU900170LB0401M,900170,All CUs,2024,2939.0,
CXU900170LB0402M,900170,Under 25,2013,107.0,6
CXU900170LB0402M,900170,Under 25,2014,108.0,6
CXU900170LB0402M,900170,Under 25,2015,72.0,6
CXU900170LB0402M,900170,Under 25,2016,37.0,6
CXU900170LB0402M,900170,Under 25,2017,58.0,6
CXU900170LB0402M,900170,Under 25,2018,43.0,6
CXU900170LB0402M,900170,Under 25,2019,92.0,6
CXU900170LB0402M,900170,Under 25,2020,86.0,6
CXU900170LB0402M,900170,Under 25,2021,69.0,6
CXU900170LB0402M,900170,Under 25,2022,170.0,6
CXU900170LB0402M,900170,Under 25,2023,86.0,6
CXU900170LB0402M,900170,Under 25,2024,191.0,6
CXU900180LB0403M,900180,25-34,2013,70.0,6
CXU900180LB0403M,900180,25-34,2014,151.0,6
CXU900180LB0403M,900180,25-34,2015,76.0,
CXU900180LB0403M,900180,25-34,2016,68.0,
CXU900180LB0403M,900180,25-34,2017,150.0,6
CXU900180LB0403M,900180,25-34,2018,186.0,6
CXU900180LB0403M,900180,25-34,2019,212.0,6
CXU900180LB0403M,900180,25-34,2020,166.0,6
CXU900180LB0403M,900180,25-34,2021,94.0,
CXU900180LB0403M,900180,25-34,2022,109.0,
CXU900180LB0403M,900180,25-34,2023,176.0,6
CXU900180LB0403M,900180,25-34,2024,254.0,6
CXU900180LB0404M,900180,35-44,2013,167.0,6
CXU900180LB0404M,900180,35-44,2014,288.0,6
CXU900180LB0404M,900180,35-44,2015,287.0,6
CXU900180LB0404M,900180,35-44,2016,326.0,6
CXU900180LB0404M,900180,35-44,2017,197.0,
CXU900180LB0404M,900180,35-44,2018,353.0,6
CXU900180LB0404M,900180,35-44,2019,202.0,
CXU900180LB0404M,900180,35-44,2020,371.0,6
CXU900180LB0404M,900180,35-44,2021,503.0,6
CXU900180LB0404M,900180,35-44,2022,459.0,6
CXU900180LB0404M,900180,35-44,2023,631.0,6
CXU900180LB0404M,900180,35-44,2024,1178.0,6
CXU900180LB0405M,900180,45-54,2013,472.0,6
CXU900180LB0405M,900180,45-54,2014,636.0,6
CXU900180LB0405M,900180,45-54,2015,828.0,6
CXU900180LB0405M,900180,45-54,2016,810.0,6
CXU900180LB0405M,900180,45-54,2017,592.0,
CXU900180LB0405M,900180,45-54,2018,1017.0,6
CXU900180LB0405M,900180,45-54,2019,458.0,6
CXU900180LB0405M,900180,45-54,2020,596.0,6
CXU900180LB0405M,900180,45-54,2021,1463.0,6
CXU900180LB0405M,900180,45-54,2022,873.0,6
CXU900180LB0405M,900180,45-54,2023,711.0,
CXU900180LB0405M,900180,45-54,2024,813.0,
CXU900180LB0406M,900180,55-64,2013,1397.0,6
CXU900180LB0406M,900180,55-64,2014,922.0,
CXU900180LB0406M,900180,55-64,2015,1144.0,
CXU900180LB0406M,900180,55-64,2016,990.0,
CXU900180LB0406M,900180,55-64,2017,1679.0,
CXU900180LB0406M,900180,55-64,2018,1386.0,
CXU900180LB0406M,900180,55-64,2019,821.0,
CXU900180LB0406M,900180,55-64,2020,1446.0,
CXU900180LB0406M,900180,55-64,2021,1115.0,
CXU900180LB0406M,900180,55-64,2022,1300.0,
CXU900180LB0406M,900180,55-64,2023,3725.0,6
CXU900180LB0406M,900180,55-64,2024,2457.0,
CXU900180LB0407M,900180,65+,2013,1376.0,
CXU900180LB0407M,900180,65+,2014,1725.0,
CXU900180LB0407M,900180,65+,2015,2046.0,
CXU900180LB0407M,900180,65+,2016,1541.0,
CXU900180LB0407M,900180,65+,2017,1575.0,
CXU900180LB0407M,900180,65+,2018,1962.0,
CXU900180LB0407M,900180,65+,2019,2031.0,
CXU900180LB0407M,900180,65+,2020,1969.0,
CXU900180LB0407M,900180,65+,2021,1788.0,
CXU900180LB0407M,900180,65+,2022,2172.0,
CXU900180LB0407M,900180,65+,2023,2774.0,
CXU900180LB0407M,900180,65+,2024,3163.0,
CXU900180LB0408M,900180,65-74,2013,1135.0,
CXU900180LB0408M,900180,65-74,2014,1470.0,
CXU900180LB0408M,900180,65-74,2015,1635.0,
CXU900180LB0408M,900180,65-74,2016,1571.0,
CXU900180LB0408M,900180,65-74,2017,1509.0,
CXU900180LB0408M,900180,65-74,2018,2026.0,
CXU900180LB0408M,900180,65-74,2019,1897.0,
CXU900180LB0408M,900180,65-74,2020,1877.0,
CXU900180LB0408M,900180,65-74,2021,1796.0,
CXU900180LB0408M,900180,65-74,2022,2149.0,
CXU900180LB0408M,900180,65-74,2023,2906.0,
CXU900180LB0408M,900180,65-74,2024,2886.0,
CXU900180LB0409M,900180,75+,2013,1698.0,
CXU900180LB0409M,900180,75+,2014,2063.0,
CXU900180LB0409M,900180,75+,2015,2610.0,6
CXU900180LB0409M,900180,75+,2016,1500.0,
CXU900180LB0409M,900180,75+,2017,1667.0,
CXU900180LB0409M,900180,75+,2018,1873.0,
CXU900180LB0409M,900180,75+,2019,2210.0,
CXU900180LB0409M,900180,75+,2020,2098.0,
CXU900180LB0409M,900180,75+,2021,1776.0,
CXU900180LB0409M,900180,75+,2022,2206.0,
CXU900180LB0409M,900180,75+,2023,2591.0,
CXU900180LB0409M,900180,75+,2024,3560.0,
CXU900180LB0401M,900180,All CUs,2013,698.0,
CXU900180LB0401M,900180,All CUs,2014,762.0,
CXU900180LB0401M,900180,All CUs,2015,916.0,
CXU900180LB0401M,900180,All CUs,2016,779.0,
CXU900180LB0401M,900180,All CUs,2017,869.0,
CXU900180LB0401M,900180,All CUs,2018,1025.0,
CXU900180LB0401M,900180,All CUs,2019,829.0,
CXU900180LB0401M,900180,All CUs,2020,998.0,
CXU900180LB0401M,900180,All CUs,2021,1037.0,
CXU900180LB0401M,900180,All CUs,2022,1082.0,
CXU900180LB0401M,900180,All CUs,2023,1691.0,
CXU900180LB0401M,900180,All CUs,2024,1714.0,
CXU900180LB0402M,900180,Under 25,2013,72.0,6
CXU900180LB0402M,900180,Under 25,2014,52.0,6
CXU900180LB0402M,900180,Under 25,2015,131.0,6
CXU900180LB0402M,900180,Under 25,2016,68.0,6
CXU900180LB0402M,900180,Under 25,2017,27.0,6
CXU900180LB0402M,900180,Under 25,2018,117.0,6
CXU900180LB0402M,900180,Under 25,2019,24.0,6
CXU900180LB0402M,900180,Under 25,2020,15.0,6
CXU900180LB0402M,900180,Under 25,2021,59.0,6
CXU900180LB0402M,900180,Under 25,2022,79.0,6
CXU900180LB0402M,900180,Under 25,2023,95.0,6
CXU900180LB0402M,900180,Under 25,2024,116.0,6
CXU900190LB0403M,900190,25-34,2013,24.0,6
CXU900190LB0403M,900190,25-34,2014,365.0,6
CXU900190LB0403M,900190,25-34,2015,116.0,6
CXU900190LB0403M,900190,25-34,2016,117.0,6
CXU900190LB0403M,900190,25-34,2017,73.0,6
CXU900190LB0403M,900190,25-34,2018,190.0,6
CXU900190LB0403M,900190,25-34,2019,172.0,6
CXU900190LB0403M,900190,25-34,2020,165.0,6
CXU900190LB0403M,900190,25-34,2021,266.0,6
CXU900190LB0403M,900190,25-34,2022,197.0,6
CXU900190LB0403M,900190,25-34,2023,212.0,6
CXU900190LB0403M,900190,25-34,2024,142.0,6
CXU900190LB0404M,900190,35-44,2013,222.0,
CXU900190LB0404M,900190,35-44,2014,320.0,
CXU900190LB0404M,900190,35-44,2015,344.0,6
CXU900190LB0404M,900190,35-44,2016,504.0,
CXU900190LB0404M,900190,35-44,2017,390.0,6
CXU900190LB0404M,900190,35-44,2018,261.0,
CXU900190LB0404M,900190,35-44,2019,266.0,6
CXU900190LB0404M,900190,35-44,2020,284.0,
CXU900190LB0404M,900190,35-44,2021,340.0,
CXU900190LB0404M,900190,35-44,2022,328.0,6
CXU900190LB0404M,900190,35-44,2023,509.0,6
CXU900190LB0404M,900190,35-44,2024,316.0,6
CXU900190LB0405M,900190,45-54,2013,278.0,6
CXU900190LB0405M,900190,45-54,2014,400.0,6
CXU900190LB0405M,900190,45-54,2015,551.0,
CXU900190LB0405M,900190,45-54,2016,622.0,6
CXU900190LB0405M,900190,45-54,2017,669.0,
CXU900190LB0405M,900190,45-54,2018,435.0,
CXU900190LB0405M,900190,45-54,2019,518.0,
CXU900190LB0405M,900190,45-54,2020,717.0,
CXU900190LB0405M,900190,45-54,2021,911.0,6
CXU900190LB0405M,900190,45-54,2022,581.0,6
CXU900190LB0405M,900190,45-54,2023,640.0,6
CXU900190LB0405M,900190,45-54,2024,647.0,6
CXU900190LB0406M,900190,55-64,2013,527.0,
CXU900190LB0406M,900190,55-64,2014,514.0,
CXU900190LB0406M,900190,55-64,2015,570.0,
CXU900190LB0406M,900190,55-64,2016,800.0,
CXU900190LB0406M,900190,55-64,2017,709.0,
CXU900190LB0406M,900190,55-64,2018,631.0,
CXU900190LB0406M,900190,55-64,2019,677.0,
CXU900190LB0406M,900190,55-64,2020,952.0,
CXU900190LB0406M,900190,55-64,2021,989.0,
CXU900190LB0406M,900190,55-64,2022,880.0,
CXU900190LB0406M,900190,55-64,2023,878.0,
CXU900190LB0406M,900190,55-64,2024,1037.0,
CXU900190LB0407M,900190,65+,2013,605.0,
CXU900190LB0407M,900190,65+,2014,712.0,
CXU900190LB0407M,900190,65+,2015,872.0,
CXU900190LB0407M,900190,65+,2016,704.0,
CXU900190LB0407M,900190,65+,2017,1699.0,6
CXU900190LB0407M,900190,65+,2018,1134.0,6
CXU900190LB0407M,900190,65+,2019,1478.0,6
CXU900190LB0407M,900190,65+,2020,786.0,
CXU900190LB0407M,900190,65+,2021,706.0,
CXU900190LB0407M,900190,65+,2022,730.0,
CXU900190LB0407M,900190,65+,2023,1173.0,
CXU900190LB0407M,900190,65+,2024,987.0,
CXU900190LB0408M,900190,65-74,2013,628.0,6
CXU900190LB0408M,900190,65-74,2014,645.0,
CXU900190LB0408M,900190,65-74,2015,944.0,6
CXU900190LB0408M,900190,65-74,2016,648.0,
CXU900190LB0408M,900190,65-74,2017,2274.0,6
CXU900190LB0408M,900190,65-74,2018,1242.0,6
CXU900190LB0408M,900190,65-74,2019,1333.0,6
CXU900190LB0408M,900190,65-74,2020,909.0,
CXU900190LB0408M,900190,65-74,2021,610.0,
CXU900190LB0408M,900190,65-74,2022,647.0,
CXU900190LB0408M,900190,65-74,2023,953.0,
CXU900190LB0408M,900190,65-74,2024,1021.0,
CXU900190LB0409M,900190,75+,2013,575.0,6
CXU900190LB0409M,900190,75+,2014,801.0,6
CXU900190LB0409M,900190,75+,2015,774.0,
CXU900190LB0409M,900190,75+,2016,782.0,
CXU900190LB0409M,900190,75+,2017,892.0,
CXU900190LB0409M,900190,75+,2018,983.0,6
CXU900190LB0409M,900190,75+,2019,1671.0,6
CXU900190LB0409M,900190,75+,2020,616.0,
CXU900190LB0409M,900190,75+,2021,847.0,
CXU900190LB0409M,900190,75+,2022,847.0,
CXU900190LB0409M,900190,75+,2023,1479.0,6
CXU900190LB0409M,900190,75+,2024,938.0,
CXU900190LB0401M,900190,All CUs,2013,328.0,
CXU900190LB0401M,900190,All CUs,2014,451.0,
CXU900190LB0401M,900190,All CUs,2015,492.0,
CXU900190LB0401M,900190,All CUs,2016,540.0,
CXU900190LB0401M,900190,All CUs,2017,747.0,6
CXU900190LB0401M,900190,All CUs,2018,554.0,
CXU900190LB0401M,900190,All CUs,2019,673.0,
CXU900190LB0401M,900190,All CUs,2020,593.0,
CXU900190LB0401M,900190,All CUs,2021,633.0,
CXU900190LB0401M,900190,All CUs,2022,553.0,
CXU900190LB0401M,900190,All CUs,2023,717.0,
CXU900190LB0401M,900190,All CUs,2024,645.0,
CXU900190LB0402M,900190,Under 25,2013,17.0,6
CXU900190LB0402M,900190,Under 25,2014,68.0,6
CXU900190LB0402M,900190,Under 25,2015,15.0,6
CXU900190LB0402M,900190,Under 25,2016,5.0,6
CXU900190LB0402M,900190,Under 25,2017,7.0,6
CXU900190LB0402M,900190,Under 25,2018,12.0,6
CXU900190LB0402M,900190,Under 25,2019,39.0,6
CXU900190LB0402M,900190,Under 25,2020,47.0,6
CXU900190LB0402M,900190,Under 25,2021,141.0,6
CXU900190LB0402M,900190,Under 25,2022,139.0,6
CXU900190LB0402M,900190,Under 25,2023,127.0,6
CXU900190LB0402M,900190,Under 25,2024,,5
CXU900200LB0403M,900200,25-34,2013,104.0,6
CXU900200LB0403M,900200,25-34,2014,95.0,6
CXU900200LB0403M,900200,25-34,2015,31.0,6
CXU900200LB0403M,900200,25-34,2016,11.0,6
CXU900200LB0403M,900200,25-34,2017,30.0,6
CXU900200LB0403M,900200,25-34,2018,95.0,6
CXU900200LB0403M,900200,25-34,2019,86.0,6
CXU900200LB0403M,900200,25-34,2020,35.0,6
CXU900200LB0403M,900200,25-34,2021,155.0,6
CXU900200LB0403M,900200,25-34,2022,217.0,6
CXU900200LB0403M,900200,25-34,2023,29.0,6
CXU900200LB0403M,900200,25-34,2024,36.0,6
CXU900200LB0404M,900200,35-44,2013,53.0,6
CXU900200LB0404M,900200,35-44,2014,108.0,6
CXU900200LB0404M,900200,35-44,2015,91.0,6
CXU900200LB0404M,900200,35-44,2016,127.0,6
CXU900200LB0404M,900200,35-44,2017,70.0,6
CXU900200LB0404M,900200,35-44,2018,269.0,6
CXU900200LB0404M,900200,35-44,2019,133.0,6
CXU900200LB0404M,900200,35-44,2020,316.0,6
CXU900200LB0404M,900200,35-44,2021,415.0,6
CXU900200LB0404M,900200,35-44,2022,234.0,6
CXU900200LB0404M,900200,35-44,2023,934.0,6
CXU900200LB0404M,900200,35-44,2024,484.0,6
CXU900200LB0405M,900200,45-54,2013,203.0,6
CXU900200LB0405M,900200,45-54,2014,214.0,6
CXU900200LB0405M,900200,45-54,2015,316.0,6
CXU900200LB0405M,900200,45-54,2016,408.0,6
CXU900200LB0405M,900200,45-54,2017,303.0,6
CXU900200LB0405M,900200,45-54,2018,493.0,6
CXU900200LB0405M,900200,45-54,2019,467.0,6
CXU900200LB0405M,900200,45-54,2020,218.0,6
CXU900200LB0405M,900200,45-54,2021,331.0,6
CXU900200LB0405M,900200,45-54,2022,201.0,6
CXU900200LB0405M,900200,45-54,2023,294.0,6
CXU900200LB0405M,900200,45-54,2024,261.0,6
CXU900200LB0406M,900200,55-64,2013,538.0,
CXU900200LB0406M,900200,55-64,2014,1206.0,6
CXU900200LB0406M,900200,55-64,2015,574.0,6
CXU900200LB0406M,900200,55-64,2016,392.0,
CXU900200LB0406M,900200,55-64,2017,716.0,6
CXU900200LB0406M,900200,55-64,2018,362.0,6
CXU900200LB0406M,900200,55-64,2019,383.0,6
CXU900200LB0406M,900200,55-64,2020,799.0,6
CXU900200LB0406M,900200,55-64,2021,1059.0,6
CXU900200LB0406M,900200,55-64,2022,1289.0,
CXU900200LB0406M,900200,55-64,2023,1420.0,6
CXU900200LB0406M,900200,55-64,2024,1640.0,6
CXU900200LB0407M,900200,65+,2013,459.0,
CXU900200LB0407M,900200,65+,2014,326.0,6
CXU900200LB0407M,900200,65+,2015,605.0,6
CXU900200LB0407M,900200,65+,2016,1063.0,6
CXU900200LB0407M,900200,65+,2017,344.0,6
CXU900200LB0407M,900200,65+,2018,563.0,6
CXU900200LB0407M,900200,65+,2019,1043.0,6
CXU900200LB0407M,900200,65+,2020,438.0,6
CXU900200LB0407M,900200,65+,2021,938.0,
CXU900200LB0407M,900200,65+,2022,1067.0,
CXU900200LB0407M,900200,65+,2023,1300.0,6
CXU900200LB0407M,900200,65+,2024,999.0,
CXU900200LB0408M,900200,65-74,2013,557.0,6
CXU900200LB0408M,900200,65-74,2014,287.0,6
CXU900200LB0408M,900200,65-74,2015,829.0,6
CXU900200LB0408M,900200,65-74,2016,1525.0,6
CXU900200LB0408M,900200,65-74,2017,399.0,6
CXU900200LB0408M,900200,65-74,2018,626.0,6
CXU900200LB0408M,900200,65-74,2019,1443.0,6
CXU900200LB0408M,900200,65-74,2020,440.0,6
CXU900200LB0408M,900200,65-74,2021,1000.0,6
CXU900200LB0408M,900200,65-74,2022,1047.0,6
CXU900200LB0408M,900200,65-74,2023,1599.0,6
CXU900200LB0408M,900200,65-74,2024,1166.0,
CXU900200LB0409M,900200,75+,2013,330.0,6
CXU900200LB0409M,900200,75+,2014,378.0,6
CXU900200LB0409M,900200,75+,2015,297.0,6
CXU900200LB0409M,900200,75+,2016,417.0,6
CXU900200LB0409M,900200,75+,2017,266.0,6
CXU900200LB0409M,900200,75+,2018,473.0,6
CXU900200LB0409M,900200,75+,2019,511.0,6
CXU900200LB0409M,900200,75+,2020,434.0,6
CXU900200LB0409M,900200,75+,2021,845.0,6
CXU900200LB0409M,900200,75+,2022,1096.0,6
CXU900200LB0409M,900200,75+,2023,886.0,6
CXU900200LB0409M,900200,75+,2024,759.0,6
CXU900200LB0401M,900200,All CUs,2013,271.0,
CXU900200LB0401M,900200,All CUs,2014,380.0,6
CXU900200LB0401M,900200,All CUs,2015,329.0,
CXU900200LB0401M,900200,All CUs,2016,432.0,6
CXU900200LB0401M,900200,All CUs,2017,294.0,
CXU900200LB0401M,900200,All CUs,2018,362.0,
CXU900200LB0401M,900200,All CUs,2019,459.0,6
CXU900200LB0401M,900200,All CUs,2020,372.0,
CXU900200LB0401M,900200,All CUs,2021,610.0,
CXU900200LB0401M,900200,All CUs,2022,659.0,
CXU900200LB0401M,900200,All CUs,2023,849.0,
CXU900200LB0401M,900200,All CUs,2024,707.0,
CXU900200LB0402M,900200,Under 25,2013,74.0,6
CXU900200LB0402M,900200,Under 25,2014,133.0,6
CXU900200LB0402M,900200,Under 25,2015,7.0,6
CXU900200LB0402M,900200,Under 25,2016,48.0,6
CXU900200LB0402M,900200,Under 25,2017,47.0,6
CXU900200LB0402M,900200,Under 25,2018,109.0,6
CXU900200LB0402M,900200,Under 25,2019,21.0,6
CXU900200LB0402M,900200,Under 25,2020,132.0,6
CXU900200LB0402M,900200,Under 25,2021,205.0,6
CXU900200LB0402M,900200,Under 25,2022,462.0,6
CXU900200LB0402M,900200,Under 25,2023,428.0,6
CXU900200LB0402M,900200,Under 25,2024,31.0,6
CXU980010LB0403M,980010,25-34,1984,2.8,
CXU980010LB0403M,980010,25-34,1985,2.7,
CXU980010LB0403M,980010,25-34,1986,2.8,
CXU980010LB0403M,980010,25-34,1987,2.8,
CXU980010LB0403M,980010,25-34,1988,2.8,
CXU980010LB0403M,980010,25-34,1989,2.7,
CXU980010LB0403M,980010,25-34,1990,2.8,
CXU980010LB0403M,980010,25-34,1991,2.8,
CXU980010LB0403M,980010,25-34,1992,2.8,
CXU980010LB0403M,980010,25-34,1993,2.8,
CXU980010LB0403M,980010,25-34,1994,2.8,
CXU980010LB0403M,980010,25-34,1995,2.8,
CXU980010LB0403M,980010,25-34,1996,2.8,
CXU980010LB0403M,980010,25-34,1997,2.8,
CXU980010LB0403M,980010,25-34,1998,2.8,
CXU980010LB0403M,980010,25-34,1999,2.9,
CXU980010LB0403M,980010,25-34,2000,2.9,
CXU980010LB0403M,980010,25-34,2001,2.9,
CXU980010LB0403M,980010,25-34,2002,2.9,
CXU980010LB0403M,980010,25-34,2003,2.9,
CXU980010LB0403M,980010,25-34,2004,2.9,
CXU980010LB0403M,980010,25-34,2005,2.8,
CXU980010LB0403M,980010,25-34,2006,2.9,
CXU980010LB0403M,980010,25-34,2007,2.8,
CXU980010LB0403M,980010,25-34,2008,2.8,
CXU980010LB0403M,980010,25-34,2009,2.8,
CXU980010LB0403M,980010,25-34,2010,2.9,
CXU980010LB0403M,980010,25-34,2011,2.9,
CXU980010LB0403M,980010,25-34,2012,2.8,
CXU980010LB0403M,980010,25-34,2013,2.8,
CXU980010LB0403M,980010,25-34,2014,2.8,
CXU980010LB0403M,980010,25-34,2015,2.7,
CXU980010LB0403M,980010,25-34,2016,2.7,
CXU980010LB0403M,980010,25-34,2017,2.8,
CXU980010LB0403M,980010,25-34,2018,2.7,
CXU980010LB0403M,980010,25-34,2019,2.7,
CXU980010LB0403M,980010,25-34,2020,2.7,
CXU980010LB0403M,980010,25-34,2021,2.7,
CXU980010LB0403M,980010,25-34,2022,2.6,
CXU980010LB0403M,980010,25-34,2023,2.6,
CXU980010LB0403M,980010,25-34,2024,2.6,
CXU980010LB0404M,980010,35-44,1984,3.4,
CXU980010LB0404M,980010,35-44,1985,3.4,
CXU980010LB0404M,980010,35-44,1986,3.4,
CXU980010LB0404M,980010,35-44,1987,3.4,
CXU980010LB0404M,980010,35-44,1988,3.3,
CXU980010LB0404M,980010,35-44,1989,3.3,
CXU980010LB0404M,980010,35-44,1990,3.3,
CXU980010LB0404M,980010,35-44,1991,3.3,
CXU980010LB0404M,980010,35-44,1992,3.2,
CXU980010LB0404M,980010,35-44,1993,3.3,
CXU980010LB0404M,980010,35-44,1994,3.2,
CXU980010LB0404M,980010,35-44,1995,3.2,
CXU980010LB0404M,980010,35-44,1996,3.2,
CXU980010LB0404M,980010,35-44,1997,3.2,
CXU980010LB0404M,980010,35-44,1998,3.3,
CXU980010LB0404M,980010,35-44,1999,3.2,
CXU980010LB0404M,980010,35-44,2000,3.3,
CXU980010LB0404M,980010,35-44,2001,3.3,
CXU980010LB0404M,980010,35-44,2002,3.2,
CXU980010LB0404M,980010,35-44,2003,3.2,
CXU980010LB0404M,980010,35-44,2004,3.2,
CXU980010LB0404M,980010,35-44,2005,3.2,
CXU980010LB0404M,980010,35-44,2006,3.2,
CXU980010LB0404M,980010,35-44,2007,3.2,
CXU980010LB0404M,980010,35-44,2008,3.3,
CXU980010LB0404M,980010,35-44,2009,3.3,
CXU980010LB0404M,980010,35-44,2010,3.3,
CXU980010LB0404M,980010,35-44,2011,3.3,
CXU980010LB0404M,980010,35-44,2012,3.4,
CXU980010LB0404M,980010,35-44,2013,3.4,
CXU980010LB0404M,980010,35-44,2014,3.3,
CXU980010LB0404M,980010,35-44,2015,3.3,
CXU980010LB0404M,980010,35-44,2016,3.4,
CXU980010LB0404M,980010,35-44,2017,3.4,
CXU980010LB0404M,980010,35-44,2018,3.4,
CXU980010LB0404M,980010,35-44,2019,3.4,
CXU980010LB0404M,980010,35-44,2020,3.4,
CXU980010LB0404M,980010,35-44,2021,3.3,
CXU980010LB0404M,980010,35-44,2022,3.4,
CXU980010LB0404M,980010,35-44,2023,3.4,
CXU980010LB0404M,980010,35-44,2024,3.3,
CXU980010LB0405M,980010,45-54,1984,3.1,
CXU980010LB0405M,980010,45-54,1985,3.1,
CXU980010LB0405M,980010,45-54,1986,2.9,
CXU980010LB0405M,980010,45-54,1987,2.9,
CXU980010LB0405M,980010,45-54,1988,2.9,
CXU980010LB0405M,980010,45-54,1989,3.0,
CXU980010LB0405M,980010,45-54,1990,2.9,
CXU980010LB0405M,980010,45-54,1991,3.0,
CXU980010LB0405M,980010,45-54,1992,2.8,
CXU980010LB0405M,980010,45-54,1993,2.8,
CXU980010LB0405M,980010,45-54,1994,2.8,
CXU980010LB0405M,980010,45-54,1995,2.8,
CXU980010LB0405M,980010,45-54,1996,2.7,
CXU980010LB0405M,980010,45-54,1997,2.7,
CXU980010LB0405M,980010,45-54,1998,2.7,
CXU980010LB0405M,980010,45-54,1999,2.7,
CXU980010LB0405M,980010,45-54,2000,2.7,
CXU980010LB0405M,980010,45-54,2001,2.7,
CXU980010LB0405M,980010,45-54,2002,2.7,
CXU980010LB0405M,980010,45-54,2003,2.6,
CXU980010LB0405M,980010,45-54,2004,2.7,
CXU980010LB0405M,980010,45-54,2005,2.7,
CXU980010LB0405M,980010,45-54,2006,2.7,
CXU980010LB0405M,980010,45-54,2007,2.7,
CXU980010LB0405M,980010,45-54,2008,2.7,
CXU980010LB0405M,980010,45-54,2009,2.8,
CXU980010LB0405M,980010,45-54,2010,2.8,
CXU980010LB0405M,980010,45-54,2011,2.8,
CXU980010LB0405M,980010,45-54,2012,2.7,
CXU980010LB0405M,980010,45-54,2013,2.7,
CXU980010LB0405M,980010,45-54,2014,2.8,
CXU980010LB0405M,980010,45-54,2015,2.8,
CXU980010LB0405M,980010,45-54,2016,2.8,
CXU980010LB0405M,980010,45-54,2017,2.8,
CXU980010LB0405M,980010,45-54,2018,2.9,
CXU980010LB0405M,980010,45-54,2019,2.9,
CXU980010LB0405M,980010,45-54,2020,2.9,
CXU980010LB0405M,980010,45-54,2021,2.9,
CXU980010LB0405M,980010,45-54,2022,2.9,
CXU980010LB0405M,980010,45-54,2023,2.9,
CXU980010LB0405M,980010,45-54,2024,3.0,
CXU980010LB0406M,980010,55-64,1984,2.5,
CXU980010LB0406M,980010,55-64,1985,2.4,
CXU980010LB0406M,980010,55-64,1986,2.4,
CXU980010LB0406M,980010,55-64,1987,2.3,
CXU980010LB0406M,980010,55-64,1988,2.2,
CXU980010LB0406M,980010,55-64,1989,2.3,
CXU980010LB0406M,980010,55-64,1990,2.3,
CXU980010LB0406M,980010,55-64,1991,2.3,
CXU980010LB0406M,980010,55-64,1992,2.4,
CXU980010LB0406M,980010,55-64,1993,2.3,
CXU980010LB0406M,980010,55-64,1994,2.2,
CXU980010LB0406M,980010,55-64,1995,2.2,
CXU980010LB0406M,980010,55-64,1996,2.3,
CXU980010LB0406M,980010,55-64,1997,2.2,
CXU980010LB0406M,980010,55-64,1998,2.2,
CXU980010LB0406M,980010,55-64,1999,2.2,
CXU980010LB0406M,980010,55-64,2000,2.1,
CXU980010LB0406M,980010,55-64,2001,2.1,
CXU980010LB0406M,980010,55-64,2002,2.1,
CXU980010LB0406M,980010,55-64,2003,2.1,
CXU980010LB0406M,980010,55-64,2004,2.1,
CXU980010LB0406M,980010,55-64,2005,2.1,
CXU980010LB0406M,980010,55-64,2006,2.0,
CXU980010LB0406M,980010,55-64,2007,2.1,
CXU980010LB0406M,980010,55-64,2008,2.1,
CXU980010LB0406M,980010,55-64,2009,2.1,
CXU980010LB0406M,980010,55-64,2010,2.2,
CXU980010LB0406M,980010,55-64,2011,2.1,
CXU980010LB0406M,980010,55-64,2012,2.1,
CXU980010LB0406M,980010,55-64,2013,2.1,
CXU980010LB0406M,980010,55-64,2014,2.2,
CXU980010LB0406M,980010,55-64,2015,2.2,
CXU980010LB0406M,980010,55-64,2016,2.2,
CXU980010LB0406M,980010,55-64,2017,2.2,
CXU980010LB0406M,980010,55-64,2018,2.2,
CXU980010LB0406M,980010,55-64,2019,2.2,
CXU980010LB0406M,980010,55-64,2020,2.2,
CXU980010LB0406M,980010,55-64,2021,2.2,
CXU980010LB0406M,980010,55-64,2022,2.2,
CXU980010LB0406M,980010,55-64,2023,2.2,
CXU980010LB0406M,980010,55-64,2024,2.2,
CXU980010LB0407M,980010,65+,1988,1.8,
CXU980010LB0407M,980010,65+,1989,1.8,
CXU980010LB0407M,980010,65+,1990,1.7,
CXU980010LB0407M,980010,65+,1991,1.7,
CXU980010LB0407M,980010,65+,1992,1.7,
CXU980010LB0407M,980010,65+,1993,1.7,
CXU980010LB0407M,980010,65+,1994,1.7,
CXU980010LB0407M,980010,65+,1995,1.7,
CXU980010LB0407M,980010,65+,1996,1.8,
CXU980010LB0407M,980010,65+,1997,1.7,
CXU980010LB0407M,980010,65+,1998,1.7,
CXU980010LB0407M,980010,65+,1999,1.7,
CXU980010LB0407M,980010,65+,2000,1.7,
CXU980010LB0407M,980010,65+,2001,1.7,
CXU980010LB0407M,980010,65+,2002,1.7,
CXU980010LB0407M,980010,65+,2003,1.7,
CXU980010LB0407M,980010,65+,2004,1.7,
CXU980010LB0407M,980010,65+,2005,1.7,
CXU980010LB0407M,980010,65+,2006,1.7,
CXU980010LB0407M,980010,65+,2007,1.7,
CXU980010LB0407M,980010,65+,2008,1.7,
CXU980010LB0407M,980010,65+,2009,1.7,
CXU980010LB0407M,980010,65+,2010,1.7,
CXU980010LB0407M,980010,65+,2011,1.7,
CXU980010LB0407M,980010,65+,2012,1.7,
CXU980010LB0407M,980010,65+,2013,1.8,
CXU980010LB0407M,980010,65+,2014,1.8,
CXU980010LB0407M,980010,65+,2015,1.7,
CXU980010LB0407M,980010,65+,2016,1.7,
CXU980010LB0407M,980010,65+,2017,1.8,
CXU980010LB0407M,980010,65+,2018,1.8,
CXU980010LB0407M,980010,65+,2019,1.7,
CXU980010LB0407M,980010,65+,2020,1.7,
CXU980010LB0407M,980010,65+,2021,1.7,
CXU980010LB0407M,980010,65+,2022,1.7,
CXU980010LB0407M,980010,65+,2023,1.7,
CXU980010LB0407M,980010,65+,2024,1.8,
CXU980010LB0408M,980010,65-74,1984,1.9,
CXU980010LB0408M,980010,65-74,1985,2.0,
CXU980010LB0408M,980010,65-74,1986,1.9,
CXU980010LB0408M,980010,65-74,1987,1.9,
CXU980010LB0408M,980010,65-74,1988,2.0,
CXU980010LB0408M,980010,65-74,1989,1.9,
CXU980010LB0408M,980010,65-74,1990,1.9,
CXU980010LB0408M,980010,65-74,1991,1.9,
CXU980010LB0408M,980010,65-74,1992,1.8,
CXU980010LB0408M,980010,65-74,1993,1.9,
CXU980010LB0408M,980010,65-74,1994,1.8,
CXU980010LB0408M,980010,65-74,1995,1.9,
CXU980010LB0408M,980010,65-74,1996,1.9,
CXU980010LB0408M,980010,65-74,1997,1.9,
CXU980010LB0408M,980010,65-74,1998,1.9,
CXU980010LB0408M,980010,65-74,1999,1.9,
CXU980010LB0408M,980010,65-74,2000,1.9,
CXU980010LB0408M,980010,65-74,2001,1.9,
CXU980010LB0408M,980010,65-74,2002,1.9,
CXU980010LB0408M,980010,65-74,2003,1.9,
CXU980010LB0408M,980010,65-74,2004,1.9,
CXU980010LB0408M,980010,65-74,2005,1.9,
CXU980010LB0408M,980010,65-74,2006,1.9,
CXU980010LB0408M,980010,65-74,2007,1.8,
CXU980010LB0408M,980010,65-74,2008,1.8,
CXU980010LB0408M,980010,65-74,2009,1.9,
CXU980010LB0408M,980010,65-74,2010,1.9,
CXU980010LB0408M,980010,65-74,2011,1.9,
CXU980010LB0408M,980010,65-74,2012,1.8,
CXU980010LB0408M,980010,65-74,2013,1.9,
CXU980010LB0408M,980010,65-74,2014,1.9,
CXU980010LB0408M,980010,65-74,2015,1.8,
CXU980010LB0408M,980010,65-74,2016,1.8,
CXU980010LB0408M,980010,65-74,2017,1.9,
CXU980010LB0408M,980010,65-74,2018,1.9,
CXU980010LB0408M,980010,65-74,2019,1.9,
CXU980010LB0408M,980010,65-74,2020,1.9,
CXU980010LB0408M,980010,65-74,2021,1.8,
CXU980010LB0408M,980010,65-74,2022,1.8,
CXU980010LB0408M,980010,65-74,2023,1.9,
CXU980010LB0408M,980010,65-74,2024,1.9,
CXU980010LB0409M,980010,75+,1984,1.6,
CXU980010LB0409M,980010,75+,1985,1.6,
CXU980010LB0409M,980010,75+,1986,1.6,
CXU980010LB0409M,980010,75+,1987,1.5,
CXU980010LB0409M,980010,75+,1988,1.5,
CXU980010LB0409M,980010,75+,1989,1.6,
CXU980010LB0409M,980010,75+,1990,1.6,
CXU980010LB0409M,980010,75+,1991,1.5,
CXU980010LB0409M,980010,75+,1992,1.6,
CXU980010LB0409M,980010,75+,1993,1.5,
CXU980010LB0409M,980010,75+,1994,1.5,
CXU980010LB0409M,980010,75+,1995,1.5,
CXU980010LB0409M,980010,75+,1996,1.6,
CXU980010LB0409M,980010,75+,1997,1.5,
CXU980010LB0409M,980010,75+,1998,1.5,
CXU980010LB0409M,980010,75+,1999,1.5,
CXU980010LB0409M,980010,75+,2000,1.5,
CXU980010LB0409M,980010,75+,2001,1.5,
CXU980010LB0409M,980010,75+,2002,1.5,
CXU980010LB0409M,980010,75+,2003,1.5,
CXU980010LB0409M,980010,75+,2004,1.5,
CXU980010LB0409M,980010,75+,2005,1.5,
CXU980010LB0409M,980010,75+,2006,1.5,
CXU980010LB0409M,980010,75+,2007,1.5,
CXU980010LB0409M,980010,75+,2008,1.5,
CXU980010LB0409M,980010,75+,2009,1.6,
CXU980010LB0409M,980010,75+,2010,1.6,
CXU980010LB0409M,980010,75+,2011,1.6,
CXU980010LB0409M,980010,75+,2012,1.5,
CXU980010LB0409M,980010,75+,2013,1.6,
CXU980010LB0409M,980010,75+,2014,1.6,
CXU980010LB0409M,980010,75+,2015,1.6,
CXU980010LB0409M,980010,75+,2016,1.6,
CXU980010LB0409M,980010,75+,2017,1.6,
CXU980010LB0409M,980010,75+,2018,1.6,
CXU980010LB0409M,980010,75+,2019,1.6,
CXU980010LB0409M,980010,75+,2020,1.6,
CXU980010LB0409M,980010,75+,2021,1.6,
CXU980010LB0409M,980010,75+,2022,1.6,
CXU980010LB0409M,980010,75+,2023,1.6,
CXU980010LB0409M,980010,75+,2024,1.6,
CXU980010LB0401M,980010,All CUs,1984,2.6,
CXU980010LB0401M,980010,All CUs,1985,2.6,
CXU980010LB0401M,980010,All CUs,1986,2.6,
CXU980010LB0401M,980010,All CUs,1987,2.6,
CXU980010LB0401M,980010,All CUs,1988,2.6,
CXU980010LB0401M,980010,All CUs,1989,2.6,
CXU980010LB0401M,980010,All CUs,1990,2.6,
CXU980010LB0401M,980010,All CUs,1991,2.6,
CXU980010LB0401M,980010,All CUs,1992,2.5,
CXU980010LB0401M,980010,All CUs,1993,2.5,
CXU980010LB0401M,980010,All CUs,1994,2.5,
CXU980010LB0401M,980010,All CUs,1995,2.5,
CXU980010LB0401M,980010,All CUs,1996,2.5,
CXU980010LB0401M,980010,All CUs,1997,2.5,
CXU980010LB0401M,980010,All CUs,1998,2.5,
CXU980010LB0401M,980010,All CUs,1999,2.5,
CXU980010LB0401M,980010,All CUs,2000,2.5,
CXU980010LB0401M,980010,All CUs,2001,2.5,
CXU980010LB0401M,980010,All CUs,2002,2.5,
CXU980010LB0401M,980010,All CUs,2003,2.5,
CXU980010LB0401M,980010,All CUs,2004,2.5,
CXU980010LB0401M,980010,All CUs,2005,2.5,
CXU980010LB0401M,980010,All CUs,2006,2.5,
CXU980010LB0401M,980010,All CUs,2007,2.5,
CXU980010LB0401M,980010,All CUs,2008,2.5,
CXU980010LB0401M,980010,All CUs,2009,2.5,
CXU980010LB0401M,980010,All CUs,2010,2.5,
CXU980010LB0401M,980010,All CUs,2011,2.5,
CXU980010LB0401M,980010,All CUs,2012,2.5,
CXU980010LB0401M,980010,All CUs,2013,2.5,
CXU980010LB0401M,980010,All CUs,2014,2.5,
CXU980010LB0401M,980010,All CUs,2015,2.5,
CXU980010LB0401M,980010,All CUs,2016,2.5,
CXU980010LB0401M,980010,All CUs,2017,2.5,
CXU980010LB0401M,980010,All CUs,2018,2.5,
CXU980010LB0401M,980010,All CUs,2019,2.5,
CXU980010LB0401M,980010,All CUs,2020,2.5,
CXU980010LB0401M,980010,All CUs,2021,2.4,
CXU980010LB0401M,980010,All CUs,2022,2.4,
CXU980010LB0401M,980010,All CUs,2023,2.5,
CXU980010LB0401M,980010,All CUs,2024,2.4,
CXU980010LB0402M,980010,Under 25,1984,1.8,
CXU980010LB0402M,980010,Under 25,1985,1.8,
CXU980010LB0402M,980010,Under 25,1986,1.8,
CXU980010LB0402M,980010,Under 25,1987,1.8,
CXU980010LB0402M,980010,Under 25,1988,1.8,
CXU980010LB0402M,980010,Under 25,1989,1.8,
CXU980010LB0402M,980010,Under 25,1990,1.8,
CXU980010LB0402M,980010,Under 25,1991,1.8,
CXU980010LB0402M,980010,Under 25,1992,1.9,
CXU980010LB0402M,980010,Under 25,1993,1.9,
CXU980010LB0402M,980010,Under 25,1994,2.0,
CXU980010LB0402M,980010,Under 25,1995,1.9,
CXU980010LB0402M,980010,Under 25,1996,1.8,
CXU980010LB0402M,980010,Under 25,1997,1.8,
CXU980010LB0402M,980010,Under 25,1998,1.8,
CXU980010LB0402M,980010,Under 25,1999,1.8,
CXU980010LB0402M,980010,Under 25,2000,1.9,
CXU980010LB0402M,980010,Under 25,2001,1.9,
CXU980010LB0402M,980010,Under 25,2002,1.9,
CXU980010LB0402M,980010,Under 25,2003,1.8,
CXU980010LB0402M,980010,Under 25,2004,1.9,
CXU980010LB0402M,980010,Under 25,2005,2.1,
CXU980010LB0402M,980010,Under 25,2006,2.0,
CXU980010LB0402M,980010,Under 25,2007,2.0,
CXU980010LB0402M,980010,Under 25,2008,2.0,
CXU980010LB0402M,980010,Under 25,2009,2.0,
CXU980010LB0402M,980010,Under 25,2010,2.0,
CXU980010LB0402M,980010,Under 25,2011,2.1,
CXU980010LB0402M,980010,Under 25,2012,2.0,
CXU980010LB0402M,980010,Under 25,2013,2.0,
CXU980010LB0402M,980010,Under 25,2014,2.1,
CXU980010LB0402M,980010,Under 25,2015,2.0,
CXU980010LB0402M,980010,Under 25,2016,2.0,
CXU980010LB0402M,980010,Under 25,2017,1.9,
CXU980010LB0402M,980010,Under 25,2018,1.9,
CXU980010LB0402M,980010,Under 25,2019,1.9,
CXU980010LB0402M,980010,Under 25,2020,2.1,
CXU980010LB0402M,980010,Under 25,2021,2.1,
CXU980010LB0402M,980010,Under 25,2022,2.1,
CXU980010LB0402M,980010,Under 25,2023,2.0,
CXU980010LB0402M,980010,Under 25,2024,1.9,
CXU980020LB0403M,980020,25-34,1984,29.7,
CXU980020LB0403M,980020,25-34,1985,29.6,
CXU980020LB0403M,980020,25-34,1986,29.6,
CXU980020LB0403M,980020,25-34,1987,29.6,
CXU980020LB0403M,980020,25-34,1988,29.7,
CXU980020LB0403M,980020,25-34,1989,29.7,
CXU980020LB0403M,980020,25-34,1990,29.8,
CXU980020LB0403M,980020,25-34,1991,29.8,
CXU980020LB0403M,980020,25-34,1992,29.8,
CXU980020LB0403M,980020,25-34,1993,29.9,
CXU980020LB0403M,980020,25-34,1994,29.9,
CXU980020LB0403M,980020,25-34,1995,29.9,
CXU980020LB0403M,980020,25-34,1996,29.8,
CXU980020LB0403M,980020,25-34,1997,29.7,
CXU980020LB0403M,980020,25-34,1998,29.7,
CXU980020LB0403M,980020,25-34,1999,29.7,
CXU980020LB0403M,980020,25-34,2000,29.8,
CXU980020LB0403M,980020,25-34,2001,29.8,
CXU980020LB0403M,980020,25-34,2002,29.8,
CXU980020LB0403M,980020,25-34,2003,29.7,
CXU980020LB0403M,980020,25-34,2004,29.7,
CXU980020LB0403M,980020,25-34,2005,29.5,
CXU980020LB0403M,980020,25-34,2006,29.6,
CXU980020LB0403M,980020,25-34,2007,29.6,
CXU980020LB0403M,980020,25-34,2008,29.6,
CXU980020LB0403M,980020,25-34,2009,29.7,
CXU980020LB0403M,980020,25-34,2010,29.7,
CXU980020LB0403M,980020,25-34,2011,29.5,
CXU980020LB0403M,980020,25-34,2012,29.6,
CXU980020LB0403M,980020,25-34,2013,29.8,
CXU980020LB0403M,980020,25-34,2014,29.7,
CXU980020LB0403M,980020,25-34,2015,29.6,
CXU980020LB0403M,980020,25-34,2016,29.6,
CXU980020LB0403M,980020,25-34,2017,29.8,
CXU980020LB0403M,980020,25-34,2018,29.8,
CXU980020LB0403M,980020,25-34,2019,29.8,
CXU980020LB0403M,980020,25-34,2020,29.9,
CXU980020LB0403M,980020,25-34,2021,29.8,
CXU980020LB0403M,980020,25-34,2022,29.8,
CXU980020LB0403M,980020,25-34,2023,29.9,
CXU980020LB0403M,980020,25-34,2024,29.9,
CXU980020LB0404M,980020,35-44,1984,39.2,
CXU980020LB0404M,980020,35-44,1985,39.1,
CXU980020LB0404M,980020,35-44,1986,39.2,
CXU980020LB0404M,980020,35-44,1987,39.1,
CXU980020LB0404M,980020,35-44,1988,39.3,
CXU980020LB0404M,980020,35-44,1989,39.4,
CXU980020LB0404M,980020,35-44,1990,39.4,
CXU980020LB0404M,980020,35-44,1991,39.5,
CXU980020LB0404M,980020,35-44,1992,39.4,
CXU980020LB0404M,980020,35-44,1993,39.3,
CXU980020LB0404M,980020,35-44,1994,39.3,
CXU980020LB0404M,980020,35-44,1995,39.4,
CXU980020LB0404M,980020,35-44,1996,39.4,
CXU980020LB0404M,980020,35-44,1997,39.5,
CXU980020LB0404M,980020,35-44,1998,39.5,
CXU980020LB0404M,980020,35-44,1999,39.5,
CXU980020LB0404M,980020,35-44,2000,39.5,
CXU980020LB0404M,980020,35-44,2001,39.6,
CXU980020LB0404M,980020,35-44,2002,39.7,
CXU980020LB0404M,980020,35-44,2003,39.7,
CXU980020LB0404M,980020,35-44,2004,39.7,
CXU980020LB0404M,980020,35-44,2005,39.7,
CXU980020LB0404M,980020,35-44,2006,39.7,
CXU980020LB0404M,980020,35-44,2007,39.6,
CXU980020LB0404M,980020,35-44,2008,39.7,
CXU980020LB0404M,980020,35-44,2009,39.7,
CXU980020LB0404M,980020,35-44,2010,39.6,
CXU980020LB0404M,980020,35-44,2011,39.6,
CXU980020LB0404M,980020,35-44,2012,39.4,
CXU980020LB0404M,980020,35-44,2013,39.7,
CXU980020LB0404M,980020,35-44,2014,39.6,
CXU980020LB0404M,980020,35-44,2015,39.5,
CXU980020LB0404M,980020,35-44,2016,39.5,
CXU980020LB0404M,980020,35-44,2017,39.3,
CXU980020LB0404M,980020,35-44,2018,39.5,
CXU980020LB0404M,980020,35-44,2019,39.5,
CXU980020LB0404M,980020,35-44,2020,39.4,
CXU980020LB0404M,980020,35-44,2021,39.4,
CXU980020LB0404M,980020,35-44,2022,39.5,
CXU980020LB0404M,980020,35-44,2023,39.6,
CXU980020LB0404M,980020,35-44,2024,39.6,
CXU980020LB0405M,980020,45-54,1984,49.5,
CXU980020LB0405M,980020,45-54,1985,49.2,
CXU980020LB0405M,980020,45-54,1986,49.4,
CXU980020LB0405M,980020,45-54,1987,49.2,
CXU980020LB0405M,980020,45-54,1988,49.2,
CXU980020LB0405M,980020,45-54,1989,49.2,
CXU980020LB0405M,980020,45-54,1990,49.2,
CXU980020LB0405M,980020,45-54,1991,49.2,
CXU980020LB0405M,980020,45-54,1992,49.0,
CXU980020LB0405M,980020,45-54,1993,49.1,
CXU980020LB0405M,980020,45-54,1994,49.2,
CXU980020LB0405M,980020,45-54,1995,49.1,
CXU980020LB0405M,980020,45-54,1996,49.1,
CXU980020LB0405M,980020,45-54,1997,49.1,
CXU980020LB0405M,980020,45-54,1998,49.2,
CXU980020LB0405M,980020,45-54,1999,49.2,
CXU980020LB0405M,980020,45-54,2000,49.4,
CXU980020LB0405M,980020,45-54,2001,49.4,
CXU980020LB0405M,980020,45-54,2002,49.2,
CXU980020LB0405M,980020,45-54,2003,49.4,
CXU980020LB0405M,980020,45-54,2004,49.3,
CXU980020LB0405M,980020,45-54,2005,49.3,
CXU980020LB0405M,980020,45-54,2006,49.3,
CXU980020LB0405M,980020,45-54,2007,49.4,
CXU980020LB0405M,980020,45-54,2008,49.4,
CXU980020LB0405M,980020,45-54,2009,49.5,
CXU980020LB0405M,980020,45-54,2010,49.5,
CXU980020LB0405M,980020,45-54,2011,49.6,
CXU980020LB0405M,980020,45-54,2012,49.6,
CXU980020LB0405M,980020,45-54,2013,49.7,
CXU980020LB0405M,980020,45-54,2014,49.8,
CXU980020LB0405M,980020,45-54,2015,49.6,
CXU980020LB0405M,980020,45-54,2016,49.5,
CXU980020LB0405M,980020,45-54,2017,49.7,
CXU980020LB0405M,980020,45-54,2018,49.6,
CXU980020LB0405M,980020,45-54,2019,49.7,
CXU980020LB0405M,980020,45-54,2020,49.6,
CXU980020LB0405M,980020,45-54,2021,49.6,
CXU980020LB0405M,980020,45-54,2022,49.5,
CXU980020LB0405M,980020,45-54,2023,49.7,
CXU980020LB0405M,980020,45-54,2024,49.5,
CXU980020LB0406M,980020,55-64,1984,59.6,
CXU980020LB0406M,980020,55-64,1985,59.5,
CXU980020LB0406M,980020,55-64,1986,59.5,
CXU980020LB0406M,980020,55-64,1987,59.6,
CXU980020LB0406M,980020,55-64,1988,59.6,
CXU980020LB0406M,980020,55-64,1989,59.6,
CXU980020LB0406M,980020,55-64,1990,59.7,
CXU980020LB0406M,980020,55-64,1991,59.5,
CXU980020LB0406M,980020,55-64,1992,59.4,
CXU980020LB0406M,980020,55-64,1993,59.5,
CXU980020LB0406M,980020,55-64,1994,59.4,
CXU980020LB0406M,980020,55-64,1995,59.4,
CXU980020LB0406M,980020,55-64,1996,59.3,
CXU980020LB0406M,980020,55-64,1997,59.3,
CXU980020LB0406M,980020,55-64,1998,59.4,
CXU980020LB0406M,980020,55-64,1999,59.1,
CXU980020LB0406M,980020,55-64,2000,59.1,
CXU980020LB0406M,980020,55-64,2001,59.2,
CXU980020LB0406M,980020,55-64,2002,59.1,
CXU980020LB0406M,980020,55-64,2003,59.0,
CXU980020LB0406M,980020,55-64,2004,59.1,
CXU980020LB0406M,980020,55-64,2005,59.3,
CXU980020LB0406M,980020,55-64,2006,59.1,
CXU980020LB0406M,980020,55-64,2007,59.2,
CXU980020LB0406M,980020,55-64,2008,59.3,
CXU980020LB0406M,980020,55-64,2009,59.1,
CXU980020LB0406M,980020,55-64,2010,59.2,
CXU980020LB0406M,980020,55-64,2011,59.2,
CXU980020LB0406M,980020,55-64,2012,59.1,
CXU980020LB0406M,980020,55-64,2013,59.2,
CXU980020LB0406M,980020,55-64,2014,59.3,
CXU980020LB0406M,980020,55-64,2015,59.3,
CXU980020LB0406M,980020,55-64,2016,59.4,
CXU980020LB0406M,980020,55-64,2017,59.4,
CXU980020LB0406M,980020,55-64,2018,59.4,
CXU980020LB0406M,980020,55-64,2019,59.5,
CXU980020LB0406M,980020,55-64,2020,59.7,
CXU980020LB0406M,980020,55-64,2021,59.6,
CXU980020LB0406M,980020,55-64,2022,59.6,
CXU980020LB0406M,980020,55-64,2023,59.6,
CXU980020LB0406M,980020,55-64,2024,59.6,
CXU980020LB0407M,980020,65+,1988,73.9,
CXU980020LB0407M,980020,65+,1989,73.9,
CXU980020LB0407M,980020,65+,1990,74.2,
CXU980020LB0407M,980020,65+,1991,74.1,
CXU980020LB0407M,980020,65+,1992,74.4,
CXU980020LB0407M,980020,65+,1993,74.7,
CXU980020LB0407M,980020,65+,1994,74.7,
CXU980020LB0407M,980020,65+,1995,74.4,
CXU980020LB0407M,980020,65+,1996,74.6,
CXU980020LB0407M,980020,65+,1997,74.6,
CXU980020LB0407M,980020,65+,1998,74.7,
CXU980020LB0407M,980020,65+,1999,74.8,
CXU980020LB0407M,980020,65+,2000,75.0,
CXU980020LB0407M,980020,65+,2001,75.0,
CXU980020LB0407M,980020,65+,2002,75.0,
CXU980020LB0407M,980020,65+,2003,75.1,
CXU980020LB0407M,980020,65+,2004,75.3,
CXU980020LB0407M,980020,65+,2005,75.2,
CXU980020LB0407M,980020,65+,2006,75.2,
CXU980020LB0407M,980020,65+,2007,75.2,
CXU980020LB0407M,980020,65+,2008,75.0,
CXU980020LB0407M,980020,65+,2009,75.0,
CXU980020LB0407M,980020,65+,2010,74.9,
CXU980020LB0407M,980020,65+,2011,74.8,
CXU980020LB0407M,980020,65+,2012,74.8,
CXU980020LB0407M,980020,65+,2013,74.3,
CXU980020LB0407M,980020,65+,2014,74.2,
CXU980020LB0407M,980020,65+,2015,74.3,
CXU980020LB0407M,980020,65+,2016,74.3,
CXU980020LB0407M,980020,65+,2017,74.2,
CXU980020LB0407M,980020,65+,2018,74.4,
CXU980020LB0407M,980020,65+,2019,74.6,
CXU980020LB0407M,980020,65+,2020,74.3,
CXU980020LB0407M,980020,65+,2021,74.1,
CXU980020LB0407M,980020,65+,2022,74.2,
CXU980020LB0407M,980020,65+,2023,74.2,
CXU980020LB0407M,980020,65+,2024,74.2,
CXU980020LB0408M,980020,65-74,1984,69.3,
CXU980020LB0408M,980020,65-74,1985,69.3,
CXU980020LB0408M,980020,65-74,1986,69.2,
CXU980020LB0408M,980020,65-74,1987,69.1,
CXU980020LB0408M,980020,65-74,1988,69.2,
CXU980020LB0408M,980020,65-74,1989,69.2,
CXU980020LB0408M,980020,65-74,1990,69.2,
CXU980020LB0408M,980020,65-74,1991,69.3,
CXU980020LB0408M,980020,65-74,1992,69.3,
CXU980020LB0408M,980020,65-74,1993,69.4,
CXU980020LB0408M,980020,65-74,1994,69.5,
CXU980020LB0408M,980020,65-74,1995,69.3,
CXU980020LB0408M,980020,65-74,1996,69.4,
CXU980020LB0408M,980020,65-74,1997,69.4,
CXU980020LB0408M,980020,65-74,1998,69.3,
CXU980020LB0408M,980020,65-74,1999,69.3,
CXU980020LB0408M,980020,65-74,2000,69.4,
CXU980020LB0408M,980020,65-74,2001,69.3,
CXU980020LB0408M,980020,65-74,2002,69.4,
CXU980020LB0408M,980020,65-74,2003,69.2,
CXU980020LB0408M,980020,65-74,2004,69.3,
CXU980020LB0408M,980020,65-74,2005,69.1,
CXU980020LB0408M,980020,65-74,2006,69.1,
CXU980020LB0408M,980020,65-74,2007,69.1,
CXU980020LB0408M,980020,65-74,2008,69.0,
CXU980020LB0408M,980020,65-74,2009,68.9,
CXU980020LB0408M,980020,65-74,2010,69.1,
CXU980020LB0408M,980020,65-74,2011,68.9,
CXU980020LB0408M,980020,65-74,2012,68.9,
CXU980020LB0408M,980020,65-74,2013,68.8,
CXU980020LB0408M,980020,65-74,2014,68.8,
CXU980020LB0408M,980020,65-74,2015,68.9,
CXU980020LB0408M,980020,65-74,2016,68.9,
CXU980020LB0408M,980020,65-74,2017,69.0,
CXU980020LB0408M,980020,65-74,2018,69.2,
CXU980020LB0408M,980020,65-74,2019,69.2,
CXU980020LB0408M,980020,65-74,2020,69.2,
CXU980020LB0408M,980020,65-74,2021,69.3,
CXU980020LB0408M,980020,65-74,2022,69.3,
CXU980020LB0408M,980020,65-74,2023,69.3,
CXU980020LB0408M,980020,65-74,2024,69.2,
CXU980020LB0409M,980020,75+,1984,80.3,
CXU980020LB0409M,980020,75+,1985,80.7,
CXU980020LB0409M,980020,75+,1986,80.5,
CXU980020LB0409M,980020,75+,1987,80.2,
CXU980020LB0409M,980020,75+,1988,80.3,
CXU980020LB0409M,980020,75+,1989,80.5,
CXU980020LB0409M,980020,75+,1990,80.7,
CXU980020LB0409M,980020,75+,1991,80.6,
CXU980020LB0409M,980020,75+,1992,80.6,
CXU980020LB0409M,980020,75+,1993,81.0,
CXU980020LB0409M,980020,75+,1994,81.3,
CXU980020LB0409M,980020,75+,1995,80.6,
CXU980020LB0409M,980020,75+,1996,80.9,
CXU980020LB0409M,980020,75+,1997,81.1,
CXU980020LB0409M,980020,75+,1998,81.0,
CXU980020LB0409M,980020,75+,1999,80.8,
CXU980020LB0409M,980020,75+,2000,81.2,
CXU980020LB0409M,980020,75+,2001,81.1,
CXU980020LB0409M,980020,75+,2002,80.8,
CXU980020LB0409M,980020,75+,2003,81.1,
CXU980020LB0409M,980020,75+,2004,81.2,
CXU980020LB0409M,980020,75+,2005,81.4,
CXU980020LB0409M,980020,75+,2006,81.5,
CXU980020LB0409M,980020,75+,2007,81.5,
CXU980020LB0409M,980020,75+,2008,81.6,
CXU980020LB0409M,980020,75+,2009,81.6,
CXU980020LB0409M,980020,75+,2010,81.4,
CXU980020LB0409M,980020,75+,2011,81.8,
CXU980020LB0409M,980020,75+,2012,82.1,
CXU980020LB0409M,980020,75+,2013,81.6,
CXU980020LB0409M,980020,75+,2014,81.4,
CXU980020LB0409M,980020,75+,2015,81.6,
CXU980020LB0409M,980020,75+,2016,81.8,
CXU980020LB0409M,980020,75+,2017,81.5,
CXU980020LB0409M,980020,75+,2018,81.7,
CXU980020LB0409M,980020,75+,2019,81.8,
CXU980020LB0409M,980020,75+,2020,81.4,
CXU980020LB0409M,980020,75+,2021,81.4,
CXU980020LB0409M,980020,75+,2022,81.0,
CXU980020LB0409M,980020,75+,2023,81.0,
CXU980020LB0409M,980020,75+,2024,81.3,
CXU980020LB0401M,980020,All CUs,1984,46.7,
CXU980020LB0401M,980020,All CUs,1985,46.8,
CXU980020LB0401M,980020,All CUs,1986,46.7,
CXU980020LB0401M,980020,All CUs,1987,47.0,
CXU980020LB0401M,980020,All CUs,1988,47.0,
CXU980020LB0401M,980020,All CUs,1989,47.2,
CXU980020LB0401M,980020,All CUs,1990,47.2,
CXU980020LB0401M,980020,All CUs,1991,47.5,
CXU980020LB0401M,980020,All CUs,1992,47.6,
CXU980020LB0401M,980020,All CUs,1993,47.8,
CXU980020LB0401M,980020,All CUs,1994,47.6,
CXU980020LB0401M,980020,All CUs,1995,48.0,
CXU980020LB0401M,980020,All CUs,1996,47.7,
CXU980020LB0401M,980020,All CUs,1997,47.7,
CXU980020LB0401M,980020,All CUs,1998,47.6,
CXU980020LB0401M,980020,All CUs,1999,47.9,
CXU980020LB0401M,980020,All CUs,2000,48.2,
CXU980020LB0401M,980020,All CUs,2001,48.1,
CXU980020LB0401M,980020,All CUs,2002,48.1,
CXU980020LB0401M,980020,All CUs,2003,48.4,
CXU980020LB0401M,980020,All CUs,2004,48.5,
CXU980020LB0401M,980020,All CUs,2005,48.6,
CXU980020LB0401M,980020,All CUs,2006,48.7,
CXU980020LB0401M,980020,All CUs,2007,48.8,
CXU980020LB0401M,980020,All CUs,2008,49.1,
CXU980020LB0401M,980020,All CUs,2009,49.4,
CXU980020LB0401M,980020,All CUs,2010,49.4,
CXU980020LB0401M,980020,All CUs,2011,49.7,
CXU980020LB0401M,980020,All CUs,2012,50.0,
CXU980020LB0401M,980020,All CUs,2013,50.1,
CXU980020LB0401M,980020,All CUs,2014,50.3,
CXU980020LB0401M,980020,All CUs,2015,50.5,
CXU980020LB0401M,980020,All CUs,2016,50.9,
CXU980020LB0401M,980020,All CUs,2017,50.9,
CXU980020LB0401M,980020,All CUs,2018,51.1,
CXU980020LB0401M,980020,All CUs,2019,51.6,
CXU980020LB0401M,980020,All CUs,2020,52.2,
CXU980020LB0401M,980020,All CUs,2021,51.8,
CXU980020LB0401M,980020,All CUs,2022,52.1,
CXU980020LB0401M,980020,All CUs,2023,52.1,
CXU980020LB0401M,980020,All CUs,2024,52.2,
CXU980020LB0402M,980020,Under 25,1984,21.5,
CXU980020LB0402M,980020,Under 25,1985,21.4,
CXU980020LB0402M,980020,Under 25,1986,21.5,
CXU980020LB0402M,980020,Under 25,1987,21.6,
CXU980020LB0402M,980020,Under 25,1988,21.7,
CXU980020LB0402M,980020,Under 25,1989,21.5,
CXU980020LB0402M,980020,Under 25,1990,21.5,
CXU980020LB0402M,980020,Under 25,1991,21.4,
CXU980020LB0402M,980020,Under 25,1992,21.6,
CXU980020LB0402M,980020,Under 25,1993,21.6,
CXU980020LB0402M,980020,Under 25,1994,21.7,
CXU980020LB0402M,980020,Under 25,1995,21.6,
CXU980020LB0402M,980020,Under 25,1996,21.3,
CXU980020LB0402M,980020,Under 25,1997,21.2,
CXU980020LB0402M,980020,Under 25,1998,21.4,
CXU980020LB0402M,980020,Under 25,1999,21.4,
CXU980020LB0402M,980020,Under 25,2000,21.3,
CXU980020LB0402M,980020,Under 25,2001,21.4,
CXU980020LB0402M,980020,Under 25,2002,21.3,
CXU980020LB0402M,980020,Under 25,2003,21.3,
CXU980020LB0402M,980020,Under 25,2004,21.4,
CXU980020LB0402M,980020,Under 25,2005,21.5,
CXU980020LB0402M,980020,Under 25,2006,21.5,
CXU980020LB0402M,980020,Under 25,2007,21.5,
CXU980020LB0402M,980020,Under 25,2008,21.5,
CXU980020LB0402M,980020,Under 25,2009,21.4,
CXU980020LB0402M,980020,Under 25,2010,21.5,
CXU980020LB0402M,980020,Under 25,2011,21.7,
CXU980020LB0402M,980020,Under 25,2012,21.7,
CXU980020LB0402M,980020,Under 25,2013,21.6,
CXU980020LB0402M,980020,Under 25,2014,21.6,
CXU980020LB0402M,980020,Under 25,2015,21.4,
CXU980020LB0402M,980020,Under 25,2016,21.4,
CXU980020LB0402M,980020,Under 25,2017,21.4,
CXU980020LB0402M,980020,Under 25,2018,21.3,
CXU980020LB0402M,980020,Under 25,2019,21.7,
CXU980020LB0402M,980020,Under 25,2020,21.9,
CXU980020LB0402M,980020,Under 25,2021,22.0,
CXU980020LB0402M,980020,Under 25,2022,21.9,
CXU980020LB0402M,980020,Under 25,2023,21.8,
CXU980020LB0402M,980020,Under 25,2024,21.7,
CXU980030LB0403M,980030,25-34,1984,1.5,
CXU980030LB0403M,980030,25-34,1985,1.5,
CXU980030LB0403M,980030,25-34,1986,1.5,
CXU980030LB0403M,980030,25-34,1987,1.5,
CXU980030LB0403M,980030,25-34,1988,1.5,
CXU980030LB0403M,980030,25-34,1989,1.5,
CXU980030LB0403M,980030,25-34,1990,1.5,
CXU980030LB0403M,980030,25-34,1991,1.5,
CXU980030LB0403M,980030,25-34,1992,1.5,
CXU980030LB0403M,980030,25-34,1993,1.4,
CXU980030LB0403M,980030,25-34,1994,1.4,
CXU980030LB0403M,980030,25-34,1995,1.5,
CXU980030LB0403M,980030,25-34,1996,1.5,
CXU980030LB0403M,980030,25-34,1997,1.5,
CXU980030LB0403M,980030,25-34,1998,1.5,
CXU980030LB0403M,980030,25-34,1999,1.5,
CXU980030LB0403M,980030,25-34,2000,1.5,
CXU980030LB0403M,980030,25-34,2001,1.5,
CXU980030LB0403M,980030,25-34,2002,1.5,
CXU980030LB0403M,980030,25-34,2003,1.5,
CXU980030LB0403M,980030,25-34,2004,1.5,
CXU980030LB0403M,980030,25-34,2005,1.5,
CXU980030LB0403M,980030,25-34,2006,1.5,
CXU980030LB0403M,980030,25-34,2007,1.5,
CXU980030LB0403M,980030,25-34,2008,1.5,
CXU980030LB0403M,980030,25-34,2009,1.5,
CXU980030LB0403M,980030,25-34,2010,1.5,
CXU980030LB0403M,980030,25-34,2011,1.5,
CXU980030LB0403M,980030,25-34,2012,1.5,
CXU980030LB0403M,980030,25-34,2013,1.5,
CXU980030LB0403M,980030,25-34,2014,1.5,
CXU980030LB0403M,980030,25-34,2015,1.5,
CXU980030LB0403M,980030,25-34,2016,1.5,
CXU980030LB0403M,980030,25-34,2017,1.5,
CXU980030LB0403M,980030,25-34,2018,1.5,
CXU980030LB0403M,980030,25-34,2019,1.5,
CXU980030LB0403M,980030,25-34,2020,1.5,
CXU980030LB0403M,980030,25-34,2021,1.5,
CXU980030LB0403M,980030,25-34,2022,1.5,
CXU980030LB0403M,980030,25-34,2023,1.6,
CXU980030LB0403M,980030,25-34,2024,1.6,
CXU980030LB0404M,980030,35-44,1984,1.8,
CXU980030LB0404M,980030,35-44,1985,1.8,
CXU980030LB0404M,980030,35-44,1986,1.8,
CXU980030LB0404M,980030,35-44,1987,1.8,
CXU980030LB0404M,980030,35-44,1988,1.8,
CXU980030LB0404M,980030,35-44,1989,1.8,
CXU980030LB0404M,980030,35-44,1990,1.8,
CXU980030LB0404M,980030,35-44,1991,1.7,
CXU980030LB0404M,980030,35-44,1992,1.7,
CXU980030LB0404M,980030,35-44,1993,1.7,
CXU980030LB0404M,980030,35-44,1994,1.7,
CXU980030LB0404M,980030,35-44,1995,1.7,
CXU980030LB0404M,980030,35-44,1996,1.7,
CXU980030LB0404M,980030,35-44,1997,1.7,
CXU980030LB0404M,980030,35-44,1998,1.7,
CXU980030LB0404M,980030,35-44,1999,1.7,
CXU980030LB0404M,980030,35-44,2000,1.7,
CXU980030LB0404M,980030,35-44,2001,1.7,
CXU980030LB0404M,980030,35-44,2002,1.7,
CXU980030LB0404M,980030,35-44,2003,1.6,
CXU980030LB0404M,980030,35-44,2004,1.7,
CXU980030LB0404M,980030,35-44,2005,1.7,
CXU980030LB0404M,980030,35-44,2006,1.6,
CXU980030LB0404M,980030,35-44,2007,1.6,
CXU980030LB0404M,980030,35-44,2008,1.6,
CXU980030LB0404M,980030,35-44,2009,1.6,
CXU980030LB0404M,980030,35-44,2010,1.6,
CXU980030LB0404M,980030,35-44,2011,1.6,
CXU980030LB0404M,980030,35-44,2012,1.6,
CXU980030LB0404M,980030,35-44,2013,1.6,
CXU980030LB0404M,980030,35-44,2014,1.6,
CXU980030LB0404M,980030,35-44,2015,1.6,
CXU980030LB0404M,980030,35-44,2016,1.7,
CXU980030LB0404M,980030,35-44,2017,1.7,
CXU980030LB0404M,980030,35-44,2018,1.7,
CXU980030LB0404M,980030,35-44,2019,1.7,
CXU980030LB0404M,980030,35-44,2020,1.6,
CXU980030LB0404M,980030,35-44,2021,1.6,
CXU980030LB0404M,980030,35-44,2022,1.7,
CXU980030LB0404M,980030,35-44,2023,1.7,
CXU980030LB0404M,980030,35-44,2024,1.7,
CXU980030LB0405M,980030,45-54,1984,2.0,
CXU980030LB0405M,980030,45-54,1985,2.1,
CXU980030LB0405M,980030,45-54,1986,2.0,
CXU980030LB0405M,980030,45-54,1987,2.0,
CXU980030LB0405M,980030,45-54,1988,2.0,
CXU980030LB0405M,980030,45-54,1989,2.0,
CXU980030LB0405M,980030,45-54,1990,1.9,
CXU980030LB0405M,980030,45-54,1991,1.9,
CXU980030LB0405M,980030,45-54,1992,1.8,
CXU980030LB0405M,980030,45-54,1993,1.9,
CXU980030LB0405M,980030,45-54,1994,1.8,
CXU980030LB0405M,980030,45-54,1995,1.9,
CXU980030LB0405M,980030,45-54,1996,1.8,
CXU980030LB0405M,980030,45-54,1997,1.8,
CXU980030LB0405M,980030,45-54,1998,1.8,
CXU980030LB0405M,980030,45-54,1999,1.8,
CXU980030LB0405M,980030,45-54,2000,1.8,
CXU980030LB0405M,980030,45-54,2001,1.8,
CXU980030LB0405M,980030,45-54,2002,1.8,
CXU980030LB0405M,980030,45-54,2003,1.8,
CXU980030LB0405M,980030,45-54,2004,1.7,
CXU980030LB0405M,980030,45-54,2005,1.7,
CXU980030LB0405M,980030,45-54,2006,1.7,
CXU980030LB0405M,980030,45-54,2007,1.7,
CXU980030LB0405M,980030,45-54,2008,1.7,
CXU980030LB0405M,980030,45-54,2009,1.7,
CXU980030LB0405M,980030,45-54,2010,1.6,
CXU980030LB0405M,980030,45-54,2011,1.7,
CXU980030LB0405M,980030,45-54,2012,1.7,
CXU980030LB0405M,980030,45-54,2013,1.6,
CXU980030LB0405M,980030,45-54,2014,1.7,
CXU980030LB0405M,980030,45-54,2015,1.7,
CXU980030LB0405M,980030,45-54,2016,1.8,
CXU980030LB0405M,980030,45-54,2017,1.7,
CXU980030LB0405M,980030,45-54,2018,1.8,
CXU980030LB0405M,980030,45-54,2019,1.8,
CXU980030LB0405M,980030,45-54,2020,1.8,
CXU980030LB0405M,980030,45-54,2021,1.8,
CXU980030LB0405M,980030,45-54,2022,1.8,
CXU980030LB0405M,980030,45-54,2023,1.9,
CXU980030LB0405M,980030,45-54,2024,1.9,
CXU980030LB0406M,980030,55-64,1984,1.4,
CXU980030LB0406M,980030,55-64,1985,1.4,
CXU980030LB0406M,980030,55-64,1986,1.5,
CXU980030LB0406M,980030,55-64,1987,1.4,
CXU980030LB0406M,980030,55-64,1988,1.4,
CXU980030LB0406M,980030,55-64,1989,1.5,
CXU980030LB0406M,980030,55-64,1990,1.4,
CXU980030LB0406M,980030,55-64,1991,1.5,
CXU980030LB0406M,980030,55-64,1992,1.4,
CXU980030LB0406M,980030,55-64,1993,1.4,
CXU980030LB0406M,980030,55-64,1994,1.3,
CXU980030LB0406M,980030,55-64,1995,1.4,
CXU980030LB0406M,980030,55-64,1996,1.4,
CXU980030LB0406M,980030,55-64,1997,1.4,
CXU980030LB0406M,980030,55-64,1998,1.3,
CXU980030LB0406M,980030,55-64,1999,1.3,
CXU980030LB0406M,980030,55-64,2000,1.4,
CXU980030LB0406M,980030,55-64,2001,1.3,
CXU980030LB0406M,980030,55-64,2002,1.3,
CXU980030LB0406M,980030,55-64,2003,1.4,
CXU980030LB0406M,980030,55-64,2004,1.3,
CXU980030LB0406M,980030,55-64,2005,1.3,
CXU980030LB0406M,980030,55-64,2006,1.3,
CXU980030LB0406M,980030,55-64,2007,1.4,
CXU980030LB0406M,980030,55-64,2008,1.3,
CXU980030LB0406M,980030,55-64,2009,1.3,
CXU980030LB0406M,980030,55-64,2010,1.3,
CXU980030LB0406M,980030,55-64,2011,1.3,
CXU980030LB0406M,980030,55-64,2012,1.3,
CXU980030LB0406M,980030,55-64,2013,1.3,
CXU980030LB0406M,980030,55-64,2014,1.3,
CXU980030LB0406M,980030,55-64,2015,1.3,
CXU980030LB0406M,980030,55-64,2016,1.4,
CXU980030LB0406M,980030,55-64,2017,1.4,
CXU980030LB0406M,980030,55-64,2018,1.4,
CXU980030LB0406M,980030,55-64,2019,1.4,
CXU980030LB0406M,980030,55-64,2020,1.4,
CXU980030LB0406M,980030,55-64,2021,1.4,
CXU980030LB0406M,980030,55-64,2022,1.4,
CXU980030LB0406M,980030,55-64,2023,1.4,
CXU980030LB0406M,980030,55-64,2024,1.4,
CXU980030LB0407M,980030,65+,1988,0.5,
CXU980030LB0407M,980030,65+,1989,0.5,
CXU980030LB0407M,980030,65+,1990,,7
CXU980030LB0407M,980030,65+,1991,,7
CXU980030LB0407M,980030,65+,1992,,7
CXU980030LB0407M,980030,65+,1993,,7
CXU980030LB0407M,980030,65+,1994,,7
CXU980030LB0407M,980030,65+,1995,,7
CXU980030LB0407M,980030,65+,1996,,7
CXU980030LB0407M,980030,65+,1997,,7
CXU980030LB0407M,980030,65+,1998,,7
CXU980030LB0407M,980030,65+,1999,,7
CXU980030LB0407M,980030,65+,2000,,7
CXU980030LB0407M,980030,65+,2001,,7
CXU980030LB0407M,980030,65+,2002,0.5,
CXU980030LB0407M,980030,65+,2003,,7
CXU980030LB0407M,980030,65+,2004,0.5,
CXU980030LB0407M,980030,65+,2005,0.5,
CXU980030LB0407M,980030,65+,2006,0.5,
CXU980030LB0407M,980030,65+,2007,,7
CXU980030LB0407M,980030,65+,2008,,7
CXU980030LB0407M,980030,65+,2009,0.5,
CXU980030LB0407M,980030,65+,2010,,7
CXU980030LB0407M,980030,65+,2011,,7
CXU980030LB0407M,980030,65+,2012,,7
CXU980030LB0407M,980030,65+,2013,0.5,
CXU980030LB0407M,980030,65+,2014,,7
CXU980030LB0407M,980030,65+,2015,,7
CXU980030LB0407M,980030,65+,2016,,7
CXU980030LB0407M,980030,65+,2017,,7
CXU980030LB0407M,980030,65+,2018,0.5,
CXU980030LB0407M,980030,65+,2019,0.5,
CXU980030LB0407M,980030,65+,2020,0.5,
CXU980030LB0407M,980030,65+,2021,,7
CXU980030LB0407M,980030,65+,2022,0.5,
CXU980030LB0407M,980030,65+,2023,,7
CXU980030LB0407M,980030,65+,2024,0.5,
CXU980030LB0408M,980030,65-74,1984,0.6,
CXU980030LB0408M,980030,65-74,1985,0.6,
CXU980030LB0408M,980030,65-74,1986,0.6,
CXU980030LB0408M,980030,65-74,1987,0.6,
CXU980030LB0408M,980030,65-74,1988,0.6,
CXU980030LB0408M,980030,65-74,1989,0.6,
CXU980030LB0408M,980030,65-74,1990,0.6,
CXU980030LB0408M,980030,65-74,1991,0.6,
CXU980030LB0408M,980030,65-74,1992,0.6,
CXU980030LB0408M,980030,65-74,1993,0.6,
CXU980030LB0408M,980030,65-74,1994,0.6,
CXU980030LB0408M,980030,65-74,1995,0.6,
CXU980030LB0408M,980030,65-74,1996,0.6,
CXU980030LB0408M,980030,65-74,1997,0.6,
CXU980030LB0408M,980030,65-74,1998,0.6,
CXU980030LB0408M,980030,65-74,1999,0.6,
CXU980030LB0408M,980030,65-74,2000,0.6,
CXU980030LB0408M,980030,65-74,2001,0.6,
CXU980030LB0408M,980030,65-74,2002,0.6,
CXU980030LB0408M,980030,65-74,2003,0.6,
CXU980030LB0408M,980030,65-74,2004,0.7,
CXU980030LB0408M,980030,65-74,2005,0.7,
CXU980030LB0408M,980030,65-74,2006,0.7,
CXU980030LB0408M,980030,65-74,2007,0.7,
CXU980030LB0408M,980030,65-74,2008,0.6,
CXU980030LB0408M,980030,65-74,2009,0.6,
CXU980030LB0408M,980030,65-74,2010,0.7,
CXU980030LB0408M,980030,65-74,2011,0.6,
CXU980030LB0408M,980030,65-74,2012,0.6,
CXU980030LB0408M,980030,65-74,2013,0.7,
CXU980030LB0408M,980030,65-74,2014,0.7,
CXU980030LB0408M,980030,65-74,2015,0.7,
CXU980030LB0408M,980030,65-74,2016,0.7,
CXU980030LB0408M,980030,65-74,2017,0.7,
CXU980030LB0408M,980030,65-74,2018,0.7,
CXU980030LB0408M,980030,65-74,2019,0.7,
CXU980030LB0408M,980030,65-74,2020,0.6,
CXU980030LB0408M,980030,65-74,2021,0.6,
CXU980030LB0408M,980030,65-74,2022,0.7,
CXU980030LB0408M,980030,65-74,2023,0.7,
CXU980030LB0408M,980030,65-74,2024,0.7,
CXU980030LB0409M,980030,75+,1984,,7
CXU980030LB0409M,980030,75+,1985,,7
CXU980030LB0409M,980030,75+,1986,,7
CXU980030LB0409M,980030,75+,1987,,7
CXU980030LB0409M,980030,75+,1988,,7
CXU980030LB0409M,980030,75+,1989,,7
CXU980030LB0409M,980030,75+,1990,,7
CXU980030LB0409M,980030,75+,1991,,7
CXU980030LB0409M,980030,75+,1992,,7
CXU980030LB0409M,980030,75+,1993,,7
CXU980030LB0409M,980030,75+,1994,,7
CXU980030LB0409M,980030,75+,1995,,7
CXU980030LB0409M,980030,75+,1996,,7
CXU980030LB0409M,980030,75+,1997,,7
CXU980030LB0409M,980030,75+,1998,,7
CXU980030LB0409M,980030,75+,1999,,7
CXU980030LB0409M,980030,75+,2000,,7
CXU980030LB0409M,980030,75+,2001,,7
CXU980030LB0409M,980030,75+,2002,,7
CXU980030LB0409M,980030,75+,2003,,7
CXU980030LB0409M,980030,75+,2004,,7
CXU980030LB0409M,980030,75+,2005,,7
CXU980030LB0409M,980030,75+,2006,,7
CXU980030LB0409M,980030,75+,2007,,7
CXU980030LB0409M,980030,75+,2008,,7
CXU980030LB0409M,980030,75+,2009,,7
CXU980030LB0409M,980030,75+,2010,,7
CXU980030LB0409M,980030,75+,2011,,7
CXU980030LB0409M,980030,75+,2012,,7
CXU980030LB0409M,980030,75+,2013,,7
CXU980030LB0409M,980030,75+,2014,,7
CXU980030LB0409M,980030,75+,2015,,7
CXU980030LB0409M,980030,75+,2016,,7
CXU980030LB0409M,980030,75+,2017,,7
CXU980030LB0409M,980030,75+,2018,,7
CXU980030LB0409M,980030,75+,2019,,7
CXU980030LB0409M,980030,75+,2020,,7
CXU980030LB0409M,980030,75+,2021,,7
CXU980030LB0409M,980030,75+,2022,,7
CXU980030LB0409M,980030,75+,2023,,7
CXU980030LB0409M,980030,75+,2024,,7
CXU980030LB0401M,980030,All CUs,1984,1.4,
CXU980030LB0401M,980030,All CUs,1985,1.4,
CXU980030LB0401M,980030,All CUs,1986,1.4,
CXU980030LB0401M,980030,All CUs,1987,1.4,
CXU980030LB0401M,980030,All CUs,1988,1.4,
CXU980030LB0401M,980030,All CUs,1989,1.4,
CXU980030LB0401M,980030,All CUs,1990,1.4,
CXU980030LB0401M,980030,All CUs,1991,1.4,
CXU980030LB0401M,980030,All CUs,1992,1.3,
CXU980030LB0401M,980030,All CUs,1993,1.3,
CXU980030LB0401M,980030,All CUs,1994,1.3,
CXU980030LB0401M,980030,All CUs,1995,1.3,
CXU980030LB0401M,980030,All CUs,1996,1.3,
CXU980030LB0401M,980030,All CUs,1997,1.3,
CXU980030LB0401M,980030,All CUs,1998,1.3,
CXU980030LB0401M,980030,All CUs,1999,1.3,
CXU980030LB0401M,980030,All CUs,2000,1.4,
CXU980030LB0401M,980030,All CUs,2001,1.4,
CXU980030LB0401M,980030,All CUs,2002,1.4,
CXU980030LB0401M,980030,All CUs,2003,1.3,
CXU980030LB0401M,980030,All CUs,2004,1.3,
CXU980030LB0401M,980030,All CUs,2005,1.3,
CXU980030LB0401M,980030,All CUs,2006,1.3,
CXU980030LB0401M,980030,All CUs,2007,1.3,
CXU980030LB0401M,980030,All CUs,2008,1.3,
CXU980030LB0401M,980030,All CUs,2009,1.3,
CXU980030LB0401M,980030,All CUs,2010,1.3,
CXU980030LB0401M,980030,All CUs,2011,1.3,
CXU980030LB0401M,980030,All CUs,2012,1.3,
CXU980030LB0401M,980030,All CUs,2013,1.3,
CXU980030LB0401M,980030,All CUs,2014,1.3,
CXU980030LB0401M,980030,All CUs,2015,1.3,
CXU980030LB0401M,980030,All CUs,2016,1.3,
CXU980030LB0401M,980030,All CUs,2017,1.3,
CXU980030LB0401M,980030,All CUs,2018,1.3,
CXU980030LB0401M,980030,All CUs,2019,1.3,
CXU980030LB0401M,980030,All CUs,2020,1.3,
CXU980030LB0401M,980030,All CUs,2021,1.3,
CXU980030LB0401M,980030,All CUs,2022,1.3,
CXU980030LB0401M,980030,All CUs,2023,1.3,
CXU980030LB0401M,980030,All CUs,2024,1.3,
CXU980030LB0402M,980030,Under 25,1984,1.3,
CXU980030LB0402M,980030,Under 25,1985,1.2,
CXU980030LB0402M,980030,Under 25,1986,1.2,
CXU980030LB0402M,980030,Under 25,1987,1.2,
CXU980030LB0402M,980030,Under 25,1988,1.3,
CXU980030LB0402M,980030,Under 25,1989,1.3,
CXU980030LB0402M,980030,Under 25,1990,1.2,
CXU980030LB0402M,980030,Under 25,1991,1.2,
CXU980030LB0402M,980030,Under 25,1992,1.2,
CXU980030LB0402M,980030,Under 25,1993,1.2,
CXU980030LB0402M,980030,Under 25,1994,1.3,
CXU980030LB0402M,980030,Under 25,1995,1.2,
CXU980030LB0402M,980030,Under 25,1996,1.2,
CXU980030LB0402M,980030,Under 25,1997,1.2,
CXU980030LB0402M,980030,Under 25,1998,1.2,
CXU980030LB0402M,980030,Under 25,1999,1.3,
CXU980030LB0402M,980030,Under 25,2000,1.3,
CXU980030LB0402M,980030,Under 25,2001,1.3,
CXU980030LB0402M,980030,Under 25,2002,1.3,
CXU980030LB0402M,980030,Under 25,2003,1.2,
CXU980030LB0402M,980030,Under 25,2004,1.3,
CXU980030LB0402M,980030,Under 25,2005,1.4,
CXU980030LB0402M,980030,Under 25,2006,1.3,
CXU980030LB0402M,980030,Under 25,2007,1.3,
CXU980030LB0402M,980030,Under 25,2008,1.3,
CXU980030LB0402M,980030,Under 25,2009,1.3,
CXU980030LB0402M,980030,Under 25,2010,1.2,
CXU980030LB0402M,980030,Under 25,2011,1.3,
CXU980030LB0402M,980030,Under 25,2012,1.3,
CXU980030LB0402M,980030,Under 25,2013,1.3,
CXU980030LB0402M,980030,Under 25,2014,1.3,
CXU980030LB0402M,980030,Under 25,2015,1.3,
CXU980030LB0402M,980030,Under 25,2016,1.4,
CXU980030LB0402M,980030,Under 25,2017,1.3,
CXU980030LB0402M,980030,Under 25,2018,1.3,
CXU980030LB0402M,980030,Under 25,2019,1.4,
CXU980030LB0402M,980030,Under 25,2020,1.5,
CXU980030LB0402M,980030,Under 25,2021,1.5,
CXU980030LB0402M,980030,Under 25,2022,1.4,
CXU980030LB0402M,980030,Under 25,2023,1.5,
CXU980030LB0402M,980030,Under 25,2024,1.4,
CXU980060LB0403M,980060,25-34,1984,0.0,
CXU980060LB0403M,980060,25-34,1985,0.0,
CXU980060LB0403M,980060,25-34,1986,0.0,
CXU980060LB0403M,980060,25-34,1987,0.0,
CXU980060LB0403M,980060,25-34,1988,0.0,
CXU980060LB0403M,980060,25-34,1989,0.0,
CXU980060LB0403M,980060,25-34,1990,0.0,
CXU980060LB0403M,980060,25-34,1991,0.0,
CXU980060LB0403M,980060,25-34,1992,0.0,
CXU980060LB0403M,980060,25-34,1993,0.0,
CXU980060LB0403M,980060,25-34,1994,0.0,
CXU980060LB0403M,980060,25-34,1995,0.0,
CXU980060LB0403M,980060,25-34,1996,0.0,
CXU980060LB0403M,980060,25-34,1997,0.0,
CXU980060LB0403M,980060,25-34,1998,0.0,
CXU980060LB0403M,980060,25-34,1999,0.0,
CXU980060LB0403M,980060,25-34,2000,0.0,
CXU980060LB0403M,980060,25-34,2001,0.0,
CXU980060LB0403M,980060,25-34,2002,0.0,
CXU980060LB0403M,980060,25-34,2003,0.0,
CXU980060LB0403M,980060,25-34,2004,0.0,
CXU980060LB0403M,980060,25-34,2005,0.0,
CXU980060LB0403M,980060,25-34,2006,0.0,
CXU980060LB0403M,980060,25-34,2007,0.0,
CXU980060LB0403M,980060,25-34,2008,0.0,
CXU980060LB0403M,980060,25-34,2009,0.0,
CXU980060LB0403M,980060,25-34,2010,,7
CXU980060LB0403M,980060,25-34,2011,,7
CXU980060LB0403M,980060,25-34,2012,,7
CXU980060LB0403M,980060,25-34,2013,,7
CXU980060LB0403M,980060,25-34,2014,,7
CXU980060LB0403M,980060,25-34,2015,,7
CXU980060LB0403M,980060,25-34,2016,,7
CXU980060LB0403M,980060,25-34,2017,,7
CXU980060LB0403M,980060,25-34,2018,,7
CXU980060LB0403M,980060,25-34,2019,,7
CXU980060LB0403M,980060,25-34,2020,,7
CXU980060LB0403M,980060,25-34,2021,,7
CXU980060LB0403M,980060,25-34,2022,,7
CXU980060LB0403M,980060,25-34,2023,,7
CXU980060LB0403M,980060,25-34,2024,,7
CXU980060LB0404M,980060,35-44,1984,0.0,
CXU980060LB0404M,980060,35-44,1985,0.0,
CXU980060LB0404M,980060,35-44,1986,0.0,
CXU980060LB0404M,980060,35-44,1987,0.0,
CXU980060LB0404M,980060,35-44,1988,0.0,
CXU980060LB0404M,980060,35-44,1989,0.0,
CXU980060LB0404M,980060,35-44,1990,0.0,
CXU980060LB0404M,980060,35-44,1991,0.0,
CXU980060LB0404M,980060,35-44,1992,0.0,
CXU980060LB0404M,980060,35-44,1993,0.0,
CXU980060LB0404M,980060,35-44,1994,0.0,
CXU980060LB0404M,980060,35-44,1995,0.0,
CXU980060LB0404M,980060,35-44,1996,0.0,
CXU980060LB0404M,980060,35-44,1997,0.0,
CXU980060LB0404M,980060,35-44,1998,0.0,
CXU980060LB0404M,980060,35-44,1999,0.0,
CXU980060LB0404M,980060,35-44,2000,0.0,
CXU980060LB0404M,980060,35-44,2001,0.0,
CXU980060LB0404M,980060,35-44,2002,0.0,
CXU980060LB0404M,980060,35-44,2003,0.0,
CXU980060LB0404M,980060,35-44,2004,0.0,
CXU980060LB0404M,980060,35-44,2005,0.0,
CXU980060LB0404M,980060,35-44,2006,0.0,
CXU980060LB0404M,980060,35-44,2007,0.0,
CXU980060LB0404M,980060,35-44,2008,0.0,
CXU980060LB0404M,980060,35-44,2009,0.0,
CXU980060LB0404M,980060,35-44,2010,,7
CXU980060LB0404M,980060,35-44,2011,,7
CXU980060LB0404M,980060,35-44,2012,,7
CXU980060LB0404M,980060,35-44,2013,,7
CXU980060LB0404M,980060,35-44,2014,,7
CXU980060LB0404M,980060,35-44,2015,,7
CXU980060LB0404M,980060,35-44,2016,,7
CXU980060LB0404M,980060,35-44,2017,,7
CXU980060LB0404M,980060,35-44,2018,,7
CXU980060LB0404M,980060,35-44,2019,,7
CXU980060LB0404M,980060,35-44,2020,,7
CXU980060LB0404M,980060,35-44,2021,,7
CXU980060LB0404M,980060,35-44,2022,,7
CXU980060LB0404M,980060,35-44,2023,,7
CXU980060LB0404M,980060,35-44,2024,,7
CXU980060LB0405M,980060,45-54,1984,,7
CXU980060LB0405M,980060,45-54,1985,0.0,
CXU980060LB0405M,980060,45-54,1986,0.0,
CXU980060LB0405M,980060,45-54,1987,0.0,
CXU980060LB0405M,980060,45-54,1988,0.0,
CXU980060LB0405M,980060,45-54,1989,0.0,
CXU980060LB0405M,980060,45-54,1990,0.0,
CXU980060LB0405M,980060,45-54,1991,0.0,
CXU980060LB0405M,980060,45-54,1992,0.0,
CXU980060LB0405M,980060,45-54,1993,0.0,
CXU980060LB0405M,980060,45-54,1994,0.0,
CXU980060LB0405M,980060,45-54,1995,0.0,
CXU980060LB0405M,980060,45-54,1996,0.0,
CXU980060LB0405M,980060,45-54,1997,0.0,
CXU980060LB0405M,980060,45-54,1998,0.0,
CXU980060LB0405M,980060,45-54,1999,0.0,
CXU980060LB0405M,980060,45-54,2000,0.0,
CXU980060LB0405M,980060,45-54,2001,0.0,
CXU980060LB0405M,980060,45-54,2002,0.0,
CXU980060LB0405M,980060,45-54,2003,0.0,
CXU980060LB0405M,980060,45-54,2004,0.0,
CXU980060LB0405M,980060,45-54,2005,0.0,
CXU980060LB0405M,980060,45-54,2006,0.0,
CXU980060LB0405M,980060,45-54,2007,0.0,
CXU980060LB0405M,980060,45-54,2008,0.0,
CXU980060LB0405M,980060,45-54,2009,0.0,
CXU980060LB0405M,980060,45-54,2010,,7
CXU980060LB0405M,980060,45-54,2011,,7
CXU980060LB0405M,980060,45-54,2012,,7
CXU980060LB0405M,980060,45-54,2013,,7
CXU980060LB0405M,980060,45-54,2014,,7
CXU980060LB0405M,980060,45-54,2015,,7
CXU980060LB0405M,980060,45-54,2016,,7
CXU980060LB0405M,980060,45-54,2017,,7
CXU980060LB0405M,980060,45-54,2018,,7
CXU980060LB0405M,980060,45-54,2019,,7
CXU980060LB0405M,980060,45-54,2020,,7
CXU980060LB0405M,980060,45-54,2021,,7
CXU980060LB0405M,980060,45-54,2022,,7
CXU980060LB0405M,980060,45-54,2023,,7
CXU980060LB0405M,980060,45-54,2024,,7
CXU980060LB0406M,980060,55-64,1984,,7
CXU980060LB0406M,980060,55-64,1985,,7
CXU980060LB0406M,980060,55-64,1986,,7
CXU980060LB0406M,980060,55-64,1987,,7
CXU980060LB0406M,980060,55-64,1988,,7
CXU980060LB0406M,980060,55-64,1989,,7
CXU980060LB0406M,980060,55-64,1990,,7
CXU980060LB0406M,980060,55-64,1991,,7
CXU980060LB0406M,980060,55-64,1992,,7
CXU980060LB0406M,980060,55-64,1993,,7
CXU980060LB0406M,980060,55-64,1994,,7
CXU980060LB0406M,980060,55-64,1995,,7
CXU980060LB0406M,980060,55-64,1996,,7
CXU980060LB0406M,980060,55-64,1997,,7
CXU980060LB0406M,980060,55-64,1998,,7
CXU980060LB0406M,980060,55-64,1999,,7
CXU980060LB0406M,980060,55-64,2000,,7
CXU980060LB0406M,980060,55-64,2001,,7
CXU980060LB0406M,980060,55-64,2002,,7
CXU980060LB0406M,980060,55-64,2003,,7
CXU980060LB0406M,980060,55-64,2004,,7
CXU980060LB0406M,980060,55-64,2005,,7
CXU980060LB0406M,980060,55-64,2006,,7
CXU980060LB0406M,980060,55-64,2007,,7
CXU980060LB0406M,980060,55-64,2008,,7
CXU980060LB0406M,980060,55-64,2009,,7
CXU980060LB0406M,980060,55-64,2010,,7
CXU980060LB0406M,980060,55-64,2011,,7
CXU980060LB0406M,980060,55-64,2012,,7
CXU980060LB0406M,980060,55-64,2013,,7
CXU980060LB0406M,980060,55-64,2014,,7
CXU980060LB0406M,980060,55-64,2015,,7
CXU980060LB0406M,980060,55-64,2016,,7
CXU980060LB0406M,980060,55-64,2017,,7
CXU980060LB0406M,980060,55-64,2018,,7
CXU980060LB0406M,980060,55-64,2019,,7
CXU980060LB0406M,980060,55-64,2020,,7
CXU980060LB0406M,980060,55-64,2021,,7
CXU980060LB0406M,980060,55-64,2022,,7
CXU980060LB0406M,980060,55-64,2023,,7
CXU980060LB0406M,980060,55-64,2024,,7
CXU980060LB0407M,980060,65+,1988,1.4,
CXU980060LB0407M,980060,65+,1989,1.4,
CXU980060LB0407M,980060,65+,1990,1.4,
CXU980060LB0407M,980060,65+,1991,1.4,
CXU980060LB0407M,980060,65+,1992,1.4,
CXU980060LB0407M,980060,65+,1993,1.4,
CXU980060LB0407M,980060,65+,1994,1.3,
CXU980060LB0407M,980060,65+,1995,1.4,
CXU980060LB0407M,980060,65+,1996,1.4,
CXU980060LB0407M,980060,65+,1997,1.3,
CXU980060LB0407M,980060,65+,1998,1.4,
CXU980060LB0407M,980060,65+,1999,1.4,
CXU980060LB0407M,980060,65+,2000,1.3,
CXU980060LB0407M,980060,65+,2001,1.4,
CXU980060LB0407M,980060,65+,2002,1.4,
CXU980060LB0407M,980060,65+,2003,1.4,
CXU980060LB0407M,980060,65+,2004,1.4,
CXU980060LB0407M,980060,65+,2005,1.4,
CXU980060LB0407M,980060,65+,2006,1.4,
CXU980060LB0407M,980060,65+,2007,1.4,
CXU980060LB0407M,980060,65+,2008,1.4,
CXU980060LB0407M,980060,65+,2009,1.4,
CXU980060LB0407M,980060,65+,2010,1.4,
CXU980060LB0407M,980060,65+,2011,1.4,
CXU980060LB0407M,980060,65+,2012,1.4,
CXU980060LB0407M,980060,65+,2013,1.4,
CXU980060LB0407M,980060,65+,2014,1.4,
CXU980060LB0407M,980060,65+,2015,1.4,
CXU980060LB0407M,980060,65+,2016,1.4,
CXU980060LB0407M,980060,65+,2017,1.4,
CXU980060LB0407M,980060,65+,2018,1.4,
CXU980060LB0407M,980060,65+,2019,1.4,
CXU980060LB0407M,980060,65+,2020,1.4,
CXU980060LB0407M,980060,65+,2021,1.4,
CXU980060LB0407M,980060,65+,2022,1.4,
CXU980060LB0407M,980060,65+,2023,1.4,
CXU980060LB0407M,980060,65+,2024,1.4,
CXU980060LB0408M,980060,65-74,1984,1.4,
CXU980060LB0408M,980060,65-74,1985,1.4,
CXU980060LB0408M,980060,65-74,1986,1.3,
CXU980060LB0408M,980060,65-74,1987,1.3,
CXU980060LB0408M,980060,65-74,1988,1.4,
CXU980060LB0408M,980060,65-74,1989,1.4,
CXU980060LB0408M,980060,65-74,1990,1.4,
CXU980060LB0408M,980060,65-74,1991,1.4,
CXU980060LB0408M,980060,65-74,1992,1.4,
CXU980060LB0408M,980060,65-74,1993,1.4,
CXU980060LB0408M,980060,65-74,1994,1.4,
CXU980060LB0408M,980060,65-74,1995,1.4,
CXU980060LB0408M,980060,65-74,1996,1.4,
CXU980060LB0408M,980060,65-74,1997,1.3,
CXU980060LB0408M,980060,65-74,1998,1.4,
CXU980060LB0408M,980060,65-74,1999,1.4,
CXU980060LB0408M,980060,65-74,2000,1.4,
CXU980060LB0408M,980060,65-74,2001,1.4,
CXU980060LB0408M,980060,65-74,2002,1.4,
CXU980060LB0408M,980060,65-74,2003,1.4,
CXU980060LB0408M,980060,65-74,2004,1.4,
CXU980060LB0408M,980060,65-74,2005,1.4,
CXU980060LB0408M,980060,65-74,2006,1.4,
CXU980060LB0408M,980060,65-74,2007,1.4,
CXU980060LB0408M,980060,65-74,2008,1.4,
CXU980060LB0408M,980060,65-74,2009,1.4,
CXU980060LB0408M,980060,65-74,2010,1.4,
CXU980060LB0408M,980060,65-74,2011,1.4,
CXU980060LB0408M,980060,65-74,2012,1.4,
CXU980060LB0408M,980060,65-74,2013,1.4,
CXU980060LB0408M,980060,65-74,2014,1.4,
CXU980060LB0408M,980060,65-74,2015,1.4,
CXU980060LB0408M,980060,65-74,2016,1.4,
CXU980060LB0408M,980060,65-74,2017,1.4,
CXU980060LB0408M,980060,65-74,2018,1.4,
CXU980060LB0408M,980060,65-74,2019,1.4,
CXU980060LB0408M,980060,65-74,2020,1.4,
CXU980060LB0408M,980060,65-74,2021,1.4,
CXU980060LB0408M,980060,65-74,2022,1.4,
CXU980060LB0408M,980060,65-74,2023,1.4,
CXU980060LB0408M,980060,65-74,2024,1.4,
CXU980060LB0409M,980060,75+,1984,1.4,
CXU980060LB0409M,980060,75+,1985,1.4,
CXU980060LB0409M,980060,75+,1986,1.4,
CXU980060LB0409M,980060,75+,1987,1.3,
CXU980060LB0409M,980060,75+,1988,1.4,
CXU980060LB0409M,980060,75+,1989,1.4,
CXU980060LB0409M,980060,75+,1990,1.3,
CXU980060LB0409M,980060,75+,1991,1.3,
CXU980060LB0409M,980060,75+,1992,1.4,
CXU980060LB0409M,980060,75+,1993,1.3,
CXU980060LB0409M,980060,75+,1994,1.3,
CXU980060LB0409M,980060,75+,1995,1.4,
CXU980060LB0409M,980060,75+,1996,1.4,
CXU980060LB0409M,980060,75+,1997,1.4,
CXU980060LB0409M,980060,75+,1998,1.3,
CXU980060LB0409M,980060,75+,1999,1.3,
CXU980060LB0409M,980060,75+,2000,1.3,
CXU980060LB0409M,980060,75+,2001,1.3,
CXU980060LB0409M,980060,75+,2002,1.3,
CXU980060LB0409M,980060,75+,2003,1.3,
CXU980060LB0409M,980060,75+,2004,1.3,
CXU980060LB0409M,980060,75+,2005,1.3,
CXU980060LB0409M,980060,75+,2006,1.3,
CXU980060LB0409M,980060,75+,2007,1.3,
CXU980060LB0409M,980060,75+,2008,1.3,
CXU980060LB0409M,980060,75+,2009,1.4,
CXU980060LB0409M,980060,75+,2010,1.3,
CXU980060LB0409M,980060,75+,2011,1.3,
CXU980060LB0409M,980060,75+,2012,1.3,
CXU980060LB0409M,980060,75+,2013,1.3,
CXU980060LB0409M,980060,75+,2014,1.4,
CXU980060LB0409M,980060,75+,2015,1.4,
CXU980060LB0409M,980060,75+,2016,1.4,
CXU980060LB0409M,980060,75+,2017,1.4,
CXU980060LB0409M,980060,75+,2018,1.4,
CXU980060LB0409M,980060,75+,2019,1.3,
CXU980060LB0409M,980060,75+,2020,1.3,
CXU980060LB0409M,980060,75+,2021,1.4,
CXU980060LB0409M,980060,75+,2022,1.3,
CXU980060LB0409M,980060,75+,2023,1.4,
CXU980060LB0409M,980060,75+,2024,1.4,
CXU980060LB0401M,980060,All CUs,1984,,7
CXU980060LB0401M,980060,All CUs,1985,,7
CXU980060LB0401M,980060,All CUs,1986,,7
CXU980060LB0401M,980060,All CUs,1987,,7
CXU980060LB0401M,980060,All CUs,1988,,7
CXU980060LB0401M,980060,All CUs,1989,,7
CXU980060LB0401M,980060,All CUs,1990,,7
CXU980060LB0401M,980060,All CUs,1991,,7
CXU980060LB0401M,980060,All CUs,1992,,7
CXU980060LB0401M,980060,All CUs,1993,,7
CXU980060LB0401M,980060,All CUs,1994,,7
CXU980060LB0401M,980060,All CUs,1995,,7
CXU980060LB0401M,980060,All CUs,1996,,7
CXU980060LB0401M,980060,All CUs,1997,,7
CXU980060LB0401M,980060,All CUs,1998,,7
CXU980060LB0401M,980060,All CUs,1999,,7
CXU980060LB0401M,980060,All CUs,2000,,7
CXU980060LB0401M,980060,All CUs,2001,,7
CXU980060LB0401M,980060,All CUs,2002,,7
CXU980060LB0401M,980060,All CUs,2003,,7
CXU980060LB0401M,980060,All CUs,2004,,7
CXU980060LB0401M,980060,All CUs,2005,,7
CXU980060LB0401M,980060,All CUs,2006,,7
CXU980060LB0401M,980060,All CUs,2007,,7
CXU980060LB0401M,980060,All CUs,2008,,7
CXU980060LB0401M,980060,All CUs,2009,,7
CXU980060LB0401M,980060,All CUs,2010,,7
CXU980060LB0401M,980060,All CUs,2011,,7
CXU980060LB0401M,980060,All CUs,2012,,7
CXU980060LB0401M,980060,All CUs,2013,,7
CXU980060LB0401M,980060,All CUs,2014,,7
CXU980060LB0401M,980060,All CUs,2015,,7
CXU980060LB0401M,980060,All CUs,2016,,7
CXU980060LB0401M,980060,All CUs,2017,,7
CXU980060LB0401M,980060,All CUs,2018,,7
CXU980060LB0401M,980060,All CUs,2019,,7
CXU980060LB0401M,980060,All CUs,2020,,7
CXU980060LB0401M,980060,All CUs,2021,,7
CXU980060LB0401M,980060,All CUs,2022,,7
CXU980060LB0401M,980060,All CUs,2023,,7
CXU980060LB0401M,980060,All CUs,2024,,7
CXU980060LB0402M,980060,Under 25,1984,0.0,
CXU980060LB0402M,980060,Under 25,1985,0.0,
CXU980060LB0402M,980060,Under 25,1986,0.0,
CXU980060LB0402M,980060,Under 25,1987,0.0,
CXU980060LB0402M,980060,Under 25,1988,0.0,
CXU980060LB0402M,980060,Under 25,1989,0.0,
CXU980060LB0402M,980060,Under 25,1990,0.0,
CXU980060LB0402M,980060,Under 25,1991,0.0,
CXU980060LB0402M,980060,Under 25,1992,0.0,
CXU980060LB0402M,980060,Under 25,1993,0.0,
CXU980060LB0402M,980060,Under 25,1994,0.0,
CXU980060LB0402M,980060,Under 25,1995,0.0,
CXU980060LB0402M,980060,Under 25,1996,0.0,
CXU980060LB0402M,980060,Under 25,1997,0.0,
CXU980060LB0402M,980060,Under 25,1998,0.0,
CXU980060LB0402M,980060,Under 25,1999,0.0,
CXU980060LB0402M,980060,Under 25,2000,0.0,
CXU980060LB0402M,980060,Under 25,2001,0.0,
CXU980060LB0402M,980060,Under 25,2002,0.0,
CXU980060LB0402M,980060,Under 25,2003,0.0,
CXU980060LB0402M,980060,Under 25,2004,0.0,
CXU980060LB0402M,980060,Under 25,2005,0.0,
CXU980060LB0402M,980060,Under 25,2006,0.0,
CXU980060LB0402M,980060,Under 25,2007,0.0,
CXU980060LB0402M,980060,Under 25,2008,0.0,
CXU980060LB0402M,980060,Under 25,2009,0.0,
CXU980060LB0402M,980060,Under 25,2010,,7
CXU980060LB0402M,980060,Under 25,2011,,7
CXU980060LB0402M,980060,Under 25,2012,,7
CXU980060LB0402M,980060,Under 25,2013,,7
CXU980060LB0402M,980060,Under 25,2014,,7
CXU980060LB0402M,980060,Under 25,2015,,7
CXU980060LB0402M,980060,Under 25,2016,,7
CXU980060LB0402M,980060,Under 25,2017,,7
CXU980060LB0402M,980060,Under 25,2018,,7
CXU980060LB0402M,980060,Under 25,2019,,7
CXU980060LB0402M,980060,Under 25,2020,,7
CXU980060LB0402M,980060,Under 25,2021,,7
CXU980060LB0402M,980060,Under 25,2022,,7
CXU980060LB0402M,980060,Under 25,2023,,7
CXU980060LB0402M,980060,Under 25,2024,,7
CXU980230LB0403M,980230,25-34,1984,43.0,
CXU980230LB0403M,980230,25-34,1985,39.0,
CXU980230LB0403M,980230,25-34,1986,40.0,
CXU980230LB0403M,980230,25-34,1987,40.0,
CXU980230LB0403M,980230,25-34,1988,38.0,
CXU980230LB0403M,980230,25-34,1989,39.0,
CXU980230LB0403M,980230,25-34,1990,39.0,
CXU980230LB0403M,980230,25-34,1991,40.0,
CXU980230LB0403M,980230,25-34,1992,37.0,
CXU980230LB0403M,980230,25-34,1993,35.0,
CXU980230LB0403M,980230,25-34,1994,34.0,
CXU980230LB0403M,980230,25-34,1995,38.0,
CXU980230LB0403M,980230,25-34,1996,39.0,
CXU980230LB0403M,980230,25-34,1997,38.0,
CXU980230LB0403M,980230,25-34,1998,37.0,
CXU980230LB0403M,980230,25-34,1999,37.0,
CXU980230LB0403M,980230,25-34,2000,39.0,
CXU980230LB0403M,980230,25-34,2001,40.0,
CXU980230LB0403M,980230,25-34,2002,42.0,
CXU980230LB0403M,980230,25-34,2003,42.0,
CXU980230LB0403M,980230,25-34,2004,42.0,
CXU980230LB0403M,980230,25-34,2005,42.0,
CXU980230LB0403M,980230,25-34,2006,42.0,
CXU980230LB0403M,980230,25-34,2007,41.0,
CXU980230LB0403M,980230,25-34,2008,41.0,
CXU980230LB0403M,980230,25-34,2009,39.0,
CXU980230LB0403M,980230,25-34,2010,39.0,
CXU980230LB0403M,980230,25-34,2011,38.0,
CXU980230LB0403M,980230,25-34,2012,35.0,
CXU980230LB0403M,980230,25-34,2013,33.0,
CXU980230LB0403M,980230,25-34,2014,32.0,
CXU980230LB0403M,980230,25-34,2015,33.0,
CXU980230LB0403M,980230,25-34,2016,31.0,
CXU980230LB0403M,980230,25-34,2017,33.0,
CXU980230LB0403M,980230,25-34,2018,33.0,
CXU980230LB0403M,980230,25-34,2019,33.0,
CXU980230LB0403M,980230,25-34,2020,35.0,
CXU980230LB0403M,980230,25-34,2021,35.0,
CXU980230LB0403M,980230,25-34,2022,35.0,
CXU980230LB0403M,980230,25-34,2023,33.0,
CXU980230LB0403M,980230,25-34,2024,35.0,
CXU980230LB0404M,980230,35-44,1984,59.0,
CXU980230LB0404M,980230,35-44,1985,59.0,
CXU980230LB0404M,980230,35-44,1986,59.0,
CXU980230LB0404M,980230,35-44,1987,59.0,
CXU980230LB0404M,980230,35-44,1988,58.0,
CXU980230LB0404M,980230,35-44,1989,60.0,
CXU980230LB0404M,980230,35-44,1990,57.0,
CXU980230LB0404M,980230,35-44,1991,56.0,
CXU980230LB0404M,980230,35-44,1992,55.0,
CXU980230LB0404M,980230,35-44,1993,56.0,
CXU980230LB0404M,980230,35-44,1994,56.0,
CXU980230LB0404M,980230,35-44,1995,53.0,
CXU980230LB0404M,980230,35-44,1996,52.0,
CXU980230LB0404M,980230,35-44,1997,52.0,
CXU980230LB0404M,980230,35-44,1998,58.0,
CXU980230LB0404M,980230,35-44,1999,54.0,
CXU980230LB0404M,980230,35-44,2000,56.0,
CXU980230LB0404M,980230,35-44,2001,57.0,
CXU980230LB0404M,980230,35-44,2002,56.0,
CXU980230LB0404M,980230,35-44,2003,57.0,
CXU980230LB0404M,980230,35-44,2004,59.0,
CXU980230LB0404M,980230,35-44,2005,59.0,
CXU980230LB0404M,980230,35-44,2006,59.0,
CXU980230LB0404M,980230,35-44,2007,60.0,
CXU980230LB0404M,980230,35-44,2008,58.0,
CXU980230LB0404M,980230,35-44,2009,56.0,
CXU980230LB0404M,980230,35-44,2010,56.0,
CXU980230LB0404M,980230,35-44,2011,53.0,
CXU980230LB0404M,980230,35-44,2012,52.0,
CXU980230LB0404M,980230,35-44,2013,51.0,
CXU980230LB0404M,980230,35-44,2014,48.0,
CXU980230LB0404M,980230,35-44,2015,46.0,
CXU980230LB0404M,980230,35-44,2016,47.0,
CXU980230LB0404M,980230,35-44,2017,45.0,
CXU980230LB0404M,980230,35-44,2018,48.0,
CXU980230LB0404M,980230,35-44,2019,49.0,
CXU980230LB0404M,980230,35-44,2020,53.0,
CXU980230LB0404M,980230,35-44,2021,50.0,
CXU980230LB0404M,980230,35-44,2022,50.0,
CXU980230LB0404M,980230,35-44,2023,51.0,
CXU980230LB0404M,980230,35-44,2024,49.0,
CXU980230LB0405M,980230,45-54,1984,56.0,
CXU980230LB0405M,980230,45-54,1985,58.0,
CXU980230LB0405M,980230,45-54,1986,57.0,
CXU980230LB0405M,980230,45-54,1987,58.0,
CXU980230LB0405M,980230,45-54,1988,55.0,
CXU980230LB0405M,980230,45-54,1989,56.0,
CXU980230LB0405M,980230,45-54,1990,59.0,
CXU980230LB0405M,980230,45-54,1991,58.0,
CXU980230LB0405M,980230,45-54,1992,55.0,
CXU980230LB0405M,980230,45-54,1993,57.0,
CXU980230LB0405M,980230,45-54,1994,55.0,
CXU980230LB0405M,980230,45-54,1995,56.0,
CXU980230LB0405M,980230,45-54,1996,56.0,
CXU980230LB0405M,980230,45-54,1997,57.0,
CXU980230LB0405M,980230,45-54,1998,57.0,
CXU980230LB0405M,980230,45-54,1999,54.0,
CXU980230LB0405M,980230,45-54,2000,53.0,
CXU980230LB0405M,980230,45-54,2001,56.0,
CXU980230LB0405M,980230,45-54,2002,56.0,
CXU980230LB0405M,980230,45-54,2003,56.0,
CXU980230LB0405M,980230,45-54,2004,58.0,
CXU980230LB0405M,980230,45-54,2005,58.0,
CXU980230LB0405M,980230,45-54,2006,58.0,
CXU980230LB0405M,980230,45-54,2007,59.0,
CXU980230LB0405M,980230,45-54,2008,57.0,
CXU980230LB0405M,980230,45-54,2009,55.0,
CXU980230LB0405M,980230,45-54,2010,55.0,
CXU980230LB0405M,980230,45-54,2011,54.0,
CXU980230LB0405M,980230,45-54,2012,53.0,
CXU980230LB0405M,980230,45-54,2013,50.0,
CXU980230LB0405M,980230,45-54,2014,51.0,
CXU980230LB0405M,980230,45-54,2015,50.0,
CXU980230LB0405M,980230,45-54,2016,50.0,
CXU980230LB0405M,980230,45-54,2017,51.0,
CXU980230LB0405M,980230,45-54,2018,52.0,
CXU980230LB0405M,980230,45-54,2019,53.0,
CXU980230LB0405M,980230,45-54,2020,54.0,
CXU980230LB0405M,980230,45-54,2021,51.0,
CXU980230LB0405M,980230,45-54,2022,52.0,
CXU980230LB0405M,980230,45-54,2023,52.0,
CXU980230LB0405M,980230,45-54,2024,51.0,
CXU980230LB0406M,980230,55-64,1984,36.0,
CXU980230LB0406M,980230,55-64,1985,36.0,
CXU980230LB0406M,980230,55-64,1986,40.0,
CXU980230LB0406M,980230,55-64,1987,38.0,
CXU980230LB0406M,980230,55-64,1988,38.0,
CXU980230LB0406M,980230,55-64,1989,40.0,
CXU980230LB0406M,980230,55-64,1990,39.0,
CXU980230LB0406M,980230,55-64,1991,39.0,
CXU980230LB0406M,980230,55-64,1992,39.0,
CXU980230LB0406M,980230,55-64,1993,38.0,
CXU980230LB0406M,980230,55-64,1994,37.0,
CXU980230LB0406M,980230,55-64,1995,38.0,
CXU980230LB0406M,980230,55-64,1996,38.0,
CXU980230LB0406M,980230,55-64,1997,41.0,
CXU980230LB0406M,980230,55-64,1998,38.0,
CXU980230LB0406M,980230,55-64,1999,40.0,
CXU980230LB0406M,980230,55-64,2000,40.0,
CXU980230LB0406M,980230,55-64,2001,42.0,
CXU980230LB0406M,980230,55-64,2002,43.0,
CXU980230LB0406M,980230,55-64,2003,44.0,
CXU980230LB0406M,980230,55-64,2004,46.0,
CXU980230LB0406M,980230,55-64,2005,46.0,
CXU980230LB0406M,980230,55-64,2006,46.0,
CXU980230LB0406M,980230,55-64,2007,47.0,
CXU980230LB0406M,980230,55-64,2008,46.0,
CXU980230LB0406M,980230,55-64,2009,47.0,
CXU980230LB0406M,980230,55-64,2010,45.0,
CXU980230LB0406M,980230,55-64,2011,46.0,
CXU980230LB0406M,980230,55-64,2012,43.0,
CXU980230LB0406M,980230,55-64,2013,43.0,
CXU980230LB0406M,980230,55-64,2014,43.0,
CXU980230LB0406M,980230,55-64,2015,40.0,
CXU980230LB0406M,980230,55-64,2016,41.0,
CXU980230LB0406M,980230,55-64,2017,43.0,
CXU980230LB0406M,980230,55-64,2018,44.0,
CXU980230LB0406M,980230,55-64,2019,42.0,
CXU980230LB0406M,980230,55-64,2020,41.0,
CXU980230LB0406M,980230,55-64,2021,42.0,
CXU980230LB0406M,980230,55-64,2022,42.0,
CXU980230LB0406M,980230,55-64,2023,42.0,
CXU980230LB0406M,980230,55-64,2024,43.0,
CXU980230LB0407M,980230,65+,1988,15.0,
CXU980230LB0407M,980230,65+,1989,16.0,
CXU980230LB0407M,980230,65+,1990,15.0,
CXU980230LB0407M,980230,65+,1991,14.0,
CXU980230LB0407M,980230,65+,1992,13.0,
CXU980230LB0407M,980230,65+,1993,14.0,
CXU980230LB0407M,980230,65+,1994,13.0,
CXU980230LB0407M,980230,65+,1995,14.0,
CXU980230LB0407M,980230,65+,1996,15.0,
CXU980230LB0407M,980230,65+,1997,14.0,
CXU980230LB0407M,980230,65+,1998,15.0,
CXU980230LB0407M,980230,65+,1999,16.0,
CXU980230LB0407M,980230,65+,2000,16.0,
CXU980230LB0407M,980230,65+,2001,18.0,
CXU980230LB0407M,980230,65+,2002,18.0,
CXU980230LB0407M,980230,65+,2003,17.0,
CXU980230LB0407M,980230,65+,2004,18.0,
CXU980230LB0407M,980230,65+,2005,19.0,
CXU980230LB0407M,980230,65+,2006,20.0,
CXU980230LB0407M,980230,65+,2007,21.0,
CXU980230LB0407M,980230,65+,2008,21.0,
CXU980230LB0407M,980230,65+,2009,22.0,
CXU980230LB0407M,980230,65+,2010,21.0,
CXU980230LB0407M,980230,65+,2011,22.0,
CXU980230LB0407M,980230,65+,2012,22.0,
CXU980230LB0407M,980230,65+,2013,23.0,
CXU980230LB0407M,980230,65+,2014,23.0,
CXU980230LB0407M,980230,65+,2015,22.0,
CXU980230LB0407M,980230,65+,2016,22.0,
CXU980230LB0407M,980230,65+,2017,23.0,
CXU980230LB0407M,980230,65+,2018,24.0,
CXU980230LB0407M,980230,65+,2019,24.0,
CXU980230LB0407M,980230,65+,2020,25.0,
CXU980230LB0407M,980230,65+,2021,25.0,
CXU980230LB0407M,980230,65+,2022,25.0,
CXU980230LB0407M,980230,65+,2023,24.0,
CXU980230LB0407M,980230,65+,2024,24.0,
CXU980230LB0408M,980230,65-74,1984,18.0,
CXU980230LB0408M,980230,65-74,1985,21.0,
CXU980230LB0408M,980230,65-74,1986,18.0,
CXU980230LB0408M,980230,65-74,1987,18.0,
CXU980230LB0408M,980230,65-74,1988,21.0,
CXU980230LB0408M,980230,65-74,1989,22.0,
CXU980230LB0408M,980230,65-74,1990,22.0,
CXU980230LB0408M,980230,65-74,1991,20.0,
CXU980230LB0408M,980230,65-74,1992,20.0,
CXU980230LB0408M,980230,65-74,1993,21.0,
CXU980230LB0408M,980230,65-74,1994,19.0,
CXU980230LB0408M,980230,65-74,1995,20.0,
CXU980230LB0408M,980230,65-74,1996,20.0,
CXU980230LB0408M,980230,65-74,1997,19.0,
CXU980230LB0408M,980230,65-74,1998,21.0,
CXU980230LB0408M,980230,65-74,1999,22.0,
CXU980230LB0408M,980230,65-74,2000,23.0,
CXU980230LB0408M,980230,65-74,2001,25.0,
CXU980230LB0408M,980230,65-74,2002,26.0,
CXU980230LB0408M,980230,65-74,2003,27.0,
CXU980230LB0408M,980230,65-74,2004,27.0,
CXU980230LB0408M,980230,65-74,2005,28.0,
CXU980230LB0408M,980230,65-74,2006,29.0,
CXU980230LB0408M,980230,65-74,2007,30.0,
CXU980230LB0408M,980230,65-74,2008,29.0,
CXU980230LB0408M,980230,65-74,2009,31.0,
CXU980230LB0408M,980230,65-74,2010,29.0,
CXU980230LB0408M,980230,65-74,2011,31.0,
CXU980230LB0408M,980230,65-74,2012,30.0,
CXU980230LB0408M,980230,65-74,2013,32.0,
CXU980230LB0408M,980230,65-74,2014,30.0,
CXU980230LB0408M,980230,65-74,2015,29.0,
CXU980230LB0408M,980230,65-74,2016,29.0,
CXU980230LB0408M,980230,65-74,2017,30.0,
CXU980230LB0408M,980230,65-74,2018,30.0,
CXU980230LB0408M,980230,65-74,2019,30.0,
CXU980230LB0408M,980230,65-74,2020,30.0,
CXU980230LB0408M,980230,65-74,2021,32.0,
CXU980230LB0408M,980230,65-74,2022,30.0,
CXU980230LB0408M,980230,65-74,2023,29.0,
CXU980230LB0408M,980230,65-74,2024,29.0,
CXU980230LB0409M,980230,75+,1984,4.0,
CXU980230LB0409M,980230,75+,1985,6.0,
CXU980230LB0409M,980230,75+,1986,5.0,
CXU980230LB0409M,980230,75+,1987,6.0,
CXU980230LB0409M,980230,75+,1988,7.0,
CXU980230LB0409M,980230,75+,1989,7.0,
CXU980230LB0409M,980230,75+,1990,6.0,
CXU980230LB0409M,980230,75+,1991,6.0,
CXU980230LB0409M,980230,75+,1992,5.0,
CXU980230LB0409M,980230,75+,1993,6.0,
CXU980230LB0409M,980230,75+,1994,6.0,
CXU980230LB0409M,980230,75+,1995,8.0,
CXU980230LB0409M,980230,75+,1996,8.0,
CXU980230LB0409M,980230,75+,1997,8.0,
CXU980230LB0409M,980230,75+,1998,9.0,
CXU980230LB0409M,980230,75+,1999,9.0,
CXU980230LB0409M,980230,75+,2000,9.0,
CXU980230LB0409M,980230,75+,2001,10.0,
CXU980230LB0409M,980230,75+,2002,9.0,
CXU980230LB0409M,980230,75+,2003,8.0,
CXU980230LB0409M,980230,75+,2004,10.0,
CXU980230LB0409M,980230,75+,2005,11.0,
CXU980230LB0409M,980230,75+,2006,10.0,
CXU980230LB0409M,980230,75+,2007,11.0,
CXU980230LB0409M,980230,75+,2008,12.0,
CXU980230LB0409M,980230,75+,2009,12.0,
CXU980230LB0409M,980230,75+,2010,13.0,
CXU980230LB0409M,980230,75+,2011,12.0,
CXU980230LB0409M,980230,75+,2012,11.0,
CXU980230LB0409M,980230,75+,2013,12.0,
CXU980230LB0409M,980230,75+,2014,14.0,
CXU980230LB0409M,980230,75+,2015,12.0,
CXU980230LB0409M,980230,75+,2016,13.0,
CXU980230LB0409M,980230,75+,2017,14.0,
CXU980230LB0409M,980230,75+,2018,16.0,
CXU980230LB0409M,980230,75+,2019,16.0,
CXU980230LB0409M,980230,75+,2020,18.0,
CXU980230LB0409M,980230,75+,2021,16.0,
CXU980230LB0409M,980230,75+,2022,19.0,
CXU980230LB0409M,980230,75+,2023,17.0,
CXU980230LB0409M,980230,75+,2024,17.0,
CXU980230LB0401M,980230,All CUs,1984,38.0,
CXU980230LB0401M,980230,All CUs,1985,38.0,
CXU980230LB0401M,980230,All CUs,1986,37.0,
CXU980230LB0401M,980230,All CUs,1987,38.0,
CXU980230LB0401M,980230,All CUs,1988,38.0,
CXU980230LB0401M,980230,All CUs,1989,39.0,
CXU980230LB0401M,980230,All CUs,1990,38.0,
CXU980230LB0401M,980230,All CUs,1991,39.0,
CXU980230LB0401M,980230,All CUs,1992,36.0,
CXU980230LB0401M,980230,All CUs,1993,37.0,
CXU980230LB0401M,980230,All CUs,1994,37.0,
CXU980230LB0401M,980230,All CUs,1995,38.0,
CXU980230LB0401M,980230,All CUs,1996,38.0,
CXU980230LB0401M,980230,All CUs,1997,38.0,
CXU980230LB0401M,980230,All CUs,1998,39.0,
CXU980230LB0401M,980230,All CUs,1999,38.0,
CXU980230LB0401M,980230,All CUs,2000,39.0,
CXU980230LB0401M,980230,All CUs,2001,40.0,
CXU980230LB0401M,980230,All CUs,2002,41.0,
CXU980230LB0401M,980230,All CUs,2003,41.0,
CXU980230LB0401M,980230,All CUs,2004,42.0,
CXU980230LB0401M,980230,All CUs,2005,43.0,
CXU980230LB0401M,980230,All CUs,2006,43.0,
CXU980230LB0401M,980230,All CUs,2007,43.0,
CXU980230LB0401M,980230,All CUs,2008,42.0,
CXU980230LB0401M,980230,All CUs,2009,41.0,
CXU980230LB0401M,980230,All CUs,2010,41.0,
CXU980230LB0401M,980230,All CUs,2011,40.0,
CXU980230LB0401M,980230,All CUs,2012,39.0,
CXU980230LB0401M,980230,All CUs,2013,37.0,
CXU980230LB0401M,980230,All CUs,2014,37.0,
CXU980230LB0401M,980230,All CUs,2015,35.0,
CXU980230LB0401M,980230,All CUs,2016,36.0,
CXU980230LB0401M,980230,All CUs,2017,36.0,
CXU980230LB0401M,980230,All CUs,2018,37.0,
CXU980230LB0401M,980230,All CUs,2019,37.0,
CXU980230LB0401M,980230,All CUs,2020,39.0,
CXU980230LB0401M,980230,All CUs,2021,38.0,
CXU980230LB0401M,980230,All CUs,2022,38.0,
CXU980230LB0401M,980230,All CUs,2023,38.0,
CXU980230LB0401M,980230,All CUs,2024,37.0,
CXU980230LB0402M,980230,Under 25,1984,10.0,
CXU980230LB0402M,980230,Under 25,1985,9.0,
CXU980230LB0402M,980230,Under 25,1986,9.0,
CXU980230LB0402M,980230,Under 25,1987,8.0,
CXU980230LB0402M,980230,Under 25,1988,8.0,
CXU980230LB0402M,980230,Under 25,1989,6.0,
CXU980230LB0402M,980230,Under 25,1990,6.0,
CXU980230LB0402M,980230,Under 25,1991,8.0,
CXU980230LB0402M,980230,Under 25,1992,7.0,
CXU980230LB0402M,980230,Under 25,1993,7.0,
CXU980230LB0402M,980230,Under 25,1994,8.0,
CXU980230LB0402M,980230,Under 25,1995,9.0,
CXU980230LB0402M,980230,Under 25,1996,7.0,
CXU980230LB0402M,980230,Under 25,1997,6.0,
CXU980230LB0402M,980230,Under 25,1998,7.0,
CXU980230LB0402M,980230,Under 25,1999,7.0,
CXU980230LB0402M,980230,Under 25,2000,7.0,
CXU980230LB0402M,980230,Under 25,2001,6.0,
CXU980230LB0402M,980230,Under 25,2002,8.0,
CXU980230LB0402M,980230,Under 25,2003,9.0,
CXU980230LB0402M,980230,Under 25,2004,9.0,
CXU980230LB0402M,980230,Under 25,2005,12.0,
CXU980230LB0402M,980230,Under 25,2006,13.0,
CXU980230LB0402M,980230,Under 25,2007,11.0,
CXU980230LB0402M,980230,Under 25,2008,11.0,
CXU980230LB0402M,980230,Under 25,2009,10.0,
CXU980230LB0402M,980230,Under 25,2010,9.0,
CXU980230LB0402M,980230,Under 25,2011,10.0,
CXU980230LB0402M,980230,Under 25,2012,10.0,
CXU980230LB0402M,980230,Under 25,2013,7.0,
CXU980230LB0402M,980230,Under 25,2014,7.0,
CXU980230LB0402M,980230,Under 25,2015,7.0,
CXU980230LB0402M,980230,Under 25,2016,10.0,
CXU980230LB0402M,980230,Under 25,2017,8.0,
CXU980230LB0402M,980230,Under 25,2018,8.0,
CXU980230LB0402M,980230,Under 25,2019,10.0,
CXU980230LB0402M,980230,Under 25,2020,11.0,
CXU980230LB0402M,980230,Under 25,2021,9.0,
CXU980230LB0402M,980230,Under 25,2022,10.0,
CXU980230LB0402M,980230,Under 25,2023,9.0,
CXU980230LB0402M,980230,Under 25,2024,5.0,
CXU980240LB0403M,980240,25-34,1984,5.0,
CXU980240LB0403M,980240,25-34,1985,5.0,
CXU980240LB0403M,980240,25-34,1986,6.0,
CXU980240LB0403M,980240,25-34,1987,5.0,
CXU980240LB0403M,980240,25-34,1988,6.0,
CXU980240LB0403M,980240,25-34,1989,5.0,
CXU980240LB0403M,980240,25-34,1990,5.0,
CXU980240LB0403M,980240,25-34,1991,6.0,
CXU980240LB0403M,980240,25-34,1992,6.0,
CXU980240LB0403M,980240,25-34,1993,8.0,
CXU980240LB0403M,980240,25-34,1994,7.0,
CXU980240LB0403M,980240,25-34,1995,7.0,
CXU980240LB0403M,980240,25-34,1996,6.0,
CXU980240LB0403M,980240,25-34,1997,6.0,
CXU980240LB0403M,980240,25-34,1998,6.0,
CXU980240LB0403M,980240,25-34,1999,8.0,
CXU980240LB0403M,980240,25-34,2000,7.0,
CXU980240LB0403M,980240,25-34,2001,9.0,
CXU980240LB0403M,980240,25-34,2002,8.0,
CXU980240LB0403M,980240,25-34,2003,7.0,
CXU980240LB0403M,980240,25-34,2004,7.0,
CXU980240LB0403M,980240,25-34,2005,6.0,
CXU980240LB0403M,980240,25-34,2006,7.0,
CXU980240LB0403M,980240,25-34,2007,6.0,
CXU980240LB0403M,980240,25-34,2008,6.0,
CXU980240LB0403M,980240,25-34,2009,7.0,
CXU980240LB0403M,980240,25-34,2010,6.0,
CXU980240LB0403M,980240,25-34,2011,5.0,
CXU980240LB0403M,980240,25-34,2012,5.0,
CXU980240LB0403M,980240,25-34,2013,7.0,
CXU980240LB0403M,980240,25-34,2014,7.0,
CXU980240LB0403M,980240,25-34,2015,6.0,
CXU980240LB0403M,980240,25-34,2016,7.0,
CXU980240LB0403M,980240,25-34,2017,8.0,
CXU980240LB0403M,980240,25-34,2018,8.0,
CXU980240LB0403M,980240,25-34,2019,7.0,
CXU980240LB0403M,980240,25-34,2020,8.0,
CXU980240LB0403M,980240,25-34,2021,9.0,
CXU980240LB0403M,980240,25-34,2022,7.0,
CXU980240LB0403M,980240,25-34,2023,9.0,
CXU980240LB0403M,980240,25-34,2024,9.0,
CXU980240LB0404M,980240,35-44,1984,9.0,
CXU980240LB0404M,980240,35-44,1985,9.0,
CXU980240LB0404M,980240,35-44,1986,9.0,
CXU980240LB0404M,980240,35-44,1987,9.0,
CXU980240LB0404M,980240,35-44,1988,8.0,
CXU980240LB0404M,980240,35-44,1989,8.0,
CXU980240LB0404M,980240,35-44,1990,10.0,
CXU980240LB0404M,980240,35-44,1991,9.0,
CXU980240LB0404M,980240,35-44,1992,9.0,
CXU980240LB0404M,980240,35-44,1993,10.0,
CXU980240LB0404M,980240,35-44,1994,10.0,
CXU980240LB0404M,980240,35-44,1995,11.0,
CXU980240LB0404M,980240,35-44,1996,12.0,
CXU980240LB0404M,980240,35-44,1997,12.0,
CXU980240LB0404M,980240,35-44,1998,11.0,
CXU980240LB0404M,980240,35-44,1999,13.0,
CXU980240LB0404M,980240,35-44,2000,13.0,
CXU980240LB0404M,980240,35-44,2001,11.0,
CXU980240LB0404M,980240,35-44,2002,12.0,
CXU980240LB0404M,980240,35-44,2003,12.0,
CXU980240LB0404M,980240,35-44,2004,11.0,
CXU980240LB0404M,980240,35-44,2005,11.0,
CXU980240LB0404M,980240,35-44,2006,9.0,
CXU980240LB0404M,980240,35-44,2007,9.0,
CXU980240LB0404M,980240,35-44,2008,9.0,
CXU980240LB0404M,980240,35-44,2009,9.0,
CXU980240LB0404M,980240,35-44,2010,9.0,
CXU980240LB0404M,980240,35-44,2011,9.0,
CXU980240LB0404M,980240,35-44,2012,10.0,
CXU980240LB0404M,980240,35-44,2013,11.0,
CXU980240LB0404M,980240,35-44,2014,10.0,
CXU980240LB0404M,980240,35-44,2015,11.0,
CXU980240LB0404M,980240,35-44,2016,10.0,
CXU980240LB0404M,980240,35-44,2017,9.0,
CXU980240LB0404M,980240,35-44,2018,11.0,
CXU980240LB0404M,980240,35-44,2019,11.0,
CXU980240LB0404M,980240,35-44,2020,10.0,
CXU980240LB0404M,980240,35-44,2021,10.0,
CXU980240LB0404M,980240,35-44,2022,11.0,
CXU980240LB0404M,980240,35-44,2023,12.0,
CXU980240LB0404M,980240,35-44,2024,12.0,
CXU980240LB0405M,980240,45-54,1984,21.0,
CXU980240LB0405M,980240,45-54,1985,20.0,
CXU980240LB0405M,980240,45-54,1986,20.0,
CXU980240LB0405M,980240,45-54,1987,18.0,
CXU980240LB0405M,980240,45-54,1988,18.0,
CXU980240LB0405M,980240,45-54,1989,19.0,
CXU980240LB0405M,980240,45-54,1990,16.0,
CXU980240LB0405M,980240,45-54,1991,18.0,
CXU980240LB0405M,980240,45-54,1992,19.0,
CXU980240LB0405M,980240,45-54,1993,19.0,
CXU980240LB0405M,980240,45-54,1994,22.0,
CXU980240LB0405M,980240,45-54,1995,20.0,
CXU980240LB0405M,980240,45-54,1996,19.0,
CXU980240LB0405M,980240,45-54,1997,20.0,
CXU980240LB0405M,980240,45-54,1998,20.0,
CXU980240LB0405M,980240,45-54,1999,22.0,
CXU980240LB0405M,980240,45-54,2000,22.0,
CXU980240LB0405M,980240,45-54,2001,21.0,
CXU980240LB0405M,980240,45-54,2002,20.0,
CXU980240LB0405M,980240,45-54,2003,20.0,
CXU980240LB0405M,980240,45-54,2004,19.0,
CXU980240LB0405M,980240,45-54,2005,17.0,
CXU980240LB0405M,980240,45-54,2006,17.0,
CXU980240LB0405M,980240,45-54,2007,16.0,
CXU980240LB0405M,980240,45-54,2008,19.0,
CXU980240LB0405M,980240,45-54,2009,20.0,
CXU980240LB0405M,980240,45-54,2010,18.0,
CXU980240LB0405M,980240,45-54,2011,18.0,
CXU980240LB0405M,980240,45-54,2012,19.0,
CXU980240LB0405M,980240,45-54,2013,19.0,
CXU980240LB0405M,980240,45-54,2014,19.0,
CXU980240LB0405M,980240,45-54,2015,20.0,
CXU980240LB0405M,980240,45-54,2016,19.0,
CXU980240LB0405M,980240,45-54,2017,18.0,
CXU980240LB0405M,980240,45-54,2018,16.0,
CXU980240LB0405M,980240,45-54,2019,16.0,
CXU980240LB0405M,980240,45-54,2020,17.0,
CXU980240LB0405M,980240,45-54,2021,19.0,
CXU980240LB0405M,980240,45-54,2022,19.0,
CXU980240LB0405M,980240,45-54,2023,18.0,
CXU980240LB0405M,980240,45-54,2024,19.0,
CXU980240LB0406M,980240,55-64,1984,45.0,
CXU980240LB0406M,980240,55-64,1985,43.0,
CXU980240LB0406M,980240,55-64,1986,41.0,
CXU980240LB0406M,980240,55-64,1987,44.0,
CXU980240LB0406M,980240,55-64,1988,41.0,
CXU980240LB0406M,980240,55-64,1989,42.0,
CXU980240LB0406M,980240,55-64,1990,41.0,
CXU980240LB0406M,980240,55-64,1991,40.0,
CXU980240LB0406M,980240,55-64,1992,41.0,
CXU980240LB0406M,980240,55-64,1993,43.0,
CXU980240LB0406M,980240,55-64,1994,42.0,
CXU980240LB0406M,980240,55-64,1995,43.0,
CXU980240LB0406M,980240,55-64,1996,41.0,
CXU980240LB0406M,980240,55-64,1997,38.0,
CXU980240LB0406M,980240,55-64,1998,40.0,
CXU980240LB0406M,980240,55-64,1999,40.0,
CXU980240LB0406M,980240,55-64,2000,41.0,
CXU980240LB0406M,980240,55-64,2001,38.0,
CXU980240LB0406M,980240,55-64,2002,38.0,
CXU980240LB0406M,980240,55-64,2003,38.0,
CXU980240LB0406M,980240,55-64,2004,37.0,
CXU980240LB0406M,980240,55-64,2005,36.0,
CXU980240LB0406M,980240,55-64,2006,34.0,
CXU980240LB0406M,980240,55-64,2007,34.0,
CXU980240LB0406M,980240,55-64,2008,35.0,
CXU980240LB0406M,980240,55-64,2009,34.0,
CXU980240LB0406M,980240,55-64,2010,35.0,
CXU980240LB0406M,980240,55-64,2011,32.0,
CXU980240LB0406M,980240,55-64,2012,36.0,
CXU980240LB0406M,980240,55-64,2013,36.0,
CXU980240LB0406M,980240,55-64,2014,34.0,
CXU980240LB0406M,980240,55-64,2015,35.0,
CXU980240LB0406M,980240,55-64,2016,35.0,
CXU980240LB0406M,980240,55-64,2017,34.0,
CXU980240LB0406M,980240,55-64,2018,32.0,
CXU980240LB0406M,980240,55-64,2019,32.0,
CXU980240LB0406M,980240,55-64,2020,33.0,
CXU980240LB0406M,980240,55-64,2021,32.0,
CXU980240LB0406M,980240,55-64,2022,34.0,
CXU980240LB0406M,980240,55-64,2023,33.0,
CXU980240LB0406M,980240,55-64,2024,33.0,
CXU980240LB0407M,980240,65+,1988,62.0,
CXU980240LB0407M,980240,65+,1989,60.0,
CXU980240LB0407M,980240,65+,1990,63.0,
CXU980240LB0407M,980240,65+,1991,63.0,
CXU980240LB0407M,980240,65+,1992,64.0,
CXU980240LB0407M,980240,65+,1993,65.0,
CXU980240LB0407M,980240,65+,1994,66.0,
CXU980240LB0407M,980240,65+,1995,65.0,
CXU980240LB0407M,980240,65+,1996,65.0,
CXU980240LB0407M,980240,65+,1997,65.0,
CXU980240LB0407M,980240,65+,1998,65.0,
CXU980240LB0407M,980240,65+,1999,64.0,
CXU980240LB0407M,980240,65+,2000,63.0,
CXU980240LB0407M,980240,65+,2001,62.0,
CXU980240LB0407M,980240,65+,2002,62.0,
CXU980240LB0407M,980240,65+,2003,63.0,
CXU980240LB0407M,980240,65+,2004,62.0,
CXU980240LB0407M,980240,65+,2005,61.0,
CXU980240LB0407M,980240,65+,2006,60.0,
CXU980240LB0407M,980240,65+,2007,58.0,
CXU980240LB0407M,980240,65+,2008,58.0,
CXU980240LB0407M,980240,65+,2009,58.0,
CXU980240LB0407M,980240,65+,2010,59.0,
CXU980240LB0407M,980240,65+,2011,59.0,
CXU980240LB0407M,980240,65+,2012,58.0,
CXU980240LB0407M,980240,65+,2013,58.0,
CXU980240LB0407M,980240,65+,2014,57.0,
CXU980240LB0407M,980240,65+,2015,57.0,
CXU980240LB0407M,980240,65+,2016,55.0,
CXU980240LB0407M,980240,65+,2017,57.0,
CXU980240LB0407M,980240,65+,2018,56.0,
CXU980240LB0407M,980240,65+,2019,55.0,
CXU980240LB0407M,980240,65+,2020,55.0,
CXU980240LB0407M,980240,65+,2021,53.0,
CXU980240LB0407M,980240,65+,2022,51.0,
CXU980240LB0407M,980240,65+,2023,53.0,
CXU980240LB0407M,980240,65+,2024,54.0,
CXU980240LB0408M,980240,65-74,1984,59.0,
CXU980240LB0408M,980240,65-74,1985,58.0,
CXU980240LB0408M,980240,65-74,1986,60.0,
CXU980240LB0408M,980240,65-74,1987,59.0,
CXU980240LB0408M,980240,65-74,1988,58.0,
CXU980240LB0408M,980240,65-74,1989,55.0,
CXU980240LB0408M,980240,65-74,1990,60.0,
CXU980240LB0408M,980240,65-74,1991,59.0,
CXU980240LB0408M,980240,65-74,1992,59.0,
CXU980240LB0408M,980240,65-74,1993,60.0,
CXU980240LB0408M,980240,65-74,1994,62.0,
CXU980240LB0408M,980240,65-74,1995,62.0,
CXU980240LB0408M,980240,65-74,1996,63.0,
CXU980240LB0408M,980240,65-74,1997,62.0,
CXU980240LB0408M,980240,65-74,1998,63.0,
CXU980240LB0408M,980240,65-74,1999,60.0,
CXU980240LB0408M,980240,65-74,2000,59.0,
CXU980240LB0408M,980240,65-74,2001,57.0,
CXU980240LB0408M,980240,65-74,2002,58.0,
CXU980240LB0408M,980240,65-74,2003,56.0,
CXU980240LB0408M,980240,65-74,2004,56.0,
CXU980240LB0408M,980240,65-74,2005,55.0,
CXU980240LB0408M,980240,65-74,2006,54.0,
CXU980240LB0408M,980240,65-74,2007,51.0,
CXU980240LB0408M,980240,65-74,2008,52.0,
CXU980240LB0408M,980240,65-74,2009,51.0,
CXU980240LB0408M,980240,65-74,2010,53.0,
CXU980240LB0408M,980240,65-74,2011,52.0,
CXU980240LB0408M,980240,65-74,2012,50.0,
CXU980240LB0408M,980240,65-74,2013,50.0,
CXU980240LB0408M,980240,65-74,2014,50.0,
CXU980240LB0408M,980240,65-74,2015,51.0,
CXU980240LB0408M,980240,65-74,2016,49.0,
CXU980240LB0408M,980240,65-74,2017,50.0,
CXU980240LB0408M,980240,65-74,2018,51.0,
CXU980240LB0408M,980240,65-74,2019,48.0,
CXU980240LB0408M,980240,65-74,2020,50.0,
CXU980240LB0408M,980240,65-74,2021,47.0,
CXU980240LB0408M,980240,65-74,2022,47.0,
CXU980240LB0408M,980240,65-74,2023,49.0,
CXU980240LB0408M,980240,65-74,2024,50.0,
CXU980240LB0409M,980240,75+,1984,65.0,
CXU980240LB0409M,980240,75+,1985,61.0,
CXU980240LB0409M,980240,75+,1986,65.0,
CXU980240LB0409M,980240,75+,1987,63.0,
CXU980240LB0409M,980240,75+,1988,66.0,
CXU980240LB0409M,980240,75+,1989,67.0,
CXU980240LB0409M,980240,75+,1990,66.0,
CXU980240LB0409M,980240,75+,1991,68.0,
CXU980240LB0409M,980240,75+,1992,69.0,
CXU980240LB0409M,980240,75+,1993,71.0,
CXU980240LB0409M,980240,75+,1994,71.0,
CXU980240LB0409M,980240,75+,1995,68.0,
CXU980240LB0409M,980240,75+,1996,69.0,
CXU980240LB0409M,980240,75+,1997,68.0,
CXU980240LB0409M,980240,75+,1998,67.0,
CXU980240LB0409M,980240,75+,1999,68.0,
CXU980240LB0409M,980240,75+,2000,68.0,
CXU980240LB0409M,980240,75+,2001,68.0,
CXU980240LB0409M,980240,75+,2002,67.0,
CXU980240LB0409M,980240,75+,2003,70.0,
CXU980240LB0409M,980240,75+,2004,68.0,
CXU980240LB0409M,980240,75+,2005,67.0,
CXU980240LB0409M,980240,75+,2006,67.0,
CXU980240LB0409M,980240,75+,2007,66.0,
CXU980240LB0409M,980240,75+,2008,64.0,
CXU980240LB0409M,980240,75+,2009,65.0,
CXU980240LB0409M,980240,75+,2010,67.0,
CXU980240LB0409M,980240,75+,2011,67.0,
CXU980240LB0409M,980240,75+,2012,67.0,
CXU980240LB0409M,980240,75+,2013,67.0,
CXU980240LB0409M,980240,75+,2014,66.0,
CXU980240LB0409M,980240,75+,2015,66.0,
CXU980240LB0409M,980240,75+,2016,63.0,
CXU980240LB0409M,980240,75+,2017,65.0,
CXU980240LB0409M,980240,75+,2018,63.0,
CXU980240LB0409M,980240,75+,2019,64.0,
CXU980240LB0409M,980240,75+,2020,61.0,
CXU980240LB0409M,980240,75+,2021,62.0,
CXU980240LB0409M,980240,75+,2022,58.0,
CXU980240LB0409M,980240,75+,2023,59.0,
CXU980240LB0409M,980240,75+,2024,60.0,
CXU980240LB0401M,980240,All CUs,1984,25.0,
CXU980240LB0401M,980240,All CUs,1985,24.0,
CXU980240LB0401M,980240,All CUs,1986,25.0,
CXU980240LB0401M,980240,All CUs,1987,25.0,
CXU980240LB0401M,980240,All CUs,1988,24.0,
CXU980240LB0401M,980240,All CUs,1989,24.0,
CXU980240LB0401M,980240,All CUs,1990,24.0,
CXU980240LB0401M,980240,All CUs,1991,25.0,
CXU980240LB0401M,980240,All CUs,1992,25.0,
CXU980240LB0401M,980240,All CUs,1993,26.0,
CXU980240LB0401M,980240,All CUs,1994,26.0,
CXU980240LB0401M,980240,All CUs,1995,26.0,
CXU980240LB0401M,980240,All CUs,1996,26.0,
CXU980240LB0401M,980240,All CUs,1997,26.0,
CXU980240LB0401M,980240,All CUs,1998,26.0,
CXU980240LB0401M,980240,All CUs,1999,27.0,
CXU980240LB0401M,980240,All CUs,2000,27.0,
CXU980240LB0401M,980240,All CUs,2001,26.0,
CXU980240LB0401M,980240,All CUs,2002,26.0,
CXU980240LB0401M,980240,All CUs,2003,26.0,
CXU980240LB0401M,980240,All CUs,2004,25.0,
CXU980240LB0401M,980240,All CUs,2005,25.0,
CXU980240LB0401M,980240,All CUs,2006,24.0,
CXU980240LB0401M,980240,All CUs,2007,23.0,
CXU980240LB0401M,980240,All CUs,2008,24.0,
CXU980240LB0401M,980240,All CUs,2009,25.0,
CXU980240LB0401M,980240,All CUs,2010,25.0,
CXU980240LB0401M,980240,All CUs,2011,25.0,
CXU980240LB0401M,980240,All CUs,2012,26.0,
CXU980240LB0401M,980240,All CUs,2013,26.0,
CXU980240LB0401M,980240,All CUs,2014,26.0,
CXU980240LB0401M,980240,All CUs,2015,27.0,
CXU980240LB0401M,980240,All CUs,2016,27.0,
CXU980240LB0401M,980240,All CUs,2017,27.0,
CXU980240LB0401M,980240,All CUs,2018,26.0,
CXU980240LB0401M,980240,All CUs,2019,27.0,
CXU980240LB0401M,980240,All CUs,2020,27.0,
CXU980240LB0401M,980240,All CUs,2021,27.0,
CXU980240LB0401M,980240,All CUs,2022,27.0,
CXU980240LB0401M,980240,All CUs,2023,27.0,
CXU980240LB0401M,980240,All CUs,2024,28.0,
CXU980240LB0402M,980240,Under 25,1984,2.0,
CXU980240LB0402M,980240,Under 25,1985,2.0,
CXU980240LB0402M,980240,Under 25,1986,4.0,
CXU980240LB0402M,980240,Under 25,1987,2.0,
CXU980240LB0402M,980240,Under 25,1988,3.0,
CXU980240LB0402M,980240,Under 25,1989,3.0,
CXU980240LB0402M,980240,Under 25,1990,2.0,
CXU980240LB0402M,980240,Under 25,1991,2.0,
CXU980240LB0402M,980240,Under 25,1992,4.0,
CXU980240LB0402M,980240,Under 25,1993,3.0,
CXU980240LB0402M,980240,Under 25,1994,4.0,
CXU980240LB0402M,980240,Under 25,1995,3.0,
CXU980240LB0402M,980240,Under 25,1996,3.0,
CXU980240LB0402M,980240,Under 25,1997,4.0,
CXU980240LB0402M,980240,Under 25,1998,3.0,
CXU980240LB0402M,980240,Under 25,1999,6.0,
CXU980240LB0402M,980240,Under 25,2000,5.0,
CXU980240LB0402M,980240,Under 25,2001,6.0,
CXU980240LB0402M,980240,Under 25,2002,7.0,
CXU980240LB0402M,980240,Under 25,2003,7.0,
CXU980240LB0402M,980240,Under 25,2004,5.0,
CXU980240LB0402M,980240,Under 25,2005,6.0,
CXU980240LB0402M,980240,Under 25,2006,7.0,
CXU980240LB0402M,980240,Under 25,2007,5.0,
CXU980240LB0402M,980240,Under 25,2008,4.0,
CXU980240LB0402M,980240,Under 25,2009,4.0,
CXU980240LB0402M,980240,Under 25,2010,5.0,
CXU980240LB0402M,980240,Under 25,2011,5.0,
CXU980240LB0402M,980240,Under 25,2012,4.0,
CXU980240LB0402M,980240,Under 25,2013,7.0,
CXU980240LB0402M,980240,Under 25,2014,4.0,
CXU980240LB0402M,980240,Under 25,2015,7.0,
CXU980240LB0402M,980240,Under 25,2016,7.0,
CXU980240LB0402M,980240,Under 25,2017,5.0,
CXU980240LB0402M,980240,Under 25,2018,5.0,
CXU980240LB0402M,980240,Under 25,2019,7.0,
CXU980240LB0402M,980240,Under 25,2020,6.0,
CXU980240LB0402M,980240,Under 25,2021,8.0,
CXU980240LB0402M,980240,Under 25,2022,8.0,
CXU980240LB0402M,980240,Under 25,2023,6.0,6
CXU980240LB0402M,980240,Under 25,2024,5.0,6
CXU980260LB0403M,980260,25-34,1984,52.0,
CXU980260LB0403M,980260,25-34,1985,56.0,
CXU980260LB0403M,980260,25-34,1986,54.0,
CXU980260LB0403M,980260,25-34,1987,55.0,
CXU980260LB0403M,980260,25-34,1988,56.0,
CXU980260LB0403M,980260,25-34,1989,56.0,
CXU980260LB0403M,980260,25-34,1990,56.0,
CXU980260LB0403M,980260,25-34,1991,54.0,
CXU980260LB0403M,980260,25-34,1992,58.0,
CXU980260LB0403M,980260,25-34,1993,58.0,
CXU980260LB0403M,980260,25-34,1994,59.0,
CXU980260LB0403M,980260,25-34,1995,56.0,
CXU980260LB0403M,980260,25-34,1996,55.0,
CXU980260LB0403M,980260,25-34,1997,56.0,
CXU980260LB0403M,980260,25-34,1998,57.0,
CXU980260LB0403M,980260,25-34,1999,55.0,
CXU980260LB0403M,980260,25-34,2000,54.0,
CXU980260LB0403M,980260,25-34,2001,52.0,
CXU980260LB0403M,980260,25-34,2002,51.0,
CXU980260LB0403M,980260,25-34,2003,52.0,
CXU980260LB0403M,980260,25-34,2004,51.0,
CXU980260LB0403M,980260,25-34,2005,52.0,
CXU980260LB0403M,980260,25-34,2006,50.0,
CXU980260LB0403M,980260,25-34,2007,53.0,
CXU980260LB0403M,980260,25-34,2008,54.0,
CXU980260LB0403M,980260,25-34,2009,54.0,
CXU980260LB0403M,980260,25-34,2010,55.0,
CXU980260LB0403M,980260,25-34,2011,57.0,
CXU980260LB0403M,980260,25-34,2012,60.0,
CXU980260LB0403M,980260,25-34,2013,60.0,
CXU980260LB0403M,980260,25-34,2014,61.0,
CXU980260LB0403M,980260,25-34,2015,61.0,
CXU980260LB0403M,980260,25-34,2016,63.0,
CXU980260LB0403M,980260,25-34,2017,59.0,
CXU980260LB0403M,980260,25-34,2018,59.0,
CXU980260LB0403M,980260,25-34,2019,59.0,
CXU980260LB0403M,980260,25-34,2020,57.0,
CXU980260LB0403M,980260,25-34,2021,56.0,
CXU980260LB0403M,980260,25-34,2022,57.0,
CXU980260LB0403M,980260,25-34,2023,58.0,
CXU980260LB0403M,980260,25-34,2024,56.0,
CXU980260LB0404M,980260,35-44,1984,31.0,
CXU980260LB0404M,980260,35-44,1985,32.0,
CXU980260LB0404M,980260,35-44,1986,32.0,
CXU980260LB0404M,980260,35-44,1987,32.0,
CXU980260LB0404M,980260,35-44,1988,34.0,
CXU980260LB0404M,980260,35-44,1989,31.0,
CXU980260LB0404M,980260,35-44,1990,33.0,
CXU980260LB0404M,980260,35-44,1991,35.0,
CXU980260LB0404M,980260,35-44,1992,37.0,
CXU980260LB0404M,980260,35-44,1993,35.0,
CXU980260LB0404M,980260,35-44,1994,34.0,
CXU980260LB0404M,980260,35-44,1995,37.0,
CXU980260LB0404M,980260,35-44,1996,36.0,
CXU980260LB0404M,980260,35-44,1997,36.0,
CXU980260LB0404M,980260,35-44,1998,31.0,
CXU980260LB0404M,980260,35-44,1999,33.0,
CXU980260LB0404M,980260,35-44,2000,31.0,
CXU980260LB0404M,980260,35-44,2001,32.0,
CXU980260LB0404M,980260,35-44,2002,32.0,
CXU980260LB0404M,980260,35-44,2003,31.0,
CXU980260LB0404M,980260,35-44,2004,31.0,
CXU980260LB0404M,980260,35-44,2005,31.0,
CXU980260LB0404M,980260,35-44,2006,32.0,
CXU980260LB0404M,980260,35-44,2007,32.0,
CXU980260LB0404M,980260,35-44,2008,33.0,
CXU980260LB0404M,980260,35-44,2009,35.0,
CXU980260LB0404M,980260,35-44,2010,35.0,
CXU980260LB0404M,980260,35-44,2011,38.0,
CXU980260LB0404M,980260,35-44,2012,38.0,
CXU980260LB0404M,980260,35-44,2013,38.0,
CXU980260LB0404M,980260,35-44,2014,42.0,
CXU980260LB0404M,980260,35-44,2015,43.0,
CXU980260LB0404M,980260,35-44,2016,43.0,
CXU980260LB0404M,980260,35-44,2017,46.0,
CXU980260LB0404M,980260,35-44,2018,42.0,
CXU980260LB0404M,980260,35-44,2019,40.0,
CXU980260LB0404M,980260,35-44,2020,38.0,
CXU980260LB0404M,980260,35-44,2021,40.0,
CXU980260LB0404M,980260,35-44,2022,38.0,
CXU980260LB0404M,980260,35-44,2023,36.0,
CXU980260LB0404M,980260,35-44,2024,40.0,
CXU980260LB0405M,980260,45-54,1984,23.0,
CXU980260LB0405M,980260,45-54,1985,22.0,
CXU980260LB0405M,980260,45-54,1986,23.0,
CXU980260LB0405M,980260,45-54,1987,24.0,
CXU980260LB0405M,980260,45-54,1988,26.0,
CXU980260LB0405M,980260,45-54,1989,26.0,
CXU980260LB0405M,980260,45-54,1990,25.0,
CXU980260LB0405M,980260,45-54,1991,23.0,
CXU980260LB0405M,980260,45-54,1992,26.0,
CXU980260LB0405M,980260,45-54,1993,24.0,
CXU980260LB0405M,980260,45-54,1994,23.0,
CXU980260LB0405M,980260,45-54,1995,24.0,
CXU980260LB0405M,980260,45-54,1996,24.0,
CXU980260LB0405M,980260,45-54,1997,23.0,
CXU980260LB0405M,980260,45-54,1998,23.0,
CXU980260LB0405M,980260,45-54,1999,23.0,
CXU980260LB0405M,980260,45-54,2000,25.0,
CXU980260LB0405M,980260,45-54,2001,23.0,
CXU980260LB0405M,980260,45-54,2002,24.0,
CXU980260LB0405M,980260,45-54,2003,24.0,
CXU980260LB0405M,980260,45-54,2004,23.0,
CXU980260LB0405M,980260,45-54,2005,25.0,
CXU980260LB0405M,980260,45-54,2006,25.0,
CXU980260LB0405M,980260,45-54,2007,25.0,
CXU980260LB0405M,980260,45-54,2008,25.0,
CXU980260LB0405M,980260,45-54,2009,26.0,
CXU980260LB0405M,980260,45-54,2010,27.0,
CXU980260LB0405M,980260,45-54,2011,28.0,
CXU980260LB0405M,980260,45-54,2012,28.0,
CXU980260LB0405M,980260,45-54,2013,31.0,
CXU980260LB0405M,980260,45-54,2014,30.0,
CXU980260LB0405M,980260,45-54,2015,30.0,
CXU980260LB0405M,980260,45-54,2016,31.0,
CXU980260LB0405M,980260,45-54,2017,31.0,
CXU980260LB0405M,980260,45-54,2018,32.0,
CXU980260LB0405M,980260,45-54,2019,31.0,
CXU980260LB0405M,980260,45-54,2020,29.0,
CXU980260LB0405M,980260,45-54,2021,30.0,
CXU980260LB0405M,980260,45-54,2022,29.0,
CXU980260LB0405M,980260,45-54,2023,30.0,
CXU980260LB0405M,980260,45-54,2024,30.0,
CXU980260LB0406M,980260,55-64,1984,20.0,
CXU980260LB0406M,980260,55-64,1985,21.0,
CXU980260LB0406M,980260,55-64,1986,19.0,
CXU980260LB0406M,980260,55-64,1987,18.0,
CXU980260LB0406M,980260,55-64,1988,21.0,
CXU980260LB0406M,980260,55-64,1989,18.0,
CXU980260LB0406M,980260,55-64,1990,20.0,
CXU980260LB0406M,980260,55-64,1991,21.0,
CXU980260LB0406M,980260,55-64,1992,21.0,
CXU980260LB0406M,980260,55-64,1993,18.0,
CXU980260LB0406M,980260,55-64,1994,21.0,
CXU980260LB0406M,980260,55-64,1995,19.0,
CXU980260LB0406M,980260,55-64,1996,21.0,
CXU980260LB0406M,980260,55-64,1997,21.0,
CXU980260LB0406M,980260,55-64,1998,22.0,
CXU980260LB0406M,980260,55-64,1999,20.0,
CXU980260LB0406M,980260,55-64,2000,19.0,
CXU980260LB0406M,980260,55-64,2001,19.0,
CXU980260LB0406M,980260,55-64,2002,19.0,
CXU980260LB0406M,980260,55-64,2003,18.0,
CXU980260LB0406M,980260,55-64,2004,17.0,
CXU980260LB0406M,980260,55-64,2005,18.0,
CXU980260LB0406M,980260,55-64,2006,20.0,
CXU980260LB0406M,980260,55-64,2007,19.0,
CXU980260LB0406M,980260,55-64,2008,19.0,
CXU980260LB0406M,980260,55-64,2009,19.0,
CXU980260LB0406M,980260,55-64,2010,20.0,
CXU980260LB0406M,980260,55-64,2011,21.0,
CXU980260LB0406M,980260,55-64,2012,21.0,
CXU980260LB0406M,980260,55-64,2013,21.0,
CXU980260LB0406M,980260,55-64,2014,23.0,
CXU980260LB0406M,980260,55-64,2015,25.0,
CXU980260LB0406M,980260,55-64,2016,24.0,
CXU980260LB0406M,980260,55-64,2017,22.0,
CXU980260LB0406M,980260,55-64,2018,24.0,
CXU980260LB0406M,980260,55-64,2019,25.0,
CXU980260LB0406M,980260,55-64,2020,26.0,
CXU980260LB0406M,980260,55-64,2021,25.0,
CXU980260LB0406M,980260,55-64,2022,24.0,
CXU980260LB0406M,980260,55-64,2023,25.0,
CXU980260LB0406M,980260,55-64,2024,24.0,
CXU980260LB0407M,980260,65+,1988,23.0,
CXU980260LB0407M,980260,65+,1989,24.0,
CXU980260LB0407M,980260,65+,1990,22.0,
CXU980260LB0407M,980260,65+,1991,23.0,
CXU980260LB0407M,980260,65+,1992,23.0,
CXU980260LB0407M,980260,65+,1993,21.0,
CXU980260LB0407M,980260,65+,1994,21.0,
CXU980260LB0407M,980260,65+,1995,21.0,
CXU980260LB0407M,980260,65+,1996,20.0,
CXU980260LB0407M,980260,65+,1997,21.0,
CXU980260LB0407M,980260,65+,1998,20.0,
CXU980260LB0407M,980260,65+,1999,20.0,
CXU980260LB0407M,980260,65+,2000,20.0,
CXU980260LB0407M,980260,65+,2001,20.0,
CXU980260LB0407M,980260,65+,2002,20.0,
CXU980260LB0407M,980260,65+,2003,20.0,
CXU980260LB0407M,980260,65+,2004,20.0,
CXU980260LB0407M,980260,65+,2005,20.0,
CXU980260LB0407M,980260,65+,2006,20.0,
CXU980260LB0407M,980260,65+,2007,21.0,
CXU980260LB0407M,980260,65+,2008,21.0,
CXU980260LB0407M,980260,65+,2009,21.0,
CXU980260LB0407M,980260,65+,2010,19.0,
CXU980260LB0407M,980260,65+,2011,19.0,
CXU980260LB0407M,980260,65+,2012,20.0,
CXU980260LB0407M,980260,65+,2013,19.0,
CXU980260LB0407M,980260,65+,2014,20.0,
CXU980260LB0407M,980260,65+,2015,21.0,
CXU980260LB0407M,980260,65+,2016,23.0,
CXU980260LB0407M,980260,65+,2017,20.0,
CXU980260LB0407M,980260,65+,2018,20.0,
CXU980260LB0407M,980260,65+,2019,21.0,
CXU980260LB0407M,980260,65+,2020,20.0,
CXU980260LB0407M,980260,65+,2021,22.0,
CXU980260LB0407M,980260,65+,2022,23.0,
CXU980260LB0407M,980260,65+,2023,22.0,
CXU980260LB0407M,980260,65+,2024,22.0,
CXU980260LB0408M,980260,65-74,1984,23.0,
CXU980260LB0408M,980260,65-74,1985,21.0,
CXU980260LB0408M,980260,65-74,1986,21.0,
CXU980260LB0408M,980260,65-74,1987,23.0,
CXU980260LB0408M,980260,65-74,1988,21.0,
CXU980260LB0408M,980260,65-74,1989,22.0,
CXU980260LB0408M,980260,65-74,1990,18.0,
CXU980260LB0408M,980260,65-74,1991,20.0,
CXU980260LB0408M,980260,65-74,1992,21.0,
CXU980260LB0408M,980260,65-74,1993,19.0,
CXU980260LB0408M,980260,65-74,1994,19.0,
CXU980260LB0408M,980260,65-74,1995,18.0,
CXU980260LB0408M,980260,65-74,1996,18.0,
CXU980260LB0408M,980260,65-74,1997,19.0,
CXU980260LB0408M,980260,65-74,1998,17.0,
CXU980260LB0408M,980260,65-74,1999,18.0,
CXU980260LB0408M,980260,65-74,2000,18.0,
CXU980260LB0408M,980260,65-74,2001,18.0,
CXU980260LB0408M,980260,65-74,2002,16.0,
CXU980260LB0408M,980260,65-74,2003,17.0,
CXU980260LB0408M,980260,65-74,2004,17.0,
CXU980260LB0408M,980260,65-74,2005,17.0,
CXU980260LB0408M,980260,65-74,2006,17.0,
CXU980260LB0408M,980260,65-74,2007,19.0,
CXU980260LB0408M,980260,65-74,2008,19.0,
CXU980260LB0408M,980260,65-74,2009,19.0,
CXU980260LB0408M,980260,65-74,2010,18.0,
CXU980260LB0408M,980260,65-74,2011,17.0,
CXU980260LB0408M,980260,65-74,2012,20.0,
CXU980260LB0408M,980260,65-74,2013,18.0,
CXU980260LB0408M,980260,65-74,2014,19.0,
CXU980260LB0408M,980260,65-74,2015,20.0,
CXU980260LB0408M,980260,65-74,2016,21.0,
CXU980260LB0408M,980260,65-74,2017,20.0,
CXU980260LB0408M,980260,65-74,2018,19.0,
CXU980260LB0408M,980260,65-74,2019,22.0,
CXU980260LB0408M,980260,65-74,2020,20.0,
CXU980260LB0408M,980260,65-74,2021,21.0,
CXU980260LB0408M,980260,65-74,2022,23.0,
CXU980260LB0408M,980260,65-74,2023,22.0,
CXU980260LB0408M,980260,65-74,2024,21.0,
CXU980260LB0409M,980260,75+,1984,31.0,
CXU980260LB0409M,980260,75+,1985,33.0,
CXU980260LB0409M,980260,75+,1986,30.0,
CXU980260LB0409M,980260,75+,1987,31.0,
CXU980260LB0409M,980260,75+,1988,27.0,
CXU980260LB0409M,980260,75+,1989,26.0,
CXU980260LB0409M,980260,75+,1990,27.0,
CXU980260LB0409M,980260,75+,1991,26.0,
CXU980260LB0409M,980260,75+,1992,26.0,
CXU980260LB0409M,980260,75+,1993,23.0,
CXU980260LB0409M,980260,75+,1994,24.0,
CXU980260LB0409M,980260,75+,1995,24.0,
CXU980260LB0409M,980260,75+,1996,23.0,
CXU980260LB0409M,980260,75+,1997,23.0,
CXU980260LB0409M,980260,75+,1998,24.0,
CXU980260LB0409M,980260,75+,1999,23.0,
CXU980260LB0409M,980260,75+,2000,23.0,
CXU980260LB0409M,980260,75+,2001,22.0,
CXU980260LB0409M,980260,75+,2002,23.0,
CXU980260LB0409M,980260,75+,2003,22.0,
CXU980260LB0409M,980260,75+,2004,22.0,
CXU980260LB0409M,980260,75+,2005,22.0,
CXU980260LB0409M,980260,75+,2006,23.0,
CXU980260LB0409M,980260,75+,2007,23.0,
CXU980260LB0409M,980260,75+,2008,24.0,
CXU980260LB0409M,980260,75+,2009,23.0,
CXU980260LB0409M,980260,75+,2010,20.0,
CXU980260LB0409M,980260,75+,2011,21.0,
CXU980260LB0409M,980260,75+,2012,21.0,
CXU980260LB0409M,980260,75+,2013,21.0,
CXU980260LB0409M,980260,75+,2014,20.0,
CXU980260LB0409M,980260,75+,2015,23.0,
CXU980260LB0409M,980260,75+,2016,24.0,
CXU980260LB0409M,980260,75+,2017,21.0,
CXU980260LB0409M,980260,75+,2018,21.0,
CXU980260LB0409M,980260,75+,2019,19.0,
CXU980260LB0409M,980260,75+,2020,21.0,
CXU980260LB0409M,980260,75+,2021,23.0,
CXU980260LB0409M,980260,75+,2022,23.0,
CXU980260LB0409M,980260,75+,2023,23.0,
CXU980260LB0409M,980260,75+,2024,23.0,
CXU980260LB0401M,980260,All CUs,1984,38.0,
CXU980260LB0401M,980260,All CUs,1985,38.0,
CXU980260LB0401M,980260,All CUs,1986,38.0,
CXU980260LB0401M,980260,All CUs,1987,38.0,
CXU980260LB0401M,980260,All CUs,1988,38.0,
CXU980260LB0401M,980260,All CUs,1989,37.0,
CXU980260LB0401M,980260,All CUs,1990,38.0,
CXU980260LB0401M,980260,All CUs,1991,37.0,
CXU980260LB0401M,980260,All CUs,1992,39.0,
CXU980260LB0401M,980260,All CUs,1993,37.0,
CXU980260LB0401M,980260,All CUs,1994,37.0,
CXU980260LB0401M,980260,All CUs,1995,36.0,
CXU980260LB0401M,980260,All CUs,1996,36.0,
CXU980260LB0401M,980260,All CUs,1997,36.0,
CXU980260LB0401M,980260,All CUs,1998,36.0,
CXU980260LB0401M,980260,All CUs,1999,35.0,
CXU980260LB0401M,980260,All CUs,2000,34.0,
CXU980260LB0401M,980260,All CUs,2001,34.0,
CXU980260LB0401M,980260,All CUs,2002,34.0,
CXU980260LB0401M,980260,All CUs,2003,33.0,
CXU980260LB0401M,980260,All CUs,2004,32.0,
CXU980260LB0401M,980260,All CUs,2005,33.0,
CXU980260LB0401M,980260,All CUs,2006,33.0,
CXU980260LB0401M,980260,All CUs,2007,33.0,
CXU980260LB0401M,980260,All CUs,2008,34.0,
CXU980260LB0401M,980260,All CUs,2009,34.0,
CXU980260LB0401M,980260,All CUs,2010,34.0,
CXU980260LB0401M,980260,All CUs,2011,35.0,
CXU980260LB0401M,980260,All CUs,2012,36.0,
CXU980260LB0401M,980260,All CUs,2013,36.0,
CXU980260LB0401M,980260,All CUs,2014,37.0,
CXU980260LB0401M,980260,All CUs,2015,38.0,
CXU980260LB0401M,980260,All CUs,2016,38.0,
CXU980260LB0401M,980260,All CUs,2017,37.0,
CXU980260LB0401M,980260,All CUs,2018,37.0,
CXU980260LB0401M,980260,All CUs,2019,36.0,
CXU980260LB0401M,980260,All CUs,2020,34.0,
CXU980260LB0401M,980260,All CUs,2021,35.0,
CXU980260LB0401M,980260,All CUs,2022,35.0,
CXU980260LB0401M,980260,All CUs,2023,35.0,
CXU980260LB0401M,980260,All CUs,2024,35.0,
CXU980260LB0402M,980260,Under 25,1984,88.0,
CXU980260LB0402M,980260,Under 25,1985,89.0,
CXU980260LB0402M,980260,Under 25,1986,88.0,
CXU980260LB0402M,980260,Under 25,1987,90.0,
CXU980260LB0402M,980260,Under 25,1988,89.0,
CXU980260LB0402M,980260,Under 25,1989,92.0,
CXU980260LB0402M,980260,Under 25,1990,92.0,
CXU980260LB0402M,980260,Under 25,1991,90.0,
CXU980260LB0402M,980260,Under 25,1992,89.0,
CXU980260LB0402M,980260,Under 25,1993,90.0,
CXU980260LB0402M,980260,Under 25,1994,88.0,
CXU980260LB0402M,980260,Under 25,1995,88.0,
CXU980260LB0402M,980260,Under 25,1996,90.0,
CXU980260LB0402M,980260,Under 25,1997,91.0,
CXU980260LB0402M,980260,Under 25,1998,90.0,
CXU980260LB0402M,980260,Under 25,1999,87.0,
CXU980260LB0402M,980260,Under 25,2000,88.0,
CXU980260LB0402M,980260,Under 25,2001,87.0,
CXU980260LB0402M,980260,Under 25,2002,85.0,
CXU980260LB0402M,980260,Under 25,2003,85.0,
CXU980260LB0402M,980260,Under 25,2004,85.0,
CXU980260LB0402M,980260,Under 25,2005,81.0,
CXU980260LB0402M,980260,Under 25,2006,80.0,
CXU980260LB0402M,980260,Under 25,2007,84.0,
CXU980260LB0402M,980260,Under 25,2008,85.0,
CXU980260LB0402M,980260,Under 25,2009,86.0,
CXU980260LB0402M,980260,Under 25,2010,86.0,
CXU980260LB0402M,980260,Under 25,2011,85.0,
CXU980260LB0402M,980260,Under 25,2012,85.0,
CXU980260LB0402M,980260,Under 25,2013,86.0,
CXU980260LB0402M,980260,Under 25,2014,89.0,
CXU980260LB0402M,980260,Under 25,2015,86.0,
CXU980260LB0402M,980260,Under 25,2016,83.0,
CXU980260LB0402M,980260,Under 25,2017,87.0,
CXU980260LB0402M,980260,Under 25,2018,87.0,
CXU980260LB0402M,980260,Under 25,2019,83.0,
CXU980260LB0402M,980260,Under 25,2020,83.0,
CXU980260LB0402M,980260,Under 25,2021,82.0,
CXU980260LB0402M,980260,Under 25,2022,82.0,
CXU980260LB0402M,980260,Under 25,2023,85.0,
CXU980260LB0402M,980260,Under 25,2024,90.0,
CXUALCBEVGLB0403M,ALCBEVG,25-34,1984,335.0,
CXUALCBEVGLB0403M,ALCBEVG,25-34,1985,370.0,
CXUALCBEVGLB0403M,ALCBEVG,25-34,1986,361.0,
CXUALCBEVGLB0403M,ALCBEVG,25-34,1987,353.0,
CXUALCBEVGLB0403M,ALCBEVG,25-34,1988,355.0,
CXUALCBEVGLB0403M,ALCBEVG,25-34,1989,373.0,
CXUALCBEVGLB0403M,ALCBEVG,25-34,1990,365.0,
CXUALCBEVGLB0403M,ALCBEVG,25-34,1991,370.0,
CXUALCBEVGLB0403M,ALCBEVG,25-34,1992,365.0,
CXUALCBEVGLB0403M,ALCBEVG,25-34,1993,307.0,
CXUALCBEVGLB0403M,ALCBEVG,25-34,1994,347.0,
CXUALCBEVGLB0403M,ALCBEVG,25-34,1995,299.0,
CXUALCBEVGLB0403M,ALCBEVG,25-34,1996,359.0,
CXUALCBEVGLB0403M,ALCBEVG,25-34,1997,380.0,
CXUALCBEVGLB0403M,ALCBEVG,25-34,1998,372.0,
CXUALCBEVGLB0403M,ALCBEVG,25-34,1999,365.0,
CXUALCBEVGLB0403M,ALCBEVG,25-34,2000,431.0,
CXUALCBEVGLB0403M,ALCBEVG,25-34,2001,393.0,
CXUALCBEVGLB0403M,ALCBEVG,25-34,2002,395.0,
CXUALCBEVGLB0403M,ALCBEVG,25-34,2003,446.0,
CXUALCBEVGLB0403M,ALCBEVG,25-34,2004,522.0,
CXUALCBEVGLB0403M,ALCBEVG,25-34,2005,478.0,
CXUALCBEVGLB0403M,ALCBEVG,25-34,2006,657.0,
CXUALCBEVGLB0403M,ALCBEVG,25-34,2007,514.0,
CXUALCBEVGLB0403M,ALCBEVG,25-34,2008,491.0,
CXUALCBEVGLB0403M,ALCBEVG,25-34,2009,481.0,
CXUALCBEVGLB0403M,ALCBEVG,25-34,2010,473.0,
CXUALCBEVGLB0403M,ALCBEVG,25-34,2011,513.0,
CXUALCBEVGLB0403M,ALCBEVG,25-34,2012,564.0,
CXUALCBEVGLB0403M,ALCBEVG,25-34,2013,489.0,
CXUALCBEVGLB0403M,ALCBEVG,25-34,2014,529.0,
CXUALCBEVGLB0403M,ALCBEVG,25-34,2015,543.0,
CXUALCBEVGLB0403M,ALCBEVG,25-34,2016,539.0,
CXUALCBEVGLB0403M,ALCBEVG,25-34,2017,573.0,
CXUALCBEVGLB0403M,ALCBEVG,25-34,2018,633.0,
CXUALCBEVGLB0403M,ALCBEVG,25-34,2019,525.0,
CXUALCBEVGLB0403M,ALCBEVG,25-34,2020,481.0,
CXUALCBEVGLB0403M,ALCBEVG,25-34,2021,663.0,
CXUALCBEVGLB0403M,ALCBEVG,25-34,2022,622.0,
CXUALCBEVGLB0403M,ALCBEVG,25-34,2023,654.0,
CXUALCBEVGLB0403M,ALCBEVG,25-34,2024,600.0,
CXUALCBEVGLB0404M,ALCBEVG,35-44,1984,289.0,
CXUALCBEVGLB0404M,ALCBEVG,35-44,1985,369.0,
CXUALCBEVGLB0404M,ALCBEVG,35-44,1986,288.0,
CXUALCBEVGLB0404M,ALCBEVG,35-44,1987,359.0,
CXUALCBEVGLB0404M,ALCBEVG,35-44,1988,281.0,
CXUALCBEVGLB0404M,ALCBEVG,35-44,1989,324.0,
CXUALCBEVGLB0404M,ALCBEVG,35-44,1990,370.0,
CXUALCBEVGLB0404M,ALCBEVG,35-44,1991,354.0,
CXUALCBEVGLB0404M,ALCBEVG,35-44,1992,352.0,
CXUALCBEVGLB0404M,ALCBEVG,35-44,1993,324.0,
CXUALCBEVGLB0404M,ALCBEVG,35-44,1994,296.0,
CXUALCBEVGLB0404M,ALCBEVG,35-44,1995,314.0,
CXUALCBEVGLB0404M,ALCBEVG,35-44,1996,349.0,
CXUALCBEVGLB0404M,ALCBEVG,35-44,1997,348.0,
CXUALCBEVGLB0404M,ALCBEVG,35-44,1998,328.0,
CXUALCBEVGLB0404M,ALCBEVG,35-44,1999,384.0,
CXUALCBEVGLB0404M,ALCBEVG,35-44,2000,420.0,
CXUALCBEVGLB0404M,ALCBEVG,35-44,2001,413.0,
CXUALCBEVGLB0404M,ALCBEVG,35-44,2002,367.0,
CXUALCBEVGLB0404M,ALCBEVG,35-44,2003,424.0,
CXUALCBEVGLB0404M,ALCBEVG,35-44,2004,535.0,
CXUALCBEVGLB0404M,ALCBEVG,35-44,2005,511.0,
CXUALCBEVGLB0404M,ALCBEVG,35-44,2006,496.0,
CXUALCBEVGLB0404M,ALCBEVG,35-44,2007,469.0,
CXUALCBEVGLB0404M,ALCBEVG,35-44,2008,462.0,
CXUALCBEVGLB0404M,ALCBEVG,35-44,2009,498.0,
CXUALCBEVGLB0404M,ALCBEVG,35-44,2010,497.0,
CXUALCBEVGLB0404M,ALCBEVG,35-44,2011,497.0,
CXUALCBEVGLB0404M,ALCBEVG,35-44,2012,501.0,
CXUALCBEVGLB0404M,ALCBEVG,35-44,2013,443.0,
CXUALCBEVGLB0404M,ALCBEVG,35-44,2014,505.0,
CXUALCBEVGLB0404M,ALCBEVG,35-44,2015,697.0,
CXUALCBEVGLB0404M,ALCBEVG,35-44,2016,538.0,
CXUALCBEVGLB0404M,ALCBEVG,35-44,2017,624.0,
CXUALCBEVGLB0404M,ALCBEVG,35-44,2018,725.0,
CXUALCBEVGLB0404M,ALCBEVG,35-44,2019,544.0,
CXUALCBEVGLB0404M,ALCBEVG,35-44,2020,551.0,
CXUALCBEVGLB0404M,ALCBEVG,35-44,2021,596.0,
CXUALCBEVGLB0404M,ALCBEVG,35-44,2022,688.0,
CXUALCBEVGLB0404M,ALCBEVG,35-44,2023,681.0,
CXUALCBEVGLB0404M,ALCBEVG,35-44,2024,727.0,
CXUALCBEVGLB0405M,ALCBEVG,45-54,1984,367.0,
CXUALCBEVGLB0405M,ALCBEVG,45-54,1985,357.0,
CXUALCBEVGLB0405M,ALCBEVG,45-54,1986,324.0,
CXUALCBEVGLB0405M,ALCBEVG,45-54,1987,336.0,
CXUALCBEVGLB0405M,ALCBEVG,45-54,1988,307.0,
CXUALCBEVGLB0405M,ALCBEVG,45-54,1989,296.0,
CXUALCBEVGLB0405M,ALCBEVG,45-54,1990,324.0,
CXUALCBEVGLB0405M,ALCBEVG,45-54,1991,360.0,
CXUALCBEVGLB0405M,ALCBEVG,45-54,1992,299.0,
CXUALCBEVGLB0405M,ALCBEVG,45-54,1993,293.0,
CXUALCBEVGLB0405M,ALCBEVG,45-54,1994,292.0,
CXUALCBEVGLB0405M,ALCBEVG,45-54,1995,348.0,
CXUALCBEVGLB0405M,ALCBEVG,45-54,1996,357.0,
CXUALCBEVGLB0405M,ALCBEVG,45-54,1997,358.0,
CXUALCBEVGLB0405M,ALCBEVG,45-54,1998,346.0,
CXUALCBEVGLB0405M,ALCBEVG,45-54,1999,320.0,
CXUALCBEVGLB0405M,ALCBEVG,45-54,2000,417.0,
CXUALCBEVGLB0405M,ALCBEVG,45-54,2001,396.0,
CXUALCBEVGLB0405M,ALCBEVG,45-54,2002,465.0,
CXUALCBEVGLB0405M,ALCBEVG,45-54,2003,477.0,
CXUALCBEVGLB0405M,ALCBEVG,45-54,2004,502.0,
CXUALCBEVGLB0405M,ALCBEVG,45-54,2005,458.0,
CXUALCBEVGLB0405M,ALCBEVG,45-54,2006,612.0,
CXUALCBEVGLB0405M,ALCBEVG,45-54,2007,498.0,
CXUALCBEVGLB0405M,ALCBEVG,45-54,2008,505.0,
CXUALCBEVGLB0405M,ALCBEVG,45-54,2009,502.0,
CXUALCBEVGLB0405M,ALCBEVG,45-54,2010,414.0,
CXUALCBEVGLB0405M,ALCBEVG,45-54,2011,494.0,
CXUALCBEVGLB0405M,ALCBEVG,45-54,2012,454.0,
CXUALCBEVGLB0405M,ALCBEVG,45-54,2013,545.0,
CXUALCBEVGLB0405M,ALCBEVG,45-54,2014,559.0,
CXUALCBEVGLB0405M,ALCBEVG,45-54,2015,547.0,
CXUALCBEVGLB0405M,ALCBEVG,45-54,2016,563.0,
CXUALCBEVGLB0405M,ALCBEVG,45-54,2017,633.0,
CXUALCBEVGLB0405M,ALCBEVG,45-54,2018,656.0,
CXUALCBEVGLB0405M,ALCBEVG,45-54,2019,722.0,
CXUALCBEVGLB0405M,ALCBEVG,45-54,2020,547.0,
CXUALCBEVGLB0405M,ALCBEVG,45-54,2021,610.0,
CXUALCBEVGLB0405M,ALCBEVG,45-54,2022,604.0,
CXUALCBEVGLB0405M,ALCBEVG,45-54,2023,817.0,
CXUALCBEVGLB0405M,ALCBEVG,45-54,2024,838.0,
CXUALCBEVGLB0406M,ALCBEVG,55-64,1984,297.0,
CXUALCBEVGLB0406M,ALCBEVG,55-64,1985,279.0,
CXUALCBEVGLB0406M,ALCBEVG,55-64,1986,248.0,
CXUALCBEVGLB0406M,ALCBEVG,55-64,1987,257.0,
CXUALCBEVGLB0406M,ALCBEVG,55-64,1988,239.0,
CXUALCBEVGLB0406M,ALCBEVG,55-64,1989,273.0,
CXUALCBEVGLB0406M,ALCBEVG,55-64,1990,254.0,
CXUALCBEVGLB0406M,ALCBEVG,55-64,1991,260.0,
CXUALCBEVGLB0406M,ALCBEVG,55-64,1992,321.0,
CXUALCBEVGLB0406M,ALCBEVG,55-64,1993,250.0,
CXUALCBEVGLB0406M,ALCBEVG,55-64,1994,338.0,
CXUALCBEVGLB0406M,ALCBEVG,55-64,1995,253.0,
CXUALCBEVGLB0406M,ALCBEVG,55-64,1996,381.0,
CXUALCBEVGLB0406M,ALCBEVG,55-64,1997,283.0,
CXUALCBEVGLB0406M,ALCBEVG,55-64,1998,314.0,
CXUALCBEVGLB0406M,ALCBEVG,55-64,1999,330.0,
CXUALCBEVGLB0406M,ALCBEVG,55-64,2000,371.0,
CXUALCBEVGLB0406M,ALCBEVG,55-64,2001,322.0,
CXUALCBEVGLB0406M,ALCBEVG,55-64,2002,420.0,
CXUALCBEVGLB0406M,ALCBEVG,55-64,2003,372.0,
CXUALCBEVGLB0406M,ALCBEVG,55-64,2004,457.0,
CXUALCBEVGLB0406M,ALCBEVG,55-64,2005,454.0,
CXUALCBEVGLB0406M,ALCBEVG,55-64,2006,477.0,
CXUALCBEVGLB0406M,ALCBEVG,55-64,2007,533.0,
CXUALCBEVGLB0406M,ALCBEVG,55-64,2008,525.0,
CXUALCBEVGLB0406M,ALCBEVG,55-64,2009,440.0,
CXUALCBEVGLB0406M,ALCBEVG,55-64,2010,402.0,
CXUALCBEVGLB0406M,ALCBEVG,55-64,2011,468.0,
CXUALCBEVGLB0406M,ALCBEVG,55-64,2012,493.0,
CXUALCBEVGLB0406M,ALCBEVG,55-64,2013,465.0,
CXUALCBEVGLB0406M,ALCBEVG,55-64,2014,457.0,
CXUALCBEVGLB0406M,ALCBEVG,55-64,2015,574.0,
CXUALCBEVGLB0406M,ALCBEVG,55-64,2016,541.0,
CXUALCBEVGLB0406M,ALCBEVG,55-64,2017,620.0,
CXUALCBEVGLB0406M,ALCBEVG,55-64,2018,629.0,
CXUALCBEVGLB0406M,ALCBEVG,55-64,2019,714.0,
CXUALCBEVGLB0406M,ALCBEVG,55-64,2020,563.0,
CXUALCBEVGLB0406M,ALCBEVG,55-64,2021,591.0,
CXUALCBEVGLB0406M,ALCBEVG,55-64,2022,661.0,
CXUALCBEVGLB0406M,ALCBEVG,55-64,2023,717.0,
CXUALCBEVGLB0406M,ALCBEVG,55-64,2024,657.0,
CXUALCBEVGLB0407M,ALCBEVG,65+,1988,133.0,
CXUALCBEVGLB0407M,ALCBEVG,65+,1989,136.0,
CXUALCBEVGLB0407M,ALCBEVG,65+,1990,126.0,
CXUALCBEVGLB0407M,ALCBEVG,65+,1991,159.0,
CXUALCBEVGLB0407M,ALCBEVG,65+,1992,159.0,
CXUALCBEVGLB0407M,ALCBEVG,65+,1993,148.0,
CXUALCBEVGLB0407M,ALCBEVG,65+,1994,164.0,
CXUALCBEVGLB0407M,ALCBEVG,65+,1995,171.0,
CXUALCBEVGLB0407M,ALCBEVG,65+,1996,153.0,
CXUALCBEVGLB0407M,ALCBEVG,65+,1997,197.0,
CXUALCBEVGLB0407M,ALCBEVG,65+,1998,194.0,
CXUALCBEVGLB0407M,ALCBEVG,65+,1999,172.0,
CXUALCBEVGLB0407M,ALCBEVG,65+,2000,211.0,
CXUALCBEVGLB0407M,ALCBEVG,65+,2001,192.0,
CXUALCBEVGLB0407M,ALCBEVG,65+,2002,237.0,
CXUALCBEVGLB0407M,ALCBEVG,65+,2003,184.0,
CXUALCBEVGLB0407M,ALCBEVG,65+,2004,261.0,
CXUALCBEVGLB0407M,ALCBEVG,65+,2005,248.0,
CXUALCBEVGLB0407M,ALCBEVG,65+,2006,263.0,
CXUALCBEVGLB0407M,ALCBEVG,65+,2007,285.0,
CXUALCBEVGLB0407M,ALCBEVG,65+,2008,251.0,
CXUALCBEVGLB0407M,ALCBEVG,65+,2009,292.0,
CXUALCBEVGLB0407M,ALCBEVG,65+,2010,295.0,
CXUALCBEVGLB0407M,ALCBEVG,65+,2011,338.0,
CXUALCBEVGLB0407M,ALCBEVG,65+,2012,315.0,
CXUALCBEVGLB0407M,ALCBEVG,65+,2013,326.0,
CXUALCBEVGLB0407M,ALCBEVG,65+,2014,354.0,
CXUALCBEVGLB0407M,ALCBEVG,65+,2015,362.0,
CXUALCBEVGLB0407M,ALCBEVG,65+,2016,370.0,
CXUALCBEVGLB0407M,ALCBEVG,65+,2017,459.0,
CXUALCBEVGLB0407M,ALCBEVG,65+,2018,446.0,
CXUALCBEVGLB0407M,ALCBEVG,65+,2019,501.0,
CXUALCBEVGLB0407M,ALCBEVG,65+,2020,363.0,
CXUALCBEVGLB0407M,ALCBEVG,65+,2021,439.0,
CXUALCBEVGLB0407M,ALCBEVG,65+,2022,469.0,
CXUALCBEVGLB0407M,ALCBEVG,65+,2023,494.0,
CXUALCBEVGLB0407M,ALCBEVG,65+,2024,532.0,
CXUALCBEVGLB0408M,ALCBEVG,65-74,1984,157.0,
CXUALCBEVGLB0408M,ALCBEVG,65-74,1985,185.0,
CXUALCBEVGLB0408M,ALCBEVG,65-74,1986,160.0,
CXUALCBEVGLB0408M,ALCBEVG,65-74,1987,164.0,
CXUALCBEVGLB0408M,ALCBEVG,65-74,1988,162.0,
CXUALCBEVGLB0408M,ALCBEVG,65-74,1989,170.0,
CXUALCBEVGLB0408M,ALCBEVG,65-74,1990,166.0,
CXUALCBEVGLB0408M,ALCBEVG,65-74,1991,217.0,
CXUALCBEVGLB0408M,ALCBEVG,65-74,1992,180.0,
CXUALCBEVGLB0408M,ALCBEVG,65-74,1993,182.0,
CXUALCBEVGLB0408M,ALCBEVG,65-74,1994,231.0,
CXUALCBEVGLB0408M,ALCBEVG,65-74,1995,206.0,
CXUALCBEVGLB0408M,ALCBEVG,65-74,1996,169.0,
CXUALCBEVGLB0408M,ALCBEVG,65-74,1997,268.0,
CXUALCBEVGLB0408M,ALCBEVG,65-74,1998,231.0,
CXUALCBEVGLB0408M,ALCBEVG,65-74,1999,219.0,
CXUALCBEVGLB0408M,ALCBEVG,65-74,2000,261.0,
CXUALCBEVGLB0408M,ALCBEVG,65-74,2001,233.0,
CXUALCBEVGLB0408M,ALCBEVG,65-74,2002,324.0,
CXUALCBEVGLB0408M,ALCBEVG,65-74,2003,237.0,
CXUALCBEVGLB0408M,ALCBEVG,65-74,2004,329.0,
CXUALCBEVGLB0408M,ALCBEVG,65-74,2005,325.0,
CXUALCBEVGLB0408M,ALCBEVG,65-74,2006,339.0,
CXUALCBEVGLB0408M,ALCBEVG,65-74,2007,346.0,
CXUALCBEVGLB0408M,ALCBEVG,65-74,2008,343.0,
CXUALCBEVGLB0408M,ALCBEVG,65-74,2009,389.0,
CXUALCBEVGLB0408M,ALCBEVG,65-74,2010,392.0,
CXUALCBEVGLB0408M,ALCBEVG,65-74,2011,422.0,
CXUALCBEVGLB0408M,ALCBEVG,65-74,2012,407.0,
CXUALCBEVGLB0408M,ALCBEVG,65-74,2013,400.0,
CXUALCBEVGLB0408M,ALCBEVG,65-74,2014,455.0,
CXUALCBEVGLB0408M,ALCBEVG,65-74,2015,451.0,
CXUALCBEVGLB0408M,ALCBEVG,65-74,2016,412.0,
CXUALCBEVGLB0408M,ALCBEVG,65-74,2017,542.0,
CXUALCBEVGLB0408M,ALCBEVG,65-74,2018,573.0,
CXUALCBEVGLB0408M,ALCBEVG,65-74,2019,614.0,
CXUALCBEVGLB0408M,ALCBEVG,65-74,2020,462.0,
CXUALCBEVGLB0408M,ALCBEVG,65-74,2021,526.0,
CXUALCBEVGLB0408M,ALCBEVG,65-74,2022,573.0,
CXUALCBEVGLB0408M,ALCBEVG,65-74,2023,586.0,
CXUALCBEVGLB0408M,ALCBEVG,65-74,2024,610.0,
CXUALCBEVGLB0409M,ALCBEVG,75+,1984,67.0,
CXUALCBEVGLB0409M,ALCBEVG,75+,1985,94.0,
CXUALCBEVGLB0409M,ALCBEVG,75+,1986,66.0,
CXUALCBEVGLB0409M,ALCBEVG,75+,1987,74.0,
CXUALCBEVGLB0409M,ALCBEVG,75+,1988,89.0,
CXUALCBEVGLB0409M,ALCBEVG,75+,1989,90.0,
CXUALCBEVGLB0409M,ALCBEVG,75+,1990,71.0,
CXUALCBEVGLB0409M,ALCBEVG,75+,1991,81.0,
CXUALCBEVGLB0409M,ALCBEVG,75+,1992,131.0,
CXUALCBEVGLB0409M,ALCBEVG,75+,1993,101.0,
CXUALCBEVGLB0409M,ALCBEVG,75+,1994,77.0,
CXUALCBEVGLB0409M,ALCBEVG,75+,1995,129.0,
CXUALCBEVGLB0409M,ALCBEVG,75+,1996,134.0,
CXUALCBEVGLB0409M,ALCBEVG,75+,1997,111.0,
CXUALCBEVGLB0409M,ALCBEVG,75+,1998,148.0,
CXUALCBEVGLB0409M,ALCBEVG,75+,1999,122.0,
CXUALCBEVGLB0409M,ALCBEVG,75+,2000,155.0,
CXUALCBEVGLB0409M,ALCBEVG,75+,2001,148.0,
CXUALCBEVGLB0409M,ALCBEVG,75+,2002,144.0,
CXUALCBEVGLB0409M,ALCBEVG,75+,2003,128.0,
CXUALCBEVGLB0409M,ALCBEVG,75+,2004,190.0,
CXUALCBEVGLB0409M,ALCBEVG,75+,2005,167.0,
CXUALCBEVGLB0409M,ALCBEVG,75+,2006,184.0,
CXUALCBEVGLB0409M,ALCBEVG,75+,2007,218.0,
CXUALCBEVGLB0409M,ALCBEVG,75+,2008,144.0,
CXUALCBEVGLB0409M,ALCBEVG,75+,2009,188.0,
CXUALCBEVGLB0409M,ALCBEVG,75+,2010,184.0,
CXUALCBEVGLB0409M,ALCBEVG,75+,2011,241.0,
CXUALCBEVGLB0409M,ALCBEVG,75+,2012,201.0,
CXUALCBEVGLB0409M,ALCBEVG,75+,2013,232.0,
CXUALCBEVGLB0409M,ALCBEVG,75+,2014,219.0,
CXUALCBEVGLB0409M,ALCBEVG,75+,2015,244.0,
CXUALCBEVGLB0409M,ALCBEVG,75+,2016,315.0,
CXUALCBEVGLB0409M,ALCBEVG,75+,2017,339.0,
CXUALCBEVGLB0409M,ALCBEVG,75+,2018,263.0,
CXUALCBEVGLB0409M,ALCBEVG,75+,2019,341.0,
CXUALCBEVGLB0409M,ALCBEVG,75+,2020,217.0,
CXUALCBEVGLB0409M,ALCBEVG,75+,2021,311.0,
CXUALCBEVGLB0409M,ALCBEVG,75+,2022,320.0,
CXUALCBEVGLB0409M,ALCBEVG,75+,2023,363.0,
CXUALCBEVGLB0409M,ALCBEVG,75+,2024,422.0,
CXUALCBEVGLB0401M,ALCBEVG,All CUs,1984,275.0,
CXUALCBEVGLB0401M,ALCBEVG,All CUs,1985,306.0,
CXUALCBEVGLB0401M,ALCBEVG,All CUs,1986,271.0,
CXUALCBEVGLB0401M,ALCBEVG,All CUs,1987,289.0,
CXUALCBEVGLB0401M,ALCBEVG,All CUs,1988,269.0,
CXUALCBEVGLB0401M,ALCBEVG,All CUs,1989,284.0,
CXUALCBEVGLB0401M,ALCBEVG,All CUs,1990,293.0,
CXUALCBEVGLB0401M,ALCBEVG,All CUs,1991,297.0,
CXUALCBEVGLB0401M,ALCBEVG,All CUs,1992,301.0,
CXUALCBEVGLB0401M,ALCBEVG,All CUs,1993,268.0,
CXUALCBEVGLB0401M,ALCBEVG,All CUs,1994,278.0,
CXUALCBEVGLB0401M,ALCBEVG,All CUs,1995,277.0,
CXUALCBEVGLB0401M,ALCBEVG,All CUs,1996,309.0,
CXUALCBEVGLB0401M,ALCBEVG,All CUs,1997,309.0,
CXUALCBEVGLB0401M,ALCBEVG,All CUs,1998,309.0,
CXUALCBEVGLB0401M,ALCBEVG,All CUs,1999,318.0,
CXUALCBEVGLB0401M,ALCBEVG,All CUs,2000,372.0,
CXUALCBEVGLB0401M,ALCBEVG,All CUs,2001,349.0,
CXUALCBEVGLB0401M,ALCBEVG,All CUs,2002,376.0,
CXUALCBEVGLB0401M,ALCBEVG,All CUs,2003,391.0,
CXUALCBEVGLB0401M,ALCBEVG,All CUs,2004,459.0,
CXUALCBEVGLB0401M,ALCBEVG,All CUs,2005,426.0,
CXUALCBEVGLB0401M,ALCBEVG,All CUs,2006,497.0,
CXUALCBEVGLB0401M,ALCBEVG,All CUs,2007,457.0,
CXUALCBEVGLB0401M,ALCBEVG,All CUs,2008,444.0,
CXUALCBEVGLB0401M,ALCBEVG,All CUs,2009,435.0,
CXUALCBEVGLB0401M,ALCBEVG,All CUs,2010,412.0,
CXUALCBEVGLB0401M,ALCBEVG,All CUs,2011,456.0,
CXUALCBEVGLB0401M,ALCBEVG,All CUs,2012,451.0,
CXUALCBEVGLB0401M,ALCBEVG,All CUs,2013,445.0,
CXUALCBEVGLB0401M,ALCBEVG,All CUs,2014,463.0,
CXUALCBEVGLB0401M,ALCBEVG,All CUs,2015,515.0,
CXUALCBEVGLB0401M,ALCBEVG,All CUs,2016,484.0,
CXUALCBEVGLB0401M,ALCBEVG,All CUs,2017,558.0,
CXUALCBEVGLB0401M,ALCBEVG,All CUs,2018,583.0,
CXUALCBEVGLB0401M,ALCBEVG,All CUs,2019,579.0,
CXUALCBEVGLB0401M,ALCBEVG,All CUs,2020,478.0,
CXUALCBEVGLB0401M,ALCBEVG,All CUs,2021,554.0,
CXUALCBEVGLB0401M,ALCBEVG,All CUs,2022,583.0,
CXUALCBEVGLB0401M,ALCBEVG,All CUs,2023,637.0,
CXUALCBEVGLB0401M,ALCBEVG,All CUs,2024,643.0,
CXUALCBEVGLB0402M,ALCBEVG,Under 25,1984,263.0,
CXUALCBEVGLB0402M,ALCBEVG,Under 25,1985,336.0,
CXUALCBEVGLB0402M,ALCBEVG,Under 25,1986,296.0,
CXUALCBEVGLB0402M,ALCBEVG,Under 25,1987,310.0,
CXUALCBEVGLB0402M,ALCBEVG,Under 25,1988,312.0,
CXUALCBEVGLB0402M,ALCBEVG,Under 25,1989,310.0,
CXUALCBEVGLB0402M,ALCBEVG,Under 25,1990,318.0,
CXUALCBEVGLB0402M,ALCBEVG,Under 25,1991,252.0,
CXUALCBEVGLB0402M,ALCBEVG,Under 25,1992,356.0,
CXUALCBEVGLB0402M,ALCBEVG,Under 25,1993,304.0,
CXUALCBEVGLB0402M,ALCBEVG,Under 25,1994,247.0,
CXUALCBEVGLB0402M,ALCBEVG,Under 25,1995,277.0,
CXUALCBEVGLB0402M,ALCBEVG,Under 25,1996,258.0,
CXUALCBEVGLB0402M,ALCBEVG,Under 25,1997,253.0,
CXUALCBEVGLB0402M,ALCBEVG,Under 25,1998,311.0,
CXUALCBEVGLB0402M,ALCBEVG,Under 25,1999,369.0,
CXUALCBEVGLB0402M,ALCBEVG,Under 25,2000,392.0,
CXUALCBEVGLB0402M,ALCBEVG,Under 25,2001,379.0,
CXUALCBEVGLB0402M,ALCBEVG,Under 25,2002,394.0,
CXUALCBEVGLB0402M,ALCBEVG,Under 25,2003,509.0,
CXUALCBEVGLB0402M,ALCBEVG,Under 25,2004,503.0,
CXUALCBEVGLB0402M,ALCBEVG,Under 25,2005,401.0,
CXUALCBEVGLB0402M,ALCBEVG,Under 25,2006,473.0,
CXUALCBEVGLB0402M,ALCBEVG,Under 25,2007,461.0,
CXUALCBEVGLB0402M,ALCBEVG,Under 25,2008,448.0,
CXUALCBEVGLB0402M,ALCBEVG,Under 25,2009,344.0,
CXUALCBEVGLB0402M,ALCBEVG,Under 25,2010,406.0,
CXUALCBEVGLB0402M,ALCBEVG,Under 25,2011,418.0,
CXUALCBEVGLB0402M,ALCBEVG,Under 25,2012,354.0,
CXUALCBEVGLB0402M,ALCBEVG,Under 25,2013,379.0,
CXUALCBEVGLB0402M,ALCBEVG,Under 25,2014,303.0,
CXUALCBEVGLB0402M,ALCBEVG,Under 25,2015,250.0,
CXUALCBEVGLB0402M,ALCBEVG,Under 25,2016,230.0,
CXUALCBEVGLB0402M,ALCBEVG,Under 25,2017,317.0,
CXUALCBEVGLB0402M,ALCBEVG,Under 25,2018,271.0,
CXUALCBEVGLB0402M,ALCBEVG,Under 25,2019,327.0,
CXUALCBEVGLB0402M,ALCBEVG,Under 25,2020,225.0,6
CXUALCBEVGLB0402M,ALCBEVG,Under 25,2021,346.0,
CXUALCBEVGLB0402M,ALCBEVG,Under 25,2022,394.0,
CXUALCBEVGLB0402M,ALCBEVG,Under 25,2023,329.0,
CXUALCBEVGLB0402M,ALCBEVG,Under 25,2024,382.0,
CXUAPPARELLB0403M,APPAREL,25-34,1984,1370.0,
CXUAPPARELLB0403M,APPAREL,25-34,1985,1335.0,
CXUAPPARELLB0403M,APPAREL,25-34,1986,1426.0,
CXUAPPARELLB0403M,APPAREL,25-34,1987,1442.0,
CXUAPPARELLB0403M,APPAREL,25-34,1988,1504.0,
CXUAPPARELLB0403M,APPAREL,25-34,1989,1553.0,
CXUAPPARELLB0403M,APPAREL,25-34,1990,1571.0,
CXUAPPARELLB0403M,APPAREL,25-34,1991,1722.0,
CXUAPPARELLB0403M,APPAREL,25-34,1992,1842.0,
CXUAPPARELLB0403M,APPAREL,25-34,1993,1752.0,
CXUAPPARELLB0403M,APPAREL,25-34,1994,1748.0,
CXUAPPARELLB0403M,APPAREL,25-34,1995,1907.0,
CXUAPPARELLB0403M,APPAREL,25-34,1996,1879.0,
CXUAPPARELLB0403M,APPAREL,25-34,1997,1957.0,
CXUAPPARELLB0403M,APPAREL,25-34,1998,1781.0,
CXUAPPARELLB0403M,APPAREL,25-34,1999,2047.0,
CXUAPPARELLB0403M,APPAREL,25-34,2000,2059.0,
CXUAPPARELLB0403M,APPAREL,25-34,2001,1922.0,
CXUAPPARELLB0403M,APPAREL,25-34,2002,1989.0,
CXUAPPARELLB0403M,APPAREL,25-34,2003,1849.0,
CXUAPPARELLB0403M,APPAREL,25-34,2004,2134.0,
CXUAPPARELLB0403M,APPAREL,25-34,2005,2082.0,
CXUAPPARELLB0403M,APPAREL,25-34,2006,2152.0,
CXUAPPARELLB0403M,APPAREL,25-34,2007,2106.0,
CXUAPPARELLB0403M,APPAREL,25-34,2008,1965.0,
CXUAPPARELLB0403M,APPAREL,25-34,2009,1871.0,
CXUAPPARELLB0403M,APPAREL,25-34,2010,2087.0,
CXUAPPARELLB0403M,APPAREL,25-34,2011,1818.0,
CXUAPPARELLB0403M,APPAREL,25-34,2012,2061.0,
CXUAPPARELLB0403M,APPAREL,25-34,2013,1832.0,
CXUAPPARELLB0403M,APPAREL,25-34,2014,1914.0,
CXUAPPARELLB0403M,APPAREL,25-34,2015,1864.0,
CXUAPPARELLB0403M,APPAREL,25-34,2016,1942.0,
CXUAPPARELLB0403M,APPAREL,25-34,2017,2042.0,
CXUAPPARELLB0403M,APPAREL,25-34,2018,2126.0,
CXUAPPARELLB0403M,APPAREL,25-34,2019,1878.0,
CXUAPPARELLB0403M,APPAREL,25-34,2020,1703.0,
CXUAPPARELLB0403M,APPAREL,25-34,2021,2023.0,
CXUAPPARELLB0403M,APPAREL,25-34,2022,2249.0,
CXUAPPARELLB0403M,APPAREL,25-34,2023,2083.0,
CXUAPPARELLB0403M,APPAREL,25-34,2024,2220.0,
CXUAPPARELLB0404M,APPAREL,35-44,1984,1889.0,
CXUAPPARELLB0404M,APPAREL,35-44,1985,1940.0,
CXUAPPARELLB0404M,APPAREL,35-44,1986,1904.0,
CXUAPPARELLB0404M,APPAREL,35-44,1987,2006.0,
CXUAPPARELLB0404M,APPAREL,35-44,1988,2015.0,
CXUAPPARELLB0404M,APPAREL,35-44,1989,2147.0,
CXUAPPARELLB0404M,APPAREL,35-44,1990,2312.0,
CXUAPPARELLB0404M,APPAREL,35-44,1991,2347.0,
CXUAPPARELLB0404M,APPAREL,35-44,1992,2210.0,
CXUAPPARELLB0404M,APPAREL,35-44,1993,2071.0,
CXUAPPARELLB0404M,APPAREL,35-44,1994,2054.0,
CXUAPPARELLB0404M,APPAREL,35-44,1995,2079.0,
CXUAPPARELLB0404M,APPAREL,35-44,1996,2086.0,
CXUAPPARELLB0404M,APPAREL,35-44,1997,2062.0,
CXUAPPARELLB0404M,APPAREL,35-44,1998,2193.0,
CXUAPPARELLB0404M,APPAREL,35-44,1999,2053.0,
CXUAPPARELLB0404M,APPAREL,35-44,2000,2323.0,
CXUAPPARELLB0404M,APPAREL,35-44,2001,2110.0,
CXUAPPARELLB0404M,APPAREL,35-44,2002,2101.0,
CXUAPPARELLB0404M,APPAREL,35-44,2003,2091.0,
CXUAPPARELLB0404M,APPAREL,35-44,2004,2142.0,
CXUAPPARELLB0404M,APPAREL,35-44,2005,2365.0,
CXUAPPARELLB0404M,APPAREL,35-44,2006,2368.0,
CXUAPPARELLB0404M,APPAREL,35-44,2007,2335.0,
CXUAPPARELLB0404M,APPAREL,35-44,2008,2235.0,
CXUAPPARELLB0404M,APPAREL,35-44,2009,2346.0,
CXUAPPARELLB0404M,APPAREL,35-44,2010,2040.0,
CXUAPPARELLB0404M,APPAREL,35-44,2011,2227.0,
CXUAPPARELLB0404M,APPAREL,35-44,2012,2264.0,
CXUAPPARELLB0404M,APPAREL,35-44,2013,1960.0,
CXUAPPARELLB0404M,APPAREL,35-44,2014,2250.0,
CXUAPPARELLB0404M,APPAREL,35-44,2015,2584.0,
CXUAPPARELLB0404M,APPAREL,35-44,2016,2508.0,
CXUAPPARELLB0404M,APPAREL,35-44,2017,2377.0,
CXUAPPARELLB0404M,APPAREL,35-44,2018,2421.0,
CXUAPPARELLB0404M,APPAREL,35-44,2019,2488.0,
CXUAPPARELLB0404M,APPAREL,35-44,2020,2010.0,
CXUAPPARELLB0404M,APPAREL,35-44,2021,2302.0,
CXUAPPARELLB0404M,APPAREL,35-44,2022,2632.0,
CXUAPPARELLB0404M,APPAREL,35-44,2023,2959.0,
CXUAPPARELLB0404M,APPAREL,35-44,2024,2649.0,
CXUAPPARELLB0405M,APPAREL,45-54,1984,1621.0,
CXUAPPARELLB0405M,APPAREL,45-54,1985,1900.0,
CXUAPPARELLB0405M,APPAREL,45-54,1986,1876.0,
CXUAPPARELLB0405M,APPAREL,45-54,1987,1943.0,
CXUAPPARELLB0405M,APPAREL,45-54,1988,2112.0,
CXUAPPARELLB0405M,APPAREL,45-54,1989,2011.0,
CXUAPPARELLB0405M,APPAREL,45-54,1990,2166.0,
CXUAPPARELLB0405M,APPAREL,45-54,1991,2245.0,
CXUAPPARELLB0405M,APPAREL,45-54,1992,2245.0,
CXUAPPARELLB0405M,APPAREL,45-54,1993,2200.0,
CXUAPPARELLB0405M,APPAREL,45-54,1994,2262.0,
CXUAPPARELLB0405M,APPAREL,45-54,1995,2088.0,
CXUAPPARELLB0405M,APPAREL,45-54,1996,2448.0,
CXUAPPARELLB0405M,APPAREL,45-54,1997,2107.0,
CXUAPPARELLB0405M,APPAREL,45-54,1998,2199.0,
CXUAPPARELLB0405M,APPAREL,45-54,1999,2048.0,
CXUAPPARELLB0405M,APPAREL,45-54,2000,2371.0,
CXUAPPARELLB0405M,APPAREL,45-54,2001,2337.0,
CXUAPPARELLB0405M,APPAREL,45-54,2002,2029.0,
CXUAPPARELLB0405M,APPAREL,45-54,2003,1953.0,
CXUAPPARELLB0405M,APPAREL,45-54,2004,2217.0,
CXUAPPARELLB0405M,APPAREL,45-54,2005,2318.0,
CXUAPPARELLB0405M,APPAREL,45-54,2006,2176.0,
CXUAPPARELLB0405M,APPAREL,45-54,2007,2191.0,
CXUAPPARELLB0405M,APPAREL,45-54,2008,2228.0,
CXUAPPARELLB0405M,APPAREL,45-54,2009,1885.0,
CXUAPPARELLB0405M,APPAREL,45-54,2010,1966.0,
CXUAPPARELLB0405M,APPAREL,45-54,2011,1978.0,
CXUAPPARELLB0405M,APPAREL,45-54,2012,2041.0,
CXUAPPARELLB0405M,APPAREL,45-54,2013,1826.0,
CXUAPPARELLB0405M,APPAREL,45-54,2014,2247.0,
CXUAPPARELLB0405M,APPAREL,45-54,2015,2605.0,
CXUAPPARELLB0405M,APPAREL,45-54,2016,2332.0,
CXUAPPARELLB0405M,APPAREL,45-54,2017,2308.0,
CXUAPPARELLB0405M,APPAREL,45-54,2018,2325.0,
CXUAPPARELLB0405M,APPAREL,45-54,2019,2380.0,
CXUAPPARELLB0405M,APPAREL,45-54,2020,1884.0,
CXUAPPARELLB0405M,APPAREL,45-54,2021,2252.0,
CXUAPPARELLB0405M,APPAREL,45-54,2022,2600.0,
CXUAPPARELLB0405M,APPAREL,45-54,2023,2574.0,
CXUAPPARELLB0405M,APPAREL,45-54,2024,2547.0,
CXUAPPARELLB0406M,APPAREL,55-64,1984,1337.0,
CXUAPPARELLB0406M,APPAREL,55-64,1985,1554.0,
CXUAPPARELLB0406M,APPAREL,55-64,1986,1340.0,
CXUAPPARELLB0406M,APPAREL,55-64,1987,1392.0,
CXUAPPARELLB0406M,APPAREL,55-64,1988,1355.0,
CXUAPPARELLB0406M,APPAREL,55-64,1989,1579.0,
CXUAPPARELLB0406M,APPAREL,55-64,1990,1560.0,
CXUAPPARELLB0406M,APPAREL,55-64,1991,1622.0,
CXUAPPARELLB0406M,APPAREL,55-64,1992,1631.0,
CXUAPPARELLB0406M,APPAREL,55-64,1993,1695.0,
CXUAPPARELLB0406M,APPAREL,55-64,1994,1586.0,
CXUAPPARELLB0406M,APPAREL,55-64,1995,1835.0,
CXUAPPARELLB0406M,APPAREL,55-64,1996,1600.0,
CXUAPPARELLB0406M,APPAREL,55-64,1997,1656.0,
CXUAPPARELLB0406M,APPAREL,55-64,1998,1498.0,
CXUAPPARELLB0406M,APPAREL,55-64,1999,1722.0,
CXUAPPARELLB0406M,APPAREL,55-64,2000,1694.0,
CXUAPPARELLB0406M,APPAREL,55-64,2001,1575.0,
CXUAPPARELLB0406M,APPAREL,55-64,2002,1791.0,
CXUAPPARELLB0406M,APPAREL,55-64,2003,1562.0,
CXUAPPARELLB0406M,APPAREL,55-64,2004,1863.0,
CXUAPPARELLB0406M,APPAREL,55-64,2005,1784.0,
CXUAPPARELLB0406M,APPAREL,55-64,2006,1892.0,
CXUAPPARELLB0406M,APPAREL,55-64,2007,1888.0,
CXUAPPARELLB0406M,APPAREL,55-64,2008,1622.0,
CXUAPPARELLB0406M,APPAREL,55-64,2009,1591.0,
CXUAPPARELLB0406M,APPAREL,55-64,2010,1571.0,
CXUAPPARELLB0406M,APPAREL,55-64,2011,1719.0,
CXUAPPARELLB0406M,APPAREL,55-64,2012,1622.0,
CXUAPPARELLB0406M,APPAREL,55-64,2013,1563.0,
CXUAPPARELLB0406M,APPAREL,55-64,2014,1789.0,
CXUAPPARELLB0406M,APPAREL,55-64,2015,1596.0,
CXUAPPARELLB0406M,APPAREL,55-64,2016,1661.0,
CXUAPPARELLB0406M,APPAREL,55-64,2017,1720.0,
CXUAPPARELLB0406M,APPAREL,55-64,2018,1837.0,
CXUAPPARELLB0406M,APPAREL,55-64,2019,1828.0,
CXUAPPARELLB0406M,APPAREL,55-64,2020,1208.0,
CXUAPPARELLB0406M,APPAREL,55-64,2021,1742.0,
CXUAPPARELLB0406M,APPAREL,55-64,2022,1830.0,
CXUAPPARELLB0406M,APPAREL,55-64,2023,1927.0,
CXUAPPARELLB0406M,APPAREL,55-64,2024,2032.0,
CXUAPPARELLB0407M,APPAREL,65+,1988,763.0,
CXUAPPARELLB0407M,APPAREL,65+,1989,902.0,
CXUAPPARELLB0407M,APPAREL,65+,1990,768.0,
CXUAPPARELLB0407M,APPAREL,65+,1991,1002.0,
CXUAPPARELLB0407M,APPAREL,65+,1992,882.0,
CXUAPPARELLB0407M,APPAREL,65+,1993,937.0,
CXUAPPARELLB0407M,APPAREL,65+,1994,873.0,
CXUAPPARELLB0407M,APPAREL,65+,1995,875.0,
CXUAPPARELLB0407M,APPAREL,65+,1996,939.0,
CXUAPPARELLB0407M,APPAREL,65+,1997,1045.0,
CXUAPPARELLB0407M,APPAREL,65+,1998,820.0,
CXUAPPARELLB0407M,APPAREL,65+,1999,1070.0,
CXUAPPARELLB0407M,APPAREL,65+,2000,925.0,
CXUAPPARELLB0407M,APPAREL,65+,2001,891.0,
CXUAPPARELLB0407M,APPAREL,65+,2002,972.0,
CXUAPPARELLB0407M,APPAREL,65+,2003,908.0,
CXUAPPARELLB0407M,APPAREL,65+,2004,907.0,
CXUAPPARELLB0407M,APPAREL,65+,2005,957.0,
CXUAPPARELLB0407M,APPAREL,65+,2006,930.0,
CXUAPPARELLB0407M,APPAREL,65+,2007,1040.0,
CXUAPPARELLB0407M,APPAREL,65+,2008,1092.0,
CXUAPPARELLB0407M,APPAREL,65+,2009,1068.0,
CXUAPPARELLB0407M,APPAREL,65+,2010,964.0,
CXUAPPARELLB0407M,APPAREL,65+,2011,1129.0,
CXUAPPARELLB0407M,APPAREL,65+,2012,1022.0,
CXUAPPARELLB0407M,APPAREL,65+,2013,1022.0,
CXUAPPARELLB0407M,APPAREL,65+,2014,1101.0,
CXUAPPARELLB0407M,APPAREL,65+,2015,1060.0,
CXUAPPARELLB0407M,APPAREL,65+,2016,1070.0,
CXUAPPARELLB0407M,APPAREL,65+,2017,1193.0,
CXUAPPARELLB0407M,APPAREL,65+,2018,1207.0,
CXUAPPARELLB0407M,APPAREL,65+,2019,1305.0,
CXUAPPARELLB0407M,APPAREL,65+,2020,821.0,
CXUAPPARELLB0407M,APPAREL,65+,2021,986.0,
CXUAPPARELLB0407M,APPAREL,65+,2022,1130.0,
CXUAPPARELLB0407M,APPAREL,65+,2023,1287.0,
CXUAPPARELLB0407M,APPAREL,65+,2024,1198.0,
CXUAPPARELLB0408M,APPAREL,65-74,1984,882.0,
CXUAPPARELLB0408M,APPAREL,65-74,1985,1060.0,
CXUAPPARELLB0408M,APPAREL,65-74,1986,751.0,
CXUAPPARELLB0408M,APPAREL,65-74,1987,1035.0,
CXUAPPARELLB0408M,APPAREL,65-74,1988,977.0,
CXUAPPARELLB0408M,APPAREL,65-74,1989,1138.0,
CXUAPPARELLB0408M,APPAREL,65-74,1990,972.0,
CXUAPPARELLB0408M,APPAREL,65-74,1991,1270.0,
CXUAPPARELLB0408M,APPAREL,65-74,1992,1017.0,
CXUAPPARELLB0408M,APPAREL,65-74,1993,1165.0,
CXUAPPARELLB0408M,APPAREL,65-74,1994,1056.0,
CXUAPPARELLB0408M,APPAREL,65-74,1995,1115.0,
CXUAPPARELLB0408M,APPAREL,65-74,1996,1247.0,
CXUAPPARELLB0408M,APPAREL,65-74,1997,1302.0,
CXUAPPARELLB0408M,APPAREL,65-74,1998,1041.0,
CXUAPPARELLB0408M,APPAREL,65-74,1999,1235.0,
CXUAPPARELLB0408M,APPAREL,65-74,2000,1130.0,
CXUAPPARELLB0408M,APPAREL,65-74,2001,1151.0,
CXUAPPARELLB0408M,APPAREL,65-74,2002,1252.0,
CXUAPPARELLB0408M,APPAREL,65-74,2003,1190.0,
CXUAPPARELLB0408M,APPAREL,65-74,2004,1200.0,
CXUAPPARELLB0408M,APPAREL,65-74,2005,1313.0,
CXUAPPARELLB0408M,APPAREL,65-74,2006,1212.0,
CXUAPPARELLB0408M,APPAREL,65-74,2007,1323.0,
CXUAPPARELLB0408M,APPAREL,65-74,2008,1381.0,
CXUAPPARELLB0408M,APPAREL,65-74,2009,1322.0,
CXUAPPARELLB0408M,APPAREL,65-74,2010,1186.0,
CXUAPPARELLB0408M,APPAREL,65-74,2011,1195.0,
CXUAPPARELLB0408M,APPAREL,65-74,2012,1287.0,
CXUAPPARELLB0408M,APPAREL,65-74,2013,1222.0,
CXUAPPARELLB0408M,APPAREL,65-74,2014,1417.0,
CXUAPPARELLB0408M,APPAREL,65-74,2015,1331.0,
CXUAPPARELLB0408M,APPAREL,65-74,2016,1265.0,
CXUAPPARELLB0408M,APPAREL,65-74,2017,1420.0,
CXUAPPARELLB0408M,APPAREL,65-74,2018,1460.0,
CXUAPPARELLB0408M,APPAREL,65-74,2019,1497.0,
CXUAPPARELLB0408M,APPAREL,65-74,2020,960.0,
CXUAPPARELLB0408M,APPAREL,65-74,2021,1157.0,
CXUAPPARELLB0408M,APPAREL,65-74,2022,1357.0,
CXUAPPARELLB0408M,APPAREL,65-74,2023,1520.0,
CXUAPPARELLB0408M,APPAREL,65-74,2024,1377.0,
CXUAPPARELLB0409M,APPAREL,75+,1984,431.0,
CXUAPPARELLB0409M,APPAREL,75+,1985,490.0,
CXUAPPARELLB0409M,APPAREL,75+,1986,457.0,
CXUAPPARELLB0409M,APPAREL,75+,1987,545.0,
CXUAPPARELLB0409M,APPAREL,75+,1988,451.0,
CXUAPPARELLB0409M,APPAREL,75+,1989,576.0,
CXUAPPARELLB0409M,APPAREL,75+,1990,489.0,
CXUAPPARELLB0409M,APPAREL,75+,1991,638.0,
CXUAPPARELLB0409M,APPAREL,75+,1992,709.0,
CXUAPPARELLB0409M,APPAREL,75+,1993,636.0,
CXUAPPARELLB0409M,APPAREL,75+,1994,635.0,
CXUAPPARELLB0409M,APPAREL,75+,1995,583.0,
CXUAPPARELLB0409M,APPAREL,75+,1996,573.0,
CXUAPPARELLB0409M,APPAREL,75+,1997,735.0,
CXUAPPARELLB0409M,APPAREL,75+,1998,550.0,
CXUAPPARELLB0409M,APPAREL,75+,1999,901.0,
CXUAPPARELLB0409M,APPAREL,75+,2000,701.0,
CXUAPPARELLB0409M,APPAREL,75+,2001,611.0,
CXUAPPARELLB0409M,APPAREL,75+,2002,674.0,
CXUAPPARELLB0409M,APPAREL,75+,2003,611.0,
CXUAPPARELLB0409M,APPAREL,75+,2004,604.0,
CXUAPPARELLB0409M,APPAREL,75+,2005,584.0,
CXUAPPARELLB0409M,APPAREL,75+,2006,639.0,
CXUAPPARELLB0409M,APPAREL,75+,2007,732.0,
CXUAPPARELLB0409M,APPAREL,75+,2008,755.0,
CXUAPPARELLB0409M,APPAREL,75+,2009,793.0,
CXUAPPARELLB0409M,APPAREL,75+,2010,708.0,
CXUAPPARELLB0409M,APPAREL,75+,2011,1052.0,
CXUAPPARELLB0409M,APPAREL,75+,2012,691.0,
CXUAPPARELLB0409M,APPAREL,75+,2013,768.0,
CXUAPPARELLB0409M,APPAREL,75+,2014,683.0,
CXUAPPARELLB0409M,APPAREL,75+,2015,698.0,
CXUAPPARELLB0409M,APPAREL,75+,2016,807.0,
CXUAPPARELLB0409M,APPAREL,75+,2017,866.0,
CXUAPPARELLB0409M,APPAREL,75+,2018,842.0,
CXUAPPARELLB0409M,APPAREL,75+,2019,1035.0,
CXUAPPARELLB0409M,APPAREL,75+,2020,617.0,
CXUAPPARELLB0409M,APPAREL,75+,2021,737.0,
CXUAPPARELLB0409M,APPAREL,75+,2022,801.0,
CXUAPPARELLB0409M,APPAREL,75+,2023,958.0,
CXUAPPARELLB0409M,APPAREL,75+,2024,942.0,
CXUAPPARELLB0401M,APPAREL,All CUs,1984,1319.0,
CXUAPPARELLB0401M,APPAREL,All CUs,1985,1420.0,
CXUAPPARELLB0401M,APPAREL,All CUs,1986,1346.0,
CXUAPPARELLB0401M,APPAREL,All CUs,1987,1446.0,
CXUAPPARELLB0401M,APPAREL,All CUs,1988,1489.0,
CXUAPPARELLB0401M,APPAREL,All CUs,1989,1582.0,
CXUAPPARELLB0401M,APPAREL,All CUs,1990,1618.0,
CXUAPPARELLB0401M,APPAREL,All CUs,1991,1735.0,
CXUAPPARELLB0401M,APPAREL,All CUs,1992,1710.0,
CXUAPPARELLB0401M,APPAREL,All CUs,1993,1676.0,
CXUAPPARELLB0401M,APPAREL,All CUs,1994,1644.0,
CXUAPPARELLB0401M,APPAREL,All CUs,1995,1704.0,
CXUAPPARELLB0401M,APPAREL,All CUs,1996,1752.0,
CXUAPPARELLB0401M,APPAREL,All CUs,1997,1729.0,
CXUAPPARELLB0401M,APPAREL,All CUs,1998,1674.0,
CXUAPPARELLB0401M,APPAREL,All CUs,1999,1743.0,
CXUAPPARELLB0401M,APPAREL,All CUs,2000,1856.0,
CXUAPPARELLB0401M,APPAREL,All CUs,2001,1743.0,
CXUAPPARELLB0401M,APPAREL,All CUs,2002,1749.0,
CXUAPPARELLB0401M,APPAREL,All CUs,2003,1640.0,
CXUAPPARELLB0401M,APPAREL,All CUs,2004,1816.0,
CXUAPPARELLB0401M,APPAREL,All CUs,2005,1886.0,
CXUAPPARELLB0401M,APPAREL,All CUs,2006,1874.0,
CXUAPPARELLB0401M,APPAREL,All CUs,2007,1881.0,
CXUAPPARELLB0401M,APPAREL,All CUs,2008,1801.0,
CXUAPPARELLB0401M,APPAREL,All CUs,2009,1725.0,
CXUAPPARELLB0401M,APPAREL,All CUs,2010,1700.0,
CXUAPPARELLB0401M,APPAREL,All CUs,2011,1740.0,
CXUAPPARELLB0401M,APPAREL,All CUs,2012,1736.0,
CXUAPPARELLB0401M,APPAREL,All CUs,2013,1604.0,
CXUAPPARELLB0401M,APPAREL,All CUs,2014,1786.0,
CXUAPPARELLB0401M,APPAREL,All CUs,2015,1846.0,
CXUAPPARELLB0401M,APPAREL,All CUs,2016,1803.0,
CXUAPPARELLB0401M,APPAREL,All CUs,2017,1833.0,
CXUAPPARELLB0401M,APPAREL,All CUs,2018,1866.0,
CXUAPPARELLB0401M,APPAREL,All CUs,2019,1883.0,
CXUAPPARELLB0401M,APPAREL,All CUs,2020,1434.0,
CXUAPPARELLB0401M,APPAREL,All CUs,2021,1754.0,
CXUAPPARELLB0401M,APPAREL,All CUs,2022,1945.0,
CXUAPPARELLB0401M,APPAREL,All CUs,2023,2041.0,
CXUAPPARELLB0401M,APPAREL,All CUs,2024,2001.0,
CXUAPPARELLB0402M,APPAREL,Under 25,1984,937.0,
CXUAPPARELLB0402M,APPAREL,Under 25,1985,912.0,
CXUAPPARELLB0402M,APPAREL,Under 25,1986,833.0,
CXUAPPARELLB0402M,APPAREL,Under 25,1987,887.0,
CXUAPPARELLB0402M,APPAREL,Under 25,1988,1042.0,
CXUAPPARELLB0402M,APPAREL,Under 25,1989,1137.0,
CXUAPPARELLB0402M,APPAREL,Under 25,1990,1034.0,
CXUAPPARELLB0402M,APPAREL,Under 25,1991,1201.0,
CXUAPPARELLB0402M,APPAREL,Under 25,1992,1267.0,
CXUAPPARELLB0402M,APPAREL,Under 25,1993,1198.0,
CXUAPPARELLB0402M,APPAREL,Under 25,1994,1107.0,
CXUAPPARELLB0402M,APPAREL,Under 25,1995,1207.0,
CXUAPPARELLB0402M,APPAREL,Under 25,1996,1220.0,
CXUAPPARELLB0402M,APPAREL,Under 25,1997,1247.0,
CXUAPPARELLB0402M,APPAREL,Under 25,1998,1134.0,
CXUAPPARELLB0402M,APPAREL,Under 25,1999,1192.0,
CXUAPPARELLB0402M,APPAREL,Under 25,2000,1420.0,
CXUAPPARELLB0402M,APPAREL,Under 25,2001,1197.0,
CXUAPPARELLB0402M,APPAREL,Under 25,2002,1365.0,
CXUAPPARELLB0402M,APPAREL,Under 25,2003,1117.0,
CXUAPPARELLB0402M,APPAREL,Under 25,2004,1371.0,
CXUAPPARELLB0402M,APPAREL,Under 25,2005,1577.0,
CXUAPPARELLB0402M,APPAREL,Under 25,2006,1464.0,
CXUAPPARELLB0402M,APPAREL,Under 25,2007,1477.0,
CXUAPPARELLB0402M,APPAREL,Under 25,2008,1351.0,
CXUAPPARELLB0402M,APPAREL,Under 25,2009,1396.0,
CXUAPPARELLB0402M,APPAREL,Under 25,2010,1559.0,
CXUAPPARELLB0402M,APPAREL,Under 25,2011,1448.0,
CXUAPPARELLB0402M,APPAREL,Under 25,2012,1246.0,
CXUAPPARELLB0402M,APPAREL,Under 25,2013,1513.0,
CXUAPPARELLB0402M,APPAREL,Under 25,2014,1285.0,
CXUAPPARELLB0402M,APPAREL,Under 25,2015,1271.0,
CXUAPPARELLB0402M,APPAREL,Under 25,2016,1216.0,
CXUAPPARELLB0402M,APPAREL,Under 25,2017,1315.0,
CXUAPPARELLB0402M,APPAREL,Under 25,2018,1128.0,
CXUAPPARELLB0402M,APPAREL,Under 25,2019,1407.0,
CXUAPPARELLB0402M,APPAREL,Under 25,2020,1164.0,6
CXUAPPARELLB0402M,APPAREL,Under 25,2021,1488.0,
CXUAPPARELLB0402M,APPAREL,Under 25,2022,1184.0,
CXUAPPARELLB0402M,APPAREL,Under 25,2023,1418.0,
CXUAPPARELLB0402M,APPAREL,Under 25,2024,1541.0,
CXUCASHCONTLB0403M,CASHCONT,25-34,1984,354.0,
CXUCASHCONTLB0403M,CASHCONT,25-34,1985,338.0,
CXUCASHCONTLB0403M,CASHCONT,25-34,1986,344.0,
CXUCASHCONTLB0403M,CASHCONT,25-34,1987,386.0,
CXUCASHCONTLB0403M,CASHCONT,25-34,1988,375.0,
CXUCASHCONTLB0403M,CASHCONT,25-34,1989,500.0,
CXUCASHCONTLB0403M,CASHCONT,25-34,1990,411.0,
CXUCASHCONTLB0403M,CASHCONT,25-34,1991,438.0,
CXUCASHCONTLB0403M,CASHCONT,25-34,1992,428.0,
CXUCASHCONTLB0403M,CASHCONT,25-34,1993,465.0,
CXUCASHCONTLB0403M,CASHCONT,25-34,1994,381.0,
CXUCASHCONTLB0403M,CASHCONT,25-34,1995,456.0,
CXUCASHCONTLB0403M,CASHCONT,25-34,1996,461.0,
CXUCASHCONTLB0403M,CASHCONT,25-34,1997,484.0,
CXUCASHCONTLB0403M,CASHCONT,25-34,1998,673.0,
CXUCASHCONTLB0403M,CASHCONT,25-34,1999,585.0,
CXUCASHCONTLB0403M,CASHCONT,25-34,2000,648.0,
CXUCASHCONTLB0403M,CASHCONT,25-34,2001,771.0,
CXUCASHCONTLB0403M,CASHCONT,25-34,2002,743.0,
CXUCASHCONTLB0403M,CASHCONT,25-34,2003,754.0,
CXUCASHCONTLB0403M,CASHCONT,25-34,2004,815.0,
CXUCASHCONTLB0403M,CASHCONT,25-34,2005,1080.0,
CXUCASHCONTLB0403M,CASHCONT,25-34,2006,1070.0,
CXUCASHCONTLB0403M,CASHCONT,25-34,2007,1027.0,
CXUCASHCONTLB0403M,CASHCONT,25-34,2008,1036.0,
CXUCASHCONTLB0403M,CASHCONT,25-34,2009,1001.0,
CXUCASHCONTLB0403M,CASHCONT,25-34,2010,1074.0,
CXUCASHCONTLB0403M,CASHCONT,25-34,2011,1130.0,
CXUCASHCONTLB0403M,CASHCONT,25-34,2012,1104.0,
CXUCASHCONTLB0403M,CASHCONT,25-34,2013,970.0,
CXUCASHCONTLB0403M,CASHCONT,25-34,2014,1066.0,
CXUCASHCONTLB0403M,CASHCONT,25-34,2015,874.0,
CXUCASHCONTLB0403M,CASHCONT,25-34,2016,1070.0,
CXUCASHCONTLB0403M,CASHCONT,25-34,2017,949.0,
CXUCASHCONTLB0403M,CASHCONT,25-34,2018,828.0,
CXUCASHCONTLB0403M,CASHCONT,25-34,2019,880.0,
CXUCASHCONTLB0403M,CASHCONT,25-34,2020,833.0,
CXUCASHCONTLB0403M,CASHCONT,25-34,2021,937.0,
CXUCASHCONTLB0403M,CASHCONT,25-34,2022,1003.0,
CXUCASHCONTLB0403M,CASHCONT,25-34,2023,1015.0,
CXUCASHCONTLB0403M,CASHCONT,25-34,2024,1004.0,
CXUCASHCONTLB0404M,CASHCONT,35-44,1984,988.0,
CXUCASHCONTLB0404M,CASHCONT,35-44,1985,814.0,
CXUCASHCONTLB0404M,CASHCONT,35-44,1986,835.0,
CXUCASHCONTLB0404M,CASHCONT,35-44,1987,786.0,
CXUCASHCONTLB0404M,CASHCONT,35-44,1988,806.0,
CXUCASHCONTLB0404M,CASHCONT,35-44,1989,913.0,
CXUCASHCONTLB0404M,CASHCONT,35-44,1990,876.0,
CXUCASHCONTLB0404M,CASHCONT,35-44,1991,1002.0,
CXUCASHCONTLB0404M,CASHCONT,35-44,1992,938.0,
CXUCASHCONTLB0404M,CASHCONT,35-44,1993,811.0,
CXUCASHCONTLB0404M,CASHCONT,35-44,1994,788.0,
CXUCASHCONTLB0404M,CASHCONT,35-44,1995,908.0,
CXUCASHCONTLB0404M,CASHCONT,35-44,1996,937.0,
CXUCASHCONTLB0404M,CASHCONT,35-44,1997,945.0,
CXUCASHCONTLB0404M,CASHCONT,35-44,1998,997.0,
CXUCASHCONTLB0404M,CASHCONT,35-44,1999,1067.0,
CXUCASHCONTLB0404M,CASHCONT,35-44,2000,1003.0,
CXUCASHCONTLB0404M,CASHCONT,35-44,2001,1263.0,
CXUCASHCONTLB0404M,CASHCONT,35-44,2002,1247.0,
CXUCASHCONTLB0404M,CASHCONT,35-44,2003,1256.0,
CXUCASHCONTLB0404M,CASHCONT,35-44,2004,1265.0,
CXUCASHCONTLB0404M,CASHCONT,35-44,2005,1735.0,
CXUCASHCONTLB0404M,CASHCONT,35-44,2006,1707.0,
CXUCASHCONTLB0404M,CASHCONT,35-44,2007,1569.0,
CXUCASHCONTLB0404M,CASHCONT,35-44,2008,1550.0,
CXUCASHCONTLB0404M,CASHCONT,35-44,2009,1581.0,
CXUCASHCONTLB0404M,CASHCONT,35-44,2010,1532.0,
CXUCASHCONTLB0404M,CASHCONT,35-44,2011,1570.0,
CXUCASHCONTLB0404M,CASHCONT,35-44,2012,1469.0,
CXUCASHCONTLB0404M,CASHCONT,35-44,2013,1440.0,
CXUCASHCONTLB0404M,CASHCONT,35-44,2014,1591.0,
CXUCASHCONTLB0404M,CASHCONT,35-44,2015,1664.0,
CXUCASHCONTLB0404M,CASHCONT,35-44,2016,1596.0,
CXUCASHCONTLB0404M,CASHCONT,35-44,2017,1580.0,
CXUCASHCONTLB0404M,CASHCONT,35-44,2018,1681.0,
CXUCASHCONTLB0404M,CASHCONT,35-44,2019,2146.0,
CXUCASHCONTLB0404M,CASHCONT,35-44,2020,1912.0,
CXUCASHCONTLB0404M,CASHCONT,35-44,2021,2216.0,
CXUCASHCONTLB0404M,CASHCONT,35-44,2022,1733.0,
CXUCASHCONTLB0404M,CASHCONT,35-44,2023,1767.0,
CXUCASHCONTLB0404M,CASHCONT,35-44,2024,1595.0,
CXUCASHCONTLB0405M,CASHCONT,45-54,1984,1080.0,
CXUCASHCONTLB0405M,CASHCONT,45-54,1985,1268.0,
CXUCASHCONTLB0405M,CASHCONT,45-54,1986,1201.0,
CXUCASHCONTLB0405M,CASHCONT,45-54,1987,1205.0,
CXUCASHCONTLB0405M,CASHCONT,45-54,1988,957.0,
CXUCASHCONTLB0405M,CASHCONT,45-54,1989,1391.0,
CXUCASHCONTLB0405M,CASHCONT,45-54,1990,1299.0,
CXUCASHCONTLB0405M,CASHCONT,45-54,1991,1340.0,
CXUCASHCONTLB0405M,CASHCONT,45-54,1992,1208.0,
CXUCASHCONTLB0405M,CASHCONT,45-54,1993,1473.0,
CXUCASHCONTLB0405M,CASHCONT,45-54,1994,1436.0,
CXUCASHCONTLB0405M,CASHCONT,45-54,1995,1463.0,
CXUCASHCONTLB0405M,CASHCONT,45-54,1996,1190.0,
CXUCASHCONTLB0405M,CASHCONT,45-54,1997,1431.0,
CXUCASHCONTLB0405M,CASHCONT,45-54,1998,1503.0,
CXUCASHCONTLB0405M,CASHCONT,45-54,1999,1415.0,
CXUCASHCONTLB0405M,CASHCONT,45-54,2000,1537.0,
CXUCASHCONTLB0405M,CASHCONT,45-54,2001,1575.0,
CXUCASHCONTLB0405M,CASHCONT,45-54,2002,1571.0,
CXUCASHCONTLB0405M,CASHCONT,45-54,2003,1651.0,
CXUCASHCONTLB0405M,CASHCONT,45-54,2004,1625.0,
CXUCASHCONTLB0405M,CASHCONT,45-54,2005,2076.0,
CXUCASHCONTLB0405M,CASHCONT,45-54,2006,2118.0,
CXUCASHCONTLB0405M,CASHCONT,45-54,2007,1972.0,
CXUCASHCONTLB0405M,CASHCONT,45-54,2008,2152.0,
CXUCASHCONTLB0405M,CASHCONT,45-54,2009,2056.0,
CXUCASHCONTLB0405M,CASHCONT,45-54,2010,1747.0,
CXUCASHCONTLB0405M,CASHCONT,45-54,2011,1722.0,
CXUCASHCONTLB0405M,CASHCONT,45-54,2012,2430.0,
CXUCASHCONTLB0405M,CASHCONT,45-54,2013,2007.0,
CXUCASHCONTLB0405M,CASHCONT,45-54,2014,2074.0,
CXUCASHCONTLB0405M,CASHCONT,45-54,2015,2395.0,
CXUCASHCONTLB0405M,CASHCONT,45-54,2016,2369.0,
CXUCASHCONTLB0405M,CASHCONT,45-54,2017,2218.0,
CXUCASHCONTLB0405M,CASHCONT,45-54,2018,2221.0,
CXUCASHCONTLB0405M,CASHCONT,45-54,2019,2125.0,
CXUCASHCONTLB0405M,CASHCONT,45-54,2020,2141.0,
CXUCASHCONTLB0405M,CASHCONT,45-54,2021,2521.0,
CXUCASHCONTLB0405M,CASHCONT,45-54,2022,2888.0,
CXUCASHCONTLB0405M,CASHCONT,45-54,2023,2496.0,
CXUCASHCONTLB0405M,CASHCONT,45-54,2024,3315.0,6
CXUCASHCONTLB0406M,CASHCONT,55-64,1984,874.0,
CXUCASHCONTLB0406M,CASHCONT,55-64,1985,1192.0,
CXUCASHCONTLB0406M,CASHCONT,55-64,1986,1049.0,
CXUCASHCONTLB0406M,CASHCONT,55-64,1987,1063.0,
CXUCASHCONTLB0406M,CASHCONT,55-64,1988,1002.0,
CXUCASHCONTLB0406M,CASHCONT,55-64,1989,1149.0,
CXUCASHCONTLB0406M,CASHCONT,55-64,1990,903.0,
CXUCASHCONTLB0406M,CASHCONT,55-64,1991,1386.0,
CXUCASHCONTLB0406M,CASHCONT,55-64,1992,1620.0,
CXUCASHCONTLB0406M,CASHCONT,55-64,1993,1301.0,
CXUCASHCONTLB0406M,CASHCONT,55-64,1994,1292.0,
CXUCASHCONTLB0406M,CASHCONT,55-64,1995,1043.0,
CXUCASHCONTLB0406M,CASHCONT,55-64,1996,1353.0,
CXUCASHCONTLB0406M,CASHCONT,55-64,1997,1208.0,
CXUCASHCONTLB0406M,CASHCONT,55-64,1998,1252.0,
CXUCASHCONTLB0406M,CASHCONT,55-64,1999,1750.0,
CXUCASHCONTLB0406M,CASHCONT,55-64,2000,1301.0,
CXUCASHCONTLB0406M,CASHCONT,55-64,2001,1478.0,
CXUCASHCONTLB0406M,CASHCONT,55-64,2002,1520.0,
CXUCASHCONTLB0406M,CASHCONT,55-64,2003,1568.0,
CXUCASHCONTLB0406M,CASHCONT,55-64,2004,1752.0,
CXUCASHCONTLB0406M,CASHCONT,55-64,2005,1960.0,
CXUCASHCONTLB0406M,CASHCONT,55-64,2006,2266.0,
CXUCASHCONTLB0406M,CASHCONT,55-64,2007,2746.0,
CXUCASHCONTLB0406M,CASHCONT,55-64,2008,2163.0,
CXUCASHCONTLB0406M,CASHCONT,55-64,2009,2092.0,
CXUCASHCONTLB0406M,CASHCONT,55-64,2010,1893.0,
CXUCASHCONTLB0406M,CASHCONT,55-64,2011,2112.0,
CXUCASHCONTLB0406M,CASHCONT,55-64,2012,2353.0,
CXUCASHCONTLB0406M,CASHCONT,55-64,2013,2382.0,
CXUCASHCONTLB0406M,CASHCONT,55-64,2014,1941.0,
CXUCASHCONTLB0406M,CASHCONT,55-64,2015,2066.0,
CXUCASHCONTLB0406M,CASHCONT,55-64,2016,3010.0,6
CXUCASHCONTLB0406M,CASHCONT,55-64,2017,2357.0,
CXUCASHCONTLB0406M,CASHCONT,55-64,2018,2164.0,
CXUCASHCONTLB0406M,CASHCONT,55-64,2019,2372.0,
CXUCASHCONTLB0406M,CASHCONT,55-64,2020,3161.0,
CXUCASHCONTLB0406M,CASHCONT,55-64,2021,2861.0,
CXUCASHCONTLB0406M,CASHCONT,55-64,2022,3089.0,
CXUCASHCONTLB0406M,CASHCONT,55-64,2023,3379.0,6
CXUCASHCONTLB0406M,CASHCONT,55-64,2024,2300.0,
CXUCASHCONTLB0407M,CASHCONT,65+,1988,767.0,
CXUCASHCONTLB0407M,CASHCONT,65+,1989,1091.0,
CXUCASHCONTLB0407M,CASHCONT,65+,1990,1026.0,
CXUCASHCONTLB0407M,CASHCONT,65+,1991,1146.0,
CXUCASHCONTLB0407M,CASHCONT,65+,1992,1227.0,
CXUCASHCONTLB0407M,CASHCONT,65+,1993,1292.0,
CXUCASHCONTLB0407M,CASHCONT,65+,1994,1419.0,
CXUCASHCONTLB0407M,CASHCONT,65+,1995,1099.0,
CXUCASHCONTLB0407M,CASHCONT,65+,1996,1216.0,
CXUCASHCONTLB0407M,CASHCONT,65+,1997,1326.0,
CXUCASHCONTLB0407M,CASHCONT,65+,1998,1529.0,
CXUCASHCONTLB0407M,CASHCONT,65+,1999,1627.0,
CXUCASHCONTLB0407M,CASHCONT,65+,2000,1828.0,
CXUCASHCONTLB0407M,CASHCONT,65+,2001,1583.0,
CXUCASHCONTLB0407M,CASHCONT,65+,2002,1679.0,
CXUCASHCONTLB0407M,CASHCONT,65+,2003,1969.0,
CXUCASHCONTLB0407M,CASHCONT,65+,2004,2000.0,
CXUCASHCONTLB0407M,CASHCONT,65+,2005,1889.0,
CXUCASHCONTLB0407M,CASHCONT,65+,2006,2579.0,
CXUCASHCONTLB0407M,CASHCONT,65+,2007,2282.0,
CXUCASHCONTLB0407M,CASHCONT,65+,2008,2156.0,
CXUCASHCONTLB0407M,CASHCONT,65+,2009,2226.0,
CXUCASHCONTLB0407M,CASHCONT,65+,2010,2272.0,
CXUCASHCONTLB0407M,CASHCONT,65+,2011,2392.0,
CXUCASHCONTLB0407M,CASHCONT,65+,2012,2454.0,
CXUCASHCONTLB0407M,CASHCONT,65+,2013,2574.0,
CXUCASHCONTLB0407M,CASHCONT,65+,2014,2512.0,
CXUCASHCONTLB0407M,CASHCONT,65+,2015,2287.0,
CXUCASHCONTLB0407M,CASHCONT,65+,2016,2429.0,
CXUCASHCONTLB0407M,CASHCONT,65+,2017,2430.0,
CXUCASHCONTLB0407M,CASHCONT,65+,2018,2625.0,
CXUCASHCONTLB0407M,CASHCONT,65+,2019,2564.0,
CXUCASHCONTLB0407M,CASHCONT,65+,2020,3119.0,
CXUCASHCONTLB0407M,CASHCONT,65+,2021,3341.0,
CXUCASHCONTLB0407M,CASHCONT,65+,2022,4443.0,
CXUCASHCONTLB0407M,CASHCONT,65+,2023,3132.0,
CXUCASHCONTLB0407M,CASHCONT,65+,2024,3158.0,
CXUCASHCONTLB0408M,CASHCONT,65-74,1984,681.0,
CXUCASHCONTLB0408M,CASHCONT,65-74,1985,841.0,
CXUCASHCONTLB0408M,CASHCONT,65-74,1986,1067.0,
CXUCASHCONTLB0408M,CASHCONT,65-74,1987,834.0,
CXUCASHCONTLB0408M,CASHCONT,65-74,1988,753.0,
CXUCASHCONTLB0408M,CASHCONT,65-74,1989,1022.0,
CXUCASHCONTLB0408M,CASHCONT,65-74,1990,937.0,
CXUCASHCONTLB0408M,CASHCONT,65-74,1991,1248.0,
CXUCASHCONTLB0408M,CASHCONT,65-74,1992,1189.0,
CXUCASHCONTLB0408M,CASHCONT,65-74,1993,1264.0,
CXUCASHCONTLB0408M,CASHCONT,65-74,1994,1567.0,
CXUCASHCONTLB0408M,CASHCONT,65-74,1995,1164.0,
CXUCASHCONTLB0408M,CASHCONT,65-74,1996,1017.0,
CXUCASHCONTLB0408M,CASHCONT,65-74,1997,1196.0,
CXUCASHCONTLB0408M,CASHCONT,65-74,1998,1486.0,
CXUCASHCONTLB0408M,CASHCONT,65-74,1999,1663.0,
CXUCASHCONTLB0408M,CASHCONT,65-74,2000,2022.0,
CXUCASHCONTLB0408M,CASHCONT,65-74,2001,1441.0,
CXUCASHCONTLB0408M,CASHCONT,65-74,2002,1620.0,
CXUCASHCONTLB0408M,CASHCONT,65-74,2003,1811.0,
CXUCASHCONTLB0408M,CASHCONT,65-74,2004,2471.0,
CXUCASHCONTLB0408M,CASHCONT,65-74,2005,1925.0,
CXUCASHCONTLB0408M,CASHCONT,65-74,2006,2121.0,
CXUCASHCONTLB0408M,CASHCONT,65-74,2007,1923.0,
CXUCASHCONTLB0408M,CASHCONT,65-74,2008,2033.0,
CXUCASHCONTLB0408M,CASHCONT,65-74,2009,2087.0,
CXUCASHCONTLB0408M,CASHCONT,65-74,2010,2276.0,
CXUCASHCONTLB0408M,CASHCONT,65-74,2011,2526.0,
CXUCASHCONTLB0408M,CASHCONT,65-74,2012,2289.0,
CXUCASHCONTLB0408M,CASHCONT,65-74,2013,2391.0,
CXUCASHCONTLB0408M,CASHCONT,65-74,2014,2155.0,
CXUCASHCONTLB0408M,CASHCONT,65-74,2015,2273.0,
CXUCASHCONTLB0408M,CASHCONT,65-74,2016,2082.0,
CXUCASHCONTLB0408M,CASHCONT,65-74,2017,2275.0,
CXUCASHCONTLB0408M,CASHCONT,65-74,2018,2755.0,
CXUCASHCONTLB0408M,CASHCONT,65-74,2019,2586.0,
CXUCASHCONTLB0408M,CASHCONT,65-74,2020,2983.0,
CXUCASHCONTLB0408M,CASHCONT,65-74,2021,2855.0,
CXUCASHCONTLB0408M,CASHCONT,65-74,2022,2811.0,
CXUCASHCONTLB0408M,CASHCONT,65-74,2023,2756.0,
CXUCASHCONTLB0408M,CASHCONT,65-74,2024,2921.0,
CXUCASHCONTLB0409M,CASHCONT,75+,1984,800.0,
CXUCASHCONTLB0409M,CASHCONT,75+,1985,1317.0,
CXUCASHCONTLB0409M,CASHCONT,75+,1986,660.0,
CXUCASHCONTLB0409M,CASHCONT,75+,1987,795.0,
CXUCASHCONTLB0409M,CASHCONT,75+,1988,785.0,
CXUCASHCONTLB0409M,CASHCONT,75+,1989,1187.0,
CXUCASHCONTLB0409M,CASHCONT,75+,1990,1141.0,
CXUCASHCONTLB0409M,CASHCONT,75+,1991,1008.0,
CXUCASHCONTLB0409M,CASHCONT,75+,1992,1272.0,
CXUCASHCONTLB0409M,CASHCONT,75+,1993,1325.0,
CXUCASHCONTLB0409M,CASHCONT,75+,1994,1230.0,
CXUCASHCONTLB0409M,CASHCONT,75+,1995,1021.0,
CXUCASHCONTLB0409M,CASHCONT,75+,1996,1454.0,
CXUCASHCONTLB0409M,CASHCONT,75+,1997,1485.0,
CXUCASHCONTLB0409M,CASHCONT,75+,1998,1582.0,
CXUCASHCONTLB0409M,CASHCONT,75+,1999,1588.0,
CXUCASHCONTLB0409M,CASHCONT,75+,2000,1618.0,
CXUCASHCONTLB0409M,CASHCONT,75+,2001,1734.0,
CXUCASHCONTLB0409M,CASHCONT,75+,2002,1740.0,
CXUCASHCONTLB0409M,CASHCONT,75+,2003,2127.0,
CXUCASHCONTLB0409M,CASHCONT,75+,2004,1542.0,
CXUCASHCONTLB0409M,CASHCONT,75+,2005,1852.0,
CXUCASHCONTLB0409M,CASHCONT,75+,2006,3058.0,
CXUCASHCONTLB0409M,CASHCONT,75+,2007,2661.0,
CXUCASHCONTLB0409M,CASHCONT,75+,2008,2291.0,
CXUCASHCONTLB0409M,CASHCONT,75+,2009,2378.0,
CXUCASHCONTLB0409M,CASHCONT,75+,2010,2267.0,
CXUCASHCONTLB0409M,CASHCONT,75+,2011,2231.0,
CXUCASHCONTLB0409M,CASHCONT,75+,2012,2658.0,
CXUCASHCONTLB0409M,CASHCONT,75+,2013,2817.0,
CXUCASHCONTLB0409M,CASHCONT,75+,2014,2985.0,
CXUCASHCONTLB0409M,CASHCONT,75+,2015,2306.0,
CXUCASHCONTLB0409M,CASHCONT,75+,2016,2915.0,
CXUCASHCONTLB0409M,CASHCONT,75+,2017,2648.0,
CXUCASHCONTLB0409M,CASHCONT,75+,2018,2440.0,
CXUCASHCONTLB0409M,CASHCONT,75+,2019,2536.0,
CXUCASHCONTLB0409M,CASHCONT,75+,2020,3308.0,
CXUCASHCONTLB0409M,CASHCONT,75+,2021,4060.0,
CXUCASHCONTLB0409M,CASHCONT,75+,2022,6767.0,6
CXUCASHCONTLB0409M,CASHCONT,75+,2023,3653.0,
CXUCASHCONTLB0409M,CASHCONT,75+,2024,3497.0,
CXUCASHCONTLB0401M,CASHCONT,All CUs,1984,706.0,
CXUCASHCONTLB0401M,CASHCONT,All CUs,1985,805.0,
CXUCASHCONTLB0401M,CASHCONT,All CUs,1986,746.0,
CXUCASHCONTLB0401M,CASHCONT,All CUs,1987,741.0,
CXUCASHCONTLB0401M,CASHCONT,All CUs,1988,693.0,
CXUCASHCONTLB0401M,CASHCONT,All CUs,1989,900.0,
CXUCASHCONTLB0401M,CASHCONT,All CUs,1990,816.0,
CXUCASHCONTLB0401M,CASHCONT,All CUs,1991,950.0,
CXUCASHCONTLB0401M,CASHCONT,All CUs,1992,958.0,
CXUCASHCONTLB0401M,CASHCONT,All CUs,1993,961.0,
CXUCASHCONTLB0401M,CASHCONT,All CUs,1994,960.0,
CXUCASHCONTLB0401M,CASHCONT,All CUs,1995,925.0,
CXUCASHCONTLB0401M,CASHCONT,All CUs,1996,940.0,
CXUCASHCONTLB0401M,CASHCONT,All CUs,1997,1001.0,
CXUCASHCONTLB0401M,CASHCONT,All CUs,1998,1109.0,
CXUCASHCONTLB0401M,CASHCONT,All CUs,1999,1181.0,
CXUCASHCONTLB0401M,CASHCONT,All CUs,2000,1192.0,
CXUCASHCONTLB0401M,CASHCONT,All CUs,2001,1258.0,
CXUCASHCONTLB0401M,CASHCONT,All CUs,2002,1277.0,
CXUCASHCONTLB0401M,CASHCONT,All CUs,2003,1370.0,
CXUCASHCONTLB0401M,CASHCONT,All CUs,2004,1408.0,
CXUCASHCONTLB0401M,CASHCONT,All CUs,2005,1663.0,
CXUCASHCONTLB0401M,CASHCONT,All CUs,2006,1869.0,
CXUCASHCONTLB0401M,CASHCONT,All CUs,2007,1821.0,
CXUCASHCONTLB0401M,CASHCONT,All CUs,2008,1737.0,
CXUCASHCONTLB0401M,CASHCONT,All CUs,2009,1723.0,
CXUCASHCONTLB0401M,CASHCONT,All CUs,2010,1633.0,
CXUCASHCONTLB0401M,CASHCONT,All CUs,2011,1721.0,
CXUCASHCONTLB0401M,CASHCONT,All CUs,2012,1913.0,
CXUCASHCONTLB0401M,CASHCONT,All CUs,2013,1834.0,
CXUCASHCONTLB0401M,CASHCONT,All CUs,2014,1788.0,
CXUCASHCONTLB0401M,CASHCONT,All CUs,2015,1819.0,
CXUCASHCONTLB0401M,CASHCONT,All CUs,2016,2081.0,
CXUCASHCONTLB0401M,CASHCONT,All CUs,2017,1873.0,
CXUCASHCONTLB0401M,CASHCONT,All CUs,2018,1888.0,
CXUCASHCONTLB0401M,CASHCONT,All CUs,2019,1995.0,
CXUCASHCONTLB0401M,CASHCONT,All CUs,2020,2283.0,
CXUCASHCONTLB0401M,CASHCONT,All CUs,2021,2415.0,
CXUCASHCONTLB0401M,CASHCONT,All CUs,2022,2755.0,
CXUCASHCONTLB0401M,CASHCONT,All CUs,2023,2378.0,
CXUCASHCONTLB0401M,CASHCONT,All CUs,2024,2292.0,
CXUCASHCONTLB0402M,CASHCONT,Under 25,1984,103.0,
CXUCASHCONTLB0402M,CASHCONT,Under 25,1985,106.0,
CXUCASHCONTLB0402M,CASHCONT,Under 25,1986,144.0,
CXUCASHCONTLB0402M,CASHCONT,Under 25,1987,72.0,
CXUCASHCONTLB0402M,CASHCONT,Under 25,1988,120.0,
CXUCASHCONTLB0402M,CASHCONT,Under 25,1989,120.0,
CXUCASHCONTLB0402M,CASHCONT,Under 25,1990,146.0,
CXUCASHCONTLB0402M,CASHCONT,Under 25,1991,107.0,
CXUCASHCONTLB0402M,CASHCONT,Under 25,1992,124.0,
CXUCASHCONTLB0402M,CASHCONT,Under 25,1993,95.0,
CXUCASHCONTLB0402M,CASHCONT,Under 25,1994,96.0,
CXUCASHCONTLB0402M,CASHCONT,Under 25,1995,114.0,
CXUCASHCONTLB0402M,CASHCONT,Under 25,1996,115.0,
CXUCASHCONTLB0402M,CASHCONT,Under 25,1997,157.0,
CXUCASHCONTLB0402M,CASHCONT,Under 25,1998,206.0,
CXUCASHCONTLB0402M,CASHCONT,Under 25,1999,182.0,
CXUCASHCONTLB0402M,CASHCONT,Under 25,2000,189.0,
CXUCASHCONTLB0402M,CASHCONT,Under 25,2001,268.0,
CXUCASHCONTLB0402M,CASHCONT,Under 25,2002,319.0,
CXUCASHCONTLB0402M,CASHCONT,Under 25,2003,371.0,
CXUCASHCONTLB0402M,CASHCONT,Under 25,2004,310.0,
CXUCASHCONTLB0402M,CASHCONT,Under 25,2005,393.0,
CXUCASHCONTLB0402M,CASHCONT,Under 25,2006,632.0,
CXUCASHCONTLB0402M,CASHCONT,Under 25,2007,549.0,
CXUCASHCONTLB0402M,CASHCONT,Under 25,2008,427.0,
CXUCASHCONTLB0402M,CASHCONT,Under 25,2009,349.0,
CXUCASHCONTLB0402M,CASHCONT,Under 25,2010,314.0,
CXUCASHCONTLB0402M,CASHCONT,Under 25,2011,367.0,
CXUCASHCONTLB0402M,CASHCONT,Under 25,2012,488.0,
CXUCASHCONTLB0402M,CASHCONT,Under 25,2013,473.0,
CXUCASHCONTLB0402M,CASHCONT,Under 25,2014,325.0,
CXUCASHCONTLB0402M,CASHCONT,Under 25,2015,397.0,
CXUCASHCONTLB0402M,CASHCONT,Under 25,2016,820.0,6
CXUCASHCONTLB0402M,CASHCONT,Under 25,2017,299.0,
CXUCASHCONTLB0402M,CASHCONT,Under 25,2018,353.0,
CXUCASHCONTLB0402M,CASHCONT,Under 25,2019,428.0,
CXUCASHCONTLB0402M,CASHCONT,Under 25,2020,380.0,
CXUCASHCONTLB0402M,CASHCONT,Under 25,2021,724.0,6
CXUCASHCONTLB0402M,CASHCONT,Under 25,2022,566.0,6
CXUCASHCONTLB0402M,CASHCONT,Under 25,2023,482.0,
CXUCASHCONTLB0402M,CASHCONT,Under 25,2024,345.0,6
CXUCONSUNITLB0403M,CONSUNIT,25-34,1984,20058.0,
CXUCONSUNITLB0403M,CONSUNIT,25-34,1985,20478.0,
CXUCONSUNITLB0403M,CONSUNIT,25-34,1986,21833.0,
CXUCONSUNITLB0403M,CONSUNIT,25-34,1987,21345.0,
CXUCONSUNITLB0403M,CONSUNIT,25-34,1988,21985.0,
CXUCONSUNITLB0403M,CONSUNIT,25-34,1989,20855.0,
CXUCONSUNITLB0403M,CONSUNIT,25-34,1990,21287.0,
CXUCONSUNITLB0403M,CONSUNIT,25-34,1991,20184.0,
CXUCONSUNITLB0403M,CONSUNIT,25-34,1992,20763.0,
CXUCONSUNITLB0403M,CONSUNIT,25-34,1993,20079.0,
CXUCONSUNITLB0403M,CONSUNIT,25-34,1994,20606.0,
CXUCONSUNITLB0403M,CONSUNIT,25-34,1995,19540.0,
CXUCONSUNITLB0403M,CONSUNIT,25-34,1996,19632.0,
CXUCONSUNITLB0403M,CONSUNIT,25-34,1997,19918.0,
CXUCONSUNITLB0403M,CONSUNIT,25-34,1998,19969.0,
CXUCONSUNITLB0403M,CONSUNIT,25-34,1999,19332.0,
CXUCONSUNITLB0403M,CONSUNIT,25-34,2000,18887.0,
CXUCONSUNITLB0403M,CONSUNIT,25-34,2001,18515.0,
CXUCONSUNITLB0403M,CONSUNIT,25-34,2002,18988.0,
CXUCONSUNITLB0403M,CONSUNIT,25-34,2003,19737.0,
CXUCONSUNITLB0403M,CONSUNIT,25-34,2004,19439.0,
CXUCONSUNITLB0403M,CONSUNIT,25-34,2005,19635.0,
CXUCONSUNITLB0403M,CONSUNIT,25-34,2006,20071.0,
CXUCONSUNITLB0403M,CONSUNIT,25-34,2007,20499.0,
CXUCONSUNITLB0403M,CONSUNIT,25-34,2008,20208.0,
CXUCONSUNITLB0403M,CONSUNIT,25-34,2009,20044.0,
CXUCONSUNITLB0403M,CONSUNIT,25-34,2010,20166.0,
CXUCONSUNITLB0403M,CONSUNIT,25-34,2011,20463.0,
CXUCONSUNITLB0403M,CONSUNIT,25-34,2012,20112.0,
CXUCONSUNITLB0403M,CONSUNIT,25-34,2013,20707.0,
CXUCONSUNITLB0403M,CONSUNIT,25-34,2014,20594.0,
CXUCONSUNITLB0403M,CONSUNIT,25-34,2015,21018.0,
CXUCONSUNITLB0403M,CONSUNIT,25-34,2016,20872.0,
CXUCONSUNITLB0403M,CONSUNIT,25-34,2017,21282.0,
CXUCONSUNITLB0403M,CONSUNIT,25-34,2018,21298.0,
CXUCONSUNITLB0403M,CONSUNIT,25-34,2019,21232.0,
CXUCONSUNITLB0403M,CONSUNIT,25-34,2020,20985.0,
CXUCONSUNITLB0403M,CONSUNIT,25-34,2021,21024.0,
CXUCONSUNITLB0403M,CONSUNIT,25-34,2022,20901.0,
CXUCONSUNITLB0403M,CONSUNIT,25-34,2023,21082.0,
CXUCONSUNITLB0403M,CONSUNIT,25-34,2024,20340.0,
CXUCONSUNITLB0404M,CONSUNIT,35-44,1984,17118.0,
CXUCONSUNITLB0404M,CONSUNIT,35-44,1985,18527.0,
CXUCONSUNITLB0404M,CONSUNIT,35-44,1986,18175.0,
CXUCONSUNITLB0404M,CONSUNIT,35-44,1987,18747.0,
CXUCONSUNITLB0404M,CONSUNIT,35-44,1988,19911.0,
CXUCONSUNITLB0404M,CONSUNIT,35-44,1989,20436.0,
CXUCONSUNITLB0404M,CONSUNIT,35-44,1990,21003.0,
CXUCONSUNITLB0404M,CONSUNIT,35-44,1991,21777.0,
CXUCONSUNITLB0404M,CONSUNIT,35-44,1992,21837.0,
CXUCONSUNITLB0404M,CONSUNIT,35-44,1993,21659.0,
CXUCONSUNITLB0404M,CONSUNIT,35-44,1994,22825.0,
CXUCONSUNITLB0404M,CONSUNIT,35-44,1995,23440.0,
CXUCONSUNITLB0404M,CONSUNIT,35-44,1996,23656.0,
CXUCONSUNITLB0404M,CONSUNIT,35-44,1997,24560.0,
CXUCONSUNITLB0404M,CONSUNIT,35-44,1998,24241.0,
CXUCONSUNITLB0404M,CONSUNIT,35-44,1999,24405.0,
CXUCONSUNITLB0404M,CONSUNIT,35-44,2000,23983.0,
CXUCONSUNITLB0404M,CONSUNIT,35-44,2001,24422.0,
CXUCONSUNITLB0404M,CONSUNIT,35-44,2002,24394.0,
CXUCONSUNITLB0404M,CONSUNIT,35-44,2003,24413.0,
CXUCONSUNITLB0404M,CONSUNIT,35-44,2004,24070.0,
CXUCONSUNITLB0404M,CONSUNIT,35-44,2005,23835.0,
CXUCONSUNITLB0404M,CONSUNIT,35-44,2006,23950.0,
CXUCONSUNITLB0404M,CONSUNIT,35-44,2007,23416.0,
CXUCONSUNITLB0404M,CONSUNIT,35-44,2008,22834.0,
CXUCONSUNITLB0404M,CONSUNIT,35-44,2009,22199.0,
CXUCONSUNITLB0404M,CONSUNIT,35-44,2010,21912.0,
CXUCONSUNITLB0404M,CONSUNIT,35-44,2011,21699.0,
CXUCONSUNITLB0404M,CONSUNIT,35-44,2012,21598.0,
CXUCONSUNITLB0404M,CONSUNIT,35-44,2013,21257.0,
CXUCONSUNITLB0404M,CONSUNIT,35-44,2014,21778.0,
CXUCONSUNITLB0404M,CONSUNIT,35-44,2015,21514.0,
CXUCONSUNITLB0404M,CONSUNIT,35-44,2016,21458.0,
CXUCONSUNITLB0404M,CONSUNIT,35-44,2017,21101.0,
CXUCONSUNITLB0404M,CONSUNIT,35-44,2018,22000.0,
CXUCONSUNITLB0404M,CONSUNIT,35-44,2019,22330.0,
CXUCONSUNITLB0404M,CONSUNIT,35-44,2020,22307.0,
CXUCONSUNITLB0404M,CONSUNIT,35-44,2021,22921.0,
CXUCONSUNITLB0404M,CONSUNIT,35-44,2022,22813.0,
CXUCONSUNITLB0404M,CONSUNIT,35-44,2023,23612.0,
CXUCONSUNITLB0404M,CONSUNIT,35-44,2024,24275.0,
CXUCONSUNITLB0405M,CONSUNIT,45-54,1984,13027.0,
CXUCONSUNITLB0405M,CONSUNIT,45-54,1985,12712.0,
CXUCONSUNITLB0405M,CONSUNIT,45-54,1986,12670.0,
CXUCONSUNITLB0405M,CONSUNIT,45-54,1987,13395.0,
CXUCONSUNITLB0405M,CONSUNIT,45-54,1988,13601.0,
CXUCONSUNITLB0405M,CONSUNIT,45-54,1989,14566.0,
CXUCONSUNITLB0405M,CONSUNIT,45-54,1990,14855.0,
CXUCONSUNITLB0405M,CONSUNIT,45-54,1991,15276.0,
CXUCONSUNITLB0405M,CONSUNIT,45-54,1992,15754.0,
CXUCONSUNITLB0405M,CONSUNIT,45-54,1993,16832.0,
CXUCONSUNITLB0405M,CONSUNIT,45-54,1994,17812.0,
CXUCONSUNITLB0405M,CONSUNIT,45-54,1995,18633.0,
CXUCONSUNITLB0405M,CONSUNIT,45-54,1996,19194.0,
CXUCONSUNITLB0405M,CONSUNIT,45-54,1997,19343.0,
CXUCONSUNITLB0405M,CONSUNIT,45-54,1998,20058.0,
CXUCONSUNITLB0405M,CONSUNIT,45-54,1999,20903.0,
CXUCONSUNITLB0405M,CONSUNIT,45-54,2000,21874.0,
CXUCONSUNITLB0405M,CONSUNIT,45-54,2001,22317.0,
CXUCONSUNITLB0405M,CONSUNIT,45-54,2002,22691.0,
CXUCONSUNITLB0405M,CONSUNIT,45-54,2003,23131.0,
CXUCONSUNITLB0405M,CONSUNIT,45-54,2004,23712.0,
CXUCONSUNITLB0405M,CONSUNIT,45-54,2005,24393.0,
CXUCONSUNITLB0405M,CONSUNIT,45-54,2006,24696.0,
CXUCONSUNITLB0405M,CONSUNIT,45-54,2007,25245.0,
CXUCONSUNITLB0405M,CONSUNIT,45-54,2008,25614.0,
CXUCONSUNITLB0405M,CONSUNIT,45-54,2009,25440.0,
CXUCONSUNITLB0405M,CONSUNIT,45-54,2010,25054.0,
CXUCONSUNITLB0405M,CONSUNIT,45-54,2011,24821.0,
CXUCONSUNITLB0405M,CONSUNIT,45-54,2012,24624.0,
CXUCONSUNITLB0405M,CONSUNIT,45-54,2013,24501.0,
CXUCONSUNITLB0405M,CONSUNIT,45-54,2014,23556.0,
CXUCONSUNITLB0405M,CONSUNIT,45-54,2015,24252.0,
CXUCONSUNITLB0405M,CONSUNIT,45-54,2016,24054.0,
CXUCONSUNITLB0405M,CONSUNIT,45-54,2017,23580.0,
CXUCONSUNITLB0405M,CONSUNIT,45-54,2018,23050.0,
CXUCONSUNITLB0405M,CONSUNIT,45-54,2019,22282.0,
CXUCONSUNITLB0405M,CONSUNIT,45-54,2020,22605.0,
CXUCONSUNITLB0405M,CONSUNIT,45-54,2021,22276.0,
CXUCONSUNITLB0405M,CONSUNIT,45-54,2022,22687.0,
CXUCONSUNITLB0405M,CONSUNIT,45-54,2023,22721.0,
CXUCONSUNITLB0405M,CONSUNIT,45-54,2024,22165.0,
CXUCONSUNITLB0406M,CONSUNIT,55-64,1984,13343.0,
CXUCONSUNITLB0406M,CONSUNIT,55-64,1985,13056.0,
CXUCONSUNITLB0406M,CONSUNIT,55-64,1986,13201.0,
CXUCONSUNITLB0406M,CONSUNIT,55-64,1987,13080.0,
CXUCONSUNITLB0406M,CONSUNIT,55-64,1988,12546.0,
CXUCONSUNITLB0406M,CONSUNIT,55-64,1989,12005.0,
CXUCONSUNITLB0406M,CONSUNIT,55-64,1990,12162.0,
CXUCONSUNITLB0406M,CONSUNIT,55-64,1991,12558.0,
CXUCONSUNITLB0406M,CONSUNIT,55-64,1992,12225.0,
CXUCONSUNITLB0406M,CONSUNIT,55-64,1993,11862.0,
CXUCONSUNITLB0406M,CONSUNIT,55-64,1994,12015.0,
CXUCONSUNITLB0406M,CONSUNIT,55-64,1995,12624.0,
CXUCONSUNITLB0406M,CONSUNIT,55-64,1996,12446.0,
CXUCONSUNITLB0406M,CONSUNIT,55-64,1997,12316.0,
CXUCONSUNITLB0406M,CONSUNIT,55-64,1998,12829.0,
CXUCONSUNITLB0406M,CONSUNIT,55-64,1999,13647.0,
CXUCONSUNITLB0406M,CONSUNIT,55-64,2000,14161.0,
CXUCONSUNITLB0406M,CONSUNIT,55-64,2001,14549.0,
CXUCONSUNITLB0406M,CONSUNIT,55-64,2002,15314.0,
CXUCONSUNITLB0406M,CONSUNIT,55-64,2003,16580.0,
CXUCONSUNITLB0406M,CONSUNIT,55-64,2004,17479.0,
CXUCONSUNITLB0406M,CONSUNIT,55-64,2005,18104.0,
CXUCONSUNITLB0406M,CONSUNIT,55-64,2006,18952.0,
CXUCONSUNITLB0406M,CONSUNIT,55-64,2007,19462.0,
CXUCONSUNITLB0406M,CONSUNIT,55-64,2008,19826.0,
CXUCONSUNITLB0406M,CONSUNIT,55-64,2009,20731.0,
CXUCONSUNITLB0406M,CONSUNIT,55-64,2010,21359.0,
CXUCONSUNITLB0406M,CONSUNIT,55-64,2011,21688.0,
CXUCONSUNITLB0406M,CONSUNIT,55-64,2012,22770.0,
CXUCONSUNITLB0406M,CONSUNIT,55-64,2013,22887.0,
CXUCONSUNITLB0406M,CONSUNIT,55-64,2014,23466.0,
CXUCONSUNITLB0406M,CONSUNIT,55-64,2015,24089.0,
CXUCONSUNITLB0406M,CONSUNIT,55-64,2016,24641.0,
CXUCONSUNITLB0406M,CONSUNIT,55-64,2017,24713.0,
CXUCONSUNITLB0406M,CONSUNIT,55-64,2018,24480.0,
CXUCONSUNITLB0406M,CONSUNIT,55-64,2019,24565.0,
CXUCONSUNITLB0406M,CONSUNIT,55-64,2020,25104.0,
CXUCONSUNITLB0406M,CONSUNIT,55-64,2021,24751.0,
CXUCONSUNITLB0406M,CONSUNIT,55-64,2022,24433.0,
CXUCONSUNITLB0406M,CONSUNIT,55-64,2023,23927.0,
CXUCONSUNITLB0406M,CONSUNIT,55-64,2024,23911.0,
CXUCONSUNITLB0407M,CONSUNIT,65+,1988,19603.0,
CXUCONSUNITLB0407M,CONSUNIT,65+,1989,20323.0,
CXUCONSUNITLB0407M,CONSUNIT,65+,1990,20079.0,
CXUCONSUNITLB0407M,CONSUNIT,65+,1991,20702.0,
CXUCONSUNITLB0407M,CONSUNIT,65+,1992,21763.0,
CXUCONSUNITLB0407M,CONSUNIT,65+,1993,21860.0,
CXUCONSUNITLB0407M,CONSUNIT,65+,1994,21500.0,
CXUCONSUNITLB0407M,CONSUNIT,65+,1995,21792.0,
CXUCONSUNITLB0407M,CONSUNIT,65+,1996,21554.0,
CXUCONSUNITLB0407M,CONSUNIT,65+,1997,21936.0,
CXUCONSUNITLB0407M,CONSUNIT,65+,1998,21830.0,
CXUCONSUNITLB0407M,CONSUNIT,65+,1999,22015.0,
CXUCONSUNITLB0407M,CONSUNIT,65+,2000,22155.0,
CXUCONSUNITLB0407M,CONSUNIT,65+,2001,21938.0,
CXUCONSUNITLB0407M,CONSUNIT,65+,2002,21983.0,
CXUCONSUNITLB0407M,CONSUNIT,65+,2003,22912.0,
CXUCONSUNITLB0407M,CONSUNIT,65+,2004,22765.0,
CXUCONSUNITLB0407M,CONSUNIT,65+,2005,22847.0,
CXUCONSUNITLB0407M,CONSUNIT,65+,2006,23007.0,
CXUCONSUNITLB0407M,CONSUNIT,65+,2007,23400.0,
CXUCONSUNITLB0407M,CONSUNIT,65+,2008,24062.0,
CXUCONSUNITLB0407M,CONSUNIT,65+,2009,24557.0,
CXUCONSUNITLB0407M,CONSUNIT,65+,2010,24582.0,
CXUCONSUNITLB0407M,CONSUNIT,65+,2011,25873.0,
CXUCONSUNITLB0407M,CONSUNIT,65+,2012,27154.0,
CXUCONSUNITLB0407M,CONSUNIT,65+,2013,28042.0,
CXUCONSUNITLB0407M,CONSUNIT,65+,2014,29207.0,
CXUCONSUNITLB0407M,CONSUNIT,65+,2015,29960.0,
CXUCONSUNITLB0407M,CONSUNIT,65+,2016,31217.0,
CXUCONSUNITLB0407M,CONSUNIT,65+,2017,31734.0,
CXUCONSUNITLB0407M,CONSUNIT,65+,2018,33023.0,
CXUCONSUNITLB0407M,CONSUNIT,65+,2019,34505.0,
CXUCONSUNITLB0407M,CONSUNIT,65+,2020,35194.0,
CXUCONSUNITLB0407M,CONSUNIT,65+,2021,36016.0,
CXUCONSUNITLB0407M,CONSUNIT,65+,2022,36983.0,
CXUCONSUNITLB0407M,CONSUNIT,65+,2023,37173.0,
CXUCONSUNITLB0407M,CONSUNIT,65+,2024,38369.0,
CXUCONSUNITLB0408M,CONSUNIT,65-74,1984,10761.0,
CXUCONSUNITLB0408M,CONSUNIT,65-74,1985,11302.0,
CXUCONSUNITLB0408M,CONSUNIT,65-74,1986,10832.0,
CXUCONSUNITLB0408M,CONSUNIT,65-74,1987,11578.0,
CXUCONSUNITLB0408M,CONSUNIT,65-74,1988,11319.0,
CXUCONSUNITLB0408M,CONSUNIT,65-74,1989,11848.0,
CXUCONSUNITLB0408M,CONSUNIT,65-74,1990,11318.0,
CXUCONSUNITLB0408M,CONSUNIT,65-74,1991,11935.0,
CXUCONSUNITLB0408M,CONSUNIT,65-74,1992,11959.0,
CXUCONSUNITLB0408M,CONSUNIT,65-74,1993,11934.0,
CXUCONSUNITLB0408M,CONSUNIT,65-74,1994,12038.0,
CXUCONSUNITLB0408M,CONSUNIT,65-74,1995,11933.0,
CXUCONSUNITLB0408M,CONSUNIT,65-74,1996,11742.0,
CXUCONSUNITLB0408M,CONSUNIT,65-74,1997,12109.0,
CXUCONSUNITLB0408M,CONSUNIT,65-74,1998,11874.0,
CXUCONSUNITLB0408M,CONSUNIT,65-74,1999,11578.0,
CXUCONSUNITLB0408M,CONSUNIT,65-74,2000,11538.0,
CXUCONSUNITLB0408M,CONSUNIT,65-74,2001,11342.0,
CXUCONSUNITLB0408M,CONSUNIT,65-74,2002,11216.0,
CXUCONSUNITLB0408M,CONSUNIT,65-74,2003,11495.0,
CXUCONSUNITLB0408M,CONSUNIT,65-74,2004,11230.0,
CXUCONSUNITLB0408M,CONSUNIT,65-74,2005,11505.0,
CXUCONSUNITLB0408M,CONSUNIT,65-74,2006,11764.0,
CXUCONSUNITLB0408M,CONSUNIT,65-74,2007,12011.0,
CXUCONSUNITLB0408M,CONSUNIT,65-74,2008,12580.0,
CXUCONSUNITLB0408M,CONSUNIT,65-74,2009,12848.0,
CXUCONSUNITLB0408M,CONSUNIT,65-74,2010,13031.0,
CXUCONSUNITLB0408M,CONSUNIT,65-74,2011,14079.0,
CXUCONSUNITLB0408M,CONSUNIT,65-74,2012,14993.0,
CXUCONSUNITLB0408M,CONSUNIT,65-74,2013,16024.0,
CXUCONSUNITLB0408M,CONSUNIT,65-74,2014,16648.0,
CXUCONSUNITLB0408M,CONSUNIT,65-74,2015,17336.0,
CXUCONSUNITLB0408M,CONSUNIT,65-74,2016,18201.0,
CXUCONSUNITLB0408M,CONSUNIT,65-74,2017,18535.0,
CXUCONSUNITLB0408M,CONSUNIT,65-74,2018,19315.0,
CXUCONSUNITLB0408M,CONSUNIT,65-74,2019,19720.0,
CXUCONSUNITLB0408M,CONSUNIT,65-74,2020,20444.0,
CXUCONSUNITLB0408M,CONSUNIT,65-74,2021,21479.0,
CXUCONSUNITLB0408M,CONSUNIT,65-74,2022,21728.0,
CXUCONSUNITLB0408M,CONSUNIT,65-74,2023,21584.0,
CXUCONSUNITLB0408M,CONSUNIT,65-74,2024,22577.0,
CXUCONSUNITLB0409M,CONSUNIT,75+,1984,7105.0,
CXUCONSUNITLB0409M,CONSUNIT,75+,1985,7343.0,
CXUCONSUNITLB0409M,CONSUNIT,75+,1986,8485.0,
CXUCONSUNITLB0409M,CONSUNIT,75+,1987,8194.0,
CXUCONSUNITLB0409M,CONSUNIT,75+,1988,8284.0,
CXUCONSUNITLB0409M,CONSUNIT,75+,1989,8474.0,
CXUCONSUNITLB0409M,CONSUNIT,75+,1990,8761.0,
CXUCONSUNITLB0409M,CONSUNIT,75+,1991,8767.0,
CXUCONSUNITLB0409M,CONSUNIT,75+,1992,9804.0,
CXUCONSUNITLB0409M,CONSUNIT,75+,1993,9926.0,
CXUCONSUNITLB0409M,CONSUNIT,75+,1994,9463.0,
CXUCONSUNITLB0409M,CONSUNIT,75+,1995,9860.0,
CXUCONSUNITLB0409M,CONSUNIT,75+,1996,9811.0,
CXUCONSUNITLB0409M,CONSUNIT,75+,1997,9827.0,
CXUCONSUNITLB0409M,CONSUNIT,75+,1998,9957.0,
CXUCONSUNITLB0409M,CONSUNIT,75+,1999,10437.0,
CXUCONSUNITLB0409M,CONSUNIT,75+,2000,10617.0,
CXUCONSUNITLB0409M,CONSUNIT,75+,2001,10596.0,
CXUCONSUNITLB0409M,CONSUNIT,75+,2002,10767.0,
CXUCONSUNITLB0409M,CONSUNIT,75+,2003,11417.0,
CXUCONSUNITLB0409M,CONSUNIT,75+,2004,11536.0,
CXUCONSUNITLB0409M,CONSUNIT,75+,2005,11342.0,
CXUCONSUNITLB0409M,CONSUNIT,75+,2006,11243.0,
CXUCONSUNITLB0409M,CONSUNIT,75+,2007,11390.0,
CXUCONSUNITLB0409M,CONSUNIT,75+,2008,11481.0,
CXUCONSUNITLB0409M,CONSUNIT,75+,2009,11709.0,
CXUCONSUNITLB0409M,CONSUNIT,75+,2010,11551.0,
CXUCONSUNITLB0409M,CONSUNIT,75+,2011,11794.0,
CXUCONSUNITLB0409M,CONSUNIT,75+,2012,12161.0,
CXUCONSUNITLB0409M,CONSUNIT,75+,2013,12018.0,
CXUCONSUNITLB0409M,CONSUNIT,75+,2014,12559.0,
CXUCONSUNITLB0409M,CONSUNIT,75+,2015,12623.0,
CXUCONSUNITLB0409M,CONSUNIT,75+,2016,13016.0,
CXUCONSUNITLB0409M,CONSUNIT,75+,2017,13199.0,
CXUCONSUNITLB0409M,CONSUNIT,75+,2018,13707.0,
CXUCONSUNITLB0409M,CONSUNIT,75+,2019,14785.0,
CXUCONSUNITLB0409M,CONSUNIT,75+,2020,14750.0,
CXUCONSUNITLB0409M,CONSUNIT,75+,2021,14537.0,
CXUCONSUNITLB0409M,CONSUNIT,75+,2022,15255.0,
CXUCONSUNITLB0409M,CONSUNIT,75+,2023,15589.0,
CXUCONSUNITLB0409M,CONSUNIT,75+,2024,15792.0,
CXUCONSUNITLB0401M,CONSUNIT,All CUs,1984,90223.0,
CXUCONSUNITLB0401M,CONSUNIT,All CUs,1985,91564.0,
CXUCONSUNITLB0401M,CONSUNIT,All CUs,1986,94044.0,
CXUCONSUNITLB0401M,CONSUNIT,All CUs,1987,94150.0,
CXUCONSUNITLB0401M,CONSUNIT,All CUs,1988,94862.0,
CXUCONSUNITLB0401M,CONSUNIT,All CUs,1989,95818.0,
CXUCONSUNITLB0401M,CONSUNIT,All CUs,1990,96968.0,
CXUCONSUNITLB0401M,CONSUNIT,All CUs,1991,97918.0,
CXUCONSUNITLB0401M,CONSUNIT,All CUs,1992,100019.0,
CXUCONSUNITLB0401M,CONSUNIT,All CUs,1993,100049.0,
CXUCONSUNITLB0401M,CONSUNIT,All CUs,1994,102210.0,
CXUCONSUNITLB0401M,CONSUNIT,All CUs,1995,103123.0,
CXUCONSUNITLB0401M,CONSUNIT,All CUs,1996,104212.0,
CXUCONSUNITLB0401M,CONSUNIT,All CUs,1997,105576.0,
CXUCONSUNITLB0401M,CONSUNIT,All CUs,1998,107182.0,
CXUCONSUNITLB0401M,CONSUNIT,All CUs,1999,108465.0,
CXUCONSUNITLB0401M,CONSUNIT,All CUs,2000,109367.0,
CXUCONSUNITLB0401M,CONSUNIT,All CUs,2001,110339.0,
CXUCONSUNITLB0401M,CONSUNIT,All CUs,2002,112108.0,
CXUCONSUNITLB0401M,CONSUNIT,All CUs,2003,115356.0,
CXUCONSUNITLB0401M,CONSUNIT,All CUs,2004,116282.0,
CXUCONSUNITLB0401M,CONSUNIT,All CUs,2005,117356.0,
CXUCONSUNITLB0401M,CONSUNIT,All CUs,2006,118843.0,
CXUCONSUNITLB0401M,CONSUNIT,All CUs,2007,120171.0,
CXUCONSUNITLB0401M,CONSUNIT,All CUs,2008,120770.0,
CXUCONSUNITLB0401M,CONSUNIT,All CUs,2009,120847.0,
CXUCONSUNITLB0401M,CONSUNIT,All CUs,2010,121107.0,
CXUCONSUNITLB0401M,CONSUNIT,All CUs,2011,122287.0,
CXUCONSUNITLB0401M,CONSUNIT,All CUs,2012,124416.0,
CXUCONSUNITLB0401M,CONSUNIT,All CUs,2013,125670.0,
CXUCONSUNITLB0401M,CONSUNIT,All CUs,2014,127006.0,
CXUCONSUNITLB0401M,CONSUNIT,All CUs,2015,128437.0,
CXUCONSUNITLB0401M,CONSUNIT,All CUs,2016,129549.0,
CXUCONSUNITLB0401M,CONSUNIT,All CUs,2017,130001.0,
CXUCONSUNITLB0401M,CONSUNIT,All CUs,2018,131439.0,
CXUCONSUNITLB0401M,CONSUNIT,All CUs,2019,132242.0,
CXUCONSUNITLB0401M,CONSUNIT,All CUs,2020,131234.0,
CXUCONSUNITLB0401M,CONSUNIT,All CUs,2021,133595.0,
CXUCONSUNITLB0401M,CONSUNIT,All CUs,2022,134090.0,
CXUCONSUNITLB0401M,CONSUNIT,All CUs,2023,134556.0,
CXUCONSUNITLB0401M,CONSUNIT,All CUs,2024,135760.0,
CXUCONSUNITLB0402M,CONSUNIT,Under 25,1984,8811.0,
CXUCONSUNITLB0402M,CONSUNIT,Under 25,1985,8146.0,
CXUCONSUNITLB0402M,CONSUNIT,Under 25,1986,8849.0,
CXUCONSUNITLB0402M,CONSUNIT,Under 25,1987,7811.0,
CXUCONSUNITLB0402M,CONSUNIT,Under 25,1988,7216.0,
CXUCONSUNITLB0402M,CONSUNIT,Under 25,1989,7633.0,
CXUCONSUNITLB0402M,CONSUNIT,Under 25,1990,7581.0,
CXUCONSUNITLB0402M,CONSUNIT,Under 25,1991,7422.0,
CXUCONSUNITLB0402M,CONSUNIT,Under 25,1992,7676.0,
CXUCONSUNITLB0402M,CONSUNIT,Under 25,1993,7758.0,
CXUCONSUNITLB0402M,CONSUNIT,Under 25,1994,7453.0,
CXUCONSUNITLB0402M,CONSUNIT,Under 25,1995,7093.0,
CXUCONSUNITLB0402M,CONSUNIT,Under 25,1996,7730.0,
CXUCONSUNITLB0402M,CONSUNIT,Under 25,1997,7501.0,
CXUCONSUNITLB0402M,CONSUNIT,Under 25,1998,8255.0,
CXUCONSUNITLB0402M,CONSUNIT,Under 25,1999,8164.0,
CXUCONSUNITLB0402M,CONSUNIT,Under 25,2000,8306.0,
CXUCONSUNITLB0402M,CONSUNIT,Under 25,2001,8598.0,
CXUCONSUNITLB0402M,CONSUNIT,Under 25,2002,8737.0,
CXUCONSUNITLB0402M,CONSUNIT,Under 25,2003,8584.0,
CXUCONSUNITLB0402M,CONSUNIT,Under 25,2004,8817.0,
CXUCONSUNITLB0402M,CONSUNIT,Under 25,2005,8543.0,
CXUCONSUNITLB0402M,CONSUNIT,Under 25,2006,8167.0,
CXUCONSUNITLB0402M,CONSUNIT,Under 25,2007,8150.0,
CXUCONSUNITLB0402M,CONSUNIT,Under 25,2008,8227.0,
CXUCONSUNITLB0402M,CONSUNIT,Under 25,2009,7875.0,
CXUCONSUNITLB0402M,CONSUNIT,Under 25,2010,8034.0,
CXUCONSUNITLB0402M,CONSUNIT,Under 25,2011,7743.0,
CXUCONSUNITLB0402M,CONSUNIT,Under 25,2012,8159.0,
CXUCONSUNITLB0402M,CONSUNIT,Under 25,2013,8275.0,
CXUCONSUNITLB0402M,CONSUNIT,Under 25,2014,8405.0,
CXUCONSUNITLB0402M,CONSUNIT,Under 25,2015,7605.0,
CXUCONSUNITLB0402M,CONSUNIT,Under 25,2016,7306.0,
CXUCONSUNITLB0402M,CONSUNIT,Under 25,2017,7590.0,
CXUCONSUNITLB0402M,CONSUNIT,Under 25,2018,7588.0,
CXUCONSUNITLB0402M,CONSUNIT,Under 25,2019,7328.0,
CXUCONSUNITLB0402M,CONSUNIT,Under 25,2020,5040.0,
CXUCONSUNITLB0402M,CONSUNIT,Under 25,2021,6608.0,
CXUCONSUNITLB0402M,CONSUNIT,Under 25,2022,6272.0,
CXUCONSUNITLB0402M,CONSUNIT,Under 25,2023,6041.0,
CXUCONSUNITLB0402M,CONSUNIT,Under 25,2024,6700.0,
CXUDRUGSLB0403M,DRUGS,25-34,1984,98.0,
CXUDRUGSLB0403M,DRUGS,25-34,1985,105.0,
CXUDRUGSLB0403M,DRUGS,25-34,1986,102.0,
CXUDRUGSLB0403M,DRUGS,25-34,1987,116.0,
CXUDRUGSLB0403M,DRUGS,25-34,1988,116.0,
CXUDRUGSLB0403M,DRUGS,25-34,1989,131.0,
CXUDRUGSLB0403M,DRUGS,25-34,1990,135.0,
CXUDRUGSLB0403M,DRUGS,25-34,1991,137.0,
CXUDRUGSLB0403M,DRUGS,25-34,1992,123.0,
CXUDRUGSLB0403M,DRUGS,25-34,1993,152.0,
CXUDRUGSLB0403M,DRUGS,25-34,1994,138.0,
CXUDRUGSLB0403M,DRUGS,25-34,1995,139.0,
CXUDRUGSLB0403M,DRUGS,25-34,1996,142.0,
CXUDRUGSLB0403M,DRUGS,25-34,1997,169.0,
CXUDRUGSLB0403M,DRUGS,25-34,1998,143.0,
CXUDRUGSLB0403M,DRUGS,25-34,1999,162.0,
CXUDRUGSLB0403M,DRUGS,25-34,2000,181.0,
CXUDRUGSLB0403M,DRUGS,25-34,2001,182.0,
CXUDRUGSLB0403M,DRUGS,25-34,2002,209.0,
CXUDRUGSLB0403M,DRUGS,25-34,2003,202.0,
CXUDRUGSLB0403M,DRUGS,25-34,2004,212.0,
CXUDRUGSLB0403M,DRUGS,25-34,2005,237.0,
CXUDRUGSLB0403M,DRUGS,25-34,2006,243.0,
CXUDRUGSLB0403M,DRUGS,25-34,2007,203.0,
CXUDRUGSLB0403M,DRUGS,25-34,2008,215.0,
CXUDRUGSLB0403M,DRUGS,25-34,2009,195.0,
CXUDRUGSLB0403M,DRUGS,25-34,2010,200.0,
CXUDRUGSLB0403M,DRUGS,25-34,2011,229.0,
CXUDRUGSLB0403M,DRUGS,25-34,2012,213.0,
CXUDRUGSLB0403M,DRUGS,25-34,2013,197.0,
CXUDRUGSLB0403M,DRUGS,25-34,2014,191.0,
CXUDRUGSLB0403M,DRUGS,25-34,2015,212.0,
CXUDRUGSLB0403M,DRUGS,25-34,2016,196.0,
CXUDRUGSLB0403M,DRUGS,25-34,2017,223.0,
CXUDRUGSLB0403M,DRUGS,25-34,2018,213.0,
CXUDRUGSLB0403M,DRUGS,25-34,2019,202.0,
CXUDRUGSLB0403M,DRUGS,25-34,2020,229.0,
CXUDRUGSLB0403M,DRUGS,25-34,2021,214.0,
CXUDRUGSLB0403M,DRUGS,25-34,2022,305.0,
CXUDRUGSLB0403M,DRUGS,25-34,2023,282.0,
CXUDRUGSLB0403M,DRUGS,25-34,2024,284.0,
CXUDRUGSLB0404M,DRUGS,35-44,1984,134.0,
CXUDRUGSLB0404M,DRUGS,35-44,1985,144.0,
CXUDRUGSLB0404M,DRUGS,35-44,1986,158.0,
CXUDRUGSLB0404M,DRUGS,35-44,1987,147.0,
CXUDRUGSLB0404M,DRUGS,35-44,1988,167.0,
CXUDRUGSLB0404M,DRUGS,35-44,1989,190.0,
CXUDRUGSLB0404M,DRUGS,35-44,1990,183.0,
CXUDRUGSLB0404M,DRUGS,35-44,1991,181.0,
CXUDRUGSLB0404M,DRUGS,35-44,1992,208.0,
CXUDRUGSLB0404M,DRUGS,35-44,1993,211.0,
CXUDRUGSLB0404M,DRUGS,35-44,1994,213.0,
CXUDRUGSLB0404M,DRUGS,35-44,1995,205.0,
CXUDRUGSLB0404M,DRUGS,35-44,1996,206.0,
CXUDRUGSLB0404M,DRUGS,35-44,1997,210.0,
CXUDRUGSLB0404M,DRUGS,35-44,1998,240.0,
CXUDRUGSLB0404M,DRUGS,35-44,1999,254.0,
CXUDRUGSLB0404M,DRUGS,35-44,2000,284.0,
CXUDRUGSLB0404M,DRUGS,35-44,2001,304.0,
CXUDRUGSLB0404M,DRUGS,35-44,2002,303.0,
CXUDRUGSLB0404M,DRUGS,35-44,2003,301.0,
CXUDRUGSLB0404M,DRUGS,35-44,2004,318.0,
CXUDRUGSLB0404M,DRUGS,35-44,2005,354.0,
CXUDRUGSLB0404M,DRUGS,35-44,2006,345.0,
CXUDRUGSLB0404M,DRUGS,35-44,2007,303.0,
CXUDRUGSLB0404M,DRUGS,35-44,2008,349.0,
CXUDRUGSLB0404M,DRUGS,35-44,2009,335.0,
CXUDRUGSLB0404M,DRUGS,35-44,2010,340.0,
CXUDRUGSLB0404M,DRUGS,35-44,2011,377.0,
CXUDRUGSLB0404M,DRUGS,35-44,2012,363.0,
CXUDRUGSLB0404M,DRUGS,35-44,2013,343.0,
CXUDRUGSLB0404M,DRUGS,35-44,2014,370.0,
CXUDRUGSLB0404M,DRUGS,35-44,2015,287.0,
CXUDRUGSLB0404M,DRUGS,35-44,2016,309.0,
CXUDRUGSLB0404M,DRUGS,35-44,2017,377.0,
CXUDRUGSLB0404M,DRUGS,35-44,2018,350.0,
CXUDRUGSLB0404M,DRUGS,35-44,2019,373.0,
CXUDRUGSLB0404M,DRUGS,35-44,2020,354.0,
CXUDRUGSLB0404M,DRUGS,35-44,2021,406.0,
CXUDRUGSLB0404M,DRUGS,35-44,2022,409.0,
CXUDRUGSLB0404M,DRUGS,35-44,2023,393.0,
CXUDRUGSLB0404M,DRUGS,35-44,2024,559.0,
CXUDRUGSLB0405M,DRUGS,45-54,1984,180.0,
CXUDRUGSLB0405M,DRUGS,45-54,1985,178.0,
CXUDRUGSLB0405M,DRUGS,45-54,1986,212.0,
CXUDRUGSLB0405M,DRUGS,45-54,1987,213.0,
CXUDRUGSLB0405M,DRUGS,45-54,1988,219.0,
CXUDRUGSLB0405M,DRUGS,45-54,1989,233.0,
CXUDRUGSLB0405M,DRUGS,45-54,1990,236.0,
CXUDRUGSLB0405M,DRUGS,45-54,1991,265.0,
CXUDRUGSLB0405M,DRUGS,45-54,1992,278.0,
CXUDRUGSLB0405M,DRUGS,45-54,1993,331.0,
CXUDRUGSLB0405M,DRUGS,45-54,1994,291.0,
CXUDRUGSLB0405M,DRUGS,45-54,1995,254.0,
CXUDRUGSLB0405M,DRUGS,45-54,1996,308.0,
CXUDRUGSLB0405M,DRUGS,45-54,1997,303.0,
CXUDRUGSLB0405M,DRUGS,45-54,1998,377.0,
CXUDRUGSLB0405M,DRUGS,45-54,1999,368.0,
CXUDRUGSLB0405M,DRUGS,45-54,2000,407.0,
CXUDRUGSLB0405M,DRUGS,45-54,2001,432.0,
CXUDRUGSLB0405M,DRUGS,45-54,2002,490.0,
CXUDRUGSLB0405M,DRUGS,45-54,2003,459.0,
CXUDRUGSLB0405M,DRUGS,45-54,2004,461.0,
CXUDRUGSLB0405M,DRUGS,45-54,2005,494.0,
CXUDRUGSLB0405M,DRUGS,45-54,2006,499.0,
CXUDRUGSLB0405M,DRUGS,45-54,2007,498.0,
CXUDRUGSLB0405M,DRUGS,45-54,2008,432.0,
CXUDRUGSLB0405M,DRUGS,45-54,2009,485.0,
CXUDRUGSLB0405M,DRUGS,45-54,2010,497.0,
CXUDRUGSLB0405M,DRUGS,45-54,2011,515.0,
CXUDRUGSLB0405M,DRUGS,45-54,2012,527.0,
CXUDRUGSLB0405M,DRUGS,45-54,2013,489.0,
CXUDRUGSLB0405M,DRUGS,45-54,2014,511.0,
CXUDRUGSLB0405M,DRUGS,45-54,2015,424.0,
CXUDRUGSLB0405M,DRUGS,45-54,2016,494.0,
CXUDRUGSLB0405M,DRUGS,45-54,2017,445.0,
CXUDRUGSLB0405M,DRUGS,45-54,2018,491.0,
CXUDRUGSLB0405M,DRUGS,45-54,2019,469.0,
CXUDRUGSLB0405M,DRUGS,45-54,2020,440.0,
CXUDRUGSLB0405M,DRUGS,45-54,2021,507.0,
CXUDRUGSLB0405M,DRUGS,45-54,2022,558.0,
CXUDRUGSLB0405M,DRUGS,45-54,2023,497.0,
CXUDRUGSLB0405M,DRUGS,45-54,2024,698.0,
CXUDRUGSLB0406M,DRUGS,55-64,1984,221.0,
CXUDRUGSLB0406M,DRUGS,55-64,1985,221.0,
CXUDRUGSLB0406M,DRUGS,55-64,1986,267.0,
CXUDRUGSLB0406M,DRUGS,55-64,1987,282.0,
CXUDRUGSLB0406M,DRUGS,55-64,1988,335.0,
CXUDRUGSLB0406M,DRUGS,55-64,1989,331.0,
CXUDRUGSLB0406M,DRUGS,55-64,1990,340.0,
CXUDRUGSLB0406M,DRUGS,55-64,1991,339.0,
CXUDRUGSLB0406M,DRUGS,55-64,1992,355.0,
CXUDRUGSLB0406M,DRUGS,55-64,1993,350.0,
CXUDRUGSLB0406M,DRUGS,55-64,1994,349.0,
CXUDRUGSLB0406M,DRUGS,55-64,1995,344.0,
CXUDRUGSLB0406M,DRUGS,55-64,1996,385.0,
CXUDRUGSLB0406M,DRUGS,55-64,1997,407.0,
CXUDRUGSLB0406M,DRUGS,55-64,1998,429.0,
CXUDRUGSLB0406M,DRUGS,55-64,1999,497.0,
CXUDRUGSLB0406M,DRUGS,55-64,2000,538.0,
CXUDRUGSLB0406M,DRUGS,55-64,2001,604.0,
CXUDRUGSLB0406M,DRUGS,55-64,2002,659.0,
CXUDRUGSLB0406M,DRUGS,55-64,2003,627.0,
CXUDRUGSLB0406M,DRUGS,55-64,2004,642.0,
CXUDRUGSLB0406M,DRUGS,55-64,2005,713.0,
CXUDRUGSLB0406M,DRUGS,55-64,2006,759.0,
CXUDRUGSLB0406M,DRUGS,55-64,2007,674.0,
CXUDRUGSLB0406M,DRUGS,55-64,2008,714.0,
CXUDRUGSLB0406M,DRUGS,55-64,2009,679.0,
CXUDRUGSLB0406M,DRUGS,55-64,2010,665.0,
CXUDRUGSLB0406M,DRUGS,55-64,2011,690.0,
CXUDRUGSLB0406M,DRUGS,55-64,2012,724.0,
CXUDRUGSLB0406M,DRUGS,55-64,2013,629.0,
CXUDRUGSLB0406M,DRUGS,55-64,2014,667.0,
CXUDRUGSLB0406M,DRUGS,55-64,2015,533.0,
CXUDRUGSLB0406M,DRUGS,55-64,2016,597.0,
CXUDRUGSLB0406M,DRUGS,55-64,2017,583.0,
CXUDRUGSLB0406M,DRUGS,55-64,2018,562.0,
CXUDRUGSLB0406M,DRUGS,55-64,2019,607.0,
CXUDRUGSLB0406M,DRUGS,55-64,2020,548.0,
CXUDRUGSLB0406M,DRUGS,55-64,2021,584.0,
CXUDRUGSLB0406M,DRUGS,55-64,2022,922.0,6
CXUDRUGSLB0406M,DRUGS,55-64,2023,891.0,
CXUDRUGSLB0406M,DRUGS,55-64,2024,794.0,
CXUDRUGSLB0407M,DRUGS,65+,1988,393.0,
CXUDRUGSLB0407M,DRUGS,65+,1989,428.0,
CXUDRUGSLB0407M,DRUGS,65+,1990,475.0,
CXUDRUGSLB0407M,DRUGS,65+,1991,444.0,
CXUDRUGSLB0407M,DRUGS,65+,1992,527.0,
CXUDRUGSLB0407M,DRUGS,65+,1993,568.0,
CXUDRUGSLB0407M,DRUGS,65+,1994,541.0,
CXUDRUGSLB0407M,DRUGS,65+,1995,545.0,
CXUDRUGSLB0407M,DRUGS,65+,1996,587.0,
CXUDRUGSLB0407M,DRUGS,65+,1997,637.0,
CXUDRUGSLB0407M,DRUGS,65+,1998,670.0,
CXUDRUGSLB0407M,DRUGS,65+,1999,706.0,
CXUDRUGSLB0407M,DRUGS,65+,2000,822.0,
CXUDRUGSLB0407M,DRUGS,65+,2001,884.0,
CXUDRUGSLB0407M,DRUGS,65+,2002,955.0,
CXUDRUGSLB0407M,DRUGS,65+,2003,905.0,
CXUDRUGSLB0407M,DRUGS,65+,2004,920.0,
CXUDRUGSLB0407M,DRUGS,65+,2005,977.0,
CXUDRUGSLB0407M,DRUGS,65+,2006,887.0,
CXUDRUGSLB0407M,DRUGS,65+,2007,859.0,
CXUDRUGSLB0407M,DRUGS,65+,2008,821.0,
CXUDRUGSLB0407M,DRUGS,65+,2009,828.0,
CXUDRUGSLB0407M,DRUGS,65+,2010,805.0,
CXUDRUGSLB0407M,DRUGS,65+,2011,714.0,
CXUDRUGSLB0407M,DRUGS,65+,2012,798.0,
CXUDRUGSLB0407M,DRUGS,65+,2013,730.0,
CXUDRUGSLB0407M,DRUGS,65+,2014,721.0,
CXUDRUGSLB0407M,DRUGS,65+,2015,672.0,
CXUDRUGSLB0407M,DRUGS,65+,2016,715.0,
CXUDRUGSLB0407M,DRUGS,65+,2017,783.0,
CXUDRUGSLB0407M,DRUGS,65+,2018,768.0,
CXUDRUGSLB0407M,DRUGS,65+,2019,737.0,
CXUDRUGSLB0407M,DRUGS,65+,2020,727.0,
CXUDRUGSLB0407M,DRUGS,65+,2021,726.0,
CXUDRUGSLB0407M,DRUGS,65+,2022,843.0,
CXUDRUGSLB0407M,DRUGS,65+,2023,836.0,
CXUDRUGSLB0407M,DRUGS,65+,2024,898.0,
CXUDRUGSLB0408M,DRUGS,65-74,1984,274.0,
CXUDRUGSLB0408M,DRUGS,65-74,1985,309.0,
CXUDRUGSLB0408M,DRUGS,65-74,1986,319.0,
CXUDRUGSLB0408M,DRUGS,65-74,1987,352.0,
CXUDRUGSLB0408M,DRUGS,65-74,1988,397.0,
CXUDRUGSLB0408M,DRUGS,65-74,1989,402.0,
CXUDRUGSLB0408M,DRUGS,65-74,1990,455.0,
CXUDRUGSLB0408M,DRUGS,65-74,1991,421.0,
CXUDRUGSLB0408M,DRUGS,65-74,1992,538.0,
CXUDRUGSLB0408M,DRUGS,65-74,1993,550.0,
CXUDRUGSLB0408M,DRUGS,65-74,1994,504.0,
CXUDRUGSLB0408M,DRUGS,65-74,1995,536.0,
CXUDRUGSLB0408M,DRUGS,65-74,1996,559.0,
CXUDRUGSLB0408M,DRUGS,65-74,1997,594.0,
CXUDRUGSLB0408M,DRUGS,65-74,1998,664.0,
CXUDRUGSLB0408M,DRUGS,65-74,1999,696.0,
CXUDRUGSLB0408M,DRUGS,65-74,2000,744.0,
CXUDRUGSLB0408M,DRUGS,65-74,2001,809.0,
CXUDRUGSLB0408M,DRUGS,65-74,2002,884.0,
CXUDRUGSLB0408M,DRUGS,65-74,2003,838.0,
CXUDRUGSLB0408M,DRUGS,65-74,2004,854.0,
CXUDRUGSLB0408M,DRUGS,65-74,2005,956.0,
CXUDRUGSLB0408M,DRUGS,65-74,2006,859.0,
CXUDRUGSLB0408M,DRUGS,65-74,2007,935.0,
CXUDRUGSLB0408M,DRUGS,65-74,2008,880.0,
CXUDRUGSLB0408M,DRUGS,65-74,2009,865.0,
CXUDRUGSLB0408M,DRUGS,65-74,2010,797.0,
CXUDRUGSLB0408M,DRUGS,65-74,2011,791.0,
CXUDRUGSLB0408M,DRUGS,65-74,2012,813.0,
CXUDRUGSLB0408M,DRUGS,65-74,2013,742.0,
CXUDRUGSLB0408M,DRUGS,65-74,2014,724.0,
CXUDRUGSLB0408M,DRUGS,65-74,2015,708.0,
CXUDRUGSLB0408M,DRUGS,65-74,2016,701.0,
CXUDRUGSLB0408M,DRUGS,65-74,2017,806.0,
CXUDRUGSLB0408M,DRUGS,65-74,2018,752.0,
CXUDRUGSLB0408M,DRUGS,65-74,2019,692.0,
CXUDRUGSLB0408M,DRUGS,65-74,2020,739.0,
CXUDRUGSLB0408M,DRUGS,65-74,2021,729.0,
CXUDRUGSLB0408M,DRUGS,65-74,2022,792.0,
CXUDRUGSLB0408M,DRUGS,65-74,2023,815.0,
CXUDRUGSLB0408M,DRUGS,65-74,2024,855.0,
CXUDRUGSLB0409M,DRUGS,75+,1984,286.0,
CXUDRUGSLB0409M,DRUGS,75+,1985,328.0,
CXUDRUGSLB0409M,DRUGS,75+,1986,339.0,
CXUDRUGSLB0409M,DRUGS,75+,1987,357.0,
CXUDRUGSLB0409M,DRUGS,75+,1988,387.0,
CXUDRUGSLB0409M,DRUGS,75+,1989,465.0,
CXUDRUGSLB0409M,DRUGS,75+,1990,501.0,
CXUDRUGSLB0409M,DRUGS,75+,1991,476.0,
CXUDRUGSLB0409M,DRUGS,75+,1992,513.0,
CXUDRUGSLB0409M,DRUGS,75+,1993,588.0,
CXUDRUGSLB0409M,DRUGS,75+,1994,588.0,
CXUDRUGSLB0409M,DRUGS,75+,1995,556.0,
CXUDRUGSLB0409M,DRUGS,75+,1996,620.0,
CXUDRUGSLB0409M,DRUGS,75+,1997,691.0,
CXUDRUGSLB0409M,DRUGS,75+,1998,676.0,
CXUDRUGSLB0409M,DRUGS,75+,1999,719.0,
CXUDRUGSLB0409M,DRUGS,75+,2000,908.0,
CXUDRUGSLB0409M,DRUGS,75+,2001,965.0,
CXUDRUGSLB0409M,DRUGS,75+,2002,1028.0,
CXUDRUGSLB0409M,DRUGS,75+,2003,971.0,
CXUDRUGSLB0409M,DRUGS,75+,2004,985.0,
CXUDRUGSLB0409M,DRUGS,75+,2005,998.0,
CXUDRUGSLB0409M,DRUGS,75+,2006,916.0,
CXUDRUGSLB0409M,DRUGS,75+,2007,777.0,
CXUDRUGSLB0409M,DRUGS,75+,2008,756.0,
CXUDRUGSLB0409M,DRUGS,75+,2009,787.0,
CXUDRUGSLB0409M,DRUGS,75+,2010,814.0,
CXUDRUGSLB0409M,DRUGS,75+,2011,623.0,
CXUDRUGSLB0409M,DRUGS,75+,2012,779.0,
CXUDRUGSLB0409M,DRUGS,75+,2013,715.0,
CXUDRUGSLB0409M,DRUGS,75+,2014,718.0,
CXUDRUGSLB0409M,DRUGS,75+,2015,623.0,
CXUDRUGSLB0409M,DRUGS,75+,2016,735.0,
CXUDRUGSLB0409M,DRUGS,75+,2017,751.0,
CXUDRUGSLB0409M,DRUGS,75+,2018,792.0,
CXUDRUGSLB0409M,DRUGS,75+,2019,799.0,
CXUDRUGSLB0409M,DRUGS,75+,2020,708.0,
CXUDRUGSLB0409M,DRUGS,75+,2021,720.0,
CXUDRUGSLB0409M,DRUGS,75+,2022,917.0,
CXUDRUGSLB0409M,DRUGS,75+,2023,865.0,
CXUDRUGSLB0409M,DRUGS,75+,2024,959.0,
CXUDRUGSLB0401M,DRUGS,All CUs,1984,167.0,
CXUDRUGSLB0401M,DRUGS,All CUs,1985,178.0,
CXUDRUGSLB0401M,DRUGS,All CUs,1986,192.0,
CXUDRUGSLB0401M,DRUGS,All CUs,1987,203.0,
CXUDRUGSLB0401M,DRUGS,All CUs,1988,223.0,
CXUDRUGSLB0401M,DRUGS,All CUs,1989,240.0,
CXUDRUGSLB0401M,DRUGS,All CUs,1990,252.0,
CXUDRUGSLB0401M,DRUGS,All CUs,1991,252.0,
CXUDRUGSLB0401M,DRUGS,All CUs,1992,278.0,
CXUDRUGSLB0401M,DRUGS,All CUs,1993,301.0,
CXUDRUGSLB0401M,DRUGS,All CUs,1994,286.0,
CXUDRUGSLB0401M,DRUGS,All CUs,1995,280.0,
CXUDRUGSLB0401M,DRUGS,All CUs,1996,303.0,
CXUDRUGSLB0401M,DRUGS,All CUs,1997,320.0,
CXUDRUGSLB0401M,DRUGS,All CUs,1998,346.0,
CXUDRUGSLB0401M,DRUGS,All CUs,1999,370.0,
CXUDRUGSLB0401M,DRUGS,All CUs,2000,416.0,
CXUDRUGSLB0401M,DRUGS,All CUs,2001,449.0,
CXUDRUGSLB0401M,DRUGS,All CUs,2002,487.0,
CXUDRUGSLB0401M,DRUGS,All CUs,2003,467.0,
CXUDRUGSLB0401M,DRUGS,All CUs,2004,480.0,
CXUDRUGSLB0401M,DRUGS,All CUs,2005,521.0,
CXUDRUGSLB0401M,DRUGS,All CUs,2006,514.0,
CXUDRUGSLB0401M,DRUGS,All CUs,2007,481.0,
CXUDRUGSLB0401M,DRUGS,All CUs,2008,482.0,
CXUDRUGSLB0401M,DRUGS,All CUs,2009,486.0,
CXUDRUGSLB0401M,DRUGS,All CUs,2010,485.0,
CXUDRUGSLB0401M,DRUGS,All CUs,2011,489.0,
CXUDRUGSLB0401M,DRUGS,All CUs,2012,515.0,
CXUDRUGSLB0401M,DRUGS,All CUs,2013,470.0,
CXUDRUGSLB0401M,DRUGS,All CUs,2014,486.0,
CXUDRUGSLB0401M,DRUGS,All CUs,2015,425.0,
CXUDRUGSLB0401M,DRUGS,All CUs,2016,463.0,
CXUDRUGSLB0401M,DRUGS,All CUs,2017,486.0,
CXUDRUGSLB0401M,DRUGS,All CUs,2018,483.0,
CXUDRUGSLB0401M,DRUGS,All CUs,2019,486.0,
CXUDRUGSLB0401M,DRUGS,All CUs,2020,476.0,
CXUDRUGSLB0401M,DRUGS,All CUs,2021,498.0,
CXUDRUGSLB0401M,DRUGS,All CUs,2022,615.0,
CXUDRUGSLB0401M,DRUGS,All CUs,2023,591.0,
CXUDRUGSLB0401M,DRUGS,All CUs,2024,658.0,
CXUDRUGSLB0402M,DRUGS,Under 25,1984,56.0,
CXUDRUGSLB0402M,DRUGS,Under 25,1985,50.0,
CXUDRUGSLB0402M,DRUGS,Under 25,1986,51.0,
CXUDRUGSLB0402M,DRUGS,Under 25,1987,52.0,
CXUDRUGSLB0402M,DRUGS,Under 25,1988,58.0,
CXUDRUGSLB0402M,DRUGS,Under 25,1989,48.0,
CXUDRUGSLB0402M,DRUGS,Under 25,1990,65.0,
CXUDRUGSLB0402M,DRUGS,Under 25,1991,56.0,
CXUDRUGSLB0402M,DRUGS,Under 25,1992,72.0,
CXUDRUGSLB0402M,DRUGS,Under 25,1993,45.0,
CXUDRUGSLB0402M,DRUGS,Under 25,1994,71.0,
CXUDRUGSLB0402M,DRUGS,Under 25,1995,65.0,
CXUDRUGSLB0402M,DRUGS,Under 25,1996,74.0,
CXUDRUGSLB0402M,DRUGS,Under 25,1997,65.0,
CXUDRUGSLB0402M,DRUGS,Under 25,1998,79.0,
CXUDRUGSLB0402M,DRUGS,Under 25,1999,97.0,
CXUDRUGSLB0402M,DRUGS,Under 25,2000,81.0,
CXUDRUGSLB0402M,DRUGS,Under 25,2001,107.0,
CXUDRUGSLB0402M,DRUGS,Under 25,2002,130.0,
CXUDRUGSLB0402M,DRUGS,Under 25,2003,100.0,
CXUDRUGSLB0402M,DRUGS,Under 25,2004,118.0,
CXUDRUGSLB0402M,DRUGS,Under 25,2005,99.0,
CXUDRUGSLB0402M,DRUGS,Under 25,2006,97.0,
CXUDRUGSLB0402M,DRUGS,Under 25,2007,103.0,
CXUDRUGSLB0402M,DRUGS,Under 25,2008,117.0,
CXUDRUGSLB0402M,DRUGS,Under 25,2009,97.0,
CXUDRUGSLB0402M,DRUGS,Under 25,2010,102.0,
CXUDRUGSLB0402M,DRUGS,Under 25,2011,93.0,
CXUDRUGSLB0402M,DRUGS,Under 25,2012,114.0,
CXUDRUGSLB0402M,DRUGS,Under 25,2013,103.0,
CXUDRUGSLB0402M,DRUGS,Under 25,2014,117.0,
CXUDRUGSLB0402M,DRUGS,Under 25,2015,102.0,
CXUDRUGSLB0402M,DRUGS,Under 25,2016,80.0,
CXUDRUGSLB0402M,DRUGS,Under 25,2017,99.0,
CXUDRUGSLB0402M,DRUGS,Under 25,2018,131.0,
CXUDRUGSLB0402M,DRUGS,Under 25,2019,152.0,
CXUDRUGSLB0402M,DRUGS,Under 25,2020,120.0,
CXUDRUGSLB0402M,DRUGS,Under 25,2021,136.0,
CXUDRUGSLB0402M,DRUGS,Under 25,2022,118.0,
CXUDRUGSLB0402M,DRUGS,Under 25,2023,109.0,
CXUDRUGSLB0402M,DRUGS,Under 25,2024,169.0,
CXUEDUCATNLB0403M,EDUCATN,25-34,1984,217.0,
CXUEDUCATNLB0403M,EDUCATN,25-34,1985,221.0,
CXUEDUCATNLB0403M,EDUCATN,25-34,1986,202.0,
CXUEDUCATNLB0403M,EDUCATN,25-34,1987,229.0,
CXUEDUCATNLB0403M,EDUCATN,25-34,1988,247.0,
CXUEDUCATNLB0403M,EDUCATN,25-34,1989,229.0,
CXUEDUCATNLB0403M,EDUCATN,25-34,1990,325.0,
CXUEDUCATNLB0403M,EDUCATN,25-34,1991,323.0,
CXUEDUCATNLB0403M,EDUCATN,25-34,1992,305.0,
CXUEDUCATNLB0403M,EDUCATN,25-34,1993,270.0,
CXUEDUCATNLB0403M,EDUCATN,25-34,1994,368.0,
CXUEDUCATNLB0403M,EDUCATN,25-34,1995,335.0,
CXUEDUCATNLB0403M,EDUCATN,25-34,1996,530.0,
CXUEDUCATNLB0403M,EDUCATN,25-34,1997,483.0,
CXUEDUCATNLB0403M,EDUCATN,25-34,1998,499.0,
CXUEDUCATNLB0403M,EDUCATN,25-34,1999,453.0,
CXUEDUCATNLB0403M,EDUCATN,25-34,2000,585.0,
CXUEDUCATNLB0403M,EDUCATN,25-34,2001,477.0,
CXUEDUCATNLB0403M,EDUCATN,25-34,2002,571.0,
CXUEDUCATNLB0403M,EDUCATN,25-34,2003,684.0,
CXUEDUCATNLB0403M,EDUCATN,25-34,2004,726.0,
CXUEDUCATNLB0403M,EDUCATN,25-34,2005,779.0,
CXUEDUCATNLB0403M,EDUCATN,25-34,2006,710.0,
CXUEDUCATNLB0403M,EDUCATN,25-34,2007,604.0,
CXUEDUCATNLB0403M,EDUCATN,25-34,2008,759.0,
CXUEDUCATNLB0403M,EDUCATN,25-34,2009,808.0,
CXUEDUCATNLB0403M,EDUCATN,25-34,2010,839.0,
CXUEDUCATNLB0403M,EDUCATN,25-34,2011,1049.0,
CXUEDUCATNLB0403M,EDUCATN,25-34,2012,1021.0,
CXUEDUCATNLB0403M,EDUCATN,25-34,2013,1019.0,
CXUEDUCATNLB0403M,EDUCATN,25-34,2014,1087.0,
CXUEDUCATNLB0403M,EDUCATN,25-34,2015,1123.0,
CXUEDUCATNLB0403M,EDUCATN,25-34,2016,1197.0,
CXUEDUCATNLB0403M,EDUCATN,25-34,2017,1234.0,
CXUEDUCATNLB0403M,EDUCATN,25-34,2018,1095.0,
CXUEDUCATNLB0403M,EDUCATN,25-34,2019,1197.0,
CXUEDUCATNLB0403M,EDUCATN,25-34,2020,1148.0,
CXUEDUCATNLB0403M,EDUCATN,25-34,2021,1015.0,
CXUEDUCATNLB0403M,EDUCATN,25-34,2022,982.0,
CXUEDUCATNLB0403M,EDUCATN,25-34,2023,1118.0,
CXUEDUCATNLB0403M,EDUCATN,25-34,2024,1418.0,
CXUEDUCATNLB0404M,EDUCATN,35-44,1984,395.0,
CXUEDUCATNLB0404M,EDUCATN,35-44,1985,395.0,
CXUEDUCATNLB0404M,EDUCATN,35-44,1986,426.0,
CXUEDUCATNLB0404M,EDUCATN,35-44,1987,463.0,
CXUEDUCATNLB0404M,EDUCATN,35-44,1988,454.0,
CXUEDUCATNLB0404M,EDUCATN,35-44,1989,494.0,
CXUEDUCATNLB0404M,EDUCATN,35-44,1990,465.0,
CXUEDUCATNLB0404M,EDUCATN,35-44,1991,507.0,
CXUEDUCATNLB0404M,EDUCATN,35-44,1992,533.0,
CXUEDUCATNLB0404M,EDUCATN,35-44,1993,438.0,
CXUEDUCATNLB0404M,EDUCATN,35-44,1994,483.0,
CXUEDUCATNLB0404M,EDUCATN,35-44,1995,437.0,
CXUEDUCATNLB0404M,EDUCATN,35-44,1996,512.0,
CXUEDUCATNLB0404M,EDUCATN,35-44,1997,604.0,
CXUEDUCATNLB0404M,EDUCATN,35-44,1998,597.0,
CXUEDUCATNLB0404M,EDUCATN,35-44,1999,637.0,
CXUEDUCATNLB0404M,EDUCATN,35-44,2000,615.0,
CXUEDUCATNLB0404M,EDUCATN,35-44,2001,669.0,
CXUEDUCATNLB0404M,EDUCATN,35-44,2002,738.0,
CXUEDUCATNLB0404M,EDUCATN,35-44,2003,694.0,
CXUEDUCATNLB0404M,EDUCATN,35-44,2004,786.0,
CXUEDUCATNLB0404M,EDUCATN,35-44,2005,931.0,
CXUEDUCATNLB0404M,EDUCATN,35-44,2006,857.0,
CXUEDUCATNLB0404M,EDUCATN,35-44,2007,819.0,
CXUEDUCATNLB0404M,EDUCATN,35-44,2008,953.0,
CXUEDUCATNLB0404M,EDUCATN,35-44,2009,935.0,
CXUEDUCATNLB0404M,EDUCATN,35-44,2010,963.0,
CXUEDUCATNLB0404M,EDUCATN,35-44,2011,818.0,
CXUEDUCATNLB0404M,EDUCATN,35-44,2012,1050.0,
CXUEDUCATNLB0404M,EDUCATN,35-44,2013,903.0,
CXUEDUCATNLB0404M,EDUCATN,35-44,2014,1233.0,
CXUEDUCATNLB0404M,EDUCATN,35-44,2015,1178.0,
CXUEDUCATNLB0404M,EDUCATN,35-44,2016,1286.0,
CXUEDUCATNLB0404M,EDUCATN,35-44,2017,1004.0,
CXUEDUCATNLB0404M,EDUCATN,35-44,2018,1130.0,
CXUEDUCATNLB0404M,EDUCATN,35-44,2019,1235.0,
CXUEDUCATNLB0404M,EDUCATN,35-44,2020,1114.0,
CXUEDUCATNLB0404M,EDUCATN,35-44,2021,1092.0,
CXUEDUCATNLB0404M,EDUCATN,35-44,2022,1237.0,
CXUEDUCATNLB0404M,EDUCATN,35-44,2023,1732.0,
CXUEDUCATNLB0404M,EDUCATN,35-44,2024,1445.0,
CXUEDUCATNLB0405M,EDUCATN,45-54,1984,496.0,
CXUEDUCATNLB0405M,EDUCATN,45-54,1985,711.0,
CXUEDUCATNLB0405M,EDUCATN,45-54,1986,624.0,
CXUEDUCATNLB0405M,EDUCATN,45-54,1987,679.0,
CXUEDUCATNLB0405M,EDUCATN,45-54,1988,678.0,
CXUEDUCATNLB0405M,EDUCATN,45-54,1989,734.0,
CXUEDUCATNLB0405M,EDUCATN,45-54,1990,732.0,
CXUEDUCATNLB0405M,EDUCATN,45-54,1991,835.0,
CXUEDUCATNLB0405M,EDUCATN,45-54,1992,809.0,
CXUEDUCATNLB0405M,EDUCATN,45-54,1993,1114.0,
CXUEDUCATNLB0405M,EDUCATN,45-54,1994,882.0,
CXUEDUCATNLB0405M,EDUCATN,45-54,1995,1029.0,
CXUEDUCATNLB0405M,EDUCATN,45-54,1996,843.0,
CXUEDUCATNLB0405M,EDUCATN,45-54,1997,1068.0,
CXUEDUCATNLB0405M,EDUCATN,45-54,1998,1051.0,
CXUEDUCATNLB0405M,EDUCATN,45-54,1999,1125.0,
CXUEDUCATNLB0405M,EDUCATN,45-54,2000,1146.0,
CXUEDUCATNLB0405M,EDUCATN,45-54,2001,1036.0,
CXUEDUCATNLB0405M,EDUCATN,45-54,2002,1208.0,
CXUEDUCATNLB0405M,EDUCATN,45-54,2003,1377.0,
CXUEDUCATNLB0405M,EDUCATN,45-54,2004,1567.0,
CXUEDUCATNLB0405M,EDUCATN,45-54,2005,1769.0,
CXUEDUCATNLB0405M,EDUCATN,45-54,2006,1736.0,
CXUEDUCATNLB0405M,EDUCATN,45-54,2007,1687.0,
CXUEDUCATNLB0405M,EDUCATN,45-54,2008,2012.0,
CXUEDUCATNLB0405M,EDUCATN,45-54,2009,2055.0,
CXUEDUCATNLB0405M,EDUCATN,45-54,2010,2094.0,
CXUEDUCATNLB0405M,EDUCATN,45-54,2011,1879.0,
CXUEDUCATNLB0405M,EDUCATN,45-54,2012,2426.0,
CXUEDUCATNLB0405M,EDUCATN,45-54,2013,1970.0,
CXUEDUCATNLB0405M,EDUCATN,45-54,2014,2283.0,
CXUEDUCATNLB0405M,EDUCATN,45-54,2015,2659.0,
CXUEDUCATNLB0405M,EDUCATN,45-54,2016,2456.0,
CXUEDUCATNLB0405M,EDUCATN,45-54,2017,3213.0,
CXUEDUCATNLB0405M,EDUCATN,45-54,2018,2808.0,
CXUEDUCATNLB0405M,EDUCATN,45-54,2019,2698.0,
CXUEDUCATNLB0405M,EDUCATN,45-54,2020,2611.0,
CXUEDUCATNLB0405M,EDUCATN,45-54,2021,2579.0,
CXUEDUCATNLB0405M,EDUCATN,45-54,2022,2661.0,
CXUEDUCATNLB0405M,EDUCATN,45-54,2023,3193.0,
CXUEDUCATNLB0405M,EDUCATN,45-54,2024,3181.0,
CXUEDUCATNLB0406M,EDUCATN,55-64,1984,248.0,
CXUEDUCATNLB0406M,EDUCATN,55-64,1985,231.0,
CXUEDUCATNLB0406M,EDUCATN,55-64,1986,245.0,
CXUEDUCATNLB0406M,EDUCATN,55-64,1987,248.0,
CXUEDUCATNLB0406M,EDUCATN,55-64,1988,234.0,
CXUEDUCATNLB0406M,EDUCATN,55-64,1989,256.0,
CXUEDUCATNLB0406M,EDUCATN,55-64,1990,376.0,
CXUEDUCATNLB0406M,EDUCATN,55-64,1991,465.0,
CXUEDUCATNLB0406M,EDUCATN,55-64,1992,282.0,
CXUEDUCATNLB0406M,EDUCATN,55-64,1993,209.0,
CXUEDUCATNLB0406M,EDUCATN,55-64,1994,351.0,
CXUEDUCATNLB0406M,EDUCATN,55-64,1995,364.0,
CXUEDUCATNLB0406M,EDUCATN,55-64,1996,433.0,
CXUEDUCATNLB0406M,EDUCATN,55-64,1997,281.0,
CXUEDUCATNLB0406M,EDUCATN,55-64,1998,388.0,
CXUEDUCATNLB0406M,EDUCATN,55-64,1999,552.0,
CXUEDUCATNLB0406M,EDUCATN,55-64,2000,380.0,
CXUEDUCATNLB0406M,EDUCATN,55-64,2001,438.0,
CXUEDUCATNLB0406M,EDUCATN,55-64,2002,589.0,
CXUEDUCATNLB0406M,EDUCATN,55-64,2003,743.0,
CXUEDUCATNLB0406M,EDUCATN,55-64,2004,730.0,
CXUEDUCATNLB0406M,EDUCATN,55-64,2005,733.0,
CXUEDUCATNLB0406M,EDUCATN,55-64,2006,662.0,
CXUEDUCATNLB0406M,EDUCATN,55-64,2007,929.0,
CXUEDUCATNLB0406M,EDUCATN,55-64,2008,867.0,
CXUEDUCATNLB0406M,EDUCATN,55-64,2009,1003.0,
CXUEDUCATNLB0406M,EDUCATN,55-64,2010,917.0,
CXUEDUCATNLB0406M,EDUCATN,55-64,2011,866.0,
CXUEDUCATNLB0406M,EDUCATN,55-64,2012,1118.0,
CXUEDUCATNLB0406M,EDUCATN,55-64,2013,1241.0,
CXUEDUCATNLB0406M,EDUCATN,55-64,2014,1044.0,
CXUEDUCATNLB0406M,EDUCATN,55-64,2015,1162.0,
CXUEDUCATNLB0406M,EDUCATN,55-64,2016,1090.0,
CXUEDUCATNLB0406M,EDUCATN,55-64,2017,1644.0,
CXUEDUCATNLB0406M,EDUCATN,55-64,2018,1732.0,
CXUEDUCATNLB0406M,EDUCATN,55-64,2019,1782.0,
CXUEDUCATNLB0406M,EDUCATN,55-64,2020,1259.0,
CXUEDUCATNLB0406M,EDUCATN,55-64,2021,1457.0,
CXUEDUCATNLB0406M,EDUCATN,55-64,2022,1537.0,
CXUEDUCATNLB0406M,EDUCATN,55-64,2023,2028.0,
CXUEDUCATNLB0406M,EDUCATN,55-64,2024,1856.0,
CXUEDUCATNLB0407M,EDUCATN,65+,1988,60.0,
CXUEDUCATNLB0407M,EDUCATN,65+,1989,70.0,
CXUEDUCATNLB0407M,EDUCATN,65+,1990,54.0,
CXUEDUCATNLB0407M,EDUCATN,65+,1991,54.0,
CXUEDUCATNLB0407M,EDUCATN,65+,1992,93.0,
CXUEDUCATNLB0407M,EDUCATN,65+,1993,107.0,
CXUEDUCATNLB0407M,EDUCATN,65+,1994,114.0,
CXUEDUCATNLB0407M,EDUCATN,65+,1995,155.0,
CXUEDUCATNLB0407M,EDUCATN,65+,1996,104.0,
CXUEDUCATNLB0407M,EDUCATN,65+,1997,153.0,
CXUEDUCATNLB0407M,EDUCATN,65+,1998,102.0,
CXUEDUCATNLB0407M,EDUCATN,65+,1999,139.0,
CXUEDUCATNLB0407M,EDUCATN,65+,2000,108.0,
CXUEDUCATNLB0407M,EDUCATN,65+,2001,173.0,
CXUEDUCATNLB0407M,EDUCATN,65+,2002,202.0,
CXUEDUCATNLB0407M,EDUCATN,65+,2003,129.0,
CXUEDUCATNLB0407M,EDUCATN,65+,2004,274.0,
CXUEDUCATNLB0407M,EDUCATN,65+,2005,211.0,
CXUEDUCATNLB0407M,EDUCATN,65+,2006,219.0,
CXUEDUCATNLB0407M,EDUCATN,65+,2007,292.0,
CXUEDUCATNLB0407M,EDUCATN,65+,2008,272.0,
CXUEDUCATNLB0407M,EDUCATN,65+,2009,162.0,
CXUEDUCATNLB0407M,EDUCATN,65+,2010,193.0,
CXUEDUCATNLB0407M,EDUCATN,65+,2011,247.0,
CXUEDUCATNLB0407M,EDUCATN,65+,2012,236.0,
CXUEDUCATNLB0407M,EDUCATN,65+,2013,319.0,
CXUEDUCATNLB0407M,EDUCATN,65+,2014,225.0,
CXUEDUCATNLB0407M,EDUCATN,65+,2015,263.0,
CXUEDUCATNLB0407M,EDUCATN,65+,2016,350.0,
CXUEDUCATNLB0407M,EDUCATN,65+,2017,388.0,
CXUEDUCATNLB0407M,EDUCATN,65+,2018,375.0,
CXUEDUCATNLB0407M,EDUCATN,65+,2019,349.0,6
CXUEDUCATNLB0407M,EDUCATN,65+,2020,450.0,
CXUEDUCATNLB0407M,EDUCATN,65+,2021,280.0,
CXUEDUCATNLB0407M,EDUCATN,65+,2022,373.0,
CXUEDUCATNLB0407M,EDUCATN,65+,2023,523.0,
CXUEDUCATNLB0407M,EDUCATN,65+,2024,429.0,
CXUEDUCATNLB0408M,EDUCATN,65-74,1984,76.0,
CXUEDUCATNLB0408M,EDUCATN,65-74,1985,87.0,
CXUEDUCATNLB0408M,EDUCATN,65-74,1986,75.0,
CXUEDUCATNLB0408M,EDUCATN,65-74,1987,83.0,
CXUEDUCATNLB0408M,EDUCATN,65-74,1988,81.0,
CXUEDUCATNLB0408M,EDUCATN,65-74,1989,96.0,
CXUEDUCATNLB0408M,EDUCATN,65-74,1990,48.0,
CXUEDUCATNLB0408M,EDUCATN,65-74,1991,66.0,
CXUEDUCATNLB0408M,EDUCATN,65-74,1992,54.0,
CXUEDUCATNLB0408M,EDUCATN,65-74,1993,156.0,
CXUEDUCATNLB0408M,EDUCATN,65-74,1994,178.0,
CXUEDUCATNLB0408M,EDUCATN,65-74,1995,237.0,
CXUEDUCATNLB0408M,EDUCATN,65-74,1996,133.0,
CXUEDUCATNLB0408M,EDUCATN,65-74,1997,227.0,
CXUEDUCATNLB0408M,EDUCATN,65-74,1998,150.0,
CXUEDUCATNLB0408M,EDUCATN,65-74,1999,165.0,
CXUEDUCATNLB0408M,EDUCATN,65-74,2000,149.0,
CXUEDUCATNLB0408M,EDUCATN,65-74,2001,201.0,
CXUEDUCATNLB0408M,EDUCATN,65-74,2002,289.0,
CXUEDUCATNLB0408M,EDUCATN,65-74,2003,176.0,
CXUEDUCATNLB0408M,EDUCATN,65-74,2004,352.0,
CXUEDUCATNLB0408M,EDUCATN,65-74,2005,256.0,
CXUEDUCATNLB0408M,EDUCATN,65-74,2006,274.0,
CXUEDUCATNLB0408M,EDUCATN,65-74,2007,245.0,
CXUEDUCATNLB0408M,EDUCATN,65-74,2008,345.0,
CXUEDUCATNLB0408M,EDUCATN,65-74,2009,181.0,
CXUEDUCATNLB0408M,EDUCATN,65-74,2010,240.0,
CXUEDUCATNLB0408M,EDUCATN,65-74,2011,262.0,
CXUEDUCATNLB0408M,EDUCATN,65-74,2012,245.0,
CXUEDUCATNLB0408M,EDUCATN,65-74,2013,349.0,
CXUEDUCATNLB0408M,EDUCATN,65-74,2014,318.0,
CXUEDUCATNLB0408M,EDUCATN,65-74,2015,294.0,
CXUEDUCATNLB0408M,EDUCATN,65-74,2016,503.0,
CXUEDUCATNLB0408M,EDUCATN,65-74,2017,477.0,
CXUEDUCATNLB0408M,EDUCATN,65-74,2018,504.0,6
CXUEDUCATNLB0408M,EDUCATN,65-74,2019,433.0,6
CXUEDUCATNLB0408M,EDUCATN,65-74,2020,416.0,6
CXUEDUCATNLB0408M,EDUCATN,65-74,2021,249.0,
CXUEDUCATNLB0408M,EDUCATN,65-74,2022,400.0,6
CXUEDUCATNLB0408M,EDUCATN,65-74,2023,514.0,
CXUEDUCATNLB0408M,EDUCATN,65-74,2024,482.0,
CXUEDUCATNLB0409M,EDUCATN,75+,1984,91.0,
CXUEDUCATNLB0409M,EDUCATN,75+,1985,32.0,
CXUEDUCATNLB0409M,EDUCATN,75+,1986,17.0,
CXUEDUCATNLB0409M,EDUCATN,75+,1987,8.0,
CXUEDUCATNLB0409M,EDUCATN,75+,1988,31.0,
CXUEDUCATNLB0409M,EDUCATN,75+,1989,33.0,
CXUEDUCATNLB0409M,EDUCATN,75+,1990,61.0,
CXUEDUCATNLB0409M,EDUCATN,75+,1991,38.0,
CXUEDUCATNLB0409M,EDUCATN,75+,1992,140.0,
CXUEDUCATNLB0409M,EDUCATN,75+,1993,48.0,
CXUEDUCATNLB0409M,EDUCATN,75+,1994,33.0,
CXUEDUCATNLB0409M,EDUCATN,75+,1995,54.0,
CXUEDUCATNLB0409M,EDUCATN,75+,1996,69.0,
CXUEDUCATNLB0409M,EDUCATN,75+,1997,61.0,
CXUEDUCATNLB0409M,EDUCATN,75+,1998,46.0,
CXUEDUCATNLB0409M,EDUCATN,75+,1999,111.0,
CXUEDUCATNLB0409M,EDUCATN,75+,2000,63.0,
CXUEDUCATNLB0409M,EDUCATN,75+,2001,143.0,
CXUEDUCATNLB0409M,EDUCATN,75+,2002,112.0,
CXUEDUCATNLB0409M,EDUCATN,75+,2003,81.0,
CXUEDUCATNLB0409M,EDUCATN,75+,2004,198.0,
CXUEDUCATNLB0409M,EDUCATN,75+,2005,165.0,
CXUEDUCATNLB0409M,EDUCATN,75+,2006,162.0,
CXUEDUCATNLB0409M,EDUCATN,75+,2007,341.0,
CXUEDUCATNLB0409M,EDUCATN,75+,2008,192.0,
CXUEDUCATNLB0409M,EDUCATN,75+,2009,141.0,
CXUEDUCATNLB0409M,EDUCATN,75+,2010,140.0,
CXUEDUCATNLB0409M,EDUCATN,75+,2011,229.0,6
CXUEDUCATNLB0409M,EDUCATN,75+,2012,223.0,6
CXUEDUCATNLB0409M,EDUCATN,75+,2013,280.0,6
CXUEDUCATNLB0409M,EDUCATN,75+,2014,102.0,
CXUEDUCATNLB0409M,EDUCATN,75+,2015,221.0,6
CXUEDUCATNLB0409M,EDUCATN,75+,2016,138.0,
CXUEDUCATNLB0409M,EDUCATN,75+,2017,262.0,6
CXUEDUCATNLB0409M,EDUCATN,75+,2018,194.0,6
CXUEDUCATNLB0409M,EDUCATN,75+,2019,237.0,6
CXUEDUCATNLB0409M,EDUCATN,75+,2020,497.0,6
CXUEDUCATNLB0409M,EDUCATN,75+,2021,325.0,6
CXUEDUCATNLB0409M,EDUCATN,75+,2022,335.0,6
CXUEDUCATNLB0409M,EDUCATN,75+,2023,534.0,6
CXUEDUCATNLB0409M,EDUCATN,75+,2024,354.0,6
CXUEDUCATNLB0401M,EDUCATN,All CUs,1984,303.0,
CXUEDUCATNLB0401M,EDUCATN,All CUs,1985,321.0,
CXUEDUCATNLB0401M,EDUCATN,All CUs,1986,314.0,
CXUEDUCATNLB0401M,EDUCATN,All CUs,1987,337.0,
CXUEDUCATNLB0401M,EDUCATN,All CUs,1988,342.0,
CXUEDUCATNLB0401M,EDUCATN,All CUs,1989,367.0,
CXUEDUCATNLB0401M,EDUCATN,All CUs,1990,406.0,
CXUEDUCATNLB0401M,EDUCATN,All CUs,1991,447.0,
CXUEDUCATNLB0401M,EDUCATN,All CUs,1992,426.0,
CXUEDUCATNLB0401M,EDUCATN,All CUs,1993,455.0,
CXUEDUCATNLB0401M,EDUCATN,All CUs,1994,460.0,
CXUEDUCATNLB0401M,EDUCATN,All CUs,1995,471.0,
CXUEDUCATNLB0401M,EDUCATN,All CUs,1996,524.0,
CXUEDUCATNLB0401M,EDUCATN,All CUs,1997,571.0,
CXUEDUCATNLB0401M,EDUCATN,All CUs,1998,580.0,
CXUEDUCATNLB0401M,EDUCATN,All CUs,1999,635.0,
CXUEDUCATNLB0401M,EDUCATN,All CUs,2000,632.0,
CXUEDUCATNLB0401M,EDUCATN,All CUs,2001,648.0,
CXUEDUCATNLB0401M,EDUCATN,All CUs,2002,752.0,
CXUEDUCATNLB0401M,EDUCATN,All CUs,2003,783.0,
CXUEDUCATNLB0401M,EDUCATN,All CUs,2004,905.0,
CXUEDUCATNLB0401M,EDUCATN,All CUs,2005,940.0,
CXUEDUCATNLB0401M,EDUCATN,All CUs,2006,888.0,
CXUEDUCATNLB0401M,EDUCATN,All CUs,2007,945.0,
CXUEDUCATNLB0401M,EDUCATN,All CUs,2008,1046.0,
CXUEDUCATNLB0401M,EDUCATN,All CUs,2009,1068.0,
CXUEDUCATNLB0401M,EDUCATN,All CUs,2010,1074.0,
CXUEDUCATNLB0401M,EDUCATN,All CUs,2011,1051.0,
CXUEDUCATNLB0401M,EDUCATN,All CUs,2012,1207.0,
CXUEDUCATNLB0401M,EDUCATN,All CUs,2013,1138.0,
CXUEDUCATNLB0401M,EDUCATN,All CUs,2014,1236.0,
CXUEDUCATNLB0401M,EDUCATN,All CUs,2015,1315.0,
CXUEDUCATNLB0401M,EDUCATN,All CUs,2016,1329.0,
CXUEDUCATNLB0401M,EDUCATN,All CUs,2017,1491.0,
CXUEDUCATNLB0401M,EDUCATN,All CUs,2018,1407.0,
CXUEDUCATNLB0401M,EDUCATN,All CUs,2019,1443.0,
CXUEDUCATNLB0401M,EDUCATN,All CUs,2020,1271.0,
CXUEDUCATNLB0401M,EDUCATN,All CUs,2021,1226.0,
CXUEDUCATNLB0401M,EDUCATN,All CUs,2022,1335.0,
CXUEDUCATNLB0401M,EDUCATN,All CUs,2023,1656.0,
CXUEDUCATNLB0401M,EDUCATN,All CUs,2024,1569.0,
CXUEDUCATNLB0402M,EDUCATN,Under 25,1984,570.0,
CXUEDUCATNLB0402M,EDUCATN,Under 25,1985,530.0,
CXUEDUCATNLB0402M,EDUCATN,Under 25,1986,598.0,
CXUEDUCATNLB0402M,EDUCATN,Under 25,1987,616.0,
CXUEDUCATNLB0402M,EDUCATN,Under 25,1988,646.0,
CXUEDUCATNLB0402M,EDUCATN,Under 25,1989,665.0,
CXUEDUCATNLB0402M,EDUCATN,Under 25,1990,817.0,
CXUEDUCATNLB0402M,EDUCATN,Under 25,1991,871.0,
CXUEDUCATNLB0402M,EDUCATN,Under 25,1992,833.0,
CXUEDUCATNLB0402M,EDUCATN,Under 25,1993,907.0,
CXUEDUCATNLB0402M,EDUCATN,Under 25,1994,812.0,
CXUEDUCATNLB0402M,EDUCATN,Under 25,1995,667.0,
CXUEDUCATNLB0402M,EDUCATN,Under 25,1996,1068.0,
CXUEDUCATNLB0402M,EDUCATN,Under 25,1997,1114.0,
CXUEDUCATNLB0402M,EDUCATN,Under 25,1998,1139.0,
CXUEDUCATNLB0402M,EDUCATN,Under 25,1999,1277.0,
CXUEDUCATNLB0402M,EDUCATN,Under 25,2000,1257.0,
CXUEDUCATNLB0402M,EDUCATN,Under 25,2001,1511.0,
CXUEDUCATNLB0402M,EDUCATN,Under 25,2002,1664.0,
CXUEDUCATNLB0402M,EDUCATN,Under 25,2003,1490.0,
CXUEDUCATNLB0402M,EDUCATN,Under 25,2004,1821.0,
CXUEDUCATNLB0402M,EDUCATN,Under 25,2005,1359.0,
CXUEDUCATNLB0402M,EDUCATN,Under 25,2006,1259.0,
CXUEDUCATNLB0402M,EDUCATN,Under 25,2007,1787.0,
CXUEDUCATNLB0402M,EDUCATN,Under 25,2008,1691.0,
CXUEDUCATNLB0402M,EDUCATN,Under 25,2009,1910.0,
CXUEDUCATNLB0402M,EDUCATN,Under 25,2010,1906.0,
CXUEDUCATNLB0402M,EDUCATN,Under 25,2011,2253.0,
CXUEDUCATNLB0402M,EDUCATN,Under 25,2012,1886.0,
CXUEDUCATNLB0402M,EDUCATN,Under 25,2013,2055.0,
CXUEDUCATNLB0402M,EDUCATN,Under 25,2014,2721.0,
CXUEDUCATNLB0402M,EDUCATN,Under 25,2015,2572.0,
CXUEDUCATNLB0402M,EDUCATN,Under 25,2016,3106.0,6
CXUEDUCATNLB0402M,EDUCATN,Under 25,2017,2333.0,
CXUEDUCATNLB0402M,EDUCATN,Under 25,2018,2270.0,
CXUEDUCATNLB0402M,EDUCATN,Under 25,2019,2993.0,
CXUEDUCATNLB0402M,EDUCATN,Under 25,2020,2264.0,
CXUEDUCATNLB0402M,EDUCATN,Under 25,2021,2096.0,
CXUEDUCATNLB0402M,EDUCATN,Under 25,2022,2960.0,
CXUEDUCATNLB0402M,EDUCATN,Under 25,2023,2966.0,6
CXUEDUCATNLB0402M,EDUCATN,Under 25,2024,2652.0,6
CXUENTRTAINLB0403M,ENTRTAIN,25-34,1984,1205.0,
CXUENTRTAINLB0403M,ENTRTAIN,25-34,1985,1328.0,
CXUENTRTAINLB0403M,ENTRTAIN,25-34,1986,1165.0,
CXUENTRTAINLB0403M,ENTRTAIN,25-34,1987,1301.0,
CXUENTRTAINLB0403M,ENTRTAIN,25-34,1988,1396.0,
CXUENTRTAINLB0403M,ENTRTAIN,25-34,1989,1383.0,
CXUENTRTAINLB0403M,ENTRTAIN,25-34,1990,1472.0,
CXUENTRTAINLB0403M,ENTRTAIN,25-34,1991,1630.0,
CXUENTRTAINLB0403M,ENTRTAIN,25-34,1992,1569.0,
CXUENTRTAINLB0403M,ENTRTAIN,25-34,1993,1511.0,
CXUENTRTAINLB0403M,ENTRTAIN,25-34,1994,1519.0,
CXUENTRTAINLB0403M,ENTRTAIN,25-34,1995,1685.0,
CXUENTRTAINLB0403M,ENTRTAIN,25-34,1996,1734.0,
CXUENTRTAINLB0403M,ENTRTAIN,25-34,1997,1865.0,
CXUENTRTAINLB0403M,ENTRTAIN,25-34,1998,1757.0,
CXUENTRTAINLB0403M,ENTRTAIN,25-34,1999,1776.0,
CXUENTRTAINLB0403M,ENTRTAIN,25-34,2000,1876.0,
CXUENTRTAINLB0403M,ENTRTAIN,25-34,2001,2001.0,
CXUENTRTAINLB0403M,ENTRTAIN,25-34,2002,2027.0,
CXUENTRTAINLB0403M,ENTRTAIN,25-34,2003,1958.0,
CXUENTRTAINLB0403M,ENTRTAIN,25-34,2004,2122.0,
CXUENTRTAINLB0403M,ENTRTAIN,25-34,2005,2455.0,
CXUENTRTAINLB0403M,ENTRTAIN,25-34,2006,2237.0,
CXUENTRTAINLB0403M,ENTRTAIN,25-34,2007,2462.0,
CXUENTRTAINLB0403M,ENTRTAIN,25-34,2008,2766.0,
CXUENTRTAINLB0403M,ENTRTAIN,25-34,2009,2504.0,
CXUENTRTAINLB0403M,ENTRTAIN,25-34,2010,2251.0,
CXUENTRTAINLB0403M,ENTRTAIN,25-34,2011,2423.0,
CXUENTRTAINLB0403M,ENTRTAIN,25-34,2012,2382.0,
CXUENTRTAINLB0403M,ENTRTAIN,25-34,2013,2214.0,
CXUENTRTAINLB0403M,ENTRTAIN,25-34,2014,2418.0,
CXUENTRTAINLB0403M,ENTRTAIN,25-34,2015,2475.0,
CXUENTRTAINLB0403M,ENTRTAIN,25-34,2016,2564.0,
CXUENTRTAINLB0403M,ENTRTAIN,25-34,2017,2644.0,
CXUENTRTAINLB0403M,ENTRTAIN,25-34,2018,2547.0,
CXUENTRTAINLB0403M,ENTRTAIN,25-34,2019,2395.0,
CXUENTRTAINLB0403M,ENTRTAIN,25-34,2020,2570.0,
CXUENTRTAINLB0403M,ENTRTAIN,25-34,2021,3198.0,
CXUENTRTAINLB0403M,ENTRTAIN,25-34,2022,2884.0,
CXUENTRTAINLB0403M,ENTRTAIN,25-34,2023,3008.0,
CXUENTRTAINLB0403M,ENTRTAIN,25-34,2024,3224.0,
CXUENTRTAINLB0404M,ENTRTAIN,35-44,1984,1494.0,
CXUENTRTAINLB0404M,ENTRTAIN,35-44,1985,1599.0,
CXUENTRTAINLB0404M,ENTRTAIN,35-44,1986,1739.0,
CXUENTRTAINLB0404M,ENTRTAIN,35-44,1987,1681.0,
CXUENTRTAINLB0404M,ENTRTAIN,35-44,1988,1975.0,
CXUENTRTAINLB0404M,ENTRTAIN,35-44,1989,2081.0,
CXUENTRTAINLB0404M,ENTRTAIN,35-44,1990,1837.0,
CXUENTRTAINLB0404M,ENTRTAIN,35-44,1991,1776.0,
CXUENTRTAINLB0404M,ENTRTAIN,35-44,1992,2041.0,
CXUENTRTAINLB0404M,ENTRTAIN,35-44,1993,2094.0,
CXUENTRTAINLB0404M,ENTRTAIN,35-44,1994,2025.0,
CXUENTRTAINLB0404M,ENTRTAIN,35-44,1995,1951.0,
CXUENTRTAINLB0404M,ENTRTAIN,35-44,1996,2445.0,
CXUENTRTAINLB0404M,ENTRTAIN,35-44,1997,2129.0,
CXUENTRTAINLB0404M,ENTRTAIN,35-44,1998,2215.0,
CXUENTRTAINLB0404M,ENTRTAIN,35-44,1999,2254.0,
CXUENTRTAINLB0404M,ENTRTAIN,35-44,2000,2464.0,
CXUENTRTAINLB0404M,ENTRTAIN,35-44,2001,2508.0,
CXUENTRTAINLB0404M,ENTRTAIN,35-44,2002,2685.0,
CXUENTRTAINLB0404M,ENTRTAIN,35-44,2003,2519.0,
CXUENTRTAINLB0404M,ENTRTAIN,35-44,2004,2504.0,
CXUENTRTAINLB0404M,ENTRTAIN,35-44,2005,2765.0,
CXUENTRTAINLB0404M,ENTRTAIN,35-44,2006,2966.0,
CXUENTRTAINLB0404M,ENTRTAIN,35-44,2007,3551.0,
CXUENTRTAINLB0404M,ENTRTAIN,35-44,2008,3603.0,
CXUENTRTAINLB0404M,ENTRTAIN,35-44,2009,3317.0,
CXUENTRTAINLB0404M,ENTRTAIN,35-44,2010,3058.0,
CXUENTRTAINLB0404M,ENTRTAIN,35-44,2011,2926.0,
CXUENTRTAINLB0404M,ENTRTAIN,35-44,2012,3232.0,
CXUENTRTAINLB0404M,ENTRTAIN,35-44,2013,2958.0,
CXUENTRTAINLB0404M,ENTRTAIN,35-44,2014,3372.0,
CXUENTRTAINLB0404M,ENTRTAIN,35-44,2015,3192.0,
CXUENTRTAINLB0404M,ENTRTAIN,35-44,2016,3509.0,
CXUENTRTAINLB0404M,ENTRTAIN,35-44,2017,4001.0,
CXUENTRTAINLB0404M,ENTRTAIN,35-44,2018,3572.0,
CXUENTRTAINLB0404M,ENTRTAIN,35-44,2019,3661.0,
CXUENTRTAINLB0404M,ENTRTAIN,35-44,2020,3628.0,
CXUENTRTAINLB0404M,ENTRTAIN,35-44,2021,4267.0,
CXUENTRTAINLB0404M,ENTRTAIN,35-44,2022,4361.0,
CXUENTRTAINLB0404M,ENTRTAIN,35-44,2023,4694.0,
CXUENTRTAINLB0404M,ENTRTAIN,35-44,2024,4128.0,
CXUENTRTAINLB0405M,ENTRTAIN,45-54,1984,1257.0,
CXUENTRTAINLB0405M,ENTRTAIN,45-54,1985,1488.0,
CXUENTRTAINLB0405M,ENTRTAIN,45-54,1986,1489.0,
CXUENTRTAINLB0405M,ENTRTAIN,45-54,1987,1469.0,
CXUENTRTAINLB0405M,ENTRTAIN,45-54,1988,1615.0,
CXUENTRTAINLB0405M,ENTRTAIN,45-54,1989,1849.0,
CXUENTRTAINLB0405M,ENTRTAIN,45-54,1990,1966.0,
CXUENTRTAINLB0405M,ENTRTAIN,45-54,1991,1990.0,
CXUENTRTAINLB0405M,ENTRTAIN,45-54,1992,1896.0,
CXUENTRTAINLB0405M,ENTRTAIN,45-54,1993,2490.0,
CXUENTRTAINLB0405M,ENTRTAIN,45-54,1994,2104.0,
CXUENTRTAINLB0405M,ENTRTAIN,45-54,1995,2137.0,
CXUENTRTAINLB0405M,ENTRTAIN,45-54,1996,2234.0,
CXUENTRTAINLB0405M,ENTRTAIN,45-54,1997,2416.0,
CXUENTRTAINLB0405M,ENTRTAIN,45-54,1998,2142.0,
CXUENTRTAINLB0405M,ENTRTAIN,45-54,1999,2367.0,
CXUENTRTAINLB0405M,ENTRTAIN,45-54,2000,2231.0,
CXUENTRTAINLB0405M,ENTRTAIN,45-54,2001,2233.0,
CXUENTRTAINLB0405M,ENTRTAIN,45-54,2002,2565.0,
CXUENTRTAINLB0405M,ENTRTAIN,45-54,2003,2407.0,
CXUENTRTAINLB0405M,ENTRTAIN,45-54,2004,2711.0,
CXUENTRTAINLB0405M,ENTRTAIN,45-54,2005,3034.0,
CXUENTRTAINLB0405M,ENTRTAIN,45-54,2006,2770.0,
CXUENTRTAINLB0405M,ENTRTAIN,45-54,2007,3163.0,
CXUENTRTAINLB0405M,ENTRTAIN,45-54,2008,3297.0,
CXUENTRTAINLB0405M,ENTRTAIN,45-54,2009,3176.0,
CXUENTRTAINLB0405M,ENTRTAIN,45-54,2010,3088.0,
CXUENTRTAINLB0405M,ENTRTAIN,45-54,2011,3169.0,
CXUENTRTAINLB0405M,ENTRTAIN,45-54,2012,3051.0,
CXUENTRTAINLB0405M,ENTRTAIN,45-54,2013,3070.0,
CXUENTRTAINLB0405M,ENTRTAIN,45-54,2014,3184.0,
CXUENTRTAINLB0405M,ENTRTAIN,45-54,2015,3317.0,
CXUENTRTAINLB0405M,ENTRTAIN,45-54,2016,3654.0,
CXUENTRTAINLB0405M,ENTRTAIN,45-54,2017,4064.0,
CXUENTRTAINLB0405M,ENTRTAIN,45-54,2018,3952.0,
CXUENTRTAINLB0405M,ENTRTAIN,45-54,2019,3856.0,
CXUENTRTAINLB0405M,ENTRTAIN,45-54,2020,3175.0,
CXUENTRTAINLB0405M,ENTRTAIN,45-54,2021,4695.0,
CXUENTRTAINLB0405M,ENTRTAIN,45-54,2022,4481.0,
CXUENTRTAINLB0405M,ENTRTAIN,45-54,2023,4530.0,
CXUENTRTAINLB0405M,ENTRTAIN,45-54,2024,4803.0,
CXUENTRTAINLB0406M,ENTRTAIN,55-64,1984,1066.0,
CXUENTRTAINLB0406M,ENTRTAIN,55-64,1985,1141.0,
CXUENTRTAINLB0406M,ENTRTAIN,55-64,1986,1129.0,
CXUENTRTAINLB0406M,ENTRTAIN,55-64,1987,1137.0,
CXUENTRTAINLB0406M,ENTRTAIN,55-64,1988,1136.0,
CXUENTRTAINLB0406M,ENTRTAIN,55-64,1989,1371.0,
CXUENTRTAINLB0406M,ENTRTAIN,55-64,1990,1507.0,
CXUENTRTAINLB0406M,ENTRTAIN,55-64,1991,1718.0,
CXUENTRTAINLB0406M,ENTRTAIN,55-64,1992,1587.0,
CXUENTRTAINLB0406M,ENTRTAIN,55-64,1993,1527.0,
CXUENTRTAINLB0406M,ENTRTAIN,55-64,1994,1565.0,
CXUENTRTAINLB0406M,ENTRTAIN,55-64,1995,1578.0,
CXUENTRTAINLB0406M,ENTRTAIN,55-64,1996,2011.0,
CXUENTRTAINLB0406M,ENTRTAIN,55-64,1997,1900.0,
CXUENTRTAINLB0406M,ENTRTAIN,55-64,1998,1904.0,
CXUENTRTAINLB0406M,ENTRTAIN,55-64,1999,2175.0,
CXUENTRTAINLB0406M,ENTRTAIN,55-64,2000,1955.0,
CXUENTRTAINLB0406M,ENTRTAIN,55-64,2001,2337.0,
CXUENTRTAINLB0406M,ENTRTAIN,55-64,2002,2297.0,
CXUENTRTAINLB0406M,ENTRTAIN,55-64,2003,2414.0,
CXUENTRTAINLB0406M,ENTRTAIN,55-64,2004,2823.0,
CXUENTRTAINLB0406M,ENTRTAIN,55-64,2005,2429.0,
CXUENTRTAINLB0406M,ENTRTAIN,55-64,2006,2666.0,
CXUENTRTAINLB0406M,ENTRTAIN,55-64,2007,2730.0,
CXUENTRTAINLB0406M,ENTRTAIN,55-64,2008,3036.0,
CXUENTRTAINLB0406M,ENTRTAIN,55-64,2009,2906.0,
CXUENTRTAINLB0406M,ENTRTAIN,55-64,2010,2683.0,
CXUENTRTAINLB0406M,ENTRTAIN,55-64,2011,2769.0,
CXUENTRTAINLB0406M,ENTRTAIN,55-64,2012,2911.0,
CXUENTRTAINLB0406M,ENTRTAIN,55-64,2013,2651.0,
CXUENTRTAINLB0406M,ENTRTAIN,55-64,2014,2852.0,
CXUENTRTAINLB0406M,ENTRTAIN,55-64,2015,3323.0,
CXUENTRTAINLB0406M,ENTRTAIN,55-64,2016,3114.0,
CXUENTRTAINLB0406M,ENTRTAIN,55-64,2017,3444.0,
CXUENTRTAINLB0406M,ENTRTAIN,55-64,2018,3755.0,
CXUENTRTAINLB0406M,ENTRTAIN,55-64,2019,3981.0,
CXUENTRTAINLB0406M,ENTRTAIN,55-64,2020,3521.0,
CXUENTRTAINLB0406M,ENTRTAIN,55-64,2021,3700.0,
CXUENTRTAINLB0406M,ENTRTAIN,55-64,2022,3698.0,
CXUENTRTAINLB0406M,ENTRTAIN,55-64,2023,3899.0,
CXUENTRTAINLB0406M,ENTRTAIN,55-64,2024,3706.0,
CXUENTRTAINLB0407M,ENTRTAIN,65+,1988,658.0,
CXUENTRTAINLB0407M,ENTRTAIN,65+,1989,719.0,
CXUENTRTAINLB0407M,ENTRTAIN,65+,1990,700.0,
CXUENTRTAINLB0407M,ENTRTAIN,65+,1991,673.0,
CXUENTRTAINLB0407M,ENTRTAIN,65+,1992,754.0,
CXUENTRTAINLB0407M,ENTRTAIN,65+,1993,918.0,
CXUENTRTAINLB0407M,ENTRTAIN,65+,1994,879.0,
CXUENTRTAINLB0407M,ENTRTAIN,65+,1995,926.0,
CXUENTRTAINLB0407M,ENTRTAIN,65+,1996,1105.0,
CXUENTRTAINLB0407M,ENTRTAIN,65+,1997,1103.0,
CXUENTRTAINLB0407M,ENTRTAIN,65+,1998,1044.0,
CXUENTRTAINLB0407M,ENTRTAIN,65+,1999,1238.0,
CXUENTRTAINLB0407M,ENTRTAIN,65+,2000,1069.0,
CXUENTRTAINLB0407M,ENTRTAIN,65+,2001,1067.0,
CXUENTRTAINLB0407M,ENTRTAIN,65+,2002,1139.0,
CXUENTRTAINLB0407M,ENTRTAIN,65+,2003,1469.0,
CXUENTRTAINLB0407M,ENTRTAIN,65+,2004,1429.0,
CXUENTRTAINLB0407M,ENTRTAIN,65+,2005,1593.0,
CXUENTRTAINLB0407M,ENTRTAIN,65+,2006,1584.0,
CXUENTRTAINLB0407M,ENTRTAIN,65+,2007,1966.0,
CXUENTRTAINLB0407M,ENTRTAIN,65+,2008,1914.0,
CXUENTRTAINLB0407M,ENTRTAIN,65+,2009,2062.0,
CXUENTRTAINLB0407M,ENTRTAIN,65+,2010,1891.0,
CXUENTRTAINLB0407M,ENTRTAIN,65+,2011,2009.0,
CXUENTRTAINLB0407M,ENTRTAIN,65+,2012,2020.0,
CXUENTRTAINLB0407M,ENTRTAIN,65+,2013,2027.0,
CXUENTRTAINLB0407M,ENTRTAIN,65+,2014,2403.0,
CXUENTRTAINLB0407M,ENTRTAIN,65+,2015,2464.0,
CXUENTRTAINLB0407M,ENTRTAIN,65+,2016,2365.0,
CXUENTRTAINLB0407M,ENTRTAIN,65+,2017,2636.0,
CXUENTRTAINLB0407M,ENTRTAIN,65+,2018,2958.0,
CXUENTRTAINLB0407M,ENTRTAIN,65+,2019,2381.0,
CXUENTRTAINLB0407M,ENTRTAIN,65+,2020,2281.0,
CXUENTRTAINLB0407M,ENTRTAIN,65+,2021,2889.0,
CXUENTRTAINLB0407M,ENTRTAIN,65+,2022,2672.0,
CXUENTRTAINLB0407M,ENTRTAIN,65+,2023,2898.0,
CXUENTRTAINLB0407M,ENTRTAIN,65+,2024,3025.0,
CXUENTRTAINLB0408M,ENTRTAIN,65-74,1984,595.0,
CXUENTRTAINLB0408M,ENTRTAIN,65-74,1985,718.0,
CXUENTRTAINLB0408M,ENTRTAIN,65-74,1986,743.0,
CXUENTRTAINLB0408M,ENTRTAIN,65-74,1987,873.0,
CXUENTRTAINLB0408M,ENTRTAIN,65-74,1988,881.0,
CXUENTRTAINLB0408M,ENTRTAIN,65-74,1989,843.0,
CXUENTRTAINLB0408M,ENTRTAIN,65-74,1990,914.0,
CXUENTRTAINLB0408M,ENTRTAIN,65-74,1991,841.0,
CXUENTRTAINLB0408M,ENTRTAIN,65-74,1992,953.0,
CXUENTRTAINLB0408M,ENTRTAIN,65-74,1993,1198.0,
CXUENTRTAINLB0408M,ENTRTAIN,65-74,1994,1055.0,
CXUENTRTAINLB0408M,ENTRTAIN,65-74,1995,1153.0,
CXUENTRTAINLB0408M,ENTRTAIN,65-74,1996,1404.0,
CXUENTRTAINLB0408M,ENTRTAIN,65-74,1997,1300.0,
CXUENTRTAINLB0408M,ENTRTAIN,65-74,1998,1312.0,
CXUENTRTAINLB0408M,ENTRTAIN,65-74,1999,1567.0,
CXUENTRTAINLB0408M,ENTRTAIN,65-74,2000,1403.0,
CXUENTRTAINLB0408M,ENTRTAIN,65-74,2001,1296.0,
CXUENTRTAINLB0408M,ENTRTAIN,65-74,2002,1371.0,
CXUENTRTAINLB0408M,ENTRTAIN,65-74,2003,2016.0,
CXUENTRTAINLB0408M,ENTRTAIN,65-74,2004,1879.0,
CXUENTRTAINLB0408M,ENTRTAIN,65-74,2005,2143.0,
CXUENTRTAINLB0408M,ENTRTAIN,65-74,2006,2049.0,
CXUENTRTAINLB0408M,ENTRTAIN,65-74,2007,2636.0,
CXUENTRTAINLB0408M,ENTRTAIN,65-74,2008,2418.0,
CXUENTRTAINLB0408M,ENTRTAIN,65-74,2009,2498.0,
CXUENTRTAINLB0408M,ENTRTAIN,65-74,2010,2341.0,
CXUENTRTAINLB0408M,ENTRTAIN,65-74,2011,2493.0,
CXUENTRTAINLB0408M,ENTRTAIN,65-74,2012,2413.0,
CXUENTRTAINLB0408M,ENTRTAIN,65-74,2013,2488.0,
CXUENTRTAINLB0408M,ENTRTAIN,65-74,2014,2988.0,
CXUENTRTAINLB0408M,ENTRTAIN,65-74,2015,3005.0,
CXUENTRTAINLB0408M,ENTRTAIN,65-74,2016,2850.0,
CXUENTRTAINLB0408M,ENTRTAIN,65-74,2017,3327.0,
CXUENTRTAINLB0408M,ENTRTAIN,65-74,2018,3801.0,
CXUENTRTAINLB0408M,ENTRTAIN,65-74,2019,2700.0,
CXUENTRTAINLB0408M,ENTRTAIN,65-74,2020,2723.0,
CXUENTRTAINLB0408M,ENTRTAIN,65-74,2021,3412.0,
CXUENTRTAINLB0408M,ENTRTAIN,65-74,2022,3182.0,
CXUENTRTAINLB0408M,ENTRTAIN,65-74,2023,3447.0,
CXUENTRTAINLB0408M,ENTRTAIN,65-74,2024,3122.0,
CXUENTRTAINLB0409M,ENTRTAIN,75+,1984,372.0,
CXUENTRTAINLB0409M,ENTRTAIN,75+,1985,358.0,
CXUENTRTAINLB0409M,ENTRTAIN,75+,1986,367.0,
CXUENTRTAINLB0409M,ENTRTAIN,75+,1987,308.0,
CXUENTRTAINLB0409M,ENTRTAIN,75+,1988,351.0,
CXUENTRTAINLB0409M,ENTRTAIN,75+,1989,546.0,
CXUENTRTAINLB0409M,ENTRTAIN,75+,1990,423.0,
CXUENTRTAINLB0409M,ENTRTAIN,75+,1991,444.0,
CXUENTRTAINLB0409M,ENTRTAIN,75+,1992,510.0,
CXUENTRTAINLB0409M,ENTRTAIN,75+,1993,578.0,
CXUENTRTAINLB0409M,ENTRTAIN,75+,1994,656.0,
CXUENTRTAINLB0409M,ENTRTAIN,75+,1995,651.0,
CXUENTRTAINLB0409M,ENTRTAIN,75+,1996,749.0,
CXUENTRTAINLB0409M,ENTRTAIN,75+,1997,861.0,
CXUENTRTAINLB0409M,ENTRTAIN,75+,1998,724.0,
CXUENTRTAINLB0409M,ENTRTAIN,75+,1999,874.0,
CXUENTRTAINLB0409M,ENTRTAIN,75+,2000,707.0,
CXUENTRTAINLB0409M,ENTRTAIN,75+,2001,822.0,
CXUENTRTAINLB0409M,ENTRTAIN,75+,2002,896.0,
CXUENTRTAINLB0409M,ENTRTAIN,75+,2003,909.0,
CXUENTRTAINLB0409M,ENTRTAIN,75+,2004,990.0,
CXUENTRTAINLB0409M,ENTRTAIN,75+,2005,1032.0,
CXUENTRTAINLB0409M,ENTRTAIN,75+,2006,1099.0,
CXUENTRTAINLB0409M,ENTRTAIN,75+,2007,1255.0,
CXUENTRTAINLB0409M,ENTRTAIN,75+,2008,1349.0,
CXUENTRTAINLB0409M,ENTRTAIN,75+,2009,1587.0,
CXUENTRTAINLB0409M,ENTRTAIN,75+,2010,1374.0,
CXUENTRTAINLB0409M,ENTRTAIN,75+,2011,1437.0,
CXUENTRTAINLB0409M,ENTRTAIN,75+,2012,1532.0,
CXUENTRTAINLB0409M,ENTRTAIN,75+,2013,1422.0,
CXUENTRTAINLB0409M,ENTRTAIN,75+,2014,1626.0,
CXUENTRTAINLB0409M,ENTRTAIN,75+,2015,1728.0,
CXUENTRTAINLB0409M,ENTRTAIN,75+,2016,1697.0,
CXUENTRTAINLB0409M,ENTRTAIN,75+,2017,1657.0,
CXUENTRTAINLB0409M,ENTRTAIN,75+,2018,1763.0,
CXUENTRTAINLB0409M,ENTRTAIN,75+,2019,1946.0,
CXUENTRTAINLB0409M,ENTRTAIN,75+,2020,1653.0,
CXUENTRTAINLB0409M,ENTRTAIN,75+,2021,2119.0,
CXUENTRTAINLB0409M,ENTRTAIN,75+,2022,1943.0,
CXUENTRTAINLB0409M,ENTRTAIN,75+,2023,2131.0,
CXUENTRTAINLB0409M,ENTRTAIN,75+,2024,2888.0,
CXUENTRTAINLB0401M,ENTRTAIN,All CUs,1984,1055.0,
CXUENTRTAINLB0401M,ENTRTAIN,All CUs,1985,1170.0,
CXUENTRTAINLB0401M,ENTRTAIN,All CUs,1986,1149.0,
CXUENTRTAINLB0401M,ENTRTAIN,All CUs,1987,1193.0,
CXUENTRTAINLB0401M,ENTRTAIN,All CUs,1988,1329.0,
CXUENTRTAINLB0401M,ENTRTAIN,All CUs,1989,1424.0,
CXUENTRTAINLB0401M,ENTRTAIN,All CUs,1990,1422.0,
CXUENTRTAINLB0401M,ENTRTAIN,All CUs,1991,1472.0,
CXUENTRTAINLB0401M,ENTRTAIN,All CUs,1992,1500.0,
CXUENTRTAINLB0401M,ENTRTAIN,All CUs,1993,1626.0,
CXUENTRTAINLB0401M,ENTRTAIN,All CUs,1994,1567.0,
CXUENTRTAINLB0401M,ENTRTAIN,All CUs,1995,1612.0,
CXUENTRTAINLB0401M,ENTRTAIN,All CUs,1996,1834.0,
CXUENTRTAINLB0401M,ENTRTAIN,All CUs,1997,1813.0,
CXUENTRTAINLB0401M,ENTRTAIN,All CUs,1998,1746.0,
CXUENTRTAINLB0401M,ENTRTAIN,All CUs,1999,1891.0,
CXUENTRTAINLB0401M,ENTRTAIN,All CUs,2000,1863.0,
CXUENTRTAINLB0401M,ENTRTAIN,All CUs,2001,1953.0,
CXUENTRTAINLB0401M,ENTRTAIN,All CUs,2002,2079.0,
CXUENTRTAINLB0401M,ENTRTAIN,All CUs,2003,2060.0,
CXUENTRTAINLB0401M,ENTRTAIN,All CUs,2004,2218.0,
CXUENTRTAINLB0401M,ENTRTAIN,All CUs,2005,2388.0,
CXUENTRTAINLB0401M,ENTRTAIN,All CUs,2006,2376.0,
CXUENTRTAINLB0401M,ENTRTAIN,All CUs,2007,2698.0,
CXUENTRTAINLB0401M,ENTRTAIN,All CUs,2008,2835.0,
CXUENTRTAINLB0401M,ENTRTAIN,All CUs,2009,2693.0,
CXUENTRTAINLB0401M,ENTRTAIN,All CUs,2010,2504.0,
CXUENTRTAINLB0401M,ENTRTAIN,All CUs,2011,2572.0,
CXUENTRTAINLB0401M,ENTRTAIN,All CUs,2012,2605.0,
CXUENTRTAINLB0401M,ENTRTAIN,All CUs,2013,2482.0,
CXUENTRTAINLB0401M,ENTRTAIN,All CUs,2014,2728.0,
CXUENTRTAINLB0401M,ENTRTAIN,All CUs,2015,2842.0,
CXUENTRTAINLB0401M,ENTRTAIN,All CUs,2016,2913.0,
CXUENTRTAINLB0401M,ENTRTAIN,All CUs,2017,3203.0,
CXUENTRTAINLB0401M,ENTRTAIN,All CUs,2018,3226.0,
CXUENTRTAINLB0401M,ENTRTAIN,All CUs,2019,3090.0,
CXUENTRTAINLB0401M,ENTRTAIN,All CUs,2020,2909.0,
CXUENTRTAINLB0401M,ENTRTAIN,All CUs,2021,3568.0,
CXUENTRTAINLB0401M,ENTRTAIN,All CUs,2022,3458.0,
CXUENTRTAINLB0401M,ENTRTAIN,All CUs,2023,3635.0,
CXUENTRTAINLB0401M,ENTRTAIN,All CUs,2024,3609.0,
CXUENTRTAINLB0402M,ENTRTAIN,Under 25,1984,653.0,
CXUENTRTAINLB0402M,ENTRTAIN,Under 25,1985,711.0,
CXUENTRTAINLB0402M,ENTRTAIN,Under 25,1986,687.0,
CXUENTRTAINLB0402M,ENTRTAIN,Under 25,1987,745.0,
CXUENTRTAINLB0402M,ENTRTAIN,Under 25,1988,961.0,
CXUENTRTAINLB0402M,ENTRTAIN,Under 25,1989,925.0,
CXUENTRTAINLB0402M,ENTRTAIN,Under 25,1990,833.0,
CXUENTRTAINLB0402M,ENTRTAIN,Under 25,1991,906.0,
CXUENTRTAINLB0402M,ENTRTAIN,Under 25,1992,928.0,
CXUENTRTAINLB0402M,ENTRTAIN,Under 25,1993,910.0,
CXUENTRTAINLB0402M,ENTRTAIN,Under 25,1994,1018.0,
CXUENTRTAINLB0402M,ENTRTAIN,Under 25,1995,1083.0,
CXUENTRTAINLB0402M,ENTRTAIN,Under 25,1996,977.0,
CXUENTRTAINLB0402M,ENTRTAIN,Under 25,1997,1051.0,
CXUENTRTAINLB0402M,ENTRTAIN,Under 25,1998,974.0,
CXUENTRTAINLB0402M,ENTRTAIN,Under 25,1999,1149.0,
CXUENTRTAINLB0402M,ENTRTAIN,Under 25,2000,1091.0,
CXUENTRTAINLB0402M,ENTRTAIN,Under 25,2001,1152.0,
CXUENTRTAINLB0402M,ENTRTAIN,Under 25,2002,1212.0,
CXUENTRTAINLB0402M,ENTRTAIN,Under 25,2003,950.0,
CXUENTRTAINLB0402M,ENTRTAIN,Under 25,2004,1166.0,
CXUENTRTAINLB0402M,ENTRTAIN,Under 25,2005,1393.0,
CXUENTRTAINLB0402M,ENTRTAIN,Under 25,2006,1348.0,
CXUENTRTAINLB0402M,ENTRTAIN,Under 25,2007,1448.0,
CXUENTRTAINLB0402M,ENTRTAIN,Under 25,2008,1608.0,
CXUENTRTAINLB0402M,ENTRTAIN,Under 25,2009,1233.0,
CXUENTRTAINLB0402M,ENTRTAIN,Under 25,2010,1221.0,
CXUENTRTAINLB0402M,ENTRTAIN,Under 25,2011,1345.0,
CXUENTRTAINLB0402M,ENTRTAIN,Under 25,2012,1257.0,
CXUENTRTAINLB0402M,ENTRTAIN,Under 25,2013,1243.0,
CXUENTRTAINLB0402M,ENTRTAIN,Under 25,2014,1319.0,
CXUENTRTAINLB0402M,ENTRTAIN,Under 25,2015,1354.0,
CXUENTRTAINLB0402M,ENTRTAIN,Under 25,2016,1454.0,
CXUENTRTAINLB0402M,ENTRTAIN,Under 25,2017,1488.0,
CXUENTRTAINLB0402M,ENTRTAIN,Under 25,2018,1409.0,
CXUENTRTAINLB0402M,ENTRTAIN,Under 25,2019,1389.0,
CXUENTRTAINLB0402M,ENTRTAIN,Under 25,2020,1266.0,
CXUENTRTAINLB0402M,ENTRTAIN,Under 25,2021,1700.0,
CXUENTRTAINLB0402M,ENTRTAIN,Under 25,2022,2075.0,
CXUENTRTAINLB0402M,ENTRTAIN,Under 25,2023,1835.0,
CXUENTRTAINLB0402M,ENTRTAIN,Under 25,2024,1835.0,
CXUFOODAWAYLB0403M,FOODAWAY,25-34,1984,1302.0,
CXUFOODAWAYLB0403M,FOODAWAY,25-34,1985,1365.0,
CXUFOODAWAYLB0403M,FOODAWAY,25-34,1986,1468.0,
CXUFOODAWAYLB0403M,FOODAWAY,25-34,1987,1578.0,
CXUFOODAWAYLB0403M,FOODAWAY,25-34,1988,1618.0,
CXUFOODAWAYLB0403M,FOODAWAY,25-34,1989,1756.0,
CXUFOODAWAYLB0403M,FOODAWAY,25-34,1990,1760.0,
CXUFOODAWAYLB0403M,FOODAWAY,25-34,1991,1742.0,
CXUFOODAWAYLB0403M,FOODAWAY,25-34,1992,1732.0,
CXUFOODAWAYLB0403M,FOODAWAY,25-34,1993,1651.0,
CXUFOODAWAYLB0403M,FOODAWAY,25-34,1994,1706.0,
CXUFOODAWAYLB0403M,FOODAWAY,25-34,1995,1711.0,
CXUFOODAWAYLB0403M,FOODAWAY,25-34,1996,1844.0,
CXUFOODAWAYLB0403M,FOODAWAY,25-34,1997,1893.0,
CXUFOODAWAYLB0403M,FOODAWAY,25-34,1998,2030.0,
CXUFOODAWAYLB0403M,FOODAWAY,25-34,1999,2250.0,
CXUFOODAWAYLB0403M,FOODAWAY,25-34,2000,2309.0,
CXUFOODAWAYLB0403M,FOODAWAY,25-34,2001,2277.0,
CXUFOODAWAYLB0403M,FOODAWAY,25-34,2002,2378.0,
CXUFOODAWAYLB0403M,FOODAWAY,25-34,2003,2342.0,
CXUFOODAWAYLB0403M,FOODAWAY,25-34,2004,2550.0,
CXUFOODAWAYLB0403M,FOODAWAY,25-34,2005,2694.0,
CXUFOODAWAYLB0403M,FOODAWAY,25-34,2006,2918.0,
CXUFOODAWAYLB0403M,FOODAWAY,25-34,2007,2790.0,
CXUFOODAWAYLB0403M,FOODAWAY,25-34,2008,2836.0,
CXUFOODAWAYLB0403M,FOODAWAY,25-34,2009,2691.0,
CXUFOODAWAYLB0403M,FOODAWAY,25-34,2010,2753.0,
CXUFOODAWAYLB0403M,FOODAWAY,25-34,2011,2764.0,
CXUFOODAWAYLB0403M,FOODAWAY,25-34,2012,2833.0,
CXUFOODAWAYLB0403M,FOODAWAY,25-34,2013,2639.0,
CXUFOODAWAYLB0403M,FOODAWAY,25-34,2014,2921.0,
CXUFOODAWAYLB0403M,FOODAWAY,25-34,2015,3097.0,
CXUFOODAWAYLB0403M,FOODAWAY,25-34,2016,3165.0,
CXUFOODAWAYLB0403M,FOODAWAY,25-34,2017,3416.0,
CXUFOODAWAYLB0403M,FOODAWAY,25-34,2018,3450.0,
CXUFOODAWAYLB0403M,FOODAWAY,25-34,2019,3534.0,
CXUFOODAWAYLB0403M,FOODAWAY,25-34,2020,2665.0,
CXUFOODAWAYLB0403M,FOODAWAY,25-34,2021,3444.0,
CXUFOODAWAYLB0403M,FOODAWAY,25-34,2022,3738.0,
CXUFOODAWAYLB0403M,FOODAWAY,25-34,2023,4167.0,
CXUFOODAWAYLB0403M,FOODAWAY,25-34,2024,3918.0,
CXUFOODAWAYLB0404M,FOODAWAY,35-44,1984,1785.0,
CXUFOODAWAYLB0404M,FOODAWAY,35-44,1985,1910.0,
CXUFOODAWAYLB0404M,FOODAWAY,35-44,1986,1971.0,
CXUFOODAWAYLB0404M,FOODAWAY,35-44,1987,2100.0,
CXUFOODAWAYLB0404M,FOODAWAY,35-44,1988,2037.0,
CXUFOODAWAYLB0404M,FOODAWAY,35-44,1989,2249.0,
CXUFOODAWAYLB0404M,FOODAWAY,35-44,1990,2246.0,
CXUFOODAWAYLB0404M,FOODAWAY,35-44,1991,2080.0,
CXUFOODAWAYLB0404M,FOODAWAY,35-44,1992,2017.0,
CXUFOODAWAYLB0404M,FOODAWAY,35-44,1993,2024.0,
CXUFOODAWAYLB0404M,FOODAWAY,35-44,1994,2031.0,
CXUFOODAWAYLB0404M,FOODAWAY,35-44,1995,2023.0,
CXUFOODAWAYLB0404M,FOODAWAY,35-44,1996,2220.0,
CXUFOODAWAYLB0404M,FOODAWAY,35-44,1997,2283.0,
CXUFOODAWAYLB0404M,FOODAWAY,35-44,1998,2439.0,
CXUFOODAWAYLB0404M,FOODAWAY,35-44,1999,2572.0,
CXUFOODAWAYLB0404M,FOODAWAY,35-44,2000,2607.0,
CXUFOODAWAYLB0404M,FOODAWAY,35-44,2001,2653.0,
CXUFOODAWAYLB0404M,FOODAWAY,35-44,2002,2712.0,
CXUFOODAWAYLB0404M,FOODAWAY,35-44,2003,2672.0,
CXUFOODAWAYLB0404M,FOODAWAY,35-44,2004,2855.0,
CXUFOODAWAYLB0404M,FOODAWAY,35-44,2005,3238.0,
CXUFOODAWAYLB0404M,FOODAWAY,35-44,2006,3203.0,
CXUFOODAWAYLB0404M,FOODAWAY,35-44,2007,3268.0,
CXUFOODAWAYLB0404M,FOODAWAY,35-44,2008,3340.0,
CXUFOODAWAYLB0404M,FOODAWAY,35-44,2009,3314.0,
CXUFOODAWAYLB0404M,FOODAWAY,35-44,2010,3227.0,
CXUFOODAWAYLB0404M,FOODAWAY,35-44,2011,3171.0,
CXUFOODAWAYLB0404M,FOODAWAY,35-44,2012,3210.0,
CXUFOODAWAYLB0404M,FOODAWAY,35-44,2013,3280.0,
CXUFOODAWAYLB0404M,FOODAWAY,35-44,2014,3388.0,
CXUFOODAWAYLB0404M,FOODAWAY,35-44,2015,3900.0,
CXUFOODAWAYLB0404M,FOODAWAY,35-44,2016,3975.0,
CXUFOODAWAYLB0404M,FOODAWAY,35-44,2017,4249.0,
CXUFOODAWAYLB0404M,FOODAWAY,35-44,2018,4395.0,
CXUFOODAWAYLB0404M,FOODAWAY,35-44,2019,4302.0,
CXUFOODAWAYLB0404M,FOODAWAY,35-44,2020,3141.0,
CXUFOODAWAYLB0404M,FOODAWAY,35-44,2021,3607.0,
CXUFOODAWAYLB0404M,FOODAWAY,35-44,2022,4250.0,
CXUFOODAWAYLB0404M,FOODAWAY,35-44,2023,4795.0,
CXUFOODAWAYLB0404M,FOODAWAY,35-44,2024,5049.0,
CXUFOODAWAYLB0405M,FOODAWAY,45-54,1984,1759.0,
CXUFOODAWAYLB0405M,FOODAWAY,45-54,1985,2021.0,
CXUFOODAWAYLB0405M,FOODAWAY,45-54,1986,1994.0,
CXUFOODAWAYLB0405M,FOODAWAY,45-54,1987,1999.0,
CXUFOODAWAYLB0405M,FOODAWAY,45-54,1988,2210.0,
CXUFOODAWAYLB0405M,FOODAWAY,45-54,1989,2381.0,
CXUFOODAWAYLB0405M,FOODAWAY,45-54,1990,2482.0,
CXUFOODAWAYLB0405M,FOODAWAY,45-54,1991,2037.0,
CXUFOODAWAYLB0405M,FOODAWAY,45-54,1992,2131.0,
CXUFOODAWAYLB0405M,FOODAWAY,45-54,1993,2273.0,
CXUFOODAWAYLB0405M,FOODAWAY,45-54,1994,2295.0,
CXUFOODAWAYLB0405M,FOODAWAY,45-54,1995,2245.0,
CXUFOODAWAYLB0405M,FOODAWAY,45-54,1996,2416.0,
CXUFOODAWAYLB0405M,FOODAWAY,45-54,1997,2588.0,
CXUFOODAWAYLB0405M,FOODAWAY,45-54,1998,2611.0,
CXUFOODAWAYLB0405M,FOODAWAY,45-54,1999,2605.0,
CXUFOODAWAYLB0405M,FOODAWAY,45-54,2000,2638.0,
CXUFOODAWAYLB0405M,FOODAWAY,45-54,2001,2792.0,
CXUFOODAWAYLB0405M,FOODAWAY,45-54,2002,2700.0,
CXUFOODAWAYLB0405M,FOODAWAY,45-54,2003,2688.0,
CXUFOODAWAYLB0405M,FOODAWAY,45-54,2004,2955.0,
CXUFOODAWAYLB0405M,FOODAWAY,45-54,2005,3173.0,
CXUFOODAWAYLB0405M,FOODAWAY,45-54,2006,3292.0,
CXUFOODAWAYLB0405M,FOODAWAY,45-54,2007,3178.0,
CXUFOODAWAYLB0405M,FOODAWAY,45-54,2008,3244.0,
CXUFOODAWAYLB0405M,FOODAWAY,45-54,2009,3102.0,
CXUFOODAWAYLB0405M,FOODAWAY,45-54,2010,2861.0,
CXUFOODAWAYLB0405M,FOODAWAY,45-54,2011,3003.0,
CXUFOODAWAYLB0405M,FOODAWAY,45-54,2012,3210.0,
CXUFOODAWAYLB0405M,FOODAWAY,45-54,2013,3206.0,
CXUFOODAWAYLB0405M,FOODAWAY,45-54,2014,3394.0,
CXUFOODAWAYLB0405M,FOODAWAY,45-54,2015,3693.0,
CXUFOODAWAYLB0405M,FOODAWAY,45-54,2016,3979.0,
CXUFOODAWAYLB0405M,FOODAWAY,45-54,2017,4157.0,
CXUFOODAWAYLB0405M,FOODAWAY,45-54,2018,4397.0,
CXUFOODAWAYLB0405M,FOODAWAY,45-54,2019,4416.0,
CXUFOODAWAYLB0405M,FOODAWAY,45-54,2020,3000.0,
CXUFOODAWAYLB0405M,FOODAWAY,45-54,2021,4002.0,
CXUFOODAWAYLB0405M,FOODAWAY,45-54,2022,4868.0,
CXUFOODAWAYLB0405M,FOODAWAY,45-54,2023,5302.0,
CXUFOODAWAYLB0405M,FOODAWAY,45-54,2024,5069.0,
CXUFOODAWAYLB0406M,FOODAWAY,55-64,1984,1348.0,
CXUFOODAWAYLB0406M,FOODAWAY,55-64,1985,1440.0,
CXUFOODAWAYLB0406M,FOODAWAY,55-64,1986,1358.0,
CXUFOODAWAYLB0406M,FOODAWAY,55-64,1987,1577.0,
CXUFOODAWAYLB0406M,FOODAWAY,55-64,1988,1597.0,
CXUFOODAWAYLB0406M,FOODAWAY,55-64,1989,1813.0,
CXUFOODAWAYLB0406M,FOODAWAY,55-64,1990,1830.0,
CXUFOODAWAYLB0406M,FOODAWAY,55-64,1991,1578.0,
CXUFOODAWAYLB0406M,FOODAWAY,55-64,1992,1521.0,
CXUFOODAWAYLB0406M,FOODAWAY,55-64,1993,1741.0,
CXUFOODAWAYLB0406M,FOODAWAY,55-64,1994,1816.0,
CXUFOODAWAYLB0406M,FOODAWAY,55-64,1995,1708.0,
CXUFOODAWAYLB0406M,FOODAWAY,55-64,1996,1942.0,
CXUFOODAWAYLB0406M,FOODAWAY,55-64,1997,1946.0,
CXUFOODAWAYLB0406M,FOODAWAY,55-64,1998,2069.0,
CXUFOODAWAYLB0406M,FOODAWAY,55-64,1999,2136.0,
CXUFOODAWAYLB0406M,FOODAWAY,55-64,2000,2097.0,
CXUFOODAWAYLB0406M,FOODAWAY,55-64,2001,2204.0,
CXUFOODAWAYLB0406M,FOODAWAY,55-64,2002,2445.0,
CXUFOODAWAYLB0406M,FOODAWAY,55-64,2003,2215.0,
CXUFOODAWAYLB0406M,FOODAWAY,55-64,2004,2524.0,
CXUFOODAWAYLB0406M,FOODAWAY,55-64,2005,2715.0,
CXUFOODAWAYLB0406M,FOODAWAY,55-64,2006,2613.0,
CXUFOODAWAYLB0406M,FOODAWAY,55-64,2007,2784.0,
CXUFOODAWAYLB0406M,FOODAWAY,55-64,2008,2646.0,
CXUFOODAWAYLB0406M,FOODAWAY,55-64,2009,2626.0,
CXUFOODAWAYLB0406M,FOODAWAY,55-64,2010,2387.0,
CXUFOODAWAYLB0406M,FOODAWAY,55-64,2011,2611.0,
CXUFOODAWAYLB0406M,FOODAWAY,55-64,2012,2788.0,
CXUFOODAWAYLB0406M,FOODAWAY,55-64,2013,2479.0,
CXUFOODAWAYLB0406M,FOODAWAY,55-64,2014,2691.0,
CXUFOODAWAYLB0406M,FOODAWAY,55-64,2015,2792.0,
CXUFOODAWAYLB0406M,FOODAWAY,55-64,2016,3083.0,
CXUFOODAWAYLB0406M,FOODAWAY,55-64,2017,3229.0,
CXUFOODAWAYLB0406M,FOODAWAY,55-64,2018,3268.0,
CXUFOODAWAYLB0406M,FOODAWAY,55-64,2019,3486.0,
CXUFOODAWAYLB0406M,FOODAWAY,55-64,2020,2217.0,
CXUFOODAWAYLB0406M,FOODAWAY,55-64,2021,2895.0,
CXUFOODAWAYLB0406M,FOODAWAY,55-64,2022,3811.0,
CXUFOODAWAYLB0406M,FOODAWAY,55-64,2023,3744.0,
CXUFOODAWAYLB0406M,FOODAWAY,55-64,2024,4040.0,
CXUFOODAWAYLB0407M,FOODAWAY,65+,1988,872.0,
CXUFOODAWAYLB0407M,FOODAWAY,65+,1989,1004.0,
CXUFOODAWAYLB0407M,FOODAWAY,65+,1990,1009.0,
CXUFOODAWAYLB0407M,FOODAWAY,65+,1991,925.0,
CXUFOODAWAYLB0407M,FOODAWAY,65+,1992,987.0,
CXUFOODAWAYLB0407M,FOODAWAY,65+,1993,901.0,
CXUFOODAWAYLB0407M,FOODAWAY,65+,1994,1006.0,
CXUFOODAWAYLB0407M,FOODAWAY,65+,1995,1021.0,
CXUFOODAWAYLB0407M,FOODAWAY,65+,1996,993.0,
CXUFOODAWAYLB0407M,FOODAWAY,65+,1997,1193.0,
CXUFOODAWAYLB0407M,FOODAWAY,65+,1998,1192.0,
CXUFOODAWAYLB0407M,FOODAWAY,65+,1999,1245.0,
CXUFOODAWAYLB0407M,FOODAWAY,65+,2000,1205.0,
CXUFOODAWAYLB0407M,FOODAWAY,65+,2001,1314.0,
CXUFOODAWAYLB0407M,FOODAWAY,65+,2002,1362.0,
CXUFOODAWAYLB0407M,FOODAWAY,65+,2003,1321.0,
CXUFOODAWAYLB0407M,FOODAWAY,65+,2004,1484.0,
CXUFOODAWAYLB0407M,FOODAWAY,65+,2005,1558.0,
CXUFOODAWAYLB0407M,FOODAWAY,65+,2006,1659.0,
CXUFOODAWAYLB0407M,FOODAWAY,65+,2007,1610.0,
CXUFOODAWAYLB0407M,FOODAWAY,65+,2008,1617.0,
CXUFOODAWAYLB0407M,FOODAWAY,65+,2009,1679.0,
CXUFOODAWAYLB0407M,FOODAWAY,65+,2010,1608.0,
CXUFOODAWAYLB0407M,FOODAWAY,65+,2011,1849.0,
CXUFOODAWAYLB0407M,FOODAWAY,65+,2012,1785.0,
CXUFOODAWAYLB0407M,FOODAWAY,65+,2013,1864.0,
CXUFOODAWAYLB0407M,FOODAWAY,65+,2014,2064.0,
CXUFOODAWAYLB0407M,FOODAWAY,65+,2015,2108.0,
CXUFOODAWAYLB0407M,FOODAWAY,65+,2016,2232.0,
CXUFOODAWAYLB0407M,FOODAWAY,65+,2017,2511.0,
CXUFOODAWAYLB0407M,FOODAWAY,65+,2018,2598.0,
CXUFOODAWAYLB0407M,FOODAWAY,65+,2019,2536.0,
CXUFOODAWAYLB0407M,FOODAWAY,65+,2020,1494.0,
CXUFOODAWAYLB0407M,FOODAWAY,65+,2021,1994.0,
CXUFOODAWAYLB0407M,FOODAWAY,65+,2022,2509.0,
CXUFOODAWAYLB0407M,FOODAWAY,65+,2023,2741.0,
CXUFOODAWAYLB0407M,FOODAWAY,65+,2024,2689.0,
CXUFOODAWAYLB0408M,FOODAWAY,65-74,1984,886.0,
CXUFOODAWAYLB0408M,FOODAWAY,65-74,1985,974.0,
CXUFOODAWAYLB0408M,FOODAWAY,65-74,1986,958.0,
CXUFOODAWAYLB0408M,FOODAWAY,65-74,1987,1074.0,
CXUFOODAWAYLB0408M,FOODAWAY,65-74,1988,1081.0,
CXUFOODAWAYLB0408M,FOODAWAY,65-74,1989,1157.0,
CXUFOODAWAYLB0408M,FOODAWAY,65-74,1990,1199.0,
CXUFOODAWAYLB0408M,FOODAWAY,65-74,1991,1102.0,
CXUFOODAWAYLB0408M,FOODAWAY,65-74,1992,1174.0,
CXUFOODAWAYLB0408M,FOODAWAY,65-74,1993,1070.0,
CXUFOODAWAYLB0408M,FOODAWAY,65-74,1994,1196.0,
CXUFOODAWAYLB0408M,FOODAWAY,65-74,1995,1285.0,
CXUFOODAWAYLB0408M,FOODAWAY,65-74,1996,1193.0,
CXUFOODAWAYLB0408M,FOODAWAY,65-74,1997,1466.0,
CXUFOODAWAYLB0408M,FOODAWAY,65-74,1998,1426.0,
CXUFOODAWAYLB0408M,FOODAWAY,65-74,1999,1571.0,
CXUFOODAWAYLB0408M,FOODAWAY,65-74,2000,1418.0,
CXUFOODAWAYLB0408M,FOODAWAY,65-74,2001,1612.0,
CXUFOODAWAYLB0408M,FOODAWAY,65-74,2002,1602.0,
CXUFOODAWAYLB0408M,FOODAWAY,65-74,2003,1656.0,
CXUFOODAWAYLB0408M,FOODAWAY,65-74,2004,1822.0,
CXUFOODAWAYLB0408M,FOODAWAY,65-74,2005,1933.0,
CXUFOODAWAYLB0408M,FOODAWAY,65-74,2006,2110.0,
CXUFOODAWAYLB0408M,FOODAWAY,65-74,2007,1878.0,
CXUFOODAWAYLB0408M,FOODAWAY,65-74,2008,1917.0,
CXUFOODAWAYLB0408M,FOODAWAY,65-74,2009,1994.0,
CXUFOODAWAYLB0408M,FOODAWAY,65-74,2010,1935.0,
CXUFOODAWAYLB0408M,FOODAWAY,65-74,2011,2210.0,
CXUFOODAWAYLB0408M,FOODAWAY,65-74,2012,2074.0,
CXUFOODAWAYLB0408M,FOODAWAY,65-74,2013,2292.0,
CXUFOODAWAYLB0408M,FOODAWAY,65-74,2014,2567.0,
CXUFOODAWAYLB0408M,FOODAWAY,65-74,2015,2411.0,
CXUFOODAWAYLB0408M,FOODAWAY,65-74,2016,2616.0,
CXUFOODAWAYLB0408M,FOODAWAY,65-74,2017,2769.0,
CXUFOODAWAYLB0408M,FOODAWAY,65-74,2018,3046.0,
CXUFOODAWAYLB0408M,FOODAWAY,65-74,2019,2894.0,
CXUFOODAWAYLB0408M,FOODAWAY,65-74,2020,1696.0,
CXUFOODAWAYLB0408M,FOODAWAY,65-74,2021,2298.0,
CXUFOODAWAYLB0408M,FOODAWAY,65-74,2022,2946.0,
CXUFOODAWAYLB0408M,FOODAWAY,65-74,2023,3134.0,
CXUFOODAWAYLB0408M,FOODAWAY,65-74,2024,2841.0,
CXUFOODAWAYLB0409M,FOODAWAY,75+,1984,475.0,
CXUFOODAWAYLB0409M,FOODAWAY,75+,1985,570.0,
CXUFOODAWAYLB0409M,FOODAWAY,75+,1986,587.0,
CXUFOODAWAYLB0409M,FOODAWAY,75+,1987,609.0,
CXUFOODAWAYLB0409M,FOODAWAY,75+,1988,566.0,
CXUFOODAWAYLB0409M,FOODAWAY,75+,1989,792.0,
CXUFOODAWAYLB0409M,FOODAWAY,75+,1990,752.0,
CXUFOODAWAYLB0409M,FOODAWAY,75+,1991,684.0,
CXUFOODAWAYLB0409M,FOODAWAY,75+,1992,741.0,
CXUFOODAWAYLB0409M,FOODAWAY,75+,1993,679.0,
CXUFOODAWAYLB0409M,FOODAWAY,75+,1994,759.0,
CXUFOODAWAYLB0409M,FOODAWAY,75+,1995,698.0,
CXUFOODAWAYLB0409M,FOODAWAY,75+,1996,756.0,
CXUFOODAWAYLB0409M,FOODAWAY,75+,1997,863.0,
CXUFOODAWAYLB0409M,FOODAWAY,75+,1998,906.0,
CXUFOODAWAYLB0409M,FOODAWAY,75+,1999,898.0,
CXUFOODAWAYLB0409M,FOODAWAY,75+,2000,971.0,
CXUFOODAWAYLB0409M,FOODAWAY,75+,2001,994.0,
CXUFOODAWAYLB0409M,FOODAWAY,75+,2002,1107.0,
CXUFOODAWAYLB0409M,FOODAWAY,75+,2003,968.0,
CXUFOODAWAYLB0409M,FOODAWAY,75+,2004,1138.0,
CXUFOODAWAYLB0409M,FOODAWAY,75+,2005,1166.0,
CXUFOODAWAYLB0409M,FOODAWAY,75+,2006,1193.0,
CXUFOODAWAYLB0409M,FOODAWAY,75+,2007,1319.0,
CXUFOODAWAYLB0409M,FOODAWAY,75+,2008,1268.0,
CXUFOODAWAYLB0409M,FOODAWAY,75+,2009,1338.0,
CXUFOODAWAYLB0409M,FOODAWAY,75+,2010,1230.0,
CXUFOODAWAYLB0409M,FOODAWAY,75+,2011,1429.0,
CXUFOODAWAYLB0409M,FOODAWAY,75+,2012,1426.0,
CXUFOODAWAYLB0409M,FOODAWAY,75+,2013,1319.0,
CXUFOODAWAYLB0409M,FOODAWAY,75+,2014,1397.0,
CXUFOODAWAYLB0409M,FOODAWAY,75+,2015,1702.0,
CXUFOODAWAYLB0409M,FOODAWAY,75+,2016,1712.0,
CXUFOODAWAYLB0409M,FOODAWAY,75+,2017,2142.0,
CXUFOODAWAYLB0409M,FOODAWAY,75+,2018,1953.0,
CXUFOODAWAYLB0409M,FOODAWAY,75+,2019,2031.0,
CXUFOODAWAYLB0409M,FOODAWAY,75+,2020,1197.0,
CXUFOODAWAYLB0409M,FOODAWAY,75+,2021,1549.0,
CXUFOODAWAYLB0409M,FOODAWAY,75+,2022,1880.0,
CXUFOODAWAYLB0409M,FOODAWAY,75+,2023,2187.0,
CXUFOODAWAYLB0409M,FOODAWAY,75+,2024,2472.0,
CXUFOODAWAYLB0401M,FOODAWAY,All CUs,1984,1320.0,
CXUFOODAWAYLB0401M,FOODAWAY,All CUs,1985,1441.0,
CXUFOODAWAYLB0401M,FOODAWAY,All CUs,1986,1455.0,
CXUFOODAWAYLB0401M,FOODAWAY,All CUs,1987,1565.0,
CXUFOODAWAYLB0401M,FOODAWAY,All CUs,1988,1612.0,
CXUFOODAWAYLB0401M,FOODAWAY,All CUs,1989,1762.0,
CXUFOODAWAYLB0401M,FOODAWAY,All CUs,1990,1811.0,
CXUFOODAWAYLB0401M,FOODAWAY,All CUs,1991,1620.0,
CXUFOODAWAYLB0401M,FOODAWAY,All CUs,1992,1631.0,
CXUFOODAWAYLB0401M,FOODAWAY,All CUs,1993,1664.0,
CXUFOODAWAYLB0401M,FOODAWAY,All CUs,1994,1698.0,
CXUFOODAWAYLB0401M,FOODAWAY,All CUs,1995,1702.0,
CXUFOODAWAYLB0401M,FOODAWAY,All CUs,1996,1823.0,
CXUFOODAWAYLB0401M,FOODAWAY,All CUs,1997,1921.0,
CXUFOODAWAYLB0401M,FOODAWAY,All CUs,1998,2030.0,
CXUFOODAWAYLB0401M,FOODAWAY,All CUs,1999,2116.0,
CXUFOODAWAYLB0401M,FOODAWAY,All CUs,2000,2137.0,
CXUFOODAWAYLB0401M,FOODAWAY,All CUs,2001,2235.0,
CXUFOODAWAYLB0401M,FOODAWAY,All CUs,2002,2276.0,
CXUFOODAWAYLB0401M,FOODAWAY,All CUs,2003,2211.0,
CXUFOODAWAYLB0401M,FOODAWAY,All CUs,2004,2434.0,
CXUFOODAWAYLB0401M,FOODAWAY,All CUs,2005,2634.0,
CXUFOODAWAYLB0401M,FOODAWAY,All CUs,2006,2694.0,
CXUFOODAWAYLB0401M,FOODAWAY,All CUs,2007,2668.0,
CXUFOODAWAYLB0401M,FOODAWAY,All CUs,2008,2698.0,
CXUFOODAWAYLB0401M,FOODAWAY,All CUs,2009,2619.0,
CXUFOODAWAYLB0401M,FOODAWAY,All CUs,2010,2505.0,
CXUFOODAWAYLB0401M,FOODAWAY,All CUs,2011,2620.0,
CXUFOODAWAYLB0401M,FOODAWAY,All CUs,2012,2678.0,
CXUFOODAWAYLB0401M,FOODAWAY,All CUs,2013,2625.0,
CXUFOODAWAYLB0401M,FOODAWAY,All CUs,2014,2787.0,
CXUFOODAWAYLB0401M,FOODAWAY,All CUs,2015,3008.0,
CXUFOODAWAYLB0401M,FOODAWAY,All CUs,2016,3154.0,
CXUFOODAWAYLB0401M,FOODAWAY,All CUs,2017,3365.0,
CXUFOODAWAYLB0401M,FOODAWAY,All CUs,2018,3459.0,
CXUFOODAWAYLB0401M,FOODAWAY,All CUs,2019,3526.0,
CXUFOODAWAYLB0401M,FOODAWAY,All CUs,2020,2375.0,
CXUFOODAWAYLB0401M,FOODAWAY,All CUs,2021,3030.0,
CXUFOODAWAYLB0401M,FOODAWAY,All CUs,2022,3639.0,
CXUFOODAWAYLB0401M,FOODAWAY,All CUs,2023,3933.0,
CXUFOODAWAYLB0401M,FOODAWAY,All CUs,2024,3945.0,
CXUFOODAWAYLB0402M,FOODAWAY,Under 25,1984,1033.0,
CXUFOODAWAYLB0402M,FOODAWAY,Under 25,1985,1166.0,
CXUFOODAWAYLB0402M,FOODAWAY,Under 25,1986,1134.0,
CXUFOODAWAYLB0402M,FOODAWAY,Under 25,1987,1158.0,
CXUFOODAWAYLB0402M,FOODAWAY,Under 25,1988,1334.0,
CXUFOODAWAYLB0402M,FOODAWAY,Under 25,1989,1219.0,
CXUFOODAWAYLB0402M,FOODAWAY,Under 25,1990,1476.0,
CXUFOODAWAYLB0402M,FOODAWAY,Under 25,1991,1118.0,
CXUFOODAWAYLB0402M,FOODAWAY,Under 25,1992,1181.0,
CXUFOODAWAYLB0402M,FOODAWAY,Under 25,1993,1293.0,
CXUFOODAWAYLB0402M,FOODAWAY,Under 25,1994,1177.0,
CXUFOODAWAYLB0402M,FOODAWAY,Under 25,1995,1283.0,
CXUFOODAWAYLB0402M,FOODAWAY,Under 25,1996,1226.0,
CXUFOODAWAYLB0402M,FOODAWAY,Under 25,1997,1272.0,
CXUFOODAWAYLB0402M,FOODAWAY,Under 25,1998,1557.0,
CXUFOODAWAYLB0402M,FOODAWAY,Under 25,1999,1526.0,
CXUFOODAWAYLB0402M,FOODAWAY,Under 25,2000,1569.0,
CXUFOODAWAYLB0402M,FOODAWAY,Under 25,2001,1867.0,
CXUFOODAWAYLB0402M,FOODAWAY,Under 25,2002,1696.0,
CXUFOODAWAYLB0402M,FOODAWAY,Under 25,2003,1636.0,
CXUFOODAWAYLB0402M,FOODAWAY,Under 25,2004,1862.0,
CXUFOODAWAYLB0402M,FOODAWAY,Under 25,2005,2015.0,
CXUFOODAWAYLB0402M,FOODAWAY,Under 25,2006,1973.0,
CXUFOODAWAYLB0402M,FOODAWAY,Under 25,2007,1876.0,
CXUFOODAWAYLB0402M,FOODAWAY,Under 25,2008,2117.0,
CXUFOODAWAYLB0402M,FOODAWAY,Under 25,2009,1731.0,
CXUFOODAWAYLB0402M,FOODAWAY,Under 25,2010,1876.0,
CXUFOODAWAYLB0402M,FOODAWAY,Under 25,2011,1973.0,
CXUFOODAWAYLB0402M,FOODAWAY,Under 25,2012,1883.0,
CXUFOODAWAYLB0402M,FOODAWAY,Under 25,2013,2096.0,
CXUFOODAWAYLB0402M,FOODAWAY,Under 25,2014,1926.0,
CXUFOODAWAYLB0402M,FOODAWAY,Under 25,2015,2347.0,
CXUFOODAWAYLB0402M,FOODAWAY,Under 25,2016,2250.0,
CXUFOODAWAYLB0402M,FOODAWAY,Under 25,2017,2362.0,
CXUFOODAWAYLB0402M,FOODAWAY,Under 25,2018,2336.0,
CXUFOODAWAYLB0402M,FOODAWAY,Under 25,2019,3092.0,
CXUFOODAWAYLB0402M,FOODAWAY,Under 25,2020,1923.0,
CXUFOODAWAYLB0402M,FOODAWAY,Under 25,2021,2485.0,
CXUFOODAWAYLB0402M,FOODAWAY,Under 25,2022,2551.0,
CXUFOODAWAYLB0402M,FOODAWAY,Under 25,2023,2804.0,
CXUFOODAWAYLB0402M,FOODAWAY,Under 25,2024,3025.0,
CXUFOODHOMELB0403M,FOODHOME,25-34,1984,1830.0,
CXUFOODHOMELB0403M,FOODHOME,25-34,1985,1980.0,
CXUFOODHOMELB0403M,FOODHOME,25-34,1986,1881.0,
CXUFOODHOMELB0403M,FOODHOME,25-34,1987,1989.0,
CXUFOODHOMELB0403M,FOODHOME,25-34,1988,2046.0,
CXUFOODHOMELB0403M,FOODHOME,25-34,1989,2156.0,
CXUFOODHOMELB0403M,FOODHOME,25-34,1990,2340.0,
CXUFOODHOMELB0403M,FOODHOME,25-34,1991,2529.0,
CXUFOODHOMELB0403M,FOODHOME,25-34,1992,2486.0,
CXUFOODHOMELB0403M,FOODHOME,25-34,1993,2519.0,
CXUFOODHOMELB0403M,FOODHOME,25-34,1994,2454.0,
CXUFOODHOMELB0403M,FOODHOME,25-34,1995,2758.0,
CXUFOODHOMELB0403M,FOODHOME,25-34,1996,2544.0,
CXUFOODHOMELB0403M,FOODHOME,25-34,1997,2758.0,
CXUFOODHOMELB0403M,FOODHOME,25-34,1998,2547.0,
CXUFOODHOMELB0403M,FOODHOME,25-34,1999,2890.0,
CXUFOODHOMELB0403M,FOODHOME,25-34,2000,2951.0,
CXUFOODHOMELB0403M,FOODHOME,25-34,2001,2936.0,
CXUFOODHOMELB0403M,FOODHOME,25-34,2002,3093.0,
CXUFOODHOMELB0403M,FOODHOME,25-34,2003,2976.0,
CXUFOODHOMELB0403M,FOODHOME,25-34,2004,3155.0,
CXUFOODHOMELB0403M,FOODHOME,25-34,2005,2945.0,
CXUFOODHOMELB0403M,FOODHOME,25-34,2006,3186.0,
CXUFOODHOMELB0403M,FOODHOME,25-34,2007,3210.0,
CXUFOODHOMELB0403M,FOODHOME,25-34,2008,3393.0,
CXUFOODHOMELB0403M,FOODHOME,25-34,2009,3478.0,
CXUFOODHOMELB0403M,FOODHOME,25-34,2010,3338.0,
CXUFOODHOMELB0403M,FOODHOME,25-34,2011,3447.0,
CXUFOODHOMELB0403M,FOODHOME,25-34,2012,3680.0,
CXUFOODHOMELB0403M,FOODHOME,25-34,2013,3559.0,
CXUFOODHOMELB0403M,FOODHOME,25-34,2014,3711.0,
CXUFOODHOMELB0403M,FOODHOME,25-34,2015,3539.0,
CXUFOODHOMELB0403M,FOODHOME,25-34,2016,3749.0,
CXUFOODHOMELB0403M,FOODHOME,25-34,2017,3974.0,
CXUFOODHOMELB0403M,FOODHOME,25-34,2018,3893.0,
CXUFOODHOMELB0403M,FOODHOME,25-34,2019,3836.0,
CXUFOODHOMELB0403M,FOODHOME,25-34,2020,4383.0,
CXUFOODHOMELB0403M,FOODHOME,25-34,2021,4497.0,
CXUFOODHOMELB0403M,FOODHOME,25-34,2022,5176.0,
CXUFOODHOMELB0403M,FOODHOME,25-34,2023,5537.0,
CXUFOODHOMELB0403M,FOODHOME,25-34,2024,5712.0,
CXUFOODHOMELB0404M,FOODHOME,35-44,1984,2516.0,
CXUFOODHOMELB0404M,FOODHOME,35-44,1985,2486.0,
CXUFOODHOMELB0404M,FOODHOME,35-44,1986,2541.0,
CXUFOODHOMELB0404M,FOODHOME,35-44,1987,2538.0,
CXUFOODHOMELB0404M,FOODHOME,35-44,1988,2599.0,
CXUFOODHOMELB0404M,FOODHOME,35-44,1989,2978.0,
CXUFOODHOMELB0404M,FOODHOME,35-44,1990,3134.0,
CXUFOODHOMELB0404M,FOODHOME,35-44,1991,3324.0,
CXUFOODHOMELB0404M,FOODHOME,35-44,1992,3201.0,
CXUFOODHOMELB0404M,FOODHOME,35-44,1993,3336.0,
CXUFOODHOMELB0404M,FOODHOME,35-44,1994,3336.0,
CXUFOODHOMELB0404M,FOODHOME,35-44,1995,3345.0,
CXUFOODHOMELB0404M,FOODHOME,35-44,1996,3472.0,
CXUFOODHOMELB0404M,FOODHOME,35-44,1997,3382.0,
CXUFOODHOMELB0404M,FOODHOME,35-44,1998,3314.0,
CXUFOODHOMELB0404M,FOODHOME,35-44,1999,3537.0,
CXUFOODHOMELB0404M,FOODHOME,35-44,2000,3484.0,
CXUFOODHOMELB0404M,FOODHOME,35-44,2001,3589.0,
CXUFOODHOMELB0404M,FOODHOME,35-44,2002,3601.0,
CXUFOODHOMELB0404M,FOODHOME,35-44,2003,3600.0,
CXUFOODHOMELB0404M,FOODHOME,35-44,2004,3897.0,
CXUFOODHOMELB0404M,FOODHOME,35-44,2005,4121.0,
CXUFOODHOMELB0404M,FOODHOME,35-44,2006,4128.0,
CXUFOODHOMELB0404M,FOODHOME,35-44,2007,4125.0,
CXUFOODHOMELB0404M,FOODHOME,35-44,2008,4509.0,
CXUFOODHOMELB0404M,FOODHOME,35-44,2009,4446.0,
CXUFOODHOMELB0404M,FOODHOME,35-44,2010,4255.0,
CXUFOODHOMELB0404M,FOODHOME,35-44,2011,4594.0,
CXUFOODHOMELB0404M,FOODHOME,35-44,2012,4490.0,
CXUFOODHOMELB0404M,FOODHOME,35-44,2013,4641.0,
CXUFOODHOMELB0404M,FOODHOME,35-44,2014,4675.0,
CXUFOODHOMELB0404M,FOODHOME,35-44,2015,4944.0,
CXUFOODHOMELB0404M,FOODHOME,35-44,2016,4725.0,
CXUFOODHOMELB0404M,FOODHOME,35-44,2017,5127.0,
CXUFOODHOMELB0404M,FOODHOME,35-44,2018,5425.0,
CXUFOODHOMELB0404M,FOODHOME,35-44,2019,5458.0,
CXUFOODHOMELB0404M,FOODHOME,35-44,2020,6196.0,
CXUFOODHOMELB0404M,FOODHOME,35-44,2021,6199.0,
CXUFOODHOMELB0404M,FOODHOME,35-44,2022,6773.0,
CXUFOODHOMELB0404M,FOODHOME,35-44,2023,7211.0,
CXUFOODHOMELB0404M,FOODHOME,35-44,2024,7411.0,
CXUFOODHOMELB0405M,FOODHOME,45-54,1984,2581.0,
CXUFOODHOMELB0405M,FOODHOME,45-54,1985,2592.0,
CXUFOODHOMELB0405M,FOODHOME,45-54,1986,2680.0,
CXUFOODHOMELB0405M,FOODHOME,45-54,1987,2627.0,
CXUFOODHOMELB0405M,FOODHOME,45-54,1988,2605.0,
CXUFOODHOMELB0405M,FOODHOME,45-54,1989,2980.0,
CXUFOODHOMELB0405M,FOODHOME,45-54,1990,3008.0,
CXUFOODHOMELB0405M,FOODHOME,45-54,1991,3147.0,
CXUFOODHOMELB0405M,FOODHOME,45-54,1992,3102.0,
CXUFOODHOMELB0405M,FOODHOME,45-54,1993,3212.0,
CXUFOODHOMELB0405M,FOODHOME,45-54,1994,3319.0,
CXUFOODHOMELB0405M,FOODHOME,45-54,1995,3223.0,
CXUFOODHOMELB0405M,FOODHOME,45-54,1996,3401.0,
CXUFOODHOMELB0405M,FOODHOME,45-54,1997,3440.0,
CXUFOODHOMELB0405M,FOODHOME,45-54,1998,3388.0,
CXUFOODHOMELB0405M,FOODHOME,45-54,1999,3340.0,
CXUFOODHOMELB0405M,FOODHOME,45-54,2000,3657.0,
CXUFOODHOMELB0405M,FOODHOME,45-54,2001,3659.0,
CXUFOODHOMELB0405M,FOODHOME,45-54,2002,3528.0,
CXUFOODHOMELB0405M,FOODHOME,45-54,2003,3693.0,
CXUFOODHOMELB0405M,FOODHOME,45-54,2004,4083.0,
CXUFOODHOMELB0405M,FOODHOME,45-54,2005,3807.0,
CXUFOODHOMELB0405M,FOODHOME,45-54,2006,4036.0,
CXUFOODHOMELB0405M,FOODHOME,45-54,2007,4003.0,
CXUFOODHOMELB0405M,FOODHOME,45-54,2008,4452.0,
CXUFOODHOMELB0405M,FOODHOME,45-54,2009,4343.0,
CXUFOODHOMELB0405M,FOODHOME,45-54,2010,4369.0,
CXUFOODHOMELB0405M,FOODHOME,45-54,2011,4421.0,
CXUFOODHOMELB0405M,FOODHOME,45-54,2012,4707.0,
CXUFOODHOMELB0405M,FOODHOME,45-54,2013,4701.0,
CXUFOODHOMELB0405M,FOODHOME,45-54,2014,4644.0,
CXUFOODHOMELB0405M,FOODHOME,45-54,2015,4713.0,
CXUFOODHOMELB0405M,FOODHOME,45-54,2016,4811.0,
CXUFOODHOMELB0405M,FOODHOME,45-54,2017,5113.0,
CXUFOODHOMELB0405M,FOODHOME,45-54,2018,5135.0,
CXUFOODHOMELB0405M,FOODHOME,45-54,2019,5659.0,
CXUFOODHOMELB0405M,FOODHOME,45-54,2020,5783.0,
CXUFOODHOMELB0405M,FOODHOME,45-54,2021,6617.0,
CXUFOODHOMELB0405M,FOODHOME,45-54,2022,6959.0,
CXUFOODHOMELB0405M,FOODHOME,45-54,2023,7639.0,
CXUFOODHOMELB0405M,FOODHOME,45-54,2024,7703.0,
CXUFOODHOMELB0406M,FOODHOME,55-64,1984,2117.0,
CXUFOODHOMELB0406M,FOODHOME,55-64,1985,2213.0,
CXUFOODHOMELB0406M,FOODHOME,55-64,1986,2130.0,
CXUFOODHOMELB0406M,FOODHOME,55-64,1987,2310.0,
CXUFOODHOMELB0406M,FOODHOME,55-64,1988,2355.0,
CXUFOODHOMELB0406M,FOODHOME,55-64,1989,2611.0,
CXUFOODHOMELB0406M,FOODHOME,55-64,1990,2601.0,
CXUFOODHOMELB0406M,FOODHOME,55-64,1991,2639.0,
CXUFOODHOMELB0406M,FOODHOME,55-64,1992,2833.0,
CXUFOODHOMELB0406M,FOODHOME,55-64,1993,2897.0,
CXUFOODHOMELB0406M,FOODHOME,55-64,1994,2733.0,
CXUFOODHOMELB0406M,FOODHOME,55-64,1995,2833.0,
CXUFOODHOMELB0406M,FOODHOME,55-64,1996,3131.0,
CXUFOODHOMELB0406M,FOODHOME,55-64,1997,3139.0,
CXUFOODHOMELB0406M,FOODHOME,55-64,1998,2831.0,
CXUFOODHOMELB0406M,FOODHOME,55-64,1999,2920.0,
CXUFOODHOMELB0406M,FOODHOME,55-64,2000,3071.0,
CXUFOODHOMELB0406M,FOODHOME,55-64,2001,3238.0,
CXUFOODHOMELB0406M,FOODHOME,55-64,2002,3114.0,
CXUFOODHOMELB0406M,FOODHOME,55-64,2003,3315.0,
CXUFOODHOMELB0406M,FOODHOME,55-64,2004,3374.0,
CXUFOODHOMELB0406M,FOODHOME,55-64,2005,3487.0,
CXUFOODHOMELB0406M,FOODHOME,55-64,2006,3518.0,
CXUFOODHOMELB0406M,FOODHOME,55-64,2007,3457.0,
CXUFOODHOMELB0406M,FOODHOME,55-64,2008,3710.0,
CXUFOODHOMELB0406M,FOODHOME,55-64,2009,3678.0,
CXUFOODHOMELB0406M,FOODHOME,55-64,2010,3681.0,
CXUFOODHOMELB0406M,FOODHOME,55-64,2011,3908.0,
CXUFOODHOMELB0406M,FOODHOME,55-64,2012,4012.0,
CXUFOODHOMELB0406M,FOODHOME,55-64,2013,4232.0,
CXUFOODHOMELB0406M,FOODHOME,55-64,2014,4109.0,
CXUFOODHOMELB0406M,FOODHOME,55-64,2015,4200.0,
CXUFOODHOMELB0406M,FOODHOME,55-64,2016,4190.0,
CXUFOODHOMELB0406M,FOODHOME,55-64,2017,4665.0,
CXUFOODHOMELB0406M,FOODHOME,55-64,2018,4755.0,
CXUFOODHOMELB0406M,FOODHOME,55-64,2019,5094.0,
CXUFOODHOMELB0406M,FOODHOME,55-64,2020,5045.0,
CXUFOODHOMELB0406M,FOODHOME,55-64,2021,5523.0,
CXUFOODHOMELB0406M,FOODHOME,55-64,2022,5981.0,
CXUFOODHOMELB0406M,FOODHOME,55-64,2023,6324.0,
CXUFOODHOMELB0406M,FOODHOME,55-64,2024,6174.0,
CXUFOODHOMELB0407M,FOODHOME,65+,1988,1709.0,
CXUFOODHOMELB0407M,FOODHOME,65+,1989,1907.0,
CXUFOODHOMELB0407M,FOODHOME,65+,1990,1917.0,
CXUFOODHOMELB0407M,FOODHOME,65+,1991,2152.0,
CXUFOODHOMELB0407M,FOODHOME,65+,1992,2211.0,
CXUFOODHOMELB0407M,FOODHOME,65+,1993,2344.0,
CXUFOODHOMELB0407M,FOODHOME,65+,1994,2245.0,
CXUFOODHOMELB0407M,FOODHOME,65+,1995,2367.0,
CXUFOODHOMELB0407M,FOODHOME,65+,1996,2384.0,
CXUFOODHOMELB0407M,FOODHOME,65+,1997,2293.0,
CXUFOODHOMELB0407M,FOODHOME,65+,1998,2264.0,
CXUFOODHOMELB0407M,FOODHOME,65+,1999,2266.0,
CXUFOODHOMELB0407M,FOODHOME,65+,2000,2448.0,
CXUFOODHOMELB0407M,FOODHOME,65+,2001,2435.0,
CXUFOODHOMELB0407M,FOODHOME,65+,2002,2548.0,
CXUFOODHOMELB0407M,FOODHOME,65+,2003,2575.0,
CXUFOODHOMELB0407M,FOODHOME,65+,2004,2722.0,
CXUFOODHOMELB0407M,FOODHOME,65+,2005,2605.0,
CXUFOODHOMELB0407M,FOODHOME,65+,2006,2659.0,
CXUFOODHOMELB0407M,FOODHOME,65+,2007,2905.0,
CXUFOODHOMELB0407M,FOODHOME,65+,2008,3075.0,
CXUFOODHOMELB0407M,FOODHOME,65+,2009,3222.0,
CXUFOODHOMELB0407M,FOODHOME,65+,2010,2950.0,
CXUFOODHOMELB0407M,FOODHOME,65+,2011,3309.0,
CXUFOODHOMELB0407M,FOODHOME,65+,2012,3273.0,
CXUFOODHOMELB0407M,FOODHOME,65+,2013,3327.0,
CXUFOODHOMELB0407M,FOODHOME,65+,2014,3399.0,
CXUFOODHOMELB0407M,FOODHOME,65+,2015,3398.0,
CXUFOODHOMELB0407M,FOODHOME,65+,2016,3571.0,
CXUFOODHOMELB0407M,FOODHOME,65+,2017,3815.0,
CXUFOODHOMELB0407M,FOODHOME,65+,2018,4009.0,
CXUFOODHOMELB0407M,FOODHOME,65+,2019,4063.0,
CXUFOODHOMELB0407M,FOODHOME,65+,2020,4204.0,
CXUFOODHOMELB0407M,FOODHOME,65+,2021,4497.0,
CXUFOODHOMELB0407M,FOODHOME,65+,2022,4797.0,
CXUFOODHOMELB0407M,FOODHOME,65+,2023,4973.0,
CXUFOODHOMELB0407M,FOODHOME,65+,2024,5251.0,
CXUFOODHOMELB0408M,FOODHOME,65-74,1984,1691.0,
CXUFOODHOMELB0408M,FOODHOME,65-74,1985,1795.0,
CXUFOODHOMELB0408M,FOODHOME,65-74,1986,1647.0,
CXUFOODHOMELB0408M,FOODHOME,65-74,1987,1897.0,
CXUFOODHOMELB0408M,FOODHOME,65-74,1988,1933.0,
CXUFOODHOMELB0408M,FOODHOME,65-74,1989,2048.0,
CXUFOODHOMELB0408M,FOODHOME,65-74,1990,2106.0,
CXUFOODHOMELB0408M,FOODHOME,65-74,1991,2364.0,
CXUFOODHOMELB0408M,FOODHOME,65-74,1992,2461.0,
CXUFOODHOMELB0408M,FOODHOME,65-74,1993,2568.0,
CXUFOODHOMELB0408M,FOODHOME,65-74,1994,2346.0,
CXUFOODHOMELB0408M,FOODHOME,65-74,1995,2610.0,
CXUFOODHOMELB0408M,FOODHOME,65-74,1996,2779.0,
CXUFOODHOMELB0408M,FOODHOME,65-74,1997,2600.0,
CXUFOODHOMELB0408M,FOODHOME,65-74,1998,2443.0,
CXUFOODHOMELB0408M,FOODHOME,65-74,1999,2575.0,
CXUFOODHOMELB0408M,FOODHOME,65-74,2000,2760.0,
CXUFOODHOMELB0408M,FOODHOME,65-74,2001,2597.0,
CXUFOODHOMELB0408M,FOODHOME,65-74,2002,2877.0,
CXUFOODHOMELB0408M,FOODHOME,65-74,2003,2888.0,
CXUFOODHOMELB0408M,FOODHOME,65-74,2004,3049.0,
CXUFOODHOMELB0408M,FOODHOME,65-74,2005,2967.0,
CXUFOODHOMELB0408M,FOODHOME,65-74,2006,3062.0,
CXUFOODHOMELB0408M,FOODHOME,65-74,2007,3348.0,
CXUFOODHOMELB0408M,FOODHOME,65-74,2008,3421.0,
CXUFOODHOMELB0408M,FOODHOME,65-74,2009,3567.0,
CXUFOODHOMELB0408M,FOODHOME,65-74,2010,3213.0,
CXUFOODHOMELB0408M,FOODHOME,65-74,2011,3594.0,
CXUFOODHOMELB0408M,FOODHOME,65-74,2012,3719.0,
CXUFOODHOMELB0408M,FOODHOME,65-74,2013,3728.0,
CXUFOODHOMELB0408M,FOODHOME,65-74,2014,3735.0,
CXUFOODHOMELB0408M,FOODHOME,65-74,2015,3803.0,
CXUFOODHOMELB0408M,FOODHOME,65-74,2016,3984.0,
CXUFOODHOMELB0408M,FOODHOME,65-74,2017,4049.0,
CXUFOODHOMELB0408M,FOODHOME,65-74,2018,4265.0,
CXUFOODHOMELB0408M,FOODHOME,65-74,2019,4411.0,
CXUFOODHOMELB0408M,FOODHOME,65-74,2020,4591.0,
CXUFOODHOMELB0408M,FOODHOME,65-74,2021,4755.0,
CXUFOODHOMELB0408M,FOODHOME,65-74,2022,5253.0,
CXUFOODHOMELB0408M,FOODHOME,65-74,2023,5432.0,
CXUFOODHOMELB0408M,FOODHOME,65-74,2024,5642.0,
CXUFOODHOMELB0409M,FOODHOME,75+,1984,1266.0,
CXUFOODHOMELB0409M,FOODHOME,75+,1985,1469.0,
CXUFOODHOMELB0409M,FOODHOME,75+,1986,1342.0,
CXUFOODHOMELB0409M,FOODHOME,75+,1987,1496.0,
CXUFOODHOMELB0409M,FOODHOME,75+,1988,1373.0,
CXUFOODHOMELB0409M,FOODHOME,75+,1989,1713.0,
CXUFOODHOMELB0409M,FOODHOME,75+,1990,1654.0,
CXUFOODHOMELB0409M,FOODHOME,75+,1991,1864.0,
CXUFOODHOMELB0409M,FOODHOME,75+,1992,1879.0,
CXUFOODHOMELB0409M,FOODHOME,75+,1993,2042.0,
CXUFOODHOMELB0409M,FOODHOME,75+,1994,2112.0,
CXUFOODHOMELB0409M,FOODHOME,75+,1995,2069.0,
CXUFOODHOMELB0409M,FOODHOME,75+,1996,1917.0,
CXUFOODHOMELB0409M,FOODHOME,75+,1997,1924.0,
CXUFOODHOMELB0409M,FOODHOME,75+,1998,2044.0,
CXUFOODHOMELB0409M,FOODHOME,75+,1999,1943.0,
CXUFOODHOMELB0409M,FOODHOME,75+,2000,2106.0,
CXUFOODHOMELB0409M,FOODHOME,75+,2001,2261.0,
CXUFOODHOMELB0409M,FOODHOME,75+,2002,2195.0,
CXUFOODHOMELB0409M,FOODHOME,75+,2003,2241.0,
CXUFOODHOMELB0409M,FOODHOME,75+,2004,2380.0,
CXUFOODHOMELB0409M,FOODHOME,75+,2005,2222.0,
CXUFOODHOMELB0409M,FOODHOME,75+,2006,2244.0,
CXUFOODHOMELB0409M,FOODHOME,75+,2007,2419.0,
CXUFOODHOMELB0409M,FOODHOME,75+,2008,2667.0,
CXUFOODHOMELB0409M,FOODHOME,75+,2009,2851.0,
CXUFOODHOMELB0409M,FOODHOME,75+,2010,2643.0,
CXUFOODHOMELB0409M,FOODHOME,75+,2011,2980.0,
CXUFOODHOMELB0409M,FOODHOME,75+,2012,2716.0,
CXUFOODHOMELB0409M,FOODHOME,75+,2013,2825.0,
CXUFOODHOMELB0409M,FOODHOME,75+,2014,2952.0,
CXUFOODHOMELB0409M,FOODHOME,75+,2015,2859.0,
CXUFOODHOMELB0409M,FOODHOME,75+,2016,3017.0,
CXUFOODHOMELB0409M,FOODHOME,75+,2017,3478.0,
CXUFOODHOMELB0409M,FOODHOME,75+,2018,3639.0,
CXUFOODHOMELB0409M,FOODHOME,75+,2019,3566.0,
CXUFOODHOMELB0409M,FOODHOME,75+,2020,3632.0,
CXUFOODHOMELB0409M,FOODHOME,75+,2021,4121.0,
CXUFOODHOMELB0409M,FOODHOME,75+,2022,4140.0,
CXUFOODHOMELB0409M,FOODHOME,75+,2023,4321.0,
CXUFOODHOMELB0409M,FOODHOME,75+,2024,4696.0,
CXUFOODHOMELB0401M,FOODHOME,All CUs,1984,1970.0,
CXUFOODHOMELB0401M,FOODHOME,All CUs,1985,2037.0,
CXUFOODHOMELB0401M,FOODHOME,All CUs,1986,1993.0,
CXUFOODHOMELB0401M,FOODHOME,All CUs,1987,2099.0,
CXUFOODHOMELB0401M,FOODHOME,All CUs,1988,2136.0,
CXUFOODHOMELB0401M,FOODHOME,All CUs,1989,2390.0,
CXUFOODHOMELB0401M,FOODHOME,All CUs,1990,2485.0,
CXUFOODHOMELB0401M,FOODHOME,All CUs,1991,2651.0,
CXUFOODHOMELB0401M,FOODHOME,All CUs,1992,2643.0,
CXUFOODHOMELB0401M,FOODHOME,All CUs,1993,2735.0,
CXUFOODHOMELB0401M,FOODHOME,All CUs,1994,2712.0,
CXUFOODHOMELB0401M,FOODHOME,All CUs,1995,2803.0,
CXUFOODHOMELB0401M,FOODHOME,All CUs,1996,2876.0,
CXUFOODHOMELB0401M,FOODHOME,All CUs,1997,2880.0,
CXUFOODHOMELB0401M,FOODHOME,All CUs,1998,2780.0,
CXUFOODHOMELB0401M,FOODHOME,All CUs,1999,2915.0,
CXUFOODHOMELB0401M,FOODHOME,All CUs,2000,3021.0,
CXUFOODHOMELB0401M,FOODHOME,All CUs,2001,3086.0,
CXUFOODHOMELB0401M,FOODHOME,All CUs,2002,3099.0,
CXUFOODHOMELB0401M,FOODHOME,All CUs,2003,3129.0,
CXUFOODHOMELB0401M,FOODHOME,All CUs,2004,3347.0,
CXUFOODHOMELB0401M,FOODHOME,All CUs,2005,3297.0,
CXUFOODHOMELB0401M,FOODHOME,All CUs,2006,3417.0,
CXUFOODHOMELB0401M,FOODHOME,All CUs,2007,3465.0,
CXUFOODHOMELB0401M,FOODHOME,All CUs,2008,3744.0,
CXUFOODHOMELB0401M,FOODHOME,All CUs,2009,3753.0,
CXUFOODHOMELB0401M,FOODHOME,All CUs,2010,3624.0,
CXUFOODHOMELB0401M,FOODHOME,All CUs,2011,3838.0,
CXUFOODHOMELB0401M,FOODHOME,All CUs,2012,3921.0,
CXUFOODHOMELB0401M,FOODHOME,All CUs,2013,3977.0,
CXUFOODHOMELB0401M,FOODHOME,All CUs,2014,3971.0,
CXUFOODHOMELB0401M,FOODHOME,All CUs,2015,4015.0,
CXUFOODHOMELB0401M,FOODHOME,All CUs,2016,4049.0,
CXUFOODHOMELB0401M,FOODHOME,All CUs,2017,4363.0,
CXUFOODHOMELB0401M,FOODHOME,All CUs,2018,4464.0,
CXUFOODHOMELB0401M,FOODHOME,All CUs,2019,4643.0,
CXUFOODHOMELB0401M,FOODHOME,All CUs,2020,4935.0,
CXUFOODHOMELB0401M,FOODHOME,All CUs,2021,5259.0,
CXUFOODHOMELB0401M,FOODHOME,All CUs,2022,5703.0,
CXUFOODHOMELB0401M,FOODHOME,All CUs,2023,6053.0,
CXUFOODHOMELB0401M,FOODHOME,All CUs,2024,6224.0,
CXUFOODHOMELB0402M,FOODHOME,Under 25,1984,1054.0,
CXUFOODHOMELB0402M,FOODHOME,Under 25,1985,974.0,
CXUFOODHOMELB0402M,FOODHOME,Under 25,1986,1011.0,
CXUFOODHOMELB0402M,FOODHOME,Under 25,1987,1046.0,
CXUFOODHOMELB0402M,FOODHOME,Under 25,1988,1121.0,
CXUFOODHOMELB0402M,FOODHOME,Under 25,1989,1285.0,
CXUFOODHOMELB0402M,FOODHOME,Under 25,1990,1285.0,
CXUFOODHOMELB0402M,FOODHOME,Under 25,1991,1410.0,
CXUFOODHOMELB0402M,FOODHOME,Under 25,1992,1440.0,
CXUFOODHOMELB0402M,FOODHOME,Under 25,1993,1339.0,
CXUFOODHOMELB0402M,FOODHOME,Under 25,1994,1617.0,
CXUFOODHOMELB0402M,FOODHOME,Under 25,1995,1407.0,
CXUFOODHOMELB0402M,FOODHOME,Under 25,1996,1638.0,
CXUFOODHOMELB0402M,FOODHOME,Under 25,1997,1566.0,
CXUFOODHOMELB0402M,FOODHOME,Under 25,1998,1518.0,
CXUFOODHOMELB0402M,FOODHOME,Under 25,1999,1828.0,
CXUFOODHOMELB0402M,FOODHOME,Under 25,2000,1643.0,
CXUFOODHOMELB0402M,FOODHOME,Under 25,2001,1857.0,
CXUFOODHOMELB0402M,FOODHOME,Under 25,2002,1926.0,
CXUFOODHOMELB0402M,FOODHOME,Under 25,2003,1766.0,
CXUFOODHOMELB0402M,FOODHOME,Under 25,2004,1853.0,
CXUFOODHOMELB0402M,FOODHOME,Under 25,2005,1917.0,
CXUFOODHOMELB0402M,FOODHOME,Under 25,2006,1946.0,
CXUFOODHOMELB0402M,FOODHOME,Under 25,2007,2265.0,
CXUFOODHOMELB0402M,FOODHOME,Under 25,2008,2330.0,
CXUFOODHOMELB0402M,FOODHOME,Under 25,2009,2449.0,
CXUFOODHOMELB0402M,FOODHOME,Under 25,2010,2197.0,
CXUFOODHOMELB0402M,FOODHOME,Under 25,2011,2382.0,
CXUFOODHOMELB0402M,FOODHOME,Under 25,2012,2529.0,
CXUFOODHOMELB0402M,FOODHOME,Under 25,2013,2602.0,
CXUFOODHOMELB0402M,FOODHOME,Under 25,2014,2497.0,
CXUFOODHOMELB0402M,FOODHOME,Under 25,2015,2543.0,
CXUFOODHOMELB0402M,FOODHOME,Under 25,2016,2301.0,
CXUFOODHOMELB0402M,FOODHOME,Under 25,2017,2397.0,
CXUFOODHOMELB0402M,FOODHOME,Under 25,2018,2412.0,
CXUFOODHOMELB0402M,FOODHOME,Under 25,2019,2743.0,
CXUFOODHOMELB0402M,FOODHOME,Under 25,2020,2604.0,
CXUFOODHOMELB0402M,FOODHOME,Under 25,2021,3081.0,
CXUFOODHOMELB0402M,FOODHOME,Under 25,2022,3347.0,
CXUFOODHOMELB0402M,FOODHOME,Under 25,2023,3149.0,
CXUFOODHOMELB0402M,FOODHOME,Under 25,2024,4189.0,
CXUFOODTOTLLB0403M,FOODTOTL,25-34,1984,3132.0,
CXUFOODTOTLLB0403M,FOODTOTL,25-34,1985,3345.0,
CXUFOODTOTLLB0403M,FOODTOTL,25-34,1986,3349.0,
CXUFOODTOTLLB0403M,FOODTOTL,25-34,1987,3567.0,
CXUFOODTOTLLB0403M,FOODTOTL,25-34,1988,3664.0,
CXUFOODTOTLLB0403M,FOODTOTL,25-34,1989,3912.0,
CXUFOODTOTLLB0403M,FOODTOTL,25-34,1990,4100.0,
CXUFOODTOTLLB0403M,FOODTOTL,25-34,1991,4272.0,
CXUFOODTOTLLB0403M,FOODTOTL,25-34,1992,4218.0,
CXUFOODTOTLLB0403M,FOODTOTL,25-34,1993,4170.0,
CXUFOODTOTLLB0403M,FOODTOTL,25-34,1994,4159.0,
CXUFOODTOTLLB0403M,FOODTOTL,25-34,1995,4469.0,
CXUFOODTOTLLB0403M,FOODTOTL,25-34,1996,4388.0,
CXUFOODTOTLLB0403M,FOODTOTL,25-34,1997,4650.0,
CXUFOODTOTLLB0403M,FOODTOTL,25-34,1998,4577.0,
CXUFOODTOTLLB0403M,FOODTOTL,25-34,1999,5140.0,
CXUFOODTOTLLB0403M,FOODTOTL,25-34,2000,5260.0,
CXUFOODTOTLLB0403M,FOODTOTL,25-34,2001,5214.0,
CXUFOODTOTLLB0403M,FOODTOTL,25-34,2002,5471.0,
CXUFOODTOTLLB0403M,FOODTOTL,25-34,2003,5318.0,
CXUFOODTOTLLB0403M,FOODTOTL,25-34,2004,5705.0,
CXUFOODTOTLLB0403M,FOODTOTL,25-34,2005,5639.0,
CXUFOODTOTLLB0403M,FOODTOTL,25-34,2006,6104.0,
CXUFOODTOTLLB0403M,FOODTOTL,25-34,2007,6000.0,
CXUFOODTOTLLB0403M,FOODTOTL,25-34,2008,6229.0,
CXUFOODTOTLLB0403M,FOODTOTL,25-34,2009,6169.0,
CXUFOODTOTLLB0403M,FOODTOTL,25-34,2010,6091.0,
CXUFOODTOTLLB0403M,FOODTOTL,25-34,2011,6211.0,
CXUFOODTOTLLB0403M,FOODTOTL,25-34,2012,6513.0,
CXUFOODTOTLLB0403M,FOODTOTL,25-34,2013,6197.0,
CXUFOODTOTLLB0403M,FOODTOTL,25-34,2014,6632.0,
CXUFOODTOTLLB0403M,FOODTOTL,25-34,2015,6636.0,
CXUFOODTOTLLB0403M,FOODTOTL,25-34,2016,6914.0,
CXUFOODTOTLLB0403M,FOODTOTL,25-34,2017,7390.0,
CXUFOODTOTLLB0403M,FOODTOTL,25-34,2018,7343.0,
CXUFOODTOTLLB0403M,FOODTOTL,25-34,2019,7370.0,
CXUFOODTOTLLB0403M,FOODTOTL,25-34,2020,7048.0,
CXUFOODTOTLLB0403M,FOODTOTL,25-34,2021,7942.0,
CXUFOODTOTLLB0403M,FOODTOTL,25-34,2022,8914.0,
CXUFOODTOTLLB0403M,FOODTOTL,25-34,2023,9704.0,
CXUFOODTOTLLB0403M,FOODTOTL,25-34,2024,9630.0,
CXUFOODTOTLLB0404M,FOODTOTL,35-44,1984,4302.0,
CXUFOODTOTLLB0404M,FOODTOTL,35-44,1985,4396.0,
CXUFOODTOTLLB0404M,FOODTOTL,35-44,1986,4512.0,
CXUFOODTOTLLB0404M,FOODTOTL,35-44,1987,4638.0,
CXUFOODTOTLLB0404M,FOODTOTL,35-44,1988,4636.0,
CXUFOODTOTLLB0404M,FOODTOTL,35-44,1989,5227.0,
CXUFOODTOTLLB0404M,FOODTOTL,35-44,1990,5380.0,
CXUFOODTOTLLB0404M,FOODTOTL,35-44,1991,5405.0,
CXUFOODTOTLLB0404M,FOODTOTL,35-44,1992,5218.0,
CXUFOODTOTLLB0404M,FOODTOTL,35-44,1993,5360.0,
CXUFOODTOTLLB0404M,FOODTOTL,35-44,1994,5367.0,
CXUFOODTOTLLB0404M,FOODTOTL,35-44,1995,5368.0,
CXUFOODTOTLLB0404M,FOODTOTL,35-44,1996,5692.0,
CXUFOODTOTLLB0404M,FOODTOTL,35-44,1997,5666.0,
CXUFOODTOTLLB0404M,FOODTOTL,35-44,1998,5753.0,
CXUFOODTOTLLB0404M,FOODTOTL,35-44,1999,6109.0,
CXUFOODTOTLLB0404M,FOODTOTL,35-44,2000,6092.0,
CXUFOODTOTLLB0404M,FOODTOTL,35-44,2001,6242.0,
CXUFOODTOTLLB0404M,FOODTOTL,35-44,2002,6314.0,
CXUFOODTOTLLB0404M,FOODTOTL,35-44,2003,6272.0,
CXUFOODTOTLLB0404M,FOODTOTL,35-44,2004,6752.0,
CXUFOODTOTLLB0404M,FOODTOTL,35-44,2005,7359.0,
CXUFOODTOTLLB0404M,FOODTOTL,35-44,2006,7331.0,
CXUFOODTOTLLB0404M,FOODTOTL,35-44,2007,7393.0,
CXUFOODTOTLLB0404M,FOODTOTL,35-44,2008,7849.0,
CXUFOODTOTLLB0404M,FOODTOTL,35-44,2009,7760.0,
CXUFOODTOTLLB0404M,FOODTOTL,35-44,2010,7483.0,
CXUFOODTOTLLB0404M,FOODTOTL,35-44,2011,7765.0,
CXUFOODTOTLLB0404M,FOODTOTL,35-44,2012,7701.0,
CXUFOODTOTLLB0404M,FOODTOTL,35-44,2013,7920.0,
CXUFOODTOTLLB0404M,FOODTOTL,35-44,2014,8063.0,
CXUFOODTOTLLB0404M,FOODTOTL,35-44,2015,8844.0,
CXUFOODTOTLLB0404M,FOODTOTL,35-44,2016,8700.0,
CXUFOODTOTLLB0404M,FOODTOTL,35-44,2017,9376.0,
CXUFOODTOTLLB0404M,FOODTOTL,35-44,2018,9820.0,
CXUFOODTOTLLB0404M,FOODTOTL,35-44,2019,9760.0,
CXUFOODTOTLLB0404M,FOODTOTL,35-44,2020,9337.0,
CXUFOODTOTLLB0404M,FOODTOTL,35-44,2021,9806.0,
CXUFOODTOTLLB0404M,FOODTOTL,35-44,2022,11023.0,
CXUFOODTOTLLB0404M,FOODTOTL,35-44,2023,12006.0,
CXUFOODTOTLLB0404M,FOODTOTL,35-44,2024,12460.0,
CXUFOODTOTLLB0405M,FOODTOTL,45-54,1984,4341.0,
CXUFOODTOTLLB0405M,FOODTOTL,45-54,1985,4614.0,
CXUFOODTOTLLB0405M,FOODTOTL,45-54,1986,4675.0,
CXUFOODTOTLLB0405M,FOODTOTL,45-54,1987,4625.0,
CXUFOODTOTLLB0405M,FOODTOTL,45-54,1988,4815.0,
CXUFOODTOTLLB0405M,FOODTOTL,45-54,1989,5361.0,
CXUFOODTOTLLB0405M,FOODTOTL,45-54,1990,5490.0,
CXUFOODTOTLLB0405M,FOODTOTL,45-54,1991,5184.0,
CXUFOODTOTLLB0405M,FOODTOTL,45-54,1992,5233.0,
CXUFOODTOTLLB0405M,FOODTOTL,45-54,1993,5485.0,
CXUFOODTOTLLB0405M,FOODTOTL,45-54,1994,5614.0,
CXUFOODTOTLLB0405M,FOODTOTL,45-54,1995,5468.0,
CXUFOODTOTLLB0405M,FOODTOTL,45-54,1996,5817.0,
CXUFOODTOTLLB0405M,FOODTOTL,45-54,1997,6028.0,
CXUFOODTOTLLB0405M,FOODTOTL,45-54,1998,5999.0,
CXUFOODTOTLLB0405M,FOODTOTL,45-54,1999,5945.0,
CXUFOODTOTLLB0405M,FOODTOTL,45-54,2000,6295.0,
CXUFOODTOTLLB0405M,FOODTOTL,45-54,2001,6451.0,
CXUFOODTOTLLB0405M,FOODTOTL,45-54,2002,6228.0,
CXUFOODTOTLLB0405M,FOODTOTL,45-54,2003,6381.0,
CXUFOODTOTLLB0405M,FOODTOTL,45-54,2004,7038.0,
CXUFOODTOTLLB0405M,FOODTOTL,45-54,2005,6980.0,
CXUFOODTOTLLB0405M,FOODTOTL,45-54,2006,7328.0,
CXUFOODTOTLLB0405M,FOODTOTL,45-54,2007,7181.0,
CXUFOODTOTLLB0405M,FOODTOTL,45-54,2008,7696.0,
CXUFOODTOTLLB0405M,FOODTOTL,45-54,2009,7445.0,
CXUFOODTOTLLB0405M,FOODTOTL,45-54,2010,7230.0,
CXUFOODTOTLLB0405M,FOODTOTL,45-54,2011,7424.0,
CXUFOODTOTLLB0405M,FOODTOTL,45-54,2012,7917.0,
CXUFOODTOTLLB0405M,FOODTOTL,45-54,2013,7907.0,
CXUFOODTOTLLB0405M,FOODTOTL,45-54,2014,8038.0,
CXUFOODTOTLLB0405M,FOODTOTL,45-54,2015,8406.0,
CXUFOODTOTLLB0405M,FOODTOTL,45-54,2016,8790.0,
CXUFOODTOTLLB0405M,FOODTOTL,45-54,2017,9270.0,
CXUFOODTOTLLB0405M,FOODTOTL,45-54,2018,9532.0,
CXUFOODTOTLLB0405M,FOODTOTL,45-54,2019,10076.0,
CXUFOODTOTLLB0405M,FOODTOTL,45-54,2020,8783.0,
CXUFOODTOTLLB0405M,FOODTOTL,45-54,2021,10619.0,
CXUFOODTOTLLB0405M,FOODTOTL,45-54,2022,11827.0,
CXUFOODTOTLLB0405M,FOODTOTL,45-54,2023,12941.0,
CXUFOODTOTLLB0405M,FOODTOTL,45-54,2024,12772.0,
CXUFOODTOTLLB0406M,FOODTOTL,55-64,1984,3465.0,
CXUFOODTOTLLB0406M,FOODTOTL,55-64,1985,3653.0,
CXUFOODTOTLLB0406M,FOODTOTL,55-64,1986,3488.0,
CXUFOODTOTLLB0406M,FOODTOTL,55-64,1987,3887.0,
CXUFOODTOTLLB0406M,FOODTOTL,55-64,1988,3952.0,
CXUFOODTOTLLB0406M,FOODTOTL,55-64,1989,4424.0,
CXUFOODTOTLLB0406M,FOODTOTL,55-64,1990,4430.0,
CXUFOODTOTLLB0406M,FOODTOTL,55-64,1991,4217.0,
CXUFOODTOTLLB0406M,FOODTOTL,55-64,1992,4354.0,
CXUFOODTOTLLB0406M,FOODTOTL,55-64,1993,4638.0,
CXUFOODTOTLLB0406M,FOODTOTL,55-64,1994,4549.0,
CXUFOODTOTLLB0406M,FOODTOTL,55-64,1995,4541.0,
CXUFOODTOTLLB0406M,FOODTOTL,55-64,1996,5073.0,
CXUFOODTOTLLB0406M,FOODTOTL,55-64,1997,5085.0,
CXUFOODTOTLLB0406M,FOODTOTL,55-64,1998,4900.0,
CXUFOODTOTLLB0406M,FOODTOTL,55-64,1999,5056.0,
CXUFOODTOTLLB0406M,FOODTOTL,55-64,2000,5168.0,
CXUFOODTOTLLB0406M,FOODTOTL,55-64,2001,5442.0,
CXUFOODTOTLLB0406M,FOODTOTL,55-64,2002,5559.0,
CXUFOODTOTLLB0406M,FOODTOTL,55-64,2003,5530.0,
CXUFOODTOTLLB0406M,FOODTOTL,55-64,2004,5898.0,
CXUFOODTOTLLB0406M,FOODTOTL,55-64,2005,6202.0,
CXUFOODTOTLLB0406M,FOODTOTL,55-64,2006,6132.0,
CXUFOODTOTLLB0406M,FOODTOTL,55-64,2007,6241.0,
CXUFOODTOTLLB0406M,FOODTOTL,55-64,2008,6357.0,
CXUFOODTOTLLB0406M,FOODTOTL,55-64,2009,6303.0,
CXUFOODTOTLLB0406M,FOODTOTL,55-64,2010,6068.0,
CXUFOODTOTLLB0406M,FOODTOTL,55-64,2011,6520.0,
CXUFOODTOTLLB0406M,FOODTOTL,55-64,2012,6800.0,
CXUFOODTOTLLB0406M,FOODTOTL,55-64,2013,6711.0,
CXUFOODTOTLLB0406M,FOODTOTL,55-64,2014,6800.0,
CXUFOODTOTLLB0406M,FOODTOTL,55-64,2015,6992.0,
CXUFOODTOTLLB0406M,FOODTOTL,55-64,2016,7273.0,
CXUFOODTOTLLB0406M,FOODTOTL,55-64,2017,7894.0,
CXUFOODTOTLLB0406M,FOODTOTL,55-64,2018,8023.0,
CXUFOODTOTLLB0406M,FOODTOTL,55-64,2019,8579.0,
CXUFOODTOTLLB0406M,FOODTOTL,55-64,2020,7262.0,
CXUFOODTOTLLB0406M,FOODTOTL,55-64,2021,8419.0,
CXUFOODTOTLLB0406M,FOODTOTL,55-64,2022,9791.0,
CXUFOODTOTLLB0406M,FOODTOTL,55-64,2023,10069.0,
CXUFOODTOTLLB0406M,FOODTOTL,55-64,2024,10214.0,
CXUFOODTOTLLB0407M,FOODTOTL,65+,1988,2581.0,
CXUFOODTOTLLB0407M,FOODTOTL,65+,1989,2912.0,
CXUFOODTOTLLB0407M,FOODTOTL,65+,1990,2926.0,
CXUFOODTOTLLB0407M,FOODTOTL,65+,1991,3077.0,
CXUFOODTOTLLB0407M,FOODTOTL,65+,1992,3198.0,
CXUFOODTOTLLB0407M,FOODTOTL,65+,1993,3245.0,
CXUFOODTOTLLB0407M,FOODTOTL,65+,1994,3251.0,
CXUFOODTOTLLB0407M,FOODTOTL,65+,1995,3388.0,
CXUFOODTOTLLB0407M,FOODTOTL,65+,1996,3378.0,
CXUFOODTOTLLB0407M,FOODTOTL,65+,1997,3486.0,
CXUFOODTOTLLB0407M,FOODTOTL,65+,1998,3456.0,
CXUFOODTOTLLB0407M,FOODTOTL,65+,1999,3511.0,
CXUFOODTOTLLB0407M,FOODTOTL,65+,2000,3652.0,
CXUFOODTOTLLB0407M,FOODTOTL,65+,2001,3749.0,
CXUFOODTOTLLB0407M,FOODTOTL,65+,2002,3910.0,
CXUFOODTOTLLB0407M,FOODTOTL,65+,2003,3896.0,
CXUFOODTOTLLB0407M,FOODTOTL,65+,2004,4206.0,
CXUFOODTOTLLB0407M,FOODTOTL,65+,2005,4163.0,
CXUFOODTOTLLB0407M,FOODTOTL,65+,2006,4319.0,
CXUFOODTOTLLB0407M,FOODTOTL,65+,2007,4515.0,
CXUFOODTOTLLB0407M,FOODTOTL,65+,2008,4692.0,
CXUFOODTOTLLB0407M,FOODTOTL,65+,2009,4901.0,
CXUFOODTOTLLB0407M,FOODTOTL,65+,2010,4558.0,
CXUFOODTOTLLB0407M,FOODTOTL,65+,2011,5158.0,
CXUFOODTOTLLB0407M,FOODTOTL,65+,2012,5059.0,
CXUFOODTOTLLB0407M,FOODTOTL,65+,2013,5191.0,
CXUFOODTOTLLB0407M,FOODTOTL,65+,2014,5463.0,
CXUFOODTOTLLB0407M,FOODTOTL,65+,2015,5506.0,
CXUFOODTOTLLB0407M,FOODTOTL,65+,2016,5804.0,
CXUFOODTOTLLB0407M,FOODTOTL,65+,2017,6326.0,
CXUFOODTOTLLB0407M,FOODTOTL,65+,2018,6607.0,
CXUFOODTOTLLB0407M,FOODTOTL,65+,2019,6599.0,
CXUFOODTOTLLB0407M,FOODTOTL,65+,2020,5698.0,
CXUFOODTOTLLB0407M,FOODTOTL,65+,2021,6490.0,
CXUFOODTOTLLB0407M,FOODTOTL,65+,2022,7306.0,
CXUFOODTOTLLB0407M,FOODTOTL,65+,2023,7714.0,
CXUFOODTOTLLB0407M,FOODTOTL,65+,2024,7940.0,
CXUFOODTOTLLB0408M,FOODTOTL,65-74,1984,2578.0,
CXUFOODTOTLLB0408M,FOODTOTL,65-74,1985,2769.0,
CXUFOODTOTLLB0408M,FOODTOTL,65-74,1986,2605.0,
CXUFOODTOTLLB0408M,FOODTOTL,65-74,1987,2971.0,
CXUFOODTOTLLB0408M,FOODTOTL,65-74,1988,3013.0,
CXUFOODTOTLLB0408M,FOODTOTL,65-74,1989,3205.0,
CXUFOODTOTLLB0408M,FOODTOTL,65-74,1990,3305.0,
CXUFOODTOTLLB0408M,FOODTOTL,65-74,1991,3466.0,
CXUFOODTOTLLB0408M,FOODTOTL,65-74,1992,3635.0,
CXUFOODTOTLLB0408M,FOODTOTL,65-74,1993,3637.0,
CXUFOODTOTLLB0408M,FOODTOTL,65-74,1994,3543.0,
CXUFOODTOTLLB0408M,FOODTOTL,65-74,1995,3895.0,
CXUFOODTOTLLB0408M,FOODTOTL,65-74,1996,3973.0,
CXUFOODTOTLLB0408M,FOODTOTL,65-74,1997,4066.0,
CXUFOODTOTLLB0408M,FOODTOTL,65-74,1998,3869.0,
CXUFOODTOTLLB0408M,FOODTOTL,65-74,1999,4146.0,
CXUFOODTOTLLB0408M,FOODTOTL,65-74,2000,4178.0,
CXUFOODTOTLLB0408M,FOODTOTL,65-74,2001,4209.0,
CXUFOODTOTLLB0408M,FOODTOTL,65-74,2002,4479.0,
CXUFOODTOTLLB0408M,FOODTOTL,65-74,2003,4544.0,
CXUFOODTOTLLB0408M,FOODTOTL,65-74,2004,4871.0,
CXUFOODTOTLLB0408M,FOODTOTL,65-74,2005,4899.0,
CXUFOODTOTLLB0408M,FOODTOTL,65-74,2006,5172.0,
CXUFOODTOTLLB0408M,FOODTOTL,65-74,2007,5226.0,
CXUFOODTOTLLB0408M,FOODTOTL,65-74,2008,5338.0,
CXUFOODTOTLLB0408M,FOODTOTL,65-74,2009,5561.0,
CXUFOODTOTLLB0408M,FOODTOTL,65-74,2010,5148.0,
CXUFOODTOTLLB0408M,FOODTOTL,65-74,2011,5804.0,
CXUFOODTOTLLB0408M,FOODTOTL,65-74,2012,5793.0,
CXUFOODTOTLLB0408M,FOODTOTL,65-74,2013,6020.0,
CXUFOODTOTLLB0408M,FOODTOTL,65-74,2014,6303.0,
CXUFOODTOTLLB0408M,FOODTOTL,65-74,2015,6214.0,
CXUFOODTOTLLB0408M,FOODTOTL,65-74,2016,6600.0,
CXUFOODTOTLLB0408M,FOODTOTL,65-74,2017,6818.0,
CXUFOODTOTLLB0408M,FOODTOTL,65-74,2018,7311.0,
CXUFOODTOTLLB0408M,FOODTOTL,65-74,2019,7305.0,
CXUFOODTOTLLB0408M,FOODTOTL,65-74,2020,6288.0,
CXUFOODTOTLLB0408M,FOODTOTL,65-74,2021,7052.0,
CXUFOODTOTLLB0408M,FOODTOTL,65-74,2022,8198.0,
CXUFOODTOTLLB0408M,FOODTOTL,65-74,2023,8566.0,
CXUFOODTOTLLB0408M,FOODTOTL,65-74,2024,8483.0,
CXUFOODTOTLLB0409M,FOODTOTL,75+,1984,1741.0,
CXUFOODTOTLLB0409M,FOODTOTL,75+,1985,2039.0,
CXUFOODTOTLLB0409M,FOODTOTL,75+,1986,1929.0,
CXUFOODTOTLLB0409M,FOODTOTL,75+,1987,2104.0,
CXUFOODTOTLLB0409M,FOODTOTL,75+,1988,1939.0,
CXUFOODTOTLLB0409M,FOODTOTL,75+,1989,2505.0,
CXUFOODTOTLLB0409M,FOODTOTL,75+,1990,2406.0,
CXUFOODTOTLLB0409M,FOODTOTL,75+,1991,2548.0,
CXUFOODTOTLLB0409M,FOODTOTL,75+,1992,2620.0,
CXUFOODTOTLLB0409M,FOODTOTL,75+,1993,2721.0,
CXUFOODTOTLLB0409M,FOODTOTL,75+,1994,2871.0,
CXUFOODTOTLLB0409M,FOODTOTL,75+,1995,2767.0,
CXUFOODTOTLLB0409M,FOODTOTL,75+,1996,2673.0,
CXUFOODTOTLLB0409M,FOODTOTL,75+,1997,2786.0,
CXUFOODTOTLLB0409M,FOODTOTL,75+,1998,2950.0,
CXUFOODTOTLLB0409M,FOODTOTL,75+,1999,2841.0,
CXUFOODTOTLLB0409M,FOODTOTL,75+,2000,3077.0,
CXUFOODTOTLLB0409M,FOODTOTL,75+,2001,3255.0,
CXUFOODTOTLLB0409M,FOODTOTL,75+,2002,3302.0,
CXUFOODTOTLLB0409M,FOODTOTL,75+,2003,3208.0,
CXUFOODTOTLLB0409M,FOODTOTL,75+,2004,3518.0,
CXUFOODTOTLLB0409M,FOODTOTL,75+,2005,3388.0,
CXUFOODTOTLLB0409M,FOODTOTL,75+,2006,3437.0,
CXUFOODTOTLLB0409M,FOODTOTL,75+,2007,3738.0,
CXUFOODTOTLLB0409M,FOODTOTL,75+,2008,3935.0,
CXUFOODTOTLLB0409M,FOODTOTL,75+,2009,4189.0,
CXUFOODTOTLLB0409M,FOODTOTL,75+,2010,3873.0,
CXUFOODTOTLLB0409M,FOODTOTL,75+,2011,4408.0,
CXUFOODTOTLLB0409M,FOODTOTL,75+,2012,4141.0,
CXUFOODTOTLLB0409M,FOODTOTL,75+,2013,4144.0,
CXUFOODTOTLLB0409M,FOODTOTL,75+,2014,4349.0,
CXUFOODTOTLLB0409M,FOODTOTL,75+,2015,4561.0,
CXUFOODTOTLLB0409M,FOODTOTL,75+,2016,4729.0,
CXUFOODTOTLLB0409M,FOODTOTL,75+,2017,5621.0,
CXUFOODTOTLLB0409M,FOODTOTL,75+,2018,5592.0,
CXUFOODTOTLLB0409M,FOODTOTL,75+,2019,5597.0,
CXUFOODTOTLLB0409M,FOODTOTL,75+,2020,4829.0,
CXUFOODTOTLLB0409M,FOODTOTL,75+,2021,5669.0,
CXUFOODTOTLLB0409M,FOODTOTL,75+,2022,6020.0,
CXUFOODTOTLLB0409M,FOODTOTL,75+,2023,6508.0,
CXUFOODTOTLLB0409M,FOODTOTL,75+,2024,7168.0,
CXUFOODTOTLLB0401M,FOODTOTL,All CUs,1984,3290.0,
CXUFOODTOTLLB0401M,FOODTOTL,All CUs,1985,3477.0,
CXUFOODTOTLLB0401M,FOODTOTL,All CUs,1986,3448.0,
CXUFOODTOTLLB0401M,FOODTOTL,All CUs,1987,3664.0,
CXUFOODTOTLLB0401M,FOODTOTL,All CUs,1988,3748.0,
CXUFOODTOTLLB0401M,FOODTOTL,All CUs,1989,4152.0,
CXUFOODTOTLLB0401M,FOODTOTL,All CUs,1990,4296.0,
CXUFOODTOTLLB0401M,FOODTOTL,All CUs,1991,4271.0,
CXUFOODTOTLLB0401M,FOODTOTL,All CUs,1992,4273.0,
CXUFOODTOTLLB0401M,FOODTOTL,All CUs,1993,4399.0,
CXUFOODTOTLLB0401M,FOODTOTL,All CUs,1994,4411.0,
CXUFOODTOTLLB0401M,FOODTOTL,All CUs,1995,4505.0,
CXUFOODTOTLLB0401M,FOODTOTL,All CUs,1996,4698.0,
CXUFOODTOTLLB0401M,FOODTOTL,All CUs,1997,4801.0,
CXUFOODTOTLLB0401M,FOODTOTL,All CUs,1998,4810.0,
CXUFOODTOTLLB0401M,FOODTOTL,All CUs,1999,5031.0,
CXUFOODTOTLLB0401M,FOODTOTL,All CUs,2000,5158.0,
CXUFOODTOTLLB0401M,FOODTOTL,All CUs,2001,5321.0,
CXUFOODTOTLLB0401M,FOODTOTL,All CUs,2002,5375.0,
CXUFOODTOTLLB0401M,FOODTOTL,All CUs,2003,5340.0,
CXUFOODTOTLLB0401M,FOODTOTL,All CUs,2004,5781.0,
CXUFOODTOTLLB0401M,FOODTOTL,All CUs,2005,5931.0,
CXUFOODTOTLLB0401M,FOODTOTL,All CUs,2006,6111.0,
CXUFOODTOTLLB0401M,FOODTOTL,All CUs,2007,6133.0,
CXUFOODTOTLLB0401M,FOODTOTL,All CUs,2008,6443.0,
CXUFOODTOTLLB0401M,FOODTOTL,All CUs,2009,6372.0,
CXUFOODTOTLLB0401M,FOODTOTL,All CUs,2010,6129.0,
CXUFOODTOTLLB0401M,FOODTOTL,All CUs,2011,6458.0,
CXUFOODTOTLLB0401M,FOODTOTL,All CUs,2012,6599.0,
CXUFOODTOTLLB0401M,FOODTOTL,All CUs,2013,6602.0,
CXUFOODTOTLLB0401M,FOODTOTL,All CUs,2014,6759.0,
CXUFOODTOTLLB0401M,FOODTOTL,All CUs,2015,7023.0,
CXUFOODTOTLLB0401M,FOODTOTL,All CUs,2016,7203.0,
CXUFOODTOTLLB0401M,FOODTOTL,All CUs,2017,7729.0,
CXUFOODTOTLLB0401M,FOODTOTL,All CUs,2018,7923.0,
CXUFOODTOTLLB0401M,FOODTOTL,All CUs,2019,8169.0,
CXUFOODTOTLLB0401M,FOODTOTL,All CUs,2020,7310.0,
CXUFOODTOTLLB0401M,FOODTOTL,All CUs,2021,8289.0,
CXUFOODTOTLLB0401M,FOODTOTL,All CUs,2022,9343.0,
CXUFOODTOTLLB0401M,FOODTOTL,All CUs,2023,9985.0,
CXUFOODTOTLLB0401M,FOODTOTL,All CUs,2024,10169.0,
CXUFOODTOTLLB0402M,FOODTOTL,Under 25,1984,2086.0,
CXUFOODTOTLLB0402M,FOODTOTL,Under 25,1985,2140.0,
CXUFOODTOTLLB0402M,FOODTOTL,Under 25,1986,2145.0,
CXUFOODTOTLLB0402M,FOODTOTL,Under 25,1987,2204.0,
CXUFOODTOTLLB0402M,FOODTOTL,Under 25,1988,2455.0,
CXUFOODTOTLLB0402M,FOODTOTL,Under 25,1989,2504.0,
CXUFOODTOTLLB0402M,FOODTOTL,Under 25,1990,2761.0,
CXUFOODTOTLLB0402M,FOODTOTL,Under 25,1991,2528.0,
CXUFOODTOTLLB0402M,FOODTOTL,Under 25,1992,2621.0,
CXUFOODTOTLLB0402M,FOODTOTL,Under 25,1993,2631.0,
CXUFOODTOTLLB0402M,FOODTOTL,Under 25,1994,2793.0,
CXUFOODTOTLLB0402M,FOODTOTL,Under 25,1995,2690.0,
CXUFOODTOTLLB0402M,FOODTOTL,Under 25,1996,2865.0,
CXUFOODTOTLLB0402M,FOODTOTL,Under 25,1997,2838.0,
CXUFOODTOTLLB0402M,FOODTOTL,Under 25,1998,3075.0,
CXUFOODTOTLLB0402M,FOODTOTL,Under 25,1999,3354.0,
CXUFOODTOTLLB0402M,FOODTOTL,Under 25,2000,3213.0,
CXUFOODTOTLLB0402M,FOODTOTL,Under 25,2001,3724.0,
CXUFOODTOTLLB0402M,FOODTOTL,Under 25,2002,3621.0,
CXUFOODTOTLLB0402M,FOODTOTL,Under 25,2003,3401.0,
CXUFOODTOTLLB0402M,FOODTOTL,Under 25,2004,3715.0,
CXUFOODTOTLLB0402M,FOODTOTL,Under 25,2005,3933.0,
CXUFOODTOTLLB0402M,FOODTOTL,Under 25,2006,3919.0,
CXUFOODTOTLLB0402M,FOODTOTL,Under 25,2007,4141.0,
CXUFOODTOTLLB0402M,FOODTOTL,Under 25,2008,4447.0,
CXUFOODTOTLLB0402M,FOODTOTL,Under 25,2009,4179.0,
CXUFOODTOTLLB0402M,FOODTOTL,Under 25,2010,4073.0,
CXUFOODTOTLLB0402M,FOODTOTL,Under 25,2011,4354.0,
CXUFOODTOTLLB0402M,FOODTOTL,Under 25,2012,4412.0,
CXUFOODTOTLLB0402M,FOODTOTL,Under 25,2013,4698.0,
CXUFOODTOTLLB0402M,FOODTOTL,Under 25,2014,4423.0,
CXUFOODTOTLLB0402M,FOODTOTL,Under 25,2015,4890.0,
CXUFOODTOTLLB0402M,FOODTOTL,Under 25,2016,4551.0,
CXUFOODTOTLLB0402M,FOODTOTL,Under 25,2017,4759.0,
CXUFOODTOTLLB0402M,FOODTOTL,Under 25,2018,4748.0,
CXUFOODTOTLLB0402M,FOODTOTL,Under 25,2019,5835.0,
CXUFOODTOTLLB0402M,FOODTOTL,Under 25,2020,4526.0,
CXUFOODTOTLLB0402M,FOODTOTL,Under 25,2021,5566.0,
CXUFOODTOTLLB0402M,FOODTOTL,Under 25,2022,5898.0,
CXUFOODTOTLLB0402M,FOODTOTL,Under 25,2023,5953.0,
CXUFOODTOTLLB0402M,FOODTOTL,Under 25,2024,7215.0,
CXUGASFUELLB0403M,GASFUEL,25-34,2023,2593.0,
CXUGASFUELLB0403M,GASFUEL,25-34,2024,2655.0,
CXUGASFUELLB0404M,GASFUEL,35-44,2023,3235.0,
CXUGASFUELLB0404M,GASFUEL,35-44,2024,3099.0,
CXUGASFUELLB0405M,GASFUEL,45-54,2023,3561.0,
CXUGASFUELLB0405M,GASFUEL,45-54,2024,3702.0,
CXUGASFUELLB0406M,GASFUEL,55-64,2023,2909.0,
CXUGASFUELLB0406M,GASFUEL,55-64,2024,2768.0,
CXUGASFUELLB0407M,GASFUEL,65+,2023,1826.0,
CXUGASFUELLB0407M,GASFUEL,65+,2024,1806.0,
CXUGASFUELLB0408M,GASFUEL,65-74,2023,2107.0,
CXUGASFUELLB0408M,GASFUEL,65-74,2024,2144.0,
CXUGASFUELLB0409M,GASFUEL,75+,2023,1437.0,
CXUGASFUELLB0409M,GASFUEL,75+,2024,1322.0,
CXUGASFUELLB0401M,GASFUEL,All CUs,2023,2694.0,
CXUGASFUELLB0401M,GASFUEL,All CUs,2024,2645.0,
CXUGASFUELLB0402M,GASFUEL,Under 25,2023,2164.0,
CXUGASFUELLB0402M,GASFUEL,Under 25,2024,1841.0,
CXUGASOILLB0403M,GASOIL,25-34,1984,1031.0,
CXUGASOILLB0403M,GASOIL,25-34,1985,1019.0,
CXUGASOILLB0403M,GASOIL,25-34,1986,919.0,
CXUGASOILLB0403M,GASOIL,25-34,1987,894.0,
CXUGASOILLB0403M,GASOIL,25-34,1988,923.0,
CXUGASOILLB0403M,GASOIL,25-34,1989,956.0,
CXUGASOILLB0403M,GASOIL,25-34,1990,1080.0,
CXUGASOILLB0403M,GASOIL,25-34,1991,1013.0,
CXUGASOILLB0403M,GASOIL,25-34,1992,994.0,
CXUGASOILLB0403M,GASOIL,25-34,1993,960.0,
CXUGASOILLB0403M,GASOIL,25-34,1994,982.0,
CXUGASOILLB0403M,GASOIL,25-34,1995,1013.0,
CXUGASOILLB0403M,GASOIL,25-34,1996,1089.0,
CXUGASOILLB0403M,GASOIL,25-34,1997,1123.0,
CXUGASOILLB0403M,GASOIL,25-34,1998,1016.0,
CXUGASOILLB0403M,GASOIL,25-34,1999,1066.0,
CXUGASOILLB0403M,GASOIL,25-34,2000,1341.0,
CXUGASOILLB0403M,GASOIL,25-34,2001,1324.0,
CXUGASOILLB0403M,GASOIL,25-34,2002,1257.0,
CXUGASOILLB0403M,GASOIL,25-34,2003,1388.0,
CXUGASOILLB0403M,GASOIL,25-34,2004,1679.0,
CXUGASOILLB0403M,GASOIL,25-34,2005,2123.0,
CXUGASOILLB0403M,GASOIL,25-34,2006,2346.0,
CXUGASOILLB0403M,GASOIL,25-34,2007,2446.0,
CXUGASOILLB0403M,GASOIL,25-34,2008,2754.0,
CXUGASOILLB0403M,GASOIL,25-34,2009,2071.0,
CXUGASOILLB0403M,GASOIL,25-34,2010,2208.0,
CXUGASOILLB0403M,GASOIL,25-34,2011,2726.0,
CXUGASOILLB0403M,GASOIL,25-34,2012,2822.0,
CXUGASOILLB0403M,GASOIL,25-34,2013,2676.0,
CXUGASOILLB0403M,GASOIL,25-34,2014,2447.0,
CXUGASOILLB0403M,GASOIL,25-34,2015,2152.0,
CXUGASOILLB0403M,GASOIL,25-34,2016,1906.0,
CXUGASOILLB0403M,GASOIL,25-34,2017,2013.0,
CXUGASOILLB0403M,GASOIL,25-34,2018,2149.0,
CXUGASOILLB0403M,GASOIL,25-34,2019,2136.0,
CXUGASOILLB0403M,GASOIL,25-34,2020,1658.0,
CXUGASOILLB0403M,GASOIL,25-34,2021,2275.0,
CXUGASOILLB0403M,GASOIL,25-34,2022,3131.0,
CXUGASOILLB0403M,GASOIL,25-34,2023,1.0,6
CXUGASOILLB0404M,GASOIL,35-44,1984,1303.0,
CXUGASOILLB0404M,GASOIL,35-44,1985,1287.0,
CXUGASOILLB0404M,GASOIL,35-44,1986,1144.0,
CXUGASOILLB0404M,GASOIL,35-44,1987,1108.0,
CXUGASOILLB0404M,GASOIL,35-44,1988,1152.0,
CXUGASOILLB0404M,GASOIL,35-44,1989,1207.0,
CXUGASOILLB0404M,GASOIL,35-44,1990,1245.0,
CXUGASOILLB0404M,GASOIL,35-44,1991,1197.0,
CXUGASOILLB0404M,GASOIL,35-44,1992,1165.0,
CXUGASOILLB0404M,GASOIL,35-44,1993,1199.0,
CXUGASOILLB0404M,GASOIL,35-44,1994,1193.0,
CXUGASOILLB0404M,GASOIL,35-44,1995,1181.0,
CXUGASOILLB0404M,GASOIL,35-44,1996,1274.0,
CXUGASOILLB0404M,GASOIL,35-44,1997,1294.0,
CXUGASOILLB0404M,GASOIL,35-44,1998,1203.0,
CXUGASOILLB0404M,GASOIL,35-44,1999,1259.0,
CXUGASOILLB0404M,GASOIL,35-44,2000,1577.0,
CXUGASOILLB0404M,GASOIL,35-44,2001,1518.0,
CXUGASOILLB0404M,GASOIL,35-44,2002,1473.0,
CXUGASOILLB0404M,GASOIL,35-44,2003,1582.0,
CXUGASOILLB0404M,GASOIL,35-44,2004,1877.0,
CXUGASOILLB0404M,GASOIL,35-44,2005,2379.0,
CXUGASOILLB0404M,GASOIL,35-44,2006,2636.0,
CXUGASOILLB0404M,GASOIL,35-44,2007,2870.0,
CXUGASOILLB0404M,GASOIL,35-44,2008,3347.0,
CXUGASOILLB0404M,GASOIL,35-44,2009,2359.0,
CXUGASOILLB0404M,GASOIL,35-44,2010,2537.0,
CXUGASOILLB0404M,GASOIL,35-44,2011,3188.0,
CXUGASOILLB0404M,GASOIL,35-44,2012,3342.0,
CXUGASOILLB0404M,GASOIL,35-44,2013,3218.0,
CXUGASOILLB0404M,GASOIL,35-44,2014,2986.0,
CXUGASOILLB0404M,GASOIL,35-44,2015,2516.0,
CXUGASOILLB0404M,GASOIL,35-44,2016,2379.0,
CXUGASOILLB0404M,GASOIL,35-44,2017,2437.0,
CXUGASOILLB0404M,GASOIL,35-44,2018,2592.0,
CXUGASOILLB0404M,GASOIL,35-44,2019,2610.0,
CXUGASOILLB0404M,GASOIL,35-44,2020,1910.0,
CXUGASOILLB0404M,GASOIL,35-44,2021,2569.0,
CXUGASOILLB0404M,GASOIL,35-44,2022,3818.0,
CXUGASOILLB0404M,GASOIL,35-44,2023,2.0,6
CXUGASOILLB0405M,GASOIL,45-54,1984,1486.0,
CXUGASOILLB0405M,GASOIL,45-54,1985,1408.0,
CXUGASOILLB0405M,GASOIL,45-54,1986,1216.0,
CXUGASOILLB0405M,GASOIL,45-54,1987,1180.0,
CXUGASOILLB0405M,GASOIL,45-54,1988,1248.0,
CXUGASOILLB0405M,GASOIL,45-54,1989,1315.0,
CXUGASOILLB0405M,GASOIL,45-54,1990,1391.0,
CXUGASOILLB0405M,GASOIL,45-54,1991,1316.0,
CXUGASOILLB0405M,GASOIL,45-54,1992,1269.0,
CXUGASOILLB0405M,GASOIL,45-54,1993,1299.0,
CXUGASOILLB0405M,GASOIL,45-54,1994,1295.0,
CXUGASOILLB0405M,GASOIL,45-54,1995,1324.0,
CXUGASOILLB0405M,GASOIL,45-54,1996,1401.0,
CXUGASOILLB0405M,GASOIL,45-54,1997,1430.0,
CXUGASOILLB0405M,GASOIL,45-54,1998,1308.0,
CXUGASOILLB0405M,GASOIL,45-54,1999,1349.0,
CXUGASOILLB0405M,GASOIL,45-54,2000,1592.0,
CXUGASOILLB0405M,GASOIL,45-54,2001,1586.0,
CXUGASOILLB0405M,GASOIL,45-54,2002,1495.0,
CXUGASOILLB0405M,GASOIL,45-54,2003,1644.0,
CXUGASOILLB0405M,GASOIL,45-54,2004,1980.0,
CXUGASOILLB0405M,GASOIL,45-54,2005,2424.0,
CXUGASOILLB0405M,GASOIL,45-54,2006,2693.0,
CXUGASOILLB0405M,GASOIL,45-54,2007,2846.0,
CXUGASOILLB0405M,GASOIL,45-54,2008,3298.0,
CXUGASOILLB0405M,GASOIL,45-54,2009,2398.0,
CXUGASOILLB0405M,GASOIL,45-54,2010,2575.0,
CXUGASOILLB0405M,GASOIL,45-54,2011,3270.0,
CXUGASOILLB0405M,GASOIL,45-54,2012,3421.0,
CXUGASOILLB0405M,GASOIL,45-54,2013,3093.0,
CXUGASOILLB0405M,GASOIL,45-54,2014,3044.0,
CXUGASOILLB0405M,GASOIL,45-54,2015,2611.0,
CXUGASOILLB0405M,GASOIL,45-54,2016,2386.0,
CXUGASOILLB0405M,GASOIL,45-54,2017,2472.0,
CXUGASOILLB0405M,GASOIL,45-54,2018,2651.0,
CXUGASOILLB0405M,GASOIL,45-54,2019,2648.0,
CXUGASOILLB0405M,GASOIL,45-54,2020,2017.0,
CXUGASOILLB0405M,GASOIL,45-54,2021,2770.0,
CXUGASOILLB0405M,GASOIL,45-54,2022,4051.0,
CXUGASOILLB0405M,GASOIL,45-54,2023,1.0,
CXUGASOILLB0406M,GASOIL,55-64,1984,1135.0,
CXUGASOILLB0406M,GASOIL,55-64,1985,1132.0,
CXUGASOILLB0406M,GASOIL,55-64,1986,1018.0,
CXUGASOILLB0406M,GASOIL,55-64,1987,976.0,
CXUGASOILLB0406M,GASOIL,55-64,1988,970.0,
CXUGASOILLB0406M,GASOIL,55-64,1989,1084.0,
CXUGASOILLB0406M,GASOIL,55-64,1990,1134.0,
CXUGASOILLB0406M,GASOIL,55-64,1991,1048.0,
CXUGASOILLB0406M,GASOIL,55-64,1992,1046.0,
CXUGASOILLB0406M,GASOIL,55-64,1993,1069.0,
CXUGASOILLB0406M,GASOIL,55-64,1994,1005.0,
CXUGASOILLB0406M,GASOIL,55-64,1995,1062.0,
CXUGASOILLB0406M,GASOIL,55-64,1996,1195.0,
CXUGASOILLB0406M,GASOIL,55-64,1997,1188.0,
CXUGASOILLB0406M,GASOIL,55-64,1998,1077.0,
CXUGASOILLB0406M,GASOIL,55-64,1999,1093.0,
CXUGASOILLB0406M,GASOIL,55-64,2000,1349.0,
CXUGASOILLB0406M,GASOIL,55-64,2001,1343.0,
CXUGASOILLB0406M,GASOIL,55-64,2002,1292.0,
CXUGASOILLB0406M,GASOIL,55-64,2003,1411.0,
CXUGASOILLB0406M,GASOIL,55-64,2004,1666.0,
CXUGASOILLB0406M,GASOIL,55-64,2005,2101.0,
CXUGASOILLB0406M,GASOIL,55-64,2006,2288.0,
CXUGASOILLB0406M,GASOIL,55-64,2007,2504.0,
CXUGASOILLB0406M,GASOIL,55-64,2008,2818.0,
CXUGASOILLB0406M,GASOIL,55-64,2009,2074.0,
CXUGASOILLB0406M,GASOIL,55-64,2010,2215.0,
CXUGASOILLB0406M,GASOIL,55-64,2011,2713.0,
CXUGASOILLB0406M,GASOIL,55-64,2012,2887.0,
CXUGASOILLB0406M,GASOIL,55-64,2013,2792.0,
CXUGASOILLB0406M,GASOIL,55-64,2014,2594.0,
CXUGASOILLB0406M,GASOIL,55-64,2015,2138.0,
CXUGASOILLB0406M,GASOIL,55-64,2016,2010.0,
CXUGASOILLB0406M,GASOIL,55-64,2017,2089.0,
CXUGASOILLB0406M,GASOIL,55-64,2018,2243.0,
CXUGASOILLB0406M,GASOIL,55-64,2019,2239.0,
CXUGASOILLB0406M,GASOIL,55-64,2020,1638.0,
CXUGASOILLB0406M,GASOIL,55-64,2021,2265.0,
CXUGASOILLB0406M,GASOIL,55-64,2022,3443.0,
CXUGASOILLB0406M,GASOIL,55-64,2023,2.0,6
CXUGASOILLB0407M,GASOIL,65+,1988,576.0,
CXUGASOILLB0407M,GASOIL,65+,1989,596.0,
CXUGASOILLB0407M,GASOIL,65+,1990,619.0,
CXUGASOILLB0407M,GASOIL,65+,1991,600.0,
CXUGASOILLB0407M,GASOIL,65+,1992,621.0,
CXUGASOILLB0407M,GASOIL,65+,1993,589.0,
CXUGASOILLB0407M,GASOIL,65+,1994,614.0,
CXUGASOILLB0407M,GASOIL,65+,1995,604.0,
CXUGASOILLB0407M,GASOIL,65+,1996,652.0,
CXUGASOILLB0407M,GASOIL,65+,1997,648.0,
CXUGASOILLB0407M,GASOIL,65+,1998,645.0,
CXUGASOILLB0407M,GASOIL,65+,1999,644.0,
CXUGASOILLB0407M,GASOIL,65+,2000,735.0,
CXUGASOILLB0407M,GASOIL,65+,2001,783.0,
CXUGASOILLB0407M,GASOIL,65+,2002,777.0,
CXUGASOILLB0407M,GASOIL,65+,2003,792.0,
CXUGASOILLB0407M,GASOIL,65+,2004,963.0,
CXUGASOILLB0407M,GASOIL,65+,2005,1208.0,
CXUGASOILLB0407M,GASOIL,65+,2006,1359.0,
CXUGASOILLB0407M,GASOIL,65+,2007,1461.0,
CXUGASOILLB0407M,GASOIL,65+,2008,1629.0,
CXUGASOILLB0407M,GASOIL,65+,2009,1241.0,
CXUGASOILLB0407M,GASOIL,65+,2010,1396.0,
CXUGASOILLB0407M,GASOIL,65+,2011,1755.0,
CXUGASOILLB0407M,GASOIL,65+,2012,1775.0,
CXUGASOILLB0407M,GASOIL,65+,2013,1799.0,
CXUGASOILLB0407M,GASOIL,65+,2014,1757.0,
CXUGASOILLB0407M,GASOIL,65+,2015,1445.0,
CXUGASOILLB0407M,GASOIL,65+,2016,1264.0,
CXUGASOILLB0407M,GASOIL,65+,2017,1290.0,
CXUGASOILLB0407M,GASOIL,65+,2018,1442.0,
CXUGASOILLB0407M,GASOIL,65+,2019,1383.0,
CXUGASOILLB0407M,GASOIL,65+,2020,989.0,
CXUGASOILLB0407M,GASOIL,65+,2021,1396.0,
CXUGASOILLB0407M,GASOIL,65+,2022,2004.0,
CXUGASOILLB0407M,GASOIL,65+,2023,1.0,
CXUGASOILLB0408M,GASOIL,65-74,1984,782.0,
CXUGASOILLB0408M,GASOIL,65-74,1985,781.0,
CXUGASOILLB0408M,GASOIL,65-74,1986,686.0,
CXUGASOILLB0408M,GASOIL,65-74,1987,667.0,
CXUGASOILLB0408M,GASOIL,65-74,1988,729.0,
CXUGASOILLB0408M,GASOIL,65-74,1989,754.0,
CXUGASOILLB0408M,GASOIL,65-74,1990,792.0,
CXUGASOILLB0408M,GASOIL,65-74,1991,758.0,
CXUGASOILLB0408M,GASOIL,65-74,1992,740.0,
CXUGASOILLB0408M,GASOIL,65-74,1993,724.0,
CXUGASOILLB0408M,GASOIL,65-74,1994,765.0,
CXUGASOILLB0408M,GASOIL,65-74,1995,749.0,
CXUGASOILLB0408M,GASOIL,65-74,1996,833.0,
CXUGASOILLB0408M,GASOIL,65-74,1997,801.0,
CXUGASOILLB0408M,GASOIL,65-74,1998,796.0,
CXUGASOILLB0408M,GASOIL,65-74,1999,807.0,
CXUGASOILLB0408M,GASOIL,65-74,2000,958.0,
CXUGASOILLB0408M,GASOIL,65-74,2001,994.0,
CXUGASOILLB0408M,GASOIL,65-74,2002,970.0,
CXUGASOILLB0408M,GASOIL,65-74,2003,1019.0,
CXUGASOILLB0408M,GASOIL,65-74,2004,1259.0,
CXUGASOILLB0408M,GASOIL,65-74,2005,1567.0,
CXUGASOILLB0408M,GASOIL,65-74,2006,1766.0,
CXUGASOILLB0408M,GASOIL,65-74,2007,1862.0,
CXUGASOILLB0408M,GASOIL,65-74,2008,2045.0,
CXUGASOILLB0408M,GASOIL,65-74,2009,1573.0,
CXUGASOILLB0408M,GASOIL,65-74,2010,1766.0,
CXUGASOILLB0408M,GASOIL,65-74,2011,2218.0,
CXUGASOILLB0408M,GASOIL,65-74,2012,2222.0,
CXUGASOILLB0408M,GASOIL,65-74,2013,2233.0,
CXUGASOILLB0408M,GASOIL,65-74,2014,2117.0,
CXUGASOILLB0408M,GASOIL,65-74,2015,1709.0,
CXUGASOILLB0408M,GASOIL,65-74,2016,1532.0,
CXUGASOILLB0408M,GASOIL,65-74,2017,1555.0,
CXUGASOILLB0408M,GASOIL,65-74,2018,1741.0,
CXUGASOILLB0408M,GASOIL,65-74,2019,1635.0,
CXUGASOILLB0408M,GASOIL,65-74,2020,1194.0,
CXUGASOILLB0408M,GASOIL,65-74,2021,1650.0,
CXUGASOILLB0408M,GASOIL,65-74,2022,2382.0,
CXUGASOILLB0408M,GASOIL,65-74,2023,1.0,
CXUGASOILLB0409M,GASOIL,75+,1984,386.0,
CXUGASOILLB0409M,GASOIL,75+,1985,402.0,
CXUGASOILLB0409M,GASOIL,75+,1986,368.0,
CXUGASOILLB0409M,GASOIL,75+,1987,332.0,
CXUGASOILLB0409M,GASOIL,75+,1988,367.0,
CXUGASOILLB0409M,GASOIL,75+,1989,375.0,
CXUGASOILLB0409M,GASOIL,75+,1990,396.0,
CXUGASOILLB0409M,GASOIL,75+,1991,385.0,
CXUGASOILLB0409M,GASOIL,75+,1992,476.0,
CXUGASOILLB0409M,GASOIL,75+,1993,426.0,
CXUGASOILLB0409M,GASOIL,75+,1994,421.0,
CXUGASOILLB0409M,GASOIL,75+,1995,428.0,
CXUGASOILLB0409M,GASOIL,75+,1996,436.0,
CXUGASOILLB0409M,GASOIL,75+,1997,461.0,
CXUGASOILLB0409M,GASOIL,75+,1998,465.0,
CXUGASOILLB0409M,GASOIL,75+,1999,463.0,
CXUGASOILLB0409M,GASOIL,75+,2000,491.0,
CXUGASOILLB0409M,GASOIL,75+,2001,558.0,
CXUGASOILLB0409M,GASOIL,75+,2002,575.0,
CXUGASOILLB0409M,GASOIL,75+,2003,563.0,
CXUGASOILLB0409M,GASOIL,75+,2004,675.0,
CXUGASOILLB0409M,GASOIL,75+,2005,843.0,
CXUGASOILLB0409M,GASOIL,75+,2006,934.0,
CXUGASOILLB0409M,GASOIL,75+,2007,1039.0,
CXUGASOILLB0409M,GASOIL,75+,2008,1173.0,
CXUGASOILLB0409M,GASOIL,75+,2009,877.0,
CXUGASOILLB0409M,GASOIL,75+,2010,980.0,
CXUGASOILLB0409M,GASOIL,75+,2011,1201.0,
CXUGASOILLB0409M,GASOIL,75+,2012,1224.0,
CXUGASOILLB0409M,GASOIL,75+,2013,1220.0,
CXUGASOILLB0409M,GASOIL,75+,2014,1279.0,
CXUGASOILLB0409M,GASOIL,75+,2015,1083.0,
CXUGASOILLB0409M,GASOIL,75+,2016,889.0,
CXUGASOILLB0409M,GASOIL,75+,2017,918.0,
CXUGASOILLB0409M,GASOIL,75+,2018,1021.0,
CXUGASOILLB0409M,GASOIL,75+,2019,1047.0,
CXUGASOILLB0409M,GASOIL,75+,2020,705.0,
CXUGASOILLB0409M,GASOIL,75+,2021,1022.0,
CXUGASOILLB0409M,GASOIL,75+,2022,1467.0,
CXUGASOILLB0409M,GASOIL,75+,2023,1.0,6
CXUGASOILLB0401M,GASOIL,All CUs,1984,1058.0,
CXUGASOILLB0401M,GASOIL,All CUs,1985,1035.0,
CXUGASOILLB0401M,GASOIL,All CUs,1986,915.0,
CXUGASOILLB0401M,GASOIL,All CUs,1987,888.0,
CXUGASOILLB0401M,GASOIL,All CUs,1988,932.0,
CXUGASOILLB0401M,GASOIL,All CUs,1989,985.0,
CXUGASOILLB0401M,GASOIL,All CUs,1990,1047.0,
CXUGASOILLB0401M,GASOIL,All CUs,1991,995.0,
CXUGASOILLB0401M,GASOIL,All CUs,1992,973.0,
CXUGASOILLB0401M,GASOIL,All CUs,1993,977.0,
CXUGASOILLB0401M,GASOIL,All CUs,1994,986.0,
CXUGASOILLB0401M,GASOIL,All CUs,1995,1006.0,
CXUGASOILLB0401M,GASOIL,All CUs,1996,1082.0,
CXUGASOILLB0401M,GASOIL,All CUs,1997,1098.0,
CXUGASOILLB0401M,GASOIL,All CUs,1998,1017.0,
CXUGASOILLB0401M,GASOIL,All CUs,1999,1055.0,
CXUGASOILLB0401M,GASOIL,All CUs,2000,1291.0,
CXUGASOILLB0401M,GASOIL,All CUs,2001,1279.0,
CXUGASOILLB0401M,GASOIL,All CUs,2002,1235.0,
CXUGASOILLB0401M,GASOIL,All CUs,2003,1333.0,
CXUGASOILLB0401M,GASOIL,All CUs,2004,1598.0,
CXUGASOILLB0401M,GASOIL,All CUs,2005,2013.0,
CXUGASOILLB0401M,GASOIL,All CUs,2006,2227.0,
CXUGASOILLB0401M,GASOIL,All CUs,2007,2384.0,
CXUGASOILLB0401M,GASOIL,All CUs,2008,2715.0,
CXUGASOILLB0401M,GASOIL,All CUs,2009,1986.0,
CXUGASOILLB0401M,GASOIL,All CUs,2010,2132.0,
CXUGASOILLB0401M,GASOIL,All CUs,2011,2655.0,
CXUGASOILLB0401M,GASOIL,All CUs,2012,2756.0,
CXUGASOILLB0401M,GASOIL,All CUs,2013,2611.0,
CXUGASOILLB0401M,GASOIL,All CUs,2014,2468.0,
CXUGASOILLB0401M,GASOIL,All CUs,2015,2090.0,
CXUGASOILLB0401M,GASOIL,All CUs,2016,1909.0,
CXUGASOILLB0401M,GASOIL,All CUs,2017,1968.0,
CXUGASOILLB0401M,GASOIL,All CUs,2018,2109.0,
CXUGASOILLB0401M,GASOIL,All CUs,2019,2094.0,
CXUGASOILLB0401M,GASOIL,All CUs,2020,1568.0,
CXUGASOILLB0401M,GASOIL,All CUs,2021,2148.0,
CXUGASOILLB0401M,GASOIL,All CUs,2022,3120.0,
CXUGASOILLB0401M,GASOIL,All CUs,2023,1.0,
CXUGASOILLB0402M,GASOIL,Under 25,1984,773.0,
CXUGASOILLB0402M,GASOIL,Under 25,1985,691.0,
CXUGASOILLB0402M,GASOIL,Under 25,1986,652.0,
CXUGASOILLB0402M,GASOIL,Under 25,1987,609.0,
CXUGASOILLB0402M,GASOIL,Under 25,1988,659.0,
CXUGASOILLB0402M,GASOIL,Under 25,1989,717.0,
CXUGASOILLB0402M,GASOIL,Under 25,1990,722.0,
CXUGASOILLB0402M,GASOIL,Under 25,1991,711.0,
CXUGASOILLB0402M,GASOIL,Under 25,1992,649.0,
CXUGASOILLB0402M,GASOIL,Under 25,1993,652.0,
CXUGASOILLB0402M,GASOIL,Under 25,1994,670.0,
CXUGASOILLB0402M,GASOIL,Under 25,1995,701.0,
CXUGASOILLB0402M,GASOIL,Under 25,1996,694.0,
CXUGASOILLB0402M,GASOIL,Under 25,1997,693.0,
CXUGASOILLB0402M,GASOIL,Under 25,1998,654.0,
CXUGASOILLB0402M,GASOIL,Under 25,1999,708.0,
CXUGASOILLB0402M,GASOIL,Under 25,2000,947.0,
CXUGASOILLB0402M,GASOIL,Under 25,2001,867.0,
CXUGASOILLB0402M,GASOIL,Under 25,2002,903.0,
CXUGASOILLB0402M,GASOIL,Under 25,2003,947.0,
CXUGASOILLB0402M,GASOIL,Under 25,2004,1130.0,
CXUGASOILLB0402M,GASOIL,Under 25,2005,1538.0,
CXUGASOILLB0402M,GASOIL,Under 25,2006,1637.0,
CXUGASOILLB0402M,GASOIL,Under 25,2007,1760.0,
CXUGASOILLB0402M,GASOIL,Under 25,2008,1974.0,
CXUGASOILLB0402M,GASOIL,Under 25,2009,1483.0,
CXUGASOILLB0402M,GASOIL,Under 25,2010,1493.0,
CXUGASOILLB0402M,GASOIL,Under 25,2011,1840.0,
CXUGASOILLB0402M,GASOIL,Under 25,2012,1931.0,
CXUGASOILLB0402M,GASOIL,Under 25,2013,1717.0,
CXUGASOILLB0402M,GASOIL,Under 25,2014,1687.0,
CXUGASOILLB0402M,GASOIL,Under 25,2015,1432.0,
CXUGASOILLB0402M,GASOIL,Under 25,2016,1380.0,
CXUGASOILLB0402M,GASOIL,Under 25,2017,1417.0,
CXUGASOILLB0402M,GASOIL,Under 25,2018,1416.0,
CXUGASOILLB0402M,GASOIL,Under 25,2019,1579.0,
CXUGASOILLB0402M,GASOIL,Under 25,2020,1370.0,
CXUGASOILLB0402M,GASOIL,Under 25,2021,1839.0,
CXUGASOILLB0402M,GASOIL,Under 25,2022,2495.0,
CXUGASOILLB0402M,GASOIL,Under 25,2023,2.0,6
CXUHEALTHLB0403M,HEALTH,25-34,1984,746.0,
CXUHEALTHLB0403M,HEALTH,25-34,1985,763.0,
CXUHEALTHLB0403M,HEALTH,25-34,1986,739.0,
CXUHEALTHLB0403M,HEALTH,25-34,1987,766.0,
CXUHEALTHLB0403M,HEALTH,25-34,1988,777.0,
CXUHEALTHLB0403M,HEALTH,25-34,1989,913.0,
CXUHEALTHLB0403M,HEALTH,25-34,1990,981.0,
CXUHEALTHLB0403M,HEALTH,25-34,1991,1030.0,
CXUHEALTHLB0403M,HEALTH,25-34,1992,1053.0,
CXUHEALTHLB0403M,HEALTH,25-34,1993,1128.0,
CXUHEALTHLB0403M,HEALTH,25-34,1994,1086.0,
CXUHEALTHLB0403M,HEALTH,25-34,1995,1096.0,
CXUHEALTHLB0403M,HEALTH,25-34,1996,1119.0,
CXUHEALTHLB0403M,HEALTH,25-34,1997,1236.0,
CXUHEALTHLB0403M,HEALTH,25-34,1998,1185.0,
CXUHEALTHLB0403M,HEALTH,25-34,1999,1170.0,
CXUHEALTHLB0403M,HEALTH,25-34,2000,1256.0,
CXUHEALTHLB0403M,HEALTH,25-34,2001,1286.0,
CXUHEALTHLB0403M,HEALTH,25-34,2002,1417.0,
CXUHEALTHLB0403M,HEALTH,25-34,2003,1468.0,
CXUHEALTHLB0403M,HEALTH,25-34,2004,1519.0,
CXUHEALTHLB0403M,HEALTH,25-34,2005,1522.0,
CXUHEALTHLB0403M,HEALTH,25-34,2006,1652.0,
CXUHEALTHLB0403M,HEALTH,25-34,2007,1740.0,
CXUHEALTHLB0403M,HEALTH,25-34,2008,1737.0,
CXUHEALTHLB0403M,HEALTH,25-34,2009,1805.0,
CXUHEALTHLB0403M,HEALTH,25-34,2010,1800.0,
CXUHEALTHLB0403M,HEALTH,25-34,2011,2094.0,
CXUHEALTHLB0403M,HEALTH,25-34,2012,2047.0,
CXUHEALTHLB0403M,HEALTH,25-34,2013,2189.0,
CXUHEALTHLB0403M,HEALTH,25-34,2014,2659.0,
CXUHEALTHLB0403M,HEALTH,25-34,2015,2770.0,
CXUHEALTHLB0403M,HEALTH,25-34,2016,2887.0,
CXUHEALTHLB0403M,HEALTH,25-34,2017,3163.0,
CXUHEALTHLB0403M,HEALTH,25-34,2018,3072.0,
CXUHEALTHLB0403M,HEALTH,25-34,2019,3162.0,
CXUHEALTHLB0403M,HEALTH,25-34,2020,3320.0,
CXUHEALTHLB0403M,HEALTH,25-34,2021,3404.0,
CXUHEALTHLB0403M,HEALTH,25-34,2022,3561.0,
CXUHEALTHLB0403M,HEALTH,25-34,2023,3532.0,
CXUHEALTHLB0403M,HEALTH,25-34,2024,3825.0,
CXUHEALTHLB0404M,HEALTH,35-44,1984,976.0,
CXUHEALTHLB0404M,HEALTH,35-44,1985,976.0,
CXUHEALTHLB0404M,HEALTH,35-44,1986,1077.0,
CXUHEALTHLB0404M,HEALTH,35-44,1987,1085.0,
CXUHEALTHLB0404M,HEALTH,35-44,1988,1253.0,
CXUHEALTHLB0404M,HEALTH,35-44,1989,1356.0,
CXUHEALTHLB0404M,HEALTH,35-44,1990,1415.0,
CXUHEALTHLB0404M,HEALTH,35-44,1991,1487.0,
CXUHEALTHLB0404M,HEALTH,35-44,1992,1570.0,
CXUHEALTHLB0404M,HEALTH,35-44,1993,1673.0,
CXUHEALTHLB0404M,HEALTH,35-44,1994,1616.0,
CXUHEALTHLB0404M,HEALTH,35-44,1995,1607.0,
CXUHEALTHLB0404M,HEALTH,35-44,1996,1603.0,
CXUHEALTHLB0404M,HEALTH,35-44,1997,1605.0,
CXUHEALTHLB0404M,HEALTH,35-44,1998,1688.0,
CXUHEALTHLB0404M,HEALTH,35-44,1999,1631.0,
CXUHEALTHLB0404M,HEALTH,35-44,2000,1774.0,
CXUHEALTHLB0404M,HEALTH,35-44,2001,1879.0,
CXUHEALTHLB0404M,HEALTH,35-44,2002,1980.0,
CXUHEALTHLB0404M,HEALTH,35-44,2003,2105.0,
CXUHEALTHLB0404M,HEALTH,35-44,2004,2263.0,
CXUHEALTHLB0404M,HEALTH,35-44,2005,2272.0,
CXUHEALTHLB0404M,HEALTH,35-44,2006,2284.0,
CXUHEALTHLB0404M,HEALTH,35-44,2007,2315.0,
CXUHEALTHLB0404M,HEALTH,35-44,2008,2499.0,
CXUHEALTHLB0404M,HEALTH,35-44,2009,2520.0,
CXUHEALTHLB0404M,HEALTH,35-44,2010,2583.0,
CXUHEALTHLB0404M,HEALTH,35-44,2011,2762.0,
CXUHEALTHLB0404M,HEALTH,35-44,2012,2948.0,
CXUHEALTHLB0404M,HEALTH,35-44,2013,3188.0,
CXUHEALTHLB0404M,HEALTH,35-44,2014,4033.0,
CXUHEALTHLB0404M,HEALTH,35-44,2015,3873.0,
CXUHEALTHLB0404M,HEALTH,35-44,2016,4076.0,
CXUHEALTHLB0404M,HEALTH,35-44,2017,4348.0,
CXUHEALTHLB0404M,HEALTH,35-44,2018,4317.0,
CXUHEALTHLB0404M,HEALTH,35-44,2019,4822.0,
CXUHEALTHLB0404M,HEALTH,35-44,2020,4579.0,
CXUHEALTHLB0404M,HEALTH,35-44,2021,5142.0,
CXUHEALTHLB0404M,HEALTH,35-44,2022,5330.0,
CXUHEALTHLB0404M,HEALTH,35-44,2023,5509.0,
CXUHEALTHLB0404M,HEALTH,35-44,2024,5949.0,
CXUHEALTHLB0405M,HEALTH,45-54,1984,1245.0,
CXUHEALTHLB0405M,HEALTH,45-54,1985,1242.0,
CXUHEALTHLB0405M,HEALTH,45-54,1986,1245.0,
CXUHEALTHLB0405M,HEALTH,45-54,1987,1255.0,
CXUHEALTHLB0405M,HEALTH,45-54,1988,1258.0,
CXUHEALTHLB0405M,HEALTH,45-54,1989,1389.0,
CXUHEALTHLB0405M,HEALTH,45-54,1990,1597.0,
CXUHEALTHLB0405M,HEALTH,45-54,1991,1727.0,
CXUHEALTHLB0405M,HEALTH,45-54,1992,1646.0,
CXUHEALTHLB0405M,HEALTH,45-54,1993,1817.0,
CXUHEALTHLB0405M,HEALTH,45-54,1994,1855.0,
CXUHEALTHLB0405M,HEALTH,45-54,1995,1851.0,
CXUHEALTHLB0405M,HEALTH,45-54,1996,1838.0,
CXUHEALTHLB0405M,HEALTH,45-54,1997,1945.0,
CXUHEALTHLB0405M,HEALTH,45-54,1998,2186.0,
CXUHEALTHLB0405M,HEALTH,45-54,1999,2183.0,
CXUHEALTHLB0405M,HEALTH,45-54,2000,2200.0,
CXUHEALTHLB0405M,HEALTH,45-54,2001,2265.0,
CXUHEALTHLB0405M,HEALTH,45-54,2002,2550.0,
CXUHEALTHLB0405M,HEALTH,45-54,2003,2479.0,
CXUHEALTHLB0405M,HEALTH,45-54,2004,2695.0,
CXUHEALTHLB0405M,HEALTH,45-54,2005,2672.0,
CXUHEALTHLB0405M,HEALTH,45-54,2006,2757.0,
CXUHEALTHLB0405M,HEALTH,45-54,2007,2792.0,
CXUHEALTHLB0405M,HEALTH,45-54,2008,2930.0,
CXUHEALTHLB0405M,HEALTH,45-54,2009,3173.0,
CXUHEALTHLB0405M,HEALTH,45-54,2010,3261.0,
CXUHEALTHLB0405M,HEALTH,45-54,2011,3411.0,
CXUHEALTHLB0405M,HEALTH,45-54,2012,3687.0,
CXUHEALTHLB0405M,HEALTH,45-54,2013,3801.0,
CXUHEALTHLB0405M,HEALTH,45-54,2014,4497.0,
CXUHEALTHLB0405M,HEALTH,45-54,2015,4669.0,
CXUHEALTHLB0405M,HEALTH,45-54,2016,4931.0,
CXUHEALTHLB0405M,HEALTH,45-54,2017,4967.0,
CXUHEALTHLB0405M,HEALTH,45-54,2018,5138.0,
CXUHEALTHLB0405M,HEALTH,45-54,2019,5345.0,
CXUHEALTHLB0405M,HEALTH,45-54,2020,5465.0,
CXUHEALTHLB0405M,HEALTH,45-54,2021,5656.0,
CXUHEALTHLB0405M,HEALTH,45-54,2022,6082.0,
CXUHEALTHLB0405M,HEALTH,45-54,2023,6338.0,
CXUHEALTHLB0405M,HEALTH,45-54,2024,6748.0,
CXUHEALTHLB0406M,HEALTH,55-64,1984,1255.0,
CXUHEALTHLB0406M,HEALTH,55-64,1985,1355.0,
CXUHEALTHLB0406M,HEALTH,55-64,1986,1429.0,
CXUHEALTHLB0406M,HEALTH,55-64,1987,1383.0,
CXUHEALTHLB0406M,HEALTH,55-64,1988,1518.0,
CXUHEALTHLB0406M,HEALTH,55-64,1989,1814.0,
CXUHEALTHLB0406M,HEALTH,55-64,1990,1791.0,
CXUHEALTHLB0406M,HEALTH,55-64,1991,1846.0,
CXUHEALTHLB0406M,HEALTH,55-64,1992,1993.0,
CXUHEALTHLB0406M,HEALTH,55-64,1993,2176.0,
CXUHEALTHLB0406M,HEALTH,55-64,1994,2144.0,
CXUHEALTHLB0406M,HEALTH,55-64,1995,1911.0,
CXUHEALTHLB0406M,HEALTH,55-64,1996,2163.0,
CXUHEALTHLB0406M,HEALTH,55-64,1997,2187.0,
CXUHEALTHLB0406M,HEALTH,55-64,1998,2158.0,
CXUHEALTHLB0406M,HEALTH,55-64,1999,2450.0,
CXUHEALTHLB0406M,HEALTH,55-64,2000,2508.0,
CXUHEALTHLB0406M,HEALTH,55-64,2001,2703.0,
CXUHEALTHLB0406M,HEALTH,55-64,2002,3007.0,
CXUHEALTHLB0406M,HEALTH,55-64,2003,3059.0,
CXUHEALTHLB0406M,HEALTH,55-64,2004,3262.0,
CXUHEALTHLB0406M,HEALTH,55-64,2005,3410.0,
CXUHEALTHLB0406M,HEALTH,55-64,2006,3556.0,
CXUHEALTHLB0406M,HEALTH,55-64,2007,3476.0,
CXUHEALTHLB0406M,HEALTH,55-64,2008,3825.0,
CXUHEALTHLB0406M,HEALTH,55-64,2009,3895.0,
CXUHEALTHLB0406M,HEALTH,55-64,2010,3859.0,
CXUHEALTHLB0406M,HEALTH,55-64,2011,4048.0,
CXUHEALTHLB0406M,HEALTH,55-64,2012,4377.0,
CXUHEALTHLB0406M,HEALTH,55-64,2013,4378.0,
CXUHEALTHLB0406M,HEALTH,55-64,2014,4958.0,
CXUHEALTHLB0406M,HEALTH,55-64,2015,5112.0,
CXUHEALTHLB0406M,HEALTH,55-64,2016,5513.0,
CXUHEALTHLB0406M,HEALTH,55-64,2017,5777.0,
CXUHEALTHLB0406M,HEALTH,55-64,2018,5743.0,
CXUHEALTHLB0406M,HEALTH,55-64,2019,5958.0,
CXUHEALTHLB0406M,HEALTH,55-64,2020,5684.0,
CXUHEALTHLB0406M,HEALTH,55-64,2021,6093.0,
CXUHEALTHLB0406M,HEALTH,55-64,2022,6702.0,
CXUHEALTHLB0406M,HEALTH,55-64,2023,7164.0,
CXUHEALTHLB0406M,HEALTH,55-64,2024,6711.0,
CXUHEALTHLB0407M,HEALTH,65+,1988,2099.0,
CXUHEALTHLB0407M,HEALTH,65+,1989,2135.0,
CXUHEALTHLB0407M,HEALTH,65+,1990,2208.0,
CXUHEALTHLB0407M,HEALTH,65+,1991,2257.0,
CXUHEALTHLB0407M,HEALTH,65+,1992,2474.0,
CXUHEALTHLB0407M,HEALTH,65+,1993,2733.0,
CXUHEALTHLB0407M,HEALTH,65+,1994,2678.0,
CXUHEALTHLB0407M,HEALTH,65+,1995,2648.0,
CXUHEALTHLB0407M,HEALTH,65+,1996,2759.0,
CXUHEALTHLB0407M,HEALTH,65+,1997,2855.0,
CXUHEALTHLB0407M,HEALTH,65+,1998,2936.0,
CXUHEALTHLB0407M,HEALTH,65+,1999,3019.0,
CXUHEALTHLB0407M,HEALTH,65+,2000,3247.0,
CXUHEALTHLB0407M,HEALTH,65+,2001,3493.0,
CXUHEALTHLB0407M,HEALTH,65+,2002,3586.0,
CXUHEALTHLB0407M,HEALTH,65+,2003,3741.0,
CXUHEALTHLB0407M,HEALTH,65+,2004,3899.0,
CXUHEALTHLB0407M,HEALTH,65+,2005,4193.0,
CXUHEALTHLB0407M,HEALTH,65+,2006,4331.0,
CXUHEALTHLB0407M,HEALTH,65+,2007,4631.0,
CXUHEALTHLB0407M,HEALTH,65+,2008,4605.0,
CXUHEALTHLB0407M,HEALTH,65+,2009,4846.0,
CXUHEALTHLB0407M,HEALTH,65+,2010,4843.0,
CXUHEALTHLB0407M,HEALTH,65+,2011,4769.0,
CXUHEALTHLB0407M,HEALTH,65+,2012,5118.0,
CXUHEALTHLB0407M,HEALTH,65+,2013,5069.0,
CXUHEALTHLB0407M,HEALTH,65+,2014,5849.0,
CXUHEALTHLB0407M,HEALTH,65+,2015,5756.0,
CXUHEALTHLB0407M,HEALTH,65+,2016,5994.0,
CXUHEALTHLB0407M,HEALTH,65+,2017,6620.0,
CXUHEALTHLB0407M,HEALTH,65+,2018,6802.0,
CXUHEALTHLB0407M,HEALTH,65+,2019,6833.0,
CXUHEALTHLB0407M,HEALTH,65+,2020,6668.0,
CXUHEALTHLB0407M,HEALTH,65+,2021,7030.0,
CXUHEALTHLB0407M,HEALTH,65+,2022,7555.0,
CXUHEALTHLB0407M,HEALTH,65+,2023,8027.0,
CXUHEALTHLB0407M,HEALTH,65+,2024,7799.0,
CXUHEALTHLB0408M,HEALTH,65-74,1984,1485.0,
CXUHEALTHLB0408M,HEALTH,65-74,1985,1649.0,
CXUHEALTHLB0408M,HEALTH,65-74,1986,1629.0,
CXUHEALTHLB0408M,HEALTH,65-74,1987,1688.0,
CXUHEALTHLB0408M,HEALTH,65-74,1988,2005.0,
CXUHEALTHLB0408M,HEALTH,65-74,1989,1981.0,
CXUHEALTHLB0408M,HEALTH,65-74,1990,2197.0,
CXUHEALTHLB0408M,HEALTH,65-74,1991,2300.0,
CXUHEALTHLB0408M,HEALTH,65-74,1992,2487.0,
CXUHEALTHLB0408M,HEALTH,65-74,1993,2610.0,
CXUHEALTHLB0408M,HEALTH,65-74,1994,2592.0,
CXUHEALTHLB0408M,HEALTH,65-74,1995,2618.0,
CXUHEALTHLB0408M,HEALTH,65-74,1996,2634.0,
CXUHEALTHLB0408M,HEALTH,65-74,1997,2900.0,
CXUHEALTHLB0408M,HEALTH,65-74,1998,2933.0,
CXUHEALTHLB0408M,HEALTH,65-74,1999,2991.0,
CXUHEALTHLB0408M,HEALTH,65-74,2000,3163.0,
CXUHEALTHLB0408M,HEALTH,65-74,2001,3583.0,
CXUHEALTHLB0408M,HEALTH,65-74,2002,3588.0,
CXUHEALTHLB0408M,HEALTH,65-74,2003,3626.0,
CXUHEALTHLB0408M,HEALTH,65-74,2004,3799.0,
CXUHEALTHLB0408M,HEALTH,65-74,2005,4176.0,
CXUHEALTHLB0408M,HEALTH,65-74,2006,4379.0,
CXUHEALTHLB0408M,HEALTH,65-74,2007,4967.0,
CXUHEALTHLB0408M,HEALTH,65-74,2008,4779.0,
CXUHEALTHLB0408M,HEALTH,65-74,2009,4906.0,
CXUHEALTHLB0408M,HEALTH,65-74,2010,4922.0,
CXUHEALTHLB0408M,HEALTH,65-74,2011,5038.0,
CXUHEALTHLB0408M,HEALTH,65-74,2012,5259.0,
CXUHEALTHLB0408M,HEALTH,65-74,2013,5188.0,
CXUHEALTHLB0408M,HEALTH,65-74,2014,5956.0,
CXUHEALTHLB0408M,HEALTH,65-74,2015,5715.0,
CXUHEALTHLB0408M,HEALTH,65-74,2016,6014.0,
CXUHEALTHLB0408M,HEALTH,65-74,2017,6723.0,
CXUHEALTHLB0408M,HEALTH,65-74,2018,6711.0,
CXUHEALTHLB0408M,HEALTH,65-74,2019,6772.0,
CXUHEALTHLB0408M,HEALTH,65-74,2020,6695.0,
CXUHEALTHLB0408M,HEALTH,65-74,2021,6966.0,
CXUHEALTHLB0408M,HEALTH,65-74,2022,7438.0,
CXUHEALTHLB0408M,HEALTH,65-74,2023,7942.0,
CXUHEALTHLB0408M,HEALTH,65-74,2024,7715.0,
CXUHEALTHLB0409M,HEALTH,75+,1984,1504.0,
CXUHEALTHLB0409M,HEALTH,75+,1985,1656.0,
CXUHEALTHLB0409M,HEALTH,75+,1986,1834.0,
CXUHEALTHLB0409M,HEALTH,75+,1987,1596.0,
CXUHEALTHLB0409M,HEALTH,75+,1988,2230.0,
CXUHEALTHLB0409M,HEALTH,75+,1989,2351.0,
CXUHEALTHLB0409M,HEALTH,75+,1990,2223.0,
CXUHEALTHLB0409M,HEALTH,75+,1991,2197.0,
CXUHEALTHLB0409M,HEALTH,75+,1992,2460.0,
CXUHEALTHLB0409M,HEALTH,75+,1993,2883.0,
CXUHEALTHLB0409M,HEALTH,75+,1994,2787.0,
CXUHEALTHLB0409M,HEALTH,75+,1995,2683.0,
CXUHEALTHLB0409M,HEALTH,75+,1996,2908.0,
CXUHEALTHLB0409M,HEALTH,75+,1997,2799.0,
CXUHEALTHLB0409M,HEALTH,75+,1998,2938.0,
CXUHEALTHLB0409M,HEALTH,75+,1999,3052.0,
CXUHEALTHLB0409M,HEALTH,75+,2000,3338.0,
CXUHEALTHLB0409M,HEALTH,75+,2001,3397.0,
CXUHEALTHLB0409M,HEALTH,75+,2002,3584.0,
CXUHEALTHLB0409M,HEALTH,75+,2003,3856.0,
CXUHEALTHLB0409M,HEALTH,75+,2004,3995.0,
CXUHEALTHLB0409M,HEALTH,75+,2005,4210.0,
CXUHEALTHLB0409M,HEALTH,75+,2006,4282.0,
CXUHEALTHLB0409M,HEALTH,75+,2007,4275.0,
CXUHEALTHLB0409M,HEALTH,75+,2008,4413.0,
CXUHEALTHLB0409M,HEALTH,75+,2009,4779.0,
CXUHEALTHLB0409M,HEALTH,75+,2010,4754.0,
CXUHEALTHLB0409M,HEALTH,75+,2011,4449.0,
CXUHEALTHLB0409M,HEALTH,75+,2012,4944.0,
CXUHEALTHLB0409M,HEALTH,75+,2013,4910.0,
CXUHEALTHLB0409M,HEALTH,75+,2014,5708.0,
CXUHEALTHLB0409M,HEALTH,75+,2015,5814.0,
CXUHEALTHLB0409M,HEALTH,75+,2016,5967.0,
CXUHEALTHLB0409M,HEALTH,75+,2017,6475.0,
CXUHEALTHLB0409M,HEALTH,75+,2018,6930.0,
CXUHEALTHLB0409M,HEALTH,75+,2019,6914.0,
CXUHEALTHLB0409M,HEALTH,75+,2020,6627.0,
CXUHEALTHLB0409M,HEALTH,75+,2021,7123.0,
CXUHEALTHLB0409M,HEALTH,75+,2022,7723.0,
CXUHEALTHLB0409M,HEALTH,75+,2023,8145.0,
CXUHEALTHLB0409M,HEALTH,75+,2024,7918.0,
CXUHEALTHLB0401M,HEALTH,All CUs,1984,1049.0,
CXUHEALTHLB0401M,HEALTH,All CUs,1985,1108.0,
CXUHEALTHLB0401M,HEALTH,All CUs,1986,1135.0,
CXUHEALTHLB0401M,HEALTH,All CUs,1987,1135.0,
CXUHEALTHLB0401M,HEALTH,All CUs,1988,1298.0,
CXUHEALTHLB0401M,HEALTH,All CUs,1989,1407.0,
CXUHEALTHLB0401M,HEALTH,All CUs,1990,1480.0,
CXUHEALTHLB0401M,HEALTH,All CUs,1991,1554.0,
CXUHEALTHLB0401M,HEALTH,All CUs,1992,1634.0,
CXUHEALTHLB0401M,HEALTH,All CUs,1993,1776.0,
CXUHEALTHLB0401M,HEALTH,All CUs,1994,1755.0,
CXUHEALTHLB0401M,HEALTH,All CUs,1995,1732.0,
CXUHEALTHLB0401M,HEALTH,All CUs,1996,1770.0,
CXUHEALTHLB0401M,HEALTH,All CUs,1997,1841.0,
CXUHEALTHLB0401M,HEALTH,All CUs,1998,1903.0,
CXUHEALTHLB0401M,HEALTH,All CUs,1999,1959.0,
CXUHEALTHLB0401M,HEALTH,All CUs,2000,2066.0,
CXUHEALTHLB0401M,HEALTH,All CUs,2001,2182.0,
CXUHEALTHLB0401M,HEALTH,All CUs,2002,2350.0,
CXUHEALTHLB0401M,HEALTH,All CUs,2003,2416.0,
CXUHEALTHLB0401M,HEALTH,All CUs,2004,2574.0,
CXUHEALTHLB0401M,HEALTH,All CUs,2005,2664.0,
CXUHEALTHLB0401M,HEALTH,All CUs,2006,2766.0,
CXUHEALTHLB0401M,HEALTH,All CUs,2007,2853.0,
CXUHEALTHLB0401M,HEALTH,All CUs,2008,2976.0,
CXUHEALTHLB0401M,HEALTH,All CUs,2009,3126.0,
CXUHEALTHLB0401M,HEALTH,All CUs,2010,3157.0,
CXUHEALTHLB0401M,HEALTH,All CUs,2011,3313.0,
CXUHEALTHLB0401M,HEALTH,All CUs,2012,3556.0,
CXUHEALTHLB0401M,HEALTH,All CUs,2013,3631.0,
CXUHEALTHLB0401M,HEALTH,All CUs,2014,4290.0,
CXUHEALTHLB0401M,HEALTH,All CUs,2015,4342.0,
CXUHEALTHLB0401M,HEALTH,All CUs,2016,4612.0,
CXUHEALTHLB0401M,HEALTH,All CUs,2017,4928.0,
CXUHEALTHLB0401M,HEALTH,All CUs,2018,4968.0,
CXUHEALTHLB0401M,HEALTH,All CUs,2019,5193.0,
CXUHEALTHLB0401M,HEALTH,All CUs,2020,5177.0,
CXUHEALTHLB0401M,HEALTH,All CUs,2021,5452.0,
CXUHEALTHLB0401M,HEALTH,All CUs,2022,5856.0,
CXUHEALTHLB0401M,HEALTH,All CUs,2023,6159.0,
CXUHEALTHLB0401M,HEALTH,All CUs,2024,6197.0,
CXUHEALTHLB0402M,HEALTH,Under 25,1984,371.0,
CXUHEALTHLB0402M,HEALTH,Under 25,1985,427.0,
CXUHEALTHLB0402M,HEALTH,Under 25,1986,363.0,
CXUHEALTHLB0402M,HEALTH,Under 25,1987,338.0,
CXUHEALTHLB0402M,HEALTH,Under 25,1988,523.0,
CXUHEALTHLB0402M,HEALTH,Under 25,1989,348.0,
CXUHEALTHLB0402M,HEALTH,Under 25,1990,403.0,
CXUHEALTHLB0402M,HEALTH,Under 25,1991,360.0,
CXUHEALTHLB0402M,HEALTH,Under 25,1992,416.0,
CXUHEALTHLB0402M,HEALTH,Under 25,1993,349.0,
CXUHEALTHLB0402M,HEALTH,Under 25,1994,505.0,
CXUHEALTHLB0402M,HEALTH,Under 25,1995,466.0,
CXUHEALTHLB0402M,HEALTH,Under 25,1996,386.0,
CXUHEALTHLB0402M,HEALTH,Under 25,1997,425.0,
CXUHEALTHLB0402M,HEALTH,Under 25,1998,445.0,
CXUHEALTHLB0402M,HEALTH,Under 25,1999,551.0,
CXUHEALTHLB0402M,HEALTH,Under 25,2000,504.0,
CXUHEALTHLB0402M,HEALTH,Under 25,2001,530.0,
CXUHEALTHLB0402M,HEALTH,Under 25,2002,640.0,
CXUHEALTHLB0402M,HEALTH,Under 25,2003,546.0,
CXUHEALTHLB0402M,HEALTH,Under 25,2004,654.0,
CXUHEALTHLB0402M,HEALTH,Under 25,2005,704.0,
CXUHEALTHLB0402M,HEALTH,Under 25,2006,706.0,
CXUHEALTHLB0402M,HEALTH,Under 25,2007,800.0,
CXUHEALTHLB0402M,HEALTH,Under 25,2008,682.0,
CXUHEALTHLB0402M,HEALTH,Under 25,2009,676.0,
CXUHEALTHLB0402M,HEALTH,Under 25,2010,775.0,
CXUHEALTHLB0402M,HEALTH,Under 25,2011,841.0,
CXUHEALTHLB0402M,HEALTH,Under 25,2012,1024.0,
CXUHEALTHLB0402M,HEALTH,Under 25,2013,943.0,
CXUHEALTHLB0402M,HEALTH,Under 25,2014,1103.0,
CXUHEALTHLB0402M,HEALTH,Under 25,2015,978.0,
CXUHEALTHLB0402M,HEALTH,Under 25,2016,1162.0,
CXUHEALTHLB0402M,HEALTH,Under 25,2017,1547.0,
CXUHEALTHLB0402M,HEALTH,Under 25,2018,1206.0,
CXUHEALTHLB0402M,HEALTH,Under 25,2019,1510.0,
CXUHEALTHLB0402M,HEALTH,Under 25,2020,1350.0,
CXUHEALTHLB0402M,HEALTH,Under 25,2021,1367.0,
CXUHEALTHLB0402M,HEALTH,Under 25,2022,1353.0,
CXUHEALTHLB0402M,HEALTH,Under 25,2023,1723.0,
CXUHEALTHLB0402M,HEALTH,Under 25,2024,1485.0,
CXUHHFURNSHLB0403M,HHFURNSH,25-34,1984,899.0,
CXUHHFURNSHLB0403M,HHFURNSH,25-34,1985,1023.0,
CXUHHFURNSHLB0403M,HHFURNSH,25-34,1986,1016.0,
CXUHHFURNSHLB0403M,HHFURNSH,25-34,1987,1017.0,
CXUHHFURNSHLB0403M,HHFURNSH,25-34,1988,1152.0,
CXUHHFURNSHLB0403M,HHFURNSH,25-34,1989,1108.0,
CXUHHFURNSHLB0403M,HHFURNSH,25-34,1990,1075.0,
CXUHHFURNSHLB0403M,HHFURNSH,25-34,1991,1228.0,
CXUHHFURNSHLB0403M,HHFURNSH,25-34,1992,1145.0,
CXUHHFURNSHLB0403M,HHFURNSH,25-34,1993,1133.0,
CXUHHFURNSHLB0403M,HHFURNSH,25-34,1994,1237.0,
CXUHHFURNSHLB0403M,HHFURNSH,25-34,1995,1327.0,
CXUHHFURNSHLB0403M,HHFURNSH,25-34,1996,1399.0,
CXUHHFURNSHLB0403M,HHFURNSH,25-34,1997,1518.0,
CXUHHFURNSHLB0403M,HHFURNSH,25-34,1998,1517.0,
CXUHHFURNSHLB0403M,HHFURNSH,25-34,1999,1445.0,
CXUHHFURNSHLB0403M,HHFURNSH,25-34,2000,1495.0,
CXUHHFURNSHLB0403M,HHFURNSH,25-34,2001,1473.0,
CXUHHFURNSHLB0403M,HHFURNSH,25-34,2002,1469.0,
CXUHHFURNSHLB0403M,HHFURNSH,25-34,2003,1571.0,
CXUHHFURNSHLB0403M,HHFURNSH,25-34,2004,1548.0,
CXUHHFURNSHLB0403M,HHFURNSH,25-34,2005,1608.0,
CXUHHFURNSHLB0403M,HHFURNSH,25-34,2006,1660.0,
CXUHHFURNSHLB0403M,HHFURNSH,25-34,2007,2034.0,
CXUHHFURNSHLB0403M,HHFURNSH,25-34,2008,1499.0,
CXUHHFURNSHLB0403M,HHFURNSH,25-34,2009,1416.0,
CXUHHFURNSHLB0403M,HHFURNSH,25-34,2010,1458.0,
CXUHHFURNSHLB0403M,HHFURNSH,25-34,2011,1471.0,
CXUHHFURNSHLB0403M,HHFURNSH,25-34,2012,1693.0,
CXUHHFURNSHLB0403M,HHFURNSH,25-34,2013,1408.0,
CXUHHFURNSHLB0403M,HHFURNSH,25-34,2014,1434.0,
CXUHHFURNSHLB0403M,HHFURNSH,25-34,2015,1723.0,
CXUHHFURNSHLB0403M,HHFURNSH,25-34,2016,1584.0,
CXUHHFURNSHLB0403M,HHFURNSH,25-34,2017,1829.0,
CXUHHFURNSHLB0403M,HHFURNSH,25-34,2018,1833.0,
CXUHHFURNSHLB0403M,HHFURNSH,25-34,2019,1934.0,
CXUHHFURNSHLB0403M,HHFURNSH,25-34,2020,2271.0,
CXUHHFURNSHLB0403M,HHFURNSH,25-34,2021,2536.0,
CXUHHFURNSHLB0403M,HHFURNSH,25-34,2022,2333.0,
CXUHHFURNSHLB0403M,HHFURNSH,25-34,2023,2468.0,
CXUHHFURNSHLB0403M,HHFURNSH,25-34,2024,2055.0,
CXUHHFURNSHLB0404M,HHFURNSH,35-44,1984,1240.0,
CXUHHFURNSHLB0404M,HHFURNSH,35-44,1985,1155.0,
CXUHHFURNSHLB0404M,HHFURNSH,35-44,1986,1365.0,
CXUHHFURNSHLB0404M,HHFURNSH,35-44,1987,1409.0,
CXUHHFURNSHLB0404M,HHFURNSH,35-44,1988,1357.0,
CXUHHFURNSHLB0404M,HHFURNSH,35-44,1989,1341.0,
CXUHHFURNSHLB0404M,HHFURNSH,35-44,1990,1586.0,
CXUHHFURNSHLB0404M,HHFURNSH,35-44,1991,1425.0,
CXUHHFURNSHLB0404M,HHFURNSH,35-44,1992,1502.0,
CXUHHFURNSHLB0404M,HHFURNSH,35-44,1993,1524.0,
CXUHHFURNSHLB0404M,HHFURNSH,35-44,1994,1565.0,
CXUHHFURNSHLB0404M,HHFURNSH,35-44,1995,1595.0,
CXUHHFURNSHLB0404M,HHFURNSH,35-44,1996,1565.0,
CXUHHFURNSHLB0404M,HHFURNSH,35-44,1997,1609.0,
CXUHHFURNSHLB0404M,HHFURNSH,35-44,1998,1817.0,
CXUHHFURNSHLB0404M,HHFURNSH,35-44,1999,1590.0,
CXUHHFURNSHLB0404M,HHFURNSH,35-44,2000,1906.0,
CXUHHFURNSHLB0404M,HHFURNSH,35-44,2001,1712.0,
CXUHHFURNSHLB0404M,HHFURNSH,35-44,2002,1823.0,
CXUHHFURNSHLB0404M,HHFURNSH,35-44,2003,1731.0,
CXUHHFURNSHLB0404M,HHFURNSH,35-44,2004,1960.0,
CXUHHFURNSHLB0404M,HHFURNSH,35-44,2005,2216.0,
CXUHHFURNSHLB0404M,HHFURNSH,35-44,2006,1864.0,
CXUHHFURNSHLB0404M,HHFURNSH,35-44,2007,2198.0,
CXUHHFURNSHLB0404M,HHFURNSH,35-44,2008,1789.0,
CXUHHFURNSHLB0404M,HHFURNSH,35-44,2009,1786.0,
CXUHHFURNSHLB0404M,HHFURNSH,35-44,2010,1748.0,
CXUHHFURNSHLB0404M,HHFURNSH,35-44,2011,1650.0,
CXUHHFURNSHLB0404M,HHFURNSH,35-44,2012,1755.0,
CXUHHFURNSHLB0404M,HHFURNSH,35-44,2013,1763.0,
CXUHHFURNSHLB0404M,HHFURNSH,35-44,2014,1690.0,
CXUHHFURNSHLB0404M,HHFURNSH,35-44,2015,2071.0,
CXUHHFURNSHLB0404M,HHFURNSH,35-44,2016,2018.0,
CXUHHFURNSHLB0404M,HHFURNSH,35-44,2017,2370.0,
CXUHHFURNSHLB0404M,HHFURNSH,35-44,2018,2085.0,
CXUHHFURNSHLB0404M,HHFURNSH,35-44,2019,2387.0,
CXUHHFURNSHLB0404M,HHFURNSH,35-44,2020,3627.0,
CXUHHFURNSHLB0404M,HHFURNSH,35-44,2021,3074.0,
CXUHHFURNSHLB0404M,HHFURNSH,35-44,2022,3075.0,
CXUHHFURNSHLB0404M,HHFURNSH,35-44,2023,2861.0,
CXUHHFURNSHLB0404M,HHFURNSH,35-44,2024,2683.0,
CXUHHFURNSHLB0405M,HHFURNSH,45-54,1984,1262.0,
CXUHHFURNSHLB0405M,HHFURNSH,45-54,1985,1304.0,
CXUHHFURNSHLB0405M,HHFURNSH,45-54,1986,1390.0,
CXUHHFURNSHLB0405M,HHFURNSH,45-54,1987,1359.0,
CXUHHFURNSHLB0405M,HHFURNSH,45-54,1988,1469.0,
CXUHHFURNSHLB0405M,HHFURNSH,45-54,1989,1511.0,
CXUHHFURNSHLB0405M,HHFURNSH,45-54,1990,1453.0,
CXUHHFURNSHLB0405M,HHFURNSH,45-54,1991,1602.0,
CXUHHFURNSHLB0405M,HHFURNSH,45-54,1992,1409.0,
CXUHHFURNSHLB0405M,HHFURNSH,45-54,1993,1758.0,
CXUHHFURNSHLB0405M,HHFURNSH,45-54,1994,1950.0,
CXUHHFURNSHLB0405M,HHFURNSH,45-54,1995,1755.0,
CXUHHFURNSHLB0405M,HHFURNSH,45-54,1996,1792.0,
CXUHHFURNSHLB0405M,HHFURNSH,45-54,1997,2066.0,
CXUHHFURNSHLB0405M,HHFURNSH,45-54,1998,2121.0,
CXUHHFURNSHLB0405M,HHFURNSH,45-54,1999,1980.0,
CXUHHFURNSHLB0405M,HHFURNSH,45-54,2000,1911.0,
CXUHHFURNSHLB0405M,HHFURNSH,45-54,2001,1802.0,
CXUHHFURNSHLB0405M,HHFURNSH,45-54,2002,1900.0,
CXUHHFURNSHLB0405M,HHFURNSH,45-54,2003,1801.0,
CXUHHFURNSHLB0405M,HHFURNSH,45-54,2004,1989.0,
CXUHHFURNSHLB0405M,HHFURNSH,45-54,2005,1899.0,
CXUHHFURNSHLB0405M,HHFURNSH,45-54,2006,2050.0,
CXUHHFURNSHLB0405M,HHFURNSH,45-54,2007,1933.0,
CXUHHFURNSHLB0405M,HHFURNSH,45-54,2008,1956.0,
CXUHHFURNSHLB0405M,HHFURNSH,45-54,2009,1705.0,
CXUHHFURNSHLB0405M,HHFURNSH,45-54,2010,1585.0,
CXUHHFURNSHLB0405M,HHFURNSH,45-54,2011,1693.0,
CXUHHFURNSHLB0405M,HHFURNSH,45-54,2012,1780.0,
CXUHHFURNSHLB0405M,HHFURNSH,45-54,2013,1745.0,
CXUHHFURNSHLB0405M,HHFURNSH,45-54,2014,1930.0,
CXUHHFURNSHLB0405M,HHFURNSH,45-54,2015,2064.0,
CXUHHFURNSHLB0405M,HHFURNSH,45-54,2016,2402.0,
CXUHHFURNSHLB0405M,HHFURNSH,45-54,2017,2185.0,
CXUHHFURNSHLB0405M,HHFURNSH,45-54,2018,2547.0,
CXUHHFURNSHLB0405M,HHFURNSH,45-54,2019,2448.0,
CXUHHFURNSHLB0405M,HHFURNSH,45-54,2020,2415.0,
CXUHHFURNSHLB0405M,HHFURNSH,45-54,2021,3325.0,
CXUHHFURNSHLB0405M,HHFURNSH,45-54,2022,3390.0,
CXUHHFURNSHLB0405M,HHFURNSH,45-54,2023,2923.0,
CXUHHFURNSHLB0405M,HHFURNSH,45-54,2024,2733.0,
CXUHHFURNSHLB0406M,HHFURNSH,55-64,1984,1122.0,
CXUHHFURNSHLB0406M,HHFURNSH,55-64,1985,927.0,
CXUHHFURNSHLB0406M,HHFURNSH,55-64,1986,997.0,
CXUHHFURNSHLB0406M,HHFURNSH,55-64,1987,1142.0,
CXUHHFURNSHLB0406M,HHFURNSH,55-64,1988,1183.0,
CXUHHFURNSHLB0406M,HHFURNSH,55-64,1989,1057.0,
CXUHHFURNSHLB0406M,HHFURNSH,55-64,1990,1205.0,
CXUHHFURNSHLB0406M,HHFURNSH,55-64,1991,1422.0,
CXUHHFURNSHLB0406M,HHFURNSH,55-64,1992,1252.0,
CXUHHFURNSHLB0406M,HHFURNSH,55-64,1993,1439.0,
CXUHHFURNSHLB0406M,HHFURNSH,55-64,1994,1696.0,
CXUHHFURNSHLB0406M,HHFURNSH,55-64,1995,1604.0,
CXUHHFURNSHLB0406M,HHFURNSH,55-64,1996,1416.0,
CXUHHFURNSHLB0406M,HHFURNSH,55-64,1997,1728.0,
CXUHHFURNSHLB0406M,HHFURNSH,55-64,1998,1873.0,
CXUHHFURNSHLB0406M,HHFURNSH,55-64,1999,1779.0,
CXUHHFURNSHLB0406M,HHFURNSH,55-64,2000,1891.0,
CXUHHFURNSHLB0406M,HHFURNSH,55-64,2001,1653.0,
CXUHHFURNSHLB0406M,HHFURNSH,55-64,2002,1811.0,
CXUHHFURNSHLB0406M,HHFURNSH,55-64,2003,1831.0,
CXUHHFURNSHLB0406M,HHFURNSH,55-64,2004,1932.0,
CXUHHFURNSHLB0406M,HHFURNSH,55-64,2005,2231.0,
CXUHHFURNSHLB0406M,HHFURNSH,55-64,2006,2017.0,
CXUHHFURNSHLB0406M,HHFURNSH,55-64,2007,1944.0,
CXUHHFURNSHLB0406M,HHFURNSH,55-64,2008,1894.0,
CXUHHFURNSHLB0406M,HHFURNSH,55-64,2009,1651.0,
CXUHHFURNSHLB0406M,HHFURNSH,55-64,2010,1698.0,
CXUHHFURNSHLB0406M,HHFURNSH,55-64,2011,1685.0,
CXUHHFURNSHLB0406M,HHFURNSH,55-64,2012,1763.0,
CXUHHFURNSHLB0406M,HHFURNSH,55-64,2013,1811.0,
CXUHHFURNSHLB0406M,HHFURNSH,55-64,2014,1778.0,
CXUHHFURNSHLB0406M,HHFURNSH,55-64,2015,2067.0,
CXUHHFURNSHLB0406M,HHFURNSH,55-64,2016,1934.0,
CXUHHFURNSHLB0406M,HHFURNSH,55-64,2017,2246.0,
CXUHHFURNSHLB0406M,HHFURNSH,55-64,2018,2468.0,
CXUHHFURNSHLB0406M,HHFURNSH,55-64,2019,2562.0,
CXUHHFURNSHLB0406M,HHFURNSH,55-64,2020,2244.0,
CXUHHFURNSHLB0406M,HHFURNSH,55-64,2021,2778.0,
CXUHHFURNSHLB0406M,HHFURNSH,55-64,2022,2817.0,
CXUHHFURNSHLB0406M,HHFURNSH,55-64,2023,2886.0,
CXUHHFURNSHLB0406M,HHFURNSH,55-64,2024,2816.0,
CXUHHFURNSHLB0407M,HHFURNSH,65+,1988,600.0,
CXUHHFURNSHLB0407M,HHFURNSH,65+,1989,717.0,
CXUHHFURNSHLB0407M,HHFURNSH,65+,1990,592.0,
CXUHHFURNSHLB0407M,HHFURNSH,65+,1991,744.0,
CXUHHFURNSHLB0407M,HHFURNSH,65+,1992,789.0,
CXUHHFURNSHLB0407M,HHFURNSH,65+,1993,718.0,
CXUHHFURNSHLB0407M,HHFURNSH,65+,1994,847.0,
CXUHHFURNSHLB0407M,HHFURNSH,65+,1995,1051.0,
CXUHHFURNSHLB0407M,HHFURNSH,65+,1996,902.0,
CXUHHFURNSHLB0407M,HHFURNSH,65+,1997,1059.0,
CXUHHFURNSHLB0407M,HHFURNSH,65+,1998,1089.0,
CXUHHFURNSHLB0407M,HHFURNSH,65+,1999,1054.0,
CXUHHFURNSHLB0407M,HHFURNSH,65+,2000,882.0,
CXUHHFURNSHLB0407M,HHFURNSH,65+,2001,899.0,
CXUHHFURNSHLB0407M,HHFURNSH,65+,2002,903.0,
CXUHHFURNSHLB0407M,HHFURNSH,65+,2003,923.0,
CXUHHFURNSHLB0407M,HHFURNSH,65+,2004,1147.0,
CXUHHFURNSHLB0407M,HHFURNSH,65+,2005,1225.0,
CXUHHFURNSHLB0407M,HHFURNSH,65+,2006,1224.0,
CXUHHFURNSHLB0407M,HHFURNSH,65+,2007,1235.0,
CXUHHFURNSHLB0407M,HHFURNSH,65+,2008,1235.0,
CXUHHFURNSHLB0407M,HHFURNSH,65+,2009,1184.0,
CXUHHFURNSHLB0407M,HHFURNSH,65+,2010,1095.0,
CXUHHFURNSHLB0407M,HHFURNSH,65+,2011,1314.0,
CXUHHFURNSHLB0407M,HHFURNSH,65+,2012,1215.0,
CXUHHFURNSHLB0407M,HHFURNSH,65+,2013,1280.0,
CXUHHFURNSHLB0407M,HHFURNSH,65+,2014,1348.0,
CXUHHFURNSHLB0407M,HHFURNSH,65+,2015,1492.0,
CXUHHFURNSHLB0407M,HHFURNSH,65+,2016,1542.0,
CXUHHFURNSHLB0407M,HHFURNSH,65+,2017,1729.0,
CXUHHFURNSHLB0407M,HHFURNSH,65+,2018,1657.0,
CXUHHFURNSHLB0407M,HHFURNSH,65+,2019,1663.0,
CXUHHFURNSHLB0407M,HHFURNSH,65+,2020,1711.0,
CXUHHFURNSHLB0407M,HHFURNSH,65+,2021,2303.0,
CXUHHFURNSHLB0407M,HHFURNSH,65+,2022,2070.0,
CXUHHFURNSHLB0407M,HHFURNSH,65+,2023,1982.0,
CXUHHFURNSHLB0407M,HHFURNSH,65+,2024,2153.0,
CXUHHFURNSHLB0408M,HHFURNSH,65-74,1984,569.0,
CXUHHFURNSHLB0408M,HHFURNSH,65-74,1985,742.0,
CXUHHFURNSHLB0408M,HHFURNSH,65-74,1986,746.0,
CXUHHFURNSHLB0408M,HHFURNSH,65-74,1987,785.0,
CXUHHFURNSHLB0408M,HHFURNSH,65-74,1988,733.0,
CXUHHFURNSHLB0408M,HHFURNSH,65-74,1989,919.0,
CXUHHFURNSHLB0408M,HHFURNSH,65-74,1990,718.0,
CXUHHFURNSHLB0408M,HHFURNSH,65-74,1991,891.0,
CXUHHFURNSHLB0408M,HHFURNSH,65-74,1992,945.0,
CXUHHFURNSHLB0408M,HHFURNSH,65-74,1993,890.0,
CXUHHFURNSHLB0408M,HHFURNSH,65-74,1994,1076.0,
CXUHHFURNSHLB0408M,HHFURNSH,65-74,1995,933.0,
CXUHHFURNSHLB0408M,HHFURNSH,65-74,1996,1199.0,
CXUHHFURNSHLB0408M,HHFURNSH,65-74,1997,1349.0,
CXUHHFURNSHLB0408M,HHFURNSH,65-74,1998,1313.0,
CXUHHFURNSHLB0408M,HHFURNSH,65-74,1999,1356.0,
CXUHHFURNSHLB0408M,HHFURNSH,65-74,2000,1110.0,
CXUHHFURNSHLB0408M,HHFURNSH,65-74,2001,1135.0,
CXUHHFURNSHLB0408M,HHFURNSH,65-74,2002,1131.0,
CXUHHFURNSHLB0408M,HHFURNSH,65-74,2003,1180.0,
CXUHHFURNSHLB0408M,HHFURNSH,65-74,2004,1395.0,
CXUHHFURNSHLB0408M,HHFURNSH,65-74,2005,1640.0,
CXUHHFURNSHLB0408M,HHFURNSH,65-74,2006,1664.0,
CXUHHFURNSHLB0408M,HHFURNSH,65-74,2007,1508.0,
CXUHHFURNSHLB0408M,HHFURNSH,65-74,2008,1529.0,
CXUHHFURNSHLB0408M,HHFURNSH,65-74,2009,1491.0,
CXUHHFURNSHLB0408M,HHFURNSH,65-74,2010,1297.0,
CXUHHFURNSHLB0408M,HHFURNSH,65-74,2011,1711.0,
CXUHHFURNSHLB0408M,HHFURNSH,65-74,2012,1436.0,
CXUHHFURNSHLB0408M,HHFURNSH,65-74,2013,1618.0,
CXUHHFURNSHLB0408M,HHFURNSH,65-74,2014,1711.0,
CXUHHFURNSHLB0408M,HHFURNSH,65-74,2015,1802.0,
CXUHHFURNSHLB0408M,HHFURNSH,65-74,2016,1904.0,
CXUHHFURNSHLB0408M,HHFURNSH,65-74,2017,1999.0,
CXUHHFURNSHLB0408M,HHFURNSH,65-74,2018,2065.0,
CXUHHFURNSHLB0408M,HHFURNSH,65-74,2019,1954.0,
CXUHHFURNSHLB0408M,HHFURNSH,65-74,2020,2107.0,
CXUHHFURNSHLB0408M,HHFURNSH,65-74,2021,2780.0,
CXUHHFURNSHLB0408M,HHFURNSH,65-74,2022,2327.0,
CXUHHFURNSHLB0408M,HHFURNSH,65-74,2023,2320.0,
CXUHHFURNSHLB0408M,HHFURNSH,65-74,2024,2522.0,
CXUHHFURNSHLB0409M,HHFURNSH,75+,1984,346.0,
CXUHHFURNSHLB0409M,HHFURNSH,75+,1985,365.0,
CXUHHFURNSHLB0409M,HHFURNSH,75+,1986,426.0,
CXUHHFURNSHLB0409M,HHFURNSH,75+,1987,336.0,
CXUHHFURNSHLB0409M,HHFURNSH,75+,1988,415.0,
CXUHHFURNSHLB0409M,HHFURNSH,75+,1989,434.0,
CXUHHFURNSHLB0409M,HHFURNSH,75+,1990,425.0,
CXUHHFURNSHLB0409M,HHFURNSH,75+,1991,544.0,
CXUHHFURNSHLB0409M,HHFURNSH,75+,1992,587.0,
CXUHHFURNSHLB0409M,HHFURNSH,75+,1993,502.0,
CXUHHFURNSHLB0409M,HHFURNSH,75+,1994,552.0,
CXUHHFURNSHLB0409M,HHFURNSH,75+,1995,1197.0,
CXUHHFURNSHLB0409M,HHFURNSH,75+,1996,549.0,
CXUHHFURNSHLB0409M,HHFURNSH,75+,1997,703.0,
CXUHHFURNSHLB0409M,HHFURNSH,75+,1998,820.0,
CXUHHFURNSHLB0409M,HHFURNSH,75+,1999,730.0,
CXUHHFURNSHLB0409M,HHFURNSH,75+,2000,634.0,
CXUHHFURNSHLB0409M,HHFURNSH,75+,2001,647.0,
CXUHHFURNSHLB0409M,HHFURNSH,75+,2002,663.0,
CXUHHFURNSHLB0409M,HHFURNSH,75+,2003,657.0,
CXUHHFURNSHLB0409M,HHFURNSH,75+,2004,901.0,
CXUHHFURNSHLB0409M,HHFURNSH,75+,2005,800.0,
CXUHHFURNSHLB0409M,HHFURNSH,75+,2006,767.0,
CXUHHFURNSHLB0409M,HHFURNSH,75+,2007,943.0,
CXUHHFURNSHLB0409M,HHFURNSH,75+,2008,898.0,
CXUHHFURNSHLB0409M,HHFURNSH,75+,2009,850.0,
CXUHHFURNSHLB0409M,HHFURNSH,75+,2010,862.0,
CXUHHFURNSHLB0409M,HHFURNSH,75+,2011,849.0,
CXUHHFURNSHLB0409M,HHFURNSH,75+,2012,942.0,
CXUHHFURNSHLB0409M,HHFURNSH,75+,2013,841.0,
CXUHHFURNSHLB0409M,HHFURNSH,75+,2014,868.0,
CXUHHFURNSHLB0409M,HHFURNSH,75+,2015,1072.0,
CXUHHFURNSHLB0409M,HHFURNSH,75+,2016,1046.0,
CXUHHFURNSHLB0409M,HHFURNSH,75+,2017,1346.0,
CXUHHFURNSHLB0409M,HHFURNSH,75+,2018,1075.0,
CXUHHFURNSHLB0409M,HHFURNSH,75+,2019,1267.0,
CXUHHFURNSHLB0409M,HHFURNSH,75+,2020,1134.0,
CXUHHFURNSHLB0409M,HHFURNSH,75+,2021,1604.0,
CXUHHFURNSHLB0409M,HHFURNSH,75+,2022,1701.0,
CXUHHFURNSHLB0409M,HHFURNSH,75+,2023,1507.0,
CXUHHFURNSHLB0409M,HHFURNSH,75+,2024,1627.0,
CXUHHFURNSHLB0401M,HHFURNSH,All CUs,1984,926.0,
CXUHHFURNSHLB0401M,HHFURNSH,All CUs,1985,936.0,
CXUHHFURNSHLB0401M,HHFURNSH,All CUs,1986,998.0,
CXUHHFURNSHLB0401M,HHFURNSH,All CUs,1987,1032.0,
CXUHHFURNSHLB0401M,HHFURNSH,All CUs,1988,1083.0,
CXUHHFURNSHLB0401M,HHFURNSH,All CUs,1989,1086.0,
CXUHHFURNSHLB0401M,HHFURNSH,All CUs,1990,1125.0,
CXUHHFURNSHLB0401M,HHFURNSH,All CUs,1991,1200.0,
CXUHHFURNSHLB0401M,HHFURNSH,All CUs,1992,1162.0,
CXUHHFURNSHLB0401M,HHFURNSH,All CUs,1993,1230.0,
CXUHHFURNSHLB0401M,HHFURNSH,All CUs,1994,1348.0,
CXUHHFURNSHLB0401M,HHFURNSH,All CUs,1995,1401.0,
CXUHHFURNSHLB0401M,HHFURNSH,All CUs,1996,1350.0,
CXUHHFURNSHLB0401M,HHFURNSH,All CUs,1997,1512.0,
CXUHHFURNSHLB0401M,HHFURNSH,All CUs,1998,1601.0,
CXUHHFURNSHLB0401M,HHFURNSH,All CUs,1999,1499.0,
CXUHHFURNSHLB0401M,HHFURNSH,All CUs,2000,1549.0,
CXUHHFURNSHLB0401M,HHFURNSH,All CUs,2001,1458.0,
CXUHHFURNSHLB0401M,HHFURNSH,All CUs,2002,1518.0,
CXUHHFURNSHLB0401M,HHFURNSH,All CUs,2003,1497.0,
CXUHHFURNSHLB0401M,HHFURNSH,All CUs,2004,1646.0,
CXUHHFURNSHLB0401M,HHFURNSH,All CUs,2005,1767.0,
CXUHHFURNSHLB0401M,HHFURNSH,All CUs,2006,1708.0,
CXUHHFURNSHLB0401M,HHFURNSH,All CUs,2007,1797.0,
CXUHHFURNSHLB0401M,HHFURNSH,All CUs,2008,1624.0,
CXUHHFURNSHLB0401M,HHFURNSH,All CUs,2009,1506.0,
CXUHHFURNSHLB0401M,HHFURNSH,All CUs,2010,1467.0,
CXUHHFURNSHLB0401M,HHFURNSH,All CUs,2011,1514.0,
CXUHHFURNSHLB0401M,HHFURNSH,All CUs,2012,1580.0,
CXUHHFURNSHLB0401M,HHFURNSH,All CUs,2013,1542.0,
CXUHHFURNSHLB0401M,HHFURNSH,All CUs,2014,1581.0,
CXUHHFURNSHLB0401M,HHFURNSH,All CUs,2015,1818.0,
CXUHHFURNSHLB0401M,HHFURNSH,All CUs,2016,1829.0,
CXUHHFURNSHLB0401M,HHFURNSH,All CUs,2017,1987.0,
CXUHHFURNSHLB0401M,HHFURNSH,All CUs,2018,2025.0,
CXUHHFURNSHLB0401M,HHFURNSH,All CUs,2019,2098.0,
CXUHHFURNSHLB0401M,HHFURNSH,All CUs,2020,2346.0,
CXUHHFURNSHLB0401M,HHFURNSH,All CUs,2021,2701.0,
CXUHHFURNSHLB0401M,HHFURNSH,All CUs,2022,2606.0,
CXUHHFURNSHLB0401M,HHFURNSH,All CUs,2023,2508.0,
CXUHHFURNSHLB0401M,HHFURNSH,All CUs,2024,2414.0,
CXUHHFURNSHLB0402M,HHFURNSH,Under 25,1984,499.0,
CXUHHFURNSHLB0402M,HHFURNSH,Under 25,1985,467.0,
CXUHHFURNSHLB0402M,HHFURNSH,Under 25,1986,501.0,
CXUHHFURNSHLB0402M,HHFURNSH,Under 25,1987,519.0,
CXUHHFURNSHLB0402M,HHFURNSH,Under 25,1988,539.0,
CXUHHFURNSHLB0402M,HHFURNSH,Under 25,1989,575.0,
CXUHHFURNSHLB0402M,HHFURNSH,Under 25,1990,601.0,
CXUHHFURNSHLB0402M,HHFURNSH,Under 25,1991,521.0,
CXUHHFURNSHLB0402M,HHFURNSH,Under 25,1992,652.0,
CXUHHFURNSHLB0402M,HHFURNSH,Under 25,1993,600.0,
CXUHHFURNSHLB0402M,HHFURNSH,Under 25,1994,544.0,
CXUHHFURNSHLB0402M,HHFURNSH,Under 25,1995,792.0,
CXUHHFURNSHLB0402M,HHFURNSH,Under 25,1996,635.0,
CXUHHFURNSHLB0402M,HHFURNSH,Under 25,1997,759.0,
CXUHHFURNSHLB0402M,HHFURNSH,Under 25,1998,826.0,
CXUHHFURNSHLB0402M,HHFURNSH,Under 25,1999,877.0,
CXUHHFURNSHLB0402M,HHFURNSH,Under 25,2000,867.0,
CXUHHFURNSHLB0402M,HHFURNSH,Under 25,2001,902.0,
CXUHHFURNSHLB0402M,HHFURNSH,Under 25,2002,812.0,
CXUHHFURNSHLB0402M,HHFURNSH,Under 25,2003,737.0,
CXUHHFURNSHLB0402M,HHFURNSH,Under 25,2004,812.0,
CXUHHFURNSHLB0402M,HHFURNSH,Under 25,2005,1018.0,
CXUHHFURNSHLB0402M,HHFURNSH,Under 25,2006,982.0,
CXUHHFURNSHLB0402M,HHFURNSH,Under 25,2007,925.0,
CXUHHFURNSHLB0402M,HHFURNSH,Under 25,2008,942.0,
CXUHHFURNSHLB0402M,HHFURNSH,Under 25,2009,929.0,
CXUHHFURNSHLB0402M,HHFURNSH,Under 25,2010,874.0,
CXUHHFURNSHLB0402M,HHFURNSH,Under 25,2011,858.0,
CXUHHFURNSHLB0402M,HHFURNSH,Under 25,2012,952.0,
CXUHHFURNSHLB0402M,HHFURNSH,Under 25,2013,842.0,
CXUHHFURNSHLB0402M,HHFURNSH,Under 25,2014,939.0,
CXUHHFURNSHLB0402M,HHFURNSH,Under 25,2015,1119.0,
CXUHHFURNSHLB0402M,HHFURNSH,Under 25,2016,1072.0,
CXUHHFURNSHLB0402M,HHFURNSH,Under 25,2017,1005.0,
CXUHHFURNSHLB0402M,HHFURNSH,Under 25,2018,994.0,
CXUHHFURNSHLB0402M,HHFURNSH,Under 25,2019,1140.0,
CXUHHFURNSHLB0402M,HHFURNSH,Under 25,2020,1628.0,
CXUHHFURNSHLB0402M,HHFURNSH,Under 25,2021,1751.0,
CXUHHFURNSHLB0402M,HHFURNSH,Under 25,2022,1377.0,
CXUHHFURNSHLB0402M,HHFURNSH,Under 25,2023,1471.0,
CXUHHFURNSHLB0402M,HHFURNSH,Under 25,2024,1543.0,
CXUHHOPERLB0403M,HHOPER,25-34,1984,412.0,
CXUHHOPERLB0403M,HHOPER,25-34,1985,439.0,
CXUHHOPERLB0403M,HHOPER,25-34,1986,456.0,
CXUHHOPERLB0403M,HHOPER,25-34,1987,467.0,
CXUHHOPERLB0403M,HHOPER,25-34,1988,483.0,
CXUHHOPERLB0403M,HHOPER,25-34,1989,601.0,
CXUHHOPERLB0403M,HHOPER,25-34,1990,568.0,
CXUHHOPERLB0403M,HHOPER,25-34,1991,545.0,
CXUHHOPERLB0403M,HHOPER,25-34,1992,579.0,
CXUHHOPERLB0403M,HHOPER,25-34,1993,514.0,
CXUHHOPERLB0403M,HHOPER,25-34,1994,568.0,
CXUHHOPERLB0403M,HHOPER,25-34,1995,701.0,
CXUHHOPERLB0403M,HHOPER,25-34,1996,663.0,
CXUHHOPERLB0403M,HHOPER,25-34,1997,659.0,
CXUHHOPERLB0403M,HHOPER,25-34,1998,679.0,
CXUHHOPERLB0403M,HHOPER,25-34,1999,772.0,
CXUHHOPERLB0403M,HHOPER,25-34,2000,871.0,
CXUHHOPERLB0403M,HHOPER,25-34,2001,775.0,
CXUHHOPERLB0403M,HHOPER,25-34,2002,895.0,
CXUHHOPERLB0403M,HHOPER,25-34,2003,872.0,
CXUHHOPERLB0403M,HHOPER,25-34,2004,915.0,
CXUHHOPERLB0403M,HHOPER,25-34,2005,1004.0,
CXUHHOPERLB0403M,HHOPER,25-34,2006,1130.0,
CXUHHOPERLB0403M,HHOPER,25-34,2007,1175.0,
CXUHHOPERLB0403M,HHOPER,25-34,2008,1137.0,
CXUHHOPERLB0403M,HHOPER,25-34,2009,1231.0,
CXUHHOPERLB0403M,HHOPER,25-34,2010,1244.0,
CXUHHOPERLB0403M,HHOPER,25-34,2011,1359.0,
CXUHHOPERLB0403M,HHOPER,25-34,2012,1338.0,
CXUHHOPERLB0403M,HHOPER,25-34,2013,1404.0,
CXUHHOPERLB0403M,HHOPER,25-34,2014,1433.0,
CXUHHOPERLB0403M,HHOPER,25-34,2015,1688.0,
CXUHHOPERLB0403M,HHOPER,25-34,2016,1539.0,
CXUHHOPERLB0403M,HHOPER,25-34,2017,1617.0,
CXUHHOPERLB0403M,HHOPER,25-34,2018,1681.0,
CXUHHOPERLB0403M,HHOPER,25-34,2019,1718.0,
CXUHHOPERLB0403M,HHOPER,25-34,2020,1502.0,
CXUHHOPERLB0403M,HHOPER,25-34,2021,1726.0,
CXUHHOPERLB0403M,HHOPER,25-34,2022,2022.0,
CXUHHOPERLB0403M,HHOPER,25-34,2023,2032.0,
CXUHHOPERLB0403M,HHOPER,25-34,2024,1902.0,
CXUHHOPERLB0404M,HHOPER,35-44,1984,390.0,
CXUHHOPERLB0404M,HHOPER,35-44,1985,449.0,
CXUHHOPERLB0404M,HHOPER,35-44,1986,483.0,
CXUHHOPERLB0404M,HHOPER,35-44,1987,543.0,
CXUHHOPERLB0404M,HHOPER,35-44,1988,528.0,
CXUHHOPERLB0404M,HHOPER,35-44,1989,592.0,
CXUHHOPERLB0404M,HHOPER,35-44,1990,610.0,
CXUHHOPERLB0404M,HHOPER,35-44,1991,573.0,
CXUHHOPERLB0404M,HHOPER,35-44,1992,664.0,
CXUHHOPERLB0404M,HHOPER,35-44,1993,671.0,
CXUHHOPERLB0404M,HHOPER,35-44,1994,673.0,
CXUHHOPERLB0404M,HHOPER,35-44,1995,604.0,
CXUHHOPERLB0404M,HHOPER,35-44,1996,694.0,
CXUHHOPERLB0404M,HHOPER,35-44,1997,724.0,
CXUHHOPERLB0404M,HHOPER,35-44,1998,727.0,
CXUHHOPERLB0404M,HHOPER,35-44,1999,830.0,
CXUHHOPERLB0404M,HHOPER,35-44,2000,896.0,
CXUHHOPERLB0404M,HHOPER,35-44,2001,942.0,
CXUHHOPERLB0404M,HHOPER,35-44,2002,1010.0,
CXUHHOPERLB0404M,HHOPER,35-44,2003,949.0,
CXUHHOPERLB0404M,HHOPER,35-44,2004,992.0,
CXUHHOPERLB0404M,HHOPER,35-44,2005,1145.0,
CXUHHOPERLB0404M,HHOPER,35-44,2006,1380.0,
CXUHHOPERLB0404M,HHOPER,35-44,2007,1422.0,
CXUHHOPERLB0404M,HHOPER,35-44,2008,1376.0,
CXUHHOPERLB0404M,HHOPER,35-44,2009,1377.0,
CXUHHOPERLB0404M,HHOPER,35-44,2010,1414.0,
CXUHHOPERLB0404M,HHOPER,35-44,2011,1494.0,
CXUHHOPERLB0404M,HHOPER,35-44,2012,1559.0,
CXUHHOPERLB0404M,HHOPER,35-44,2013,1612.0,
CXUHHOPERLB0404M,HHOPER,35-44,2014,1722.0,
CXUHHOPERLB0404M,HHOPER,35-44,2015,1979.0,
CXUHHOPERLB0404M,HHOPER,35-44,2016,2206.0,
CXUHHOPERLB0404M,HHOPER,35-44,2017,2100.0,
CXUHHOPERLB0404M,HHOPER,35-44,2018,2227.0,
CXUHHOPERLB0404M,HHOPER,35-44,2019,2390.0,
CXUHHOPERLB0404M,HHOPER,35-44,2020,2165.0,
CXUHHOPERLB0404M,HHOPER,35-44,2021,2439.0,
CXUHHOPERLB0404M,HHOPER,35-44,2022,2862.0,
CXUHHOPERLB0404M,HHOPER,35-44,2023,3011.0,
CXUHHOPERLB0404M,HHOPER,35-44,2024,2907.0,
CXUHHOPERLB0405M,HHOPER,45-54,1984,299.0,
CXUHHOPERLB0405M,HHOPER,45-54,1985,299.0,
CXUHHOPERLB0405M,HHOPER,45-54,1986,264.0,
CXUHHOPERLB0405M,HHOPER,45-54,1987,291.0,
CXUHHOPERLB0405M,HHOPER,45-54,1988,349.0,
CXUHHOPERLB0405M,HHOPER,45-54,1989,409.0,
CXUHHOPERLB0405M,HHOPER,45-54,1990,315.0,
CXUHHOPERLB0405M,HHOPER,45-54,1991,386.0,
CXUHHOPERLB0405M,HHOPER,45-54,1992,393.0,
CXUHHOPERLB0405M,HHOPER,45-54,1993,408.0,
CXUHHOPERLB0405M,HHOPER,45-54,1994,416.0,
CXUHHOPERLB0405M,HHOPER,45-54,1995,446.0,
CXUHHOPERLB0405M,HHOPER,45-54,1996,448.0,
CXUHHOPERLB0405M,HHOPER,45-54,1997,554.0,
CXUHHOPERLB0405M,HHOPER,45-54,1998,498.0,
CXUHHOPERLB0405M,HHOPER,45-54,1999,606.0,
CXUHHOPERLB0405M,HHOPER,45-54,2000,583.0,
CXUHHOPERLB0405M,HHOPER,45-54,2001,570.0,
CXUHHOPERLB0405M,HHOPER,45-54,2002,613.0,
CXUHHOPERLB0405M,HHOPER,45-54,2003,633.0,
CXUHHOPERLB0405M,HHOPER,45-54,2004,693.0,
CXUHHOPERLB0405M,HHOPER,45-54,2005,668.0,
CXUHHOPERLB0405M,HHOPER,45-54,2006,793.0,
CXUHHOPERLB0405M,HHOPER,45-54,2007,867.0,
CXUHHOPERLB0405M,HHOPER,45-54,2008,964.0,
CXUHHOPERLB0405M,HHOPER,45-54,2009,964.0,
CXUHHOPERLB0405M,HHOPER,45-54,2010,935.0,
CXUHHOPERLB0405M,HHOPER,45-54,2011,969.0,
CXUHHOPERLB0405M,HHOPER,45-54,2012,1080.0,
CXUHHOPERLB0405M,HHOPER,45-54,2013,1020.0,
CXUHHOPERLB0405M,HHOPER,45-54,2014,1076.0,
CXUHHOPERLB0405M,HHOPER,45-54,2015,1237.0,
CXUHHOPERLB0405M,HHOPER,45-54,2016,1227.0,
CXUHHOPERLB0405M,HHOPER,45-54,2017,1390.0,
CXUHHOPERLB0405M,HHOPER,45-54,2018,1545.0,
CXUHHOPERLB0405M,HHOPER,45-54,2019,1524.0,
CXUHHOPERLB0405M,HHOPER,45-54,2020,1499.0,
CXUHHOPERLB0405M,HHOPER,45-54,2021,1625.0,
CXUHHOPERLB0405M,HHOPER,45-54,2022,1738.0,
CXUHHOPERLB0405M,HHOPER,45-54,2023,1879.0,
CXUHHOPERLB0405M,HHOPER,45-54,2024,2038.0,
CXUHHOPERLB0406M,HHOPER,55-64,1984,264.0,
CXUHHOPERLB0406M,HHOPER,55-64,1985,267.0,
CXUHHOPERLB0406M,HHOPER,55-64,1986,299.0,
CXUHHOPERLB0406M,HHOPER,55-64,1987,280.0,
CXUHHOPERLB0406M,HHOPER,55-64,1988,327.0,
CXUHHOPERLB0406M,HHOPER,55-64,1989,347.0,
CXUHHOPERLB0406M,HHOPER,55-64,1990,386.0,
CXUHHOPERLB0406M,HHOPER,55-64,1991,388.0,
CXUHHOPERLB0406M,HHOPER,55-64,1992,374.0,
CXUHHOPERLB0406M,HHOPER,55-64,1993,377.0,
CXUHHOPERLB0406M,HHOPER,55-64,1994,404.0,
CXUHHOPERLB0406M,HHOPER,55-64,1995,375.0,
CXUHHOPERLB0406M,HHOPER,55-64,1996,371.0,
CXUHHOPERLB0406M,HHOPER,55-64,1997,402.0,
CXUHHOPERLB0406M,HHOPER,55-64,1998,433.0,
CXUHHOPERLB0406M,HHOPER,55-64,1999,476.0,
CXUHHOPERLB0406M,HHOPER,55-64,2000,542.0,
CXUHHOPERLB0406M,HHOPER,55-64,2001,491.0,
CXUHHOPERLB0406M,HHOPER,55-64,2002,561.0,
CXUHHOPERLB0406M,HHOPER,55-64,2003,604.0,
CXUHHOPERLB0406M,HHOPER,55-64,2004,645.0,
CXUHHOPERLB0406M,HHOPER,55-64,2005,689.0,
CXUHHOPERLB0406M,HHOPER,55-64,2006,934.0,
CXUHHOPERLB0406M,HHOPER,55-64,2007,860.0,
CXUHHOPERLB0406M,HHOPER,55-64,2008,879.0,
CXUHHOPERLB0406M,HHOPER,55-64,2009,871.0,
CXUHHOPERLB0406M,HHOPER,55-64,2010,882.0,
CXUHHOPERLB0406M,HHOPER,55-64,2011,958.0,
CXUHHOPERLB0406M,HHOPER,55-64,2012,1029.0,
CXUHHOPERLB0406M,HHOPER,55-64,2013,1034.0,
CXUHHOPERLB0406M,HHOPER,55-64,2014,951.0,
CXUHHOPERLB0406M,HHOPER,55-64,2015,948.0,
CXUHHOPERLB0406M,HHOPER,55-64,2016,1082.0,
CXUHHOPERLB0406M,HHOPER,55-64,2017,1166.0,
CXUHHOPERLB0406M,HHOPER,55-64,2018,1268.0,
CXUHHOPERLB0406M,HHOPER,55-64,2019,1232.0,
CXUHHOPERLB0406M,HHOPER,55-64,2020,1262.0,
CXUHHOPERLB0406M,HHOPER,55-64,2021,1398.0,
CXUHHOPERLB0406M,HHOPER,55-64,2022,1532.0,
CXUHHOPERLB0406M,HHOPER,55-64,2023,1640.0,
CXUHHOPERLB0406M,HHOPER,55-64,2024,1536.0,
CXUHHOPERLB0407M,HHOPER,65+,1988,324.0,
CXUHHOPERLB0407M,HHOPER,65+,1989,412.0,
CXUHHOPERLB0407M,HHOPER,65+,1990,394.0,
CXUHHOPERLB0407M,HHOPER,65+,1991,413.0,
CXUHHOPERLB0407M,HHOPER,65+,1992,474.0,
CXUHHOPERLB0407M,HHOPER,65+,1993,433.0,
CXUHHOPERLB0407M,HHOPER,65+,1994,435.0,
CXUHHOPERLB0407M,HHOPER,65+,1995,465.0,
CXUHHOPERLB0407M,HHOPER,65+,1996,495.0,
CXUHHOPERLB0407M,HHOPER,65+,1997,452.0,
CXUHHOPERLB0407M,HHOPER,65+,1998,464.0,
CXUHHOPERLB0407M,HHOPER,65+,1999,746.0,
CXUHHOPERLB0407M,HHOPER,65+,2000,661.0,
CXUHHOPERLB0407M,HHOPER,65+,2001,700.0,
CXUHHOPERLB0407M,HHOPER,65+,2002,602.0,
CXUHHOPERLB0407M,HHOPER,65+,2003,635.0,
CXUHHOPERLB0407M,HHOPER,65+,2004,694.0,
CXUHHOPERLB0407M,HHOPER,65+,2005,650.0,
CXUHHOPERLB0407M,HHOPER,65+,2006,720.0,
CXUHHOPERLB0407M,HHOPER,65+,2007,825.0,
CXUHHOPERLB0407M,HHOPER,65+,2008,884.0,
CXUHHOPERLB0407M,HHOPER,65+,2009,876.0,
CXUHHOPERLB0407M,HHOPER,65+,2010,827.0,
CXUHHOPERLB0407M,HHOPER,65+,2011,1093.0,
CXUHHOPERLB0407M,HHOPER,65+,2012,1076.0,
CXUHHOPERLB0407M,HHOPER,65+,2013,1007.0,
CXUHHOPERLB0407M,HHOPER,65+,2014,1048.0,
CXUHHOPERLB0407M,HHOPER,65+,2015,1122.0,
CXUHHOPERLB0407M,HHOPER,65+,2016,1279.0,
CXUHHOPERLB0407M,HHOPER,65+,2017,1235.0,
CXUHHOPERLB0407M,HHOPER,65+,2018,1361.0,
CXUHHOPERLB0407M,HHOPER,65+,2019,1418.0,
CXUHHOPERLB0407M,HHOPER,65+,2020,1240.0,
CXUHHOPERLB0407M,HHOPER,65+,2021,1442.0,
CXUHHOPERLB0407M,HHOPER,65+,2022,1578.0,
CXUHHOPERLB0407M,HHOPER,65+,2023,1770.0,
CXUHHOPERLB0407M,HHOPER,65+,2024,1706.0,
CXUHHOPERLB0408M,HHOPER,65-74,1984,252.0,
CXUHHOPERLB0408M,HHOPER,65-74,1985,282.0,
CXUHHOPERLB0408M,HHOPER,65-74,1986,253.0,
CXUHHOPERLB0408M,HHOPER,65-74,1987,314.0,
CXUHHOPERLB0408M,HHOPER,65-74,1988,306.0,
CXUHHOPERLB0408M,HHOPER,65-74,1989,370.0,
CXUHHOPERLB0408M,HHOPER,65-74,1990,342.0,
CXUHHOPERLB0408M,HHOPER,65-74,1991,281.0,
CXUHHOPERLB0408M,HHOPER,65-74,1992,334.0,
CXUHHOPERLB0408M,HHOPER,65-74,1993,308.0,
CXUHHOPERLB0408M,HHOPER,65-74,1994,385.0,
CXUHHOPERLB0408M,HHOPER,65-74,1995,342.0,
CXUHHOPERLB0408M,HHOPER,65-74,1996,419.0,
CXUHHOPERLB0408M,HHOPER,65-74,1997,392.0,
CXUHHOPERLB0408M,HHOPER,65-74,1998,387.0,
CXUHHOPERLB0408M,HHOPER,65-74,1999,458.0,
CXUHHOPERLB0408M,HHOPER,65-74,2000,498.0,
CXUHHOPERLB0408M,HHOPER,65-74,2001,723.0,
CXUHHOPERLB0408M,HHOPER,65-74,2002,486.0,
CXUHHOPERLB0408M,HHOPER,65-74,2003,504.0,
CXUHHOPERLB0408M,HHOPER,65-74,2004,522.0,
CXUHHOPERLB0408M,HHOPER,65-74,2005,677.0,
CXUHHOPERLB0408M,HHOPER,65-74,2006,718.0,
CXUHHOPERLB0408M,HHOPER,65-74,2007,715.0,
CXUHHOPERLB0408M,HHOPER,65-74,2008,750.0,
CXUHHOPERLB0408M,HHOPER,65-74,2009,801.0,
CXUHHOPERLB0408M,HHOPER,65-74,2010,868.0,
CXUHHOPERLB0408M,HHOPER,65-74,2011,952.0,
CXUHHOPERLB0408M,HHOPER,65-74,2012,1004.0,
CXUHHOPERLB0408M,HHOPER,65-74,2013,984.0,
CXUHHOPERLB0408M,HHOPER,65-74,2014,939.0,
CXUHHOPERLB0408M,HHOPER,65-74,2015,1082.0,
CXUHHOPERLB0408M,HHOPER,65-74,2016,1238.0,
CXUHHOPERLB0408M,HHOPER,65-74,2017,1244.0,
CXUHHOPERLB0408M,HHOPER,65-74,2018,1342.0,
CXUHHOPERLB0408M,HHOPER,65-74,2019,1333.0,
CXUHHOPERLB0408M,HHOPER,65-74,2020,1227.0,
CXUHHOPERLB0408M,HHOPER,65-74,2021,1432.0,
CXUHHOPERLB0408M,HHOPER,65-74,2022,1516.0,
CXUHHOPERLB0408M,HHOPER,65-74,2023,1724.0,
CXUHHOPERLB0408M,HHOPER,65-74,2024,1484.0,
CXUHHOPERLB0409M,HHOPER,75+,1984,333.0,
CXUHHOPERLB0409M,HHOPER,75+,1985,423.0,
CXUHHOPERLB0409M,HHOPER,75+,1986,379.0,
CXUHHOPERLB0409M,HHOPER,75+,1987,321.0,
CXUHHOPERLB0409M,HHOPER,75+,1988,349.0,
CXUHHOPERLB0409M,HHOPER,75+,1989,471.0,
CXUHHOPERLB0409M,HHOPER,75+,1990,460.0,
CXUHHOPERLB0409M,HHOPER,75+,1991,592.0,
CXUHHOPERLB0409M,HHOPER,75+,1992,646.0,
CXUHHOPERLB0409M,HHOPER,75+,1993,584.0,
CXUHHOPERLB0409M,HHOPER,75+,1994,500.0,
CXUHHOPERLB0409M,HHOPER,75+,1995,614.0,
CXUHHOPERLB0409M,HHOPER,75+,1996,587.0,
CXUHHOPERLB0409M,HHOPER,75+,1997,526.0,
CXUHHOPERLB0409M,HHOPER,75+,1998,556.0,
CXUHHOPERLB0409M,HHOPER,75+,1999,1065.0,
CXUHHOPERLB0409M,HHOPER,75+,2000,839.0,
CXUHHOPERLB0409M,HHOPER,75+,2001,675.0,
CXUHHOPERLB0409M,HHOPER,75+,2002,723.0,
CXUHHOPERLB0409M,HHOPER,75+,2003,768.0,
CXUHHOPERLB0409M,HHOPER,75+,2004,861.0,
CXUHHOPERLB0409M,HHOPER,75+,2005,623.0,
CXUHHOPERLB0409M,HHOPER,75+,2006,722.0,
CXUHHOPERLB0409M,HHOPER,75+,2007,941.0,
CXUHHOPERLB0409M,HHOPER,75+,2008,1032.0,
CXUHHOPERLB0409M,HHOPER,75+,2009,957.0,
CXUHHOPERLB0409M,HHOPER,75+,2010,779.0,
CXUHHOPERLB0409M,HHOPER,75+,2011,1261.0,
CXUHHOPERLB0409M,HHOPER,75+,2012,1164.0,
CXUHHOPERLB0409M,HHOPER,75+,2013,1037.0,
CXUHHOPERLB0409M,HHOPER,75+,2014,1192.0,
CXUHHOPERLB0409M,HHOPER,75+,2015,1176.0,
CXUHHOPERLB0409M,HHOPER,75+,2016,1337.0,
CXUHHOPERLB0409M,HHOPER,75+,2017,1221.0,
CXUHHOPERLB0409M,HHOPER,75+,2018,1387.0,
CXUHHOPERLB0409M,HHOPER,75+,2019,1532.0,
CXUHHOPERLB0409M,HHOPER,75+,2020,1259.0,
CXUHHOPERLB0409M,HHOPER,75+,2021,1457.0,
CXUHHOPERLB0409M,HHOPER,75+,2022,1666.0,
CXUHHOPERLB0409M,HHOPER,75+,2023,1835.0,
CXUHHOPERLB0409M,HHOPER,75+,2024,2022.0,
CXUHHOPERLB0401M,HHOPER,All CUs,1984,315.0,
CXUHHOPERLB0401M,HHOPER,All CUs,1985,346.0,
CXUHHOPERLB0401M,HHOPER,All CUs,1986,354.0,
CXUHHOPERLB0401M,HHOPER,All CUs,1987,371.0,
CXUHHOPERLB0401M,HHOPER,All CUs,1988,394.0,
CXUHHOPERLB0401M,HHOPER,All CUs,1989,460.0,
CXUHHOPERLB0401M,HHOPER,All CUs,1990,446.0,
CXUHHOPERLB0401M,HHOPER,All CUs,1991,448.0,
CXUHHOPERLB0401M,HHOPER,All CUs,1992,487.0,
CXUHHOPERLB0401M,HHOPER,All CUs,1993,469.0,
CXUHHOPERLB0401M,HHOPER,All CUs,1994,490.0,
CXUHHOPERLB0401M,HHOPER,All CUs,1995,509.0,
CXUHHOPERLB0401M,HHOPER,All CUs,1996,522.0,
CXUHHOPERLB0401M,HHOPER,All CUs,1997,548.0,
CXUHHOPERLB0401M,HHOPER,All CUs,1998,546.0,
CXUHHOPERLB0401M,HHOPER,All CUs,1999,666.0,
CXUHHOPERLB0401M,HHOPER,All CUs,2000,684.0,
CXUHHOPERLB0401M,HHOPER,All CUs,2001,676.0,
CXUHHOPERLB0401M,HHOPER,All CUs,2002,706.0,
CXUHHOPERLB0401M,HHOPER,All CUs,2003,707.0,
CXUHHOPERLB0401M,HHOPER,All CUs,2004,753.0,
CXUHHOPERLB0401M,HHOPER,All CUs,2005,801.0,
CXUHHOPERLB0401M,HHOPER,All CUs,2006,948.0,
CXUHHOPERLB0401M,HHOPER,All CUs,2007,984.0,
CXUHHOPERLB0401M,HHOPER,All CUs,2008,998.0,
CXUHHOPERLB0401M,HHOPER,All CUs,2009,1011.0,
CXUHHOPERLB0401M,HHOPER,All CUs,2010,1007.0,
CXUHHOPERLB0401M,HHOPER,All CUs,2011,1122.0,
CXUHHOPERLB0401M,HHOPER,All CUs,2012,1159.0,
CXUHHOPERLB0401M,HHOPER,All CUs,2013,1144.0,
CXUHHOPERLB0401M,HHOPER,All CUs,2014,1174.0,
CXUHHOPERLB0401M,HHOPER,All CUs,2015,1309.0,
CXUHHOPERLB0401M,HHOPER,All CUs,2016,1384.0,
CXUHHOPERLB0401M,HHOPER,All CUs,2017,1412.0,
CXUHHOPERLB0401M,HHOPER,All CUs,2018,1522.0,
CXUHHOPERLB0401M,HHOPER,All CUs,2019,1570.0,
CXUHHOPERLB0401M,HHOPER,All CUs,2020,1465.0,
CXUHHOPERLB0401M,HHOPER,All CUs,2021,1638.0,
CXUHHOPERLB0401M,HHOPER,All CUs,2022,1849.0,
CXUHHOPERLB0401M,HHOPER,All CUs,2023,1985.0,
CXUHHOPERLB0401M,HHOPER,All CUs,2024,1921.0,
CXUHHOPERLB0402M,HHOPER,Under 25,1984,116.0,
CXUHHOPERLB0402M,HHOPER,Under 25,1985,99.0,
CXUHHOPERLB0402M,HHOPER,Under 25,1986,149.0,
CXUHHOPERLB0402M,HHOPER,Under 25,1987,126.0,
CXUHHOPERLB0402M,HHOPER,Under 25,1988,141.0,
CXUHHOPERLB0402M,HHOPER,Under 25,1989,121.0,
CXUHHOPERLB0402M,HHOPER,Under 25,1990,146.0,
CXUHHOPERLB0402M,HHOPER,Under 25,1991,145.0,
CXUHHOPERLB0402M,HHOPER,Under 25,1992,141.0,
CXUHHOPERLB0402M,HHOPER,Under 25,1993,156.0,
CXUHHOPERLB0402M,HHOPER,Under 25,1994,188.0,
CXUHHOPERLB0402M,HHOPER,Under 25,1995,200.0,
CXUHHOPERLB0402M,HHOPER,Under 25,1996,144.0,
CXUHHOPERLB0402M,HHOPER,Under 25,1997,191.0,
CXUHHOPERLB0402M,HHOPER,Under 25,1998,196.0,
CXUHHOPERLB0402M,HHOPER,Under 25,1999,181.0,
CXUHHOPERLB0402M,HHOPER,Under 25,2000,226.0,
CXUHHOPERLB0402M,HHOPER,Under 25,2001,237.0,
CXUHHOPERLB0402M,HHOPER,Under 25,2002,198.0,
CXUHHOPERLB0402M,HHOPER,Under 25,2003,230.0,
CXUHHOPERLB0402M,HHOPER,Under 25,2004,270.0,
CXUHHOPERLB0402M,HHOPER,Under 25,2005,387.0,
CXUHHOPERLB0402M,HHOPER,Under 25,2006,374.0,
CXUHHOPERLB0402M,HHOPER,Under 25,2007,363.0,
CXUHHOPERLB0402M,HHOPER,Under 25,2008,326.0,
CXUHHOPERLB0402M,HHOPER,Under 25,2009,370.0,
CXUHHOPERLB0402M,HHOPER,Under 25,2010,416.0,
CXUHHOPERLB0402M,HHOPER,Under 25,2011,505.0,
CXUHHOPERLB0402M,HHOPER,Under 25,2012,538.0,
CXUHHOPERLB0402M,HHOPER,Under 25,2013,428.0,
CXUHHOPERLB0402M,HHOPER,Under 25,2014,450.0,
CXUHHOPERLB0402M,HHOPER,Under 25,2015,472.0,
CXUHHOPERLB0402M,HHOPER,Under 25,2016,513.0,
CXUHHOPERLB0402M,HHOPER,Under 25,2017,528.0,
CXUHHOPERLB0402M,HHOPER,Under 25,2018,490.0,
CXUHHOPERLB0402M,HHOPER,Under 25,2019,630.0,
CXUHHOPERLB0402M,HHOPER,Under 25,2020,638.0,
CXUHHOPERLB0402M,HHOPER,Under 25,2021,605.0,
CXUHHOPERLB0402M,HHOPER,Under 25,2022,835.0,
CXUHHOPERLB0402M,HHOPER,Under 25,2023,894.0,
CXUHHOPERLB0402M,HHOPER,Under 25,2024,620.0,
CXUHLTHINSRLB0403M,HLTHINSR,25-34,1984,248.0,
CXUHLTHINSRLB0403M,HLTHINSR,25-34,1985,235.0,
CXUHLTHINSRLB0403M,HLTHINSR,25-34,1986,230.0,
CXUHLTHINSRLB0403M,HLTHINSR,25-34,1987,247.0,
CXUHLTHINSRLB0403M,HLTHINSR,25-34,1988,279.0,
CXUHLTHINSRLB0403M,HLTHINSR,25-34,1989,320.0,
CXUHLTHINSRLB0403M,HLTHINSR,25-34,1990,391.0,
CXUHLTHINSRLB0403M,HLTHINSR,25-34,1991,417.0,
CXUHLTHINSRLB0403M,HLTHINSR,25-34,1992,463.0,
CXUHLTHINSRLB0403M,HLTHINSR,25-34,1993,487.0,
CXUHLTHINSRLB0403M,HLTHINSR,25-34,1994,479.0,
CXUHLTHINSRLB0403M,HLTHINSR,25-34,1995,517.0,
CXUHLTHINSRLB0403M,HLTHINSR,25-34,1996,555.0,
CXUHLTHINSRLB0403M,HLTHINSR,25-34,1997,577.0,
CXUHLTHINSRLB0403M,HLTHINSR,25-34,1998,604.0,
CXUHLTHINSRLB0403M,HLTHINSR,25-34,1999,597.0,
CXUHLTHINSRLB0403M,HLTHINSR,25-34,2000,640.0,
CXUHLTHINSRLB0403M,HLTHINSR,25-34,2001,695.0,
CXUHLTHINSRLB0403M,HLTHINSR,25-34,2002,762.0,
CXUHLTHINSRLB0403M,HLTHINSR,25-34,2003,810.0,
CXUHLTHINSRLB0403M,HLTHINSR,25-34,2004,842.0,
CXUHLTHINSRLB0403M,HLTHINSR,25-34,2005,822.0,
CXUHLTHINSRLB0403M,HLTHINSR,25-34,2006,883.0,
CXUHLTHINSRLB0403M,HLTHINSR,25-34,2007,918.0,
CXUHLTHINSRLB0403M,HLTHINSR,25-34,2008,983.0,
CXUHLTHINSRLB0403M,HLTHINSR,25-34,2009,1083.0,
CXUHLTHINSRLB0403M,HLTHINSR,25-34,2010,1086.0,
CXUHLTHINSRLB0403M,HLTHINSR,25-34,2011,1237.0,
CXUHLTHINSRLB0403M,HLTHINSR,25-34,2012,1227.0,
CXUHLTHINSRLB0403M,HLTHINSR,25-34,2013,1334.0,
CXUHLTHINSRLB0403M,HLTHINSR,25-34,2014,1910.0,
CXUHLTHINSRLB0403M,HLTHINSR,25-34,2015,1999.0,
CXUHLTHINSRLB0403M,HLTHINSR,25-34,2016,1989.0,
CXUHLTHINSRLB0403M,HLTHINSR,25-34,2017,2261.0,
CXUHLTHINSRLB0403M,HLTHINSR,25-34,2018,2182.0,
CXUHLTHINSRLB0403M,HLTHINSR,25-34,2019,2196.0,
CXUHLTHINSRLB0403M,HLTHINSR,25-34,2020,2412.0,
CXUHLTHINSRLB0403M,HLTHINSR,25-34,2021,2298.0,
CXUHLTHINSRLB0403M,HLTHINSR,25-34,2022,2326.0,
CXUHLTHINSRLB0403M,HLTHINSR,25-34,2023,2291.0,
CXUHLTHINSRLB0403M,HLTHINSR,25-34,2024,2613.0,
CXUHLTHINSRLB0404M,HLTHINSR,35-44,1984,303.0,
CXUHLTHINSRLB0404M,HLTHINSR,35-44,1985,296.0,
CXUHLTHINSRLB0404M,HLTHINSR,35-44,1986,313.0,
CXUHLTHINSRLB0404M,HLTHINSR,35-44,1987,323.0,
CXUHLTHINSRLB0404M,HLTHINSR,35-44,1988,405.0,
CXUHLTHINSRLB0404M,HLTHINSR,35-44,1989,462.0,
CXUHLTHINSRLB0404M,HLTHINSR,35-44,1990,485.0,
CXUHLTHINSRLB0404M,HLTHINSR,35-44,1991,583.0,
CXUHLTHINSRLB0404M,HLTHINSR,35-44,1992,620.0,
CXUHLTHINSRLB0404M,HLTHINSR,35-44,1993,671.0,
CXUHLTHINSRLB0404M,HLTHINSR,35-44,1994,689.0,
CXUHLTHINSRLB0404M,HLTHINSR,35-44,1995,726.0,
CXUHLTHINSRLB0404M,HLTHINSR,35-44,1996,705.0,
CXUHLTHINSRLB0404M,HLTHINSR,35-44,1997,748.0,
CXUHLTHINSRLB0404M,HLTHINSR,35-44,1998,790.0,
CXUHLTHINSRLB0404M,HLTHINSR,35-44,1999,746.0,
CXUHLTHINSRLB0404M,HLTHINSR,35-44,2000,850.0,
CXUHLTHINSRLB0404M,HLTHINSR,35-44,2001,925.0,
CXUHLTHINSRLB0404M,HLTHINSR,35-44,2002,1023.0,
CXUHLTHINSRLB0404M,HLTHINSR,35-44,2003,1109.0,
CXUHLTHINSRLB0404M,HLTHINSR,35-44,2004,1199.0,
CXUHLTHINSRLB0404M,HLTHINSR,35-44,2005,1160.0,
CXUHLTHINSRLB0404M,HLTHINSR,35-44,2006,1214.0,
CXUHLTHINSRLB0404M,HLTHINSR,35-44,2007,1269.0,
CXUHLTHINSRLB0404M,HLTHINSR,35-44,2008,1341.0,
CXUHLTHINSRLB0404M,HLTHINSR,35-44,2009,1436.0,
CXUHLTHINSRLB0404M,HLTHINSR,35-44,2010,1453.0,
CXUHLTHINSRLB0404M,HLTHINSR,35-44,2011,1581.0,
CXUHLTHINSRLB0404M,HLTHINSR,35-44,2012,1751.0,
CXUHLTHINSRLB0404M,HLTHINSR,35-44,2013,1944.0,
CXUHLTHINSRLB0404M,HLTHINSR,35-44,2014,2683.0,
CXUHLTHINSRLB0404M,HLTHINSR,35-44,2015,2726.0,
CXUHLTHINSRLB0404M,HLTHINSR,35-44,2016,2831.0,
CXUHLTHINSRLB0404M,HLTHINSR,35-44,2017,3005.0,
CXUHLTHINSRLB0404M,HLTHINSR,35-44,2018,2888.0,
CXUHLTHINSRLB0404M,HLTHINSR,35-44,2019,3278.0,
CXUHLTHINSRLB0404M,HLTHINSR,35-44,2020,3225.0,
CXUHLTHINSRLB0404M,HLTHINSR,35-44,2021,3201.0,
CXUHLTHINSRLB0404M,HLTHINSR,35-44,2022,3517.0,
CXUHLTHINSRLB0404M,HLTHINSR,35-44,2023,3671.0,
CXUHLTHINSRLB0404M,HLTHINSR,35-44,2024,3911.0,
CXUHLTHINSRLB0405M,HLTHINSR,45-54,1984,394.0,
CXUHLTHINSRLB0405M,HLTHINSR,45-54,1985,406.0,
CXUHLTHINSRLB0405M,HLTHINSR,45-54,1986,395.0,
CXUHLTHINSRLB0405M,HLTHINSR,45-54,1987,383.0,
CXUHLTHINSRLB0405M,HLTHINSR,45-54,1988,411.0,
CXUHLTHINSRLB0405M,HLTHINSR,45-54,1989,499.0,
CXUHLTHINSRLB0405M,HLTHINSR,45-54,1990,583.0,
CXUHLTHINSRLB0405M,HLTHINSR,45-54,1991,633.0,
CXUHLTHINSRLB0405M,HLTHINSR,45-54,1992,657.0,
CXUHLTHINSRLB0405M,HLTHINSR,45-54,1993,736.0,
CXUHLTHINSRLB0405M,HLTHINSR,45-54,1994,772.0,
CXUHLTHINSRLB0405M,HLTHINSR,45-54,1995,817.0,
CXUHLTHINSRLB0405M,HLTHINSR,45-54,1996,788.0,
CXUHLTHINSRLB0405M,HLTHINSR,45-54,1997,845.0,
CXUHLTHINSRLB0405M,HLTHINSR,45-54,1998,941.0,
CXUHLTHINSRLB0405M,HLTHINSR,45-54,1999,942.0,
CXUHLTHINSRLB0405M,HLTHINSR,45-54,2000,976.0,
CXUHLTHINSRLB0405M,HLTHINSR,45-54,2001,1038.0,
CXUHLTHINSRLB0405M,HLTHINSR,45-54,2002,1180.0,
CXUHLTHINSRLB0405M,HLTHINSR,45-54,2003,1166.0,
CXUHLTHINSRLB0405M,HLTHINSR,45-54,2004,1291.0,
CXUHLTHINSRLB0405M,HLTHINSR,45-54,2005,1283.0,
CXUHLTHINSRLB0405M,HLTHINSR,45-54,2006,1310.0,
CXUHLTHINSRLB0405M,HLTHINSR,45-54,2007,1386.0,
CXUHLTHINSRLB0405M,HLTHINSR,45-54,2008,1523.0,
CXUHLTHINSRLB0405M,HLTHINSR,45-54,2009,1688.0,
CXUHLTHINSRLB0405M,HLTHINSR,45-54,2010,1747.0,
CXUHLTHINSRLB0405M,HLTHINSR,45-54,2011,1801.0,
CXUHLTHINSRLB0405M,HLTHINSR,45-54,2012,2109.0,
CXUHLTHINSRLB0405M,HLTHINSR,45-54,2013,2242.0,
CXUHLTHINSRLB0405M,HLTHINSR,45-54,2014,2936.0,
CXUHLTHINSRLB0405M,HLTHINSR,45-54,2015,3215.0,
CXUHLTHINSRLB0405M,HLTHINSR,45-54,2016,3357.0,
CXUHLTHINSRLB0405M,HLTHINSR,45-54,2017,3429.0,
CXUHLTHINSRLB0405M,HLTHINSR,45-54,2018,3483.0,
CXUHLTHINSRLB0405M,HLTHINSR,45-54,2019,3633.0,
CXUHLTHINSRLB0405M,HLTHINSR,45-54,2020,3771.0,
CXUHLTHINSRLB0405M,HLTHINSR,45-54,2021,3835.0,
CXUHLTHINSRLB0405M,HLTHINSR,45-54,2022,3820.0,
CXUHLTHINSRLB0405M,HLTHINSR,45-54,2023,4152.0,
CXUHLTHINSRLB0405M,HLTHINSR,45-54,2024,4381.0,
CXUHLTHINSRLB0406M,HLTHINSR,55-64,1984,453.0,
CXUHLTHINSRLB0406M,HLTHINSR,55-64,1985,451.0,
CXUHLTHINSRLB0406M,HLTHINSR,55-64,1986,446.0,
CXUHLTHINSRLB0406M,HLTHINSR,55-64,1987,478.0,
CXUHLTHINSRLB0406M,HLTHINSR,55-64,1988,550.0,
CXUHLTHINSRLB0406M,HLTHINSR,55-64,1989,671.0,
CXUHLTHINSRLB0406M,HLTHINSR,55-64,1990,700.0,
CXUHLTHINSRLB0406M,HLTHINSR,55-64,1991,749.0,
CXUHLTHINSRLB0406M,HLTHINSR,55-64,1992,854.0,
CXUHLTHINSRLB0406M,HLTHINSR,55-64,1993,1007.0,
CXUHLTHINSRLB0406M,HLTHINSR,55-64,1994,895.0,
CXUHLTHINSRLB0406M,HLTHINSR,55-64,1995,897.0,
CXUHLTHINSRLB0406M,HLTHINSR,55-64,1996,956.0,
CXUHLTHINSRLB0406M,HLTHINSR,55-64,1997,965.0,
CXUHLTHINSRLB0406M,HLTHINSR,55-64,1998,991.0,
CXUHLTHINSRLB0406M,HLTHINSR,55-64,1999,1063.0,
CXUHLTHINSRLB0406M,HLTHINSR,55-64,2000,1132.0,
CXUHLTHINSRLB0406M,HLTHINSR,55-64,2001,1189.0,
CXUHLTHINSRLB0406M,HLTHINSR,55-64,2002,1356.0,
CXUHLTHINSRLB0406M,HLTHINSR,55-64,2003,1572.0,
CXUHLTHINSRLB0406M,HLTHINSR,55-64,2004,1567.0,
CXUHLTHINSRLB0406M,HLTHINSR,55-64,2005,1585.0,
CXUHLTHINSRLB0406M,HLTHINSR,55-64,2006,1676.0,
CXUHLTHINSRLB0406M,HLTHINSR,55-64,2007,1751.0,
CXUHLTHINSRLB0406M,HLTHINSR,55-64,2008,1945.0,
CXUHLTHINSRLB0406M,HLTHINSR,55-64,2009,2017.0,
CXUHLTHINSRLB0406M,HLTHINSR,55-64,2010,2110.0,
CXUHLTHINSRLB0406M,HLTHINSR,55-64,2011,2196.0,
CXUHLTHINSRLB0406M,HLTHINSR,55-64,2012,2271.0,
CXUHLTHINSRLB0406M,HLTHINSR,55-64,2013,2537.0,
CXUHLTHINSRLB0406M,HLTHINSR,55-64,2014,3218.0,
CXUHLTHINSRLB0406M,HLTHINSR,55-64,2015,3436.0,
CXUHLTHINSRLB0406M,HLTHINSR,55-64,2016,3671.0,
CXUHLTHINSRLB0406M,HLTHINSR,55-64,2017,3815.0,
CXUHLTHINSRLB0406M,HLTHINSR,55-64,2018,3848.0,
CXUHLTHINSRLB0406M,HLTHINSR,55-64,2019,3864.0,
CXUHLTHINSRLB0406M,HLTHINSR,55-64,2020,3897.0,
CXUHLTHINSRLB0406M,HLTHINSR,55-64,2021,4164.0,
CXUHLTHINSRLB0406M,HLTHINSR,55-64,2022,4078.0,
CXUHLTHINSRLB0406M,HLTHINSR,55-64,2023,4411.0,
CXUHLTHINSRLB0406M,HLTHINSR,55-64,2024,4313.0,
CXUHLTHINSRLB0407M,HLTHINSR,65+,1988,881.0,
CXUHLTHINSRLB0407M,HLTHINSR,65+,1989,943.0,
CXUHLTHINSRLB0407M,HLTHINSR,65+,1990,990.0,
CXUHLTHINSRLB0407M,HLTHINSR,65+,1991,1111.0,
CXUHLTHINSRLB0407M,HLTHINSR,65+,1992,1263.0,
CXUHLTHINSRLB0407M,HLTHINSR,65+,1993,1386.0,
CXUHLTHINSRLB0407M,HLTHINSR,65+,1994,1479.0,
CXUHLTHINSRLB0407M,HLTHINSR,65+,1995,1541.0,
CXUHLTHINSRLB0407M,HLTHINSR,65+,1996,1408.0,
CXUHLTHINSRLB0407M,HLTHINSR,65+,1997,1523.0,
CXUHLTHINSRLB0407M,HLTHINSR,65+,1998,1528.0,
CXUHLTHINSRLB0407M,HLTHINSR,65+,1999,1554.0,
CXUHLTHINSRLB0407M,HLTHINSR,65+,2000,1619.0,
CXUHLTHINSRLB0407M,HLTHINSR,65+,2001,1775.0,
CXUHLTHINSRLB0407M,HLTHINSR,65+,2002,1886.0,
CXUHLTHINSRLB0407M,HLTHINSR,65+,2003,2002.0,
CXUHLTHINSRLB0407M,HLTHINSR,65+,2004,2142.0,
CXUHLTHINSRLB0407M,HLTHINSR,65+,2005,2307.0,
CXUHLTHINSRLB0407M,HLTHINSR,65+,2006,2617.0,
CXUHLTHINSRLB0407M,HLTHINSR,65+,2007,2770.0,
CXUHLTHINSRLB0407M,HLTHINSR,65+,2008,2844.0,
CXUHLTHINSRLB0407M,HLTHINSR,65+,2009,3027.0,
CXUHLTHINSRLB0407M,HLTHINSR,65+,2010,3085.0,
CXUHLTHINSRLB0407M,HLTHINSR,65+,2011,3076.0,
CXUHLTHINSRLB0407M,HLTHINSR,65+,2012,3186.0,
CXUHLTHINSRLB0407M,HLTHINSR,65+,2013,3347.0,
CXUHLTHINSRLB0407M,HLTHINSR,65+,2014,3951.0,
CXUHLTHINSRLB0407M,HLTHINSR,65+,2015,3893.0,
CXUHLTHINSRLB0407M,HLTHINSR,65+,2016,4159.0,
CXUHLTHINSRLB0407M,HLTHINSR,65+,2017,4712.0,
CXUHLTHINSRLB0407M,HLTHINSR,65+,2018,4776.0,
CXUHLTHINSRLB0407M,HLTHINSR,65+,2019,4748.0,
CXUHLTHINSRLB0407M,HLTHINSR,65+,2020,4854.0,
CXUHLTHINSRLB0407M,HLTHINSR,65+,2021,4974.0,
CXUHLTHINSRLB0407M,HLTHINSR,65+,2022,5293.0,
CXUHLTHINSRLB0407M,HLTHINSR,65+,2023,5501.0,
CXUHLTHINSRLB0407M,HLTHINSR,65+,2024,5107.0,
CXUHLTHINSRLB0408M,HLTHINSR,65-74,1984,654.0,
CXUHLTHINSRLB0408M,HLTHINSR,65-74,1985,673.0,
CXUHLTHINSRLB0408M,HLTHINSR,65-74,1986,631.0,
CXUHLTHINSRLB0408M,HLTHINSR,65-74,1987,668.0,
CXUHLTHINSRLB0408M,HLTHINSR,65-74,1988,872.0,
CXUHLTHINSRLB0408M,HLTHINSR,65-74,1989,939.0,
CXUHLTHINSRLB0408M,HLTHINSR,65-74,1990,1014.0,
CXUHLTHINSRLB0408M,HLTHINSR,65-74,1991,1081.0,
CXUHLTHINSRLB0408M,HLTHINSR,65-74,1992,1239.0,
CXUHLTHINSRLB0408M,HLTHINSR,65-74,1993,1390.0,
CXUHLTHINSRLB0408M,HLTHINSR,65-74,1994,1467.0,
CXUHLTHINSRLB0408M,HLTHINSR,65-74,1995,1527.0,
CXUHLTHINSRLB0408M,HLTHINSR,65-74,1996,1375.0,
CXUHLTHINSRLB0408M,HLTHINSR,65-74,1997,1547.0,
CXUHLTHINSRLB0408M,HLTHINSR,65-74,1998,1549.0,
CXUHLTHINSRLB0408M,HLTHINSR,65-74,1999,1572.0,
CXUHLTHINSRLB0408M,HLTHINSR,65-74,2000,1608.0,
CXUHLTHINSRLB0408M,HLTHINSR,65-74,2001,1759.0,
CXUHLTHINSRLB0408M,HLTHINSR,65-74,2002,1921.0,
CXUHLTHINSRLB0408M,HLTHINSR,65-74,2003,1974.0,
CXUHLTHINSRLB0408M,HLTHINSR,65-74,2004,2171.0,
CXUHLTHINSRLB0408M,HLTHINSR,65-74,2005,2352.0,
CXUHLTHINSRLB0408M,HLTHINSR,65-74,2006,2718.0,
CXUHLTHINSRLB0408M,HLTHINSR,65-74,2007,2821.0,
CXUHLTHINSRLB0408M,HLTHINSR,65-74,2008,2901.0,
CXUHLTHINSRLB0408M,HLTHINSR,65-74,2009,3042.0,
CXUHLTHINSRLB0408M,HLTHINSR,65-74,2010,3133.0,
CXUHLTHINSRLB0408M,HLTHINSR,65-74,2011,3154.0,
CXUHLTHINSRLB0408M,HLTHINSR,65-74,2012,3299.0,
CXUHLTHINSRLB0408M,HLTHINSR,65-74,2013,3409.0,
CXUHLTHINSRLB0408M,HLTHINSR,65-74,2014,3985.0,
CXUHLTHINSRLB0408M,HLTHINSR,65-74,2015,3882.0,
CXUHLTHINSRLB0408M,HLTHINSR,65-74,2016,4253.0,
CXUHLTHINSRLB0408M,HLTHINSR,65-74,2017,4762.0,
CXUHLTHINSRLB0408M,HLTHINSR,65-74,2018,4761.0,
CXUHLTHINSRLB0408M,HLTHINSR,65-74,2019,4833.0,
CXUHLTHINSRLB0408M,HLTHINSR,65-74,2020,4897.0,
CXUHLTHINSRLB0408M,HLTHINSR,65-74,2021,4952.0,
CXUHLTHINSRLB0408M,HLTHINSR,65-74,2022,5321.0,
CXUHLTHINSRLB0408M,HLTHINSR,65-74,2023,5495.0,
CXUHLTHINSRLB0408M,HLTHINSR,65-74,2024,5114.0,
CXUHLTHINSRLB0409M,HLTHINSR,75+,1984,570.0,
CXUHLTHINSRLB0409M,HLTHINSR,75+,1985,607.0,
CXUHLTHINSRLB0409M,HLTHINSR,75+,1986,653.0,
CXUHLTHINSRLB0409M,HLTHINSR,75+,1987,687.0,
CXUHLTHINSRLB0409M,HLTHINSR,75+,1988,895.0,
CXUHLTHINSRLB0409M,HLTHINSR,75+,1989,950.0,
CXUHLTHINSRLB0409M,HLTHINSR,75+,1990,960.0,
CXUHLTHINSRLB0409M,HLTHINSR,75+,1991,1152.0,
CXUHLTHINSRLB0409M,HLTHINSR,75+,1992,1291.0,
CXUHLTHINSRLB0409M,HLTHINSR,75+,1993,1382.0,
CXUHLTHINSRLB0409M,HLTHINSR,75+,1994,1496.0,
CXUHLTHINSRLB0409M,HLTHINSR,75+,1995,1557.0,
CXUHLTHINSRLB0409M,HLTHINSR,75+,1996,1447.0,
CXUHLTHINSRLB0409M,HLTHINSR,75+,1997,1494.0,
CXUHLTHINSRLB0409M,HLTHINSR,75+,1998,1503.0,
CXUHLTHINSRLB0409M,HLTHINSR,75+,1999,1534.0,
CXUHLTHINSRLB0409M,HLTHINSR,75+,2000,1631.0,
CXUHLTHINSRLB0409M,HLTHINSR,75+,2001,1792.0,
CXUHLTHINSRLB0409M,HLTHINSR,75+,2002,1849.0,
CXUHLTHINSRLB0409M,HLTHINSR,75+,2003,2031.0,
CXUHLTHINSRLB0409M,HLTHINSR,75+,2004,2115.0,
CXUHLTHINSRLB0409M,HLTHINSR,75+,2005,2260.0,
CXUHLTHINSRLB0409M,HLTHINSR,75+,2006,2511.0,
CXUHLTHINSRLB0409M,HLTHINSR,75+,2007,2716.0,
CXUHLTHINSRLB0409M,HLTHINSR,75+,2008,2783.0,
CXUHLTHINSRLB0409M,HLTHINSR,75+,2009,3011.0,
CXUHLTHINSRLB0409M,HLTHINSR,75+,2010,3031.0,
CXUHLTHINSRLB0409M,HLTHINSR,75+,2011,2982.0,
CXUHLTHINSRLB0409M,HLTHINSR,75+,2012,3047.0,
CXUHLTHINSRLB0409M,HLTHINSR,75+,2013,3265.0,
CXUHLTHINSRLB0409M,HLTHINSR,75+,2014,3906.0,
CXUHLTHINSRLB0409M,HLTHINSR,75+,2015,3908.0,
CXUHLTHINSRLB0409M,HLTHINSR,75+,2016,4028.0,
CXUHLTHINSRLB0409M,HLTHINSR,75+,2017,4642.0,
CXUHLTHINSRLB0409M,HLTHINSR,75+,2018,4796.0,
CXUHLTHINSRLB0409M,HLTHINSR,75+,2019,4635.0,
CXUHLTHINSRLB0409M,HLTHINSR,75+,2020,4794.0,
CXUHLTHINSRLB0409M,HLTHINSR,75+,2021,5008.0,
CXUHLTHINSRLB0409M,HLTHINSR,75+,2022,5252.0,
CXUHLTHINSRLB0409M,HLTHINSR,75+,2023,5510.0,
CXUHLTHINSRLB0409M,HLTHINSR,75+,2024,5098.0,
CXUHLTHINSRLB0401M,HLTHINSR,All CUs,1984,370.0,
CXUHLTHINSRLB0401M,HLTHINSR,All CUs,1985,375.0,
CXUHLTHINSRLB0401M,HLTHINSR,All CUs,1986,371.0,
CXUHLTHINSRLB0401M,HLTHINSR,All CUs,1987,392.0,
CXUHLTHINSRLB0401M,HLTHINSR,All CUs,1988,474.0,
CXUHLTHINSRLB0401M,HLTHINSR,All CUs,1989,537.0,
CXUHLTHINSRLB0401M,HLTHINSR,All CUs,1990,581.0,
CXUHLTHINSRLB0401M,HLTHINSR,All CUs,1991,656.0,
CXUHLTHINSRLB0401M,HLTHINSR,All CUs,1992,725.0,
CXUHLTHINSRLB0401M,HLTHINSR,All CUs,1993,800.0,
CXUHLTHINSRLB0401M,HLTHINSR,All CUs,1994,815.0,
CXUHLTHINSRLB0401M,HLTHINSR,All CUs,1995,860.0,
CXUHLTHINSRLB0401M,HLTHINSR,All CUs,1996,827.0,
CXUHLTHINSRLB0401M,HLTHINSR,All CUs,1997,881.0,
CXUHLTHINSRLB0401M,HLTHINSR,All CUs,1998,913.0,
CXUHLTHINSRLB0401M,HLTHINSR,All CUs,1999,923.0,
CXUHLTHINSRLB0401M,HLTHINSR,All CUs,2000,983.0,
CXUHLTHINSRLB0401M,HLTHINSR,All CUs,2001,1061.0,
CXUHLTHINSRLB0401M,HLTHINSR,All CUs,2002,1168.0,
CXUHLTHINSRLB0401M,HLTHINSR,All CUs,2003,1252.0,
CXUHLTHINSRLB0401M,HLTHINSR,All CUs,2004,1332.0,
CXUHLTHINSRLB0401M,HLTHINSR,All CUs,2005,1361.0,
CXUHLTHINSRLB0401M,HLTHINSR,All CUs,2006,1465.0,
CXUHLTHINSRLB0401M,HLTHINSR,All CUs,2007,1545.0,
CXUHLTHINSRLB0401M,HLTHINSR,All CUs,2008,1653.0,
CXUHLTHINSRLB0401M,HLTHINSR,All CUs,2009,1785.0,
CXUHLTHINSRLB0401M,HLTHINSR,All CUs,2010,1831.0,
CXUHLTHINSRLB0401M,HLTHINSR,All CUs,2011,1922.0,
CXUHLTHINSRLB0401M,HLTHINSR,All CUs,2012,2061.0,
CXUHLTHINSRLB0401M,HLTHINSR,All CUs,2013,2229.0,
CXUHLTHINSRLB0401M,HLTHINSR,All CUs,2014,2868.0,
CXUHLTHINSRLB0401M,HLTHINSR,All CUs,2015,2977.0,
CXUHLTHINSRLB0401M,HLTHINSR,All CUs,2016,3160.0,
CXUHLTHINSRLB0401M,HLTHINSR,All CUs,2017,3414.0,
CXUHLTHINSRLB0401M,HLTHINSR,All CUs,2018,3405.0,
CXUHLTHINSRLB0401M,HLTHINSR,All CUs,2019,3529.0,
CXUHLTHINSRLB0401M,HLTHINSR,All CUs,2020,3667.0,
CXUHLTHINSRLB0401M,HLTHINSR,All CUs,2021,3704.0,
CXUHLTHINSRLB0401M,HLTHINSR,All CUs,2022,3848.0,
CXUHLTHINSRLB0401M,HLTHINSR,All CUs,2023,4049.0,
CXUHLTHINSRLB0401M,HLTHINSR,All CUs,2024,4055.0,
CXUHLTHINSRLB0402M,HLTHINSR,Under 25,1984,108.0,
CXUHLTHINSRLB0402M,HLTHINSR,Under 25,1985,111.0,
CXUHLTHINSRLB0402M,HLTHINSR,Under 25,1986,108.0,
CXUHLTHINSRLB0402M,HLTHINSR,Under 25,1987,99.0,
CXUHLTHINSRLB0402M,HLTHINSR,Under 25,1988,143.0,
CXUHLTHINSRLB0402M,HLTHINSR,Under 25,1989,105.0,
CXUHLTHINSRLB0402M,HLTHINSR,Under 25,1990,106.0,
CXUHLTHINSRLB0402M,HLTHINSR,Under 25,1991,144.0,
CXUHLTHINSRLB0402M,HLTHINSR,Under 25,1992,147.0,
CXUHLTHINSRLB0402M,HLTHINSR,Under 25,1993,141.0,
CXUHLTHINSRLB0402M,HLTHINSR,Under 25,1994,186.0,
CXUHLTHINSRLB0402M,HLTHINSR,Under 25,1995,209.0,
CXUHLTHINSRLB0402M,HLTHINSR,Under 25,1996,158.0,
CXUHLTHINSRLB0402M,HLTHINSR,Under 25,1997,200.0,
CXUHLTHINSRLB0402M,HLTHINSR,Under 25,1998,206.0,
CXUHLTHINSRLB0402M,HLTHINSR,Under 25,1999,233.0,
CXUHLTHINSRLB0402M,HLTHINSR,Under 25,2000,211.0,
CXUHLTHINSRLB0402M,HLTHINSR,Under 25,2001,251.0,
CXUHLTHINSRLB0402M,HLTHINSR,Under 25,2002,285.0,
CXUHLTHINSRLB0402M,HLTHINSR,Under 25,2003,281.0,
CXUHLTHINSRLB0402M,HLTHINSR,Under 25,2004,321.0,
CXUHLTHINSRLB0402M,HLTHINSR,Under 25,2005,377.0,
CXUHLTHINSRLB0402M,HLTHINSR,Under 25,2006,367.0,
CXUHLTHINSRLB0402M,HLTHINSR,Under 25,2007,397.0,
CXUHLTHINSRLB0402M,HLTHINSR,Under 25,2008,389.0,
CXUHLTHINSRLB0402M,HLTHINSR,Under 25,2009,381.0,
CXUHLTHINSRLB0402M,HLTHINSR,Under 25,2010,405.0,
CXUHLTHINSRLB0402M,HLTHINSR,Under 25,2011,456.0,
CXUHLTHINSRLB0402M,HLTHINSR,Under 25,2012,458.0,
CXUHLTHINSRLB0402M,HLTHINSR,Under 25,2013,526.0,
CXUHLTHINSRLB0402M,HLTHINSR,Under 25,2014,766.0,
CXUHLTHINSRLB0402M,HLTHINSR,Under 25,2015,575.0,
CXUHLTHINSRLB0402M,HLTHINSR,Under 25,2016,827.0,
CXUHLTHINSRLB0402M,HLTHINSR,Under 25,2017,1009.0,
CXUHLTHINSRLB0402M,HLTHINSR,Under 25,2018,700.0,
CXUHLTHINSRLB0402M,HLTHINSR,Under 25,2019,986.0,
CXUHLTHINSRLB0402M,HLTHINSR,Under 25,2020,941.0,
CXUHLTHINSRLB0402M,HLTHINSR,Under 25,2021,827.0,
CXUHLTHINSRLB0402M,HLTHINSR,Under 25,2022,822.0,
CXUHLTHINSRLB0402M,HLTHINSR,Under 25,2023,896.0,
CXUHLTHINSRLB0402M,HLTHINSR,Under 25,2024,922.0,
CXUHOMEOWNLB0403M,HOMEOWN,25-34,1990,44.0,
CXUHOMEOWNLB0403M,HOMEOWN,25-34,1991,46.0,
CXUHOMEOWNLB0403M,HOMEOWN,25-34,1992,42.0,
CXUHOMEOWNLB0403M,HOMEOWN,25-34,1993,42.0,
CXUHOMEOWNLB0403M,HOMEOWN,25-34,1994,41.0,
CXUHOMEOWNLB0403M,HOMEOWN,25-34,1995,44.0,
CXUHOMEOWNLB0403M,HOMEOWN,25-34,1996,45.0,
CXUHOMEOWNLB0403M,HOMEOWN,25-34,1997,44.0,
CXUHOMEOWNLB0403M,HOMEOWN,25-34,1998,43.0,
CXUHOMEOWNLB0403M,HOMEOWN,25-34,1999,45.0,
CXUHOMEOWNLB0403M,HOMEOWN,25-34,2000,46.0,
CXUHOMEOWNLB0403M,HOMEOWN,25-34,2001,48.0,
CXUHOMEOWNLB0403M,HOMEOWN,25-34,2002,49.0,
CXUHOMEOWNLB0403M,HOMEOWN,25-34,2003,48.0,
CXUHOMEOWNLB0403M,HOMEOWN,25-34,2004,49.0,
CXUHOMEOWNLB0403M,HOMEOWN,25-34,2005,48.0,
CXUHOMEOWNLB0403M,HOMEOWN,25-34,2006,50.0,
CXUHOMEOWNLB0403M,HOMEOWN,25-34,2007,47.0,
CXUHOMEOWNLB0403M,HOMEOWN,25-34,2008,46.0,
CXUHOMEOWNLB0403M,HOMEOWN,25-34,2009,46.0,
CXUHOMEOWNLB0403M,HOMEOWN,25-34,2010,45.0,
CXUHOMEOWNLB0403M,HOMEOWN,25-34,2011,43.0,
CXUHOMEOWNLB0403M,HOMEOWN,25-34,2012,40.0,
CXUHOMEOWNLB0403M,HOMEOWN,25-34,2013,40.0,
CXUHOMEOWNLB0403M,HOMEOWN,25-34,2014,39.0,
CXUHOMEOWNLB0403M,HOMEOWN,25-34,2015,39.0,
CXUHOMEOWNLB0403M,HOMEOWN,25-34,2016,37.0,
CXUHOMEOWNLB0403M,HOMEOWN,25-34,2017,41.0,
CXUHOMEOWNLB0403M,HOMEOWN,25-34,2018,41.0,
CXUHOMEOWNLB0403M,HOMEOWN,25-34,2019,41.0,
CXUHOMEOWNLB0403M,HOMEOWN,25-34,2020,43.0,
CXUHOMEOWNLB0403M,HOMEOWN,25-34,2021,44.0,
CXUHOMEOWNLB0403M,HOMEOWN,25-34,2022,43.0,
CXUHOMEOWNLB0403M,HOMEOWN,25-34,2023,42.0,
CXUHOMEOWNLB0403M,HOMEOWN,25-34,2024,44.0,
CXUHOMEOWNLB0404M,HOMEOWN,35-44,1990,67.0,
CXUHOMEOWNLB0404M,HOMEOWN,35-44,1991,65.0,
CXUHOMEOWNLB0404M,HOMEOWN,35-44,1992,63.0,
CXUHOMEOWNLB0404M,HOMEOWN,35-44,1993,65.0,
CXUHOMEOWNLB0404M,HOMEOWN,35-44,1994,66.0,
CXUHOMEOWNLB0404M,HOMEOWN,35-44,1995,63.0,
CXUHOMEOWNLB0404M,HOMEOWN,35-44,1996,64.0,
CXUHOMEOWNLB0404M,HOMEOWN,35-44,1997,64.0,
CXUHOMEOWNLB0404M,HOMEOWN,35-44,1998,69.0,
CXUHOMEOWNLB0404M,HOMEOWN,35-44,1999,67.0,
CXUHOMEOWNLB0404M,HOMEOWN,35-44,2000,69.0,
CXUHOMEOWNLB0404M,HOMEOWN,35-44,2001,68.0,
CXUHOMEOWNLB0404M,HOMEOWN,35-44,2002,68.0,
CXUHOMEOWNLB0404M,HOMEOWN,35-44,2003,69.0,
CXUHOMEOWNLB0404M,HOMEOWN,35-44,2004,69.0,
CXUHOMEOWNLB0404M,HOMEOWN,35-44,2005,69.0,
CXUHOMEOWNLB0404M,HOMEOWN,35-44,2006,68.0,
CXUHOMEOWNLB0404M,HOMEOWN,35-44,2007,68.0,
CXUHOMEOWNLB0404M,HOMEOWN,35-44,2008,67.0,
CXUHOMEOWNLB0404M,HOMEOWN,35-44,2009,65.0,
CXUHOMEOWNLB0404M,HOMEOWN,35-44,2010,65.0,
CXUHOMEOWNLB0404M,HOMEOWN,35-44,2011,62.0,
CXUHOMEOWNLB0404M,HOMEOWN,35-44,2012,62.0,
CXUHOMEOWNLB0404M,HOMEOWN,35-44,2013,62.0,
CXUHOMEOWNLB0404M,HOMEOWN,35-44,2014,58.0,
CXUHOMEOWNLB0404M,HOMEOWN,35-44,2015,57.0,
CXUHOMEOWNLB0404M,HOMEOWN,35-44,2016,57.0,
CXUHOMEOWNLB0404M,HOMEOWN,35-44,2017,54.0,
CXUHOMEOWNLB0404M,HOMEOWN,35-44,2018,58.0,
CXUHOMEOWNLB0404M,HOMEOWN,35-44,2019,60.0,
CXUHOMEOWNLB0404M,HOMEOWN,35-44,2020,62.0,
CXUHOMEOWNLB0404M,HOMEOWN,35-44,2021,60.0,
CXUHOMEOWNLB0404M,HOMEOWN,35-44,2022,62.0,
CXUHOMEOWNLB0404M,HOMEOWN,35-44,2023,64.0,
CXUHOMEOWNLB0404M,HOMEOWN,35-44,2024,60.0,
CXUHOMEOWNLB0405M,HOMEOWN,45-54,1990,75.0,
CXUHOMEOWNLB0405M,HOMEOWN,45-54,1991,77.0,
CXUHOMEOWNLB0405M,HOMEOWN,45-54,1992,74.0,
CXUHOMEOWNLB0405M,HOMEOWN,45-54,1993,76.0,
CXUHOMEOWNLB0405M,HOMEOWN,45-54,1994,77.0,
CXUHOMEOWNLB0405M,HOMEOWN,45-54,1995,76.0,
CXUHOMEOWNLB0405M,HOMEOWN,45-54,1996,76.0,
CXUHOMEOWNLB0405M,HOMEOWN,45-54,1997,77.0,
CXUHOMEOWNLB0405M,HOMEOWN,45-54,1998,77.0,
CXUHOMEOWNLB0405M,HOMEOWN,45-54,1999,77.0,
CXUHOMEOWNLB0405M,HOMEOWN,45-54,2000,75.0,
CXUHOMEOWNLB0405M,HOMEOWN,45-54,2001,77.0,
CXUHOMEOWNLB0405M,HOMEOWN,45-54,2002,76.0,
CXUHOMEOWNLB0405M,HOMEOWN,45-54,2003,76.0,
CXUHOMEOWNLB0405M,HOMEOWN,45-54,2004,77.0,
CXUHOMEOWNLB0405M,HOMEOWN,45-54,2005,75.0,
CXUHOMEOWNLB0405M,HOMEOWN,45-54,2006,75.0,
CXUHOMEOWNLB0405M,HOMEOWN,45-54,2007,75.0,
CXUHOMEOWNLB0405M,HOMEOWN,45-54,2008,75.0,
CXUHOMEOWNLB0405M,HOMEOWN,45-54,2009,74.0,
CXUHOMEOWNLB0405M,HOMEOWN,45-54,2010,73.0,
CXUHOMEOWNLB0405M,HOMEOWN,45-54,2011,72.0,
CXUHOMEOWNLB0405M,HOMEOWN,45-54,2012,72.0,
CXUHOMEOWNLB0405M,HOMEOWN,45-54,2013,69.0,
CXUHOMEOWNLB0405M,HOMEOWN,45-54,2014,70.0,
CXUHOMEOWNLB0405M,HOMEOWN,45-54,2015,70.0,
CXUHOMEOWNLB0405M,HOMEOWN,45-54,2016,69.0,
CXUHOMEOWNLB0405M,HOMEOWN,45-54,2017,69.0,
CXUHOMEOWNLB0405M,HOMEOWN,45-54,2018,68.0,
CXUHOMEOWNLB0405M,HOMEOWN,45-54,2019,69.0,
CXUHOMEOWNLB0405M,HOMEOWN,45-54,2020,71.0,
CXUHOMEOWNLB0405M,HOMEOWN,45-54,2021,70.0,
CXUHOMEOWNLB0405M,HOMEOWN,45-54,2022,71.0,
CXUHOMEOWNLB0405M,HOMEOWN,45-54,2023,70.0,
CXUHOMEOWNLB0405M,HOMEOWN,45-54,2024,70.0,
CXUHOMEOWNLB0406M,HOMEOWN,55-64,1990,80.0,
CXUHOMEOWNLB0406M,HOMEOWN,55-64,1991,79.0,
CXUHOMEOWNLB0406M,HOMEOWN,55-64,1992,79.0,
CXUHOMEOWNLB0406M,HOMEOWN,55-64,1993,82.0,
CXUHOMEOWNLB0406M,HOMEOWN,55-64,1994,79.0,
CXUHOMEOWNLB0406M,HOMEOWN,55-64,1995,81.0,
CXUHOMEOWNLB0406M,HOMEOWN,55-64,1996,79.0,
CXUHOMEOWNLB0406M,HOMEOWN,55-64,1997,79.0,
CXUHOMEOWNLB0406M,HOMEOWN,55-64,1998,78.0,
CXUHOMEOWNLB0406M,HOMEOWN,55-64,1999,80.0,
CXUHOMEOWNLB0406M,HOMEOWN,55-64,2000,81.0,
CXUHOMEOWNLB0406M,HOMEOWN,55-64,2001,81.0,
CXUHOMEOWNLB0406M,HOMEOWN,55-64,2002,81.0,
CXUHOMEOWNLB0406M,HOMEOWN,55-64,2003,82.0,
CXUHOMEOWNLB0406M,HOMEOWN,55-64,2004,83.0,
CXUHOMEOWNLB0406M,HOMEOWN,55-64,2005,82.0,
CXUHOMEOWNLB0406M,HOMEOWN,55-64,2006,80.0,
CXUHOMEOWNLB0406M,HOMEOWN,55-64,2007,81.0,
CXUHOMEOWNLB0406M,HOMEOWN,55-64,2008,81.0,
CXUHOMEOWNLB0406M,HOMEOWN,55-64,2009,81.0,
CXUHOMEOWNLB0406M,HOMEOWN,55-64,2010,80.0,
CXUHOMEOWNLB0406M,HOMEOWN,55-64,2011,79.0,
CXUHOMEOWNLB0406M,HOMEOWN,55-64,2012,79.0,
CXUHOMEOWNLB0406M,HOMEOWN,55-64,2013,79.0,
CXUHOMEOWNLB0406M,HOMEOWN,55-64,2014,77.0,
CXUHOMEOWNLB0406M,HOMEOWN,55-64,2015,75.0,
CXUHOMEOWNLB0406M,HOMEOWN,55-64,2016,76.0,
CXUHOMEOWNLB0406M,HOMEOWN,55-64,2017,78.0,
CXUHOMEOWNLB0406M,HOMEOWN,55-64,2018,76.0,
CXUHOMEOWNLB0406M,HOMEOWN,55-64,2019,75.0,
CXUHOMEOWNLB0406M,HOMEOWN,55-64,2020,74.0,
CXUHOMEOWNLB0406M,HOMEOWN,55-64,2021,75.0,
CXUHOMEOWNLB0406M,HOMEOWN,55-64,2022,76.0,
CXUHOMEOWNLB0406M,HOMEOWN,55-64,2023,75.0,
CXUHOMEOWNLB0406M,HOMEOWN,55-64,2024,76.0,
CXUHOMEOWNLB0407M,HOMEOWN,65+,1990,78.0,
CXUHOMEOWNLB0407M,HOMEOWN,65+,1991,77.0,
CXUHOMEOWNLB0407M,HOMEOWN,65+,1992,77.0,
CXUHOMEOWNLB0407M,HOMEOWN,65+,1993,79.0,
CXUHOMEOWNLB0407M,HOMEOWN,65+,1994,79.0,
CXUHOMEOWNLB0407M,HOMEOWN,65+,1995,79.0,
CXUHOMEOWNLB0407M,HOMEOWN,65+,1996,80.0,
CXUHOMEOWNLB0407M,HOMEOWN,65+,1997,79.0,
CXUHOMEOWNLB0407M,HOMEOWN,65+,1998,80.0,
CXUHOMEOWNLB0407M,HOMEOWN,65+,1999,80.0,
CXUHOMEOWNLB0407M,HOMEOWN,65+,2000,80.0,
CXUHOMEOWNLB0407M,HOMEOWN,65+,2001,80.0,
CXUHOMEOWNLB0407M,HOMEOWN,65+,2002,80.0,
CXUHOMEOWNLB0407M,HOMEOWN,65+,2003,80.0,
CXUHOMEOWNLB0407M,HOMEOWN,65+,2004,80.0,
CXUHOMEOWNLB0407M,HOMEOWN,65+,2005,80.0,
CXUHOMEOWNLB0407M,HOMEOWN,65+,2006,80.0,
CXUHOMEOWNLB0407M,HOMEOWN,65+,2007,79.0,
CXUHOMEOWNLB0407M,HOMEOWN,65+,2008,79.0,
CXUHOMEOWNLB0407M,HOMEOWN,65+,2009,79.0,
CXUHOMEOWNLB0407M,HOMEOWN,65+,2010,81.0,
CXUHOMEOWNLB0407M,HOMEOWN,65+,2011,81.0,
CXUHOMEOWNLB0407M,HOMEOWN,65+,2012,80.0,
CXUHOMEOWNLB0407M,HOMEOWN,65+,2013,81.0,
CXUHOMEOWNLB0407M,HOMEOWN,65+,2014,80.0,
CXUHOMEOWNLB0407M,HOMEOWN,65+,2015,79.0,
CXUHOMEOWNLB0407M,HOMEOWN,65+,2016,77.0,
CXUHOMEOWNLB0407M,HOMEOWN,65+,2017,80.0,
CXUHOMEOWNLB0407M,HOMEOWN,65+,2018,80.0,
CXUHOMEOWNLB0407M,HOMEOWN,65+,2019,79.0,
CXUHOMEOWNLB0407M,HOMEOWN,65+,2020,80.0,
CXUHOMEOWNLB0407M,HOMEOWN,65+,2021,78.0,
CXUHOMEOWNLB0407M,HOMEOWN,65+,2022,77.0,
CXUHOMEOWNLB0407M,HOMEOWN,65+,2023,78.0,
CXUHOMEOWNLB0407M,HOMEOWN,65+,2024,78.0,
CXUHOMEOWNLB0408M,HOMEOWN,65-74,1990,82.0,
CXUHOMEOWNLB0408M,HOMEOWN,65-74,1991,80.0,
CXUHOMEOWNLB0408M,HOMEOWN,65-74,1992,79.0,
CXUHOMEOWNLB0408M,HOMEOWN,65-74,1993,81.0,
CXUHOMEOWNLB0408M,HOMEOWN,65-74,1994,81.0,
CXUHOMEOWNLB0408M,HOMEOWN,65-74,1995,82.0,
CXUHOMEOWNLB0408M,HOMEOWN,65-74,1996,82.0,
CXUHOMEOWNLB0408M,HOMEOWN,65-74,1997,81.0,
CXUHOMEOWNLB0408M,HOMEOWN,65-74,1998,83.0,
CXUHOMEOWNLB0408M,HOMEOWN,65-74,1999,82.0,
CXUHOMEOWNLB0408M,HOMEOWN,65-74,2000,82.0,
CXUHOMEOWNLB0408M,HOMEOWN,65-74,2001,82.0,
CXUHOMEOWNLB0408M,HOMEOWN,65-74,2002,84.0,
CXUHOMEOWNLB0408M,HOMEOWN,65-74,2003,83.0,
CXUHOMEOWNLB0408M,HOMEOWN,65-74,2004,83.0,
CXUHOMEOWNLB0408M,HOMEOWN,65-74,2005,83.0,
CXUHOMEOWNLB0408M,HOMEOWN,65-74,2006,83.0,
CXUHOMEOWNLB0408M,HOMEOWN,65-74,2007,81.0,
CXUHOMEOWNLB0408M,HOMEOWN,65-74,2008,81.0,
CXUHOMEOWNLB0408M,HOMEOWN,65-74,2009,81.0,
CXUHOMEOWNLB0408M,HOMEOWN,65-74,2010,82.0,
CXUHOMEOWNLB0408M,HOMEOWN,65-74,2011,83.0,
CXUHOMEOWNLB0408M,HOMEOWN,65-74,2012,80.0,
CXUHOMEOWNLB0408M,HOMEOWN,65-74,2013,82.0,
CXUHOMEOWNLB0408M,HOMEOWN,65-74,2014,81.0,
CXUHOMEOWNLB0408M,HOMEOWN,65-74,2015,80.0,
CXUHOMEOWNLB0408M,HOMEOWN,65-74,2016,79.0,
CXUHOMEOWNLB0408M,HOMEOWN,65-74,2017,80.0,
CXUHOMEOWNLB0408M,HOMEOWN,65-74,2018,81.0,
CXUHOMEOWNLB0408M,HOMEOWN,65-74,2019,78.0,
CXUHOMEOWNLB0408M,HOMEOWN,65-74,2020,80.0,
CXUHOMEOWNLB0408M,HOMEOWN,65-74,2021,79.0,
CXUHOMEOWNLB0408M,HOMEOWN,65-74,2022,77.0,
CXUHOMEOWNLB0408M,HOMEOWN,65-74,2023,78.0,
CXUHOMEOWNLB0408M,HOMEOWN,65-74,2024,79.0,
CXUHOMEOWNLB0409M,HOMEOWN,75+,1990,73.0,
CXUHOMEOWNLB0409M,HOMEOWN,75+,1991,74.0,
CXUHOMEOWNLB0409M,HOMEOWN,75+,1992,74.0,
CXUHOMEOWNLB0409M,HOMEOWN,75+,1993,77.0,
CXUHOMEOWNLB0409M,HOMEOWN,75+,1994,76.0,
CXUHOMEOWNLB0409M,HOMEOWN,75+,1995,76.0,
CXUHOMEOWNLB0409M,HOMEOWN,75+,1996,77.0,
CXUHOMEOWNLB0409M,HOMEOWN,75+,1997,77.0,
CXUHOMEOWNLB0409M,HOMEOWN,75+,1998,76.0,
CXUHOMEOWNLB0409M,HOMEOWN,75+,1999,77.0,
CXUHOMEOWNLB0409M,HOMEOWN,75+,2000,77.0,
CXUHOMEOWNLB0409M,HOMEOWN,75+,2001,78.0,
CXUHOMEOWNLB0409M,HOMEOWN,75+,2002,77.0,
CXUHOMEOWNLB0409M,HOMEOWN,75+,2003,78.0,
CXUHOMEOWNLB0409M,HOMEOWN,75+,2004,78.0,
CXUHOMEOWNLB0409M,HOMEOWN,75+,2005,78.0,
CXUHOMEOWNLB0409M,HOMEOWN,75+,2006,77.0,
CXUHOMEOWNLB0409M,HOMEOWN,75+,2007,77.0,
CXUHOMEOWNLB0409M,HOMEOWN,75+,2008,76.0,
CXUHOMEOWNLB0409M,HOMEOWN,75+,2009,77.0,
CXUHOMEOWNLB0409M,HOMEOWN,75+,2010,80.0,
CXUHOMEOWNLB0409M,HOMEOWN,75+,2011,79.0,
CXUHOMEOWNLB0409M,HOMEOWN,75+,2012,79.0,
CXUHOMEOWNLB0409M,HOMEOWN,75+,2013,79.0,
CXUHOMEOWNLB0409M,HOMEOWN,75+,2014,80.0,
CXUHOMEOWNLB0409M,HOMEOWN,75+,2015,77.0,
CXUHOMEOWNLB0409M,HOMEOWN,75+,2016,76.0,
CXUHOMEOWNLB0409M,HOMEOWN,75+,2017,79.0,
CXUHOMEOWNLB0409M,HOMEOWN,75+,2018,79.0,
CXUHOMEOWNLB0409M,HOMEOWN,75+,2019,81.0,
CXUHOMEOWNLB0409M,HOMEOWN,75+,2020,79.0,
CXUHOMEOWNLB0409M,HOMEOWN,75+,2021,77.0,
CXUHOMEOWNLB0409M,HOMEOWN,75+,2022,77.0,
CXUHOMEOWNLB0409M,HOMEOWN,75+,2023,77.0,
CXUHOMEOWNLB0409M,HOMEOWN,75+,2024,77.0,
CXUHOMEOWNLB0401M,HOMEOWN,All CUs,1990,62.0,
CXUHOMEOWNLB0401M,HOMEOWN,All CUs,1991,63.0,
CXUHOMEOWNLB0401M,HOMEOWN,All CUs,1992,61.0,
CXUHOMEOWNLB0401M,HOMEOWN,All CUs,1993,63.0,
CXUHOMEOWNLB0401M,HOMEOWN,All CUs,1994,63.0,
CXUHOMEOWNLB0401M,HOMEOWN,All CUs,1995,64.0,
CXUHOMEOWNLB0401M,HOMEOWN,All CUs,1996,64.0,
CXUHOMEOWNLB0401M,HOMEOWN,All CUs,1997,64.0,
CXUHOMEOWNLB0401M,HOMEOWN,All CUs,1998,64.0,
CXUHOMEOWNLB0401M,HOMEOWN,All CUs,1999,65.0,
CXUHOMEOWNLB0401M,HOMEOWN,All CUs,2000,66.0,
CXUHOMEOWNLB0401M,HOMEOWN,All CUs,2001,66.0,
CXUHOMEOWNLB0401M,HOMEOWN,All CUs,2002,66.0,
CXUHOMEOWNLB0401M,HOMEOWN,All CUs,2003,67.0,
CXUHOMEOWNLB0401M,HOMEOWN,All CUs,2004,68.0,
CXUHOMEOWNLB0401M,HOMEOWN,All CUs,2005,67.0,
CXUHOMEOWNLB0401M,HOMEOWN,All CUs,2006,67.0,
CXUHOMEOWNLB0401M,HOMEOWN,All CUs,2007,67.0,
CXUHOMEOWNLB0401M,HOMEOWN,All CUs,2008,66.0,
CXUHOMEOWNLB0401M,HOMEOWN,All CUs,2009,66.0,
CXUHOMEOWNLB0401M,HOMEOWN,All CUs,2010,66.0,
CXUHOMEOWNLB0401M,HOMEOWN,All CUs,2011,65.0,
CXUHOMEOWNLB0401M,HOMEOWN,All CUs,2012,64.0,
CXUHOMEOWNLB0401M,HOMEOWN,All CUs,2013,64.0,
CXUHOMEOWNLB0401M,HOMEOWN,All CUs,2014,63.0,
CXUHOMEOWNLB0401M,HOMEOWN,All CUs,2015,62.0,
CXUHOMEOWNLB0401M,HOMEOWN,All CUs,2016,62.0,
CXUHOMEOWNLB0401M,HOMEOWN,All CUs,2017,63.0,
CXUHOMEOWNLB0401M,HOMEOWN,All CUs,2018,63.0,
CXUHOMEOWNLB0401M,HOMEOWN,All CUs,2019,64.0,
CXUHOMEOWNLB0401M,HOMEOWN,All CUs,2020,66.0,
CXUHOMEOWNLB0401M,HOMEOWN,All CUs,2021,65.0,
CXUHOMEOWNLB0401M,HOMEOWN,All CUs,2022,65.0,
CXUHOMEOWNLB0401M,HOMEOWN,All CUs,2023,65.0,
CXUHOMEOWNLB0401M,HOMEOWN,All CUs,2024,65.0,
CXUHOMEOWNLB0402M,HOMEOWN,Under 25,1990,8.0,
CXUHOMEOWNLB0402M,HOMEOWN,Under 25,1991,10.0,
CXUHOMEOWNLB0402M,HOMEOWN,Under 25,1992,11.0,
CXUHOMEOWNLB0402M,HOMEOWN,Under 25,1993,10.0,
CXUHOMEOWNLB0402M,HOMEOWN,Under 25,1994,12.0,
CXUHOMEOWNLB0402M,HOMEOWN,Under 25,1995,12.0,
CXUHOMEOWNLB0402M,HOMEOWN,Under 25,1996,10.0,
CXUHOMEOWNLB0402M,HOMEOWN,Under 25,1997,9.0,
CXUHOMEOWNLB0402M,HOMEOWN,Under 25,1998,10.0,
CXUHOMEOWNLB0402M,HOMEOWN,Under 25,1999,13.0,
CXUHOMEOWNLB0402M,HOMEOWN,Under 25,2000,12.0,
CXUHOMEOWNLB0402M,HOMEOWN,Under 25,2001,13.0,
CXUHOMEOWNLB0402M,HOMEOWN,Under 25,2002,15.0,
CXUHOMEOWNLB0402M,HOMEOWN,Under 25,2003,15.0,
CXUHOMEOWNLB0402M,HOMEOWN,Under 25,2004,15.0,
CXUHOMEOWNLB0402M,HOMEOWN,Under 25,2005,19.0,
CXUHOMEOWNLB0402M,HOMEOWN,Under 25,2006,20.0,
CXUHOMEOWNLB0402M,HOMEOWN,Under 25,2007,16.0,
CXUHOMEOWNLB0402M,HOMEOWN,Under 25,2008,15.0,
CXUHOMEOWNLB0402M,HOMEOWN,Under 25,2009,14.0,
CXUHOMEOWNLB0402M,HOMEOWN,Under 25,2010,14.0,
CXUHOMEOWNLB0402M,HOMEOWN,Under 25,2011,15.0,
CXUHOMEOWNLB0402M,HOMEOWN,Under 25,2012,15.0,
CXUHOMEOWNLB0402M,HOMEOWN,Under 25,2013,14.0,
CXUHOMEOWNLB0402M,HOMEOWN,Under 25,2014,11.0,
CXUHOMEOWNLB0402M,HOMEOWN,Under 25,2015,14.0,
CXUHOMEOWNLB0402M,HOMEOWN,Under 25,2016,17.0,
CXUHOMEOWNLB0402M,HOMEOWN,Under 25,2017,13.0,
CXUHOMEOWNLB0402M,HOMEOWN,Under 25,2018,13.0,
CXUHOMEOWNLB0402M,HOMEOWN,Under 25,2019,17.0,
CXUHOMEOWNLB0402M,HOMEOWN,Under 25,2020,17.0,
CXUHOMEOWNLB0402M,HOMEOWN,Under 25,2021,18.0,
CXUHOMEOWNLB0402M,HOMEOWN,Under 25,2022,18.0,
CXUHOMEOWNLB0402M,HOMEOWN,Under 25,2023,15.0,
CXUHOMEOWNLB0402M,HOMEOWN,Under 25,2024,10.0,
CXUHOUSINGLB0403M,HOUSING,25-34,1984,7167.0,
CXUHOUSINGLB0403M,HOUSING,25-34,1985,7648.0,
CXUHOUSINGLB0403M,HOUSING,25-34,1986,7859.0,
CXUHOUSINGLB0403M,HOUSING,25-34,1987,8099.0,
CXUHOUSINGLB0403M,HOUSING,25-34,1988,8469.0,
CXUHOUSINGLB0403M,HOUSING,25-34,1989,8923.0,
CXUHOUSINGLB0403M,HOUSING,25-34,1990,9209.0,
CXUHOUSINGLB0403M,HOUSING,25-34,1991,9888.0,
CXUHOUSINGLB0403M,HOUSING,25-34,1992,10018.0,
CXUHOUSINGLB0403M,HOUSING,25-34,1993,9683.0,
CXUHOUSINGLB0403M,HOUSING,25-34,1994,10065.0,
CXUHOUSINGLB0403M,HOUSING,25-34,1995,10532.0,
CXUHOUSINGLB0403M,HOUSING,25-34,1996,11180.0,
CXUHOUSINGLB0403M,HOUSING,25-34,1997,11774.0,
CXUHOUSINGLB0403M,HOUSING,25-34,1998,12015.0,
CXUHOUSINGLB0403M,HOUSING,25-34,1999,12519.0,
CXUHOUSINGLB0403M,HOUSING,25-34,2000,13050.0,
CXUHOUSINGLB0403M,HOUSING,25-34,2001,13828.0,
CXUHOUSINGLB0403M,HOUSING,25-34,2002,13727.0,
CXUHOUSINGLB0403M,HOUSING,25-34,2003,14392.0,
CXUHOUSINGLB0403M,HOUSING,25-34,2004,14379.0,
CXUHOUSINGLB0403M,HOUSING,25-34,2005,15516.0,
CXUHOUSINGLB0403M,HOUSING,25-34,2006,17139.0,
CXUHOUSINGLB0403M,HOUSING,25-34,2007,17329.0,
CXUHOUSINGLB0403M,HOUSING,25-34,2008,17318.0,
CXUHOUSINGLB0403M,HOUSING,25-34,2009,17258.0,
CXUHOUSINGLB0403M,HOUSING,25-34,2010,16845.0,
CXUHOUSINGLB0403M,HOUSING,25-34,2011,17026.0,
CXUHOUSINGLB0403M,HOUSING,25-34,2012,17157.0,
CXUHOUSINGLB0403M,HOUSING,25-34,2013,17207.0,
CXUHOUSINGLB0403M,HOUSING,25-34,2014,17404.0,
CXUHOUSINGLB0403M,HOUSING,25-34,2015,18305.0,
CXUHOUSINGLB0403M,HOUSING,25-34,2016,18587.0,
CXUHOUSINGLB0403M,HOUSING,25-34,2017,19927.0,
CXUHOUSINGLB0403M,HOUSING,25-34,2018,19627.0,
CXUHOUSINGLB0403M,HOUSING,25-34,2019,20499.0,
CXUHOUSINGLB0403M,HOUSING,25-34,2020,21223.0,
CXUHOUSINGLB0403M,HOUSING,25-34,2021,22641.0,
CXUHOUSINGLB0403M,HOUSING,25-34,2022,24301.0,
CXUHOUSINGLB0403M,HOUSING,25-34,2023,25317.0,
CXUHOUSINGLB0403M,HOUSING,25-34,2024,26380.0,
CXUHOUSINGLB0404M,HOUSING,35-44,1984,8770.0,
CXUHOUSINGLB0404M,HOUSING,35-44,1985,9099.0,
CXUHOUSINGLB0404M,HOUSING,35-44,1986,9637.0,
CXUHOUSINGLB0404M,HOUSING,35-44,1987,9835.0,
CXUHOUSINGLB0404M,HOUSING,35-44,1988,10467.0,
CXUHOUSINGLB0404M,HOUSING,35-44,1989,10932.0,
CXUHOUSINGLB0404M,HOUSING,35-44,1990,11050.0,
CXUHOUSINGLB0404M,HOUSING,35-44,1991,11335.0,
CXUHOUSINGLB0404M,HOUSING,35-44,1992,12120.0,
CXUHOUSINGLB0404M,HOUSING,35-44,1993,12005.0,
CXUHOUSINGLB0404M,HOUSING,35-44,1994,12274.0,
CXUHOUSINGLB0404M,HOUSING,35-44,1995,12625.0,
CXUHOUSINGLB0404M,HOUSING,35-44,1996,12874.0,
CXUHOUSINGLB0404M,HOUSING,35-44,1997,13415.0,
CXUHOUSINGLB0404M,HOUSING,35-44,1998,14181.0,
CXUHOUSINGLB0404M,HOUSING,35-44,1999,14215.0,
CXUHOUSINGLB0404M,HOUSING,35-44,2000,15111.0,
CXUHOUSINGLB0404M,HOUSING,35-44,2001,15870.0,
CXUHOUSINGLB0404M,HOUSING,35-44,2002,16350.0,
CXUHOUSINGLB0404M,HOUSING,35-44,2003,16098.0,
CXUHOUSINGLB0404M,HOUSING,35-44,2004,16794.0,
CXUHOUSINGLB0404M,HOUSING,35-44,2005,18482.0,
CXUHOUSINGLB0404M,HOUSING,35-44,2006,20303.0,
CXUHOUSINGLB0404M,HOUSING,35-44,2007,20952.0,
CXUHOUSINGLB0404M,HOUSING,35-44,2008,20649.0,
CXUHOUSINGLB0404M,HOUSING,35-44,2009,20705.0,
CXUHOUSINGLB0404M,HOUSING,35-44,2010,20041.0,
CXUHOUSINGLB0404M,HOUSING,35-44,2011,19979.0,
CXUHOUSINGLB0404M,HOUSING,35-44,2012,19858.0,
CXUHOUSINGLB0404M,HOUSING,35-44,2013,20619.0,
CXUHOUSINGLB0404M,HOUSING,35-44,2014,21222.0,
CXUHOUSINGLB0404M,HOUSING,35-44,2015,22204.0,
CXUHOUSINGLB0404M,HOUSING,35-44,2016,22908.0,
CXUHOUSINGLB0404M,HOUSING,35-44,2017,23805.0,
CXUHOUSINGLB0404M,HOUSING,35-44,2018,23732.0,
CXUHOUSINGLB0404M,HOUSING,35-44,2019,24683.0,
CXUHOUSINGLB0404M,HOUSING,35-44,2020,26364.0,
CXUHOUSINGLB0404M,HOUSING,35-44,2021,26342.0,
CXUHOUSINGLB0404M,HOUSING,35-44,2022,28975.0,
CXUHOUSINGLB0404M,HOUSING,35-44,2023,30156.0,
CXUHOUSINGLB0404M,HOUSING,35-44,2024,30369.0,
CXUHOUSINGLB0405M,HOUSING,45-54,1984,8020.0,
CXUHOUSINGLB0405M,HOUSING,45-54,1985,8699.0,
CXUHOUSINGLB0405M,HOUSING,45-54,1986,9040.0,
CXUHOUSINGLB0405M,HOUSING,45-54,1987,8985.0,
CXUHOUSINGLB0405M,HOUSING,45-54,1988,9672.0,
CXUHOUSINGLB0405M,HOUSING,45-54,1989,10692.0,
CXUHOUSINGLB0405M,HOUSING,45-54,1990,10425.0,
CXUHOUSINGLB0405M,HOUSING,45-54,1991,11208.0,
CXUHOUSINGLB0405M,HOUSING,45-54,1992,11036.0,
CXUHOUSINGLB0405M,HOUSING,45-54,1993,12027.0,
CXUHOUSINGLB0405M,HOUSING,45-54,1994,12457.0,
CXUHOUSINGLB0405M,HOUSING,45-54,1995,12886.0,
CXUHOUSINGLB0405M,HOUSING,45-54,1996,12902.0,
CXUHOUSINGLB0405M,HOUSING,45-54,1997,13892.0,
CXUHOUSINGLB0405M,HOUSING,45-54,1998,14154.0,
CXUHOUSINGLB0405M,HOUSING,45-54,1999,14513.0,
CXUHOUSINGLB0405M,HOUSING,45-54,2000,14179.0,
CXUHOUSINGLB0405M,HOUSING,45-54,2001,15026.0,
CXUHOUSINGLB0405M,HOUSING,45-54,2002,15476.0,
CXUHOUSINGLB0405M,HOUSING,45-54,2003,15624.0,
CXUHOUSINGLB0405M,HOUSING,45-54,2004,16164.0,
CXUHOUSINGLB0405M,HOUSING,45-54,2005,17258.0,
CXUHOUSINGLB0405M,HOUSING,45-54,2006,18377.0,
CXUHOUSINGLB0405M,HOUSING,45-54,2007,19195.0,
CXUHOUSINGLB0405M,HOUSING,45-54,2008,19562.0,
CXUHOUSINGLB0405M,HOUSING,45-54,2009,19004.0,
CXUHOUSINGLB0405M,HOUSING,45-54,2010,18900.0,
CXUHOUSINGLB0405M,HOUSING,45-54,2011,18782.0,
CXUHOUSINGLB0405M,HOUSING,45-54,2012,19076.0,
CXUHOUSINGLB0405M,HOUSING,45-54,2013,19001.0,
CXUHOUSINGLB0405M,HOUSING,45-54,2014,20781.0,
CXUHOUSINGLB0405M,HOUSING,45-54,2015,21160.0,
CXUHOUSINGLB0405M,HOUSING,45-54,2016,22034.0,
CXUHOUSINGLB0405M,HOUSING,45-54,2017,23205.0,
CXUHOUSINGLB0405M,HOUSING,45-54,2018,23566.0,
CXUHOUSINGLB0405M,HOUSING,45-54,2019,23876.0,
CXUHOUSINGLB0405M,HOUSING,45-54,2020,24434.0,
CXUHOUSINGLB0405M,HOUSING,45-54,2021,26508.0,
CXUHOUSINGLB0405M,HOUSING,45-54,2022,28281.0,
CXUHOUSINGLB0405M,HOUSING,45-54,2023,29095.0,
CXUHOUSINGLB0405M,HOUSING,45-54,2024,30747.0,
CXUHOUSINGLB0406M,HOUSING,55-64,1984,6726.0,
CXUHOUSINGLB0406M,HOUSING,55-64,1985,6702.0,
CXUHOUSINGLB0406M,HOUSING,55-64,1986,6941.0,
CXUHOUSINGLB0406M,HOUSING,55-64,1987,7290.0,
CXUHOUSINGLB0406M,HOUSING,55-64,1988,7757.0,
CXUHOUSINGLB0406M,HOUSING,55-64,1989,8161.0,
CXUHOUSINGLB0406M,HOUSING,55-64,1990,8459.0,
CXUHOUSINGLB0406M,HOUSING,55-64,1991,9457.0,
CXUHOUSINGLB0406M,HOUSING,55-64,1992,9436.0,
CXUHOUSINGLB0406M,HOUSING,55-64,1993,9683.0,
CXUHOUSINGLB0406M,HOUSING,55-64,1994,10222.0,
CXUHOUSINGLB0406M,HOUSING,55-64,1995,10294.0,
CXUHOUSINGLB0406M,HOUSING,55-64,1996,10785.0,
CXUHOUSINGLB0406M,HOUSING,55-64,1997,11090.0,
CXUHOUSINGLB0406M,HOUSING,55-64,1998,11979.0,
CXUHOUSINGLB0406M,HOUSING,55-64,1999,12093.0,
CXUHOUSINGLB0406M,HOUSING,55-64,2000,12362.0,
CXUHOUSINGLB0406M,HOUSING,55-64,2001,12802.0,
CXUHOUSINGLB0406M,HOUSING,55-64,2002,13831.0,
CXUHOUSINGLB0406M,HOUSING,55-64,2003,13714.0,
CXUHOUSINGLB0406M,HOUSING,55-64,2004,14339.0,
CXUHOUSINGLB0406M,HOUSING,55-64,2005,15769.0,
CXUHOUSINGLB0406M,HOUSING,55-64,2006,16529.0,
CXUHOUSINGLB0406M,HOUSING,55-64,2007,17223.0,
CXUHOUSINGLB0406M,HOUSING,55-64,2008,17611.0,
CXUHOUSINGLB0406M,HOUSING,55-64,2009,16991.0,
CXUHOUSINGLB0406M,HOUSING,55-64,2010,16673.0,
CXUHOUSINGLB0406M,HOUSING,55-64,2011,17173.0,
CXUHOUSINGLB0406M,HOUSING,55-64,2012,17247.0,
CXUHOUSINGLB0406M,HOUSING,55-64,2013,17937.0,
CXUHOUSINGLB0406M,HOUSING,55-64,2014,18006.0,
CXUHOUSINGLB0406M,HOUSING,55-64,2015,18188.0,
CXUHOUSINGLB0406M,HOUSING,55-64,2016,18647.0,
CXUHOUSINGLB0406M,HOUSING,55-64,2017,20127.0,
CXUHOUSINGLB0406M,HOUSING,55-64,2018,20907.0,
CXUHOUSINGLB0406M,HOUSING,55-64,2019,21192.0,
CXUHOUSINGLB0406M,HOUSING,55-64,2020,21390.0,
CXUHOUSINGLB0406M,HOUSING,55-64,2021,23007.0,
CXUHOUSINGLB0406M,HOUSING,55-64,2022,24140.0,
CXUHOUSINGLB0406M,HOUSING,55-64,2023,25595.0,
CXUHOUSINGLB0406M,HOUSING,55-64,2024,27019.0,
CXUHOUSINGLB0407M,HOUSING,65+,1988,5551.0,
CXUHOUSINGLB0407M,HOUSING,65+,1989,6168.0,
CXUHOUSINGLB0407M,HOUSING,65+,1990,6025.0,
CXUHOUSINGLB0407M,HOUSING,65+,1991,6435.0,
CXUHOUSINGLB0407M,HOUSING,65+,1992,6733.0,
CXUHOUSINGLB0407M,HOUSING,65+,1993,6908.0,
CXUHOUSINGLB0407M,HOUSING,65+,1994,7445.0,
CXUHOUSINGLB0407M,HOUSING,65+,1995,7585.0,
CXUHOUSINGLB0407M,HOUSING,65+,1996,7945.0,
CXUHOUSINGLB0407M,HOUSING,65+,1997,8082.0,
CXUHOUSINGLB0407M,HOUSING,65+,1998,8388.0,
CXUHOUSINGLB0407M,HOUSING,65+,1999,8944.0,
CXUHOUSINGLB0407M,HOUSING,65+,2000,8759.0,
CXUHOUSINGLB0407M,HOUSING,65+,2001,9354.0,
CXUHOUSINGLB0407M,HOUSING,65+,2002,9176.0,
CXUHOUSINGLB0407M,HOUSING,65+,2003,9729.0,
CXUHOUSINGLB0407M,HOUSING,65+,2004,10259.0,
CXUHOUSINGLB0407M,HOUSING,65+,2005,11058.0,
CXUHOUSINGLB0407M,HOUSING,65+,2006,11787.0,
CXUHOUSINGLB0407M,HOUSING,65+,2007,12396.0,
CXUHOUSINGLB0407M,HOUSING,65+,2008,12993.0,
CXUHOUSINGLB0407M,HOUSING,65+,2009,13196.0,
CXUHOUSINGLB0407M,HOUSING,65+,2010,13015.0,
CXUHOUSINGLB0407M,HOUSING,65+,2011,13706.0,
CXUHOUSINGLB0407M,HOUSING,65+,2012,13833.0,
CXUHOUSINGLB0407M,HOUSING,65+,2013,14204.0,
CXUHOUSINGLB0407M,HOUSING,65+,2014,14779.0,
CXUHOUSINGLB0407M,HOUSING,65+,2015,15529.0,
CXUHOUSINGLB0407M,HOUSING,65+,2016,15886.0,
CXUHOUSINGLB0407M,HOUSING,65+,2017,16668.0,
CXUHOUSINGLB0407M,HOUSING,65+,2018,16940.0,
CXUHOUSINGLB0407M,HOUSING,65+,2019,17472.0,
CXUHOUSINGLB0407M,HOUSING,65+,2020,17441.0,
CXUHOUSINGLB0407M,HOUSING,65+,2021,18872.0,
CXUHOUSINGLB0407M,HOUSING,65+,2022,20362.0,
CXUHOUSINGLB0407M,HOUSING,65+,2023,21445.0,
CXUHOUSINGLB0407M,HOUSING,65+,2024,22193.0,
CXUHOUSINGLB0408M,HOUSING,65-74,1984,4901.0,
CXUHOUSINGLB0408M,HOUSING,65-74,1985,5611.0,
CXUHOUSINGLB0408M,HOUSING,65-74,1986,5379.0,
CXUHOUSINGLB0408M,HOUSING,65-74,1987,5965.0,
CXUHOUSINGLB0408M,HOUSING,65-74,1988,6178.0,
CXUHOUSINGLB0408M,HOUSING,65-74,1989,6773.0,
CXUHOUSINGLB0408M,HOUSING,65-74,1990,6449.0,
CXUHOUSINGLB0408M,HOUSING,65-74,1991,6849.0,
CXUHOUSINGLB0408M,HOUSING,65-74,1992,7143.0,
CXUHOUSINGLB0408M,HOUSING,65-74,1993,7304.0,
CXUHOUSINGLB0408M,HOUSING,65-74,1994,8017.0,
CXUHOUSINGLB0408M,HOUSING,65-74,1995,7918.0,
CXUHOUSINGLB0408M,HOUSING,65-74,1996,8895.0,
CXUHOUSINGLB0408M,HOUSING,65-74,1997,8876.0,
CXUHOUSINGLB0408M,HOUSING,65-74,1998,9085.0,
CXUHOUSINGLB0408M,HOUSING,65-74,1999,9607.0,
CXUHOUSINGLB0408M,HOUSING,65-74,2000,9671.0,
CXUHOUSINGLB0408M,HOUSING,65-74,2001,10629.0,
CXUHOUSINGLB0408M,HOUSING,65-74,2002,10052.0,
CXUHOUSINGLB0408M,HOUSING,65-74,2003,10761.0,
CXUHOUSINGLB0408M,HOUSING,65-74,2004,11152.0,
CXUHOUSINGLB0408M,HOUSING,65-74,2005,12474.0,
CXUHOUSINGLB0408M,HOUSING,65-74,2006,13273.0,
CXUHOUSINGLB0408M,HOUSING,65-74,2007,13547.0,
CXUHOUSINGLB0408M,HOUSING,65-74,2008,13845.0,
CXUHOUSINGLB0408M,HOUSING,65-74,2009,14462.0,
CXUHOUSINGLB0408M,HOUSING,65-74,2010,14420.0,
CXUHOUSINGLB0408M,HOUSING,65-74,2011,15105.0,
CXUHOUSINGLB0408M,HOUSING,65-74,2012,15076.0,
CXUHOUSINGLB0408M,HOUSING,65-74,2013,15639.0,
CXUHOUSINGLB0408M,HOUSING,65-74,2014,15838.0,
CXUHOUSINGLB0408M,HOUSING,65-74,2015,16465.0,
CXUHOUSINGLB0408M,HOUSING,65-74,2016,16858.0,
CXUHOUSINGLB0408M,HOUSING,65-74,2017,18068.0,
CXUHOUSINGLB0408M,HOUSING,65-74,2018,18007.0,
CXUHOUSINGLB0408M,HOUSING,65-74,2019,18709.0,
CXUHOUSINGLB0408M,HOUSING,65-74,2020,18500.0,
CXUHOUSINGLB0408M,HOUSING,65-74,2021,20078.0,
CXUHOUSINGLB0408M,HOUSING,65-74,2022,21094.0,
CXUHOUSINGLB0408M,HOUSING,65-74,2023,22216.0,
CXUHOUSINGLB0408M,HOUSING,65-74,2024,22329.0,
CXUHOUSINGLB0409M,HOUSING,75+,1984,4006.0,
CXUHOUSINGLB0409M,HOUSING,75+,1985,4399.0,
CXUHOUSINGLB0409M,HOUSING,75+,1986,4355.0,
CXUHOUSINGLB0409M,HOUSING,75+,1987,4521.0,
CXUHOUSINGLB0409M,HOUSING,75+,1988,4682.0,
CXUHOUSINGLB0409M,HOUSING,75+,1989,5324.0,
CXUHOUSINGLB0409M,HOUSING,75+,1990,5469.0,
CXUHOUSINGLB0409M,HOUSING,75+,1991,5871.0,
CXUHOUSINGLB0409M,HOUSING,75+,1992,6214.0,
CXUHOUSINGLB0409M,HOUSING,75+,1993,6417.0,
CXUHOUSINGLB0409M,HOUSING,75+,1994,6712.0,
CXUHOUSINGLB0409M,HOUSING,75+,1995,7185.0,
CXUHOUSINGLB0409M,HOUSING,75+,1996,6811.0,
CXUHOUSINGLB0409M,HOUSING,75+,1997,7107.0,
CXUHOUSINGLB0409M,HOUSING,75+,1998,7552.0,
CXUHOUSINGLB0409M,HOUSING,75+,1999,8223.0,
CXUHOUSINGLB0409M,HOUSING,75+,2000,7766.0,
CXUHOUSINGLB0409M,HOUSING,75+,2001,7988.0,
CXUHOUSINGLB0409M,HOUSING,75+,2002,8257.0,
CXUHOUSINGLB0409M,HOUSING,75+,2003,8678.0,
CXUHOUSINGLB0409M,HOUSING,75+,2004,9381.0,
CXUHOUSINGLB0409M,HOUSING,75+,2005,9612.0,
CXUHOUSINGLB0409M,HOUSING,75+,2006,10236.0,
CXUHOUSINGLB0409M,HOUSING,75+,2007,11173.0,
CXUHOUSINGLB0409M,HOUSING,75+,2008,12035.0,
CXUHOUSINGLB0409M,HOUSING,75+,2009,11811.0,
CXUHOUSINGLB0409M,HOUSING,75+,2010,11421.0,
CXUHOUSINGLB0409M,HOUSING,75+,2011,12046.0,
CXUHOUSINGLB0409M,HOUSING,75+,2012,12298.0,
CXUHOUSINGLB0409M,HOUSING,75+,2013,12314.0,
CXUHOUSINGLB0409M,HOUSING,75+,2014,13375.0,
CXUHOUSINGLB0409M,HOUSING,75+,2015,14253.0,
CXUHOUSINGLB0409M,HOUSING,75+,2016,14542.0,
CXUHOUSINGLB0409M,HOUSING,75+,2017,14692.0,
CXUHOUSINGLB0409M,HOUSING,75+,2018,15427.0,
CXUHOUSINGLB0409M,HOUSING,75+,2019,15806.0,
CXUHOUSINGLB0409M,HOUSING,75+,2020,15942.0,
CXUHOUSINGLB0409M,HOUSING,75+,2021,17098.0,
CXUHOUSINGLB0409M,HOUSING,75+,2022,19317.0,
CXUHOUSINGLB0409M,HOUSING,75+,2023,20370.0,
CXUHOUSINGLB0409M,HOUSING,75+,2024,21999.0,
CXUHOUSINGLB0401M,HOUSING,All CUs,1984,6674.0,
CXUHOUSINGLB0401M,HOUSING,All CUs,1985,7087.0,
CXUHOUSINGLB0401M,HOUSING,All CUs,1986,7292.0,
CXUHOUSINGLB0401M,HOUSING,All CUs,1987,7569.0,
CXUHOUSINGLB0401M,HOUSING,All CUs,1988,8079.0,
CXUHOUSINGLB0401M,HOUSING,All CUs,1989,8609.0,
CXUHOUSINGLB0401M,HOUSING,All CUs,1990,8703.0,
CXUHOUSINGLB0401M,HOUSING,All CUs,1991,9252.0,
CXUHOUSINGLB0401M,HOUSING,All CUs,1992,9477.0,
CXUHOUSINGLB0401M,HOUSING,All CUs,1993,9636.0,
CXUHOUSINGLB0401M,HOUSING,All CUs,1994,10106.0,
CXUHOUSINGLB0401M,HOUSING,All CUs,1995,10458.0,
CXUHOUSINGLB0401M,HOUSING,All CUs,1996,10747.0,
CXUHOUSINGLB0401M,HOUSING,All CUs,1997,11272.0,
CXUHOUSINGLB0401M,HOUSING,All CUs,1998,11713.0,
CXUHOUSINGLB0401M,HOUSING,All CUs,1999,12057.0,
CXUHOUSINGLB0401M,HOUSING,All CUs,2000,12319.0,
CXUHOUSINGLB0401M,HOUSING,All CUs,2001,13011.0,
CXUHOUSINGLB0401M,HOUSING,All CUs,2002,13283.0,
CXUHOUSINGLB0401M,HOUSING,All CUs,2003,13432.0,
CXUHOUSINGLB0401M,HOUSING,All CUs,2004,13918.0,
CXUHOUSINGLB0401M,HOUSING,All CUs,2005,15167.0,
CXUHOUSINGLB0401M,HOUSING,All CUs,2006,16366.0,
CXUHOUSINGLB0401M,HOUSING,All CUs,2007,16920.0,
CXUHOUSINGLB0401M,HOUSING,All CUs,2008,17109.0,
CXUHOUSINGLB0401M,HOUSING,All CUs,2009,16895.0,
CXUHOUSINGLB0401M,HOUSING,All CUs,2010,16557.0,
CXUHOUSINGLB0401M,HOUSING,All CUs,2011,16803.0,
CXUHOUSINGLB0401M,HOUSING,All CUs,2012,16887.0,
CXUHOUSINGLB0401M,HOUSING,All CUs,2013,17148.0,
CXUHOUSINGLB0401M,HOUSING,All CUs,2014,17798.0,
CXUHOUSINGLB0401M,HOUSING,All CUs,2015,18409.0,
CXUHOUSINGLB0401M,HOUSING,All CUs,2016,18886.0,
CXUHOUSINGLB0401M,HOUSING,All CUs,2017,19884.0,
CXUHOUSINGLB0401M,HOUSING,All CUs,2018,20091.0,
CXUHOUSINGLB0401M,HOUSING,All CUs,2019,20679.0,
CXUHOUSINGLB0401M,HOUSING,All CUs,2020,21417.0,
CXUHOUSINGLB0401M,HOUSING,All CUs,2021,22624.0,
CXUHOUSINGLB0401M,HOUSING,All CUs,2022,24298.0,
CXUHOUSINGLB0401M,HOUSING,All CUs,2023,25436.0,
CXUHOUSINGLB0401M,HOUSING,All CUs,2024,26266.0,
CXUHOUSINGLB0402M,HOUSING,Under 25,1984,3752.0,
CXUHOUSINGLB0402M,HOUSING,Under 25,1985,3722.0,
CXUHOUSINGLB0402M,HOUSING,Under 25,1986,4245.0,
CXUHOUSINGLB0402M,HOUSING,Under 25,1987,4307.0,
CXUHOUSINGLB0402M,HOUSING,Under 25,1988,4746.0,
CXUHOUSINGLB0402M,HOUSING,Under 25,1989,4783.0,
CXUHOUSINGLB0402M,HOUSING,Under 25,1990,4845.0,
CXUHOUSINGLB0402M,HOUSING,Under 25,1991,4886.0,
CXUHOUSINGLB0402M,HOUSING,Under 25,1992,5135.0,
CXUHOUSINGLB0402M,HOUSING,Under 25,1993,5297.0,
CXUHOUSINGLB0402M,HOUSING,Under 25,1994,5594.0,
CXUHOUSINGLB0402M,HOUSING,Under 25,1995,5908.0,
CXUHOUSINGLB0402M,HOUSING,Under 25,1996,5583.0,
CXUHOUSINGLB0402M,HOUSING,Under 25,1997,5860.0,
CXUHOUSINGLB0402M,HOUSING,Under 25,1998,6151.0,
CXUHOUSINGLB0402M,HOUSING,Under 25,1999,6585.0,
CXUHOUSINGLB0402M,HOUSING,Under 25,2000,7109.0,
CXUHOUSINGLB0402M,HOUSING,Under 25,2001,7585.0,
CXUHOUSINGLB0402M,HOUSING,Under 25,2002,7436.0,
CXUHOUSINGLB0402M,HOUSING,Under 25,2003,7095.0,
CXUHOUSINGLB0402M,HOUSING,Under 25,2004,7649.0,
CXUHOUSINGLB0402M,HOUSING,Under 25,2005,8940.0,
CXUHOUSINGLB0402M,HOUSING,Under 25,2006,9355.0,
CXUHOUSINGLB0402M,HOUSING,Under 25,2007,9598.0,
CXUHOUSINGLB0402M,HOUSING,Under 25,2008,9975.0,
CXUHOUSINGLB0402M,HOUSING,Under 25,2009,9735.0,
CXUHOUSINGLB0402M,HOUSING,Under 25,2010,9553.0,
CXUHOUSINGLB0402M,HOUSING,Under 25,2011,10282.0,
CXUHOUSINGLB0402M,HOUSING,Under 25,2012,10957.0,
CXUHOUSINGLB0402M,HOUSING,Under 25,2013,10379.0,
CXUHOUSINGLB0402M,HOUSING,Under 25,2014,11459.0,
CXUHOUSINGLB0402M,HOUSING,Under 25,2015,11328.0,
CXUHOUSINGLB0402M,HOUSING,Under 25,2016,11391.0,
CXUHOUSINGLB0402M,HOUSING,Under 25,2017,11255.0,
CXUHOUSINGLB0402M,HOUSING,Under 25,2018,11410.0,
CXUHOUSINGLB0402M,HOUSING,Under 25,2019,12741.0,
CXUHOUSINGLB0402M,HOUSING,Under 25,2020,14750.0,
CXUHOUSINGLB0402M,HOUSING,Under 25,2021,15677.0,
CXUHOUSINGLB0402M,HOUSING,Under 25,2022,16837.0,
CXUHOUSINGLB0402M,HOUSING,Under 25,2023,17609.0,
CXUHOUSINGLB0402M,HOUSING,Under 25,2024,16853.0,
CXUINCAFTTXLB0403M,INCAFTTX,25-34,1984,21684.0,1
CXUINCAFTTXLB0403M,INCAFTTX,25-34,1985,23025.0,1
CXUINCAFTTXLB0403M,INCAFTTX,25-34,1986,23476.0,1
CXUINCAFTTXLB0403M,INCAFTTX,25-34,1987,25322.0,1
CXUINCAFTTXLB0403M,INCAFTTX,25-34,1988,25928.0,1
CXUINCAFTTXLB0403M,INCAFTTX,25-34,1989,27951.0,1
CXUINCAFTTXLB0403M,INCAFTTX,25-34,1990,29371.0,1
CXUINCAFTTXLB0403M,INCAFTTX,25-34,1991,30863.0,1
CXUINCAFTTXLB0403M,INCAFTTX,25-34,1992,30114.0,1
CXUINCAFTTXLB0403M,INCAFTTX,25-34,1993,30267.0,1
CXUINCAFTTXLB0403M,INCAFTTX,25-34,1994,31013.0,1
CXUINCAFTTXLB0403M,INCAFTTX,25-34,1995,32359.0,1
CXUINCAFTTXLB0403M,INCAFTTX,25-34,1996,34618.0,1
CXUINCAFTTXLB0403M,INCAFTTX,25-34,1997,36871.0,1
CXUINCAFTTXLB0403M,INCAFTTX,25-34,1998,38430.0,1
CXUINCAFTTXLB0403M,INCAFTTX,25-34,1999,39405.0,1
CXUINCAFTTXLB0403M,INCAFTTX,25-34,2000,42665.0,1
CXUINCAFTTXLB0403M,INCAFTTX,25-34,2001,46490.0,1
CXUINCAFTTXLB0403M,INCAFTTX,25-34,2002,46875.0,1
CXUINCAFTTXLB0403M,INCAFTTX,25-34,2003,48410.0,1
CXUINCAFTTXLB0403M,INCAFTTX,25-34,2004,50819.0,
CXUINCAFTTXLB0403M,INCAFTTX,25-34,2005,53257.0,
CXUINCAFTTXLB0403M,INCAFTTX,25-34,2006,55676.0,
CXUINCAFTTXLB0403M,INCAFTTX,25-34,2007,55765.0,
CXUINCAFTTXLB0403M,INCAFTTX,25-34,2008,58809.0,
CXUINCAFTTXLB0403M,INCAFTTX,25-34,2009,57239.0,
CXUINCAFTTXLB0403M,INCAFTTX,25-34,2010,58558.0,
CXUINCAFTTXLB0403M,INCAFTTX,25-34,2011,56851.0,
CXUINCAFTTXLB0403M,INCAFTTX,25-34,2012,57437.0,
CXUINCAFTTXLB0403M,INCAFTTX,25-34,2013,53178.0,8
CXUINCAFTTXLB0403M,INCAFTTX,25-34,2014,54622.0,8
CXUINCAFTTXLB0403M,INCAFTTX,25-34,2015,57274.0,8
CXUINCAFTTXLB0403M,INCAFTTX,25-34,2016,58862.0,8
CXUINCAFTTXLB0403M,INCAFTTX,25-34,2017,61145.0,8
CXUINCAFTTXLB0403M,INCAFTTX,25-34,2018,64518.0,8
CXUINCAFTTXLB0403M,INCAFTTX,25-34,2019,67887.0,8
CXUINCAFTTXLB0403M,INCAFTTX,25-34,2020,73273.0,8
CXUINCAFTTXLB0403M,INCAFTTX,25-34,2021,78214.0,8
CXUINCAFTTXLB0403M,INCAFTTX,25-34,2022,80769.0,8
CXUINCAFTTXLB0403M,INCAFTTX,25-34,2023,84939.0,8
CXUINCAFTTXLB0404M,INCAFTTX,35-44,1984,27489.0,1
CXUINCAFTTXLB0404M,INCAFTTX,35-44,1985,29642.0,1
CXUINCAFTTXLB0404M,INCAFTTX,35-44,1986,31133.0,1
CXUINCAFTTXLB0404M,INCAFTTX,35-44,1987,32666.0,1
CXUINCAFTTXLB0404M,INCAFTTX,35-44,1988,33227.0,1
CXUINCAFTTXLB0404M,INCAFTTX,35-44,1989,36931.0,1
CXUINCAFTTXLB0404M,INCAFTTX,35-44,1990,36737.0,1
CXUINCAFTTXLB0404M,INCAFTTX,35-44,1991,37583.0,1
CXUINCAFTTXLB0404M,INCAFTTX,35-44,1992,39518.0,1
CXUINCAFTTXLB0404M,INCAFTTX,35-44,1993,40858.0,1
CXUINCAFTTXLB0404M,INCAFTTX,35-44,1994,41567.0,1
CXUINCAFTTXLB0404M,INCAFTTX,35-44,1995,41338.0,1
CXUINCAFTTXLB0404M,INCAFTTX,35-44,1996,44178.0,1
CXUINCAFTTXLB0404M,INCAFTTX,35-44,1997,44510.0,1
CXUINCAFTTXLB0404M,INCAFTTX,35-44,1998,46762.0,1
CXUINCAFTTXLB0404M,INCAFTTX,35-44,1999,49616.0,1
CXUINCAFTTXLB0404M,INCAFTTX,35-44,2000,52626.0,1
CXUINCAFTTXLB0404M,INCAFTTX,35-44,2001,55326.0,1
CXUINCAFTTXLB0404M,INCAFTTX,35-44,2002,58457.0,1
CXUINCAFTTXLB0404M,INCAFTTX,35-44,2003,58275.0,1
CXUINCAFTTXLB0404M,INCAFTTX,35-44,2004,63202.0,
CXUINCAFTTXLB0404M,INCAFTTX,35-44,2005,69619.0,
CXUINCAFTTXLB0404M,INCAFTTX,35-44,2006,72445.0,
CXUINCAFTTXLB0404M,INCAFTTX,35-44,2007,74051.0,
CXUINCAFTTXLB0404M,INCAFTTX,35-44,2008,75677.0,
CXUINCAFTTXLB0404M,INCAFTTX,35-44,2009,74900.0,
CXUINCAFTTXLB0404M,INCAFTTX,35-44,2010,74136.0,
CXUINCAFTTXLB0404M,INCAFTTX,35-44,2011,75537.0,
CXUINCAFTTXLB0404M,INCAFTTX,35-44,2012,76376.0,
CXUINCAFTTXLB0404M,INCAFTTX,35-44,2013,69152.0,8
CXUINCAFTTXLB0404M,INCAFTTX,35-44,2014,72495.0,8
CXUINCAFTTXLB0404M,INCAFTTX,35-44,2015,72980.0,8
CXUINCAFTTXLB0404M,INCAFTTX,35-44,2016,79271.0,8
CXUINCAFTTXLB0404M,INCAFTTX,35-44,2017,75609.0,8
CXUINCAFTTXLB0404M,INCAFTTX,35-44,2018,82386.0,8
CXUINCAFTTXLB0404M,INCAFTTX,35-44,2019,89486.0,8
CXUINCAFTTXLB0404M,INCAFTTX,35-44,2020,92692.0,8
CXUINCAFTTXLB0404M,INCAFTTX,35-44,2021,97916.0,8
CXUINCAFTTXLB0404M,INCAFTTX,35-44,2022,103263.0,8
CXUINCAFTTXLB0404M,INCAFTTX,35-44,2023,109075.0,8
CXUINCAFTTXLB0405M,INCAFTTX,45-54,1984,27589.0,1
CXUINCAFTTXLB0405M,INCAFTTX,45-54,1985,30354.0,1
CXUINCAFTTXLB0405M,INCAFTTX,45-54,1986,30055.0,1
CXUINCAFTTXLB0405M,INCAFTTX,45-54,1987,33064.0,1
CXUINCAFTTXLB0405M,INCAFTTX,45-54,1988,35999.0,1
CXUINCAFTTXLB0405M,INCAFTTX,45-54,1989,37849.0,1
CXUINCAFTTXLB0405M,INCAFTTX,45-54,1990,39381.0,1
CXUINCAFTTXLB0405M,INCAFTTX,45-54,1991,43828.0,1
CXUINCAFTTXLB0405M,INCAFTTX,45-54,1992,41659.0,1
CXUINCAFTTXLB0405M,INCAFTTX,45-54,1993,43970.0,1
CXUINCAFTTXLB0405M,INCAFTTX,45-54,1994,44024.0,1
CXUINCAFTTXLB0405M,INCAFTTX,45-54,1995,47121.0,1
CXUINCAFTTXLB0405M,INCAFTTX,45-54,1996,46994.0,1
CXUINCAFTTXLB0405M,INCAFTTX,45-54,1997,50397.0,1
CXUINCAFTTXLB0405M,INCAFTTX,45-54,1998,53257.0,1
CXUINCAFTTXLB0405M,INCAFTTX,45-54,1999,54459.0,1
CXUINCAFTTXLB0405M,INCAFTTX,45-54,2000,54149.0,1
CXUINCAFTTXLB0405M,INCAFTTX,45-54,2001,56499.0,1
CXUINCAFTTXLB0405M,INCAFTTX,45-54,2002,60923.0,1
CXUINCAFTTXLB0405M,INCAFTTX,45-54,2003,64080.0,1
CXUINCAFTTXLB0405M,INCAFTTX,45-54,2004,66761.0,
CXUINCAFTTXLB0405M,INCAFTTX,45-54,2005,71442.0,
CXUINCAFTTXLB0405M,INCAFTTX,45-54,2006,73683.0,
CXUINCAFTTXLB0405M,INCAFTTX,45-54,2007,77075.0,
CXUINCAFTTXLB0405M,INCAFTTX,45-54,2008,78537.0,
CXUINCAFTTXLB0405M,INCAFTTX,45-54,2009,77460.0,
CXUINCAFTTXLB0405M,INCAFTTX,45-54,2010,76266.0,
CXUINCAFTTXLB0405M,INCAFTTX,45-54,2011,75234.0,
CXUINCAFTTXLB0405M,INCAFTTX,45-54,2012,78859.0,
CXUINCAFTTXLB0405M,INCAFTTX,45-54,2013,68048.0,8
CXUINCAFTTXLB0405M,INCAFTTX,45-54,2014,74344.0,8
CXUINCAFTTXLB0405M,INCAFTTX,45-54,2015,79845.0,8
CXUINCAFTTXLB0405M,INCAFTTX,45-54,2016,83084.0,8
CXUINCAFTTXLB0405M,INCAFTTX,45-54,2017,83939.0,8
CXUINCAFTTXLB0405M,INCAFTTX,45-54,2018,90152.0,8
CXUINCAFTTXLB0405M,INCAFTTX,45-54,2019,91384.0,8
CXUINCAFTTXLB0405M,INCAFTTX,45-54,2020,100209.0,8
CXUINCAFTTXLB0405M,INCAFTTX,45-54,2021,103497.0,8
CXUINCAFTTXLB0405M,INCAFTTX,45-54,2022,110246.0,8
CXUINCAFTTXLB0405M,INCAFTTX,45-54,2023,115653.0,8
CXUINCAFTTXLB0406M,INCAFTTX,55-64,1984,23660.0,1
CXUINCAFTTXLB0406M,INCAFTTX,55-64,1985,24648.0,1
CXUINCAFTTXLB0406M,INCAFTTX,55-64,1986,25543.0,1
CXUINCAFTTXLB0406M,INCAFTTX,55-64,1987,28137.0,1
CXUINCAFTTXLB0406M,INCAFTTX,55-64,1988,27327.0,1
CXUINCAFTTXLB0406M,INCAFTTX,55-64,1989,31119.0,1
CXUINCAFTTXLB0406M,INCAFTTX,55-64,1990,31802.0,1
CXUINCAFTTXLB0406M,INCAFTTX,55-64,1991,34401.0,1
CXUINCAFTTXLB0406M,INCAFTTX,55-64,1992,33901.0,1
CXUINCAFTTXLB0406M,INCAFTTX,55-64,1993,34756.0,1
CXUINCAFTTXLB0406M,INCAFTTX,55-64,1994,37408.0,1
CXUINCAFTTXLB0406M,INCAFTTX,55-64,1995,35201.0,1
CXUINCAFTTXLB0406M,INCAFTTX,55-64,1996,37025.0,1
CXUINCAFTTXLB0406M,INCAFTTX,55-64,1997,38234.0,1
CXUINCAFTTXLB0406M,INCAFTTX,55-64,1998,40834.0,1
CXUINCAFTTXLB0406M,INCAFTTX,55-64,1999,45193.0,1
CXUINCAFTTXLB0406M,INCAFTTX,55-64,2000,44109.0,1
CXUINCAFTTXLB0406M,INCAFTTX,55-64,2001,48433.0,1
CXUINCAFTTXLB0406M,INCAFTTX,55-64,2002,50306.0,1
CXUINCAFTTXLB0406M,INCAFTTX,55-64,2003,55844.0,1
CXUINCAFTTXLB0406M,INCAFTTX,55-64,2004,58043.0,
CXUINCAFTTXLB0406M,INCAFTTX,55-64,2005,61068.0,
CXUINCAFTTXLB0406M,INCAFTTX,55-64,2006,60894.0,
CXUINCAFTTXLB0406M,INCAFTTX,55-64,2007,67965.0,
CXUINCAFTTXLB0406M,INCAFTTX,55-64,2008,69009.0,
CXUINCAFTTXLB0406M,INCAFTTX,55-64,2009,67586.0,
CXUINCAFTTXLB0406M,INCAFTTX,55-64,2010,66611.0,
CXUINCAFTTXLB0406M,INCAFTTX,55-64,2011,72115.0,
CXUINCAFTTXLB0406M,INCAFTTX,55-64,2012,73302.0,
CXUINCAFTTXLB0406M,INCAFTTX,55-64,2013,63312.0,8
CXUINCAFTTXLB0406M,INCAFTTX,55-64,2014,63703.0,8
CXUINCAFTTXLB0406M,INCAFTTX,55-64,2015,63984.0,8
CXUINCAFTTXLB0406M,INCAFTTX,55-64,2016,67814.0,8
CXUINCAFTTXLB0406M,INCAFTTX,55-64,2017,71520.0,8
CXUINCAFTTXLB0406M,INCAFTTX,55-64,2018,73351.0,8
CXUINCAFTTXLB0406M,INCAFTTX,55-64,2019,81865.0,8
CXUINCAFTTXLB0406M,INCAFTTX,55-64,2020,79146.0,8
CXUINCAFTTXLB0406M,INCAFTTX,55-64,2021,85573.0,8
CXUINCAFTTXLB0406M,INCAFTTX,55-64,2022,90269.0,8
CXUINCAFTTXLB0406M,INCAFTTX,55-64,2023,97276.0,8
CXUINCAFTTXLB0407M,INCAFTTX,65+,1988,16816.0,1
CXUINCAFTTXLB0407M,INCAFTTX,65+,1989,18575.0,1
CXUINCAFTTXLB0407M,INCAFTTX,65+,1990,17705.0,1
CXUINCAFTTXLB0407M,INCAFTTX,65+,1991,18515.0,1
CXUINCAFTTXLB0407M,INCAFTTX,65+,1992,19606.0,1
CXUINCAFTTXLB0407M,INCAFTTX,65+,1993,20080.0,1
CXUINCAFTTXLB0407M,INCAFTTX,65+,1994,21302.0,1
CXUINCAFTTXLB0407M,INCAFTTX,65+,1995,21068.0,1
CXUINCAFTTXLB0407M,INCAFTTX,65+,1996,21181.0,1
CXUINCAFTTXLB0407M,INCAFTTX,65+,1997,22640.0,1
CXUINCAFTTXLB0407M,INCAFTTX,65+,1998,22892.0,1
CXUINCAFTTXLB0407M,INCAFTTX,65+,1999,25325.0,1
CXUINCAFTTXLB0407M,INCAFTTX,65+,2000,23890.0,1
CXUINCAFTTXLB0407M,INCAFTTX,65+,2001,26414.0,1
CXUINCAFTTXLB0407M,INCAFTTX,65+,2002,28674.0,1
CXUINCAFTTXLB0407M,INCAFTTX,65+,2003,28559.0,1
CXUINCAFTTXLB0407M,INCAFTTX,65+,2004,34040.0,
CXUINCAFTTXLB0407M,INCAFTTX,65+,2005,36007.0,
CXUINCAFTTXLB0407M,INCAFTTX,65+,2006,36753.0,
CXUINCAFTTXLB0407M,INCAFTTX,65+,2007,39179.0,
CXUINCAFTTXLB0407M,INCAFTTX,65+,2008,38841.0,
CXUINCAFTTXLB0407M,INCAFTTX,65+,2009,39054.0,
CXUINCAFTTXLB0407M,INCAFTTX,65+,2010,40626.0,
CXUINCAFTTXLB0407M,INCAFTTX,65+,2011,42326.0,
CXUINCAFTTXLB0407M,INCAFTTX,65+,2012,43969.0,
CXUINCAFTTXLB0407M,INCAFTTX,65+,2013,41885.0,8
CXUINCAFTTXLB0407M,INCAFTTX,65+,2014,41878.0,8
CXUINCAFTTXLB0407M,INCAFTTX,65+,2015,42959.0,8
CXUINCAFTTXLB0407M,INCAFTTX,65+,2016,44015.0,8
CXUINCAFTTXLB0407M,INCAFTTX,65+,2017,44051.0,8
CXUINCAFTTXLB0407M,INCAFTTX,65+,2018,46990.0,8
CXUINCAFTTXLB0407M,INCAFTTX,65+,2019,49445.0,8
CXUINCAFTTXLB0407M,INCAFTTX,65+,2020,50133.0,8
CXUINCAFTTXLB0407M,INCAFTTX,65+,2021,53149.0,8
CXUINCAFTTXLB0407M,INCAFTTX,65+,2022,56246.0,8
CXUINCAFTTXLB0407M,INCAFTTX,65+,2023,58969.0,8
CXUINCAFTTXLB0408M,INCAFTTX,65-74,1984,14759.0,1
CXUINCAFTTXLB0408M,INCAFTTX,65-74,1985,17170.0,1
CXUINCAFTTXLB0408M,INCAFTTX,65-74,1986,16688.0,1
CXUINCAFTTXLB0408M,INCAFTTX,65-74,1987,17637.0,1
CXUINCAFTTXLB0408M,INCAFTTX,65-74,1988,19683.0,1
CXUINCAFTTXLB0408M,INCAFTTX,65-74,1989,20758.0,1
CXUINCAFTTXLB0408M,INCAFTTX,65-74,1990,20123.0,1
CXUINCAFTTXLB0408M,INCAFTTX,65-74,1991,21339.0,1
CXUINCAFTTXLB0408M,INCAFTTX,65-74,1992,21642.0,1
CXUINCAFTTXLB0408M,INCAFTTX,65-74,1993,22958.0,1
CXUINCAFTTXLB0408M,INCAFTTX,65-74,1994,23362.0,1
CXUINCAFTTXLB0408M,INCAFTTX,65-74,1995,24205.0,1
CXUINCAFTTXLB0408M,INCAFTTX,65-74,1996,24075.0,1
CXUINCAFTTXLB0408M,INCAFTTX,65-74,1997,25786.0,1
CXUINCAFTTXLB0408M,INCAFTTX,65-74,1998,25654.0,1
CXUINCAFTTXLB0408M,INCAFTTX,65-74,1999,27567.0,1
CXUINCAFTTXLB0408M,INCAFTTX,65-74,2000,27553.0,1
CXUINCAFTTXLB0408M,INCAFTTX,65-74,2001,30801.0,1
CXUINCAFTTXLB0408M,INCAFTTX,65-74,2002,33562.0,1
CXUINCAFTTXLB0408M,INCAFTTX,65-74,2003,33859.0,1
CXUINCAFTTXLB0408M,INCAFTTX,65-74,2004,41126.0,
CXUINCAFTTXLB0408M,INCAFTTX,65-74,2005,43976.0,
CXUINCAFTTXLB0408M,INCAFTTX,65-74,2006,44304.0,
CXUINCAFTTXLB0408M,INCAFTTX,65-74,2007,46334.0,
CXUINCAFTTXLB0408M,INCAFTTX,65-74,2008,44402.0,
CXUINCAFTTXLB0408M,INCAFTTX,65-74,2009,46147.0,
CXUINCAFTTXLB0408M,INCAFTTX,65-74,2010,48595.0,
CXUINCAFTTXLB0408M,INCAFTTX,65-74,2011,51161.0,
CXUINCAFTTXLB0408M,INCAFTTX,65-74,2012,52510.0,
CXUINCAFTTXLB0408M,INCAFTTX,65-74,2013,48742.0,8
CXUINCAFTTXLB0408M,INCAFTTX,65-74,2014,47779.0,8
CXUINCAFTTXLB0408M,INCAFTTX,65-74,2015,49079.0,8
CXUINCAFTTXLB0408M,INCAFTTX,65-74,2016,51358.0,8
CXUINCAFTTXLB0408M,INCAFTTX,65-74,2017,50721.0,8
CXUINCAFTTXLB0408M,INCAFTTX,65-74,2018,54357.0,8
CXUINCAFTTXLB0408M,INCAFTTX,65-74,2019,57371.0,8
CXUINCAFTTXLB0408M,INCAFTTX,65-74,2020,56684.0,8
CXUINCAFTTXLB0408M,INCAFTTX,65-74,2021,59872.0,8
CXUINCAFTTXLB0408M,INCAFTTX,65-74,2022,62461.0,8
CXUINCAFTTXLB0408M,INCAFTTX,65-74,2023,65461.0,8
CXUINCAFTTXLB0409M,INCAFTTX,75+,1984,10954.0,1
CXUINCAFTTXLB0409M,INCAFTTX,75+,1985,11553.0,1
CXUINCAFTTXLB0409M,INCAFTTX,75+,1986,11730.0,1
CXUINCAFTTXLB0409M,INCAFTTX,75+,1987,12280.0,1
CXUINCAFTTXLB0409M,INCAFTTX,75+,1988,12886.0,1
CXUINCAFTTXLB0409M,INCAFTTX,75+,1989,15425.0,1
CXUINCAFTTXLB0409M,INCAFTTX,75+,1990,14606.0,1
CXUINCAFTTXLB0409M,INCAFTTX,75+,1991,14612.0,1
CXUINCAFTTXLB0409M,INCAFTTX,75+,1992,17084.0,1
CXUINCAFTTXLB0409M,INCAFTTX,75+,1993,16569.0,1
CXUINCAFTTXLB0409M,INCAFTTX,75+,1994,18676.0,1
CXUINCAFTTXLB0409M,INCAFTTX,75+,1995,17252.0,1
CXUINCAFTTXLB0409M,INCAFTTX,75+,1996,17733.0,1
CXUINCAFTTXLB0409M,INCAFTTX,75+,1997,18590.0,1
CXUINCAFTTXLB0409M,INCAFTTX,75+,1998,19442.0,1
CXUINCAFTTXLB0409M,INCAFTTX,75+,1999,22800.0,1
CXUINCAFTTXLB0409M,INCAFTTX,75+,2000,19759.0,1
CXUINCAFTTXLB0409M,INCAFTTX,75+,2001,21631.0,1
CXUINCAFTTXLB0409M,INCAFTTX,75+,2002,23411.0,1
CXUINCAFTTXLB0409M,INCAFTTX,75+,2003,23185.0,1
CXUINCAFTTXLB0409M,INCAFTTX,75+,2004,27142.0,
CXUINCAFTTXLB0409M,INCAFTTX,75+,2005,27924.0,
CXUINCAFTTXLB0409M,INCAFTTX,75+,2006,28850.0,
CXUINCAFTTXLB0409M,INCAFTTX,75+,2007,31634.0,
CXUINCAFTTXLB0409M,INCAFTTX,75+,2008,32747.0,
CXUINCAFTTXLB0409M,INCAFTTX,75+,2009,31272.0,
CXUINCAFTTXLB0409M,INCAFTTX,75+,2010,31638.0,
CXUINCAFTTXLB0409M,INCAFTTX,75+,2011,31779.0,
CXUINCAFTTXLB0409M,INCAFTTX,75+,2012,33439.0,
CXUINCAFTTXLB0409M,INCAFTTX,75+,2013,32744.0,8
CXUINCAFTTXLB0409M,INCAFTTX,75+,2014,34056.0,8
CXUINCAFTTXLB0409M,INCAFTTX,75+,2015,34553.0,8
CXUINCAFTTXLB0409M,INCAFTTX,75+,2016,33747.0,8
CXUINCAFTTXLB0409M,INCAFTTX,75+,2017,34684.0,8
CXUINCAFTTXLB0409M,INCAFTTX,75+,2018,36609.0,8
CXUINCAFTTXLB0409M,INCAFTTX,75+,2019,38873.0,8
CXUINCAFTTXLB0409M,INCAFTTX,75+,2020,41053.0,8
CXUINCAFTTXLB0409M,INCAFTTX,75+,2021,43217.0,8
CXUINCAFTTXLB0409M,INCAFTTX,75+,2022,47395.0,8
CXUINCAFTTXLB0409M,INCAFTTX,75+,2023,49981.0,8
CXUINCAFTTXLB0401M,INCAFTTX,All CUs,1984,21237.0,1
CXUINCAFTTXLB0401M,INCAFTTX,All CUs,1985,22887.0,1
CXUINCAFTTXLB0401M,INCAFTTX,All CUs,1986,23172.0,1
CXUINCAFTTXLB0401M,INCAFTTX,All CUs,1987,24871.0,1
CXUINCAFTTXLB0401M,INCAFTTX,All CUs,1988,26149.0,1
CXUINCAFTTXLB0401M,INCAFTTX,All CUs,1989,28496.0,1
CXUINCAFTTXLB0401M,INCAFTTX,All CUs,1990,28937.0,1
CXUINCAFTTXLB0401M,INCAFTTX,All CUs,1991,30729.0,1
CXUINCAFTTXLB0401M,INCAFTTX,All CUs,1992,30786.0,1
CXUINCAFTTXLB0401M,INCAFTTX,All CUs,1993,31890.0,1
CXUINCAFTTXLB0401M,INCAFTTX,All CUs,1994,33098.0,1
CXUINCAFTTXLB0401M,INCAFTTX,All CUs,1995,33864.0,1
CXUINCAFTTXLB0401M,INCAFTTX,All CUs,1996,34864.0,1
CXUINCAFTTXLB0401M,INCAFTTX,All CUs,1997,36684.0,1
CXUINCAFTTXLB0401M,INCAFTTX,All CUs,1998,38358.0,1
CXUINCAFTTXLB0401M,INCAFTTX,All CUs,1999,40652.0,1
CXUINCAFTTXLB0401M,INCAFTTX,All CUs,2000,41532.0,1
CXUINCAFTTXLB0401M,INCAFTTX,All CUs,2001,44587.0,1
CXUINCAFTTXLB0401M,INCAFTTX,All CUs,2002,46934.0,1
CXUINCAFTTXLB0401M,INCAFTTX,All CUs,2003,48596.0,1
CXUINCAFTTXLB0401M,INCAFTTX,All CUs,2004,52287.0,
CXUINCAFTTXLB0401M,INCAFTTX,All CUs,2005,56304.0,
CXUINCAFTTXLB0401M,INCAFTTX,All CUs,2006,58101.0,
CXUINCAFTTXLB0401M,INCAFTTX,All CUs,2007,60858.0,
CXUINCAFTTXLB0401M,INCAFTTX,All CUs,2008,61774.0,
CXUINCAFTTXLB0401M,INCAFTTX,All CUs,2009,60753.0,
CXUINCAFTTXLB0401M,INCAFTTX,All CUs,2010,60712.0,
CXUINCAFTTXLB0401M,INCAFTTX,All CUs,2011,61673.0,
CXUINCAFTTXLB0401M,INCAFTTX,All CUs,2012,63370.0,
CXUINCAFTTXLB0401M,INCAFTTX,All CUs,2013,56352.0,8
CXUINCAFTTXLB0401M,INCAFTTX,All CUs,2014,58364.0,8
CXUINCAFTTXLB0401M,INCAFTTX,All CUs,2015,60448.0,8
CXUINCAFTTXLB0401M,INCAFTTX,All CUs,2016,64175.0,8
CXUINCAFTTXLB0401M,INCAFTTX,All CUs,2017,63606.0,8
CXUINCAFTTXLB0401M,INCAFTTX,All CUs,2018,67241.0,8
CXUINCAFTTXLB0401M,INCAFTTX,All CUs,2019,71487.0,8
CXUINCAFTTXLB0401M,INCAFTTX,All CUs,2020,74949.0,8
CXUINCAFTTXLB0401M,INCAFTTX,All CUs,2021,78743.0,8
CXUINCAFTTXLB0401M,INCAFTTX,All CUs,2022,82944.0,8
CXUINCAFTTXLB0401M,INCAFTTX,All CUs,2023,87869.0,8
CXUINCAFTTXLB0402M,INCAFTTX,Under 25,1984,11497.0,1
CXUINCAFTTXLB0402M,INCAFTTX,Under 25,1985,10888.0,1
CXUINCAFTTXLB0402M,INCAFTTX,Under 25,1986,11525.0,1
CXUINCAFTTXLB0402M,INCAFTTX,Under 25,1987,11693.0,1
CXUINCAFTTXLB0402M,INCAFTTX,Under 25,1988,13819.0,1
CXUINCAFTTXLB0402M,INCAFTTX,Under 25,1989,13868.0,1
CXUINCAFTTXLB0402M,INCAFTTX,Under 25,1990,13246.0,1
CXUINCAFTTXLB0402M,INCAFTTX,Under 25,1991,13521.0,1
CXUINCAFTTXLB0402M,INCAFTTX,Under 25,1992,14411.0,1
CXUINCAFTTXLB0402M,INCAFTTX,Under 25,1993,15643.0,1
CXUINCAFTTXLB0402M,INCAFTTX,Under 25,1994,15439.0,1
CXUINCAFTTXLB0402M,INCAFTTX,Under 25,1995,16195.0,1
CXUINCAFTTXLB0402M,INCAFTTX,Under 25,1996,14081.0,1
CXUINCAFTTXLB0402M,INCAFTTX,Under 25,1997,15005.0,1
CXUINCAFTTXLB0402M,INCAFTTX,Under 25,1998,15973.0,1
CXUINCAFTTXLB0402M,INCAFTTX,Under 25,1999,17431.0,1
CXUINCAFTTXLB0402M,INCAFTTX,Under 25,2000,18813.0,1
CXUINCAFTTXLB0402M,INCAFTTX,Under 25,2001,20330.0,1
CXUINCAFTTXLB0402M,INCAFTTX,Under 25,2002,20206.0,1
CXUINCAFTTXLB0402M,INCAFTTX,Under 25,2003,20259.0,1
CXUINCAFTTXLB0402M,INCAFTTX,Under 25,2004,22507.0,
CXUINCAFTTXLB0402M,INCAFTTX,Under 25,2005,27120.0,
CXUINCAFTTXLB0402M,INCAFTTX,Under 25,2006,28535.0,
CXUINCAFTTXLB0402M,INCAFTTX,Under 25,2007,30802.0,
CXUINCAFTTXLB0402M,INCAFTTX,Under 25,2008,27907.0,
CXUINCAFTTXLB0402M,INCAFTTX,Under 25,2009,25522.0,
CXUINCAFTTXLB0402M,INCAFTTX,Under 25,2010,26777.0,
CXUINCAFTTXLB0402M,INCAFTTX,Under 25,2011,27495.0,
CXUINCAFTTXLB0402M,INCAFTTX,Under 25,2012,33670.0,
CXUINCAFTTXLB0402M,INCAFTTX,Under 25,2013,26559.0,8
CXUINCAFTTXLB0402M,INCAFTTX,Under 25,2014,28518.0,8
CXUINCAFTTXLB0402M,INCAFTTX,Under 25,2015,29612.0,8
CXUINCAFTTXLB0402M,INCAFTTX,Under 25,2016,46633.0,8
CXUINCAFTTXLB0402M,INCAFTTX,Under 25,2017,29960.0,8
CXUINCAFTTXLB0402M,INCAFTTX,Under 25,2018,29793.0,8
CXUINCAFTTXLB0402M,INCAFTTX,Under 25,2019,35578.0,8
CXUINCAFTTXLB0402M,INCAFTTX,Under 25,2020,42494.0,8
CXUINCAFTTXLB0402M,INCAFTTX,Under 25,2021,44389.0,8
CXUINCAFTTXLB0402M,INCAFTTX,Under 25,2022,46414.0,8
CXUINCAFTTXLB0402M,INCAFTTX,Under 25,2023,51278.0,8
CXUINCBEFTXLB0403M,INCBEFTX,25-34,1984,24256.0,1
CXUINCBEFTXLB0403M,INCBEFTX,25-34,1985,25535.0,1
CXUINCBEFTXLB0403M,INCBEFTX,25-34,1986,25844.0,1
CXUINCBEFTXLB0403M,INCBEFTX,25-34,1987,27835.0,1
CXUINCBEFTXLB0403M,INCBEFTX,25-34,1988,28318.0,1
CXUINCBEFTXLB0403M,INCBEFTX,25-34,1989,30655.0,1
CXUINCBEFTXLB0403M,INCBEFTX,25-34,1990,32325.0,1
CXUINCBEFTXLB0403M,INCBEFTX,25-34,1991,34032.0,1
CXUINCBEFTXLB0403M,INCBEFTX,25-34,1992,33124.0,1
CXUINCBEFTXLB0403M,INCBEFTX,25-34,1993,32968.0,1
CXUINCBEFTXLB0403M,INCBEFTX,25-34,1994,33886.0,1
CXUINCBEFTXLB0403M,INCBEFTX,25-34,1995,35655.0,1
CXUINCBEFTXLB0403M,INCBEFTX,25-34,1996,37889.0,1
CXUINCBEFTXLB0403M,INCBEFTX,25-34,1997,40247.0,1
CXUINCBEFTXLB0403M,INCBEFTX,25-34,1998,41782.0,1
CXUINCBEFTXLB0403M,INCBEFTX,25-34,1999,42470.0,1
CXUINCBEFTXLB0403M,INCBEFTX,25-34,2000,45498.0,1
CXUINCBEFTXLB0403M,INCBEFTX,25-34,2001,49424.0,1
CXUINCBEFTXLB0403M,INCBEFTX,25-34,2002,49133.0,1
CXUINCBEFTXLB0403M,INCBEFTX,25-34,2003,50389.0,1
CXUINCBEFTXLB0403M,INCBEFTX,25-34,2004,52484.0,
CXUINCBEFTXLB0403M,INCBEFTX,25-34,2005,55066.0,
CXUINCBEFTXLB0403M,INCBEFTX,25-34,2006,57208.0,
CXUINCBEFTXLB0403M,INCBEFTX,25-34,2007,57256.0,
CXUINCBEFTXLB0403M,INCBEFTX,25-34,2008,59878.0,
CXUINCBEFTXLB0403M,INCBEFTX,25-34,2009,58946.0,
CXUINCBEFTXLB0403M,INCBEFTX,25-34,2010,59613.0,
CXUINCBEFTXLB0403M,INCBEFTX,25-34,2011,58179.0,
CXUINCBEFTXLB0403M,INCBEFTX,25-34,2012,58832.0,
CXUINCBEFTXLB0403M,INCBEFTX,25-34,2013,59002.0,
CXUINCBEFTXLB0403M,INCBEFTX,25-34,2014,61042.0,
CXUINCBEFTXLB0403M,INCBEFTX,25-34,2015,64472.0,
CXUINCBEFTXLB0403M,INCBEFTX,25-34,2016,66470.0,
CXUINCBEFTXLB0403M,INCBEFTX,25-34,2017,69062.0,
CXUINCBEFTXLB0403M,INCBEFTX,25-34,2018,74082.0,
CXUINCBEFTXLB0403M,INCBEFTX,25-34,2019,76187.0,
CXUINCBEFTXLB0403M,INCBEFTX,25-34,2020,79858.0,
CXUINCBEFTXLB0403M,INCBEFTX,25-34,2021,84999.0,
CXUINCBEFTXLB0403M,INCBEFTX,25-34,2022,89514.0,
CXUINCBEFTXLB0403M,INCBEFTX,25-34,2023,96514.0,
CXUINCBEFTXLB0403M,INCBEFTX,25-34,2024,102494.0,
CXUINCBEFTXLB0404M,INCBEFTX,35-44,1984,30516.0,1
CXUINCBEFTXLB0404M,INCBEFTX,35-44,1985,32718.0,1
CXUINCBEFTXLB0404M,INCBEFTX,35-44,1986,34221.0,1
CXUINCBEFTXLB0404M,INCBEFTX,35-44,1987,36240.0,1
CXUINCBEFTXLB0404M,INCBEFTX,35-44,1988,36428.0,1
CXUINCBEFTXLB0404M,INCBEFTX,35-44,1989,40915.0,1
CXUINCBEFTXLB0404M,INCBEFTX,35-44,1990,41208.0,1
CXUINCBEFTXLB0404M,INCBEFTX,35-44,1991,41871.0,1
CXUINCBEFTXLB0404M,INCBEFTX,35-44,1992,43923.0,1
CXUINCBEFTXLB0404M,INCBEFTX,35-44,1993,44986.0,1
CXUINCBEFTXLB0404M,INCBEFTX,35-44,1994,45657.0,1
CXUINCBEFTXLB0404M,INCBEFTX,35-44,1995,45133.0,1
CXUINCBEFTXLB0404M,INCBEFTX,35-44,1996,48363.0,1
CXUINCBEFTXLB0404M,INCBEFTX,35-44,1997,48788.0,1
CXUINCBEFTXLB0404M,INCBEFTX,35-44,1998,50894.0,1
CXUINCBEFTXLB0404M,INCBEFTX,35-44,1999,53579.0,1
CXUINCBEFTXLB0404M,INCBEFTX,35-44,2000,56500.0,1
CXUINCBEFTXLB0404M,INCBEFTX,35-44,2001,58902.0,1
CXUINCBEFTXLB0404M,INCBEFTX,35-44,2002,61532.0,1
CXUINCBEFTXLB0404M,INCBEFTX,35-44,2003,61091.0,1
CXUINCBEFTXLB0404M,INCBEFTX,35-44,2004,65515.0,
CXUINCBEFTXLB0404M,INCBEFTX,35-44,2005,72699.0,
CXUINCBEFTXLB0404M,INCBEFTX,35-44,2006,75613.0,
CXUINCBEFTXLB0404M,INCBEFTX,35-44,2007,76540.0,
CXUINCBEFTXLB0404M,INCBEFTX,35-44,2008,77582.0,
CXUINCBEFTXLB0404M,INCBEFTX,35-44,2009,77005.0,
CXUINCBEFTXLB0404M,INCBEFTX,35-44,2010,76128.0,
CXUINCBEFTXLB0404M,INCBEFTX,35-44,2011,77376.0,
CXUINCBEFTXLB0404M,INCBEFTX,35-44,2012,78169.0,
CXUINCBEFTXLB0404M,INCBEFTX,35-44,2013,78385.0,
CXUINCBEFTXLB0404M,INCBEFTX,35-44,2014,84094.0,
CXUINCBEFTXLB0404M,INCBEFTX,35-44,2015,84938.0,
CXUINCBEFTXLB0404M,INCBEFTX,35-44,2016,92576.0,
CXUINCBEFTXLB0404M,INCBEFTX,35-44,2017,86782.0,
CXUINCBEFTXLB0404M,INCBEFTX,35-44,2018,96581.0,
CXUINCBEFTXLB0404M,INCBEFTX,35-44,2019,103272.0,
CXUINCBEFTXLB0404M,INCBEFTX,35-44,2020,104121.0,
CXUINCBEFTXLB0404M,INCBEFTX,35-44,2021,108176.0,
CXUINCBEFTXLB0404M,INCBEFTX,35-44,2022,118149.0,
CXUINCBEFTXLB0404M,INCBEFTX,35-44,2023,126466.0,
CXUINCBEFTXLB0404M,INCBEFTX,35-44,2024,128285.0,
CXUINCBEFTXLB0405M,INCBEFTX,45-54,1984,30663.0,1
CXUINCBEFTXLB0405M,INCBEFTX,45-54,1985,33602.0,1
CXUINCBEFTXLB0405M,INCBEFTX,45-54,1986,33413.0,1
CXUINCBEFTXLB0405M,INCBEFTX,45-54,1987,36941.0,1
CXUINCBEFTXLB0405M,INCBEFTX,45-54,1988,39934.0,1
CXUINCBEFTXLB0405M,INCBEFTX,45-54,1989,41968.0,1
CXUINCBEFTXLB0405M,INCBEFTX,45-54,1990,43451.0,1
CXUINCBEFTXLB0405M,INCBEFTX,45-54,1991,48413.0,1
CXUINCBEFTXLB0405M,INCBEFTX,45-54,1992,46186.0,1
CXUINCBEFTXLB0405M,INCBEFTX,45-54,1993,49108.0,1
CXUINCBEFTXLB0405M,INCBEFTX,45-54,1994,48996.0,1
CXUINCBEFTXLB0405M,INCBEFTX,45-54,1995,52044.0,1
CXUINCBEFTXLB0405M,INCBEFTX,45-54,1996,51672.0,1
CXUINCBEFTXLB0405M,INCBEFTX,45-54,1997,55260.0,1
CXUINCBEFTXLB0405M,INCBEFTX,45-54,1998,58705.0,1
CXUINCBEFTXLB0405M,INCBEFTX,45-54,1999,59822.0,1
CXUINCBEFTXLB0405M,INCBEFTX,45-54,2000,58889.0,1
CXUINCBEFTXLB0405M,INCBEFTX,45-54,2001,61093.0,1
CXUINCBEFTXLB0405M,INCBEFTX,45-54,2002,64974.0,1
CXUINCBEFTXLB0405M,INCBEFTX,45-54,2003,68028.0,1
CXUINCBEFTXLB0405M,INCBEFTX,45-54,2004,70434.0,
CXUINCBEFTXLB0405M,INCBEFTX,45-54,2005,75266.0,
CXUINCBEFTXLB0405M,INCBEFTX,45-54,2006,77043.0,
CXUINCBEFTXLB0405M,INCBEFTX,45-54,2007,80560.0,
CXUINCBEFTXLB0405M,INCBEFTX,45-54,2008,81844.0,
CXUINCBEFTXLB0405M,INCBEFTX,45-54,2009,80976.0,
CXUINCBEFTXLB0405M,INCBEFTX,45-54,2010,79589.0,
CXUINCBEFTXLB0405M,INCBEFTX,45-54,2011,78519.0,
CXUINCBEFTXLB0405M,INCBEFTX,45-54,2012,81704.0,
CXUINCBEFTXLB0405M,INCBEFTX,45-54,2013,78879.0,
CXUINCBEFTXLB0405M,INCBEFTX,45-54,2014,87859.0,
CXUINCBEFTXLB0405M,INCBEFTX,45-54,2015,95248.0,
CXUINCBEFTXLB0405M,INCBEFTX,45-54,2016,99423.0,
CXUINCBEFTXLB0405M,INCBEFTX,45-54,2017,100213.0,
CXUINCBEFTXLB0405M,INCBEFTX,45-54,2018,109366.0,
CXUINCBEFTXLB0405M,INCBEFTX,45-54,2019,107094.0,
CXUINCBEFTXLB0405M,INCBEFTX,45-54,2020,116195.0,
CXUINCBEFTXLB0405M,INCBEFTX,45-54,2021,119933.0,
CXUINCBEFTXLB0405M,INCBEFTX,45-54,2022,128980.0,
CXUINCBEFTXLB0405M,INCBEFTX,45-54,2023,137601.0,
CXUINCBEFTXLB0405M,INCBEFTX,45-54,2024,141121.0,
CXUINCBEFTXLB0406M,INCBEFTX,55-64,1984,26104.0,1
CXUINCBEFTXLB0406M,INCBEFTX,55-64,1985,27055.0,1
CXUINCBEFTXLB0406M,INCBEFTX,55-64,1986,28387.0,1
CXUINCBEFTXLB0406M,INCBEFTX,55-64,1987,31038.0,1
CXUINCBEFTXLB0406M,INCBEFTX,55-64,1988,29979.0,1
CXUINCBEFTXLB0406M,INCBEFTX,55-64,1989,34777.0,1
CXUINCBEFTXLB0406M,INCBEFTX,55-64,1990,35309.0,1
CXUINCBEFTXLB0406M,INCBEFTX,55-64,1991,38285.0,1
CXUINCBEFTXLB0406M,INCBEFTX,55-64,1992,37610.0,1
CXUINCBEFTXLB0406M,INCBEFTX,55-64,1993,38075.0,1
CXUINCBEFTXLB0406M,INCBEFTX,55-64,1994,40807.0,1
CXUINCBEFTXLB0406M,INCBEFTX,55-64,1995,38326.0,1
CXUINCBEFTXLB0406M,INCBEFTX,55-64,1996,40591.0,1
CXUINCBEFTXLB0406M,INCBEFTX,55-64,1997,41734.0,1
CXUINCBEFTXLB0406M,INCBEFTX,55-64,1998,44238.0,1
CXUINCBEFTXLB0406M,INCBEFTX,55-64,1999,49430.0,1
CXUINCBEFTXLB0406M,INCBEFTX,55-64,2000,48108.0,1
CXUINCBEFTXLB0406M,INCBEFTX,55-64,2001,51965.0,1
CXUINCBEFTXLB0406M,INCBEFTX,55-64,2002,53162.0,1
CXUINCBEFTXLB0406M,INCBEFTX,55-64,2003,58672.0,1
CXUINCBEFTXLB0406M,INCBEFTX,55-64,2004,61031.0,
CXUINCBEFTXLB0406M,INCBEFTX,55-64,2005,64156.0,
CXUINCBEFTXLB0406M,INCBEFTX,55-64,2006,64425.0,
CXUINCBEFTXLB0406M,INCBEFTX,55-64,2007,71048.0,
CXUINCBEFTXLB0406M,INCBEFTX,55-64,2008,71653.0,
CXUINCBEFTXLB0406M,INCBEFTX,55-64,2009,70609.0,
CXUINCBEFTXLB0406M,INCBEFTX,55-64,2010,68906.0,
CXUINCBEFTXLB0406M,INCBEFTX,55-64,2011,75517.0,
CXUINCBEFTXLB0406M,INCBEFTX,55-64,2012,77507.0,
CXUINCBEFTXLB0406M,INCBEFTX,55-64,2013,74182.0,
CXUINCBEFTXLB0406M,INCBEFTX,55-64,2014,75241.0,
CXUINCBEFTXLB0406M,INCBEFTX,55-64,2015,75262.0,
CXUINCBEFTXLB0406M,INCBEFTX,55-64,2016,80474.0,
CXUINCBEFTXLB0406M,INCBEFTX,55-64,2017,85037.0,
CXUINCBEFTXLB0406M,INCBEFTX,55-64,2018,88342.0,
CXUINCBEFTXLB0406M,INCBEFTX,55-64,2019,99606.0,
CXUINCBEFTXLB0406M,INCBEFTX,55-64,2020,94864.0,
CXUINCBEFTXLB0406M,INCBEFTX,55-64,2021,98793.0,
CXUINCBEFTXLB0406M,INCBEFTX,55-64,2022,105498.0,
CXUINCBEFTXLB0406M,INCBEFTX,55-64,2023,117905.0,
CXUINCBEFTXLB0406M,INCBEFTX,55-64,2024,121571.0,
CXUINCBEFTXLB0407M,INCBEFTX,65+,1988,17754.0,1
CXUINCBEFTXLB0407M,INCBEFTX,65+,1989,19690.0,1
CXUINCBEFTXLB0407M,INCBEFTX,65+,1990,18842.0,1
CXUINCBEFTXLB0407M,INCBEFTX,65+,1991,20004.0,1
CXUINCBEFTXLB0407M,INCBEFTX,65+,1992,20890.0,1
CXUINCBEFTXLB0407M,INCBEFTX,65+,1993,21190.0,1
CXUINCBEFTXLB0407M,INCBEFTX,65+,1994,22596.0,1
CXUINCBEFTXLB0407M,INCBEFTX,65+,1995,22148.0,1
CXUINCBEFTXLB0407M,INCBEFTX,65+,1996,22426.0,1
CXUINCBEFTXLB0407M,INCBEFTX,65+,1997,23965.0,1
CXUINCBEFTXLB0407M,INCBEFTX,65+,1998,24011.0,1
CXUINCBEFTXLB0407M,INCBEFTX,65+,1999,26581.0,1
CXUINCBEFTXLB0407M,INCBEFTX,65+,2000,25220.0,1
CXUINCBEFTXLB0407M,INCBEFTX,65+,2001,27528.0,1
CXUINCBEFTXLB0407M,INCBEFTX,65+,2002,29711.0,1
CXUINCBEFTXLB0407M,INCBEFTX,65+,2003,30437.0,1
CXUINCBEFTXLB0407M,INCBEFTX,65+,2004,34988.0,
CXUINCBEFTXLB0407M,INCBEFTX,65+,2005,36936.0,
CXUINCBEFTXLB0407M,INCBEFTX,65+,2006,37982.0,
CXUINCBEFTXLB0407M,INCBEFTX,65+,2007,40305.0,
CXUINCBEFTXLB0407M,INCBEFTX,65+,2008,39341.0,
CXUINCBEFTXLB0407M,INCBEFTX,65+,2009,39862.0,
CXUINCBEFTXLB0407M,INCBEFTX,65+,2010,41286.0,
CXUINCBEFTXLB0407M,INCBEFTX,65+,2011,43232.0,
CXUINCBEFTXLB0407M,INCBEFTX,65+,2012,44713.0,
CXUINCBEFTXLB0407M,INCBEFTX,65+,2013,45157.0,
CXUINCBEFTXLB0407M,INCBEFTX,65+,2014,45100.0,
CXUINCBEFTXLB0407M,INCBEFTX,65+,2015,46627.0,
CXUINCBEFTXLB0407M,INCBEFTX,65+,2016,48035.0,
CXUINCBEFTXLB0407M,INCBEFTX,65+,2017,49097.0,
CXUINCBEFTXLB0407M,INCBEFTX,65+,2018,51624.0,
CXUINCBEFTXLB0407M,INCBEFTX,65+,2019,55656.0,
CXUINCBEFTXLB0407M,INCBEFTX,65+,2020,52290.0,
CXUINCBEFTXLB0407M,INCBEFTX,65+,2021,55335.0,
CXUINCBEFTXLB0407M,INCBEFTX,65+,2022,60359.0,
CXUINCBEFTXLB0407M,INCBEFTX,65+,2023,64326.0,
CXUINCBEFTXLB0407M,INCBEFTX,65+,2024,67462.0,
CXUINCBEFTXLB0408M,INCBEFTX,65-74,1984,15720.0,1
CXUINCBEFTXLB0408M,INCBEFTX,65-74,1985,18191.0,1
CXUINCBEFTXLB0408M,INCBEFTX,65-74,1986,17874.0,1
CXUINCBEFTXLB0408M,INCBEFTX,65-74,1987,18598.0,1
CXUINCBEFTXLB0408M,INCBEFTX,65-74,1988,20704.0,1
CXUINCBEFTXLB0408M,INCBEFTX,65-74,1989,22051.0,1
CXUINCBEFTXLB0408M,INCBEFTX,65-74,1990,21501.0,1
CXUINCBEFTXLB0408M,INCBEFTX,65-74,1991,22723.0,1
CXUINCBEFTXLB0408M,INCBEFTX,65-74,1992,23182.0,1
CXUINCBEFTXLB0408M,INCBEFTX,65-74,1993,24468.0,1
CXUINCBEFTXLB0408M,INCBEFTX,65-74,1994,24934.0,1
CXUINCBEFTXLB0408M,INCBEFTX,65-74,1995,25553.0,1
CXUINCBEFTXLB0408M,INCBEFTX,65-74,1996,25824.0,1
CXUINCBEFTXLB0408M,INCBEFTX,65-74,1997,27492.0,1
CXUINCBEFTXLB0408M,INCBEFTX,65-74,1998,27037.0,1
CXUINCBEFTXLB0408M,INCBEFTX,65-74,1999,28928.0,1
CXUINCBEFTXLB0408M,INCBEFTX,65-74,2000,29349.0,1
CXUINCBEFTXLB0408M,INCBEFTX,65-74,2001,32365.0,1
CXUINCBEFTXLB0408M,INCBEFTX,65-74,2002,35118.0,1
CXUINCBEFTXLB0408M,INCBEFTX,65-74,2003,35314.0,1
CXUINCBEFTXLB0408M,INCBEFTX,65-74,2004,42137.0,
CXUINCBEFTXLB0408M,INCBEFTX,65-74,2005,45202.0,
CXUINCBEFTXLB0408M,INCBEFTX,65-74,2006,46064.0,
CXUINCBEFTXLB0408M,INCBEFTX,65-74,2007,47708.0,
CXUINCBEFTXLB0408M,INCBEFTX,65-74,2008,45232.0,
CXUINCBEFTXLB0408M,INCBEFTX,65-74,2009,47286.0,
CXUINCBEFTXLB0408M,INCBEFTX,65-74,2010,49711.0,
CXUINCBEFTXLB0408M,INCBEFTX,65-74,2011,52521.0,
CXUINCBEFTXLB0408M,INCBEFTX,65-74,2012,53521.0,
CXUINCBEFTXLB0408M,INCBEFTX,65-74,2013,53451.0,
CXUINCBEFTXLB0408M,INCBEFTX,65-74,2014,52366.0,
CXUINCBEFTXLB0408M,INCBEFTX,65-74,2015,54067.0,
CXUINCBEFTXLB0408M,INCBEFTX,65-74,2016,57229.0,
CXUINCBEFTXLB0408M,INCBEFTX,65-74,2017,58040.0,
CXUINCBEFTXLB0408M,INCBEFTX,65-74,2018,60735.0,
CXUINCBEFTXLB0408M,INCBEFTX,65-74,2019,65943.0,
CXUINCBEFTXLB0408M,INCBEFTX,65-74,2020,60079.0,
CXUINCBEFTXLB0408M,INCBEFTX,65-74,2021,63319.0,
CXUINCBEFTXLB0408M,INCBEFTX,65-74,2022,68059.0,
CXUINCBEFTXLB0408M,INCBEFTX,65-74,2023,72190.0,
CXUINCBEFTXLB0408M,INCBEFTX,65-74,2024,75460.0,
CXUINCBEFTXLB0409M,INCBEFTX,75+,1984,11712.0,1
CXUINCBEFTXLB0409M,INCBEFTX,75+,1985,12306.0,1
CXUINCBEFTXLB0409M,INCBEFTX,75+,1986,12461.0,1
CXUINCBEFTXLB0409M,INCBEFTX,75+,1987,12912.0,1
CXUINCBEFTXLB0409M,INCBEFTX,75+,1988,13707.0,1
CXUINCBEFTXLB0409M,INCBEFTX,75+,1989,16285.0,1
CXUINCBEFTXLB0409M,INCBEFTX,75+,1990,15435.0,1
CXUINCBEFTXLB0409M,INCBEFTX,75+,1991,16247.0,1
CXUINCBEFTXLB0409M,INCBEFTX,75+,1992,18051.0,1
CXUINCBEFTXLB0409M,INCBEFTX,75+,1993,17192.0,1
CXUINCBEFTXLB0409M,INCBEFTX,75+,1994,19616.0,1
CXUINCBEFTXLB0409M,INCBEFTX,75+,1995,18006.0,1
CXUINCBEFTXLB0409M,INCBEFTX,75+,1996,18379.0,1
CXUINCBEFTXLB0409M,INCBEFTX,75+,1997,19425.0,1
CXUINCBEFTXLB0409M,INCBEFTX,75+,1998,20229.0,1
CXUINCBEFTXLB0409M,INCBEFTX,75+,1999,23937.0,1
CXUINCBEFTXLB0409M,INCBEFTX,75+,2000,20563.0,1
CXUINCBEFTXLB0409M,INCBEFTX,75+,2001,22255.0,1
CXUINCBEFTXLB0409M,INCBEFTX,75+,2002,23890.0,1
CXUINCBEFTXLB0409M,INCBEFTX,75+,2003,25492.0,1
CXUINCBEFTXLB0409M,INCBEFTX,75+,2004,28028.0,
CXUINCBEFTXLB0409M,INCBEFTX,75+,2005,28552.0,
CXUINCBEFTXLB0409M,INCBEFTX,75+,2006,29525.0,
CXUINCBEFTXLB0409M,INCBEFTX,75+,2007,32499.0,
CXUINCBEFTXLB0409M,INCBEFTX,75+,2008,32886.0,
CXUINCBEFTXLB0409M,INCBEFTX,75+,2009,31715.0,
CXUINCBEFTXLB0409M,INCBEFTX,75+,2010,31782.0,
CXUINCBEFTXLB0409M,INCBEFTX,75+,2011,32144.0,
CXUINCBEFTXLB0409M,INCBEFTX,75+,2012,33853.0,
CXUINCBEFTXLB0409M,INCBEFTX,75+,2013,34097.0,
CXUINCBEFTXLB0409M,INCBEFTX,75+,2014,35467.0,
CXUINCBEFTXLB0409M,INCBEFTX,75+,2015,36408.0,
CXUINCBEFTXLB0409M,INCBEFTX,75+,2016,35178.0,
CXUINCBEFTXLB0409M,INCBEFTX,75+,2017,36537.0,
CXUINCBEFTXLB0409M,INCBEFTX,75+,2018,38786.0,
CXUINCBEFTXLB0409M,INCBEFTX,75+,2019,41937.0,
CXUINCBEFTXLB0409M,INCBEFTX,75+,2020,41495.0,
CXUINCBEFTXLB0409M,INCBEFTX,75+,2021,43538.0,
CXUINCBEFTXLB0409M,INCBEFTX,75+,2022,49392.0,
CXUINCBEFTXLB0409M,INCBEFTX,75+,2023,53438.0,
CXUINCBEFTXLB0409M,INCBEFTX,75+,2024,56028.0,
CXUINCBEFTXLB0401M,INCBEFTX,All CUs,1984,23464.0,1
CXUINCBEFTXLB0401M,INCBEFTX,All CUs,1985,25127.0,1
CXUINCBEFTXLB0401M,INCBEFTX,All CUs,1986,25460.0,1
CXUINCBEFTXLB0401M,INCBEFTX,All CUs,1987,27326.0,1
CXUINCBEFTXLB0401M,INCBEFTX,All CUs,1988,28540.0,1
CXUINCBEFTXLB0401M,INCBEFTX,All CUs,1989,31308.0,1
CXUINCBEFTXLB0401M,INCBEFTX,All CUs,1990,31889.0,1
CXUINCBEFTXLB0401M,INCBEFTX,All CUs,1991,33901.0,1
CXUINCBEFTXLB0401M,INCBEFTX,All CUs,1992,33854.0,1
CXUINCBEFTXLB0401M,INCBEFTX,All CUs,1993,34868.0,1
CXUINCBEFTXLB0401M,INCBEFTX,All CUs,1994,36181.0,1
CXUINCBEFTXLB0401M,INCBEFTX,All CUs,1995,36918.0,1
CXUINCBEFTXLB0401M,INCBEFTX,All CUs,1996,38014.0,1
CXUINCBEFTXLB0401M,INCBEFTX,All CUs,1997,39926.0,1
CXUINCBEFTXLB0401M,INCBEFTX,All CUs,1998,41622.0,1
CXUINCBEFTXLB0401M,INCBEFTX,All CUs,1999,43951.0,1
CXUINCBEFTXLB0401M,INCBEFTX,All CUs,2000,44649.0,1
CXUINCBEFTXLB0401M,INCBEFTX,All CUs,2001,47507.0,1
CXUINCBEFTXLB0401M,INCBEFTX,All CUs,2002,49430.0,1
CXUINCBEFTXLB0401M,INCBEFTX,All CUs,2003,51128.0,1
CXUINCBEFTXLB0401M,INCBEFTX,All CUs,2004,54453.0,
CXUINCBEFTXLB0401M,INCBEFTX,All CUs,2005,58712.0,
CXUINCBEFTXLB0401M,INCBEFTX,All CUs,2006,60533.0,
CXUINCBEFTXLB0401M,INCBEFTX,All CUs,2007,63091.0,
CXUINCBEFTXLB0401M,INCBEFTX,All CUs,2008,63563.0,
CXUINCBEFTXLB0401M,INCBEFTX,All CUs,2009,62857.0,
CXUINCBEFTXLB0401M,INCBEFTX,All CUs,2010,62481.0,
CXUINCBEFTXLB0401M,INCBEFTX,All CUs,2011,63685.0,
CXUINCBEFTXLB0401M,INCBEFTX,All CUs,2012,65596.0,
CXUINCBEFTXLB0401M,INCBEFTX,All CUs,2013,63784.0,
CXUINCBEFTXLB0401M,INCBEFTX,All CUs,2014,66877.0,
CXUINCBEFTXLB0401M,INCBEFTX,All CUs,2015,69627.0,
CXUINCBEFTXLB0401M,INCBEFTX,All CUs,2016,74664.0,
CXUINCBEFTXLB0401M,INCBEFTX,All CUs,2017,73573.0,
CXUINCBEFTXLB0401M,INCBEFTX,All CUs,2018,78635.0,
CXUINCBEFTXLB0401M,INCBEFTX,All CUs,2019,82852.0,
CXUINCBEFTXLB0401M,INCBEFTX,All CUs,2020,84352.0,
CXUINCBEFTXLB0401M,INCBEFTX,All CUs,2021,87432.0,
CXUINCBEFTXLB0401M,INCBEFTX,All CUs,2022,94003.0,
CXUINCBEFTXLB0401M,INCBEFTX,All CUs,2023,101805.0,
CXUINCBEFTXLB0401M,INCBEFTX,All CUs,2024,104207.0,
CXUINCBEFTXLB0402M,INCBEFTX,Under 25,1984,12541.0,1
CXUINCBEFTXLB0402M,INCBEFTX,Under 25,1985,11726.0,1
CXUINCBEFTXLB0402M,INCBEFTX,Under 25,1986,12444.0,1
CXUINCBEFTXLB0402M,INCBEFTX,Under 25,1987,12621.0,1
CXUINCBEFTXLB0402M,INCBEFTX,Under 25,1988,14827.0,1
CXUINCBEFTXLB0402M,INCBEFTX,Under 25,1989,14863.0,1
CXUINCBEFTXLB0402M,INCBEFTX,Under 25,1990,14089.0,1
CXUINCBEFTXLB0402M,INCBEFTX,Under 25,1991,14319.0,1
CXUINCBEFTXLB0402M,INCBEFTX,Under 25,1992,15197.0,1
CXUINCBEFTXLB0402M,INCBEFTX,Under 25,1993,16516.0,1
CXUINCBEFTXLB0402M,INCBEFTX,Under 25,1994,16395.0,1
CXUINCBEFTXLB0402M,INCBEFTX,Under 25,1995,17274.0,1
CXUINCBEFTXLB0402M,INCBEFTX,Under 25,1996,14968.0,1
CXUINCBEFTXLB0402M,INCBEFTX,Under 25,1997,15666.0,1
CXUINCBEFTXLB0402M,INCBEFTX,Under 25,1998,16839.0,1
CXUINCBEFTXLB0402M,INCBEFTX,Under 25,1999,18276.0,1
CXUINCBEFTXLB0402M,INCBEFTX,Under 25,2000,19744.0,1
CXUINCBEFTXLB0402M,INCBEFTX,Under 25,2001,20769.0,1
CXUINCBEFTXLB0402M,INCBEFTX,Under 25,2002,20773.0,1
CXUINCBEFTXLB0402M,INCBEFTX,Under 25,2003,20680.0,1
CXUINCBEFTXLB0402M,INCBEFTX,Under 25,2004,22840.0,
CXUINCBEFTXLB0402M,INCBEFTX,Under 25,2005,27494.0,
CXUINCBEFTXLB0402M,INCBEFTX,Under 25,2006,29057.0,
CXUINCBEFTXLB0402M,INCBEFTX,Under 25,2007,31443.0,
CXUINCBEFTXLB0402M,INCBEFTX,Under 25,2008,28127.0,
CXUINCBEFTXLB0402M,INCBEFTX,Under 25,2009,25695.0,
CXUINCBEFTXLB0402M,INCBEFTX,Under 25,2010,26881.0,
CXUINCBEFTXLB0402M,INCBEFTX,Under 25,2011,27514.0,
CXUINCBEFTXLB0402M,INCBEFTX,Under 25,2012,36639.0,
CXUINCBEFTXLB0402M,INCBEFTX,Under 25,2013,27914.0,
CXUINCBEFTXLB0402M,INCBEFTX,Under 25,2014,30081.0,
CXUINCBEFTXLB0402M,INCBEFTX,Under 25,2015,31606.0,
CXUINCBEFTXLB0402M,INCBEFTX,Under 25,2016,58141.0,6
CXUINCBEFTXLB0402M,INCBEFTX,Under 25,2017,31750.0,
CXUINCBEFTXLB0402M,INCBEFTX,Under 25,2018,32268.0,
CXUINCBEFTXLB0402M,INCBEFTX,Under 25,2019,38120.0,
CXUINCBEFTXLB0402M,INCBEFTX,Under 25,2020,44259.0,
CXUINCBEFTXLB0402M,INCBEFTX,Under 25,2021,46046.0,
CXUINCBEFTXLB0402M,INCBEFTX,Under 25,2022,48233.0,
CXUINCBEFTXLB0402M,INCBEFTX,Under 25,2023,56107.0,
CXUINCBEFTXLB0402M,INCBEFTX,Under 25,2024,48514.0,
CXUINDIVRNTLB0403M,INDIVRNT,25-34,1984,259.0,1
CXUINDIVRNTLB0403M,INDIVRNT,25-34,1985,289.0,1
CXUINDIVRNTLB0403M,INDIVRNT,25-34,1986,207.0,1
CXUINDIVRNTLB0403M,INDIVRNT,25-34,1987,478.0,1
CXUINDIVRNTLB0403M,INDIVRNT,25-34,1988,331.0,1
CXUINDIVRNTLB0403M,INDIVRNT,25-34,1989,261.0,1
CXUINDIVRNTLB0403M,INDIVRNT,25-34,1990,206.0,1
CXUINDIVRNTLB0403M,INDIVRNT,25-34,1991,353.0,1
CXUINDIVRNTLB0403M,INDIVRNT,25-34,1992,343.0,1
CXUINDIVRNTLB0403M,INDIVRNT,25-34,1993,257.0,1
CXUINDIVRNTLB0403M,INDIVRNT,25-34,1994,211.0,1
CXUINDIVRNTLB0403M,INDIVRNT,25-34,1995,185.0,1
CXUINDIVRNTLB0403M,INDIVRNT,25-34,1996,115.0,1
CXUINDIVRNTLB0403M,INDIVRNT,25-34,1997,155.0,1
CXUINDIVRNTLB0403M,INDIVRNT,25-34,1998,270.0,1
CXUINDIVRNTLB0403M,INDIVRNT,25-34,1999,300.0,1
CXUINDIVRNTLB0403M,INDIVRNT,25-34,2000,176.0,1
CXUINDIVRNTLB0403M,INDIVRNT,25-34,2001,188.0,1
CXUINDIVRNTLB0403M,INDIVRNT,25-34,2002,211.0,1
CXUINDIVRNTLB0403M,INDIVRNT,25-34,2003,278.0,1
CXUINDIVRNTLB0403M,INDIVRNT,25-34,2004,476.0,
CXUINDIVRNTLB0403M,INDIVRNT,25-34,2005,267.0,
CXUINDIVRNTLB0403M,INDIVRNT,25-34,2006,399.0,
CXUINDIVRNTLB0403M,INDIVRNT,25-34,2007,387.0,
CXUINDIVRNTLB0403M,INDIVRNT,25-34,2008,425.0,
CXUINDIVRNTLB0403M,INDIVRNT,25-34,2009,488.0,
CXUINDIVRNTLB0403M,INDIVRNT,25-34,2010,210.0,
CXUINDIVRNTLB0403M,INDIVRNT,25-34,2011,256.0,
CXUINDIVRNTLB0403M,INDIVRNT,25-34,2012,305.0,6
CXUINDIVRNTLB0403M,INDIVRNT,25-34,2013,230.0,6
CXUINDIVRNTLB0403M,INDIVRNT,25-34,2014,610.0,6
CXUINDIVRNTLB0403M,INDIVRNT,25-34,2015,223.0,
CXUINDIVRNTLB0403M,INDIVRNT,25-34,2016,197.0,
CXUINDIVRNTLB0403M,INDIVRNT,25-34,2017,252.0,6
CXUINDIVRNTLB0403M,INDIVRNT,25-34,2018,471.0,
CXUINDIVRNTLB0403M,INDIVRNT,25-34,2019,470.0,
CXUINDIVRNTLB0403M,INDIVRNT,25-34,2020,366.0,6
CXUINDIVRNTLB0403M,INDIVRNT,25-34,2021,515.0,
CXUINDIVRNTLB0403M,INDIVRNT,25-34,2022,523.0,6
CXUINDIVRNTLB0403M,INDIVRNT,25-34,2023,417.0,
CXUINDIVRNTLB0403M,INDIVRNT,25-34,2024,432.0,
CXUINDIVRNTLB0404M,INDIVRNT,35-44,1984,379.0,1
CXUINDIVRNTLB0404M,INDIVRNT,35-44,1985,615.0,1
CXUINDIVRNTLB0404M,INDIVRNT,35-44,1986,559.0,1
CXUINDIVRNTLB0404M,INDIVRNT,35-44,1987,663.0,1
CXUINDIVRNTLB0404M,INDIVRNT,35-44,1988,480.0,1
CXUINDIVRNTLB0404M,INDIVRNT,35-44,1989,543.0,1
CXUINDIVRNTLB0404M,INDIVRNT,35-44,1990,610.0,1
CXUINDIVRNTLB0404M,INDIVRNT,35-44,1991,648.0,1
CXUINDIVRNTLB0404M,INDIVRNT,35-44,1992,609.0,1
CXUINDIVRNTLB0404M,INDIVRNT,35-44,1993,571.0,1
CXUINDIVRNTLB0404M,INDIVRNT,35-44,1994,634.0,1
CXUINDIVRNTLB0404M,INDIVRNT,35-44,1995,463.0,1
CXUINDIVRNTLB0404M,INDIVRNT,35-44,1996,373.0,1
CXUINDIVRNTLB0404M,INDIVRNT,35-44,1997,569.0,1
CXUINDIVRNTLB0404M,INDIVRNT,35-44,1998,321.0,1
CXUINDIVRNTLB0404M,INDIVRNT,35-44,1999,388.0,1
CXUINDIVRNTLB0404M,INDIVRNT,35-44,2000,632.0,1
CXUINDIVRNTLB0404M,INDIVRNT,35-44,2001,520.0,1
CXUINDIVRNTLB0404M,INDIVRNT,35-44,2002,627.0,1
CXUINDIVRNTLB0404M,INDIVRNT,35-44,2003,618.0,1
CXUINDIVRNTLB0404M,INDIVRNT,35-44,2004,630.0,
CXUINDIVRNTLB0404M,INDIVRNT,35-44,2005,882.0,
CXUINDIVRNTLB0404M,INDIVRNT,35-44,2006,637.0,
CXUINDIVRNTLB0404M,INDIVRNT,35-44,2007,756.0,
CXUINDIVRNTLB0404M,INDIVRNT,35-44,2008,749.0,
CXUINDIVRNTLB0404M,INDIVRNT,35-44,2009,1453.0,
CXUINDIVRNTLB0404M,INDIVRNT,35-44,2010,567.0,
CXUINDIVRNTLB0404M,INDIVRNT,35-44,2011,597.0,6
CXUINDIVRNTLB0404M,INDIVRNT,35-44,2012,378.0,
CXUINDIVRNTLB0404M,INDIVRNT,35-44,2013,475.0,
CXUINDIVRNTLB0404M,INDIVRNT,35-44,2014,716.0,
CXUINDIVRNTLB0404M,INDIVRNT,35-44,2015,722.0,
CXUINDIVRNTLB0404M,INDIVRNT,35-44,2016,957.0,
CXUINDIVRNTLB0404M,INDIVRNT,35-44,2017,657.0,
CXUINDIVRNTLB0404M,INDIVRNT,35-44,2018,882.0,
CXUINDIVRNTLB0404M,INDIVRNT,35-44,2019,601.0,
CXUINDIVRNTLB0404M,INDIVRNT,35-44,2020,972.0,
CXUINDIVRNTLB0404M,INDIVRNT,35-44,2021,1259.0,
CXUINDIVRNTLB0404M,INDIVRNT,35-44,2022,1021.0,
CXUINDIVRNTLB0404M,INDIVRNT,35-44,2023,2074.0,6
CXUINDIVRNTLB0404M,INDIVRNT,35-44,2024,1978.0,
CXUINDIVRNTLB0405M,INDIVRNT,45-54,1984,923.0,1
CXUINDIVRNTLB0405M,INDIVRNT,45-54,1985,972.0,1
CXUINDIVRNTLB0405M,INDIVRNT,45-54,1986,697.0,1
CXUINDIVRNTLB0405M,INDIVRNT,45-54,1987,718.0,1
CXUINDIVRNTLB0405M,INDIVRNT,45-54,1988,708.0,1
CXUINDIVRNTLB0405M,INDIVRNT,45-54,1989,747.0,1
CXUINDIVRNTLB0405M,INDIVRNT,45-54,1990,915.0,1
CXUINDIVRNTLB0405M,INDIVRNT,45-54,1991,1079.0,1
CXUINDIVRNTLB0405M,INDIVRNT,45-54,1992,747.0,1
CXUINDIVRNTLB0405M,INDIVRNT,45-54,1993,1028.0,1
CXUINDIVRNTLB0405M,INDIVRNT,45-54,1994,741.0,1
CXUINDIVRNTLB0405M,INDIVRNT,45-54,1995,916.0,1
CXUINDIVRNTLB0405M,INDIVRNT,45-54,1996,584.0,1
CXUINDIVRNTLB0405M,INDIVRNT,45-54,1997,767.0,1
CXUINDIVRNTLB0405M,INDIVRNT,45-54,1998,955.0,1
CXUINDIVRNTLB0405M,INDIVRNT,45-54,1999,681.0,1
CXUINDIVRNTLB0405M,INDIVRNT,45-54,2000,1110.0,1
CXUINDIVRNTLB0405M,INDIVRNT,45-54,2001,982.0,1
CXUINDIVRNTLB0405M,INDIVRNT,45-54,2002,990.0,1
CXUINDIVRNTLB0405M,INDIVRNT,45-54,2003,1279.0,1
CXUINDIVRNTLB0405M,INDIVRNT,45-54,2004,1206.0,
CXUINDIVRNTLB0405M,INDIVRNT,45-54,2005,897.0,
CXUINDIVRNTLB0405M,INDIVRNT,45-54,2006,1722.0,
CXUINDIVRNTLB0405M,INDIVRNT,45-54,2007,1439.0,
CXUINDIVRNTLB0405M,INDIVRNT,45-54,2008,1326.0,
CXUINDIVRNTLB0405M,INDIVRNT,45-54,2009,1031.0,
CXUINDIVRNTLB0405M,INDIVRNT,45-54,2010,1078.0,
CXUINDIVRNTLB0405M,INDIVRNT,45-54,2011,960.0,
CXUINDIVRNTLB0405M,INDIVRNT,45-54,2012,894.0,
CXUINDIVRNTLB0405M,INDIVRNT,45-54,2013,989.0,
CXUINDIVRNTLB0405M,INDIVRNT,45-54,2014,1250.0,
CXUINDIVRNTLB0405M,INDIVRNT,45-54,2015,1695.0,
CXUINDIVRNTLB0405M,INDIVRNT,45-54,2016,1841.0,
CXUINDIVRNTLB0405M,INDIVRNT,45-54,2017,1564.0,
CXUINDIVRNTLB0405M,INDIVRNT,45-54,2018,1944.0,
CXUINDIVRNTLB0405M,INDIVRNT,45-54,2019,1443.0,
CXUINDIVRNTLB0405M,INDIVRNT,45-54,2020,1531.0,
CXUINDIVRNTLB0405M,INDIVRNT,45-54,2021,2705.0,6
CXUINDIVRNTLB0405M,INDIVRNT,45-54,2022,1655.0,
CXUINDIVRNTLB0405M,INDIVRNT,45-54,2023,1645.0,
CXUINDIVRNTLB0405M,INDIVRNT,45-54,2024,1721.0,
CXUINDIVRNTLB0406M,INDIVRNT,55-64,1984,2146.0,1
CXUINDIVRNTLB0406M,INDIVRNT,55-64,1985,2086.0,1
CXUINDIVRNTLB0406M,INDIVRNT,55-64,1986,1598.0,1
CXUINDIVRNTLB0406M,INDIVRNT,55-64,1987,1857.0,1
CXUINDIVRNTLB0406M,INDIVRNT,55-64,1988,1556.0,1
CXUINDIVRNTLB0406M,INDIVRNT,55-64,1989,2088.0,1
CXUINDIVRNTLB0406M,INDIVRNT,55-64,1990,1648.0,1
CXUINDIVRNTLB0406M,INDIVRNT,55-64,1991,1696.0,1
CXUINDIVRNTLB0406M,INDIVRNT,55-64,1992,1943.0,1
CXUINDIVRNTLB0406M,INDIVRNT,55-64,1993,1752.0,1
CXUINDIVRNTLB0406M,INDIVRNT,55-64,1994,1641.0,1
CXUINDIVRNTLB0406M,INDIVRNT,55-64,1995,1326.0,1
CXUINDIVRNTLB0406M,INDIVRNT,55-64,1996,1273.0,1
CXUINDIVRNTLB0406M,INDIVRNT,55-64,1997,1089.0,1
CXUINDIVRNTLB0406M,INDIVRNT,55-64,1998,1250.0,1
CXUINDIVRNTLB0406M,INDIVRNT,55-64,1999,1495.0,1
CXUINDIVRNTLB0406M,INDIVRNT,55-64,2000,1153.0,1
CXUINDIVRNTLB0406M,INDIVRNT,55-64,2001,1412.0,1
CXUINDIVRNTLB0406M,INDIVRNT,55-64,2002,1517.0,1
CXUINDIVRNTLB0406M,INDIVRNT,55-64,2003,1922.0,1
CXUINDIVRNTLB0406M,INDIVRNT,55-64,2004,1800.0,
CXUINDIVRNTLB0406M,INDIVRNT,55-64,2005,2539.0,
CXUINDIVRNTLB0406M,INDIVRNT,55-64,2006,2040.0,
CXUINDIVRNTLB0406M,INDIVRNT,55-64,2007,2651.0,
CXUINDIVRNTLB0406M,INDIVRNT,55-64,2008,2289.0,
CXUINDIVRNTLB0406M,INDIVRNT,55-64,2009,2164.0,
CXUINDIVRNTLB0406M,INDIVRNT,55-64,2010,1542.0,
CXUINDIVRNTLB0406M,INDIVRNT,55-64,2011,2042.0,
CXUINDIVRNTLB0406M,INDIVRNT,55-64,2012,2110.0,
CXUINDIVRNTLB0406M,INDIVRNT,55-64,2013,2584.0,
CXUINDIVRNTLB0406M,INDIVRNT,55-64,2014,2641.0,6
CXUINDIVRNTLB0406M,INDIVRNT,55-64,2015,2288.0,
CXUINDIVRNTLB0406M,INDIVRNT,55-64,2016,2182.0,
CXUINDIVRNTLB0406M,INDIVRNT,55-64,2017,3104.0,
CXUINDIVRNTLB0406M,INDIVRNT,55-64,2018,2379.0,
CXUINDIVRNTLB0406M,INDIVRNT,55-64,2019,1881.0,
CXUINDIVRNTLB0406M,INDIVRNT,55-64,2020,3197.0,
CXUINDIVRNTLB0406M,INDIVRNT,55-64,2021,3164.0,
CXUINDIVRNTLB0406M,INDIVRNT,55-64,2022,3469.0,
CXUINDIVRNTLB0406M,INDIVRNT,55-64,2023,6023.0,
CXUINDIVRNTLB0406M,INDIVRNT,55-64,2024,5134.0,
CXUINDIVRNTLB0407M,INDIVRNT,65+,1988,2396.0,1
CXUINDIVRNTLB0407M,INDIVRNT,65+,1989,3272.0,1
CXUINDIVRNTLB0407M,INDIVRNT,65+,1990,2539.0,1
CXUINDIVRNTLB0407M,INDIVRNT,65+,1991,2642.0,1
CXUINDIVRNTLB0407M,INDIVRNT,65+,1992,2583.0,1
CXUINDIVRNTLB0407M,INDIVRNT,65+,1993,2139.0,1
CXUINDIVRNTLB0407M,INDIVRNT,65+,1994,2707.0,1
CXUINDIVRNTLB0407M,INDIVRNT,65+,1995,1811.0,1
CXUINDIVRNTLB0407M,INDIVRNT,65+,1996,1858.0,1
CXUINDIVRNTLB0407M,INDIVRNT,65+,1997,1820.0,1
CXUINDIVRNTLB0407M,INDIVRNT,65+,1998,1948.0,1
CXUINDIVRNTLB0407M,INDIVRNT,65+,1999,3092.0,1
CXUINDIVRNTLB0407M,INDIVRNT,65+,2000,1895.0,1
CXUINDIVRNTLB0407M,INDIVRNT,65+,2001,1878.0,1
CXUINDIVRNTLB0407M,INDIVRNT,65+,2002,1704.0,1
CXUINDIVRNTLB0407M,INDIVRNT,65+,2003,1930.0,1
CXUINDIVRNTLB0407M,INDIVRNT,65+,2004,2621.0,
CXUINDIVRNTLB0407M,INDIVRNT,65+,2005,2845.0,
CXUINDIVRNTLB0407M,INDIVRNT,65+,2006,2899.0,
CXUINDIVRNTLB0407M,INDIVRNT,65+,2007,3881.0,
CXUINDIVRNTLB0407M,INDIVRNT,65+,2008,3173.0,
CXUINDIVRNTLB0407M,INDIVRNT,65+,2009,2564.0,
CXUINDIVRNTLB0407M,INDIVRNT,65+,2010,2669.0,
CXUINDIVRNTLB0407M,INDIVRNT,65+,2011,2681.0,
CXUINDIVRNTLB0407M,INDIVRNT,65+,2012,2875.0,
CXUINDIVRNTLB0407M,INDIVRNT,65+,2013,2762.0,
CXUINDIVRNTLB0407M,INDIVRNT,65+,2014,2763.0,
CXUINDIVRNTLB0407M,INDIVRNT,65+,2015,3523.0,
CXUINDIVRNTLB0407M,INDIVRNT,65+,2016,3308.0,
CXUINDIVRNTLB0407M,INDIVRNT,65+,2017,3618.0,
CXUINDIVRNTLB0407M,INDIVRNT,65+,2018,3659.0,
CXUINDIVRNTLB0407M,INDIVRNT,65+,2019,4552.0,
CXUINDIVRNTLB0407M,INDIVRNT,65+,2020,3193.0,
CXUINDIVRNTLB0407M,INDIVRNT,65+,2021,3431.0,
CXUINDIVRNTLB0407M,INDIVRNT,65+,2022,3969.0,
CXUINDIVRNTLB0407M,INDIVRNT,65+,2023,5247.0,
CXUINDIVRNTLB0407M,INDIVRNT,65+,2024,5149.0,
CXUINDIVRNTLB0408M,INDIVRNT,65-74,1984,1701.0,1
CXUINDIVRNTLB0408M,INDIVRNT,65-74,1985,2508.0,1
CXUINDIVRNTLB0408M,INDIVRNT,65-74,1986,2593.0,1
CXUINDIVRNTLB0408M,INDIVRNT,65-74,1987,2300.0,1
CXUINDIVRNTLB0408M,INDIVRNT,65-74,1988,2335.0,1
CXUINDIVRNTLB0408M,INDIVRNT,65-74,1989,2599.0,1
CXUINDIVRNTLB0408M,INDIVRNT,65-74,1990,2400.0,1
CXUINDIVRNTLB0408M,INDIVRNT,65-74,1991,2553.0,1
CXUINDIVRNTLB0408M,INDIVRNT,65-74,1992,2764.0,1
CXUINDIVRNTLB0408M,INDIVRNT,65-74,1993,2244.0,1
CXUINDIVRNTLB0408M,INDIVRNT,65-74,1994,2489.0,1
CXUINDIVRNTLB0408M,INDIVRNT,65-74,1995,1684.0,1
CXUINDIVRNTLB0408M,INDIVRNT,65-74,1996,1800.0,1
CXUINDIVRNTLB0408M,INDIVRNT,65-74,1997,1907.0,1
CXUINDIVRNTLB0408M,INDIVRNT,65-74,1998,1923.0,1
CXUINDIVRNTLB0408M,INDIVRNT,65-74,1999,1713.0,1
CXUINDIVRNTLB0408M,INDIVRNT,65-74,2000,1810.0,1
CXUINDIVRNTLB0408M,INDIVRNT,65-74,2001,1963.0,1
CXUINDIVRNTLB0408M,INDIVRNT,65-74,2002,1438.0,1
CXUINDIVRNTLB0408M,INDIVRNT,65-74,2003,1547.0,1
CXUINDIVRNTLB0408M,INDIVRNT,65-74,2004,2280.0,
CXUINDIVRNTLB0408M,INDIVRNT,65-74,2005,2592.0,
CXUINDIVRNTLB0408M,INDIVRNT,65-74,2006,2805.0,
CXUINDIVRNTLB0408M,INDIVRNT,65-74,2007,3053.0,
CXUINDIVRNTLB0408M,INDIVRNT,65-74,2008,2596.0,
CXUINDIVRNTLB0408M,INDIVRNT,65-74,2009,2105.0,
CXUINDIVRNTLB0408M,INDIVRNT,65-74,2010,2658.0,
CXUINDIVRNTLB0408M,INDIVRNT,65-74,2011,2789.0,
CXUINDIVRNTLB0408M,INDIVRNT,65-74,2012,2768.0,
CXUINDIVRNTLB0408M,INDIVRNT,65-74,2013,2583.0,
CXUINDIVRNTLB0408M,INDIVRNT,65-74,2014,2402.0,
CXUINDIVRNTLB0408M,INDIVRNT,65-74,2015,3408.0,
CXUINDIVRNTLB0408M,INDIVRNT,65-74,2016,3744.0,
CXUINDIVRNTLB0408M,INDIVRNT,65-74,2017,4182.0,6
CXUINDIVRNTLB0408M,INDIVRNT,65-74,2018,3893.0,
CXUINDIVRNTLB0408M,INDIVRNT,65-74,2019,4673.0,
CXUINDIVRNTLB0408M,INDIVRNT,65-74,2020,3225.0,
CXUINDIVRNTLB0408M,INDIVRNT,65-74,2021,3406.0,
CXUINDIVRNTLB0408M,INDIVRNT,65-74,2022,3843.0,
CXUINDIVRNTLB0408M,INDIVRNT,65-74,2023,5458.0,
CXUINDIVRNTLB0408M,INDIVRNT,65-74,2024,5073.0,
CXUINDIVRNTLB0409M,INDIVRNT,75+,1984,2026.0,1
CXUINDIVRNTLB0409M,INDIVRNT,75+,1985,2463.0,1
CXUINDIVRNTLB0409M,INDIVRNT,75+,1986,2187.0,1
CXUINDIVRNTLB0409M,INDIVRNT,75+,1987,2472.0,1
CXUINDIVRNTLB0409M,INDIVRNT,75+,1988,2479.0,1
CXUINDIVRNTLB0409M,INDIVRNT,75+,1989,4243.0,1
CXUINDIVRNTLB0409M,INDIVRNT,75+,1990,2716.0,1
CXUINDIVRNTLB0409M,INDIVRNT,75+,1991,2764.0,1
CXUINDIVRNTLB0409M,INDIVRNT,75+,1992,2359.0,1
CXUINDIVRNTLB0409M,INDIVRNT,75+,1993,2010.0,1
CXUINDIVRNTLB0409M,INDIVRNT,75+,1994,2984.0,1
CXUINDIVRNTLB0409M,INDIVRNT,75+,1995,1966.0,1
CXUINDIVRNTLB0409M,INDIVRNT,75+,1996,1928.0,1
CXUINDIVRNTLB0409M,INDIVRNT,75+,1997,1707.0,1
CXUINDIVRNTLB0409M,INDIVRNT,75+,1998,1980.0,1
CXUINDIVRNTLB0409M,INDIVRNT,75+,1999,4645.0,1
CXUINDIVRNTLB0409M,INDIVRNT,75+,2000,1991.0,1
CXUINDIVRNTLB0409M,INDIVRNT,75+,2001,1784.0,1
CXUINDIVRNTLB0409M,INDIVRNT,75+,2002,1990.0,1
CXUINDIVRNTLB0409M,INDIVRNT,75+,2003,2317.0,1
CXUINDIVRNTLB0409M,INDIVRNT,75+,2004,2954.0,
CXUINDIVRNTLB0409M,INDIVRNT,75+,2005,3102.0,
CXUINDIVRNTLB0409M,INDIVRNT,75+,2006,2999.0,
CXUINDIVRNTLB0409M,INDIVRNT,75+,2007,4755.0,
CXUINDIVRNTLB0409M,INDIVRNT,75+,2008,3804.0,
CXUINDIVRNTLB0409M,INDIVRNT,75+,2009,3067.0,
CXUINDIVRNTLB0409M,INDIVRNT,75+,2010,2681.0,
CXUINDIVRNTLB0409M,INDIVRNT,75+,2011,2552.0,
CXUINDIVRNTLB0409M,INDIVRNT,75+,2012,3008.0,
CXUINDIVRNTLB0409M,INDIVRNT,75+,2013,3001.0,
CXUINDIVRNTLB0409M,INDIVRNT,75+,2014,3242.0,
CXUINDIVRNTLB0409M,INDIVRNT,75+,2015,3681.0,
CXUINDIVRNTLB0409M,INDIVRNT,75+,2016,2700.0,
CXUINDIVRNTLB0409M,INDIVRNT,75+,2017,2825.0,
CXUINDIVRNTLB0409M,INDIVRNT,75+,2018,3329.0,
CXUINDIVRNTLB0409M,INDIVRNT,75+,2019,4391.0,
CXUINDIVRNTLB0409M,INDIVRNT,75+,2020,3148.0,
CXUINDIVRNTLB0409M,INDIVRNT,75+,2021,3469.0,
CXUINDIVRNTLB0409M,INDIVRNT,75+,2022,4149.0,
CXUINDIVRNTLB0409M,INDIVRNT,75+,2023,4957.0,
CXUINDIVRNTLB0409M,INDIVRNT,75+,2024,5257.0,
CXUINDIVRNTLB0401M,INDIVRNT,All CUs,1984,938.0,1
CXUINDIVRNTLB0401M,INDIVRNT,All CUs,1985,1126.0,1
CXUINDIVRNTLB0401M,INDIVRNT,All CUs,1986,973.0,1
CXUINDIVRNTLB0401M,INDIVRNT,All CUs,1987,1115.0,1
CXUINDIVRNTLB0401M,INDIVRNT,All CUs,1988,1016.0,1
CXUINDIVRNTLB0401M,INDIVRNT,All CUs,1989,1253.0,1
CXUINDIVRNTLB0401M,INDIVRNT,All CUs,1990,1059.0,1
CXUINDIVRNTLB0401M,INDIVRNT,All CUs,1991,1164.0,1
CXUINDIVRNTLB0401M,INDIVRNT,All CUs,1992,1130.0,1
CXUINDIVRNTLB0401M,INDIVRNT,All CUs,1993,1029.0,1
CXUINDIVRNTLB0401M,INDIVRNT,All CUs,1994,1087.0,1
CXUINDIVRNTLB0401M,INDIVRNT,All CUs,1995,861.0,1
CXUINDIVRNTLB0401M,INDIVRNT,All CUs,1996,761.0,1
CXUINDIVRNTLB0401M,INDIVRNT,All CUs,1997,822.0,1
CXUINDIVRNTLB0401M,INDIVRNT,All CUs,1998,871.0,1
CXUINDIVRNTLB0401M,INDIVRNT,All CUs,1999,1104.0,1
CXUINDIVRNTLB0401M,INDIVRNT,All CUs,2000,927.0,1
CXUINDIVRNTLB0401M,INDIVRNT,All CUs,2001,951.0,1
CXUINDIVRNTLB0401M,INDIVRNT,All CUs,2002,924.0,1
CXUINDIVRNTLB0401M,INDIVRNT,All CUs,2003,1097.0,1
CXUINDIVRNTLB0401M,INDIVRNT,All CUs,2004,1261.0,
CXUINDIVRNTLB0401M,INDIVRNT,All CUs,2005,1379.0,
CXUINDIVRNTLB0401M,INDIVRNT,All CUs,2006,1486.0,
CXUINDIVRNTLB0401M,INDIVRNT,All CUs,2007,1746.0,
CXUINDIVRNTLB0401M,INDIVRNT,All CUs,2008,1509.0,
CXUINDIVRNTLB0401M,INDIVRNT,All CUs,2009,1460.0,
CXUINDIVRNTLB0401M,INDIVRNT,All CUs,2010,1182.0,
CXUINDIVRNTLB0401M,INDIVRNT,All CUs,2011,1281.0,
CXUINDIVRNTLB0401M,INDIVRNT,All CUs,2012,1358.0,
CXUINDIVRNTLB0401M,INDIVRNT,All CUs,2013,1411.0,
CXUINDIVRNTLB0401M,INDIVRNT,All CUs,2014,1594.0,
CXUINDIVRNTLB0401M,INDIVRNT,All CUs,2015,1737.0,
CXUINDIVRNTLB0401M,INDIVRNT,All CUs,2016,1751.0,
CXUINDIVRNTLB0401M,INDIVRNT,All CUs,2017,1910.0,
CXUINDIVRNTLB0401M,INDIVRNT,All CUs,2018,1941.0,
CXUINDIVRNTLB0401M,INDIVRNT,All CUs,2019,1962.0,
CXUINDIVRNTLB0401M,INDIVRNT,All CUs,2020,1963.0,
CXUINDIVRNTLB0401M,INDIVRNT,All CUs,2021,2279.0,
CXUINDIVRNTLB0401M,INDIVRNT,All CUs,2022,2294.0,
CXUINDIVRNTLB0401M,INDIVRNT,All CUs,2023,3257.0,
CXUINDIVRNTLB0401M,INDIVRNT,All CUs,2024,3066.0,
CXUINDIVRNTLB0402M,INDIVRNT,Under 25,1984,87.0,1
CXUINDIVRNTLB0402M,INDIVRNT,Under 25,1985,95.0,1
CXUINDIVRNTLB0402M,INDIVRNT,Under 25,1986,167.0,1
CXUINDIVRNTLB0402M,INDIVRNT,Under 25,1987,150.0,1
CXUINDIVRNTLB0402M,INDIVRNT,Under 25,1988,464.0,1
CXUINDIVRNTLB0402M,INDIVRNT,Under 25,1989,109.0,1
CXUINDIVRNTLB0402M,INDIVRNT,Under 25,1990,125.0,1
CXUINDIVRNTLB0402M,INDIVRNT,Under 25,1991,106.0,1
CXUINDIVRNTLB0402M,INDIVRNT,Under 25,1992,117.0,1
CXUINDIVRNTLB0402M,INDIVRNT,Under 25,1993,131.0,1
CXUINDIVRNTLB0402M,INDIVRNT,Under 25,1994,70.0,1
CXUINDIVRNTLB0402M,INDIVRNT,Under 25,1995,91.0,1
CXUINDIVRNTLB0402M,INDIVRNT,Under 25,1996,57.0,1
CXUINDIVRNTLB0402M,INDIVRNT,Under 25,1997,155.0,1
CXUINDIVRNTLB0402M,INDIVRNT,Under 25,1998,262.0,1
CXUINDIVRNTLB0402M,INDIVRNT,Under 25,1999,97.0,1
CXUINDIVRNTLB0402M,INDIVRNT,Under 25,2000,78.0,1
CXUINDIVRNTLB0402M,INDIVRNT,Under 25,2001,652.0,1
CXUINDIVRNTLB0402M,INDIVRNT,Under 25,2002,134.0,1
CXUINDIVRNTLB0402M,INDIVRNT,Under 25,2003,83.0,1
CXUINDIVRNTLB0402M,INDIVRNT,Under 25,2004,278.0,
CXUINDIVRNTLB0402M,INDIVRNT,Under 25,2005,312.0,
CXUINDIVRNTLB0402M,INDIVRNT,Under 25,2006,671.0,
CXUINDIVRNTLB0402M,INDIVRNT,Under 25,2007,662.0,
CXUINDIVRNTLB0402M,INDIVRNT,Under 25,2008,107.0,
CXUINDIVRNTLB0402M,INDIVRNT,Under 25,2009,34.0,
CXUINDIVRNTLB0402M,INDIVRNT,Under 25,2010,112.0,
CXUINDIVRNTLB0402M,INDIVRNT,Under 25,2011,127.0,6
CXUINDIVRNTLB0402M,INDIVRNT,Under 25,2012,799.0,6
CXUINDIVRNTLB0402M,INDIVRNT,Under 25,2013,194.0,6
CXUINDIVRNTLB0402M,INDIVRNT,Under 25,2014,253.0,6
CXUINDIVRNTLB0402M,INDIVRNT,Under 25,2015,152.0,6
CXUINDIVRNTLB0402M,INDIVRNT,Under 25,2016,121.0,6
CXUINDIVRNTLB0402M,INDIVRNT,Under 25,2017,81.0,6
CXUINDIVRNTLB0402M,INDIVRNT,Under 25,2018,238.0,6
CXUINDIVRNTLB0402M,INDIVRNT,Under 25,2019,84.0,6
CXUINDIVRNTLB0402M,INDIVRNT,Under 25,2020,195.0,6
CXUINDIVRNTLB0402M,INDIVRNT,Under 25,2021,405.0,6
CXUINDIVRNTLB0402M,INDIVRNT,Under 25,2022,680.0,6
CXUINDIVRNTLB0402M,INDIVRNT,Under 25,2023,650.0,6
CXUINDIVRNTLB0402M,INDIVRNT,Under 25,2024,147.0,6
CXUINSPENSNLB0403M,INSPENSN,25-34,1984,2022.0,
CXUINSPENSNLB0403M,INSPENSN,25-34,1985,2082.0,
CXUINSPENSNLB0403M,INSPENSN,25-34,1986,2191.0,
CXUINSPENSNLB0403M,INSPENSN,25-34,1987,2261.0,
CXUINSPENSNLB0403M,INSPENSN,25-34,1988,2293.0,
CXUINSPENSNLB0403M,INSPENSN,25-34,1989,2527.0,
CXUINSPENSNLB0403M,INSPENSN,25-34,1990,2761.0,
CXUINSPENSNLB0403M,INSPENSN,25-34,1991,2903.0,
CXUINSPENSNLB0403M,INSPENSN,25-34,1992,2821.0,
CXUINSPENSNLB0403M,INSPENSN,25-34,1993,2787.0,
CXUINSPENSNLB0403M,INSPENSN,25-34,1994,2839.0,
CXUINSPENSNLB0403M,INSPENSN,25-34,1995,3038.0,
CXUINSPENSNLB0403M,INSPENSN,25-34,1996,3154.0,
CXUINSPENSNLB0403M,INSPENSN,25-34,1997,3341.0,
CXUINSPENSNLB0403M,INSPENSN,25-34,1998,3662.0,
CXUINSPENSNLB0403M,INSPENSN,25-34,1999,3433.0,
CXUINSPENSNLB0403M,INSPENSN,25-34,2000,3614.0,
CXUINSPENSNLB0403M,INSPENSN,25-34,2001,3938.0,
CXUINSPENSNLB0403M,INSPENSN,25-34,2002,3972.0,
CXUINSPENSNLB0403M,INSPENSN,25-34,2003,4137.0,
CXUINSPENSNLB0403M,INSPENSN,25-34,2004,4765.0,
CXUINSPENSNLB0403M,INSPENSN,25-34,2005,5123.0,
CXUINSPENSNLB0403M,INSPENSN,25-34,2006,5252.0,
CXUINSPENSNLB0403M,INSPENSN,25-34,2007,5159.0,
CXUINSPENSNLB0403M,INSPENSN,25-34,2008,5510.0,
CXUINSPENSNLB0403M,INSPENSN,25-34,2009,5303.0,
CXUINSPENSNLB0403M,INSPENSN,25-34,2010,5318.0,
CXUINSPENSNLB0403M,INSPENSN,25-34,2011,5346.0,
CXUINSPENSNLB0403M,INSPENSN,25-34,2012,5313.0,
CXUINSPENSNLB0403M,INSPENSN,25-34,2013,5304.0,
CXUINSPENSNLB0403M,INSPENSN,25-34,2014,5472.0,
CXUINSPENSNLB0403M,INSPENSN,25-34,2015,6006.0,
CXUINSPENSNLB0403M,INSPENSN,25-34,2016,6450.0,
CXUINSPENSNLB0403M,INSPENSN,25-34,2017,6590.0,
CXUINSPENSNLB0403M,INSPENSN,25-34,2018,7115.0,
CXUINSPENSNLB0403M,INSPENSN,25-34,2019,7261.0,
CXUINSPENSNLB0403M,INSPENSN,25-34,2020,7363.0,
CXUINSPENSNLB0403M,INSPENSN,25-34,2021,8386.0,
CXUINSPENSNLB0403M,INSPENSN,25-34,2022,9127.0,
CXUINSPENSNLB0403M,INSPENSN,25-34,2023,10281.0,
CXUINSPENSNLB0403M,INSPENSN,25-34,2024,10701.0,
CXUINSPENSNLB0404M,INSPENSN,35-44,1984,2591.0,
CXUINSPENSNLB0404M,INSPENSN,35-44,1985,2836.0,
CXUINSPENSNLB0404M,INSPENSN,35-44,1986,3066.0,
CXUINSPENSNLB0404M,INSPENSN,35-44,1987,3122.0,
CXUINSPENSNLB0404M,INSPENSN,35-44,1988,3150.0,
CXUINSPENSNLB0404M,INSPENSN,35-44,1989,3692.0,
CXUINSPENSNLB0404M,INSPENSN,35-44,1990,3700.0,
CXUINSPENSNLB0404M,INSPENSN,35-44,1991,3811.0,
CXUINSPENSNLB0404M,INSPENSN,35-44,1992,4030.0,
CXUINSPENSNLB0404M,INSPENSN,35-44,1993,4133.0,
CXUINSPENSNLB0404M,INSPENSN,35-44,1994,3999.0,
CXUINSPENSNLB0404M,INSPENSN,35-44,1995,3889.0,
CXUINSPENSNLB0404M,INSPENSN,35-44,1996,4185.0,
CXUINSPENSNLB0404M,INSPENSN,35-44,1997,4322.0,
CXUINSPENSNLB0404M,INSPENSN,35-44,1998,4415.0,
CXUINSPENSNLB0404M,INSPENSN,35-44,1999,4455.0,
CXUINSPENSNLB0404M,INSPENSN,35-44,2000,4570.0,
CXUINSPENSNLB0404M,INSPENSN,35-44,2001,4971.0,
CXUINSPENSNLB0404M,INSPENSN,35-44,2002,5183.0,
CXUINSPENSNLB0404M,INSPENSN,35-44,2003,5196.0,
CXUINSPENSNLB0404M,INSPENSN,35-44,2004,6273.0,
CXUINSPENSNLB0404M,INSPENSN,35-44,2005,6929.0,
CXUINSPENSNLB0404M,INSPENSN,35-44,2006,7090.0,
CXUINSPENSNLB0404M,INSPENSN,35-44,2007,6980.0,
CXUINSPENSNLB0404M,INSPENSN,35-44,2008,7165.0,
CXUINSPENSNLB0404M,INSPENSN,35-44,2009,7122.0,
CXUINSPENSNLB0404M,INSPENSN,35-44,2010,6944.0,
CXUINSPENSNLB0404M,INSPENSN,35-44,2011,7068.0,
CXUINSPENSNLB0404M,INSPENSN,35-44,2012,7033.0,
CXUINSPENSNLB0404M,INSPENSN,35-44,2013,7081.0,
CXUINSPENSNLB0404M,INSPENSN,35-44,2014,7617.0,
CXUINSPENSNLB0404M,INSPENSN,35-44,2015,7716.0,
CXUINSPENSNLB0404M,INSPENSN,35-44,2016,8647.0,
CXUINSPENSNLB0404M,INSPENSN,35-44,2017,8341.0,
CXUINSPENSNLB0404M,INSPENSN,35-44,2018,9503.0,
CXUINSPENSNLB0404M,INSPENSN,35-44,2019,9564.0,
CXUINSPENSNLB0404M,INSPENSN,35-44,2020,9881.0,
CXUINSPENSNLB0404M,INSPENSN,35-44,2021,11065.0,
CXUINSPENSNLB0404M,INSPENSN,35-44,2022,12298.0,
CXUINSPENSNLB0404M,INSPENSN,35-44,2023,13220.0,
CXUINSPENSNLB0404M,INSPENSN,35-44,2024,13465.0,
CXUINSPENSNLB0405M,INSPENSN,45-54,1984,2876.0,
CXUINSPENSNLB0405M,INSPENSN,45-54,1985,3121.0,
CXUINSPENSNLB0405M,INSPENSN,45-54,1986,3362.0,
CXUINSPENSNLB0405M,INSPENSN,45-54,1987,3316.0,
CXUINSPENSNLB0405M,INSPENSN,45-54,1988,3409.0,
CXUINSPENSNLB0405M,INSPENSN,45-54,1989,3700.0,
CXUINSPENSNLB0405M,INSPENSN,45-54,1990,3847.0,
CXUINSPENSNLB0405M,INSPENSN,45-54,1991,4317.0,
CXUINSPENSNLB0405M,INSPENSN,45-54,1992,4256.0,
CXUINSPENSNLB0405M,INSPENSN,45-54,1993,4716.0,
CXUINSPENSNLB0405M,INSPENSN,45-54,1994,4515.0,
CXUINSPENSNLB0405M,INSPENSN,45-54,1995,4802.0,
CXUINSPENSNLB0405M,INSPENSN,45-54,1996,4605.0,
CXUINSPENSNLB0405M,INSPENSN,45-54,1997,4998.0,
CXUINSPENSNLB0405M,INSPENSN,45-54,1998,5297.0,
CXUINSPENSNLB0405M,INSPENSN,45-54,1999,5415.0,
CXUINSPENSNLB0405M,INSPENSN,45-54,2000,4795.0,
CXUINSPENSNLB0405M,INSPENSN,45-54,2001,5224.0,
CXUINSPENSNLB0405M,INSPENSN,45-54,2002,5323.0,
CXUINSPENSNLB0405M,INSPENSN,45-54,2003,6003.0,
CXUINSPENSNLB0405M,INSPENSN,45-54,2004,6915.0,
CXUINSPENSNLB0405M,INSPENSN,45-54,2005,7348.0,
CXUINSPENSNLB0405M,INSPENSN,45-54,2006,7346.0,
CXUINSPENSNLB0405M,INSPENSN,45-54,2007,7489.0,
CXUINSPENSNLB0405M,INSPENSN,45-54,2008,7853.0,
CXUINSPENSNLB0405M,INSPENSN,45-54,2009,7654.0,
CXUINSPENSNLB0405M,INSPENSN,45-54,2010,7668.0,
CXUINSPENSNLB0405M,INSPENSN,45-54,2011,7453.0,
CXUINSPENSNLB0405M,INSPENSN,45-54,2012,8196.0,
CXUINSPENSNLB0405M,INSPENSN,45-54,2013,7672.0,
CXUINSPENSNLB0405M,INSPENSN,45-54,2014,8378.0,
CXUINSPENSNLB0405M,INSPENSN,45-54,2015,9780.0,
CXUINSPENSNLB0405M,INSPENSN,45-54,2016,10191.0,
CXUINSPENSNLB0405M,INSPENSN,45-54,2017,9622.0,
CXUINSPENSNLB0405M,INSPENSN,45-54,2018,10998.0,
CXUINSPENSNLB0405M,INSPENSN,45-54,2019,10374.0,
CXUINSPENSNLB0405M,INSPENSN,45-54,2020,10984.0,
CXUINSPENSNLB0405M,INSPENSN,45-54,2021,11666.0,
CXUINSPENSNLB0405M,INSPENSN,45-54,2022,13235.0,
CXUINSPENSNLB0405M,INSPENSN,45-54,2023,14879.0,
CXUINSPENSNLB0405M,INSPENSN,45-54,2024,14948.0,
CXUINSPENSNLB0406M,INSPENSN,55-64,1984,2446.0,
CXUINSPENSNLB0406M,INSPENSN,55-64,1985,2479.0,
CXUINSPENSNLB0406M,INSPENSN,55-64,1986,2647.0,
CXUINSPENSNLB0406M,INSPENSN,55-64,1987,2661.0,
CXUINSPENSNLB0406M,INSPENSN,55-64,1988,2609.0,
CXUINSPENSNLB0406M,INSPENSN,55-64,1989,2673.0,
CXUINSPENSNLB0406M,INSPENSN,55-64,1990,2958.0,
CXUINSPENSNLB0406M,INSPENSN,55-64,1991,3462.0,
CXUINSPENSNLB0406M,INSPENSN,55-64,1992,3103.0,
CXUINSPENSNLB0406M,INSPENSN,55-64,1993,3336.0,
CXUINSPENSNLB0406M,INSPENSN,55-64,1994,3420.0,
CXUINSPENSNLB0406M,INSPENSN,55-64,1995,3217.0,
CXUINSPENSNLB0406M,INSPENSN,55-64,1996,3441.0,
CXUINSPENSNLB0406M,INSPENSN,55-64,1997,3466.0,
CXUINSPENSNLB0406M,INSPENSN,55-64,1998,3740.0,
CXUINSPENSNLB0406M,INSPENSN,55-64,1999,3941.0,
CXUINSPENSNLB0406M,INSPENSN,55-64,2000,3838.0,
CXUINSPENSNLB0406M,INSPENSN,55-64,2001,4401.0,
CXUINSPENSNLB0406M,INSPENSN,55-64,2002,4838.0,
CXUINSPENSNLB0406M,INSPENSN,55-64,2003,4819.0,
CXUINSPENSNLB0406M,INSPENSN,55-64,2004,5825.0,
CXUINSPENSNLB0406M,INSPENSN,55-64,2005,5909.0,
CXUINSPENSNLB0406M,INSPENSN,55-64,2006,5726.0,
CXUINSPENSNLB0406M,INSPENSN,55-64,2007,6193.0,
CXUINSPENSNLB0406M,INSPENSN,55-64,2008,6943.0,
CXUINSPENSNLB0406M,INSPENSN,55-64,2009,6793.0,
CXUINSPENSNLB0406M,INSPENSN,55-64,2010,6403.0,
CXUINSPENSNLB0406M,INSPENSN,55-64,2011,6775.0,
CXUINSPENSNLB0406M,INSPENSN,55-64,2012,7088.0,
CXUINSPENSNLB0406M,INSPENSN,55-64,2013,7033.0,
CXUINSPENSNLB0406M,INSPENSN,55-64,2014,7098.0,
CXUINSPENSNLB0406M,INSPENSN,55-64,2015,7664.0,
CXUINSPENSNLB0406M,INSPENSN,55-64,2016,8360.0,
CXUINSPENSNLB0406M,INSPENSN,55-64,2017,8705.0,
CXUINSPENSNLB0406M,INSPENSN,55-64,2018,8460.0,
CXUINSPENSNLB0406M,INSPENSN,55-64,2019,9203.0,
CXUINSPENSNLB0406M,INSPENSN,55-64,2020,8479.0,
CXUINSPENSNLB0406M,INSPENSN,55-64,2021,9403.0,
CXUINSPENSNLB0406M,INSPENSN,55-64,2022,10329.0,
CXUINSPENSNLB0406M,INSPENSN,55-64,2023,11131.0,
CXUINSPENSNLB0406M,INSPENSN,55-64,2024,12172.0,
CXUINSPENSNLB0407M,INSPENSN,65+,1988,720.0,
CXUINSPENSNLB0407M,INSPENSN,65+,1989,740.0,
CXUINSPENSNLB0407M,INSPENSN,65+,1990,718.0,
CXUINSPENSNLB0407M,INSPENSN,65+,1991,709.0,
CXUINSPENSNLB0407M,INSPENSN,65+,1992,724.0,
CXUINSPENSNLB0407M,INSPENSN,65+,1993,837.0,
CXUINSPENSNLB0407M,INSPENSN,65+,1994,977.0,
CXUINSPENSNLB0407M,INSPENSN,65+,1995,799.0,
CXUINSPENSNLB0407M,INSPENSN,65+,1996,876.0,
CXUINSPENSNLB0407M,INSPENSN,65+,1997,964.0,
CXUINSPENSNLB0407M,INSPENSN,65+,1998,888.0,
CXUINSPENSNLB0407M,INSPENSN,65+,1999,980.0,
CXUINSPENSNLB0407M,INSPENSN,65+,2000,939.0,
CXUINSPENSNLB0407M,INSPENSN,65+,2001,1157.0,
CXUINSPENSNLB0407M,INSPENSN,65+,2002,1286.0,
CXUINSPENSNLB0407M,INSPENSN,65+,2003,1251.0,
CXUINSPENSNLB0407M,INSPENSN,65+,2004,1592.0,
CXUINSPENSNLB0407M,INSPENSN,65+,2005,1775.0,
CXUINSPENSNLB0407M,INSPENSN,65+,2006,1844.0,
CXUINSPENSNLB0407M,INSPENSN,65+,2007,1819.0,
CXUINSPENSNLB0407M,INSPENSN,65+,2008,1846.0,
CXUINSPENSNLB0407M,INSPENSN,65+,2009,1856.0,
CXUINSPENSNLB0407M,INSPENSN,65+,2010,1872.0,
CXUINSPENSNLB0407M,INSPENSN,65+,2011,1985.0,
CXUINSPENSNLB0407M,INSPENSN,65+,2012,2009.0,
CXUINSPENSNLB0407M,INSPENSN,65+,2013,2396.0,
CXUINSPENSNLB0407M,INSPENSN,65+,2014,2249.0,
CXUINSPENSNLB0407M,INSPENSN,65+,2015,2733.0,
CXUINSPENSNLB0407M,INSPENSN,65+,2016,2840.0,
CXUINSPENSNLB0407M,INSPENSN,65+,2017,3230.0,
CXUINSPENSNLB0407M,INSPENSN,65+,2018,3556.0,
CXUINSPENSNLB0407M,INSPENSN,65+,2019,2843.0,
CXUINSPENSNLB0407M,INSPENSN,65+,2020,2721.0,
CXUINSPENSNLB0407M,INSPENSN,65+,2021,2850.0,
CXUINSPENSNLB0407M,INSPENSN,65+,2022,3289.0,
CXUINSPENSNLB0407M,INSPENSN,65+,2023,3277.0,
CXUINSPENSNLB0407M,INSPENSN,65+,2024,3480.0,
CXUINSPENSNLB0408M,INSPENSN,65-74,1984,711.0,
CXUINSPENSNLB0408M,INSPENSN,65-74,1985,825.0,
CXUINSPENSNLB0408M,INSPENSN,65-74,1986,854.0,
CXUINSPENSNLB0408M,INSPENSN,65-74,1987,873.0,
CXUINSPENSNLB0408M,INSPENSN,65-74,1988,972.0,
CXUINSPENSNLB0408M,INSPENSN,65-74,1989,1059.0,
CXUINSPENSNLB0408M,INSPENSN,65-74,1990,1071.0,
CXUINSPENSNLB0408M,INSPENSN,65-74,1991,1033.0,
CXUINSPENSNLB0408M,INSPENSN,65-74,1992,1041.0,
CXUINSPENSNLB0408M,INSPENSN,65-74,1993,1185.0,
CXUINSPENSNLB0408M,INSPENSN,65-74,1994,1325.0,
CXUINSPENSNLB0408M,INSPENSN,65-74,1995,1122.0,
CXUINSPENSNLB0408M,INSPENSN,65-74,1996,1278.0,
CXUINSPENSNLB0408M,INSPENSN,65-74,1997,1362.0,
CXUINSPENSNLB0408M,INSPENSN,65-74,1998,1208.0,
CXUINSPENSNLB0408M,INSPENSN,65-74,1999,1280.0,
CXUINSPENSNLB0408M,INSPENSN,65-74,2000,1379.0,
CXUINSPENSNLB0408M,INSPENSN,65-74,2001,1594.0,
CXUINSPENSNLB0408M,INSPENSN,65-74,2002,1853.0,
CXUINSPENSNLB0408M,INSPENSN,65-74,2003,1847.0,
CXUINSPENSNLB0408M,INSPENSN,65-74,2004,2348.0,
CXUINSPENSNLB0408M,INSPENSN,65-74,2005,2580.0,
CXUINSPENSNLB0408M,INSPENSN,65-74,2006,2782.0,
CXUINSPENSNLB0408M,INSPENSN,65-74,2007,2600.0,
CXUINSPENSNLB0408M,INSPENSN,65-74,2008,2616.0,
CXUINSPENSNLB0408M,INSPENSN,65-74,2009,2669.0,
CXUINSPENSNLB0408M,INSPENSN,65-74,2010,2648.0,
CXUINSPENSNLB0408M,INSPENSN,65-74,2011,2957.0,
CXUINSPENSNLB0408M,INSPENSN,65-74,2012,2904.0,
CXUINSPENSNLB0408M,INSPENSN,65-74,2013,3392.0,
CXUINSPENSNLB0408M,INSPENSN,65-74,2014,3160.0,
CXUINSPENSNLB0408M,INSPENSN,65-74,2015,3686.0,
CXUINSPENSNLB0408M,INSPENSN,65-74,2016,3858.0,
CXUINSPENSNLB0408M,INSPENSN,65-74,2017,4091.0,
CXUINSPENSNLB0408M,INSPENSN,65-74,2018,4097.0,
CXUINSPENSNLB0408M,INSPENSN,65-74,2019,3826.0,
CXUINSPENSNLB0408M,INSPENSN,65-74,2020,3700.0,
CXUINSPENSNLB0408M,INSPENSN,65-74,2021,3894.0,
CXUINSPENSNLB0408M,INSPENSN,65-74,2022,4057.0,
CXUINSPENSNLB0408M,INSPENSN,65-74,2023,4286.0,
CXUINSPENSNLB0408M,INSPENSN,65-74,2024,4579.0,
CXUINSPENSNLB0409M,INSPENSN,75+,1984,222.0,
CXUINSPENSNLB0409M,INSPENSN,75+,1985,259.0,
CXUINSPENSNLB0409M,INSPENSN,75+,1986,261.0,
CXUINSPENSNLB0409M,INSPENSN,75+,1987,256.0,
CXUINSPENSNLB0409M,INSPENSN,75+,1988,375.0,
CXUINSPENSNLB0409M,INSPENSN,75+,1989,295.0,
CXUINSPENSNLB0409M,INSPENSN,75+,1990,261.0,
CXUINSPENSNLB0409M,INSPENSN,75+,1991,268.0,
CXUINSPENSNLB0409M,INSPENSN,75+,1992,337.0,
CXUINSPENSNLB0409M,INSPENSN,75+,1993,417.0,
CXUINSPENSNLB0409M,INSPENSN,75+,1994,533.0,
CXUINSPENSNLB0409M,INSPENSN,75+,1995,408.0,
CXUINSPENSNLB0409M,INSPENSN,75+,1996,395.0,
CXUINSPENSNLB0409M,INSPENSN,75+,1997,473.0,
CXUINSPENSNLB0409M,INSPENSN,75+,1998,505.0,
CXUINSPENSNLB0409M,INSPENSN,75+,1999,647.0,
CXUINSPENSNLB0409M,INSPENSN,75+,2000,460.0,
CXUINSPENSNLB0409M,INSPENSN,75+,2001,690.0,
CXUINSPENSNLB0409M,INSPENSN,75+,2002,696.0,
CXUINSPENSNLB0409M,INSPENSN,75+,2003,651.0,
CXUINSPENSNLB0409M,INSPENSN,75+,2004,856.0,
CXUINSPENSNLB0409M,INSPENSN,75+,2005,959.0,
CXUINSPENSNLB0409M,INSPENSN,75+,2006,862.0,
CXUINSPENSNLB0409M,INSPENSN,75+,2007,996.0,
CXUINSPENSNLB0409M,INSPENSN,75+,2008,1003.0,
CXUINSPENSNLB0409M,INSPENSN,75+,2009,964.0,
CXUINSPENSNLB0409M,INSPENSN,75+,2010,996.0,
CXUINSPENSNLB0409M,INSPENSN,75+,2011,825.0,
CXUINSPENSNLB0409M,INSPENSN,75+,2012,906.0,
CXUINSPENSNLB0409M,INSPENSN,75+,2013,1068.0,
CXUINSPENSNLB0409M,INSPENSN,75+,2014,1040.0,
CXUINSPENSNLB0409M,INSPENSN,75+,2015,1425.0,
CXUINSPENSNLB0409M,INSPENSN,75+,2016,1416.0,
CXUINSPENSNLB0409M,INSPENSN,75+,2017,2020.0,
CXUINSPENSNLB0409M,INSPENSN,75+,2018,2794.0,
CXUINSPENSNLB0409M,INSPENSN,75+,2019,1532.0,
CXUINSPENSNLB0409M,INSPENSN,75+,2020,1365.0,
CXUINSPENSNLB0409M,INSPENSN,75+,2021,1307.0,
CXUINSPENSNLB0409M,INSPENSN,75+,2022,2196.0,
CXUINSPENSNLB0409M,INSPENSN,75+,2023,1879.0,
CXUINSPENSNLB0409M,INSPENSN,75+,2024,1908.0,
CXUINSPENSNLB0401M,INSPENSN,All CUs,1984,1897.0,
CXUINSPENSNLB0401M,INSPENSN,All CUs,1985,2016.0,
CXUINSPENSNLB0401M,INSPENSN,All CUs,1986,2127.0,
CXUINSPENSNLB0401M,INSPENSN,All CUs,1987,2175.0,
CXUINSPENSNLB0401M,INSPENSN,All CUs,1988,2249.0,
CXUINSPENSNLB0401M,INSPENSN,All CUs,1989,2472.0,
CXUINSPENSNLB0401M,INSPENSN,All CUs,1990,2592.0,
CXUINSPENSNLB0401M,INSPENSN,All CUs,1991,2787.0,
CXUINSPENSNLB0401M,INSPENSN,All CUs,1992,2750.0,
CXUINSPENSNLB0401M,INSPENSN,All CUs,1993,2908.0,
CXUINSPENSNLB0401M,INSPENSN,All CUs,1994,2938.0,
CXUINSPENSNLB0401M,INSPENSN,All CUs,1995,2964.0,
CXUINSPENSNLB0401M,INSPENSN,All CUs,1996,3060.0,
CXUINSPENSNLB0401M,INSPENSN,All CUs,1997,3223.0,
CXUINSPENSNLB0401M,INSPENSN,All CUs,1998,3381.0,
CXUINSPENSNLB0401M,INSPENSN,All CUs,1999,3436.0,
CXUINSPENSNLB0401M,INSPENSN,All CUs,2000,3365.0,
CXUINSPENSNLB0401M,INSPENSN,All CUs,2001,3737.0,
CXUINSPENSNLB0401M,INSPENSN,All CUs,2002,3899.0,
CXUINSPENSNLB0401M,INSPENSN,All CUs,2003,4055.0,
CXUINSPENSNLB0401M,INSPENSN,All CUs,2004,4823.0,
CXUINSPENSNLB0401M,INSPENSN,All CUs,2005,5204.0,
CXUINSPENSNLB0401M,INSPENSN,All CUs,2006,5270.0,
CXUINSPENSNLB0401M,INSPENSN,All CUs,2007,5336.0,
CXUINSPENSNLB0401M,INSPENSN,All CUs,2008,5605.0,
CXUINSPENSNLB0401M,INSPENSN,All CUs,2009,5471.0,
CXUINSPENSNLB0401M,INSPENSN,All CUs,2010,5373.0,
CXUINSPENSNLB0401M,INSPENSN,All CUs,2011,5424.0,
CXUINSPENSNLB0401M,INSPENSN,All CUs,2012,5591.0,
CXUINSPENSNLB0401M,INSPENSN,All CUs,2013,5528.0,
CXUINSPENSNLB0401M,INSPENSN,All CUs,2014,5726.0,
CXUINSPENSNLB0401M,INSPENSN,All CUs,2015,6349.0,
CXUINSPENSNLB0401M,INSPENSN,All CUs,2016,6831.0,
CXUINSPENSNLB0401M,INSPENSN,All CUs,2017,6771.0,
CXUINSPENSNLB0401M,INSPENSN,All CUs,2018,7296.0,
CXUINSPENSNLB0401M,INSPENSN,All CUs,2019,7165.0,
CXUINSPENSNLB0401M,INSPENSN,All CUs,2020,7246.0,
CXUINSPENSNLB0401M,INSPENSN,All CUs,2021,7873.0,
CXUINSPENSNLB0401M,INSPENSN,All CUs,2022,8742.0,
CXUINSPENSNLB0401M,INSPENSN,All CUs,2023,9556.0,
CXUINSPENSNLB0401M,INSPENSN,All CUs,2024,9797.0,
CXUINSPENSNLB0402M,INSPENSN,Under 25,1984,787.0,
CXUINSPENSNLB0402M,INSPENSN,Under 25,1985,751.0,
CXUINSPENSNLB0402M,INSPENSN,Under 25,1986,839.0,
CXUINSPENSNLB0402M,INSPENSN,Under 25,1987,835.0,
CXUINSPENSNLB0402M,INSPENSN,Under 25,1988,972.0,
CXUINSPENSNLB0402M,INSPENSN,Under 25,1989,1006.0,
CXUINSPENSNLB0402M,INSPENSN,Under 25,1990,972.0,
CXUINSPENSNLB0402M,INSPENSN,Under 25,1991,967.0,
CXUINSPENSNLB0402M,INSPENSN,Under 25,1992,1003.0,
CXUINSPENSNLB0402M,INSPENSN,Under 25,1993,1061.0,
CXUINSPENSNLB0402M,INSPENSN,Under 25,1994,1066.0,
CXUINSPENSNLB0402M,INSPENSN,Under 25,1995,1083.0,
CXUINSPENSNLB0402M,INSPENSN,Under 25,1996,1015.0,
CXUINSPENSNLB0402M,INSPENSN,Under 25,1997,940.0,
CXUINSPENSNLB0402M,INSPENSN,Under 25,1998,1040.0,
CXUINSPENSNLB0402M,INSPENSN,Under 25,1999,1110.0,
CXUINSPENSNLB0402M,INSPENSN,Under 25,2000,1216.0,
CXUINSPENSNLB0402M,INSPENSN,Under 25,2001,1395.0,
CXUINSPENSNLB0402M,INSPENSN,Under 25,2002,1382.0,
CXUINSPENSNLB0402M,INSPENSN,Under 25,2003,1382.0,
CXUINSPENSNLB0402M,INSPENSN,Under 25,2004,1726.0,
CXUINSPENSNLB0402M,INSPENSN,Under 25,2005,2133.0,
CXUINSPENSNLB0402M,INSPENSN,Under 25,2006,2291.0,
CXUINSPENSNLB0402M,INSPENSN,Under 25,2007,2440.0,
CXUINSPENSNLB0402M,INSPENSN,Under 25,2008,2283.0,
CXUINSPENSNLB0402M,INSPENSN,Under 25,2009,1988.0,
CXUINSPENSNLB0402M,INSPENSN,Under 25,2010,2036.0,
CXUINSPENSNLB0402M,INSPENSN,Under 25,2011,2220.0,
CXUINSPENSNLB0402M,INSPENSN,Under 25,2012,2339.0,
CXUINSPENSNLB0402M,INSPENSN,Under 25,2013,2203.0,
CXUINSPENSNLB0402M,INSPENSN,Under 25,2014,2269.0,
CXUINSPENSNLB0402M,INSPENSN,Under 25,2015,2564.0,
CXUINSPENSNLB0402M,INSPENSN,Under 25,2016,3417.0,
CXUINSPENSNLB0402M,INSPENSN,Under 25,2017,2567.0,
CXUINSPENSNLB0402M,INSPENSN,Under 25,2018,2671.0,
CXUINSPENSNLB0402M,INSPENSN,Under 25,2019,3335.0,
CXUINSPENSNLB0402M,INSPENSN,Under 25,2020,3776.0,
CXUINSPENSNLB0402M,INSPENSN,Under 25,2021,4031.0,
CXUINSPENSNLB0402M,INSPENSN,Under 25,2022,4244.0,
CXUINSPENSNLB0402M,INSPENSN,Under 25,2023,5089.0,
CXUINSPENSNLB0402M,INSPENSN,Under 25,2024,4428.0,
CXULIFEINSRLB0403M,LIFEINSR,25-34,1984,236.0,
CXULIFEINSRLB0403M,LIFEINSR,25-34,1985,216.0,
CXULIFEINSRLB0403M,LIFEINSR,25-34,1986,223.0,
CXULIFEINSRLB0403M,LIFEINSR,25-34,1987,225.0,
CXULIFEINSRLB0403M,LIFEINSR,25-34,1988,241.0,
CXULIFEINSRLB0403M,LIFEINSR,25-34,1989,246.0,
CXULIFEINSRLB0403M,LIFEINSR,25-34,1990,225.0,
CXULIFEINSRLB0403M,LIFEINSR,25-34,1991,238.0,
CXULIFEINSRLB0403M,LIFEINSR,25-34,1992,238.0,
CXULIFEINSRLB0403M,LIFEINSR,25-34,1993,229.0,
CXULIFEINSRLB0403M,LIFEINSR,25-34,1994,232.0,
CXULIFEINSRLB0403M,LIFEINSR,25-34,1995,251.0,
CXULIFEINSRLB0403M,LIFEINSR,25-34,1996,240.0,
CXULIFEINSRLB0403M,LIFEINSR,25-34,1997,239.0,
CXULIFEINSRLB0403M,LIFEINSR,25-34,1998,255.0,
CXULIFEINSRLB0403M,LIFEINSR,25-34,1999,238.0,
CXULIFEINSRLB0403M,LIFEINSR,25-34,2000,242.0,
CXULIFEINSRLB0403M,LIFEINSR,25-34,2001,239.0,
CXULIFEINSRLB0403M,LIFEINSR,25-34,2002,230.0,
CXULIFEINSRLB0403M,LIFEINSR,25-34,2003,200.0,
CXULIFEINSRLB0403M,LIFEINSR,25-34,2004,235.0,
CXULIFEINSRLB0403M,LIFEINSR,25-34,2005,219.0,
CXULIFEINSRLB0403M,LIFEINSR,25-34,2006,172.0,
CXULIFEINSRLB0403M,LIFEINSR,25-34,2007,164.0,
CXULIFEINSRLB0403M,LIFEINSR,25-34,2008,155.0,
CXULIFEINSRLB0403M,LIFEINSR,25-34,2009,156.0,
CXULIFEINSRLB0403M,LIFEINSR,25-34,2010,167.0,
CXULIFEINSRLB0403M,LIFEINSR,25-34,2011,138.0,
CXULIFEINSRLB0403M,LIFEINSR,25-34,2012,144.0,
CXULIFEINSRLB0403M,LIFEINSR,25-34,2013,125.0,
CXULIFEINSRLB0403M,LIFEINSR,25-34,2014,131.0,
CXULIFEINSRLB0403M,LIFEINSR,25-34,2015,127.0,
CXULIFEINSRLB0403M,LIFEINSR,25-34,2016,151.0,
CXULIFEINSRLB0403M,LIFEINSR,25-34,2017,192.0,
CXULIFEINSRLB0403M,LIFEINSR,25-34,2018,198.0,
CXULIFEINSRLB0403M,LIFEINSR,25-34,2019,223.0,
CXULIFEINSRLB0403M,LIFEINSR,25-34,2020,231.0,
CXULIFEINSRLB0403M,LIFEINSR,25-34,2021,225.0,
CXULIFEINSRLB0403M,LIFEINSR,25-34,2022,224.0,
CXULIFEINSRLB0403M,LIFEINSR,25-34,2023,279.0,
CXULIFEINSRLB0403M,LIFEINSR,25-34,2024,254.0,
CXULIFEINSRLB0404M,LIFEINSR,35-44,1984,358.0,
CXULIFEINSRLB0404M,LIFEINSR,35-44,1985,367.0,
CXULIFEINSRLB0404M,LIFEINSR,35-44,1986,369.0,
CXULIFEINSRLB0404M,LIFEINSR,35-44,1987,412.0,
CXULIFEINSRLB0404M,LIFEINSR,35-44,1988,394.0,
CXULIFEINSRLB0404M,LIFEINSR,35-44,1989,496.0,
CXULIFEINSRLB0404M,LIFEINSR,35-44,1990,444.0,
CXULIFEINSRLB0404M,LIFEINSR,35-44,1991,415.0,
CXULIFEINSRLB0404M,LIFEINSR,35-44,1992,456.0,
CXULIFEINSRLB0404M,LIFEINSR,35-44,1993,431.0,
CXULIFEINSRLB0404M,LIFEINSR,35-44,1994,439.0,
CXULIFEINSRLB0404M,LIFEINSR,35-44,1995,438.0,
CXULIFEINSRLB0404M,LIFEINSR,35-44,1996,408.0,
CXULIFEINSRLB0404M,LIFEINSR,35-44,1997,383.0,
CXULIFEINSRLB0404M,LIFEINSR,35-44,1998,429.0,
CXULIFEINSRLB0404M,LIFEINSR,35-44,1999,418.0,
CXULIFEINSRLB0404M,LIFEINSR,35-44,2000,412.0,
CXULIFEINSRLB0404M,LIFEINSR,35-44,2001,423.0,
CXULIFEINSRLB0404M,LIFEINSR,35-44,2002,409.0,
CXULIFEINSRLB0404M,LIFEINSR,35-44,2003,382.0,
CXULIFEINSRLB0404M,LIFEINSR,35-44,2004,391.0,
CXULIFEINSRLB0404M,LIFEINSR,35-44,2005,397.0,
CXULIFEINSRLB0404M,LIFEINSR,35-44,2006,364.0,
CXULIFEINSRLB0404M,LIFEINSR,35-44,2007,286.0,
CXULIFEINSRLB0404M,LIFEINSR,35-44,2008,284.0,
CXULIFEINSRLB0404M,LIFEINSR,35-44,2009,270.0,
CXULIFEINSRLB0404M,LIFEINSR,35-44,2010,280.0,
CXULIFEINSRLB0404M,LIFEINSR,35-44,2011,308.0,
CXULIFEINSRLB0404M,LIFEINSR,35-44,2012,325.0,
CXULIFEINSRLB0404M,LIFEINSR,35-44,2013,290.0,
CXULIFEINSRLB0404M,LIFEINSR,35-44,2014,335.0,
CXULIFEINSRLB0404M,LIFEINSR,35-44,2015,317.0,
CXULIFEINSRLB0404M,LIFEINSR,35-44,2016,297.0,
CXULIFEINSRLB0404M,LIFEINSR,35-44,2017,371.0,
CXULIFEINSRLB0404M,LIFEINSR,35-44,2018,442.0,
CXULIFEINSRLB0404M,LIFEINSR,35-44,2019,476.0,
CXULIFEINSRLB0404M,LIFEINSR,35-44,2020,468.0,
CXULIFEINSRLB0404M,LIFEINSR,35-44,2021,492.0,
CXULIFEINSRLB0404M,LIFEINSR,35-44,2022,545.0,
CXULIFEINSRLB0404M,LIFEINSR,35-44,2023,554.0,
CXULIFEINSRLB0404M,LIFEINSR,35-44,2024,596.0,
CXULIFEINSRLB0405M,LIFEINSR,45-54,1984,485.0,
CXULIFEINSRLB0405M,LIFEINSR,45-54,1985,436.0,
CXULIFEINSRLB0405M,LIFEINSR,45-54,1986,444.0,
CXULIFEINSRLB0405M,LIFEINSR,45-54,1987,404.0,
CXULIFEINSRLB0405M,LIFEINSR,45-54,1988,418.0,
CXULIFEINSRLB0405M,LIFEINSR,45-54,1989,466.0,
CXULIFEINSRLB0405M,LIFEINSR,45-54,1990,555.0,
CXULIFEINSRLB0405M,LIFEINSR,45-54,1991,576.0,
CXULIFEINSRLB0405M,LIFEINSR,45-54,1992,531.0,
CXULIFEINSRLB0405M,LIFEINSR,45-54,1993,717.0,
CXULIFEINSRLB0405M,LIFEINSR,45-54,1994,590.0,
CXULIFEINSRLB0405M,LIFEINSR,45-54,1995,562.0,
CXULIFEINSRLB0405M,LIFEINSR,45-54,1996,474.0,
CXULIFEINSRLB0405M,LIFEINSR,45-54,1997,604.0,
CXULIFEINSRLB0405M,LIFEINSR,45-54,1998,576.0,
CXULIFEINSRLB0405M,LIFEINSR,45-54,1999,616.0,
CXULIFEINSRLB0405M,LIFEINSR,45-54,2000,549.0,
CXULIFEINSRLB0405M,LIFEINSR,45-54,2001,545.0,
CXULIFEINSRLB0405M,LIFEINSR,45-54,2002,559.0,
CXULIFEINSRLB0405M,LIFEINSR,45-54,2003,600.0,
CXULIFEINSRLB0405M,LIFEINSR,45-54,2004,505.0,
CXULIFEINSRLB0405M,LIFEINSR,45-54,2005,474.0,
CXULIFEINSRLB0405M,LIFEINSR,45-54,2006,413.0,
CXULIFEINSRLB0405M,LIFEINSR,45-54,2007,402.0,
CXULIFEINSRLB0405M,LIFEINSR,45-54,2008,394.0,
CXULIFEINSRLB0405M,LIFEINSR,45-54,2009,427.0,
CXULIFEINSRLB0405M,LIFEINSR,45-54,2010,441.0,
CXULIFEINSRLB0405M,LIFEINSR,45-54,2011,401.0,
CXULIFEINSRLB0405M,LIFEINSR,45-54,2012,446.0,
CXULIFEINSRLB0405M,LIFEINSR,45-54,2013,367.0,
CXULIFEINSRLB0405M,LIFEINSR,45-54,2014,420.0,
CXULIFEINSRLB0405M,LIFEINSR,45-54,2015,475.0,
CXULIFEINSRLB0405M,LIFEINSR,45-54,2016,393.0,
CXULIFEINSRLB0405M,LIFEINSR,45-54,2017,498.0,
CXULIFEINSRLB0405M,LIFEINSR,45-54,2018,605.0,
CXULIFEINSRLB0405M,LIFEINSR,45-54,2019,673.0,
CXULIFEINSRLB0405M,LIFEINSR,45-54,2020,643.0,
CXULIFEINSRLB0405M,LIFEINSR,45-54,2021,637.0,
CXULIFEINSRLB0405M,LIFEINSR,45-54,2022,606.0,
CXULIFEINSRLB0405M,LIFEINSR,45-54,2023,699.0,
CXULIFEINSRLB0405M,LIFEINSR,45-54,2024,771.0,
CXULIFEINSRLB0406M,LIFEINSR,55-64,1984,462.0,
CXULIFEINSRLB0406M,LIFEINSR,55-64,1985,373.0,
CXULIFEINSRLB0406M,LIFEINSR,55-64,1986,402.0,
CXULIFEINSRLB0406M,LIFEINSR,55-64,1987,405.0,
CXULIFEINSRLB0406M,LIFEINSR,55-64,1988,418.0,
CXULIFEINSRLB0406M,LIFEINSR,55-64,1989,392.0,
CXULIFEINSRLB0406M,LIFEINSR,55-64,1990,467.0,
CXULIFEINSRLB0406M,LIFEINSR,55-64,1991,532.0,
CXULIFEINSRLB0406M,LIFEINSR,55-64,1992,491.0,
CXULIFEINSRLB0406M,LIFEINSR,55-64,1993,579.0,
CXULIFEINSRLB0406M,LIFEINSR,55-64,1994,554.0,
CXULIFEINSRLB0406M,LIFEINSR,55-64,1995,556.0,
CXULIFEINSRLB0406M,LIFEINSR,55-64,1996,544.0,
CXULIFEINSRLB0406M,LIFEINSR,55-64,1997,523.0,
CXULIFEINSRLB0406M,LIFEINSR,55-64,1998,627.0,
CXULIFEINSRLB0406M,LIFEINSR,55-64,1999,533.0,
CXULIFEINSRLB0406M,LIFEINSR,55-64,2000,587.0,
CXULIFEINSRLB0406M,LIFEINSR,55-64,2001,653.0,
CXULIFEINSRLB0406M,LIFEINSR,55-64,2002,595.0,
CXULIFEINSRLB0406M,LIFEINSR,55-64,2003,570.0,
CXULIFEINSRLB0406M,LIFEINSR,55-64,2004,612.0,
CXULIFEINSRLB0406M,LIFEINSR,55-64,2005,541.0,
CXULIFEINSRLB0406M,LIFEINSR,55-64,2006,458.0,
CXULIFEINSRLB0406M,LIFEINSR,55-64,2007,461.0,
CXULIFEINSRLB0406M,LIFEINSR,55-64,2008,519.0,
CXULIFEINSRLB0406M,LIFEINSR,55-64,2009,446.0,
CXULIFEINSRLB0406M,LIFEINSR,55-64,2010,471.0,
CXULIFEINSRLB0406M,LIFEINSR,55-64,2011,534.0,
CXULIFEINSRLB0406M,LIFEINSR,55-64,2012,517.0,
CXULIFEINSRLB0406M,LIFEINSR,55-64,2013,440.0,
CXULIFEINSRLB0406M,LIFEINSR,55-64,2014,520.0,
CXULIFEINSRLB0406M,LIFEINSR,55-64,2015,482.0,
CXULIFEINSRLB0406M,LIFEINSR,55-64,2016,478.0,
CXULIFEINSRLB0406M,LIFEINSR,55-64,2017,626.0,
CXULIFEINSRLB0406M,LIFEINSR,55-64,2018,653.0,
CXULIFEINSRLB0406M,LIFEINSR,55-64,2019,795.0,
CXULIFEINSRLB0406M,LIFEINSR,55-64,2020,617.0,
CXULIFEINSRLB0406M,LIFEINSR,55-64,2021,612.0,
CXULIFEINSRLB0406M,LIFEINSR,55-64,2022,760.0,
CXULIFEINSRLB0406M,LIFEINSR,55-64,2023,743.0,
CXULIFEINSRLB0406M,LIFEINSR,55-64,2024,726.0,
CXULIFEINSRLB0407M,LIFEINSR,65+,1988,275.0,
CXULIFEINSRLB0407M,LIFEINSR,65+,1989,287.0,
CXULIFEINSRLB0407M,LIFEINSR,65+,1990,249.0,
CXULIFEINSRLB0407M,LIFEINSR,65+,1991,248.0,
CXULIFEINSRLB0407M,LIFEINSR,65+,1992,259.0,
CXULIFEINSRLB0407M,LIFEINSR,65+,1993,302.0,
CXULIFEINSRLB0407M,LIFEINSR,65+,1994,382.0,
CXULIFEINSRLB0407M,LIFEINSR,65+,1995,244.0,
CXULIFEINSRLB0407M,LIFEINSR,65+,1996,278.0,
CXULIFEINSRLB0407M,LIFEINSR,65+,1997,334.0,
CXULIFEINSRLB0407M,LIFEINSR,65+,1998,324.0,
CXULIFEINSRLB0407M,LIFEINSR,65+,1999,333.0,
CXULIFEINSRLB0407M,LIFEINSR,65+,2000,378.0,
CXULIFEINSRLB0407M,LIFEINSR,65+,2001,384.0,
CXULIFEINSRLB0407M,LIFEINSR,65+,2002,407.0,
CXULIFEINSRLB0407M,LIFEINSR,65+,2003,388.0,
CXULIFEINSRLB0407M,LIFEINSR,65+,2004,372.0,
CXULIFEINSRLB0407M,LIFEINSR,65+,2005,403.0,
CXULIFEINSRLB0407M,LIFEINSR,65+,2006,299.0,
CXULIFEINSRLB0407M,LIFEINSR,65+,2007,329.0,
CXULIFEINSRLB0407M,LIFEINSR,65+,2008,330.0,
CXULIFEINSRLB0407M,LIFEINSR,65+,2009,320.0,
CXULIFEINSRLB0407M,LIFEINSR,65+,2010,314.0,
CXULIFEINSRLB0407M,LIFEINSR,65+,2011,280.0,
CXULIFEINSRLB0407M,LIFEINSR,65+,2012,397.0,
CXULIFEINSRLB0407M,LIFEINSR,65+,2013,421.0,
CXULIFEINSRLB0407M,LIFEINSR,65+,2014,315.0,
CXULIFEINSRLB0407M,LIFEINSR,65+,2015,332.0,
CXULIFEINSRLB0407M,LIFEINSR,65+,2016,342.0,
CXULIFEINSRLB0407M,LIFEINSR,65+,2017,467.0,
CXULIFEINSRLB0407M,LIFEINSR,65+,2018,512.0,
CXULIFEINSRLB0407M,LIFEINSR,65+,2019,523.0,
CXULIFEINSRLB0407M,LIFEINSR,65+,2020,513.0,
CXULIFEINSRLB0407M,LIFEINSR,65+,2021,479.0,
CXULIFEINSRLB0407M,LIFEINSR,65+,2022,533.0,
CXULIFEINSRLB0407M,LIFEINSR,65+,2023,549.0,
CXULIFEINSRLB0407M,LIFEINSR,65+,2024,616.0,
CXULIFEINSRLB0408M,LIFEINSR,65-74,1984,229.0,
CXULIFEINSRLB0408M,LIFEINSR,65-74,1985,236.0,
CXULIFEINSRLB0408M,LIFEINSR,65-74,1986,317.0,
CXULIFEINSRLB0408M,LIFEINSR,65-74,1987,262.0,
CXULIFEINSRLB0408M,LIFEINSR,65-74,1988,290.0,
CXULIFEINSRLB0408M,LIFEINSR,65-74,1989,362.0,
CXULIFEINSRLB0408M,LIFEINSR,65-74,1990,341.0,
CXULIFEINSRLB0408M,LIFEINSR,65-74,1991,312.0,
CXULIFEINSRLB0408M,LIFEINSR,65-74,1992,346.0,
CXULIFEINSRLB0408M,LIFEINSR,65-74,1993,348.0,
CXULIFEINSRLB0408M,LIFEINSR,65-74,1994,523.0,
CXULIFEINSRLB0408M,LIFEINSR,65-74,1995,304.0,
CXULIFEINSRLB0408M,LIFEINSR,65-74,1996,345.0,
CXULIFEINSRLB0408M,LIFEINSR,65-74,1997,406.0,
CXULIFEINSRLB0408M,LIFEINSR,65-74,1998,379.0,
CXULIFEINSRLB0408M,LIFEINSR,65-74,1999,429.0,
CXULIFEINSRLB0408M,LIFEINSR,65-74,2000,514.0,
CXULIFEINSRLB0408M,LIFEINSR,65-74,2001,499.0,
CXULIFEINSRLB0408M,LIFEINSR,65-74,2002,521.0,
CXULIFEINSRLB0408M,LIFEINSR,65-74,2003,504.0,
CXULIFEINSRLB0408M,LIFEINSR,65-74,2004,472.0,
CXULIFEINSRLB0408M,LIFEINSR,65-74,2005,449.0,
CXULIFEINSRLB0408M,LIFEINSR,65-74,2006,365.0,
CXULIFEINSRLB0408M,LIFEINSR,65-74,2007,375.0,
CXULIFEINSRLB0408M,LIFEINSR,65-74,2008,461.0,
CXULIFEINSRLB0408M,LIFEINSR,65-74,2009,397.0,
CXULIFEINSRLB0408M,LIFEINSR,65-74,2010,386.0,
CXULIFEINSRLB0408M,LIFEINSR,65-74,2011,361.0,
CXULIFEINSRLB0408M,LIFEINSR,65-74,2012,484.0,
CXULIFEINSRLB0408M,LIFEINSR,65-74,2013,559.0,
CXULIFEINSRLB0408M,LIFEINSR,65-74,2014,372.0,
CXULIFEINSRLB0408M,LIFEINSR,65-74,2015,397.0,
CXULIFEINSRLB0408M,LIFEINSR,65-74,2016,384.0,
CXULIFEINSRLB0408M,LIFEINSR,65-74,2017,528.0,
CXULIFEINSRLB0408M,LIFEINSR,65-74,2018,552.0,
CXULIFEINSRLB0408M,LIFEINSR,65-74,2019,618.0,
CXULIFEINSRLB0408M,LIFEINSR,65-74,2020,610.0,
CXULIFEINSRLB0408M,LIFEINSR,65-74,2021,533.0,
CXULIFEINSRLB0408M,LIFEINSR,65-74,2022,568.0,
CXULIFEINSRLB0408M,LIFEINSR,65-74,2023,602.0,
CXULIFEINSRLB0408M,LIFEINSR,65-74,2024,665.0,
CXULIFEINSRLB0409M,LIFEINSR,75+,1984,90.0,
CXULIFEINSRLB0409M,LIFEINSR,75+,1985,91.0,
CXULIFEINSRLB0409M,LIFEINSR,75+,1986,116.0,
CXULIFEINSRLB0409M,LIFEINSR,75+,1987,117.0,
CXULIFEINSRLB0409M,LIFEINSR,75+,1988,255.0,
CXULIFEINSRLB0409M,LIFEINSR,75+,1989,182.0,
CXULIFEINSRLB0409M,LIFEINSR,75+,1990,131.0,
CXULIFEINSRLB0409M,LIFEINSR,75+,1991,161.0,
CXULIFEINSRLB0409M,LIFEINSR,75+,1992,153.0,
CXULIFEINSRLB0409M,LIFEINSR,75+,1993,247.0,
CXULIFEINSRLB0409M,LIFEINSR,75+,1994,203.0,
CXULIFEINSRLB0409M,LIFEINSR,75+,1995,172.0,
CXULIFEINSRLB0409M,LIFEINSR,75+,1996,197.0,
CXULIFEINSRLB0409M,LIFEINSR,75+,1997,244.0,
CXULIFEINSRLB0409M,LIFEINSR,75+,1998,258.0,
CXULIFEINSRLB0409M,LIFEINSR,75+,1999,226.0,
CXULIFEINSRLB0409M,LIFEINSR,75+,2000,230.0,
CXULIFEINSRLB0409M,LIFEINSR,75+,2001,262.0,
CXULIFEINSRLB0409M,LIFEINSR,75+,2002,287.0,
CXULIFEINSRLB0409M,LIFEINSR,75+,2003,270.0,
CXULIFEINSRLB0409M,LIFEINSR,75+,2004,275.0,
CXULIFEINSRLB0409M,LIFEINSR,75+,2005,357.0,
CXULIFEINSRLB0409M,LIFEINSR,75+,2006,231.0,
CXULIFEINSRLB0409M,LIFEINSR,75+,2007,279.0,
CXULIFEINSRLB0409M,LIFEINSR,75+,2008,187.0,
CXULIFEINSRLB0409M,LIFEINSR,75+,2009,234.0,
CXULIFEINSRLB0409M,LIFEINSR,75+,2010,233.0,
CXULIFEINSRLB0409M,LIFEINSR,75+,2011,183.0,
CXULIFEINSRLB0409M,LIFEINSR,75+,2012,290.0,
CXULIFEINSRLB0409M,LIFEINSR,75+,2013,237.0,
CXULIFEINSRLB0409M,LIFEINSR,75+,2014,240.0,
CXULIFEINSRLB0409M,LIFEINSR,75+,2015,243.0,
CXULIFEINSRLB0409M,LIFEINSR,75+,2016,282.0,
CXULIFEINSRLB0409M,LIFEINSR,75+,2017,382.0,
CXULIFEINSRLB0409M,LIFEINSR,75+,2018,455.0,
CXULIFEINSRLB0409M,LIFEINSR,75+,2019,397.0,
CXULIFEINSRLB0409M,LIFEINSR,75+,2020,380.0,
CXULIFEINSRLB0409M,LIFEINSR,75+,2021,399.0,
CXULIFEINSRLB0409M,LIFEINSR,75+,2022,484.0,
CXULIFEINSRLB0409M,LIFEINSR,75+,2023,475.0,
CXULIFEINSRLB0409M,LIFEINSR,75+,2024,547.0,
CXULIFEINSRLB0401M,LIFEINSR,All CUs,1984,300.0,
CXULIFEINSRLB0401M,LIFEINSR,All CUs,1985,278.0,
CXULIFEINSRLB0401M,LIFEINSR,All CUs,1986,292.0,
CXULIFEINSRLB0401M,LIFEINSR,All CUs,1987,294.0,
CXULIFEINSRLB0401M,LIFEINSR,All CUs,1988,314.0,
CXULIFEINSRLB0401M,LIFEINSR,All CUs,1989,346.0,
CXULIFEINSRLB0401M,LIFEINSR,All CUs,1990,345.0,
CXULIFEINSRLB0401M,LIFEINSR,All CUs,1991,356.0,
CXULIFEINSRLB0401M,LIFEINSR,All CUs,1992,353.0,
CXULIFEINSRLB0401M,LIFEINSR,All CUs,1993,399.0,
CXULIFEINSRLB0401M,LIFEINSR,All CUs,1994,398.0,
CXULIFEINSRLB0401M,LIFEINSR,All CUs,1995,373.0,
CXULIFEINSRLB0401M,LIFEINSR,All CUs,1996,353.0,
CXULIFEINSRLB0401M,LIFEINSR,All CUs,1997,379.0,
CXULIFEINSRLB0401M,LIFEINSR,All CUs,1998,398.0,
CXULIFEINSRLB0401M,LIFEINSR,All CUs,1999,394.0,
CXULIFEINSRLB0401M,LIFEINSR,All CUs,2000,399.0,
CXULIFEINSRLB0401M,LIFEINSR,All CUs,2001,410.0,
CXULIFEINSRLB0401M,LIFEINSR,All CUs,2002,406.0,
CXULIFEINSRLB0401M,LIFEINSR,All CUs,2003,397.0,
CXULIFEINSRLB0401M,LIFEINSR,All CUs,2004,390.0,
CXULIFEINSRLB0401M,LIFEINSR,All CUs,2005,381.0,
CXULIFEINSRLB0401M,LIFEINSR,All CUs,2006,322.0,
CXULIFEINSRLB0401M,LIFEINSR,All CUs,2007,309.0,
CXULIFEINSRLB0401M,LIFEINSR,All CUs,2008,317.0,
CXULIFEINSRLB0401M,LIFEINSR,All CUs,2009,309.0,
CXULIFEINSRLB0401M,LIFEINSR,All CUs,2010,318.0,
CXULIFEINSRLB0401M,LIFEINSR,All CUs,2011,317.0,
CXULIFEINSRLB0401M,LIFEINSR,All CUs,2012,353.0,
CXULIFEINSRLB0401M,LIFEINSR,All CUs,2013,319.0,
CXULIFEINSRLB0401M,LIFEINSR,All CUs,2014,327.0,
CXULIFEINSRLB0401M,LIFEINSR,All CUs,2015,333.0,
CXULIFEINSRLB0401M,LIFEINSR,All CUs,2016,322.0,
CXULIFEINSRLB0401M,LIFEINSR,All CUs,2017,418.0,
CXULIFEINSRLB0401M,LIFEINSR,All CUs,2018,465.0,
CXULIFEINSRLB0401M,LIFEINSR,All CUs,2019,520.0,
CXULIFEINSRLB0401M,LIFEINSR,All CUs,2020,486.0,
CXULIFEINSRLB0401M,LIFEINSR,All CUs,2021,473.0,
CXULIFEINSRLB0401M,LIFEINSR,All CUs,2022,519.0,
CXULIFEINSRLB0401M,LIFEINSR,All CUs,2023,546.0,
CXULIFEINSRLB0401M,LIFEINSR,All CUs,2024,575.0,
CXULIFEINSRLB0402M,LIFEINSR,Under 25,1984,64.0,
CXULIFEINSRLB0402M,LIFEINSR,Under 25,1985,57.0,
CXULIFEINSRLB0402M,LIFEINSR,Under 25,1986,63.0,
CXULIFEINSRLB0402M,LIFEINSR,Under 25,1987,60.0,
CXULIFEINSRLB0402M,LIFEINSR,Under 25,1988,47.0,
CXULIFEINSRLB0402M,LIFEINSR,Under 25,1989,79.0,
CXULIFEINSRLB0402M,LIFEINSR,Under 25,1990,49.0,
CXULIFEINSRLB0402M,LIFEINSR,Under 25,1991,52.0,
CXULIFEINSRLB0402M,LIFEINSR,Under 25,1992,50.0,
CXULIFEINSRLB0402M,LIFEINSR,Under 25,1993,56.0,
CXULIFEINSRLB0402M,LIFEINSR,Under 25,1994,62.0,
CXULIFEINSRLB0402M,LIFEINSR,Under 25,1995,69.0,
CXULIFEINSRLB0402M,LIFEINSR,Under 25,1996,74.0,
CXULIFEINSRLB0402M,LIFEINSR,Under 25,1997,47.0,
CXULIFEINSRLB0402M,LIFEINSR,Under 25,1998,64.0,
CXULIFEINSRLB0402M,LIFEINSR,Under 25,1999,61.0,
CXULIFEINSRLB0402M,LIFEINSR,Under 25,2000,54.0,
CXULIFEINSRLB0402M,LIFEINSR,Under 25,2001,51.0,
CXULIFEINSRLB0402M,LIFEINSR,Under 25,2002,51.0,
CXULIFEINSRLB0402M,LIFEINSR,Under 25,2003,40.0,
CXULIFEINSRLB0402M,LIFEINSR,Under 25,2004,31.0,
CXULIFEINSRLB0402M,LIFEINSR,Under 25,2005,45.0,
CXULIFEINSRLB0402M,LIFEINSR,Under 25,2006,42.0,
CXULIFEINSRLB0402M,LIFEINSR,Under 25,2007,39.0,
CXULIFEINSRLB0402M,LIFEINSR,Under 25,2008,37.0,
CXULIFEINSRLB0402M,LIFEINSR,Under 25,2009,31.0,
CXULIFEINSRLB0402M,LIFEINSR,Under 25,2010,22.0,
CXULIFEINSRLB0402M,LIFEINSR,Under 25,2011,67.0,6
CXULIFEINSRLB0402M,LIFEINSR,Under 25,2012,50.0,6
CXULIFEINSRLB0402M,LIFEINSR,Under 25,2013,50.0,6
CXULIFEINSRLB0402M,LIFEINSR,Under 25,2014,29.0,
CXULIFEINSRLB0402M,LIFEINSR,Under 25,2015,24.0,6
CXULIFEINSRLB0402M,LIFEINSR,Under 25,2016,39.0,
CXULIFEINSRLB0402M,LIFEINSR,Under 25,2017,42.0,
CXULIFEINSRLB0402M,LIFEINSR,Under 25,2018,41.0,6
CXULIFEINSRLB0402M,LIFEINSR,Under 25,2019,103.0,
CXULIFEINSRLB0402M,LIFEINSR,Under 25,2020,75.0,6
CXULIFEINSRLB0402M,LIFEINSR,Under 25,2021,102.0,
CXULIFEINSRLB0402M,LIFEINSR,Under 25,2022,73.0,6
CXULIFEINSRLB0402M,LIFEINSR,Under 25,2023,65.0,
CXULIFEINSRLB0402M,LIFEINSR,Under 25,2024,54.0,6
CXUMEDSERVSLB0403M,MEDSERVS,25-34,1984,361.0,
CXUMEDSERVSLB0403M,MEDSERVS,25-34,1985,387.0,
CXUMEDSERVSLB0403M,MEDSERVS,25-34,1986,366.0,
CXUMEDSERVSLB0403M,MEDSERVS,25-34,1987,357.0,
CXUMEDSERVSLB0403M,MEDSERVS,25-34,1988,337.0,
CXUMEDSERVSLB0403M,MEDSERVS,25-34,1989,410.0,
CXUMEDSERVSLB0403M,MEDSERVS,25-34,1990,391.0,
CXUMEDSERVSLB0403M,MEDSERVS,25-34,1991,417.0,
CXUMEDSERVSLB0403M,MEDSERVS,25-34,1992,406.0,
CXUMEDSERVSLB0403M,MEDSERVS,25-34,1993,424.0,
CXUMEDSERVSLB0403M,MEDSERVS,25-34,1994,407.0,
CXUMEDSERVSLB0403M,MEDSERVS,25-34,1995,380.0,
CXUMEDSERVSLB0403M,MEDSERVS,25-34,1996,353.0,
CXUMEDSERVSLB0403M,MEDSERVS,25-34,1997,422.0,
CXUMEDSERVSLB0403M,MEDSERVS,25-34,1998,373.0,
CXUMEDSERVSLB0403M,MEDSERVS,25-34,1999,351.0,
CXUMEDSERVSLB0403M,MEDSERVS,25-34,2000,367.0,
CXUMEDSERVSLB0403M,MEDSERVS,25-34,2001,354.0,
CXUMEDSERVSLB0403M,MEDSERVS,25-34,2002,391.0,
CXUMEDSERVSLB0403M,MEDSERVS,25-34,2003,394.0,
CXUMEDSERVSLB0403M,MEDSERVS,25-34,2004,403.0,
CXUMEDSERVSLB0403M,MEDSERVS,25-34,2005,399.0,
CXUMEDSERVSLB0403M,MEDSERVS,25-34,2006,469.0,
CXUMEDSERVSLB0403M,MEDSERVS,25-34,2007,556.0,
CXUMEDSERVSLB0403M,MEDSERVS,25-34,2008,472.0,
CXUMEDSERVSLB0403M,MEDSERVS,25-34,2009,466.0,
CXUMEDSERVSLB0403M,MEDSERVS,25-34,2010,443.0,
CXUMEDSERVSLB0403M,MEDSERVS,25-34,2011,546.0,
CXUMEDSERVSLB0403M,MEDSERVS,25-34,2012,525.0,
CXUMEDSERVSLB0403M,MEDSERVS,25-34,2013,580.0,
CXUMEDSERVSLB0403M,MEDSERVS,25-34,2014,480.0,
CXUMEDSERVSLB0403M,MEDSERVS,25-34,2015,481.0,
CXUMEDSERVSLB0403M,MEDSERVS,25-34,2016,611.0,
CXUMEDSERVSLB0403M,MEDSERVS,25-34,2017,588.0,
CXUMEDSERVSLB0403M,MEDSERVS,25-34,2018,588.0,
CXUMEDSERVSLB0403M,MEDSERVS,25-34,2019,672.0,
CXUMEDSERVSLB0403M,MEDSERVS,25-34,2020,589.0,
CXUMEDSERVSLB0403M,MEDSERVS,25-34,2021,766.0,
CXUMEDSERVSLB0403M,MEDSERVS,25-34,2022,842.0,
CXUMEDSERVSLB0403M,MEDSERVS,25-34,2023,814.0,
CXUMEDSERVSLB0403M,MEDSERVS,25-34,2024,811.0,
CXUMEDSERVSLB0404M,MEDSERVS,35-44,1984,493.0,
CXUMEDSERVSLB0404M,MEDSERVS,35-44,1985,478.0,
CXUMEDSERVSLB0404M,MEDSERVS,35-44,1986,545.0,
CXUMEDSERVSLB0404M,MEDSERVS,35-44,1987,541.0,
CXUMEDSERVSLB0404M,MEDSERVS,35-44,1988,604.0,
CXUMEDSERVSLB0404M,MEDSERVS,35-44,1989,619.0,
CXUMEDSERVSLB0404M,MEDSERVS,35-44,1990,646.0,
CXUMEDSERVSLB0404M,MEDSERVS,35-44,1991,630.0,
CXUMEDSERVSLB0404M,MEDSERVS,35-44,1992,648.0,
CXUMEDSERVSLB0404M,MEDSERVS,35-44,1993,697.0,
CXUMEDSERVSLB0404M,MEDSERVS,35-44,1994,627.0,
CXUMEDSERVSLB0404M,MEDSERVS,35-44,1995,595.0,
CXUMEDSERVSLB0404M,MEDSERVS,35-44,1996,596.0,
CXUMEDSERVSLB0404M,MEDSERVS,35-44,1997,547.0,
CXUMEDSERVSLB0404M,MEDSERVS,35-44,1998,557.0,
CXUMEDSERVSLB0404M,MEDSERVS,35-44,1999,531.0,
CXUMEDSERVSLB0404M,MEDSERVS,35-44,2000,555.0,
CXUMEDSERVSLB0404M,MEDSERVS,35-44,2001,573.0,
CXUMEDSERVSLB0404M,MEDSERVS,35-44,2002,556.0,
CXUMEDSERVSLB0404M,MEDSERVS,35-44,2003,598.0,
CXUMEDSERVSLB0404M,MEDSERVS,35-44,2004,654.0,
CXUMEDSERVSLB0404M,MEDSERVS,35-44,2005,665.0,
CXUMEDSERVSLB0404M,MEDSERVS,35-44,2006,634.0,
CXUMEDSERVSLB0404M,MEDSERVS,35-44,2007,651.0,
CXUMEDSERVSLB0404M,MEDSERVS,35-44,2008,711.0,
CXUMEDSERVSLB0404M,MEDSERVS,35-44,2009,650.0,
CXUMEDSERVSLB0404M,MEDSERVS,35-44,2010,681.0,
CXUMEDSERVSLB0404M,MEDSERVS,35-44,2011,694.0,
CXUMEDSERVSLB0404M,MEDSERVS,35-44,2012,720.0,
CXUMEDSERVSLB0404M,MEDSERVS,35-44,2013,786.0,
CXUMEDSERVSLB0404M,MEDSERVS,35-44,2014,861.0,
CXUMEDSERVSLB0404M,MEDSERVS,35-44,2015,732.0,
CXUMEDSERVSLB0404M,MEDSERVS,35-44,2016,800.0,
CXUMEDSERVSLB0404M,MEDSERVS,35-44,2017,832.0,
CXUMEDSERVSLB0404M,MEDSERVS,35-44,2018,946.0,
CXUMEDSERVSLB0404M,MEDSERVS,35-44,2019,1033.0,
CXUMEDSERVSLB0404M,MEDSERVS,35-44,2020,852.0,
CXUMEDSERVSLB0404M,MEDSERVS,35-44,2021,1382.0,
CXUMEDSERVSLB0404M,MEDSERVS,35-44,2022,1254.0,
CXUMEDSERVSLB0404M,MEDSERVS,35-44,2023,1211.0,
CXUMEDSERVSLB0404M,MEDSERVS,35-44,2024,1312.0,
CXUMEDSERVSLB0405M,MEDSERVS,45-54,1984,610.0,
CXUMEDSERVSLB0405M,MEDSERVS,45-54,1985,591.0,
CXUMEDSERVSLB0405M,MEDSERVS,45-54,1986,544.0,
CXUMEDSERVSLB0405M,MEDSERVS,45-54,1987,563.0,
CXUMEDSERVSLB0405M,MEDSERVS,45-54,1988,535.0,
CXUMEDSERVSLB0405M,MEDSERVS,45-54,1989,559.0,
CXUMEDSERVSLB0405M,MEDSERVS,45-54,1990,664.0,
CXUMEDSERVSLB0405M,MEDSERVS,45-54,1991,706.0,
CXUMEDSERVSLB0405M,MEDSERVS,45-54,1992,585.0,
CXUMEDSERVSLB0405M,MEDSERVS,45-54,1993,631.0,
CXUMEDSERVSLB0405M,MEDSERVS,45-54,1994,673.0,
CXUMEDSERVSLB0405M,MEDSERVS,45-54,1995,665.0,
CXUMEDSERVSLB0405M,MEDSERVS,45-54,1996,625.0,
CXUMEDSERVSLB0405M,MEDSERVS,45-54,1997,658.0,
CXUMEDSERVSLB0405M,MEDSERVS,45-54,1998,738.0,
CXUMEDSERVSLB0405M,MEDSERVS,45-54,1999,754.0,
CXUMEDSERVSLB0405M,MEDSERVS,45-54,2000,699.0,
CXUMEDSERVSLB0405M,MEDSERVS,45-54,2001,676.0,
CXUMEDSERVSLB0405M,MEDSERVS,45-54,2002,768.0,
CXUMEDSERVSLB0405M,MEDSERVS,45-54,2003,718.0,
CXUMEDSERVSLB0405M,MEDSERVS,45-54,2004,809.0,
CXUMEDSERVSLB0405M,MEDSERVS,45-54,2005,771.0,
CXUMEDSERVSLB0405M,MEDSERVS,45-54,2006,798.0,
CXUMEDSERVSLB0405M,MEDSERVS,45-54,2007,772.0,
CXUMEDSERVSLB0405M,MEDSERVS,45-54,2008,838.0,
CXUMEDSERVSLB0405M,MEDSERVS,45-54,2009,862.0,
CXUMEDSERVSLB0405M,MEDSERVS,45-54,2010,879.0,
CXUMEDSERVSLB0405M,MEDSERVS,45-54,2011,942.0,
CXUMEDSERVSLB0405M,MEDSERVS,45-54,2012,892.0,
CXUMEDSERVSLB0405M,MEDSERVS,45-54,2013,918.0,
CXUMEDSERVSLB0405M,MEDSERVS,45-54,2014,888.0,
CXUMEDSERVSLB0405M,MEDSERVS,45-54,2015,879.0,
CXUMEDSERVSLB0405M,MEDSERVS,45-54,2016,929.0,
CXUMEDSERVSLB0405M,MEDSERVS,45-54,2017,928.0,
CXUMEDSERVSLB0405M,MEDSERVS,45-54,2018,987.0,
CXUMEDSERVSLB0405M,MEDSERVS,45-54,2019,1018.0,
CXUMEDSERVSLB0405M,MEDSERVS,45-54,2020,1083.0,
CXUMEDSERVSLB0405M,MEDSERVS,45-54,2021,1118.0,
CXUMEDSERVSLB0405M,MEDSERVS,45-54,2022,1449.0,
CXUMEDSERVSLB0405M,MEDSERVS,45-54,2023,1366.0,
CXUMEDSERVSLB0405M,MEDSERVS,45-54,2024,1427.0,
CXUMEDSERVSLB0406M,MEDSERVS,55-64,1984,525.0,
CXUMEDSERVSLB0406M,MEDSERVS,55-64,1985,628.0,
CXUMEDSERVSLB0406M,MEDSERVS,55-64,1986,597.0,
CXUMEDSERVSLB0406M,MEDSERVS,55-64,1987,533.0,
CXUMEDSERVSLB0406M,MEDSERVS,55-64,1988,564.0,
CXUMEDSERVSLB0406M,MEDSERVS,55-64,1989,712.0,
CXUMEDSERVSLB0406M,MEDSERVS,55-64,1990,654.0,
CXUMEDSERVSLB0406M,MEDSERVS,55-64,1991,672.0,
CXUMEDSERVSLB0406M,MEDSERVS,55-64,1992,685.0,
CXUMEDSERVSLB0406M,MEDSERVS,55-64,1993,655.0,
CXUMEDSERVSLB0406M,MEDSERVS,55-64,1994,791.0,
CXUMEDSERVSLB0406M,MEDSERVS,55-64,1995,587.0,
CXUMEDSERVSLB0406M,MEDSERVS,55-64,1996,725.0,
CXUMEDSERVSLB0406M,MEDSERVS,55-64,1997,664.0,
CXUMEDSERVSLB0406M,MEDSERVS,55-64,1998,642.0,
CXUMEDSERVSLB0406M,MEDSERVS,55-64,1999,751.0,
CXUMEDSERVSLB0406M,MEDSERVS,55-64,2000,721.0,
CXUMEDSERVSLB0406M,MEDSERVS,55-64,2001,769.0,
CXUMEDSERVSLB0406M,MEDSERVS,55-64,2002,863.0,
CXUMEDSERVSLB0406M,MEDSERVS,55-64,2003,742.0,
CXUMEDSERVSLB0406M,MEDSERVS,55-64,2004,892.0,
CXUMEDSERVSLB0406M,MEDSERVS,55-64,2005,979.0,
CXUMEDSERVSLB0406M,MEDSERVS,55-64,2006,978.0,
CXUMEDSERVSLB0406M,MEDSERVS,55-64,2007,883.0,
CXUMEDSERVSLB0406M,MEDSERVS,55-64,2008,1022.0,
CXUMEDSERVSLB0406M,MEDSERVS,55-64,2009,1054.0,
CXUMEDSERVSLB0406M,MEDSERVS,55-64,2010,943.0,
CXUMEDSERVSLB0406M,MEDSERVS,55-64,2011,1013.0,
CXUMEDSERVSLB0406M,MEDSERVS,55-64,2012,1210.0,
CXUMEDSERVSLB0406M,MEDSERVS,55-64,2013,1053.0,
CXUMEDSERVSLB0406M,MEDSERVS,55-64,2014,912.0,
CXUMEDSERVSLB0406M,MEDSERVS,55-64,2015,983.0,
CXUMEDSERVSLB0406M,MEDSERVS,55-64,2016,1067.0,
CXUMEDSERVSLB0406M,MEDSERVS,55-64,2017,1196.0,
CXUMEDSERVSLB0406M,MEDSERVS,55-64,2018,1144.0,
CXUMEDSERVSLB0406M,MEDSERVS,55-64,2019,1276.0,
CXUMEDSERVSLB0406M,MEDSERVS,55-64,2020,1077.0,
CXUMEDSERVSLB0406M,MEDSERVS,55-64,2021,1177.0,
CXUMEDSERVSLB0406M,MEDSERVS,55-64,2022,1444.0,
CXUMEDSERVSLB0406M,MEDSERVS,55-64,2023,1578.0,
CXUMEDSERVSLB0406M,MEDSERVS,55-64,2024,1352.0,
CXUMEDSERVSLB0407M,MEDSERVS,65+,1988,733.0,
CXUMEDSERVSLB0407M,MEDSERVS,65+,1989,632.0,
CXUMEDSERVSLB0407M,MEDSERVS,65+,1990,664.0,
CXUMEDSERVSLB0407M,MEDSERVS,65+,1991,579.0,
CXUMEDSERVSLB0407M,MEDSERVS,65+,1992,548.0,
CXUMEDSERVSLB0407M,MEDSERVS,65+,1993,658.0,
CXUMEDSERVSLB0407M,MEDSERVS,65+,1994,583.0,
CXUMEDSERVSLB0407M,MEDSERVS,65+,1995,480.0,
CXUMEDSERVSLB0407M,MEDSERVS,65+,1996,633.0,
CXUMEDSERVSLB0407M,MEDSERVS,65+,1997,564.0,
CXUMEDSERVSLB0407M,MEDSERVS,65+,1998,596.0,
CXUMEDSERVSLB0407M,MEDSERVS,65+,1999,601.0,
CXUMEDSERVSLB0407M,MEDSERVS,65+,2000,672.0,
CXUMEDSERVSLB0407M,MEDSERVS,65+,2001,693.0,
CXUMEDSERVSLB0407M,MEDSERVS,65+,2002,582.0,
CXUMEDSERVSLB0407M,MEDSERVS,65+,2003,688.0,
CXUMEDSERVSLB0407M,MEDSERVS,65+,2004,678.0,
CXUMEDSERVSLB0407M,MEDSERVS,65+,2005,769.0,
CXUMEDSERVSLB0407M,MEDSERVS,65+,2006,663.0,
CXUMEDSERVSLB0407M,MEDSERVS,65+,2007,844.0,
CXUMEDSERVSLB0407M,MEDSERVS,65+,2008,793.0,
CXUMEDSERVSLB0407M,MEDSERVS,65+,2009,821.0,
CXUMEDSERVSLB0407M,MEDSERVS,65+,2010,795.0,
CXUMEDSERVSLB0407M,MEDSERVS,65+,2011,786.0,
CXUMEDSERVSLB0407M,MEDSERVS,65+,2012,935.0,
CXUMEDSERVSLB0407M,MEDSERVS,65+,2013,803.0,
CXUMEDSERVSLB0407M,MEDSERVS,65+,2014,954.0,
CXUMEDSERVSLB0407M,MEDSERVS,65+,2015,967.0,
CXUMEDSERVSLB0407M,MEDSERVS,65+,2016,913.0,
CXUMEDSERVSLB0407M,MEDSERVS,65+,2017,911.0,
CXUMEDSERVSLB0407M,MEDSERVS,65+,2018,998.0,
CXUMEDSERVSLB0407M,MEDSERVS,65+,2019,1054.0,
CXUMEDSERVSLB0407M,MEDSERVS,65+,2020,835.0,
CXUMEDSERVSLB0407M,MEDSERVS,65+,2021,1077.0,
CXUMEDSERVSLB0407M,MEDSERVS,65+,2022,1142.0,
CXUMEDSERVSLB0407M,MEDSERVS,65+,2023,1355.0,
CXUMEDSERVSLB0407M,MEDSERVS,65+,2024,1449.0,
CXUMEDSERVSLB0408M,MEDSERVS,65-74,1984,462.0,
CXUMEDSERVSLB0408M,MEDSERVS,65-74,1985,576.0,
CXUMEDSERVSLB0408M,MEDSERVS,65-74,1986,594.0,
CXUMEDSERVSLB0408M,MEDSERVS,65-74,1987,585.0,
CXUMEDSERVSLB0408M,MEDSERVS,65-74,1988,645.0,
CXUMEDSERVSLB0408M,MEDSERVS,65-74,1989,555.0,
CXUMEDSERVSLB0408M,MEDSERVS,65-74,1990,656.0,
CXUMEDSERVSLB0408M,MEDSERVS,65-74,1991,671.0,
CXUMEDSERVSLB0408M,MEDSERVS,65-74,1992,576.0,
CXUMEDSERVSLB0408M,MEDSERVS,65-74,1993,555.0,
CXUMEDSERVSLB0408M,MEDSERVS,65-74,1994,539.0,
CXUMEDSERVSLB0408M,MEDSERVS,65-74,1995,473.0,
CXUMEDSERVSLB0408M,MEDSERVS,65-74,1996,563.0,
CXUMEDSERVSLB0408M,MEDSERVS,65-74,1997,636.0,
CXUMEDSERVSLB0408M,MEDSERVS,65-74,1998,592.0,
CXUMEDSERVSLB0408M,MEDSERVS,65-74,1999,574.0,
CXUMEDSERVSLB0408M,MEDSERVS,65-74,2000,686.0,
CXUMEDSERVSLB0408M,MEDSERVS,65-74,2001,866.0,
CXUMEDSERVSLB0408M,MEDSERVS,65-74,2002,635.0,
CXUMEDSERVSLB0408M,MEDSERVS,65-74,2003,681.0,
CXUMEDSERVSLB0408M,MEDSERVS,65-74,2004,631.0,
CXUMEDSERVSLB0408M,MEDSERVS,65-74,2005,733.0,
CXUMEDSERVSLB0408M,MEDSERVS,65-74,2006,636.0,
CXUMEDSERVSLB0408M,MEDSERVS,65-74,2007,1027.0,
CXUMEDSERVSLB0408M,MEDSERVS,65-74,2008,853.0,
CXUMEDSERVSLB0408M,MEDSERVS,65-74,2009,818.0,
CXUMEDSERVSLB0408M,MEDSERVS,65-74,2010,849.0,
CXUMEDSERVSLB0408M,MEDSERVS,65-74,2011,894.0,
CXUMEDSERVSLB0408M,MEDSERVS,65-74,2012,974.0,
CXUMEDSERVSLB0408M,MEDSERVS,65-74,2013,876.0,
CXUMEDSERVSLB0408M,MEDSERVS,65-74,2014,1020.0,
CXUMEDSERVSLB0408M,MEDSERVS,65-74,2015,918.0,
CXUMEDSERVSLB0408M,MEDSERVS,65-74,2016,878.0,
CXUMEDSERVSLB0408M,MEDSERVS,65-74,2017,956.0,
CXUMEDSERVSLB0408M,MEDSERVS,65-74,2018,935.0,
CXUMEDSERVSLB0408M,MEDSERVS,65-74,2019,1012.0,
CXUMEDSERVSLB0408M,MEDSERVS,65-74,2020,813.0,
CXUMEDSERVSLB0408M,MEDSERVS,65-74,2021,1018.0,
CXUMEDSERVSLB0408M,MEDSERVS,65-74,2022,1068.0,
CXUMEDSERVSLB0408M,MEDSERVS,65-74,2023,1296.0,
CXUMEDSERVSLB0408M,MEDSERVS,65-74,2024,1377.0,
CXUMEDSERVSLB0409M,MEDSERVS,75+,1984,529.0,
CXUMEDSERVSLB0409M,MEDSERVS,75+,1985,600.0,
CXUMEDSERVSLB0409M,MEDSERVS,75+,1986,775.0,
CXUMEDSERVSLB0409M,MEDSERVS,75+,1987,448.0,
CXUMEDSERVSLB0409M,MEDSERVS,75+,1988,853.0,
CXUMEDSERVSLB0409M,MEDSERVS,75+,1989,738.0,
CXUMEDSERVSLB0409M,MEDSERVS,75+,1990,674.0,
CXUMEDSERVSLB0409M,MEDSERVS,75+,1991,455.0,
CXUMEDSERVSLB0409M,MEDSERVS,75+,1992,514.0,
CXUMEDSERVSLB0409M,MEDSERVS,75+,1993,783.0,
CXUMEDSERVSLB0409M,MEDSERVS,75+,1994,639.0,
CXUMEDSERVSLB0409M,MEDSERVS,75+,1995,487.0,
CXUMEDSERVSLB0409M,MEDSERVS,75+,1996,717.0,
CXUMEDSERVSLB0409M,MEDSERVS,75+,1997,475.0,
CXUMEDSERVSLB0409M,MEDSERVS,75+,1998,601.0,
CXUMEDSERVSLB0409M,MEDSERVS,75+,1999,632.0,
CXUMEDSERVSLB0409M,MEDSERVS,75+,2000,658.0,
CXUMEDSERVSLB0409M,MEDSERVS,75+,2001,507.0,
CXUMEDSERVSLB0409M,MEDSERVS,75+,2002,527.0,
CXUMEDSERVSLB0409M,MEDSERVS,75+,2003,695.0,
CXUMEDSERVSLB0409M,MEDSERVS,75+,2004,723.0,
CXUMEDSERVSLB0409M,MEDSERVS,75+,2005,805.0,
CXUMEDSERVSLB0409M,MEDSERVS,75+,2006,692.0,
CXUMEDSERVSLB0409M,MEDSERVS,75+,2007,651.0,
CXUMEDSERVSLB0409M,MEDSERVS,75+,2008,728.0,
CXUMEDSERVSLB0409M,MEDSERVS,75+,2009,824.0,
CXUMEDSERVSLB0409M,MEDSERVS,75+,2010,735.0,
CXUMEDSERVSLB0409M,MEDSERVS,75+,2011,656.0,
CXUMEDSERVSLB0409M,MEDSERVS,75+,2012,887.0,
CXUMEDSERVSLB0409M,MEDSERVS,75+,2013,706.0,
CXUMEDSERVSLB0409M,MEDSERVS,75+,2014,867.0,
CXUMEDSERVSLB0409M,MEDSERVS,75+,2015,1035.0,
CXUMEDSERVSLB0409M,MEDSERVS,75+,2016,962.0,
CXUMEDSERVSLB0409M,MEDSERVS,75+,2017,847.0,
CXUMEDSERVSLB0409M,MEDSERVS,75+,2018,1087.0,
CXUMEDSERVSLB0409M,MEDSERVS,75+,2019,1108.0,
CXUMEDSERVSLB0409M,MEDSERVS,75+,2020,867.0,
CXUMEDSERVSLB0409M,MEDSERVS,75+,2021,1164.0,
CXUMEDSERVSLB0409M,MEDSERVS,75+,2022,1247.0,
CXUMEDSERVSLB0409M,MEDSERVS,75+,2023,1436.0,
CXUMEDSERVSLB0409M,MEDSERVS,75+,2024,1552.0,
CXUMEDSERVSLB0401M,MEDSERVS,All CUs,1984,454.0,
CXUMEDSERVSLB0401M,MEDSERVS,All CUs,1985,496.0,
CXUMEDSERVSLB0401M,MEDSERVS,All CUs,1986,502.0,
CXUMEDSERVSLB0401M,MEDSERVS,All CUs,1987,467.0,
CXUMEDSERVSLB0401M,MEDSERVS,All CUs,1988,529.0,
CXUMEDSERVSLB0401M,MEDSERVS,All CUs,1989,542.0,
CXUMEDSERVSLB0401M,MEDSERVS,All CUs,1990,562.0,
CXUMEDSERVSLB0401M,MEDSERVS,All CUs,1991,555.0,
CXUMEDSERVSLB0401M,MEDSERVS,All CUs,1992,533.0,
CXUMEDSERVSLB0401M,MEDSERVS,All CUs,1993,574.0,
CXUMEDSERVSLB0401M,MEDSERVS,All CUs,1994,571.0,
CXUMEDSERVSLB0401M,MEDSERVS,All CUs,1995,512.0,
CXUMEDSERVSLB0401M,MEDSERVS,All CUs,1996,543.0,
CXUMEDSERVSLB0401M,MEDSERVS,All CUs,1997,531.0,
CXUMEDSERVSLB0401M,MEDSERVS,All CUs,1998,542.0,
CXUMEDSERVSLB0401M,MEDSERVS,All CUs,1999,558.0,
CXUMEDSERVSLB0401M,MEDSERVS,All CUs,2000,568.0,
CXUMEDSERVSLB0401M,MEDSERVS,All CUs,2001,573.0,
CXUMEDSERVSLB0401M,MEDSERVS,All CUs,2002,590.0,
CXUMEDSERVSLB0401M,MEDSERVS,All CUs,2003,591.0,
CXUMEDSERVSLB0401M,MEDSERVS,All CUs,2004,648.0,
CXUMEDSERVSLB0401M,MEDSERVS,All CUs,2005,677.0,
CXUMEDSERVSLB0401M,MEDSERVS,All CUs,2006,670.0,
CXUMEDSERVSLB0401M,MEDSERVS,All CUs,2007,709.0,
CXUMEDSERVSLB0401M,MEDSERVS,All CUs,2008,727.0,
CXUMEDSERVSLB0401M,MEDSERVS,All CUs,2009,736.0,
CXUMEDSERVSLB0401M,MEDSERVS,All CUs,2010,722.0,
CXUMEDSERVSLB0401M,MEDSERVS,All CUs,2011,768.0,
CXUMEDSERVSLB0401M,MEDSERVS,All CUs,2012,839.0,
CXUMEDSERVSLB0401M,MEDSERVS,All CUs,2013,796.0,
CXUMEDSERVSLB0401M,MEDSERVS,All CUs,2014,790.0,
CXUMEDSERVSLB0401M,MEDSERVS,All CUs,2015,791.0,
CXUMEDSERVSLB0401M,MEDSERVS,All CUs,2016,838.0,
CXUMEDSERVSLB0401M,MEDSERVS,All CUs,2017,872.0,
CXUMEDSERVSLB0401M,MEDSERVS,All CUs,2018,909.0,
CXUMEDSERVSLB0401M,MEDSERVS,All CUs,2019,984.0,
CXUMEDSERVSLB0401M,MEDSERVS,All CUs,2020,864.0,
CXUMEDSERVSLB0401M,MEDSERVS,All CUs,2021,1070.0,
CXUMEDSERVSLB0401M,MEDSERVS,All CUs,2022,1184.0,
CXUMEDSERVSLB0401M,MEDSERVS,All CUs,2023,1252.0,
CXUMEDSERVSLB0401M,MEDSERVS,All CUs,2024,1252.0,
CXUMEDSERVSLB0402M,MEDSERVS,Under 25,1984,186.0,
CXUMEDSERVSLB0402M,MEDSERVS,Under 25,1985,243.0,
CXUMEDSERVSLB0402M,MEDSERVS,Under 25,1986,175.0,
CXUMEDSERVSLB0402M,MEDSERVS,Under 25,1987,155.0,
CXUMEDSERVSLB0402M,MEDSERVS,Under 25,1988,286.0,
CXUMEDSERVSLB0402M,MEDSERVS,Under 25,1989,162.0,
CXUMEDSERVSLB0402M,MEDSERVS,Under 25,1990,190.0,
CXUMEDSERVSLB0402M,MEDSERVS,Under 25,1991,131.0,
CXUMEDSERVSLB0402M,MEDSERVS,Under 25,1992,159.0,
CXUMEDSERVSLB0402M,MEDSERVS,Under 25,1993,140.0,
CXUMEDSERVSLB0402M,MEDSERVS,Under 25,1994,218.0,
CXUMEDSERVSLB0402M,MEDSERVS,Under 25,1995,158.0,
CXUMEDSERVSLB0402M,MEDSERVS,Under 25,1996,121.0,
CXUMEDSERVSLB0402M,MEDSERVS,Under 25,1997,128.0,
CXUMEDSERVSLB0402M,MEDSERVS,Under 25,1998,136.0,
CXUMEDSERVSLB0402M,MEDSERVS,Under 25,1999,184.0,
CXUMEDSERVSLB0402M,MEDSERVS,Under 25,2000,178.0,
CXUMEDSERVSLB0402M,MEDSERVS,Under 25,2001,135.0,
CXUMEDSERVSLB0402M,MEDSERVS,Under 25,2002,196.0,
CXUMEDSERVSLB0402M,MEDSERVS,Under 25,2003,129.0,
CXUMEDSERVSLB0402M,MEDSERVS,Under 25,2004,184.0,
CXUMEDSERVSLB0402M,MEDSERVS,Under 25,2005,197.0,
CXUMEDSERVSLB0402M,MEDSERVS,Under 25,2006,193.0,
CXUMEDSERVSLB0402M,MEDSERVS,Under 25,2007,267.0,
CXUMEDSERVSLB0402M,MEDSERVS,Under 25,2008,143.0,
CXUMEDSERVSLB0402M,MEDSERVS,Under 25,2009,167.0,
CXUMEDSERVSLB0402M,MEDSERVS,Under 25,2010,236.0,
CXUMEDSERVSLB0402M,MEDSERVS,Under 25,2011,254.0,
CXUMEDSERVSLB0402M,MEDSERVS,Under 25,2012,406.0,
CXUMEDSERVSLB0402M,MEDSERVS,Under 25,2013,272.0,
CXUMEDSERVSLB0402M,MEDSERVS,Under 25,2014,181.0,
CXUMEDSERVSLB0402M,MEDSERVS,Under 25,2015,237.0,
CXUMEDSERVSLB0402M,MEDSERVS,Under 25,2016,210.0,
CXUMEDSERVSLB0402M,MEDSERVS,Under 25,2017,387.0,6
CXUMEDSERVSLB0402M,MEDSERVS,Under 25,2018,314.0,6
CXUMEDSERVSLB0402M,MEDSERVS,Under 25,2019,328.0,
CXUMEDSERVSLB0402M,MEDSERVS,Under 25,2020,219.0,
CXUMEDSERVSLB0402M,MEDSERVS,Under 25,2021,347.0,
CXUMEDSERVSLB0402M,MEDSERVS,Under 25,2022,342.0,
CXUMEDSERVSLB0402M,MEDSERVS,Under 25,2023,579.0,
CXUMEDSERVSLB0402M,MEDSERVS,Under 25,2024,302.0,
CXUMEDSUPPLLB0403M,MEDSUPPL,25-34,1984,38.0,
CXUMEDSUPPLLB0403M,MEDSUPPL,25-34,1985,35.0,
CXUMEDSUPPLLB0403M,MEDSUPPL,25-34,1986,41.0,
CXUMEDSUPPLLB0403M,MEDSUPPL,25-34,1987,46.0,
CXUMEDSUPPLLB0403M,MEDSUPPL,25-34,1988,45.0,
CXUMEDSUPPLLB0403M,MEDSUPPL,25-34,1989,53.0,
CXUMEDSUPPLLB0403M,MEDSUPPL,25-34,1990,64.0,
CXUMEDSUPPLLB0403M,MEDSUPPL,25-34,1991,59.0,
CXUMEDSUPPLLB0403M,MEDSUPPL,25-34,1992,60.0,
CXUMEDSUPPLLB0403M,MEDSUPPL,25-34,1993,65.0,
CXUMEDSUPPLLB0403M,MEDSUPPL,25-34,1994,61.0,
CXUMEDSUPPLLB0403M,MEDSUPPL,25-34,1995,60.0,
CXUMEDSUPPLLB0403M,MEDSUPPL,25-34,1996,69.0,
CXUMEDSUPPLLB0403M,MEDSUPPL,25-34,1997,67.0,
CXUMEDSUPPLLB0403M,MEDSUPPL,25-34,1998,66.0,
CXUMEDSUPPLLB0403M,MEDSUPPL,25-34,1999,60.0,
CXUMEDSUPPLLB0403M,MEDSUPPL,25-34,2000,69.0,
CXUMEDSUPPLLB0403M,MEDSUPPL,25-34,2001,55.0,
CXUMEDSUPPLLB0403M,MEDSUPPL,25-34,2002,55.0,
CXUMEDSUPPLLB0403M,MEDSUPPL,25-34,2003,62.0,
CXUMEDSUPPLLB0403M,MEDSUPPL,25-34,2004,62.0,
CXUMEDSUPPLLB0403M,MEDSUPPL,25-34,2005,63.0,
CXUMEDSUPPLLB0403M,MEDSUPPL,25-34,2006,58.0,
CXUMEDSUPPLLB0403M,MEDSUPPL,25-34,2007,64.0,
CXUMEDSUPPLLB0403M,MEDSUPPL,25-34,2008,67.0,
CXUMEDSUPPLLB0403M,MEDSUPPL,25-34,2009,61.0,
CXUMEDSUPPLLB0403M,MEDSUPPL,25-34,2010,71.0,
CXUMEDSUPPLLB0403M,MEDSUPPL,25-34,2011,82.0,
CXUMEDSUPPLLB0403M,MEDSUPPL,25-34,2012,82.0,
CXUMEDSUPPLLB0403M,MEDSUPPL,25-34,2013,77.0,
CXUMEDSUPPLLB0403M,MEDSUPPL,25-34,2014,77.0,
CXUMEDSUPPLLB0403M,MEDSUPPL,25-34,2015,77.0,
CXUMEDSUPPLLB0403M,MEDSUPPL,25-34,2016,90.0,
CXUMEDSUPPLLB0403M,MEDSUPPL,25-34,2017,92.0,
CXUMEDSUPPLLB0403M,MEDSUPPL,25-34,2018,89.0,
CXUMEDSUPPLLB0403M,MEDSUPPL,25-34,2019,92.0,
CXUMEDSUPPLLB0403M,MEDSUPPL,25-34,2020,90.0,
CXUMEDSUPPLLB0403M,MEDSUPPL,25-34,2021,125.0,
CXUMEDSUPPLLB0403M,MEDSUPPL,25-34,2022,88.0,
CXUMEDSUPPLLB0403M,MEDSUPPL,25-34,2023,144.0,
CXUMEDSUPPLLB0403M,MEDSUPPL,25-34,2024,117.0,
CXUMEDSUPPLLB0404M,MEDSUPPL,35-44,1984,47.0,
CXUMEDSUPPLLB0404M,MEDSUPPL,35-44,1985,58.0,
CXUMEDSUPPLLB0404M,MEDSUPPL,35-44,1986,62.0,
CXUMEDSUPPLLB0404M,MEDSUPPL,35-44,1987,74.0,
CXUMEDSUPPLLB0404M,MEDSUPPL,35-44,1988,77.0,
CXUMEDSUPPLLB0404M,MEDSUPPL,35-44,1989,85.0,
CXUMEDSUPPLLB0404M,MEDSUPPL,35-44,1990,100.0,
CXUMEDSUPPLLB0404M,MEDSUPPL,35-44,1991,94.0,
CXUMEDSUPPLLB0404M,MEDSUPPL,35-44,1992,94.0,
CXUMEDSUPPLLB0404M,MEDSUPPL,35-44,1993,94.0,
CXUMEDSUPPLLB0404M,MEDSUPPL,35-44,1994,86.0,
CXUMEDSUPPLLB0404M,MEDSUPPL,35-44,1995,81.0,
CXUMEDSUPPLLB0404M,MEDSUPPL,35-44,1996,96.0,
CXUMEDSUPPLLB0404M,MEDSUPPL,35-44,1997,100.0,
CXUMEDSUPPLLB0404M,MEDSUPPL,35-44,1998,101.0,
CXUMEDSUPPLLB0404M,MEDSUPPL,35-44,1999,101.0,
CXUMEDSUPPLLB0404M,MEDSUPPL,35-44,2000,85.0,
CXUMEDSUPPLLB0404M,MEDSUPPL,35-44,2001,77.0,
CXUMEDSUPPLLB0404M,MEDSUPPL,35-44,2002,99.0,
CXUMEDSUPPLLB0404M,MEDSUPPL,35-44,2003,97.0,
CXUMEDSUPPLLB0404M,MEDSUPPL,35-44,2004,92.0,
CXUMEDSUPPLLB0404M,MEDSUPPL,35-44,2005,93.0,
CXUMEDSUPPLLB0404M,MEDSUPPL,35-44,2006,90.0,
CXUMEDSUPPLLB0404M,MEDSUPPL,35-44,2007,93.0,
CXUMEDSUPPLLB0404M,MEDSUPPL,35-44,2008,98.0,
CXUMEDSUPPLLB0404M,MEDSUPPL,35-44,2009,100.0,
CXUMEDSUPPLLB0404M,MEDSUPPL,35-44,2010,109.0,
CXUMEDSUPPLLB0404M,MEDSUPPL,35-44,2011,110.0,
CXUMEDSUPPLLB0404M,MEDSUPPL,35-44,2012,114.0,
CXUMEDSUPPLLB0404M,MEDSUPPL,35-44,2013,116.0,
CXUMEDSUPPLLB0404M,MEDSUPPL,35-44,2014,119.0,
CXUMEDSUPPLLB0404M,MEDSUPPL,35-44,2015,128.0,
CXUMEDSUPPLLB0404M,MEDSUPPL,35-44,2016,135.0,
CXUMEDSUPPLLB0404M,MEDSUPPL,35-44,2017,134.0,
CXUMEDSUPPLLB0404M,MEDSUPPL,35-44,2018,134.0,
CXUMEDSUPPLLB0404M,MEDSUPPL,35-44,2019,137.0,
CXUMEDSUPPLLB0404M,MEDSUPPL,35-44,2020,147.0,
CXUMEDSUPPLLB0404M,MEDSUPPL,35-44,2021,152.0,
CXUMEDSUPPLLB0404M,MEDSUPPL,35-44,2022,150.0,
CXUMEDSUPPLLB0404M,MEDSUPPL,35-44,2023,233.0,
CXUMEDSUPPLLB0404M,MEDSUPPL,35-44,2024,167.0,
CXUMEDSUPPLLB0405M,MEDSUPPL,45-54,1984,61.0,
CXUMEDSUPPLLB0405M,MEDSUPPL,45-54,1985,66.0,
CXUMEDSUPPLLB0405M,MEDSUPPL,45-54,1986,95.0,
CXUMEDSUPPLLB0405M,MEDSUPPL,45-54,1987,96.0,
CXUMEDSUPPLLB0405M,MEDSUPPL,45-54,1988,93.0,
CXUMEDSUPPLLB0405M,MEDSUPPL,45-54,1989,98.0,
CXUMEDSUPPLLB0405M,MEDSUPPL,45-54,1990,113.0,
CXUMEDSUPPLLB0405M,MEDSUPPL,45-54,1991,123.0,
CXUMEDSUPPLLB0405M,MEDSUPPL,45-54,1992,125.0,
CXUMEDSUPPLLB0405M,MEDSUPPL,45-54,1993,119.0,
CXUMEDSUPPLLB0405M,MEDSUPPL,45-54,1994,119.0,
CXUMEDSUPPLLB0405M,MEDSUPPL,45-54,1995,115.0,
CXUMEDSUPPLLB0405M,MEDSUPPL,45-54,1996,116.0,
CXUMEDSUPPLLB0405M,MEDSUPPL,45-54,1997,139.0,
CXUMEDSUPPLLB0405M,MEDSUPPL,45-54,1998,130.0,
CXUMEDSUPPLLB0405M,MEDSUPPL,45-54,1999,118.0,
CXUMEDSUPPLLB0405M,MEDSUPPL,45-54,2000,118.0,
CXUMEDSUPPLLB0405M,MEDSUPPL,45-54,2001,119.0,
CXUMEDSUPPLLB0405M,MEDSUPPL,45-54,2002,112.0,
CXUMEDSUPPLLB0405M,MEDSUPPL,45-54,2003,137.0,
CXUMEDSUPPLLB0405M,MEDSUPPL,45-54,2004,133.0,
CXUMEDSUPPLLB0405M,MEDSUPPL,45-54,2005,124.0,
CXUMEDSUPPLLB0405M,MEDSUPPL,45-54,2006,151.0,
CXUMEDSUPPLLB0405M,MEDSUPPL,45-54,2007,135.0,
CXUMEDSUPPLLB0405M,MEDSUPPL,45-54,2008,138.0,
CXUMEDSUPPLLB0405M,MEDSUPPL,45-54,2009,139.0,
CXUMEDSUPPLLB0405M,MEDSUPPL,45-54,2010,137.0,
CXUMEDSUPPLLB0405M,MEDSUPPL,45-54,2011,153.0,
CXUMEDSUPPLLB0405M,MEDSUPPL,45-54,2012,159.0,
CXUMEDSUPPLLB0405M,MEDSUPPL,45-54,2013,151.0,
CXUMEDSUPPLLB0405M,MEDSUPPL,45-54,2014,162.0,
CXUMEDSUPPLLB0405M,MEDSUPPL,45-54,2015,151.0,
CXUMEDSUPPLLB0405M,MEDSUPPL,45-54,2016,151.0,
CXUMEDSUPPLLB0405M,MEDSUPPL,45-54,2017,165.0,
CXUMEDSUPPLLB0405M,MEDSUPPL,45-54,2018,177.0,
CXUMEDSUPPLLB0405M,MEDSUPPL,45-54,2019,225.0,
CXUMEDSUPPLLB0405M,MEDSUPPL,45-54,2020,171.0,
CXUMEDSUPPLLB0405M,MEDSUPPL,45-54,2021,197.0,
CXUMEDSUPPLLB0405M,MEDSUPPL,45-54,2022,256.0,
CXUMEDSUPPLLB0405M,MEDSUPPL,45-54,2023,322.0,
CXUMEDSUPPLLB0405M,MEDSUPPL,45-54,2024,241.0,
CXUMEDSUPPLLB0406M,MEDSUPPL,55-64,1984,56.0,
CXUMEDSUPPLLB0406M,MEDSUPPL,55-64,1985,56.0,
CXUMEDSUPPLLB0406M,MEDSUPPL,55-64,1986,119.0,
CXUMEDSUPPLLB0406M,MEDSUPPL,55-64,1987,89.0,
CXUMEDSUPPLLB0406M,MEDSUPPL,55-64,1988,70.0,
CXUMEDSUPPLLB0406M,MEDSUPPL,55-64,1989,100.0,
CXUMEDSUPPLLB0406M,MEDSUPPL,55-64,1990,96.0,
CXUMEDSUPPLLB0406M,MEDSUPPL,55-64,1991,88.0,
CXUMEDSUPPLLB0406M,MEDSUPPL,55-64,1992,98.0,
CXUMEDSUPPLLB0406M,MEDSUPPL,55-64,1993,164.0,
CXUMEDSUPPLLB0406M,MEDSUPPL,55-64,1994,110.0,
CXUMEDSUPPLLB0406M,MEDSUPPL,55-64,1995,83.0,
CXUMEDSUPPLLB0406M,MEDSUPPL,55-64,1996,96.0,
CXUMEDSUPPLLB0406M,MEDSUPPL,55-64,1997,151.0,
CXUMEDSUPPLLB0406M,MEDSUPPL,55-64,1998,96.0,
CXUMEDSUPPLLB0406M,MEDSUPPL,55-64,1999,139.0,
CXUMEDSUPPLLB0406M,MEDSUPPL,55-64,2000,117.0,
CXUMEDSUPPLLB0406M,MEDSUPPL,55-64,2001,141.0,
CXUMEDSUPPLLB0406M,MEDSUPPL,55-64,2002,129.0,
CXUMEDSUPPLLB0406M,MEDSUPPL,55-64,2003,118.0,
CXUMEDSUPPLLB0406M,MEDSUPPL,55-64,2004,161.0,
CXUMEDSUPPLLB0406M,MEDSUPPL,55-64,2005,134.0,
CXUMEDSUPPLLB0406M,MEDSUPPL,55-64,2006,143.0,
CXUMEDSUPPLLB0406M,MEDSUPPL,55-64,2007,168.0,
CXUMEDSUPPLLB0406M,MEDSUPPL,55-64,2008,144.0,
CXUMEDSUPPLLB0406M,MEDSUPPL,55-64,2009,144.0,
CXUMEDSUPPLLB0406M,MEDSUPPL,55-64,2010,142.0,
CXUMEDSUPPLLB0406M,MEDSUPPL,55-64,2011,149.0,
CXUMEDSUPPLLB0406M,MEDSUPPL,55-64,2012,172.0,
CXUMEDSUPPLLB0406M,MEDSUPPL,55-64,2013,158.0,
CXUMEDSUPPLLB0406M,MEDSUPPL,55-64,2014,161.0,
CXUMEDSUPPLLB0406M,MEDSUPPL,55-64,2015,160.0,
CXUMEDSUPPLLB0406M,MEDSUPPL,55-64,2016,176.0,
CXUMEDSUPPLLB0406M,MEDSUPPL,55-64,2017,182.0,
CXUMEDSUPPLLB0406M,MEDSUPPL,55-64,2018,189.0,
CXUMEDSUPPLLB0406M,MEDSUPPL,55-64,2019,211.0,
CXUMEDSUPPLLB0406M,MEDSUPPL,55-64,2020,162.0,
CXUMEDSUPPLLB0406M,MEDSUPPL,55-64,2021,168.0,
CXUMEDSUPPLLB0406M,MEDSUPPL,55-64,2022,259.0,
CXUMEDSUPPLLB0406M,MEDSUPPL,55-64,2023,284.0,
CXUMEDSUPPLLB0406M,MEDSUPPL,55-64,2024,252.0,
CXUMEDSUPPLLB0407M,MEDSUPPL,65+,1988,92.0,
CXUMEDSUPPLLB0407M,MEDSUPPL,65+,1989,132.0,
CXUMEDSUPPLLB0407M,MEDSUPPL,65+,1990,80.0,
CXUMEDSUPPLLB0407M,MEDSUPPL,65+,1991,122.0,
CXUMEDSUPPLLB0407M,MEDSUPPL,65+,1992,137.0,
CXUMEDSUPPLLB0407M,MEDSUPPL,65+,1993,121.0,
CXUMEDSUPPLLB0407M,MEDSUPPL,65+,1994,75.0,
CXUMEDSUPPLLB0407M,MEDSUPPL,65+,1995,82.0,
CXUMEDSUPPLLB0407M,MEDSUPPL,65+,1996,131.0,
CXUMEDSUPPLLB0407M,MEDSUPPL,65+,1997,130.0,
CXUMEDSUPPLLB0407M,MEDSUPPL,65+,1998,142.0,
CXUMEDSUPPLLB0407M,MEDSUPPL,65+,1999,158.0,
CXUMEDSUPPLLB0407M,MEDSUPPL,65+,2000,133.0,
CXUMEDSUPPLLB0407M,MEDSUPPL,65+,2001,142.0,
CXUMEDSUPPLLB0407M,MEDSUPPL,65+,2002,163.0,
CXUMEDSUPPLLB0407M,MEDSUPPL,65+,2003,146.0,
CXUMEDSUPPLLB0407M,MEDSUPPL,65+,2004,158.0,
CXUMEDSUPPLLB0407M,MEDSUPPL,65+,2005,140.0,
CXUMEDSUPPLLB0407M,MEDSUPPL,65+,2006,164.0,
CXUMEDSUPPLLB0407M,MEDSUPPL,65+,2007,159.0,
CXUMEDSUPPLLB0407M,MEDSUPPL,65+,2008,145.0,
CXUMEDSUPPLLB0407M,MEDSUPPL,65+,2009,170.0,
CXUMEDSUPPLLB0407M,MEDSUPPL,65+,2010,158.0,
CXUMEDSUPPLLB0407M,MEDSUPPL,65+,2011,193.0,
CXUMEDSUPPLLB0407M,MEDSUPPL,65+,2012,200.0,
CXUMEDSUPPLLB0407M,MEDSUPPL,65+,2013,188.0,
CXUMEDSUPPLLB0407M,MEDSUPPL,65+,2014,223.0,
CXUMEDSUPPLLB0407M,MEDSUPPL,65+,2015,224.0,
CXUMEDSUPPLLB0407M,MEDSUPPL,65+,2016,207.0,
CXUMEDSUPPLLB0407M,MEDSUPPL,65+,2017,214.0,
CXUMEDSUPPLLB0407M,MEDSUPPL,65+,2018,260.0,
CXUMEDSUPPLLB0407M,MEDSUPPL,65+,2019,293.0,
CXUMEDSUPPLLB0407M,MEDSUPPL,65+,2020,251.0,
CXUMEDSUPPLLB0407M,MEDSUPPL,65+,2021,253.0,
CXUMEDSUPPLLB0407M,MEDSUPPL,65+,2022,278.0,
CXUMEDSUPPLLB0407M,MEDSUPPL,65+,2023,335.0,
CXUMEDSUPPLLB0407M,MEDSUPPL,65+,2024,344.0,
CXUMEDSUPPLLB0408M,MEDSUPPL,65-74,1984,95.0,
CXUMEDSUPPLLB0408M,MEDSUPPL,65-74,1985,90.0,
CXUMEDSUPPLLB0408M,MEDSUPPL,65-74,1986,85.0,
CXUMEDSUPPLLB0408M,MEDSUPPL,65-74,1987,84.0,
CXUMEDSUPPLLB0408M,MEDSUPPL,65-74,1988,90.0,
CXUMEDSUPPLLB0408M,MEDSUPPL,65-74,1989,85.0,
CXUMEDSUPPLLB0408M,MEDSUPPL,65-74,1990,73.0,
CXUMEDSUPPLLB0408M,MEDSUPPL,65-74,1991,128.0,
CXUMEDSUPPLLB0408M,MEDSUPPL,65-74,1992,133.0,
CXUMEDSUPPLLB0408M,MEDSUPPL,65-74,1993,115.0,
CXUMEDSUPPLLB0408M,MEDSUPPL,65-74,1994,82.0,
CXUMEDSUPPLLB0408M,MEDSUPPL,65-74,1995,82.0,
CXUMEDSUPPLLB0408M,MEDSUPPL,65-74,1996,138.0,
CXUMEDSUPPLLB0408M,MEDSUPPL,65-74,1997,123.0,
CXUMEDSUPPLLB0408M,MEDSUPPL,65-74,1998,128.0,
CXUMEDSUPPLLB0408M,MEDSUPPL,65-74,1999,149.0,
CXUMEDSUPPLLB0408M,MEDSUPPL,65-74,2000,126.0,
CXUMEDSUPPLLB0408M,MEDSUPPL,65-74,2001,150.0,
CXUMEDSUPPLLB0408M,MEDSUPPL,65-74,2002,148.0,
CXUMEDSUPPLLB0408M,MEDSUPPL,65-74,2003,133.0,
CXUMEDSUPPLLB0408M,MEDSUPPL,65-74,2004,144.0,
CXUMEDSUPPLLB0408M,MEDSUPPL,65-74,2005,134.0,
CXUMEDSUPPLLB0408M,MEDSUPPL,65-74,2006,166.0,
CXUMEDSUPPLLB0408M,MEDSUPPL,65-74,2007,184.0,
CXUMEDSUPPLLB0408M,MEDSUPPL,65-74,2008,145.0,
CXUMEDSUPPLLB0408M,MEDSUPPL,65-74,2009,181.0,
CXUMEDSUPPLLB0408M,MEDSUPPL,65-74,2010,144.0,
CXUMEDSUPPLLB0408M,MEDSUPPL,65-74,2011,199.0,
CXUMEDSUPPLLB0408M,MEDSUPPL,65-74,2012,174.0,
CXUMEDSUPPLLB0408M,MEDSUPPL,65-74,2013,162.0,
CXUMEDSUPPLLB0408M,MEDSUPPL,65-74,2014,227.0,
CXUMEDSUPPLLB0408M,MEDSUPPL,65-74,2015,207.0,
CXUMEDSUPPLLB0408M,MEDSUPPL,65-74,2016,182.0,
CXUMEDSUPPLLB0408M,MEDSUPPL,65-74,2017,199.0,
CXUMEDSUPPLLB0408M,MEDSUPPL,65-74,2018,263.0,
CXUMEDSUPPLLB0408M,MEDSUPPL,65-74,2019,235.0,
CXUMEDSUPPLLB0408M,MEDSUPPL,65-74,2020,246.0,
CXUMEDSUPPLLB0408M,MEDSUPPL,65-74,2021,267.0,
CXUMEDSUPPLLB0408M,MEDSUPPL,65-74,2022,257.0,
CXUMEDSUPPLLB0408M,MEDSUPPL,65-74,2023,335.0,
CXUMEDSUPPLLB0408M,MEDSUPPL,65-74,2024,369.0,6
CXUMEDSUPPLLB0409M,MEDSUPPL,75+,1984,119.0,
CXUMEDSUPPLLB0409M,MEDSUPPL,75+,1985,120.0,
CXUMEDSUPPLLB0409M,MEDSUPPL,75+,1986,67.0,
CXUMEDSUPPLLB0409M,MEDSUPPL,75+,1987,104.0,
CXUMEDSUPPLLB0409M,MEDSUPPL,75+,1988,95.0,
CXUMEDSUPPLLB0409M,MEDSUPPL,75+,1989,197.0,
CXUMEDSUPPLLB0409M,MEDSUPPL,75+,1990,88.0,
CXUMEDSUPPLLB0409M,MEDSUPPL,75+,1991,115.0,
CXUMEDSUPPLLB0409M,MEDSUPPL,75+,1992,141.0,
CXUMEDSUPPLLB0409M,MEDSUPPL,75+,1993,130.0,
CXUMEDSUPPLLB0409M,MEDSUPPL,75+,1994,65.0,
CXUMEDSUPPLLB0409M,MEDSUPPL,75+,1995,83.0,
CXUMEDSUPPLLB0409M,MEDSUPPL,75+,1996,124.0,
CXUMEDSUPPLLB0409M,MEDSUPPL,75+,1997,138.0,
CXUMEDSUPPLLB0409M,MEDSUPPL,75+,1998,159.0,
CXUMEDSUPPLLB0409M,MEDSUPPL,75+,1999,168.0,
CXUMEDSUPPLLB0409M,MEDSUPPL,75+,2000,141.0,
CXUMEDSUPPLLB0409M,MEDSUPPL,75+,2001,133.0,
CXUMEDSUPPLLB0409M,MEDSUPPL,75+,2002,179.0,
CXUMEDSUPPLLB0409M,MEDSUPPL,75+,2003,159.0,
CXUMEDSUPPLLB0409M,MEDSUPPL,75+,2004,172.0,
CXUMEDSUPPLLB0409M,MEDSUPPL,75+,2005,146.0,
CXUMEDSUPPLLB0409M,MEDSUPPL,75+,2006,163.0,
CXUMEDSUPPLLB0409M,MEDSUPPL,75+,2007,132.0,
CXUMEDSUPPLLB0409M,MEDSUPPL,75+,2008,146.0,
CXUMEDSUPPLLB0409M,MEDSUPPL,75+,2009,158.0,
CXUMEDSUPPLLB0409M,MEDSUPPL,75+,2010,173.0,
CXUMEDSUPPLLB0409M,MEDSUPPL,75+,2011,188.0,
CXUMEDSUPPLLB0409M,MEDSUPPL,75+,2012,231.0,
CXUMEDSUPPLLB0409M,MEDSUPPL,75+,2013,224.0,
CXUMEDSUPPLLB0409M,MEDSUPPL,75+,2014,218.0,
CXUMEDSUPPLLB0409M,MEDSUPPL,75+,2015,249.0,
CXUMEDSUPPLLB0409M,MEDSUPPL,75+,2016,241.0,
CXUMEDSUPPLLB0409M,MEDSUPPL,75+,2017,235.0,
CXUMEDSUPPLLB0409M,MEDSUPPL,75+,2018,256.0,
CXUMEDSUPPLLB0409M,MEDSUPPL,75+,2019,371.0,
CXUMEDSUPPLLB0409M,MEDSUPPL,75+,2020,258.0,
CXUMEDSUPPLLB0409M,MEDSUPPL,75+,2021,232.0,
CXUMEDSUPPLLB0409M,MEDSUPPL,75+,2022,307.0,
CXUMEDSUPPLLB0409M,MEDSUPPL,75+,2023,335.0,
CXUMEDSUPPLLB0409M,MEDSUPPL,75+,2024,309.0,
CXUMEDSUPPLLB0401M,MEDSUPPL,All CUs,1984,58.0,
CXUMEDSUPPLLB0401M,MEDSUPPL,All CUs,1985,60.0,
CXUMEDSUPPLLB0401M,MEDSUPPL,All CUs,1986,69.0,
CXUMEDSUPPLLB0401M,MEDSUPPL,All CUs,1987,73.0,
CXUMEDSUPPLLB0401M,MEDSUPPL,All CUs,1988,71.0,
CXUMEDSUPPLLB0401M,MEDSUPPL,All CUs,1989,87.0,
CXUMEDSUPPLLB0401M,MEDSUPPL,All CUs,1990,85.0,
CXUMEDSUPPLLB0401M,MEDSUPPL,All CUs,1991,92.0,
CXUMEDSUPPLLB0401M,MEDSUPPL,All CUs,1992,97.0,
CXUMEDSUPPLLB0401M,MEDSUPPL,All CUs,1993,101.0,
CXUMEDSUPPLLB0401M,MEDSUPPL,All CUs,1994,83.0,
CXUMEDSUPPLLB0401M,MEDSUPPL,All CUs,1995,80.0,
CXUMEDSUPPLLB0401M,MEDSUPPL,All CUs,1996,97.0,
CXUMEDSUPPLLB0401M,MEDSUPPL,All CUs,1997,108.0,
CXUMEDSUPPLLB0401M,MEDSUPPL,All CUs,1998,102.0,
CXUMEDSUPPLLB0401M,MEDSUPPL,All CUs,1999,109.0,
CXUMEDSUPPLLB0401M,MEDSUPPL,All CUs,2000,99.0,
CXUMEDSUPPLLB0401M,MEDSUPPL,All CUs,2001,100.0,
CXUMEDSUPPLLB0401M,MEDSUPPL,All CUs,2002,105.0,
CXUMEDSUPPLLB0401M,MEDSUPPL,All CUs,2003,107.0,
CXUMEDSUPPLLB0401M,MEDSUPPL,All CUs,2004,114.0,
CXUMEDSUPPLLB0401M,MEDSUPPL,All CUs,2005,105.0,
CXUMEDSUPPLLB0401M,MEDSUPPL,All CUs,2006,117.0,
CXUMEDSUPPLLB0401M,MEDSUPPL,All CUs,2007,118.0,
CXUMEDSUPPLLB0401M,MEDSUPPL,All CUs,2008,114.0,
CXUMEDSUPPLLB0401M,MEDSUPPL,All CUs,2009,119.0,
CXUMEDSUPPLLB0401M,MEDSUPPL,All CUs,2010,119.0,
CXUMEDSUPPLLB0401M,MEDSUPPL,All CUs,2011,134.0,
CXUMEDSUPPLLB0401M,MEDSUPPL,All CUs,2012,142.0,
CXUMEDSUPPLLB0401M,MEDSUPPL,All CUs,2013,135.0,
CXUMEDSUPPLLB0401M,MEDSUPPL,All CUs,2014,146.0,
CXUMEDSUPPLLB0401M,MEDSUPPL,All CUs,2015,149.0,
CXUMEDSUPPLLB0401M,MEDSUPPL,All CUs,2016,151.0,
CXUMEDSUPPLLB0401M,MEDSUPPL,All CUs,2017,156.0,
CXUMEDSUPPLLB0401M,MEDSUPPL,All CUs,2018,172.0,
CXUMEDSUPPLLB0401M,MEDSUPPL,All CUs,2019,194.0,
CXUMEDSUPPLLB0401M,MEDSUPPL,All CUs,2020,170.0,
CXUMEDSUPPLLB0401M,MEDSUPPL,All CUs,2021,181.0,
CXUMEDSUPPLLB0401M,MEDSUPPL,All CUs,2022,209.0,
CXUMEDSUPPLLB0401M,MEDSUPPL,All CUs,2023,267.0,
CXUMEDSUPPLLB0401M,MEDSUPPL,All CUs,2024,233.0,
CXUMEDSUPPLLB0402M,MEDSUPPL,Under 25,1984,22.0,
CXUMEDSUPPLLB0402M,MEDSUPPL,Under 25,1985,23.0,
CXUMEDSUPPLLB0402M,MEDSUPPL,Under 25,1986,29.0,
CXUMEDSUPPLLB0402M,MEDSUPPL,Under 25,1987,32.0,
CXUMEDSUPPLLB0402M,MEDSUPPL,Under 25,1988,35.0,
CXUMEDSUPPLLB0402M,MEDSUPPL,Under 25,1989,33.0,
CXUMEDSUPPLLB0402M,MEDSUPPL,Under 25,1990,41.0,
CXUMEDSUPPLLB0402M,MEDSUPPL,Under 25,1991,30.0,
CXUMEDSUPPLLB0402M,MEDSUPPL,Under 25,1992,38.0,
CXUMEDSUPPLLB0402M,MEDSUPPL,Under 25,1993,23.0,
CXUMEDSUPPLLB0402M,MEDSUPPL,Under 25,1994,31.0,
CXUMEDSUPPLLB0402M,MEDSUPPL,Under 25,1995,34.0,
CXUMEDSUPPLLB0402M,MEDSUPPL,Under 25,1996,33.0,
CXUMEDSUPPLLB0402M,MEDSUPPL,Under 25,1997,31.0,
CXUMEDSUPPLLB0402M,MEDSUPPL,Under 25,1998,23.0,
CXUMEDSUPPLLB0402M,MEDSUPPL,Under 25,1999,36.0,
CXUMEDSUPPLLB0402M,MEDSUPPL,Under 25,2000,34.0,
CXUMEDSUPPLLB0402M,MEDSUPPL,Under 25,2001,37.0,
CXUMEDSUPPLLB0402M,MEDSUPPL,Under 25,2002,30.0,
CXUMEDSUPPLLB0402M,MEDSUPPL,Under 25,2003,37.0,
CXUMEDSUPPLLB0402M,MEDSUPPL,Under 25,2004,31.0,
CXUMEDSUPPLLB0402M,MEDSUPPL,Under 25,2005,31.0,
CXUMEDSUPPLLB0402M,MEDSUPPL,Under 25,2006,49.0,
CXUMEDSUPPLLB0402M,MEDSUPPL,Under 25,2007,34.0,
CXUMEDSUPPLLB0402M,MEDSUPPL,Under 25,2008,33.0,
CXUMEDSUPPLLB0402M,MEDSUPPL,Under 25,2009,30.0,
CXUMEDSUPPLLB0402M,MEDSUPPL,Under 25,2010,32.0,
CXUMEDSUPPLLB0402M,MEDSUPPL,Under 25,2011,38.0,
CXUMEDSUPPLLB0402M,MEDSUPPL,Under 25,2012,47.0,
CXUMEDSUPPLLB0402M,MEDSUPPL,Under 25,2013,42.0,
CXUMEDSUPPLLB0402M,MEDSUPPL,Under 25,2014,39.0,
CXUMEDSUPPLLB0402M,MEDSUPPL,Under 25,2015,64.0,
CXUMEDSUPPLLB0402M,MEDSUPPL,Under 25,2016,45.0,
CXUMEDSUPPLLB0402M,MEDSUPPL,Under 25,2017,51.0,
CXUMEDSUPPLLB0402M,MEDSUPPL,Under 25,2018,61.0,
CXUMEDSUPPLLB0402M,MEDSUPPL,Under 25,2019,45.0,
CXUMEDSUPPLLB0402M,MEDSUPPL,Under 25,2020,70.0,
CXUMEDSUPPLLB0402M,MEDSUPPL,Under 25,2021,57.0,
CXUMEDSUPPLLB0402M,MEDSUPPL,Under 25,2022,71.0,6
CXUMEDSUPPLLB0402M,MEDSUPPL,Under 25,2023,140.0,6
CXUMEDSUPPLLB0402M,MEDSUPPL,Under 25,2024,93.0,
CXUMISCLB0403M,MISC,25-34,1984,530.0,
CXUMISCLB0403M,MISC,25-34,1985,503.0,
CXUMISCLB0403M,MISC,25-34,1986,539.0,
CXUMISCLB0403M,MISC,25-34,1987,564.0,
CXUMISCLB0403M,MISC,25-34,1988,515.0,
CXUMISCLB0403M,MISC,25-34,1989,578.0,
CXUMISCLB0403M,MISC,25-34,1990,786.0,
CXUMISCLB0403M,MISC,25-34,1991,729.0,
CXUMISCLB0403M,MISC,25-34,1992,780.0,
CXUMISCLB0403M,MISC,25-34,1993,646.0,2
CXUMISCLB0403M,MISC,25-34,1994,620.0,
CXUMISCLB0403M,MISC,25-34,1995,688.0,
CXUMISCLB0403M,MISC,25-34,1996,721.0,
CXUMISCLB0403M,MISC,25-34,1997,757.0,
CXUMISCLB0403M,MISC,25-34,1998,772.0,
CXUMISCLB0403M,MISC,25-34,1999,727.0,
CXUMISCLB0403M,MISC,25-34,2000,804.0,
CXUMISCLB0403M,MISC,25-34,2001,566.0,
CXUMISCLB0403M,MISC,25-34,2002,678.0,
CXUMISCLB0403M,MISC,25-34,2003,532.0,
CXUMISCLB0403M,MISC,25-34,2004,600.0,
CXUMISCLB0403M,MISC,25-34,2005,697.0,
CXUMISCLB0403M,MISC,25-34,2006,615.0,
CXUMISCLB0403M,MISC,25-34,2007,589.0,
CXUMISCLB0403M,MISC,25-34,2008,726.0,
CXUMISCLB0403M,MISC,25-34,2009,631.0,
CXUMISCLB0403M,MISC,25-34,2010,668.0,
CXUMISCLB0403M,MISC,25-34,2011,606.0,
CXUMISCLB0403M,MISC,25-34,2012,660.0,
CXUMISCLB0403M,MISC,25-34,2013,577.0,
CXUMISCLB0403M,MISC,25-34,2014,571.0,
CXUMISCLB0403M,MISC,25-34,2015,628.0,
CXUMISCLB0403M,MISC,25-34,2016,586.0,
CXUMISCLB0403M,MISC,25-34,2017,669.0,
CXUMISCLB0403M,MISC,25-34,2018,685.0,
CXUMISCLB0403M,MISC,25-34,2019,672.0,
CXUMISCLB0403M,MISC,25-34,2020,651.0,
CXUMISCLB0403M,MISC,25-34,2021,779.0,
CXUMISCLB0403M,MISC,25-34,2022,895.0,
CXUMISCLB0403M,MISC,25-34,2023,970.0,
CXUMISCLB0403M,MISC,25-34,2024,1417.0,
CXUMISCLB0404M,MISC,35-44,1984,618.0,
CXUMISCLB0404M,MISC,35-44,1985,644.0,
CXUMISCLB0404M,MISC,35-44,1986,696.0,
CXUMISCLB0404M,MISC,35-44,1987,711.0,
CXUMISCLB0404M,MISC,35-44,1988,783.0,
CXUMISCLB0404M,MISC,35-44,1989,886.0,
CXUMISCLB0404M,MISC,35-44,1990,1158.0,
CXUMISCLB0404M,MISC,35-44,1991,1119.0,
CXUMISCLB0404M,MISC,35-44,1992,985.0,
CXUMISCLB0404M,MISC,35-44,1993,898.0,2
CXUMISCLB0404M,MISC,35-44,1994,908.0,
CXUMISCLB0404M,MISC,35-44,1995,815.0,
CXUMISCLB0404M,MISC,35-44,1996,866.0,
CXUMISCLB0404M,MISC,35-44,1997,989.0,
CXUMISCLB0404M,MISC,35-44,1998,972.0,
CXUMISCLB0404M,MISC,35-44,1999,946.0,
CXUMISCLB0404M,MISC,35-44,2000,852.0,
CXUMISCLB0404M,MISC,35-44,2001,740.0,
CXUMISCLB0404M,MISC,35-44,2002,841.0,
CXUMISCLB0404M,MISC,35-44,2003,601.0,
CXUMISCLB0404M,MISC,35-44,2004,773.0,
CXUMISCLB0404M,MISC,35-44,2005,791.0,
CXUMISCLB0404M,MISC,35-44,2006,943.0,
CXUMISCLB0404M,MISC,35-44,2007,845.0,
CXUMISCLB0404M,MISC,35-44,2008,862.0,
CXUMISCLB0404M,MISC,35-44,2009,967.0,
CXUMISCLB0404M,MISC,35-44,2010,922.0,
CXUMISCLB0404M,MISC,35-44,2011,781.0,
CXUMISCLB0404M,MISC,35-44,2012,876.0,
CXUMISCLB0404M,MISC,35-44,2013,643.0,
CXUMISCLB0404M,MISC,35-44,2014,858.0,
CXUMISCLB0404M,MISC,35-44,2015,1142.0,
CXUMISCLB0404M,MISC,35-44,2016,1052.0,
CXUMISCLB0404M,MISC,35-44,2017,1083.0,
CXUMISCLB0404M,MISC,35-44,2018,1065.0,
CXUMISCLB0404M,MISC,35-44,2019,944.0,
CXUMISCLB0404M,MISC,35-44,2020,977.0,
CXUMISCLB0404M,MISC,35-44,2021,1222.0,
CXUMISCLB0404M,MISC,35-44,2022,1020.0,
CXUMISCLB0404M,MISC,35-44,2023,1308.0,
CXUMISCLB0404M,MISC,35-44,2024,1119.0,
CXUMISCLB0405M,MISC,45-54,1984,580.0,
CXUMISCLB0405M,MISC,45-54,1985,843.0,
CXUMISCLB0405M,MISC,45-54,1986,636.0,
CXUMISCLB0405M,MISC,45-54,1987,755.0,
CXUMISCLB0405M,MISC,45-54,1988,775.0,
CXUMISCLB0405M,MISC,45-54,1989,860.0,
CXUMISCLB0405M,MISC,45-54,1990,1097.0,
CXUMISCLB0405M,MISC,45-54,1991,1164.0,
CXUMISCLB0405M,MISC,45-54,1992,982.0,
CXUMISCLB0405M,MISC,45-54,1993,893.0,2
CXUMISCLB0405M,MISC,45-54,1994,1071.0,
CXUMISCLB0405M,MISC,45-54,1995,1018.0,
CXUMISCLB0405M,MISC,45-54,1996,1139.0,
CXUMISCLB0405M,MISC,45-54,1997,1106.0,
CXUMISCLB0405M,MISC,45-54,1998,1026.0,
CXUMISCLB0405M,MISC,45-54,1999,1089.0,
CXUMISCLB0405M,MISC,45-54,2000,927.0,
CXUMISCLB0405M,MISC,45-54,2001,900.0,
CXUMISCLB0405M,MISC,45-54,2002,989.0,
CXUMISCLB0405M,MISC,45-54,2003,830.0,
CXUMISCLB0405M,MISC,45-54,2004,774.0,
CXUMISCLB0405M,MISC,45-54,2005,949.0,
CXUMISCLB0405M,MISC,45-54,2006,971.0,
CXUMISCLB0405M,MISC,45-54,2007,1008.0,
CXUMISCLB0405M,MISC,45-54,2008,957.0,
CXUMISCLB0405M,MISC,45-54,2009,1051.0,
CXUMISCLB0405M,MISC,45-54,2010,938.0,
CXUMISCLB0405M,MISC,45-54,2011,947.0,
CXUMISCLB0405M,MISC,45-54,2012,924.0,
CXUMISCLB0405M,MISC,45-54,2013,686.0,
CXUMISCLB0405M,MISC,45-54,2014,1086.0,
CXUMISCLB0405M,MISC,45-54,2015,1041.0,
CXUMISCLB0405M,MISC,45-54,2016,1403.0,
CXUMISCLB0405M,MISC,45-54,2017,1202.0,
CXUMISCLB0405M,MISC,45-54,2018,1182.0,
CXUMISCLB0405M,MISC,45-54,2019,1095.0,
CXUMISCLB0405M,MISC,45-54,2020,1094.0,
CXUMISCLB0405M,MISC,45-54,2021,1435.0,
CXUMISCLB0405M,MISC,45-54,2022,1215.0,
CXUMISCLB0405M,MISC,45-54,2023,1363.0,
CXUMISCLB0405M,MISC,45-54,2024,1374.0,
CXUMISCLB0406M,MISC,55-64,1984,464.0,
CXUMISCLB0406M,MISC,55-64,1985,576.0,
CXUMISCLB0406M,MISC,55-64,1986,549.0,
CXUMISCLB0406M,MISC,55-64,1987,593.0,
CXUMISCLB0406M,MISC,55-64,1988,600.0,
CXUMISCLB0406M,MISC,55-64,1989,664.0,
CXUMISCLB0406M,MISC,55-64,1990,828.0,
CXUMISCLB0406M,MISC,55-64,1991,1061.0,
CXUMISCLB0406M,MISC,55-64,1992,788.0,
CXUMISCLB0406M,MISC,55-64,1993,921.0,2
CXUMISCLB0406M,MISC,55-64,1994,814.0,
CXUMISCLB0406M,MISC,55-64,1995,949.0,
CXUMISCLB0406M,MISC,55-64,1996,962.0,
CXUMISCLB0406M,MISC,55-64,1997,1061.0,
CXUMISCLB0406M,MISC,55-64,1998,1164.0,
CXUMISCLB0406M,MISC,55-64,1999,1021.0,
CXUMISCLB0406M,MISC,55-64,2000,824.0,
CXUMISCLB0406M,MISC,55-64,2001,815.0,
CXUMISCLB0406M,MISC,55-64,2002,930.0,
CXUMISCLB0406M,MISC,55-64,2003,675.0,
CXUMISCLB0406M,MISC,55-64,2004,825.0,
CXUMISCLB0406M,MISC,55-64,2005,981.0,
CXUMISCLB0406M,MISC,55-64,2006,1105.0,
CXUMISCLB0406M,MISC,55-64,2007,1084.0,
CXUMISCLB0406M,MISC,55-64,2008,1316.0,
CXUMISCLB0406M,MISC,55-64,2009,952.0,
CXUMISCLB0406M,MISC,55-64,2010,1146.0,
CXUMISCLB0406M,MISC,55-64,2011,931.0,
CXUMISCLB0406M,MISC,55-64,2012,908.0,
CXUMISCLB0406M,MISC,55-64,2013,841.0,
CXUMISCLB0406M,MISC,55-64,2014,802.0,
CXUMISCLB0406M,MISC,55-64,2015,849.0,
CXUMISCLB0406M,MISC,55-64,2016,1127.0,
CXUMISCLB0406M,MISC,55-64,2017,1214.0,
CXUMISCLB0406M,MISC,55-64,2018,1176.0,
CXUMISCLB0406M,MISC,55-64,2019,1174.0,
CXUMISCLB0406M,MISC,55-64,2020,990.0,
CXUMISCLB0406M,MISC,55-64,2021,968.0,
CXUMISCLB0406M,MISC,55-64,2022,1161.0,
CXUMISCLB0406M,MISC,55-64,2023,1466.0,
CXUMISCLB0406M,MISC,55-64,2024,1633.0,
CXUMISCLB0407M,MISC,65+,1988,424.0,
CXUMISCLB0407M,MISC,65+,1989,439.0,
CXUMISCLB0407M,MISC,65+,1990,554.0,
CXUMISCLB0407M,MISC,65+,1991,572.0,
CXUMISCLB0407M,MISC,65+,1992,484.0,
CXUMISCLB0407M,MISC,65+,1993,503.0,2
CXUMISCLB0407M,MISC,65+,1994,573.0,
CXUMISCLB0407M,MISC,65+,1995,602.0,
CXUMISCLB0407M,MISC,65+,1996,846.0,
CXUMISCLB0407M,MISC,65+,1997,619.0,
CXUMISCLB0407M,MISC,65+,1998,694.0,
CXUMISCLB0407M,MISC,65+,1999,790.0,
CXUMISCLB0407M,MISC,65+,2000,661.0,
CXUMISCLB0407M,MISC,65+,2001,891.0,
CXUMISCLB0407M,MISC,65+,2002,686.0,
CXUMISCLB0407M,MISC,65+,2003,533.0,
CXUMISCLB0407M,MISC,65+,2004,641.0,
CXUMISCLB0407M,MISC,65+,2005,839.0,
CXUMISCLB0407M,MISC,65+,2006,762.0,
CXUMISCLB0407M,MISC,65+,2007,672.0,
CXUMISCLB0407M,MISC,65+,2008,588.0,
CXUMISCLB0407M,MISC,65+,2009,663.0,
CXUMISCLB0407M,MISC,65+,2010,772.0,
CXUMISCLB0407M,MISC,65+,2011,753.0,
CXUMISCLB0407M,MISC,65+,2012,902.0,
CXUMISCLB0407M,MISC,65+,2013,628.0,
CXUMISCLB0407M,MISC,65+,2014,780.0,
CXUMISCLB0407M,MISC,65+,2015,900.0,
CXUMISCLB0407M,MISC,65+,2016,827.0,
CXUMISCLB0407M,MISC,65+,2017,1043.0,
CXUMISCLB0407M,MISC,65+,2018,1032.0,
CXUMISCLB0407M,MISC,65+,2019,811.0,
CXUMISCLB0407M,MISC,65+,2020,921.0,
CXUMISCLB0407M,MISC,65+,2021,820.0,
CXUMISCLB0407M,MISC,65+,2022,943.0,
CXUMISCLB0407M,MISC,65+,2023,1052.0,
CXUMISCLB0407M,MISC,65+,2024,972.0,
CXUMISCLB0408M,MISC,65-74,1984,239.0,
CXUMISCLB0408M,MISC,65-74,1985,370.0,
CXUMISCLB0408M,MISC,65-74,1986,420.0,
CXUMISCLB0408M,MISC,65-74,1987,510.0,
CXUMISCLB0408M,MISC,65-74,1988,512.0,
CXUMISCLB0408M,MISC,65-74,1989,510.0,
CXUMISCLB0408M,MISC,65-74,1990,708.0,
CXUMISCLB0408M,MISC,65-74,1991,657.0,
CXUMISCLB0408M,MISC,65-74,1992,533.0,
CXUMISCLB0408M,MISC,65-74,1993,583.0,2
CXUMISCLB0408M,MISC,65-74,1994,640.0,
CXUMISCLB0408M,MISC,65-74,1995,628.0,
CXUMISCLB0408M,MISC,65-74,1996,981.0,
CXUMISCLB0408M,MISC,65-74,1997,745.0,
CXUMISCLB0408M,MISC,65-74,1998,818.0,
CXUMISCLB0408M,MISC,65-74,1999,775.0,
CXUMISCLB0408M,MISC,65-74,2000,761.0,
CXUMISCLB0408M,MISC,65-74,2001,1189.0,
CXUMISCLB0408M,MISC,65-74,2002,794.0,
CXUMISCLB0408M,MISC,65-74,2003,547.0,
CXUMISCLB0408M,MISC,65-74,2004,735.0,
CXUMISCLB0408M,MISC,65-74,2005,1037.0,
CXUMISCLB0408M,MISC,65-74,2006,966.0,
CXUMISCLB0408M,MISC,65-74,2007,787.0,
CXUMISCLB0408M,MISC,65-74,2008,659.0,
CXUMISCLB0408M,MISC,65-74,2009,820.0,
CXUMISCLB0408M,MISC,65-74,2010,761.0,
CXUMISCLB0408M,MISC,65-74,2011,821.0,
CXUMISCLB0408M,MISC,65-74,2012,1031.0,
CXUMISCLB0408M,MISC,65-74,2013,672.0,
CXUMISCLB0408M,MISC,65-74,2014,807.0,
CXUMISCLB0408M,MISC,65-74,2015,989.0,
CXUMISCLB0408M,MISC,65-74,2016,894.0,
CXUMISCLB0408M,MISC,65-74,2017,1168.0,
CXUMISCLB0408M,MISC,65-74,2018,1058.0,
CXUMISCLB0408M,MISC,65-74,2019,860.0,
CXUMISCLB0408M,MISC,65-74,2020,1022.0,
CXUMISCLB0408M,MISC,65-74,2021,829.0,
CXUMISCLB0408M,MISC,65-74,2022,929.0,
CXUMISCLB0408M,MISC,65-74,2023,1111.0,
CXUMISCLB0408M,MISC,65-74,2024,1067.0,
CXUMISCLB0409M,MISC,75+,1984,156.0,
CXUMISCLB0409M,MISC,75+,1985,212.0,
CXUMISCLB0409M,MISC,75+,1986,300.0,
CXUMISCLB0409M,MISC,75+,1987,231.0,
CXUMISCLB0409M,MISC,75+,1988,301.0,
CXUMISCLB0409M,MISC,75+,1989,341.0,
CXUMISCLB0409M,MISC,75+,1990,353.0,
CXUMISCLB0409M,MISC,75+,1991,456.0,
CXUMISCLB0409M,MISC,75+,1992,423.0,
CXUMISCLB0409M,MISC,75+,1993,407.0,2
CXUMISCLB0409M,MISC,75+,1994,488.0,
CXUMISCLB0409M,MISC,75+,1995,572.0,
CXUMISCLB0409M,MISC,75+,1996,685.0,
CXUMISCLB0409M,MISC,75+,1997,463.0,
CXUMISCLB0409M,MISC,75+,1998,546.0,
CXUMISCLB0409M,MISC,75+,1999,807.0,
CXUMISCLB0409M,MISC,75+,2000,553.0,
CXUMISCLB0409M,MISC,75+,2001,571.0,
CXUMISCLB0409M,MISC,75+,2002,572.0,
CXUMISCLB0409M,MISC,75+,2003,519.0,
CXUMISCLB0409M,MISC,75+,2004,547.0,
CXUMISCLB0409M,MISC,75+,2005,635.0,
CXUMISCLB0409M,MISC,75+,2006,549.0,
CXUMISCLB0409M,MISC,75+,2007,548.0,
CXUMISCLB0409M,MISC,75+,2008,507.0,
CXUMISCLB0409M,MISC,75+,2009,491.0,
CXUMISCLB0409M,MISC,75+,2010,787.0,
CXUMISCLB0409M,MISC,75+,2011,674.0,
CXUMISCLB0409M,MISC,75+,2012,743.0,
CXUMISCLB0409M,MISC,75+,2013,571.0,
CXUMISCLB0409M,MISC,75+,2014,745.0,
CXUMISCLB0409M,MISC,75+,2015,779.0,
CXUMISCLB0409M,MISC,75+,2016,734.0,
CXUMISCLB0409M,MISC,75+,2017,869.0,
CXUMISCLB0409M,MISC,75+,2018,994.0,
CXUMISCLB0409M,MISC,75+,2019,745.0,
CXUMISCLB0409M,MISC,75+,2020,779.0,
CXUMISCLB0409M,MISC,75+,2021,805.0,
CXUMISCLB0409M,MISC,75+,2022,963.0,
CXUMISCLB0409M,MISC,75+,2023,970.0,
CXUMISCLB0409M,MISC,75+,2024,837.0,
CXUMISCLB0401M,MISC,All CUs,1984,451.0,
CXUMISCLB0401M,MISC,All CUs,1985,529.0,
CXUMISCLB0401M,MISC,All CUs,1986,522.0,
CXUMISCLB0401M,MISC,All CUs,1987,562.0,
CXUMISCLB0401M,MISC,All CUs,1988,578.0,
CXUMISCLB0401M,MISC,All CUs,1989,643.0,
CXUMISCLB0401M,MISC,All CUs,1990,842.0,
CXUMISCLB0401M,MISC,All CUs,1991,860.0,
CXUMISCLB0401M,MISC,All CUs,1992,765.0,
CXUMISCLB0401M,MISC,All CUs,1993,715.0,2
CXUMISCLB0401M,MISC,All CUs,1994,749.0,
CXUMISCLB0401M,MISC,All CUs,1995,766.0,
CXUMISCLB0401M,MISC,All CUs,1996,855.0,
CXUMISCLB0401M,MISC,All CUs,1997,847.0,
CXUMISCLB0401M,MISC,All CUs,1998,860.0,
CXUMISCLB0401M,MISC,All CUs,1999,867.0,
CXUMISCLB0401M,MISC,All CUs,2000,776.0,
CXUMISCLB0401M,MISC,All CUs,2001,750.0,
CXUMISCLB0401M,MISC,All CUs,2002,792.0,
CXUMISCLB0401M,MISC,All CUs,2003,606.0,
CXUMISCLB0401M,MISC,All CUs,2004,690.0,
CXUMISCLB0401M,MISC,All CUs,2005,808.0,
CXUMISCLB0401M,MISC,All CUs,2006,846.0,
CXUMISCLB0401M,MISC,All CUs,2007,808.0,
CXUMISCLB0401M,MISC,All CUs,2008,840.0,
CXUMISCLB0401M,MISC,All CUs,2009,816.0,
CXUMISCLB0401M,MISC,All CUs,2010,849.0,
CXUMISCLB0401M,MISC,All CUs,2011,775.0,
CXUMISCLB0401M,MISC,All CUs,2012,829.0,
CXUMISCLB0401M,MISC,All CUs,2013,645.0,
CXUMISCLB0401M,MISC,All CUs,2014,782.0,
CXUMISCLB0401M,MISC,All CUs,2015,871.0,
CXUMISCLB0401M,MISC,All CUs,2016,959.0,
CXUMISCLB0401M,MISC,All CUs,2017,1010.0,
CXUMISCLB0401M,MISC,All CUs,2018,993.0,
CXUMISCLB0401M,MISC,All CUs,2019,899.0,
CXUMISCLB0401M,MISC,All CUs,2020,907.0,
CXUMISCLB0401M,MISC,All CUs,2021,986.0,
CXUMISCLB0401M,MISC,All CUs,2022,1009.0,
CXUMISCLB0401M,MISC,All CUs,2023,1184.0,
CXUMISCLB0401M,MISC,All CUs,2024,1218.0,
CXUMISCLB0402M,MISC,Under 25,1984,240.0,
CXUMISCLB0402M,MISC,Under 25,1985,276.0,
CXUMISCLB0402M,MISC,Under 25,1986,252.0,
CXUMISCLB0402M,MISC,Under 25,1987,243.0,
CXUMISCLB0402M,MISC,Under 25,1988,217.0,
CXUMISCLB0402M,MISC,Under 25,1989,263.0,
CXUMISCLB0402M,MISC,Under 25,1990,399.0,
CXUMISCLB0402M,MISC,Under 25,1991,291.0,
CXUMISCLB0402M,MISC,Under 25,1992,408.0,
CXUMISCLB0402M,MISC,Under 25,1993,266.0,2
CXUMISCLB0402M,MISC,Under 25,1994,255.0,
CXUMISCLB0402M,MISC,Under 25,1995,347.0,
CXUMISCLB0402M,MISC,Under 25,1996,319.0,
CXUMISCLB0402M,MISC,Under 25,1997,275.0,
CXUMISCLB0402M,MISC,Under 25,1998,300.0,
CXUMISCLB0402M,MISC,Under 25,1999,353.0,
CXUMISCLB0402M,MISC,Under 25,2000,322.0,
CXUMISCLB0402M,MISC,Under 25,2001,319.0,
CXUMISCLB0402M,MISC,Under 25,2002,422.0,
CXUMISCLB0402M,MISC,Under 25,2003,251.0,
CXUMISCLB0402M,MISC,Under 25,2004,297.0,
CXUMISCLB0402M,MISC,Under 25,2005,263.0,
CXUMISCLB0402M,MISC,Under 25,2006,388.0,
CXUMISCLB0402M,MISC,Under 25,2007,368.0,
CXUMISCLB0402M,MISC,Under 25,2008,280.0,
CXUMISCLB0402M,MISC,Under 25,2009,243.0,
CXUMISCLB0402M,MISC,Under 25,2010,277.0,
CXUMISCLB0402M,MISC,Under 25,2011,285.0,
CXUMISCLB0402M,MISC,Under 25,2012,372.0,
CXUMISCLB0402M,MISC,Under 25,2013,207.0,
CXUMISCLB0402M,MISC,Under 25,2014,204.0,
CXUMISCLB0402M,MISC,Under 25,2015,198.0,
CXUMISCLB0402M,MISC,Under 25,2016,311.0,
CXUMISCLB0402M,MISC,Under 25,2017,358.0,6
CXUMISCLB0402M,MISC,Under 25,2018,308.0,
CXUMISCLB0402M,MISC,Under 25,2019,312.0,
CXUMISCLB0402M,MISC,Under 25,2020,317.0,
CXUMISCLB0402M,MISC,Under 25,2021,285.0,
CXUMISCLB0402M,MISC,Under 25,2022,407.0,6
CXUMISCLB0402M,MISC,Under 25,2023,481.0,
CXUMISCLB0402M,MISC,Under 25,2024,376.0,
CXUOTHBNFTSLB0403M,OTHBNFTS,25-34,1984,259.0,1
CXUOTHBNFTSLB0403M,OTHBNFTS,25-34,1985,163.0,1
CXUOTHBNFTSLB0403M,OTHBNFTS,25-34,1986,226.0,1
CXUOTHBNFTSLB0403M,OTHBNFTS,25-34,1987,203.0,1
CXUOTHBNFTSLB0403M,OTHBNFTS,25-34,1988,242.0,1
CXUOTHBNFTSLB0403M,OTHBNFTS,25-34,1989,184.0,1
CXUOTHBNFTSLB0403M,OTHBNFTS,25-34,1990,176.0,1
CXUOTHBNFTSLB0403M,OTHBNFTS,25-34,1991,237.0,1
CXUOTHBNFTSLB0403M,OTHBNFTS,25-34,1992,397.0,1
CXUOTHBNFTSLB0403M,OTHBNFTS,25-34,1993,303.0,1
CXUOTHBNFTSLB0403M,OTHBNFTS,25-34,1994,298.0,1
CXUOTHBNFTSLB0403M,OTHBNFTS,25-34,1995,265.0,1
CXUOTHBNFTSLB0403M,OTHBNFTS,25-34,1996,188.0,1
CXUOTHBNFTSLB0403M,OTHBNFTS,25-34,1997,160.0,1
CXUOTHBNFTSLB0403M,OTHBNFTS,25-34,1998,162.0,1
CXUOTHBNFTSLB0403M,OTHBNFTS,25-34,1999,182.0,1
CXUOTHBNFTSLB0403M,OTHBNFTS,25-34,2000,137.0,1
CXUOTHBNFTSLB0403M,OTHBNFTS,25-34,2001,150.0,1
CXUOTHBNFTSLB0403M,OTHBNFTS,25-34,2002,214.0,1
CXUOTHBNFTSLB0403M,OTHBNFTS,25-34,2003,296.0,1
CXUOTHBNFTSLB0403M,OTHBNFTS,25-34,2004,221.0,
CXUOTHBNFTSLB0403M,OTHBNFTS,25-34,2005,173.0,
CXUOTHBNFTSLB0403M,OTHBNFTS,25-34,2006,191.0,
CXUOTHBNFTSLB0403M,OTHBNFTS,25-34,2007,168.0,
CXUOTHBNFTSLB0403M,OTHBNFTS,25-34,2008,185.0,
CXUOTHBNFTSLB0403M,OTHBNFTS,25-34,2009,478.0,
CXUOTHBNFTSLB0403M,OTHBNFTS,25-34,2010,584.0,
CXUOTHBNFTSLB0403M,OTHBNFTS,25-34,2011,705.0,
CXUOTHBNFTSLB0403M,OTHBNFTS,25-34,2012,486.0,
CXUOTHBNFTSLB0404M,OTHBNFTS,35-44,1984,280.0,1
CXUOTHBNFTSLB0404M,OTHBNFTS,35-44,1985,194.0,1
CXUOTHBNFTSLB0404M,OTHBNFTS,35-44,1986,227.0,1
CXUOTHBNFTSLB0404M,OTHBNFTS,35-44,1987,275.0,1
CXUOTHBNFTSLB0404M,OTHBNFTS,35-44,1988,241.0,1
CXUOTHBNFTSLB0404M,OTHBNFTS,35-44,1989,224.0,1
CXUOTHBNFTSLB0404M,OTHBNFTS,35-44,1990,235.0,1
CXUOTHBNFTSLB0404M,OTHBNFTS,35-44,1991,324.0,1
CXUOTHBNFTSLB0404M,OTHBNFTS,35-44,1992,419.0,1
CXUOTHBNFTSLB0404M,OTHBNFTS,35-44,1993,437.0,1
CXUOTHBNFTSLB0404M,OTHBNFTS,35-44,1994,442.0,1
CXUOTHBNFTSLB0404M,OTHBNFTS,35-44,1995,352.0,1
CXUOTHBNFTSLB0404M,OTHBNFTS,35-44,1996,259.0,1
CXUOTHBNFTSLB0404M,OTHBNFTS,35-44,1997,245.0,1
CXUOTHBNFTSLB0404M,OTHBNFTS,35-44,1998,199.0,1
CXUOTHBNFTSLB0404M,OTHBNFTS,35-44,1999,210.0,1
CXUOTHBNFTSLB0404M,OTHBNFTS,35-44,2000,268.0,1
CXUOTHBNFTSLB0404M,OTHBNFTS,35-44,2001,246.0,1
CXUOTHBNFTSLB0404M,OTHBNFTS,35-44,2002,275.0,1
CXUOTHBNFTSLB0404M,OTHBNFTS,35-44,2003,350.0,1
CXUOTHBNFTSLB0404M,OTHBNFTS,35-44,2004,309.0,
CXUOTHBNFTSLB0404M,OTHBNFTS,35-44,2005,235.0,
CXUOTHBNFTSLB0404M,OTHBNFTS,35-44,2006,223.0,
CXUOTHBNFTSLB0404M,OTHBNFTS,35-44,2007,196.0,
CXUOTHBNFTSLB0404M,OTHBNFTS,35-44,2008,205.0,
CXUOTHBNFTSLB0404M,OTHBNFTS,35-44,2009,498.0,
CXUOTHBNFTSLB0404M,OTHBNFTS,35-44,2010,729.0,
CXUOTHBNFTSLB0404M,OTHBNFTS,35-44,2011,642.0,
CXUOTHBNFTSLB0404M,OTHBNFTS,35-44,2012,557.0,
CXUOTHBNFTSLB0405M,OTHBNFTS,45-54,1984,372.0,1
CXUOTHBNFTSLB0405M,OTHBNFTS,45-54,1985,211.0,1
CXUOTHBNFTSLB0405M,OTHBNFTS,45-54,1986,282.0,1
CXUOTHBNFTSLB0405M,OTHBNFTS,45-54,1987,371.0,1
CXUOTHBNFTSLB0405M,OTHBNFTS,45-54,1988,453.0,1
CXUOTHBNFTSLB0405M,OTHBNFTS,45-54,1989,288.0,1
CXUOTHBNFTSLB0405M,OTHBNFTS,45-54,1990,311.0,1
CXUOTHBNFTSLB0405M,OTHBNFTS,45-54,1991,348.0,1
CXUOTHBNFTSLB0405M,OTHBNFTS,45-54,1992,464.0,1
CXUOTHBNFTSLB0405M,OTHBNFTS,45-54,1993,342.0,1
CXUOTHBNFTSLB0405M,OTHBNFTS,45-54,1994,434.0,1
CXUOTHBNFTSLB0405M,OTHBNFTS,45-54,1995,378.0,1
CXUOTHBNFTSLB0405M,OTHBNFTS,45-54,1996,310.0,1
CXUOTHBNFTSLB0405M,OTHBNFTS,45-54,1997,278.0,1
CXUOTHBNFTSLB0405M,OTHBNFTS,45-54,1998,297.0,1
CXUOTHBNFTSLB0405M,OTHBNFTS,45-54,1999,290.0,1
CXUOTHBNFTSLB0405M,OTHBNFTS,45-54,2000,287.0,1
CXUOTHBNFTSLB0405M,OTHBNFTS,45-54,2001,166.0,1
CXUOTHBNFTSLB0405M,OTHBNFTS,45-54,2002,331.0,1
CXUOTHBNFTSLB0405M,OTHBNFTS,45-54,2003,357.0,1
CXUOTHBNFTSLB0405M,OTHBNFTS,45-54,2004,367.0,
CXUOTHBNFTSLB0405M,OTHBNFTS,45-54,2005,303.0,
CXUOTHBNFTSLB0405M,OTHBNFTS,45-54,2006,296.0,
CXUOTHBNFTSLB0405M,OTHBNFTS,45-54,2007,299.0,
CXUOTHBNFTSLB0405M,OTHBNFTS,45-54,2008,261.0,
CXUOTHBNFTSLB0405M,OTHBNFTS,45-54,2009,614.0,
CXUOTHBNFTSLB0405M,OTHBNFTS,45-54,2010,955.0,
CXUOTHBNFTSLB0405M,OTHBNFTS,45-54,2011,733.0,
CXUOTHBNFTSLB0405M,OTHBNFTS,45-54,2012,527.0,
CXUOTHBNFTSLB0406M,OTHBNFTS,55-64,1984,526.0,1
CXUOTHBNFTSLB0406M,OTHBNFTS,55-64,1985,306.0,1
CXUOTHBNFTSLB0406M,OTHBNFTS,55-64,1986,332.0,1
CXUOTHBNFTSLB0406M,OTHBNFTS,55-64,1987,199.0,1
CXUOTHBNFTSLB0406M,OTHBNFTS,55-64,1988,347.0,1
CXUOTHBNFTSLB0406M,OTHBNFTS,55-64,1989,240.0,1
CXUOTHBNFTSLB0406M,OTHBNFTS,55-64,1990,311.0,1
CXUOTHBNFTSLB0406M,OTHBNFTS,55-64,1991,344.0,1
CXUOTHBNFTSLB0406M,OTHBNFTS,55-64,1992,418.0,1
CXUOTHBNFTSLB0406M,OTHBNFTS,55-64,1993,428.0,1
CXUOTHBNFTSLB0406M,OTHBNFTS,55-64,1994,369.0,1
CXUOTHBNFTSLB0406M,OTHBNFTS,55-64,1995,285.0,1
CXUOTHBNFTSLB0406M,OTHBNFTS,55-64,1996,244.0,1
CXUOTHBNFTSLB0406M,OTHBNFTS,55-64,1997,353.0,1
CXUOTHBNFTSLB0406M,OTHBNFTS,55-64,1998,344.0,1
CXUOTHBNFTSLB0406M,OTHBNFTS,55-64,1999,169.0,1
CXUOTHBNFTSLB0406M,OTHBNFTS,55-64,2000,179.0,1
CXUOTHBNFTSLB0406M,OTHBNFTS,55-64,2001,309.0,1
CXUOTHBNFTSLB0406M,OTHBNFTS,55-64,2002,353.0,1
CXUOTHBNFTSLB0406M,OTHBNFTS,55-64,2003,319.0,1
CXUOTHBNFTSLB0406M,OTHBNFTS,55-64,2004,278.0,
CXUOTHBNFTSLB0406M,OTHBNFTS,55-64,2005,259.0,
CXUOTHBNFTSLB0406M,OTHBNFTS,55-64,2006,224.0,
CXUOTHBNFTSLB0406M,OTHBNFTS,55-64,2007,268.0,
CXUOTHBNFTSLB0406M,OTHBNFTS,55-64,2008,482.0,
CXUOTHBNFTSLB0406M,OTHBNFTS,55-64,2009,540.0,
CXUOTHBNFTSLB0406M,OTHBNFTS,55-64,2010,766.0,
CXUOTHBNFTSLB0406M,OTHBNFTS,55-64,2011,755.0,
CXUOTHBNFTSLB0406M,OTHBNFTS,55-64,2012,521.0,
CXUOTHBNFTSLB0407M,OTHBNFTS,65+,1988,105.0,1
CXUOTHBNFTSLB0407M,OTHBNFTS,65+,1989,189.0,1
CXUOTHBNFTSLB0407M,OTHBNFTS,65+,1990,146.0,1
CXUOTHBNFTSLB0407M,OTHBNFTS,65+,1991,95.0,1
CXUOTHBNFTSLB0407M,OTHBNFTS,65+,1992,162.0,1
CXUOTHBNFTSLB0407M,OTHBNFTS,65+,1993,175.0,1
CXUOTHBNFTSLB0407M,OTHBNFTS,65+,1994,150.0,1
CXUOTHBNFTSLB0407M,OTHBNFTS,65+,1995,173.0,1
CXUOTHBNFTSLB0407M,OTHBNFTS,65+,1996,134.0,1
CXUOTHBNFTSLB0407M,OTHBNFTS,65+,1997,115.0,1
CXUOTHBNFTSLB0407M,OTHBNFTS,65+,1998,82.0,1
CXUOTHBNFTSLB0407M,OTHBNFTS,65+,1999,70.0,1
CXUOTHBNFTSLB0407M,OTHBNFTS,65+,2000,124.0,1
CXUOTHBNFTSLB0407M,OTHBNFTS,65+,2001,70.0,1
CXUOTHBNFTSLB0407M,OTHBNFTS,65+,2002,84.0,1
CXUOTHBNFTSLB0407M,OTHBNFTS,65+,2003,109.0,1
CXUOTHBNFTSLB0407M,OTHBNFTS,65+,2004,72.0,
CXUOTHBNFTSLB0407M,OTHBNFTS,65+,2005,97.0,
CXUOTHBNFTSLB0407M,OTHBNFTS,65+,2006,139.0,
CXUOTHBNFTSLB0407M,OTHBNFTS,65+,2007,186.0,
CXUOTHBNFTSLB0407M,OTHBNFTS,65+,2008,78.0,
CXUOTHBNFTSLB0407M,OTHBNFTS,65+,2009,119.0,
CXUOTHBNFTSLB0407M,OTHBNFTS,65+,2010,282.0,
CXUOTHBNFTSLB0407M,OTHBNFTS,65+,2011,218.0,
CXUOTHBNFTSLB0407M,OTHBNFTS,65+,2012,199.0,
CXUOTHBNFTSLB0408M,OTHBNFTS,65-74,1984,164.0,1
CXUOTHBNFTSLB0408M,OTHBNFTS,65-74,1985,131.0,1
CXUOTHBNFTSLB0408M,OTHBNFTS,65-74,1986,113.0,1
CXUOTHBNFTSLB0408M,OTHBNFTS,65-74,1987,134.0,1
CXUOTHBNFTSLB0408M,OTHBNFTS,65-74,1988,136.0,1
CXUOTHBNFTSLB0408M,OTHBNFTS,65-74,1989,276.0,1
CXUOTHBNFTSLB0408M,OTHBNFTS,65-74,1990,165.0,1
CXUOTHBNFTSLB0408M,OTHBNFTS,65-74,1991,114.0,1
CXUOTHBNFTSLB0408M,OTHBNFTS,65-74,1992,225.0,1
CXUOTHBNFTSLB0408M,OTHBNFTS,65-74,1993,251.0,1
CXUOTHBNFTSLB0408M,OTHBNFTS,65-74,1994,218.0,1
CXUOTHBNFTSLB0408M,OTHBNFTS,65-74,1995,236.0,1
CXUOTHBNFTSLB0408M,OTHBNFTS,65-74,1996,194.0,1
CXUOTHBNFTSLB0408M,OTHBNFTS,65-74,1997,80.0,1
CXUOTHBNFTSLB0408M,OTHBNFTS,65-74,1998,100.0,1
CXUOTHBNFTSLB0408M,OTHBNFTS,65-74,1999,86.0,1
CXUOTHBNFTSLB0408M,OTHBNFTS,65-74,2000,159.0,1
CXUOTHBNFTSLB0408M,OTHBNFTS,65-74,2001,96.0,1
CXUOTHBNFTSLB0408M,OTHBNFTS,65-74,2002,115.0,1
CXUOTHBNFTSLB0408M,OTHBNFTS,65-74,2003,110.0,1
CXUOTHBNFTSLB0408M,OTHBNFTS,65-74,2004,103.0,
CXUOTHBNFTSLB0408M,OTHBNFTS,65-74,2005,151.0,
CXUOTHBNFTSLB0408M,OTHBNFTS,65-74,2006,93.0,
CXUOTHBNFTSLB0408M,OTHBNFTS,65-74,2007,96.0,
CXUOTHBNFTSLB0408M,OTHBNFTS,65-74,2008,104.0,
CXUOTHBNFTSLB0408M,OTHBNFTS,65-74,2009,180.0,
CXUOTHBNFTSLB0408M,OTHBNFTS,65-74,2010,431.0,
CXUOTHBNFTSLB0408M,OTHBNFTS,65-74,2011,290.0,
CXUOTHBNFTSLB0408M,OTHBNFTS,65-74,2012,274.0,
CXUOTHBNFTSLB0409M,OTHBNFTS,75+,1984,138.0,1
CXUOTHBNFTSLB0409M,OTHBNFTS,75+,1985,63.0,1
CXUOTHBNFTSLB0409M,OTHBNFTS,75+,1986,61.0,1
CXUOTHBNFTSLB0409M,OTHBNFTS,75+,1987,91.0,1
CXUOTHBNFTSLB0409M,OTHBNFTS,75+,1988,63.0,1
CXUOTHBNFTSLB0409M,OTHBNFTS,75+,1989,64.0,1
CXUOTHBNFTSLB0409M,OTHBNFTS,75+,1990,121.0,1
CXUOTHBNFTSLB0409M,OTHBNFTS,75+,1991,69.0,1
CXUOTHBNFTSLB0409M,OTHBNFTS,75+,1992,85.0,1
CXUOTHBNFTSLB0409M,OTHBNFTS,75+,1993,82.0,1
CXUOTHBNFTSLB0409M,OTHBNFTS,75+,1994,63.0,1
CXUOTHBNFTSLB0409M,OTHBNFTS,75+,1995,98.0,1
CXUOTHBNFTSLB0409M,OTHBNFTS,75+,1996,63.0,1
CXUOTHBNFTSLB0409M,OTHBNFTS,75+,1997,159.0,1
CXUOTHBNFTSLB0409M,OTHBNFTS,75+,1998,60.0,1
CXUOTHBNFTSLB0409M,OTHBNFTS,75+,1999,51.0,1
CXUOTHBNFTSLB0409M,OTHBNFTS,75+,2000,83.0,1
CXUOTHBNFTSLB0409M,OTHBNFTS,75+,2001,42.0,1
CXUOTHBNFTSLB0409M,OTHBNFTS,75+,2002,51.0,1
CXUOTHBNFTSLB0409M,OTHBNFTS,75+,2003,109.0,1
CXUOTHBNFTSLB0409M,OTHBNFTS,75+,2004,43.0,
CXUOTHBNFTSLB0409M,OTHBNFTS,75+,2005,43.0,
CXUOTHBNFTSLB0409M,OTHBNFTS,75+,2006,187.0,
CXUOTHBNFTSLB0409M,OTHBNFTS,75+,2007,281.0,
CXUOTHBNFTSLB0409M,OTHBNFTS,75+,2008,49.0,
CXUOTHBNFTSLB0409M,OTHBNFTS,75+,2009,51.0,
CXUOTHBNFTSLB0409M,OTHBNFTS,75+,2010,112.0,
CXUOTHBNFTSLB0409M,OTHBNFTS,75+,2011,131.0,6
CXUOTHBNFTSLB0409M,OTHBNFTS,75+,2012,107.0,6
CXUOTHBNFTSLB0401M,OTHBNFTS,All CUs,1984,282.0,1
CXUOTHBNFTSLB0401M,OTHBNFTS,All CUs,1985,180.0,1
CXUOTHBNFTSLB0401M,OTHBNFTS,All CUs,1986,208.0,1
CXUOTHBNFTSLB0401M,OTHBNFTS,All CUs,1987,209.0,1
CXUOTHBNFTSLB0401M,OTHBNFTS,All CUs,1988,241.0,1
CXUOTHBNFTSLB0401M,OTHBNFTS,All CUs,1989,207.0,1
CXUOTHBNFTSLB0401M,OTHBNFTS,All CUs,1990,218.0,1
CXUOTHBNFTSLB0401M,OTHBNFTS,All CUs,1991,245.0,1
CXUOTHBNFTSLB0401M,OTHBNFTS,All CUs,1992,341.0,1
CXUOTHBNFTSLB0401M,OTHBNFTS,All CUs,1993,309.0,1
CXUOTHBNFTSLB0401M,OTHBNFTS,All CUs,1994,316.0,1
CXUOTHBNFTSLB0401M,OTHBNFTS,All CUs,1995,279.0,1
CXUOTHBNFTSLB0401M,OTHBNFTS,All CUs,1996,213.0,1
CXUOTHBNFTSLB0401M,OTHBNFTS,All CUs,1997,206.0,1
CXUOTHBNFTSLB0401M,OTHBNFTS,All CUs,1998,193.0,1
CXUOTHBNFTSLB0401M,OTHBNFTS,All CUs,1999,177.0,1
CXUOTHBNFTSLB0401M,OTHBNFTS,All CUs,2000,192.0,1
CXUOTHBNFTSLB0401M,OTHBNFTS,All CUs,2001,171.0,1
CXUOTHBNFTSLB0401M,OTHBNFTS,All CUs,2002,233.0,1
CXUOTHBNFTSLB0401M,OTHBNFTS,All CUs,2003,269.0,1
CXUOTHBNFTSLB0401M,OTHBNFTS,All CUs,2004,237.0,
CXUOTHBNFTSLB0401M,OTHBNFTS,All CUs,2005,203.0,
CXUOTHBNFTSLB0401M,OTHBNFTS,All CUs,2006,207.0,
CXUOTHBNFTSLB0401M,OTHBNFTS,All CUs,2007,216.0,
CXUOTHBNFTSLB0401M,OTHBNFTS,All CUs,2008,225.0,
CXUOTHBNFTSLB0401M,OTHBNFTS,All CUs,2009,432.0,
CXUOTHBNFTSLB0401M,OTHBNFTS,All CUs,2010,634.0,
CXUOTHBNFTSLB0401M,OTHBNFTS,All CUs,2011,579.0,
CXUOTHBNFTSLB0401M,OTHBNFTS,All CUs,2012,428.0,
CXUOTHBNFTSLB0402M,OTHBNFTS,Under 25,1984,110.0,1
CXUOTHBNFTSLB0402M,OTHBNFTS,Under 25,1985,120.0,1
CXUOTHBNFTSLB0402M,OTHBNFTS,Under 25,1986,92.0,1
CXUOTHBNFTSLB0402M,OTHBNFTS,Under 25,1987,72.0,1
CXUOTHBNFTSLB0402M,OTHBNFTS,Under 25,1988,54.0,1
CXUOTHBNFTSLB0402M,OTHBNFTS,Under 25,1989,79.0,1
CXUOTHBNFTSLB0402M,OTHBNFTS,Under 25,1990,178.0,1
CXUOTHBNFTSLB0402M,OTHBNFTS,Under 25,1991,97.0,1
CXUOTHBNFTSLB0402M,OTHBNFTS,Under 25,1992,121.0,1
CXUOTHBNFTSLB0402M,OTHBNFTS,Under 25,1993,109.0,1
CXUOTHBNFTSLB0402M,OTHBNFTS,Under 25,1994,112.0,1
CXUOTHBNFTSLB0402M,OTHBNFTS,Under 25,1995,139.0,1
CXUOTHBNFTSLB0402M,OTHBNFTS,Under 25,1996,76.0,1
CXUOTHBNFTSLB0402M,OTHBNFTS,Under 25,1997,66.0,1
CXUOTHBNFTSLB0402M,OTHBNFTS,Under 25,1998,80.0,1
CXUOTHBNFTSLB0402M,OTHBNFTS,Under 25,1999,88.0,1
CXUOTHBNFTSLB0402M,OTHBNFTS,Under 25,2000,65.0,1
CXUOTHBNFTSLB0402M,OTHBNFTS,Under 25,2001,53.0,1
CXUOTHBNFTSLB0402M,OTHBNFTS,Under 25,2002,76.0,1
CXUOTHBNFTSLB0402M,OTHBNFTS,Under 25,2003,78.0,1
CXUOTHBNFTSLB0402M,OTHBNFTS,Under 25,2004,62.0,
CXUOTHBNFTSLB0402M,OTHBNFTS,Under 25,2005,65.0,
CXUOTHBNFTSLB0402M,OTHBNFTS,Under 25,2006,80.0,
CXUOTHBNFTSLB0402M,OTHBNFTS,Under 25,2007,101.0,
CXUOTHBNFTSLB0402M,OTHBNFTS,Under 25,2008,80.0,
CXUOTHBNFTSLB0402M,OTHBNFTS,Under 25,2009,230.0,
CXUOTHBNFTSLB0402M,OTHBNFTS,Under 25,2010,221.0,
CXUOTHBNFTSLB0402M,OTHBNFTS,Under 25,2011,289.0,
CXUOTHBNFTSLB0402M,OTHBNFTS,Under 25,2012,153.0,6
CXUOTHREGINLB0403M,OTHREGIN,25-34,2013,498.0,
CXUOTHREGINLB0403M,OTHREGIN,25-34,2014,379.0,
CXUOTHREGINLB0403M,OTHREGIN,25-34,2015,395.0,
CXUOTHREGINLB0403M,OTHREGIN,25-34,2016,327.0,
CXUOTHREGINLB0403M,OTHREGIN,25-34,2017,339.0,
CXUOTHREGINLB0403M,OTHREGIN,25-34,2018,379.0,
CXUOTHREGINLB0403M,OTHREGIN,25-34,2019,424.0,
CXUOTHREGINLB0403M,OTHREGIN,25-34,2020,1119.0,
CXUOTHREGINLB0403M,OTHREGIN,25-34,2021,1084.0,
CXUOTHREGINLB0403M,OTHREGIN,25-34,2022,331.0,
CXUOTHREGINLB0403M,OTHREGIN,25-34,2023,406.0,
CXUOTHREGINLB0403M,OTHREGIN,25-34,2024,539.0,
CXUOTHREGINLB0404M,OTHREGIN,35-44,2013,731.0,
CXUOTHREGINLB0404M,OTHREGIN,35-44,2014,458.0,
CXUOTHREGINLB0404M,OTHREGIN,35-44,2015,519.0,
CXUOTHREGINLB0404M,OTHREGIN,35-44,2016,568.0,
CXUOTHREGINLB0404M,OTHREGIN,35-44,2017,511.0,
CXUOTHREGINLB0404M,OTHREGIN,35-44,2018,434.0,
CXUOTHREGINLB0404M,OTHREGIN,35-44,2019,824.0,6
CXUOTHREGINLB0404M,OTHREGIN,35-44,2020,894.0,
CXUOTHREGINLB0404M,OTHREGIN,35-44,2021,1259.0,
CXUOTHREGINLB0404M,OTHREGIN,35-44,2022,792.0,
CXUOTHREGINLB0404M,OTHREGIN,35-44,2023,571.0,
CXUOTHREGINLB0404M,OTHREGIN,35-44,2024,822.0,
CXUOTHREGINLB0405M,OTHREGIN,45-54,2013,844.0,6
CXUOTHREGINLB0405M,OTHREGIN,45-54,2014,617.0,
CXUOTHREGINLB0405M,OTHREGIN,45-54,2015,464.0,
CXUOTHREGINLB0405M,OTHREGIN,45-54,2016,421.0,
CXUOTHREGINLB0405M,OTHREGIN,45-54,2017,446.0,
CXUOTHREGINLB0405M,OTHREGIN,45-54,2018,525.0,
CXUOTHREGINLB0405M,OTHREGIN,45-54,2019,625.0,
CXUOTHREGINLB0405M,OTHREGIN,45-54,2020,1016.0,
CXUOTHREGINLB0405M,OTHREGIN,45-54,2021,1180.0,
CXUOTHREGINLB0405M,OTHREGIN,45-54,2022,898.0,
CXUOTHREGINLB0405M,OTHREGIN,45-54,2023,464.0,6
CXUOTHREGINLB0405M,OTHREGIN,45-54,2024,723.0,6
CXUOTHREGINLB0406M,OTHREGIN,55-64,2013,618.0,
CXUOTHREGINLB0406M,OTHREGIN,55-64,2014,645.0,
CXUOTHREGINLB0406M,OTHREGIN,55-64,2015,511.0,
CXUOTHREGINLB0406M,OTHREGIN,55-64,2016,478.0,
CXUOTHREGINLB0406M,OTHREGIN,55-64,2017,454.0,
CXUOTHREGINLB0406M,OTHREGIN,55-64,2018,639.0,
CXUOTHREGINLB0406M,OTHREGIN,55-64,2019,681.0,
CXUOTHREGINLB0406M,OTHREGIN,55-64,2020,976.0,
CXUOTHREGINLB0406M,OTHREGIN,55-64,2021,1428.0,
CXUOTHREGINLB0406M,OTHREGIN,55-64,2022,823.0,
CXUOTHREGINLB0406M,OTHREGIN,55-64,2023,527.0,
CXUOTHREGINLB0406M,OTHREGIN,55-64,2024,607.0,
CXUOTHREGINLB0407M,OTHREGIN,65+,2013,400.0,
CXUOTHREGINLB0407M,OTHREGIN,65+,2014,613.0,
CXUOTHREGINLB0407M,OTHREGIN,65+,2015,327.0,
CXUOTHREGINLB0407M,OTHREGIN,65+,2016,469.0,
CXUOTHREGINLB0407M,OTHREGIN,65+,2017,544.0,
CXUOTHREGINLB0407M,OTHREGIN,65+,2018,471.0,
CXUOTHREGINLB0407M,OTHREGIN,65+,2019,442.0,
CXUOTHREGINLB0407M,OTHREGIN,65+,2020,700.0,
CXUOTHREGINLB0407M,OTHREGIN,65+,2021,810.0,
CXUOTHREGINLB0407M,OTHREGIN,65+,2022,618.0,
CXUOTHREGINLB0407M,OTHREGIN,65+,2023,578.0,
CXUOTHREGINLB0407M,OTHREGIN,65+,2024,588.0,
CXUOTHREGINLB0408M,OTHREGIN,65-74,2013,452.0,
CXUOTHREGINLB0408M,OTHREGIN,65-74,2014,474.0,
CXUOTHREGINLB0408M,OTHREGIN,65-74,2015,343.0,
CXUOTHREGINLB0408M,OTHREGIN,65-74,2016,540.0,
CXUOTHREGINLB0408M,OTHREGIN,65-74,2017,600.0,
CXUOTHREGINLB0408M,OTHREGIN,65-74,2018,502.0,
CXUOTHREGINLB0408M,OTHREGIN,65-74,2019,481.0,
CXUOTHREGINLB0408M,OTHREGIN,65-74,2020,770.0,
CXUOTHREGINLB0408M,OTHREGIN,65-74,2021,794.0,
CXUOTHREGINLB0408M,OTHREGIN,65-74,2022,548.0,
CXUOTHREGINLB0408M,OTHREGIN,65-74,2023,482.0,
CXUOTHREGINLB0408M,OTHREGIN,65-74,2024,524.0,
CXUOTHREGINLB0409M,OTHREGIN,75+,2013,329.0,6
CXUOTHREGINLB0409M,OTHREGIN,75+,2014,797.0,6
CXUOTHREGINLB0409M,OTHREGIN,75+,2015,304.0,
CXUOTHREGINLB0409M,OTHREGIN,75+,2016,369.0,
CXUOTHREGINLB0409M,OTHREGIN,75+,2017,464.0,6
CXUOTHREGINLB0409M,OTHREGIN,75+,2018,426.0,6
CXUOTHREGINLB0409M,OTHREGIN,75+,2019,389.0,6
CXUOTHREGINLB0409M,OTHREGIN,75+,2020,604.0,
CXUOTHREGINLB0409M,OTHREGIN,75+,2021,835.0,
CXUOTHREGINLB0409M,OTHREGIN,75+,2022,717.0,
CXUOTHREGINLB0409M,OTHREGIN,75+,2023,711.0,
CXUOTHREGINLB0409M,OTHREGIN,75+,2024,678.0,
CXUOTHREGINLB0401M,OTHREGIN,All CUs,2013,612.0,
CXUOTHREGINLB0401M,OTHREGIN,All CUs,2014,556.0,
CXUOTHREGINLB0401M,OTHREGIN,All CUs,2015,432.0,
CXUOTHREGINLB0401M,OTHREGIN,All CUs,2016,444.0,
CXUOTHREGINLB0401M,OTHREGIN,All CUs,2017,457.0,
CXUOTHREGINLB0401M,OTHREGIN,All CUs,2018,477.0,
CXUOTHREGINLB0401M,OTHREGIN,All CUs,2019,562.0,
CXUOTHREGINLB0401M,OTHREGIN,All CUs,2020,902.0,
CXUOTHREGINLB0401M,OTHREGIN,All CUs,2021,1101.0,
CXUOTHREGINLB0401M,OTHREGIN,All CUs,2022,668.0,
CXUOTHREGINLB0401M,OTHREGIN,All CUs,2023,505.0,
CXUOTHREGINLB0401M,OTHREGIN,All CUs,2024,635.0,
CXUOTHREGINLB0402M,OTHREGIN,Under 25,2013,605.0,
CXUOTHREGINLB0402M,OTHREGIN,Under 25,2014,635.0,
CXUOTHREGINLB0402M,OTHREGIN,Under 25,2015,355.0,
CXUOTHREGINLB0402M,OTHREGIN,Under 25,2016,272.0,6
CXUOTHREGINLB0402M,OTHREGIN,Under 25,2017,324.0,6
CXUOTHREGINLB0402M,OTHREGIN,Under 25,2018,232.0,6
CXUOTHREGINLB0402M,OTHREGIN,Under 25,2019,138.0,6
CXUOTHREGINLB0402M,OTHREGIN,Under 25,2020,565.0,
CXUOTHREGINLB0402M,OTHREGIN,Under 25,2021,699.0,
CXUOTHREGINLB0402M,OTHREGIN,Under 25,2022,201.0,6
CXUOTHREGINLB0402M,OTHREGIN,Under 25,2023,204.0,6
CXUOTHREGINLB0402M,OTHREGIN,Under 25,2024,334.0,6
CXUOTHRINCLB0403M,OTHRINC,25-34,1984,91.0,1
CXUOTHRINCLB0403M,OTHRINC,25-34,1985,85.0,1
CXUOTHRINCLB0403M,OTHRINC,25-34,1986,111.0,1
CXUOTHRINCLB0403M,OTHRINC,25-34,1987,103.0,1
CXUOTHRINCLB0403M,OTHRINC,25-34,1988,124.0,1
CXUOTHRINCLB0403M,OTHRINC,25-34,1989,113.0,1
CXUOTHRINCLB0403M,OTHRINC,25-34,1990,121.0,1
CXUOTHRINCLB0403M,OTHRINC,25-34,1991,169.0,1
CXUOTHRINCLB0403M,OTHRINC,25-34,1992,196.0,1
CXUOTHRINCLB0403M,OTHRINC,25-34,1993,170.0,1
CXUOTHRINCLB0403M,OTHRINC,25-34,1994,182.0,1
CXUOTHRINCLB0403M,OTHRINC,25-34,1995,134.0,1
CXUOTHRINCLB0403M,OTHRINC,25-34,1996,186.0,1
CXUOTHRINCLB0403M,OTHRINC,25-34,1997,271.0,1
CXUOTHRINCLB0403M,OTHRINC,25-34,1998,222.0,1
CXUOTHRINCLB0403M,OTHRINC,25-34,1999,195.0,1
CXUOTHRINCLB0403M,OTHRINC,25-34,2000,122.0,1
CXUOTHRINCLB0403M,OTHRINC,25-34,2001,206.0,1
CXUOTHRINCLB0403M,OTHRINC,25-34,2002,157.0,1
CXUOTHRINCLB0403M,OTHRINC,25-34,2003,168.0,1
CXUOTHRINCLB0403M,OTHRINC,25-34,2004,215.0,
CXUOTHRINCLB0403M,OTHRINC,25-34,2005,295.0,
CXUOTHRINCLB0403M,OTHRINC,25-34,2006,310.0,
CXUOTHRINCLB0403M,OTHRINC,25-34,2007,263.0,
CXUOTHRINCLB0403M,OTHRINC,25-34,2008,294.0,
CXUOTHRINCLB0403M,OTHRINC,25-34,2009,290.0,
CXUOTHRINCLB0403M,OTHRINC,25-34,2010,261.0,
CXUOTHRINCLB0403M,OTHRINC,25-34,2011,300.0,
CXUOTHRINCLB0403M,OTHRINC,25-34,2012,325.0,
CXUOTHRINCLB0403M,OTHRINC,25-34,2013,388.0,
CXUOTHRINCLB0403M,OTHRINC,25-34,2014,480.0,
CXUOTHRINCLB0403M,OTHRINC,25-34,2015,498.0,
CXUOTHRINCLB0403M,OTHRINC,25-34,2016,417.0,
CXUOTHRINCLB0403M,OTHRINC,25-34,2017,274.0,
CXUOTHRINCLB0403M,OTHRINC,25-34,2018,299.0,
CXUOTHRINCLB0403M,OTHRINC,25-34,2019,393.0,
CXUOTHRINCLB0403M,OTHRINC,25-34,2020,292.0,
CXUOTHRINCLB0403M,OTHRINC,25-34,2021,357.0,6
CXUOTHRINCLB0403M,OTHRINC,25-34,2022,458.0,
CXUOTHRINCLB0403M,OTHRINC,25-34,2023,475.0,
CXUOTHRINCLB0403M,OTHRINC,25-34,2024,335.0,
CXUOTHRINCLB0404M,OTHRINC,35-44,1984,108.0,1
CXUOTHRINCLB0404M,OTHRINC,35-44,1985,66.0,1
CXUOTHRINCLB0404M,OTHRINC,35-44,1986,85.0,1
CXUOTHRINCLB0404M,OTHRINC,35-44,1987,74.0,1
CXUOTHRINCLB0404M,OTHRINC,35-44,1988,73.0,1
CXUOTHRINCLB0404M,OTHRINC,35-44,1989,135.0,1
CXUOTHRINCLB0404M,OTHRINC,35-44,1990,89.0,1
CXUOTHRINCLB0404M,OTHRINC,35-44,1991,152.0,1
CXUOTHRINCLB0404M,OTHRINC,35-44,1992,117.0,1
CXUOTHRINCLB0404M,OTHRINC,35-44,1993,131.0,1
CXUOTHRINCLB0404M,OTHRINC,35-44,1994,129.0,1
CXUOTHRINCLB0404M,OTHRINC,35-44,1995,204.0,1
CXUOTHRINCLB0404M,OTHRINC,35-44,1996,153.0,1
CXUOTHRINCLB0404M,OTHRINC,35-44,1997,193.0,1
CXUOTHRINCLB0404M,OTHRINC,35-44,1998,286.0,1
CXUOTHRINCLB0404M,OTHRINC,35-44,1999,202.0,1
CXUOTHRINCLB0404M,OTHRINC,35-44,2000,107.0,1
CXUOTHRINCLB0404M,OTHRINC,35-44,2001,133.0,1
CXUOTHRINCLB0404M,OTHRINC,35-44,2002,148.0,1
CXUOTHRINCLB0404M,OTHRINC,35-44,2003,191.0,1
CXUOTHRINCLB0404M,OTHRINC,35-44,2004,146.0,
CXUOTHRINCLB0404M,OTHRINC,35-44,2005,114.0,
CXUOTHRINCLB0404M,OTHRINC,35-44,2006,142.0,
CXUOTHRINCLB0404M,OTHRINC,35-44,2007,198.0,
CXUOTHRINCLB0404M,OTHRINC,35-44,2008,179.0,
CXUOTHRINCLB0404M,OTHRINC,35-44,2009,240.0,
CXUOTHRINCLB0404M,OTHRINC,35-44,2010,150.0,
CXUOTHRINCLB0404M,OTHRINC,35-44,2011,215.0,
CXUOTHRINCLB0404M,OTHRINC,35-44,2012,193.0,
CXUOTHRINCLB0404M,OTHRINC,35-44,2013,202.0,
CXUOTHRINCLB0404M,OTHRINC,35-44,2014,200.0,
CXUOTHRINCLB0404M,OTHRINC,35-44,2015,251.0,
CXUOTHRINCLB0404M,OTHRINC,35-44,2016,195.0,
CXUOTHRINCLB0404M,OTHRINC,35-44,2017,247.0,
CXUOTHRINCLB0404M,OTHRINC,35-44,2018,280.0,
CXUOTHRINCLB0404M,OTHRINC,35-44,2019,269.0,
CXUOTHRINCLB0404M,OTHRINC,35-44,2020,187.0,
CXUOTHRINCLB0404M,OTHRINC,35-44,2021,203.0,
CXUOTHRINCLB0404M,OTHRINC,35-44,2022,179.0,
CXUOTHRINCLB0404M,OTHRINC,35-44,2023,251.0,
CXUOTHRINCLB0404M,OTHRINC,35-44,2024,212.0,
CXUOTHRINCLB0405M,OTHRINC,45-54,1984,68.0,1
CXUOTHRINCLB0405M,OTHRINC,45-54,1985,80.0,1
CXUOTHRINCLB0405M,OTHRINC,45-54,1986,96.0,1
CXUOTHRINCLB0405M,OTHRINC,45-54,1987,139.0,1
CXUOTHRINCLB0405M,OTHRINC,45-54,1988,76.0,1
CXUOTHRINCLB0405M,OTHRINC,45-54,1989,153.0,1
CXUOTHRINCLB0405M,OTHRINC,45-54,1990,63.0,1
CXUOTHRINCLB0405M,OTHRINC,45-54,1991,92.0,1
CXUOTHRINCLB0405M,OTHRINC,45-54,1992,139.0,1
CXUOTHRINCLB0405M,OTHRINC,45-54,1993,122.0,1
CXUOTHRINCLB0405M,OTHRINC,45-54,1994,156.0,1
CXUOTHRINCLB0405M,OTHRINC,45-54,1995,136.0,1
CXUOTHRINCLB0405M,OTHRINC,45-54,1996,140.0,1
CXUOTHRINCLB0405M,OTHRINC,45-54,1997,204.0,1
CXUOTHRINCLB0405M,OTHRINC,45-54,1998,199.0,1
CXUOTHRINCLB0405M,OTHRINC,45-54,1999,256.0,1
CXUOTHRINCLB0405M,OTHRINC,45-54,2000,200.0,1
CXUOTHRINCLB0405M,OTHRINC,45-54,2001,116.0,1
CXUOTHRINCLB0405M,OTHRINC,45-54,2002,105.0,1
CXUOTHRINCLB0405M,OTHRINC,45-54,2003,116.0,1
CXUOTHRINCLB0405M,OTHRINC,45-54,2004,182.0,
CXUOTHRINCLB0405M,OTHRINC,45-54,2005,217.0,
CXUOTHRINCLB0405M,OTHRINC,45-54,2006,318.0,
CXUOTHRINCLB0405M,OTHRINC,45-54,2007,175.0,
CXUOTHRINCLB0405M,OTHRINC,45-54,2008,160.0,
CXUOTHRINCLB0405M,OTHRINC,45-54,2009,291.0,
CXUOTHRINCLB0405M,OTHRINC,45-54,2010,169.0,
CXUOTHRINCLB0405M,OTHRINC,45-54,2011,214.0,
CXUOTHRINCLB0405M,OTHRINC,45-54,2012,172.0,
CXUOTHRINCLB0405M,OTHRINC,45-54,2013,179.0,
CXUOTHRINCLB0405M,OTHRINC,45-54,2014,256.0,
CXUOTHRINCLB0405M,OTHRINC,45-54,2015,236.0,
CXUOTHRINCLB0405M,OTHRINC,45-54,2016,328.0,
CXUOTHRINCLB0405M,OTHRINC,45-54,2017,398.0,6
CXUOTHRINCLB0405M,OTHRINC,45-54,2018,286.0,
CXUOTHRINCLB0405M,OTHRINC,45-54,2019,263.0,
CXUOTHRINCLB0405M,OTHRINC,45-54,2020,361.0,
CXUOTHRINCLB0405M,OTHRINC,45-54,2021,487.0,
CXUOTHRINCLB0405M,OTHRINC,45-54,2022,435.0,6
CXUOTHRINCLB0405M,OTHRINC,45-54,2023,239.0,
CXUOTHRINCLB0405M,OTHRINC,45-54,2024,314.0,
CXUOTHRINCLB0406M,OTHRINC,55-64,1984,94.0,1
CXUOTHRINCLB0406M,OTHRINC,55-64,1985,55.0,1
CXUOTHRINCLB0406M,OTHRINC,55-64,1986,59.0,1
CXUOTHRINCLB0406M,OTHRINC,55-64,1987,103.0,1
CXUOTHRINCLB0406M,OTHRINC,55-64,1988,69.0,1
CXUOTHRINCLB0406M,OTHRINC,55-64,1989,119.0,1
CXUOTHRINCLB0406M,OTHRINC,55-64,1990,75.0,1
CXUOTHRINCLB0406M,OTHRINC,55-64,1991,91.0,1
CXUOTHRINCLB0406M,OTHRINC,55-64,1992,91.0,1
CXUOTHRINCLB0406M,OTHRINC,55-64,1993,99.0,1
CXUOTHRINCLB0406M,OTHRINC,55-64,1994,89.0,1
CXUOTHRINCLB0406M,OTHRINC,55-64,1995,268.0,1
CXUOTHRINCLB0406M,OTHRINC,55-64,1996,110.0,1
CXUOTHRINCLB0406M,OTHRINC,55-64,1997,150.0,1
CXUOTHRINCLB0406M,OTHRINC,55-64,1998,151.0,1
CXUOTHRINCLB0406M,OTHRINC,55-64,1999,226.0,1
CXUOTHRINCLB0406M,OTHRINC,55-64,2000,81.0,1
CXUOTHRINCLB0406M,OTHRINC,55-64,2001,57.0,1
CXUOTHRINCLB0406M,OTHRINC,55-64,2002,83.0,1
CXUOTHRINCLB0406M,OTHRINC,55-64,2003,122.0,1
CXUOTHRINCLB0406M,OTHRINC,55-64,2004,164.0,
CXUOTHRINCLB0406M,OTHRINC,55-64,2005,109.0,
CXUOTHRINCLB0406M,OTHRINC,55-64,2006,113.0,
CXUOTHRINCLB0406M,OTHRINC,55-64,2007,122.0,
CXUOTHRINCLB0406M,OTHRINC,55-64,2008,140.0,
CXUOTHRINCLB0406M,OTHRINC,55-64,2009,157.0,
CXUOTHRINCLB0406M,OTHRINC,55-64,2010,157.0,
CXUOTHRINCLB0406M,OTHRINC,55-64,2011,131.0,
CXUOTHRINCLB0406M,OTHRINC,55-64,2012,209.0,6
CXUOTHRINCLB0406M,OTHRINC,55-64,2013,176.0,
CXUOTHRINCLB0406M,OTHRINC,55-64,2014,203.0,
CXUOTHRINCLB0406M,OTHRINC,55-64,2015,218.0,
CXUOTHRINCLB0406M,OTHRINC,55-64,2016,323.0,
CXUOTHRINCLB0406M,OTHRINC,55-64,2017,237.0,
CXUOTHRINCLB0406M,OTHRINC,55-64,2018,185.0,
CXUOTHRINCLB0406M,OTHRINC,55-64,2019,294.0,
CXUOTHRINCLB0406M,OTHRINC,55-64,2020,225.0,
CXUOTHRINCLB0406M,OTHRINC,55-64,2021,286.0,6
CXUOTHRINCLB0406M,OTHRINC,55-64,2022,235.0,6
CXUOTHRINCLB0406M,OTHRINC,55-64,2023,374.0,6
CXUOTHRINCLB0406M,OTHRINC,55-64,2024,262.0,
CXUOTHRINCLB0407M,OTHRINC,65+,1988,28.0,1
CXUOTHRINCLB0407M,OTHRINC,65+,1989,25.0,1
CXUOTHRINCLB0407M,OTHRINC,65+,1990,62.0,1
CXUOTHRINCLB0407M,OTHRINC,65+,1991,59.0,1
CXUOTHRINCLB0407M,OTHRINC,65+,1992,85.0,1
CXUOTHRINCLB0407M,OTHRINC,65+,1993,71.0,1
CXUOTHRINCLB0407M,OTHRINC,65+,1994,45.0,1
CXUOTHRINCLB0407M,OTHRINC,65+,1995,114.0,1
CXUOTHRINCLB0407M,OTHRINC,65+,1996,62.0,1
CXUOTHRINCLB0407M,OTHRINC,65+,1997,102.0,1
CXUOTHRINCLB0407M,OTHRINC,65+,1998,109.0,1
CXUOTHRINCLB0407M,OTHRINC,65+,1999,158.0,1
CXUOTHRINCLB0407M,OTHRINC,65+,2000,43.0,1
CXUOTHRINCLB0407M,OTHRINC,65+,2001,96.0,1
CXUOTHRINCLB0407M,OTHRINC,65+,2002,159.0,1
CXUOTHRINCLB0407M,OTHRINC,65+,2003,99.0,1
CXUOTHRINCLB0407M,OTHRINC,65+,2004,103.0,
CXUOTHRINCLB0407M,OTHRINC,65+,2005,94.0,
CXUOTHRINCLB0407M,OTHRINC,65+,2006,99.0,
CXUOTHRINCLB0407M,OTHRINC,65+,2007,100.0,
CXUOTHRINCLB0407M,OTHRINC,65+,2008,182.0,
CXUOTHRINCLB0407M,OTHRINC,65+,2009,218.0,
CXUOTHRINCLB0407M,OTHRINC,65+,2010,109.0,
CXUOTHRINCLB0407M,OTHRINC,65+,2011,118.0,
CXUOTHRINCLB0407M,OTHRINC,65+,2012,125.0,
CXUOTHRINCLB0407M,OTHRINC,65+,2013,148.0,
CXUOTHRINCLB0407M,OTHRINC,65+,2014,203.0,6
CXUOTHRINCLB0407M,OTHRINC,65+,2015,166.0,
CXUOTHRINCLB0407M,OTHRINC,65+,2016,181.0,
CXUOTHRINCLB0407M,OTHRINC,65+,2017,196.0,
CXUOTHRINCLB0407M,OTHRINC,65+,2018,223.0,
CXUOTHRINCLB0407M,OTHRINC,65+,2019,267.0,6
CXUOTHRINCLB0407M,OTHRINC,65+,2020,211.0,6
CXUOTHRINCLB0407M,OTHRINC,65+,2021,177.0,
CXUOTHRINCLB0407M,OTHRINC,65+,2022,203.0,
CXUOTHRINCLB0407M,OTHRINC,65+,2023,170.0,
CXUOTHRINCLB0407M,OTHRINC,65+,2024,128.0,
CXUOTHRINCLB0408M,OTHRINC,65-74,1984,25.0,1
CXUOTHRINCLB0408M,OTHRINC,65-74,1985,75.0,1
CXUOTHRINCLB0408M,OTHRINC,65-74,1986,26.0,1
CXUOTHRINCLB0408M,OTHRINC,65-74,1987,64.0,1
CXUOTHRINCLB0408M,OTHRINC,65-74,1988,30.0,1
CXUOTHRINCLB0408M,OTHRINC,65-74,1989,30.0,1
CXUOTHRINCLB0408M,OTHRINC,65-74,1990,66.0,1
CXUOTHRINCLB0408M,OTHRINC,65-74,1991,77.0,1
CXUOTHRINCLB0408M,OTHRINC,65-74,1992,94.0,1
CXUOTHRINCLB0408M,OTHRINC,65-74,1993,90.0,1
CXUOTHRINCLB0408M,OTHRINC,65-74,1994,53.0,1
CXUOTHRINCLB0408M,OTHRINC,65-74,1995,183.0,1
CXUOTHRINCLB0408M,OTHRINC,65-74,1996,81.0,1
CXUOTHRINCLB0408M,OTHRINC,65-74,1997,167.0,1
CXUOTHRINCLB0408M,OTHRINC,65-74,1998,169.0,1
CXUOTHRINCLB0408M,OTHRINC,65-74,1999,259.0,1
CXUOTHRINCLB0408M,OTHRINC,65-74,2000,46.0,1
CXUOTHRINCLB0408M,OTHRINC,65-74,2001,120.0,1
CXUOTHRINCLB0408M,OTHRINC,65-74,2002,235.0,1
CXUOTHRINCLB0408M,OTHRINC,65-74,2003,109.0,1
CXUOTHRINCLB0408M,OTHRINC,65-74,2004,108.0,
CXUOTHRINCLB0408M,OTHRINC,65-74,2005,77.0,
CXUOTHRINCLB0408M,OTHRINC,65-74,2006,118.0,
CXUOTHRINCLB0408M,OTHRINC,65-74,2007,137.0,
CXUOTHRINCLB0408M,OTHRINC,65-74,2008,202.0,
CXUOTHRINCLB0408M,OTHRINC,65-74,2009,313.0,
CXUOTHRINCLB0408M,OTHRINC,65-74,2010,130.0,
CXUOTHRINCLB0408M,OTHRINC,65-74,2011,138.0,
CXUOTHRINCLB0408M,OTHRINC,65-74,2012,108.0,
CXUOTHRINCLB0408M,OTHRINC,65-74,2013,166.0,6
CXUOTHRINCLB0408M,OTHRINC,65-74,2014,221.0,6
CXUOTHRINCLB0408M,OTHRINC,65-74,2015,154.0,
CXUOTHRINCLB0408M,OTHRINC,65-74,2016,205.0,
CXUOTHRINCLB0408M,OTHRINC,65-74,2017,255.0,
CXUOTHRINCLB0408M,OTHRINC,65-74,2018,278.0,6
CXUOTHRINCLB0408M,OTHRINC,65-74,2019,381.0,6
CXUOTHRINCLB0408M,OTHRINC,65-74,2020,163.0,6
CXUOTHRINCLB0408M,OTHRINC,65-74,2021,152.0,
CXUOTHRINCLB0408M,OTHRINC,65-74,2022,241.0,
CXUOTHRINCLB0408M,OTHRINC,65-74,2023,155.0,
CXUOTHRINCLB0408M,OTHRINC,65-74,2024,133.0,
CXUOTHRINCLB0409M,OTHRINC,75+,1984,11.0,1
CXUOTHRINCLB0409M,OTHRINC,75+,1985,7.0,1
CXUOTHRINCLB0409M,OTHRINC,75+,1986,36.0,1
CXUOTHRINCLB0409M,OTHRINC,75+,1987,48.0,1
CXUOTHRINCLB0409M,OTHRINC,75+,1988,25.0,1
CXUOTHRINCLB0409M,OTHRINC,75+,1989,17.0,1
CXUOTHRINCLB0409M,OTHRINC,75+,1990,56.0,1
CXUOTHRINCLB0409M,OTHRINC,75+,1991,34.0,1
CXUOTHRINCLB0409M,OTHRINC,75+,1992,72.0,1
CXUOTHRINCLB0409M,OTHRINC,75+,1993,48.0,1
CXUOTHRINCLB0409M,OTHRINC,75+,1994,33.0,1
CXUOTHRINCLB0409M,OTHRINC,75+,1995,30.0,1
CXUOTHRINCLB0409M,OTHRINC,75+,1996,39.0,1
CXUOTHRINCLB0409M,OTHRINC,75+,1997,19.0,1
CXUOTHRINCLB0409M,OTHRINC,75+,1998,35.0,1
CXUOTHRINCLB0409M,OTHRINC,75+,1999,43.0,1
CXUOTHRINCLB0409M,OTHRINC,75+,2000,40.0,1
CXUOTHRINCLB0409M,OTHRINC,75+,2001,69.0,1
CXUOTHRINCLB0409M,OTHRINC,75+,2002,78.0,1
CXUOTHRINCLB0409M,OTHRINC,75+,2003,90.0,1
CXUOTHRINCLB0409M,OTHRINC,75+,2004,99.0,
CXUOTHRINCLB0409M,OTHRINC,75+,2005,111.0,
CXUOTHRINCLB0409M,OTHRINC,75+,2006,80.0,
CXUOTHRINCLB0409M,OTHRINC,75+,2007,61.0,
CXUOTHRINCLB0409M,OTHRINC,75+,2008,160.0,
CXUOTHRINCLB0409M,OTHRINC,75+,2009,114.0,
CXUOTHRINCLB0409M,OTHRINC,75+,2010,86.0,
CXUOTHRINCLB0409M,OTHRINC,75+,2011,94.0,
CXUOTHRINCLB0409M,OTHRINC,75+,2012,147.0,
CXUOTHRINCLB0409M,OTHRINC,75+,2013,124.0,
CXUOTHRINCLB0409M,OTHRINC,75+,2014,179.0,6
CXUOTHRINCLB0409M,OTHRINC,75+,2015,181.0,6
CXUOTHRINCLB0409M,OTHRINC,75+,2016,146.0,6
CXUOTHRINCLB0409M,OTHRINC,75+,2017,114.0,
CXUOTHRINCLB0409M,OTHRINC,75+,2018,145.0,6
CXUOTHRINCLB0409M,OTHRINC,75+,2019,115.0,6
CXUOTHRINCLB0409M,OTHRINC,75+,2020,277.0,6
CXUOTHRINCLB0409M,OTHRINC,75+,2021,213.0,6
CXUOTHRINCLB0409M,OTHRINC,75+,2022,149.0,6
CXUOTHRINCLB0409M,OTHRINC,75+,2023,190.0,
CXUOTHRINCLB0409M,OTHRINC,75+,2024,121.0,6
CXUOTHRINCLB0401M,OTHRINC,All CUs,1984,81.0,1
CXUOTHRINCLB0401M,OTHRINC,All CUs,1985,75.0,1
CXUOTHRINCLB0401M,OTHRINC,All CUs,1986,86.0,1
CXUOTHRINCLB0401M,OTHRINC,All CUs,1987,102.0,1
CXUOTHRINCLB0401M,OTHRINC,All CUs,1988,85.0,1
CXUOTHRINCLB0401M,OTHRINC,All CUs,1989,115.0,1
CXUOTHRINCLB0401M,OTHRINC,All CUs,1990,93.0,1
CXUOTHRINCLB0401M,OTHRINC,All CUs,1991,130.0,1
CXUOTHRINCLB0401M,OTHRINC,All CUs,1992,136.0,1
CXUOTHRINCLB0401M,OTHRINC,All CUs,1993,133.0,1
CXUOTHRINCLB0401M,OTHRINC,All CUs,1994,142.0,1
CXUOTHRINCLB0401M,OTHRINC,All CUs,1995,180.0,1
CXUOTHRINCLB0401M,OTHRINC,All CUs,1996,148.0,1
CXUOTHRINCLB0401M,OTHRINC,All CUs,1997,217.0,1
CXUOTHRINCLB0401M,OTHRINC,All CUs,1998,221.0,1
CXUOTHRINCLB0401M,OTHRINC,All CUs,1999,230.0,1
CXUOTHRINCLB0401M,OTHRINC,All CUs,2000,133.0,1
CXUOTHRINCLB0401M,OTHRINC,All CUs,2001,158.0,1
CXUOTHRINCLB0401M,OTHRINC,All CUs,2002,173.0,1
CXUOTHRINCLB0401M,OTHRINC,All CUs,2003,165.0,1
CXUOTHRINCLB0401M,OTHRINC,All CUs,2004,187.0,
CXUOTHRINCLB0401M,OTHRINC,All CUs,2005,194.0,
CXUOTHRINCLB0401M,OTHRINC,All CUs,2006,225.0,
CXUOTHRINCLB0401M,OTHRINC,All CUs,2007,189.0,
CXUOTHRINCLB0401M,OTHRINC,All CUs,2008,208.0,
CXUOTHRINCLB0401M,OTHRINC,All CUs,2009,266.0,
CXUOTHRINCLB0401M,OTHRINC,All CUs,2010,192.0,
CXUOTHRINCLB0401M,OTHRINC,All CUs,2011,218.0,
CXUOTHRINCLB0401M,OTHRINC,All CUs,2012,229.0,
CXUOTHRINCLB0401M,OTHRINC,All CUs,2013,272.0,
CXUOTHRINCLB0401M,OTHRINC,All CUs,2014,323.0,
CXUOTHRINCLB0401M,OTHRINC,All CUs,2015,320.0,
CXUOTHRINCLB0401M,OTHRINC,All CUs,2016,360.0,
CXUOTHRINCLB0401M,OTHRINC,All CUs,2017,351.0,
CXUOTHRINCLB0401M,OTHRINC,All CUs,2018,314.0,
CXUOTHRINCLB0401M,OTHRINC,All CUs,2019,345.0,
CXUOTHRINCLB0401M,OTHRINC,All CUs,2020,278.0,
CXUOTHRINCLB0401M,OTHRINC,All CUs,2021,336.0,
CXUOTHRINCLB0401M,OTHRINC,All CUs,2022,346.0,
CXUOTHRINCLB0401M,OTHRINC,All CUs,2023,330.0,
CXUOTHRINCLB0401M,OTHRINC,All CUs,2024,291.0,
CXUOTHRINCLB0402M,OTHRINC,Under 25,1984,130.0,1
CXUOTHRINCLB0402M,OTHRINC,Under 25,1985,155.0,1
CXUOTHRINCLB0402M,OTHRINC,Under 25,1986,165.0,1
CXUOTHRINCLB0402M,OTHRINC,Under 25,1987,214.0,1
CXUOTHRINCLB0402M,OTHRINC,Under 25,1988,196.0,1
CXUOTHRINCLB0402M,OTHRINC,Under 25,1989,229.0,1
CXUOTHRINCLB0402M,OTHRINC,Under 25,1990,191.0,1
CXUOTHRINCLB0402M,OTHRINC,Under 25,1991,288.0,1
CXUOTHRINCLB0402M,OTHRINC,Under 25,1992,232.0,1
CXUOTHRINCLB0402M,OTHRINC,Under 25,1993,287.0,1
CXUOTHRINCLB0402M,OTHRINC,Under 25,1994,417.0,1
CXUOTHRINCLB0402M,OTHRINC,Under 25,1995,409.0,1
CXUOTHRINCLB0402M,OTHRINC,Under 25,1996,362.0,1
CXUOTHRINCLB0402M,OTHRINC,Under 25,1997,651.0,1
CXUOTHRINCLB0402M,OTHRINC,Under 25,1998,497.0,1
CXUOTHRINCLB0402M,OTHRINC,Under 25,1999,542.0,1
CXUOTHRINCLB0402M,OTHRINC,Under 25,2000,393.0,1
CXUOTHRINCLB0402M,OTHRINC,Under 25,2001,544.0,1
CXUOTHRINCLB0402M,OTHRINC,Under 25,2002,636.0,1
CXUOTHRINCLB0402M,OTHRINC,Under 25,2003,474.0,1
CXUOTHRINCLB0402M,OTHRINC,Under 25,2004,508.0,
CXUOTHRINCLB0402M,OTHRINC,Under 25,2005,572.0,
CXUOTHRINCLB0402M,OTHRINC,Under 25,2006,587.0,
CXUOTHRINCLB0402M,OTHRINC,Under 25,2007,429.0,
CXUOTHRINCLB0402M,OTHRINC,Under 25,2008,463.0,
CXUOTHRINCLB0402M,OTHRINC,Under 25,2009,631.0,
CXUOTHRINCLB0402M,OTHRINC,Under 25,2010,559.0,
CXUOTHRINCLB0402M,OTHRINC,Under 25,2011,596.0,
CXUOTHRINCLB0402M,OTHRINC,Under 25,2012,655.0,
CXUOTHRINCLB0402M,OTHRINC,Under 25,2013,1124.0,
CXUOTHRINCLB0402M,OTHRINC,Under 25,2014,1200.0,
CXUOTHRINCLB0402M,OTHRINC,Under 25,2015,1225.0,
CXUOTHRINCLB0402M,OTHRINC,Under 25,2016,1681.0,
CXUOTHRINCLB0402M,OTHRINC,Under 25,2017,1725.0,
CXUOTHRINCLB0402M,OTHRINC,Under 25,2018,1351.0,
CXUOTHRINCLB0402M,OTHRINC,Under 25,2019,1216.0,6
CXUOTHRINCLB0402M,OTHRINC,Under 25,2020,995.0,
CXUOTHRINCLB0402M,OTHRINC,Under 25,2021,1284.0,6
CXUOTHRINCLB0402M,OTHRINC,Under 25,2022,1534.0,6
CXUOTHRINCLB0402M,OTHRINC,Under 25,2023,1296.0,6
CXUOTHRINCLB0402M,OTHRINC,Under 25,2024,1404.0,6
CXUOWNDWELLLB0403M,OWNDWELL,25-34,1984,2249.0,
CXUOWNDWELLLB0403M,OWNDWELL,25-34,1985,2362.0,
CXUOWNDWELLLB0403M,OWNDWELL,25-34,1986,2381.0,
CXUOWNDWELLLB0403M,OWNDWELL,25-34,1987,2450.0,
CXUOWNDWELLLB0403M,OWNDWELL,25-34,1988,2384.0,
CXUOWNDWELLLB0403M,OWNDWELL,25-34,1989,2587.0,
CXUOWNDWELLLB0403M,OWNDWELL,25-34,1990,2904.0,
CXUOWNDWELLLB0403M,OWNDWELL,25-34,1991,3267.0,
CXUOWNDWELLLB0403M,OWNDWELL,25-34,1992,3146.0,
CXUOWNDWELLLB0403M,OWNDWELL,25-34,1993,2719.0,
CXUOWNDWELLLB0403M,OWNDWELL,25-34,1994,2709.0,
CXUOWNDWELLLB0403M,OWNDWELL,25-34,1995,3096.0,
CXUOWNDWELLLB0403M,OWNDWELL,25-34,1996,3296.0,
CXUOWNDWELLLB0403M,OWNDWELL,25-34,1997,3435.0,
CXUOWNDWELLLB0403M,OWNDWELL,25-34,1998,3519.0,
CXUOWNDWELLLB0403M,OWNDWELL,25-34,1999,3935.0,
CXUOWNDWELLLB0403M,OWNDWELL,25-34,2000,4142.0,
CXUOWNDWELLLB0403M,OWNDWELL,25-34,2001,4641.0,
CXUOWNDWELLLB0403M,OWNDWELL,25-34,2002,4701.0,
CXUOWNDWELLLB0403M,OWNDWELL,25-34,2003,4837.0,
CXUOWNDWELLLB0403M,OWNDWELL,25-34,2004,4700.0,
CXUOWNDWELLLB0403M,OWNDWELL,25-34,2005,5206.0,
CXUOWNDWELLLB0403M,OWNDWELL,25-34,2006,6132.0,
CXUOWNDWELLLB0403M,OWNDWELL,25-34,2007,5985.0,
CXUOWNDWELLLB0403M,OWNDWELL,25-34,2008,5873.0,
CXUOWNDWELLLB0403M,OWNDWELL,25-34,2009,5581.0,
CXUOWNDWELLLB0403M,OWNDWELL,25-34,2010,5126.0,
CXUOWNDWELLLB0403M,OWNDWELL,25-34,2011,4826.0,
CXUOWNDWELLLB0403M,OWNDWELL,25-34,2012,4552.0,
CXUOWNDWELLLB0403M,OWNDWELL,25-34,2013,4560.0,
CXUOWNDWELLLB0403M,OWNDWELL,25-34,2014,4210.0,
CXUOWNDWELLLB0403M,OWNDWELL,25-34,2015,4378.0,
CXUOWNDWELLLB0403M,OWNDWELL,25-34,2016,4276.0,
CXUOWNDWELLLB0403M,OWNDWELL,25-34,2017,5128.0,
CXUOWNDWELLLB0403M,OWNDWELL,25-34,2018,4360.0,
CXUOWNDWELLLB0403M,OWNDWELL,25-34,2019,4575.0,
CXUOWNDWELLLB0403M,OWNDWELL,25-34,2020,5461.0,
CXUOWNDWELLLB0403M,OWNDWELL,25-34,2021,5639.0,
CXUOWNDWELLLB0403M,OWNDWELL,25-34,2022,5793.0,
CXUOWNDWELLLB0403M,OWNDWELL,25-34,2023,6456.0,
CXUOWNDWELLLB0403M,OWNDWELL,25-34,2024,6983.0,
CXUOWNDWELLLB0404M,OWNDWELL,35-44,1984,3172.0,
CXUOWNDWELLLB0404M,OWNDWELL,35-44,1985,3420.0,
CXUOWNDWELLLB0404M,OWNDWELL,35-44,1986,3575.0,
CXUOWNDWELLLB0404M,OWNDWELL,35-44,1987,3625.0,
CXUOWNDWELLLB0404M,OWNDWELL,35-44,1988,3946.0,
CXUOWNDWELLLB0404M,OWNDWELL,35-44,1989,4374.0,
CXUOWNDWELLLB0404M,OWNDWELL,35-44,1990,4324.0,
CXUOWNDWELLLB0404M,OWNDWELL,35-44,1991,4549.0,
CXUOWNDWELLLB0404M,OWNDWELL,35-44,1992,4926.0,
CXUOWNDWELLLB0404M,OWNDWELL,35-44,1993,4804.0,
CXUOWNDWELLLB0404M,OWNDWELL,35-44,1994,4963.0,
CXUOWNDWELLLB0404M,OWNDWELL,35-44,1995,5060.0,
CXUOWNDWELLLB0404M,OWNDWELL,35-44,1996,5075.0,
CXUOWNDWELLLB0404M,OWNDWELL,35-44,1997,5244.0,
CXUOWNDWELLLB0404M,OWNDWELL,35-44,1998,5955.0,
CXUOWNDWELLLB0404M,OWNDWELL,35-44,1999,6110.0,
CXUOWNDWELLLB0404M,OWNDWELL,35-44,2000,6433.0,
CXUOWNDWELLLB0404M,OWNDWELL,35-44,2001,6784.0,
CXUOWNDWELLLB0404M,OWNDWELL,35-44,2002,7105.0,
CXUOWNDWELLLB0404M,OWNDWELL,35-44,2003,6940.0,
CXUOWNDWELLLB0404M,OWNDWELL,35-44,2004,7025.0,
CXUOWNDWELLLB0404M,OWNDWELL,35-44,2005,7936.0,
CXUOWNDWELLLB0404M,OWNDWELL,35-44,2006,8965.0,
CXUOWNDWELLLB0404M,OWNDWELL,35-44,2007,9232.0,
CXUOWNDWELLLB0404M,OWNDWELL,35-44,2008,9056.0,
CXUOWNDWELLLB0404M,OWNDWELL,35-44,2009,8832.0,
CXUOWNDWELLLB0404M,OWNDWELL,35-44,2010,8149.0,
CXUOWNDWELLLB0404M,OWNDWELL,35-44,2011,7844.0,
CXUOWNDWELLLB0404M,OWNDWELL,35-44,2012,7676.0,
CXUOWNDWELLLB0404M,OWNDWELL,35-44,2013,7981.0,
CXUOWNDWELLLB0404M,OWNDWELL,35-44,2014,7667.0,
CXUOWNDWELLLB0404M,OWNDWELL,35-44,2015,7765.0,
CXUOWNDWELLLB0404M,OWNDWELL,35-44,2016,7976.0,
CXUOWNDWELLLB0404M,OWNDWELL,35-44,2017,7938.0,
CXUOWNDWELLLB0404M,OWNDWELL,35-44,2018,7912.0,
CXUOWNDWELLLB0404M,OWNDWELL,35-44,2019,8083.0,
CXUOWNDWELLLB0404M,OWNDWELL,35-44,2020,9034.0,
CXUOWNDWELLLB0404M,OWNDWELL,35-44,2021,8744.0,
CXUOWNDWELLLB0404M,OWNDWELL,35-44,2022,10134.0,
CXUOWNDWELLLB0404M,OWNDWELL,35-44,2023,10601.0,
CXUOWNDWELLLB0404M,OWNDWELL,35-44,2024,10552.0,
CXUOWNDWELLLB0405M,OWNDWELL,45-54,1984,2693.0,
CXUOWNDWELLLB0405M,OWNDWELL,45-54,1985,3141.0,
CXUOWNDWELLLB0405M,OWNDWELL,45-54,1986,3242.0,
CXUOWNDWELLLB0405M,OWNDWELL,45-54,1987,3124.0,
CXUOWNDWELLLB0405M,OWNDWELL,45-54,1988,3345.0,
CXUOWNDWELLLB0405M,OWNDWELL,45-54,1989,3939.0,
CXUOWNDWELLLB0405M,OWNDWELL,45-54,1990,3954.0,
CXUOWNDWELLLB0405M,OWNDWELL,45-54,1991,4567.0,
CXUOWNDWELLLB0405M,OWNDWELL,45-54,1992,4406.0,
CXUOWNDWELLLB0405M,OWNDWELL,45-54,1993,4803.0,
CXUOWNDWELLLB0405M,OWNDWELL,45-54,1994,5069.0,
CXUOWNDWELLLB0405M,OWNDWELL,45-54,1995,5572.0,
CXUOWNDWELLLB0405M,OWNDWELL,45-54,1996,5213.0,
CXUOWNDWELLLB0405M,OWNDWELL,45-54,1997,5586.0,
CXUOWNDWELLLB0405M,OWNDWELL,45-54,1998,5874.0,
CXUOWNDWELLLB0405M,OWNDWELL,45-54,1999,6203.0,
CXUOWNDWELLLB0405M,OWNDWELL,45-54,2000,5964.0,
CXUOWNDWELLLB0405M,OWNDWELL,45-54,2001,6498.0,
CXUOWNDWELLLB0405M,OWNDWELL,45-54,2002,6787.0,
CXUOWNDWELLLB0405M,OWNDWELL,45-54,2003,6893.0,
CXUOWNDWELLLB0405M,OWNDWELL,45-54,2004,6968.0,
CXUOWNDWELLLB0405M,OWNDWELL,45-54,2005,7686.0,
CXUOWNDWELLLB0405M,OWNDWELL,45-54,2006,8024.0,
CXUOWNDWELLLB0405M,OWNDWELL,45-54,2007,8626.0,
CXUOWNDWELLLB0405M,OWNDWELL,45-54,2008,8606.0,
CXUOWNDWELLLB0405M,OWNDWELL,45-54,2009,8093.0,
CXUOWNDWELLLB0405M,OWNDWELL,45-54,2010,8163.0,
CXUOWNDWELLLB0405M,OWNDWELL,45-54,2011,7774.0,
CXUOWNDWELLLB0405M,OWNDWELL,45-54,2012,7625.0,
CXUOWNDWELLLB0405M,OWNDWELL,45-54,2013,7378.0,
CXUOWNDWELLLB0405M,OWNDWELL,45-54,2014,8293.0,
CXUOWNDWELLLB0405M,OWNDWELL,45-54,2015,8278.0,
CXUOWNDWELLLB0405M,OWNDWELL,45-54,2016,8307.0,
CXUOWNDWELLLB0405M,OWNDWELL,45-54,2017,9476.0,
CXUOWNDWELLLB0405M,OWNDWELL,45-54,2018,8778.0,
CXUOWNDWELLLB0405M,OWNDWELL,45-54,2019,9113.0,
CXUOWNDWELLLB0405M,OWNDWELL,45-54,2020,9583.0,
CXUOWNDWELLLB0405M,OWNDWELL,45-54,2021,9793.0,
CXUOWNDWELLLB0405M,OWNDWELL,45-54,2022,10537.0,
CXUOWNDWELLLB0405M,OWNDWELL,45-54,2023,10704.0,
CXUOWNDWELLLB0405M,OWNDWELL,45-54,2024,12500.0,
CXUOWNDWELLLB0406M,OWNDWELL,55-64,1984,2045.0,
CXUOWNDWELLLB0406M,OWNDWELL,55-64,1985,1969.0,
CXUOWNDWELLLB0406M,OWNDWELL,55-64,1986,2292.0,
CXUOWNDWELLLB0406M,OWNDWELL,55-64,1987,2321.0,
CXUOWNDWELLLB0406M,OWNDWELL,55-64,1988,2630.0,
CXUOWNDWELLLB0406M,OWNDWELL,55-64,1989,2919.0,
CXUOWNDWELLLB0406M,OWNDWELL,55-64,1990,2872.0,
CXUOWNDWELLLB0406M,OWNDWELL,55-64,1991,3433.0,
CXUOWNDWELLLB0406M,OWNDWELL,55-64,1992,3514.0,
CXUOWNDWELLLB0406M,OWNDWELL,55-64,1993,3583.0,
CXUOWNDWELLLB0406M,OWNDWELL,55-64,1994,3691.0,
CXUOWNDWELLLB0406M,OWNDWELL,55-64,1995,3799.0,
CXUOWNDWELLLB0406M,OWNDWELL,55-64,1996,3986.0,
CXUOWNDWELLLB0406M,OWNDWELL,55-64,1997,4059.0,
CXUOWNDWELLLB0406M,OWNDWELL,55-64,1998,4494.0,
CXUOWNDWELLLB0406M,OWNDWELL,55-64,1999,4812.0,
CXUOWNDWELLLB0406M,OWNDWELL,55-64,2000,4780.0,
CXUOWNDWELLLB0406M,OWNDWELL,55-64,2001,5122.0,
CXUOWNDWELLLB0406M,OWNDWELL,55-64,2002,5595.0,
CXUOWNDWELLLB0406M,OWNDWELL,55-64,2003,5769.0,
CXUOWNDWELLLB0406M,OWNDWELL,55-64,2004,5970.0,
CXUOWNDWELLLB0406M,OWNDWELL,55-64,2005,6650.0,
CXUOWNDWELLLB0406M,OWNDWELL,55-64,2006,6866.0,
CXUOWNDWELLLB0406M,OWNDWELL,55-64,2007,7063.0,
CXUOWNDWELLLB0406M,OWNDWELL,55-64,2008,7387.0,
CXUOWNDWELLLB0406M,OWNDWELL,55-64,2009,7149.0,
CXUOWNDWELLLB0406M,OWNDWELL,55-64,2010,6777.0,
CXUOWNDWELLLB0406M,OWNDWELL,55-64,2011,7002.0,
CXUOWNDWELLLB0406M,OWNDWELL,55-64,2012,6991.0,
CXUOWNDWELLLB0406M,OWNDWELL,55-64,2013,7265.0,
CXUOWNDWELLLB0406M,OWNDWELL,55-64,2014,6973.0,
CXUOWNDWELLLB0406M,OWNDWELL,55-64,2015,6872.0,
CXUOWNDWELLLB0406M,OWNDWELL,55-64,2016,7188.0,
CXUOWNDWELLLB0406M,OWNDWELL,55-64,2017,8370.0,
CXUOWNDWELLLB0406M,OWNDWELL,55-64,2018,8401.0,
CXUOWNDWELLLB0406M,OWNDWELL,55-64,2019,7900.0,
CXUOWNDWELLLB0406M,OWNDWELL,55-64,2020,8292.0,
CXUOWNDWELLLB0406M,OWNDWELL,55-64,2021,8911.0,
CXUOWNDWELLLB0406M,OWNDWELL,55-64,2022,9157.0,
CXUOWNDWELLLB0406M,OWNDWELL,55-64,2023,9824.0,
CXUOWNDWELLLB0406M,OWNDWELL,55-64,2024,11150.0,
CXUOWNDWELLLB0407M,OWNDWELL,65+,1988,1582.0,
CXUOWNDWELLLB0407M,OWNDWELL,65+,1989,1727.0,
CXUOWNDWELLLB0407M,OWNDWELL,65+,1990,1880.0,
CXUOWNDWELLLB0407M,OWNDWELL,65+,1991,1942.0,
CXUOWNDWELLLB0407M,OWNDWELL,65+,1992,1978.0,
CXUOWNDWELLLB0407M,OWNDWELL,65+,1993,2197.0,
CXUOWNDWELLLB0407M,OWNDWELL,65+,1994,2307.0,
CXUOWNDWELLLB0407M,OWNDWELL,65+,1995,2398.0,
CXUOWNDWELLLB0407M,OWNDWELL,65+,1996,2590.0,
CXUOWNDWELLLB0407M,OWNDWELL,65+,1997,2612.0,
CXUOWNDWELLLB0407M,OWNDWELL,65+,1998,2817.0,
CXUOWNDWELLLB0407M,OWNDWELL,65+,1999,2971.0,
CXUOWNDWELLLB0407M,OWNDWELL,65+,2000,3043.0,
CXUOWNDWELLLB0407M,OWNDWELL,65+,2001,3258.0,
CXUOWNDWELLLB0407M,OWNDWELL,65+,2002,3162.0,
CXUOWNDWELLLB0407M,OWNDWELL,65+,2003,3515.0,
CXUOWNDWELLLB0407M,OWNDWELL,65+,2004,3523.0,
CXUOWNDWELLLB0407M,OWNDWELL,65+,2005,3903.0,
CXUOWNDWELLLB0407M,OWNDWELL,65+,2006,4210.0,
CXUOWNDWELLLB0407M,OWNDWELL,65+,2007,4414.0,
CXUOWNDWELLLB0407M,OWNDWELL,65+,2008,4685.0,
CXUOWNDWELLLB0407M,OWNDWELL,65+,2009,4838.0,
CXUOWNDWELLLB0407M,OWNDWELL,65+,2010,4881.0,
CXUOWNDWELLLB0407M,OWNDWELL,65+,2011,4953.0,
CXUOWNDWELLLB0407M,OWNDWELL,65+,2012,5101.0,
CXUOWNDWELLLB0407M,OWNDWELL,65+,2013,5284.0,
CXUOWNDWELLLB0407M,OWNDWELL,65+,2014,5444.0,
CXUOWNDWELLLB0407M,OWNDWELL,65+,2015,5457.0,
CXUOWNDWELLLB0407M,OWNDWELL,65+,2016,5419.0,
CXUOWNDWELLLB0407M,OWNDWELL,65+,2017,5950.0,
CXUOWNDWELLLB0407M,OWNDWELL,65+,2018,5910.0,
CXUOWNDWELLLB0407M,OWNDWELL,65+,2019,6235.0,
CXUOWNDWELLLB0407M,OWNDWELL,65+,2020,6654.0,
CXUOWNDWELLLB0407M,OWNDWELL,65+,2021,6864.0,
CXUOWNDWELLLB0407M,OWNDWELL,65+,2022,7526.0,
CXUOWNDWELLLB0407M,OWNDWELL,65+,2023,7953.0,
CXUOWNDWELLLB0407M,OWNDWELL,65+,2024,8196.0,
CXUOWNDWELLLB0408M,OWNDWELL,65-74,1984,1258.0,
CXUOWNDWELLLB0408M,OWNDWELL,65-74,1985,1676.0,
CXUOWNDWELLLB0408M,OWNDWELL,65-74,1986,1529.0,
CXUOWNDWELLLB0408M,OWNDWELL,65-74,1987,1684.0,
CXUOWNDWELLLB0408M,OWNDWELL,65-74,1988,1889.0,
CXUOWNDWELLLB0408M,OWNDWELL,65-74,1989,2007.0,
CXUOWNDWELLLB0408M,OWNDWELL,65-74,1990,2081.0,
CXUOWNDWELLLB0408M,OWNDWELL,65-74,1991,2204.0,
CXUOWNDWELLLB0408M,OWNDWELL,65-74,1992,2328.0,
CXUOWNDWELLLB0408M,OWNDWELL,65-74,1993,2486.0,
CXUOWNDWELLLB0408M,OWNDWELL,65-74,1994,2624.0,
CXUOWNDWELLLB0408M,OWNDWELL,65-74,1995,2815.0,
CXUOWNDWELLLB0408M,OWNDWELL,65-74,1996,3033.0,
CXUOWNDWELLLB0408M,OWNDWELL,65-74,1997,3021.0,
CXUOWNDWELLLB0408M,OWNDWELL,65-74,1998,3278.0,
CXUOWNDWELLLB0408M,OWNDWELL,65-74,1999,3426.0,
CXUOWNDWELLLB0408M,OWNDWELL,65-74,2000,3619.0,
CXUOWNDWELLLB0408M,OWNDWELL,65-74,2001,4020.0,
CXUOWNDWELLLB0408M,OWNDWELL,65-74,2002,3849.0,
CXUOWNDWELLLB0408M,OWNDWELL,65-74,2003,4300.0,
CXUOWNDWELLLB0408M,OWNDWELL,65-74,2004,4134.0,
CXUOWNDWELLLB0408M,OWNDWELL,65-74,2005,4664.0,
CXUOWNDWELLLB0408M,OWNDWELL,65-74,2006,5151.0,
CXUOWNDWELLLB0408M,OWNDWELL,65-74,2007,5329.0,
CXUOWNDWELLLB0408M,OWNDWELL,65-74,2008,5334.0,
CXUOWNDWELLLB0408M,OWNDWELL,65-74,2009,5802.0,
CXUOWNDWELLLB0408M,OWNDWELL,65-74,2010,5809.0,
CXUOWNDWELLLB0408M,OWNDWELL,65-74,2011,5802.0,
CXUOWNDWELLLB0408M,OWNDWELL,65-74,2012,5970.0,
CXUOWNDWELLLB0408M,OWNDWELL,65-74,2013,6072.0,
CXUOWNDWELLLB0408M,OWNDWELL,65-74,2014,5945.0,
CXUOWNDWELLLB0408M,OWNDWELL,65-74,2015,6080.0,
CXUOWNDWELLLB0408M,OWNDWELL,65-74,2016,6198.0,
CXUOWNDWELLLB0408M,OWNDWELL,65-74,2017,7040.0,
CXUOWNDWELLLB0408M,OWNDWELL,65-74,2018,6524.0,
CXUOWNDWELLLB0408M,OWNDWELL,65-74,2019,6991.0,
CXUOWNDWELLLB0408M,OWNDWELL,65-74,2020,7501.0,
CXUOWNDWELLLB0408M,OWNDWELL,65-74,2021,7549.0,
CXUOWNDWELLLB0408M,OWNDWELL,65-74,2022,8108.0,
CXUOWNDWELLLB0408M,OWNDWELL,65-74,2023,8693.0,
CXUOWNDWELLLB0408M,OWNDWELL,65-74,2024,8536.0,
CXUOWNDWELLLB0409M,OWNDWELL,75+,1984,938.0,
CXUOWNDWELLLB0409M,OWNDWELL,75+,1985,1018.0,
CXUOWNDWELLLB0409M,OWNDWELL,75+,1986,995.0,
CXUOWNDWELLLB0409M,OWNDWELL,75+,1987,1104.0,
CXUOWNDWELLLB0409M,OWNDWELL,75+,1988,1163.0,
CXUOWNDWELLLB0409M,OWNDWELL,75+,1989,1336.0,
CXUOWNDWELLLB0409M,OWNDWELL,75+,1990,1619.0,
CXUOWNDWELLLB0409M,OWNDWELL,75+,1991,1587.0,
CXUOWNDWELLLB0409M,OWNDWELL,75+,1992,1551.0,
CXUOWNDWELLLB0409M,OWNDWELL,75+,1993,1848.0,
CXUOWNDWELLLB0409M,OWNDWELL,75+,1994,1905.0,
CXUOWNDWELLLB0409M,OWNDWELL,75+,1995,1894.0,
CXUOWNDWELLLB0409M,OWNDWELL,75+,1996,2060.0,
CXUOWNDWELLLB0409M,OWNDWELL,75+,1997,2109.0,
CXUOWNDWELLLB0409M,OWNDWELL,75+,1998,2267.0,
CXUOWNDWELLLB0409M,OWNDWELL,75+,1999,2466.0,
CXUOWNDWELLLB0409M,OWNDWELL,75+,2000,2418.0,
CXUOWNDWELLLB0409M,OWNDWELL,75+,2001,2442.0,
CXUOWNDWELLLB0409M,OWNDWELL,75+,2002,2447.0,
CXUOWNDWELLLB0409M,OWNDWELL,75+,2003,2725.0,
CXUOWNDWELLLB0409M,OWNDWELL,75+,2004,2928.0,
CXUOWNDWELLLB0409M,OWNDWELL,75+,2005,3132.0,
CXUOWNDWELLLB0409M,OWNDWELL,75+,2006,3224.0,
CXUOWNDWELLLB0409M,OWNDWELL,75+,2007,3448.0,
CXUOWNDWELLLB0409M,OWNDWELL,75+,2008,3974.0,
CXUOWNDWELLLB0409M,OWNDWELL,75+,2009,3781.0,
CXUOWNDWELLLB0409M,OWNDWELL,75+,2010,3834.0,
CXUOWNDWELLLB0409M,OWNDWELL,75+,2011,3939.0,
CXUOWNDWELLLB0409M,OWNDWELL,75+,2012,4030.0,
CXUOWNDWELLLB0409M,OWNDWELL,75+,2013,4234.0,
CXUOWNDWELLLB0409M,OWNDWELL,75+,2014,4781.0,
CXUOWNDWELLLB0409M,OWNDWELL,75+,2015,4601.0,
CXUOWNDWELLLB0409M,OWNDWELL,75+,2016,4328.0,
CXUOWNDWELLLB0409M,OWNDWELL,75+,2017,4420.0,
CXUOWNDWELLLB0409M,OWNDWELL,75+,2018,5046.0,
CXUOWNDWELLLB0409M,OWNDWELL,75+,2019,5227.0,
CXUOWNDWELLLB0409M,OWNDWELL,75+,2020,5480.0,
CXUOWNDWELLLB0409M,OWNDWELL,75+,2021,5852.0,
CXUOWNDWELLLB0409M,OWNDWELL,75+,2022,6697.0,
CXUOWNDWELLLB0409M,OWNDWELL,75+,2023,6928.0,
CXUOWNDWELLLB0409M,OWNDWELL,75+,2024,7711.0,
CXUOWNDWELLLB0401M,OWNDWELL,All CUs,1984,2062.0,
CXUOWNDWELLLB0401M,OWNDWELL,All CUs,1985,2261.0,
CXUOWNDWELLLB0401M,OWNDWELL,All CUs,1986,2305.0,
CXUOWNDWELLLB0401M,OWNDWELL,All CUs,1987,2375.0,
CXUOWNDWELLLB0401M,OWNDWELL,All CUs,1988,2569.0,
CXUOWNDWELLLB0401M,OWNDWELL,All CUs,1989,2850.0,
CXUOWNDWELLLB0401M,OWNDWELL,All CUs,1990,2953.0,
CXUOWNDWELLLB0401M,OWNDWELL,All CUs,1991,3280.0,
CXUOWNDWELLLB0401M,OWNDWELL,All CUs,1992,3310.0,
CXUOWNDWELLLB0401M,OWNDWELL,All CUs,1993,3331.0,
CXUOWNDWELLLB0401M,OWNDWELL,All CUs,1994,3492.0,
CXUOWNDWELLLB0401M,OWNDWELL,All CUs,1995,3749.0,
CXUOWNDWELLLB0401M,OWNDWELL,All CUs,1996,3783.0,
CXUOWNDWELLLB0401M,OWNDWELL,All CUs,1997,3935.0,
CXUOWNDWELLLB0401M,OWNDWELL,All CUs,1998,4245.0,
CXUOWNDWELLLB0401M,OWNDWELL,All CUs,1999,4525.0,
CXUOWNDWELLLB0401M,OWNDWELL,All CUs,2000,4602.0,
CXUOWNDWELLLB0401M,OWNDWELL,All CUs,2001,4979.0,
CXUOWNDWELLLB0401M,OWNDWELL,All CUs,2002,5165.0,
CXUOWNDWELLLB0401M,OWNDWELL,All CUs,2003,5263.0,
CXUOWNDWELLLB0401M,OWNDWELL,All CUs,2004,5324.0,
CXUOWNDWELLLB0401M,OWNDWELL,All CUs,2005,5958.0,
CXUOWNDWELLLB0401M,OWNDWELL,All CUs,2006,6516.0,
CXUOWNDWELLLB0401M,OWNDWELL,All CUs,2007,6730.0,
CXUOWNDWELLLB0401M,OWNDWELL,All CUs,2008,6760.0,
CXUOWNDWELLLB0401M,OWNDWELL,All CUs,2009,6543.0,
CXUOWNDWELLLB0401M,OWNDWELL,All CUs,2010,6277.0,
CXUOWNDWELLLB0401M,OWNDWELL,All CUs,2011,6148.0,
CXUOWNDWELLLB0401M,OWNDWELL,All CUs,2012,6056.0,
CXUOWNDWELLLB0401M,OWNDWELL,All CUs,2013,6108.0,
CXUOWNDWELLLB0401M,OWNDWELL,All CUs,2014,6149.0,
CXUOWNDWELLLB0401M,OWNDWELL,All CUs,2015,6210.0,
CXUOWNDWELLLB0401M,OWNDWELL,All CUs,2016,6295.0,
CXUOWNDWELLLB0401M,OWNDWELL,All CUs,2017,6947.0,
CXUOWNDWELLLB0401M,OWNDWELL,All CUs,2018,6678.0,
CXUOWNDWELLLB0401M,OWNDWELL,All CUs,2019,6797.0,
CXUOWNDWELLLB0401M,OWNDWELL,All CUs,2020,7473.0,
CXUOWNDWELLLB0401M,OWNDWELL,All CUs,2021,7591.0,
CXUOWNDWELLLB0401M,OWNDWELL,All CUs,2022,8230.0,
CXUOWNDWELLLB0401M,OWNDWELL,All CUs,2023,8699.0,
CXUOWNDWELLLB0401M,OWNDWELL,All CUs,2024,9310.0,
CXUOWNDWELLLB0402M,OWNDWELL,Under 25,1984,463.0,
CXUOWNDWELLLB0402M,OWNDWELL,Under 25,1985,398.0,
CXUOWNDWELLLB0402M,OWNDWELL,Under 25,1986,397.0,
CXUOWNDWELLLB0402M,OWNDWELL,Under 25,1987,334.0,
CXUOWNDWELLLB0402M,OWNDWELL,Under 25,1988,440.0,
CXUOWNDWELLLB0402M,OWNDWELL,Under 25,1989,286.0,
CXUOWNDWELLLB0402M,OWNDWELL,Under 25,1990,311.0,
CXUOWNDWELLLB0402M,OWNDWELL,Under 25,1991,421.0,
CXUOWNDWELLLB0402M,OWNDWELL,Under 25,1992,363.0,
CXUOWNDWELLLB0402M,OWNDWELL,Under 25,1993,424.0,
CXUOWNDWELLLB0402M,OWNDWELL,Under 25,1994,473.0,
CXUOWNDWELLLB0402M,OWNDWELL,Under 25,1995,484.0,
CXUOWNDWELLLB0402M,OWNDWELL,Under 25,1996,508.0,
CXUOWNDWELLLB0402M,OWNDWELL,Under 25,1997,381.0,
CXUOWNDWELLLB0402M,OWNDWELL,Under 25,1998,414.0,
CXUOWNDWELLLB0402M,OWNDWELL,Under 25,1999,596.0,
CXUOWNDWELLLB0402M,OWNDWELL,Under 25,2000,634.0,
CXUOWNDWELLLB0402M,OWNDWELL,Under 25,2001,778.0,
CXUOWNDWELLLB0402M,OWNDWELL,Under 25,2002,830.0,
CXUOWNDWELLLB0402M,OWNDWELL,Under 25,2003,765.0,
CXUOWNDWELLLB0402M,OWNDWELL,Under 25,2004,1009.0,
CXUOWNDWELLLB0402M,OWNDWELL,Under 25,2005,1263.0,
CXUOWNDWELLLB0402M,OWNDWELL,Under 25,2006,1405.0,
CXUOWNDWELLLB0402M,OWNDWELL,Under 25,2007,1398.0,
CXUOWNDWELLLB0402M,OWNDWELL,Under 25,2008,1383.0,
CXUOWNDWELLLB0402M,OWNDWELL,Under 25,2009,1245.0,
CXUOWNDWELLLB0402M,OWNDWELL,Under 25,2010,1123.0,
CXUOWNDWELLLB0402M,OWNDWELL,Under 25,2011,1277.0,
CXUOWNDWELLLB0402M,OWNDWELL,Under 25,2012,1307.0,
CXUOWNDWELLLB0402M,OWNDWELL,Under 25,2013,1003.0,
CXUOWNDWELLLB0402M,OWNDWELL,Under 25,2014,1106.0,
CXUOWNDWELLLB0402M,OWNDWELL,Under 25,2015,1150.0,
CXUOWNDWELLLB0402M,OWNDWELL,Under 25,2016,1242.0,
CXUOWNDWELLLB0402M,OWNDWELL,Under 25,2017,964.0,
CXUOWNDWELLLB0402M,OWNDWELL,Under 25,2018,1006.0,
CXUOWNDWELLLB0402M,OWNDWELL,Under 25,2019,1225.0,
CXUOWNDWELLLB0402M,OWNDWELL,Under 25,2020,1120.0,
CXUOWNDWELLLB0402M,OWNDWELL,Under 25,2021,1394.0,
CXUOWNDWELLLB0402M,OWNDWELL,Under 25,2022,1614.0,
CXUOWNDWELLLB0402M,OWNDWELL,Under 25,2023,1698.0,
CXUOWNDWELLLB0402M,OWNDWELL,Under 25,2024,1127.0,
CXUPENSIONSLB0403M,PENSIONS,25-34,1984,1786.0,
CXUPENSIONSLB0403M,PENSIONS,25-34,1985,1866.0,
CXUPENSIONSLB0403M,PENSIONS,25-34,1986,1968.0,
CXUPENSIONSLB0403M,PENSIONS,25-34,1987,2037.0,
CXUPENSIONSLB0403M,PENSIONS,25-34,1988,2052.0,
CXUPENSIONSLB0403M,PENSIONS,25-34,1989,2281.0,
CXUPENSIONSLB0403M,PENSIONS,25-34,1990,2536.0,
CXUPENSIONSLB0403M,PENSIONS,25-34,1991,2666.0,
CXUPENSIONSLB0403M,PENSIONS,25-34,1992,2583.0,
CXUPENSIONSLB0403M,PENSIONS,25-34,1993,2558.0,
CXUPENSIONSLB0403M,PENSIONS,25-34,1994,2607.0,
CXUPENSIONSLB0403M,PENSIONS,25-34,1995,2786.0,
CXUPENSIONSLB0403M,PENSIONS,25-34,1996,2914.0,
CXUPENSIONSLB0403M,PENSIONS,25-34,1997,3102.0,
CXUPENSIONSLB0403M,PENSIONS,25-34,1998,3407.0,
CXUPENSIONSLB0403M,PENSIONS,25-34,1999,3195.0,
CXUPENSIONSLB0403M,PENSIONS,25-34,2000,3373.0,
CXUPENSIONSLB0403M,PENSIONS,25-34,2001,3700.0,
CXUPENSIONSLB0403M,PENSIONS,25-34,2002,3742.0,
CXUPENSIONSLB0403M,PENSIONS,25-34,2003,3937.0,
CXUPENSIONSLB0403M,PENSIONS,25-34,2004,4529.0,
CXUPENSIONSLB0403M,PENSIONS,25-34,2005,4903.0,
CXUPENSIONSLB0403M,PENSIONS,25-34,2006,5079.0,
CXUPENSIONSLB0403M,PENSIONS,25-34,2007,4995.0,
CXUPENSIONSLB0403M,PENSIONS,25-34,2008,5354.0,
CXUPENSIONSLB0403M,PENSIONS,25-34,2009,5147.0,
CXUPENSIONSLB0403M,PENSIONS,25-34,2010,5151.0,
CXUPENSIONSLB0403M,PENSIONS,25-34,2011,5207.0,
CXUPENSIONSLB0403M,PENSIONS,25-34,2012,5169.0,
CXUPENSIONSLB0403M,PENSIONS,25-34,2013,5178.0,
CXUPENSIONSLB0403M,PENSIONS,25-34,2014,5341.0,
CXUPENSIONSLB0403M,PENSIONS,25-34,2015,5879.0,
CXUPENSIONSLB0403M,PENSIONS,25-34,2016,6299.0,
CXUPENSIONSLB0403M,PENSIONS,25-34,2017,6398.0,
CXUPENSIONSLB0403M,PENSIONS,25-34,2018,6917.0,
CXUPENSIONSLB0403M,PENSIONS,25-34,2019,7037.0,
CXUPENSIONSLB0403M,PENSIONS,25-34,2020,7132.0,
CXUPENSIONSLB0403M,PENSIONS,25-34,2021,8161.0,
CXUPENSIONSLB0403M,PENSIONS,25-34,2022,8902.0,
CXUPENSIONSLB0403M,PENSIONS,25-34,2023,10002.0,
CXUPENSIONSLB0403M,PENSIONS,25-34,2024,10447.0,
CXUPENSIONSLB0404M,PENSIONS,35-44,1984,2233.0,
CXUPENSIONSLB0404M,PENSIONS,35-44,1985,2469.0,
CXUPENSIONSLB0404M,PENSIONS,35-44,1986,2697.0,
CXUPENSIONSLB0404M,PENSIONS,35-44,1987,2710.0,
CXUPENSIONSLB0404M,PENSIONS,35-44,1988,2756.0,
CXUPENSIONSLB0404M,PENSIONS,35-44,1989,3196.0,
CXUPENSIONSLB0404M,PENSIONS,35-44,1990,3256.0,
CXUPENSIONSLB0404M,PENSIONS,35-44,1991,3396.0,
CXUPENSIONSLB0404M,PENSIONS,35-44,1992,3574.0,
CXUPENSIONSLB0404M,PENSIONS,35-44,1993,3702.0,
CXUPENSIONSLB0404M,PENSIONS,35-44,1994,3560.0,
CXUPENSIONSLB0404M,PENSIONS,35-44,1995,3451.0,
CXUPENSIONSLB0404M,PENSIONS,35-44,1996,3777.0,
CXUPENSIONSLB0404M,PENSIONS,35-44,1997,3939.0,
CXUPENSIONSLB0404M,PENSIONS,35-44,1998,3986.0,
CXUPENSIONSLB0404M,PENSIONS,35-44,1999,4037.0,
CXUPENSIONSLB0404M,PENSIONS,35-44,2000,4158.0,
CXUPENSIONSLB0404M,PENSIONS,35-44,2001,4548.0,
CXUPENSIONSLB0404M,PENSIONS,35-44,2002,4774.0,
CXUPENSIONSLB0404M,PENSIONS,35-44,2003,4814.0,
CXUPENSIONSLB0404M,PENSIONS,35-44,2004,5881.0,
CXUPENSIONSLB0404M,PENSIONS,35-44,2005,6532.0,
CXUPENSIONSLB0404M,PENSIONS,35-44,2006,6726.0,
CXUPENSIONSLB0404M,PENSIONS,35-44,2007,6694.0,
CXUPENSIONSLB0404M,PENSIONS,35-44,2008,6881.0,
CXUPENSIONSLB0404M,PENSIONS,35-44,2009,6851.0,
CXUPENSIONSLB0404M,PENSIONS,35-44,2010,6664.0,
CXUPENSIONSLB0404M,PENSIONS,35-44,2011,6760.0,
CXUPENSIONSLB0404M,PENSIONS,35-44,2012,6709.0,
CXUPENSIONSLB0404M,PENSIONS,35-44,2013,6791.0,
CXUPENSIONSLB0404M,PENSIONS,35-44,2014,7281.0,
CXUPENSIONSLB0404M,PENSIONS,35-44,2015,7399.0,
CXUPENSIONSLB0404M,PENSIONS,35-44,2016,8350.0,
CXUPENSIONSLB0404M,PENSIONS,35-44,2017,7971.0,
CXUPENSIONSLB0404M,PENSIONS,35-44,2018,9061.0,
CXUPENSIONSLB0404M,PENSIONS,35-44,2019,9088.0,
CXUPENSIONSLB0404M,PENSIONS,35-44,2020,9413.0,
CXUPENSIONSLB0404M,PENSIONS,35-44,2021,10573.0,
CXUPENSIONSLB0404M,PENSIONS,35-44,2022,11753.0,
CXUPENSIONSLB0404M,PENSIONS,35-44,2023,12666.0,
CXUPENSIONSLB0404M,PENSIONS,35-44,2024,12869.0,
CXUPENSIONSLB0405M,PENSIONS,45-54,1984,2391.0,
CXUPENSIONSLB0405M,PENSIONS,45-54,1985,2685.0,
CXUPENSIONSLB0405M,PENSIONS,45-54,1986,2918.0,
CXUPENSIONSLB0405M,PENSIONS,45-54,1987,2913.0,
CXUPENSIONSLB0405M,PENSIONS,45-54,1988,2991.0,
CXUPENSIONSLB0405M,PENSIONS,45-54,1989,3234.0,
CXUPENSIONSLB0405M,PENSIONS,45-54,1990,3292.0,
CXUPENSIONSLB0405M,PENSIONS,45-54,1991,3741.0,
CXUPENSIONSLB0405M,PENSIONS,45-54,1992,3725.0,
CXUPENSIONSLB0405M,PENSIONS,45-54,1993,3999.0,
CXUPENSIONSLB0405M,PENSIONS,45-54,1994,3925.0,
CXUPENSIONSLB0405M,PENSIONS,45-54,1995,4240.0,
CXUPENSIONSLB0405M,PENSIONS,45-54,1996,4132.0,
CXUPENSIONSLB0405M,PENSIONS,45-54,1997,4394.0,
CXUPENSIONSLB0405M,PENSIONS,45-54,1998,4721.0,
CXUPENSIONSLB0405M,PENSIONS,45-54,1999,4799.0,
CXUPENSIONSLB0405M,PENSIONS,45-54,2000,4246.0,
CXUPENSIONSLB0405M,PENSIONS,45-54,2001,4679.0,
CXUPENSIONSLB0405M,PENSIONS,45-54,2002,4764.0,
CXUPENSIONSLB0405M,PENSIONS,45-54,2003,5403.0,
CXUPENSIONSLB0405M,PENSIONS,45-54,2004,6410.0,
CXUPENSIONSLB0405M,PENSIONS,45-54,2005,6874.0,
CXUPENSIONSLB0405M,PENSIONS,45-54,2006,6933.0,
CXUPENSIONSLB0405M,PENSIONS,45-54,2007,7087.0,
CXUPENSIONSLB0405M,PENSIONS,45-54,2008,7458.0,
CXUPENSIONSLB0405M,PENSIONS,45-54,2009,7226.0,
CXUPENSIONSLB0405M,PENSIONS,45-54,2010,7227.0,
CXUPENSIONSLB0405M,PENSIONS,45-54,2011,7052.0,
CXUPENSIONSLB0405M,PENSIONS,45-54,2012,7749.0,
CXUPENSIONSLB0405M,PENSIONS,45-54,2013,7305.0,
CXUPENSIONSLB0405M,PENSIONS,45-54,2014,7958.0,
CXUPENSIONSLB0405M,PENSIONS,45-54,2015,9305.0,
CXUPENSIONSLB0405M,PENSIONS,45-54,2016,9798.0,
CXUPENSIONSLB0405M,PENSIONS,45-54,2017,9123.0,
CXUPENSIONSLB0405M,PENSIONS,45-54,2018,10393.0,
CXUPENSIONSLB0405M,PENSIONS,45-54,2019,9701.0,
CXUPENSIONSLB0405M,PENSIONS,45-54,2020,10342.0,
CXUPENSIONSLB0405M,PENSIONS,45-54,2021,11029.0,
CXUPENSIONSLB0405M,PENSIONS,45-54,2022,12629.0,
CXUPENSIONSLB0405M,PENSIONS,45-54,2023,14180.0,
CXUPENSIONSLB0405M,PENSIONS,45-54,2024,14177.0,
CXUPENSIONSLB0406M,PENSIONS,55-64,1984,1984.0,
CXUPENSIONSLB0406M,PENSIONS,55-64,1985,2106.0,
CXUPENSIONSLB0406M,PENSIONS,55-64,1986,2245.0,
CXUPENSIONSLB0406M,PENSIONS,55-64,1987,2256.0,
CXUPENSIONSLB0406M,PENSIONS,55-64,1988,2191.0,
CXUPENSIONSLB0406M,PENSIONS,55-64,1989,2281.0,
CXUPENSIONSLB0406M,PENSIONS,55-64,1990,2491.0,
CXUPENSIONSLB0406M,PENSIONS,55-64,1991,2930.0,
CXUPENSIONSLB0406M,PENSIONS,55-64,1992,2612.0,
CXUPENSIONSLB0406M,PENSIONS,55-64,1993,2757.0,
CXUPENSIONSLB0406M,PENSIONS,55-64,1994,2866.0,
CXUPENSIONSLB0406M,PENSIONS,55-64,1995,2660.0,
CXUPENSIONSLB0406M,PENSIONS,55-64,1996,2897.0,
CXUPENSIONSLB0406M,PENSIONS,55-64,1997,2943.0,
CXUPENSIONSLB0406M,PENSIONS,55-64,1998,3114.0,
CXUPENSIONSLB0406M,PENSIONS,55-64,1999,3408.0,
CXUPENSIONSLB0406M,PENSIONS,55-64,2000,3252.0,
CXUPENSIONSLB0406M,PENSIONS,55-64,2001,3747.0,
CXUPENSIONSLB0406M,PENSIONS,55-64,2002,4243.0,
CXUPENSIONSLB0406M,PENSIONS,55-64,2003,4249.0,
CXUPENSIONSLB0406M,PENSIONS,55-64,2004,5214.0,
CXUPENSIONSLB0406M,PENSIONS,55-64,2005,5368.0,
CXUPENSIONSLB0406M,PENSIONS,55-64,2006,5267.0,
CXUPENSIONSLB0406M,PENSIONS,55-64,2007,5732.0,
CXUPENSIONSLB0406M,PENSIONS,55-64,2008,6424.0,
CXUPENSIONSLB0406M,PENSIONS,55-64,2009,6347.0,
CXUPENSIONSLB0406M,PENSIONS,55-64,2010,5932.0,
CXUPENSIONSLB0406M,PENSIONS,55-64,2011,6242.0,
CXUPENSIONSLB0406M,PENSIONS,55-64,2012,6571.0,
CXUPENSIONSLB0406M,PENSIONS,55-64,2013,6593.0,
CXUPENSIONSLB0406M,PENSIONS,55-64,2014,6578.0,
CXUPENSIONSLB0406M,PENSIONS,55-64,2015,7181.0,
CXUPENSIONSLB0406M,PENSIONS,55-64,2016,7882.0,
CXUPENSIONSLB0406M,PENSIONS,55-64,2017,8079.0,
CXUPENSIONSLB0406M,PENSIONS,55-64,2018,7807.0,
CXUPENSIONSLB0406M,PENSIONS,55-64,2019,8408.0,
CXUPENSIONSLB0406M,PENSIONS,55-64,2020,7862.0,
CXUPENSIONSLB0406M,PENSIONS,55-64,2021,8792.0,
CXUPENSIONSLB0406M,PENSIONS,55-64,2022,9569.0,
CXUPENSIONSLB0406M,PENSIONS,55-64,2023,10389.0,
CXUPENSIONSLB0406M,PENSIONS,55-64,2024,11447.0,
CXUPENSIONSLB0407M,PENSIONS,65+,1988,444.0,
CXUPENSIONSLB0407M,PENSIONS,65+,1989,453.0,
CXUPENSIONSLB0407M,PENSIONS,65+,1990,468.0,
CXUPENSIONSLB0407M,PENSIONS,65+,1991,461.0,
CXUPENSIONSLB0407M,PENSIONS,65+,1992,465.0,
CXUPENSIONSLB0407M,PENSIONS,65+,1993,535.0,
CXUPENSIONSLB0407M,PENSIONS,65+,1994,594.0,
CXUPENSIONSLB0407M,PENSIONS,65+,1995,555.0,
CXUPENSIONSLB0407M,PENSIONS,65+,1996,599.0,
CXUPENSIONSLB0407M,PENSIONS,65+,1997,630.0,
CXUPENSIONSLB0407M,PENSIONS,65+,1998,564.0,
CXUPENSIONSLB0407M,PENSIONS,65+,1999,647.0,
CXUPENSIONSLB0407M,PENSIONS,65+,2000,561.0,
CXUPENSIONSLB0407M,PENSIONS,65+,2001,773.0,
CXUPENSIONSLB0407M,PENSIONS,65+,2002,880.0,
CXUPENSIONSLB0407M,PENSIONS,65+,2003,864.0,
CXUPENSIONSLB0407M,PENSIONS,65+,2004,1220.0,
CXUPENSIONSLB0407M,PENSIONS,65+,2005,1372.0,
CXUPENSIONSLB0407M,PENSIONS,65+,2006,1545.0,
CXUPENSIONSLB0407M,PENSIONS,65+,2007,1491.0,
CXUPENSIONSLB0407M,PENSIONS,65+,2008,1516.0,
CXUPENSIONSLB0407M,PENSIONS,65+,2009,1537.0,
CXUPENSIONSLB0407M,PENSIONS,65+,2010,1557.0,
CXUPENSIONSLB0407M,PENSIONS,65+,2011,1706.0,
CXUPENSIONSLB0407M,PENSIONS,65+,2012,1612.0,
CXUPENSIONSLB0407M,PENSIONS,65+,2013,1975.0,
CXUPENSIONSLB0407M,PENSIONS,65+,2014,1933.0,
CXUPENSIONSLB0407M,PENSIONS,65+,2015,2401.0,
CXUPENSIONSLB0407M,PENSIONS,65+,2016,2498.0,
CXUPENSIONSLB0407M,PENSIONS,65+,2017,2762.0,
CXUPENSIONSLB0407M,PENSIONS,65+,2018,3044.0,
CXUPENSIONSLB0407M,PENSIONS,65+,2019,2320.0,
CXUPENSIONSLB0407M,PENSIONS,65+,2020,2208.0,
CXUPENSIONSLB0407M,PENSIONS,65+,2021,2371.0,
CXUPENSIONSLB0407M,PENSIONS,65+,2022,2756.0,
CXUPENSIONSLB0407M,PENSIONS,65+,2023,2728.0,
CXUPENSIONSLB0407M,PENSIONS,65+,2024,2863.0,
CXUPENSIONSLB0408M,PENSIONS,65-74,1984,482.0,
CXUPENSIONSLB0408M,PENSIONS,65-74,1985,588.0,
CXUPENSIONSLB0408M,PENSIONS,65-74,1986,537.0,
CXUPENSIONSLB0408M,PENSIONS,65-74,1987,610.0,
CXUPENSIONSLB0408M,PENSIONS,65-74,1988,682.0,
CXUPENSIONSLB0408M,PENSIONS,65-74,1989,697.0,
CXUPENSIONSLB0408M,PENSIONS,65-74,1990,730.0,
CXUPENSIONSLB0408M,PENSIONS,65-74,1991,721.0,
CXUPENSIONSLB0408M,PENSIONS,65-74,1992,695.0,
CXUPENSIONSLB0408M,PENSIONS,65-74,1993,837.0,
CXUPENSIONSLB0408M,PENSIONS,65-74,1994,802.0,
CXUPENSIONSLB0408M,PENSIONS,65-74,1995,818.0,
CXUPENSIONSLB0408M,PENSIONS,65-74,1996,933.0,
CXUPENSIONSLB0408M,PENSIONS,65-74,1997,956.0,
CXUPENSIONSLB0408M,PENSIONS,65-74,1998,829.0,
CXUPENSIONSLB0408M,PENSIONS,65-74,1999,851.0,
CXUPENSIONSLB0408M,PENSIONS,65-74,2000,865.0,
CXUPENSIONSLB0408M,PENSIONS,65-74,2001,1096.0,
CXUPENSIONSLB0408M,PENSIONS,65-74,2002,1332.0,
CXUPENSIONSLB0408M,PENSIONS,65-74,2003,1342.0,
CXUPENSIONSLB0408M,PENSIONS,65-74,2004,1875.0,
CXUPENSIONSLB0408M,PENSIONS,65-74,2005,2132.0,
CXUPENSIONSLB0408M,PENSIONS,65-74,2006,2417.0,
CXUPENSIONSLB0408M,PENSIONS,65-74,2007,2225.0,
CXUPENSIONSLB0408M,PENSIONS,65-74,2008,2155.0,
CXUPENSIONSLB0408M,PENSIONS,65-74,2009,2272.0,
CXUPENSIONSLB0408M,PENSIONS,65-74,2010,2261.0,
CXUPENSIONSLB0408M,PENSIONS,65-74,2011,2596.0,
CXUPENSIONSLB0408M,PENSIONS,65-74,2012,2420.0,
CXUPENSIONSLB0408M,PENSIONS,65-74,2013,2833.0,
CXUPENSIONSLB0408M,PENSIONS,65-74,2014,2788.0,
CXUPENSIONSLB0408M,PENSIONS,65-74,2015,3289.0,
CXUPENSIONSLB0408M,PENSIONS,65-74,2016,3473.0,
CXUPENSIONSLB0408M,PENSIONS,65-74,2017,3563.0,
CXUPENSIONSLB0408M,PENSIONS,65-74,2018,3545.0,
CXUPENSIONSLB0408M,PENSIONS,65-74,2019,3208.0,
CXUPENSIONSLB0408M,PENSIONS,65-74,2020,3090.0,
CXUPENSIONSLB0408M,PENSIONS,65-74,2021,3361.0,
CXUPENSIONSLB0408M,PENSIONS,65-74,2022,3489.0,
CXUPENSIONSLB0408M,PENSIONS,65-74,2023,3684.0,
CXUPENSIONSLB0408M,PENSIONS,65-74,2024,3914.0,
CXUPENSIONSLB0409M,PENSIONS,75+,1984,131.0,
CXUPENSIONSLB0409M,PENSIONS,75+,1985,168.0,
CXUPENSIONSLB0409M,PENSIONS,75+,1986,145.0,
CXUPENSIONSLB0409M,PENSIONS,75+,1987,139.0,
CXUPENSIONSLB0409M,PENSIONS,75+,1988,119.0,
CXUPENSIONSLB0409M,PENSIONS,75+,1989,113.0,
CXUPENSIONSLB0409M,PENSIONS,75+,1990,130.0,
CXUPENSIONSLB0409M,PENSIONS,75+,1991,107.0,
CXUPENSIONSLB0409M,PENSIONS,75+,1992,184.0,
CXUPENSIONSLB0409M,PENSIONS,75+,1993,171.0,
CXUPENSIONSLB0409M,PENSIONS,75+,1994,330.0,
CXUPENSIONSLB0409M,PENSIONS,75+,1995,236.0,
CXUPENSIONSLB0409M,PENSIONS,75+,1996,199.0,
CXUPENSIONSLB0409M,PENSIONS,75+,1997,229.0,
CXUPENSIONSLB0409M,PENSIONS,75+,1998,247.0,
CXUPENSIONSLB0409M,PENSIONS,75+,1999,421.0,
CXUPENSIONSLB0409M,PENSIONS,75+,2000,231.0,
CXUPENSIONSLB0409M,PENSIONS,75+,2001,428.0,
CXUPENSIONSLB0409M,PENSIONS,75+,2002,409.0,
CXUPENSIONSLB0409M,PENSIONS,75+,2003,382.0,
CXUPENSIONSLB0409M,PENSIONS,75+,2004,582.0,
CXUPENSIONSLB0409M,PENSIONS,75+,2005,601.0,
CXUPENSIONSLB0409M,PENSIONS,75+,2006,631.0,
CXUPENSIONSLB0409M,PENSIONS,75+,2007,716.0,
CXUPENSIONSLB0409M,PENSIONS,75+,2008,815.0,
CXUPENSIONSLB0409M,PENSIONS,75+,2009,730.0,
CXUPENSIONSLB0409M,PENSIONS,75+,2010,763.0,
CXUPENSIONSLB0409M,PENSIONS,75+,2011,643.0,
CXUPENSIONSLB0409M,PENSIONS,75+,2012,616.0,
CXUPENSIONSLB0409M,PENSIONS,75+,2013,832.0,
CXUPENSIONSLB0409M,PENSIONS,75+,2014,800.0,
CXUPENSIONSLB0409M,PENSIONS,75+,2015,1182.0,
CXUPENSIONSLB0409M,PENSIONS,75+,2016,1135.0,
CXUPENSIONSLB0409M,PENSIONS,75+,2017,1638.0,
CXUPENSIONSLB0409M,PENSIONS,75+,2018,2339.0,6
CXUPENSIONSLB0409M,PENSIONS,75+,2019,1136.0,
CXUPENSIONSLB0409M,PENSIONS,75+,2020,985.0,
CXUPENSIONSLB0409M,PENSIONS,75+,2021,908.0,
CXUPENSIONSLB0409M,PENSIONS,75+,2022,1711.0,
CXUPENSIONSLB0409M,PENSIONS,75+,2023,1404.0,
CXUPENSIONSLB0409M,PENSIONS,75+,2024,1361.0,
CXUPENSIONSLB0401M,PENSIONS,All CUs,1984,1598.0,
CXUPENSIONSLB0401M,PENSIONS,All CUs,1985,1738.0,
CXUPENSIONSLB0401M,PENSIONS,All CUs,1986,1834.0,
CXUPENSIONSLB0401M,PENSIONS,All CUs,1987,1881.0,
CXUPENSIONSLB0401M,PENSIONS,All CUs,1988,1935.0,
CXUPENSIONSLB0401M,PENSIONS,All CUs,1989,2125.0,
CXUPENSIONSLB0401M,PENSIONS,All CUs,1990,2248.0,
CXUPENSIONSLB0401M,PENSIONS,All CUs,1991,2431.0,
CXUPENSIONSLB0401M,PENSIONS,All CUs,1992,2397.0,
CXUPENSIONSLB0401M,PENSIONS,All CUs,1993,2509.0,
CXUPENSIONSLB0401M,PENSIONS,All CUs,1994,2540.0,
CXUPENSIONSLB0401M,PENSIONS,All CUs,1995,2591.0,
CXUPENSIONSLB0401M,PENSIONS,All CUs,1996,2707.0,
CXUPENSIONSLB0401M,PENSIONS,All CUs,1997,2844.0,
CXUPENSIONSLB0401M,PENSIONS,All CUs,1998,2982.0,
CXUPENSIONSLB0401M,PENSIONS,All CUs,1999,3042.0,
CXUPENSIONSLB0401M,PENSIONS,All CUs,2000,2966.0,
CXUPENSIONSLB0401M,PENSIONS,All CUs,2001,3326.0,
CXUPENSIONSLB0401M,PENSIONS,All CUs,2002,3493.0,
CXUPENSIONSLB0401M,PENSIONS,All CUs,2003,3658.0,
CXUPENSIONSLB0401M,PENSIONS,All CUs,2004,4433.0,
CXUPENSIONSLB0401M,PENSIONS,All CUs,2005,4823.0,
CXUPENSIONSLB0401M,PENSIONS,All CUs,2006,4948.0,
CXUPENSIONSLB0401M,PENSIONS,All CUs,2007,5027.0,
CXUPENSIONSLB0401M,PENSIONS,All CUs,2008,5288.0,
CXUPENSIONSLB0401M,PENSIONS,All CUs,2009,5162.0,
CXUPENSIONSLB0401M,PENSIONS,All CUs,2010,5054.0,
CXUPENSIONSLB0401M,PENSIONS,All CUs,2011,5106.0,
CXUPENSIONSLB0401M,PENSIONS,All CUs,2012,5238.0,
CXUPENSIONSLB0401M,PENSIONS,All CUs,2013,5209.0,
CXUPENSIONSLB0401M,PENSIONS,All CUs,2014,5399.0,
CXUPENSIONSLB0401M,PENSIONS,All CUs,2015,6016.0,
CXUPENSIONSLB0401M,PENSIONS,All CUs,2016,6509.0,
CXUPENSIONSLB0401M,PENSIONS,All CUs,2017,6353.0,
CXUPENSIONSLB0401M,PENSIONS,All CUs,2018,6831.0,
CXUPENSIONSLB0401M,PENSIONS,All CUs,2019,6645.0,
CXUPENSIONSLB0401M,PENSIONS,All CUs,2020,6760.0,
CXUPENSIONSLB0401M,PENSIONS,All CUs,2021,7400.0,
CXUPENSIONSLB0401M,PENSIONS,All CUs,2022,8223.0,
CXUPENSIONSLB0401M,PENSIONS,All CUs,2023,9011.0,
CXUPENSIONSLB0401M,PENSIONS,All CUs,2024,9222.0,
CXUPENSIONSLB0402M,PENSIONS,Under 25,1984,723.0,
CXUPENSIONSLB0402M,PENSIONS,Under 25,1985,694.0,
CXUPENSIONSLB0402M,PENSIONS,Under 25,1986,777.0,
CXUPENSIONSLB0402M,PENSIONS,Under 25,1987,775.0,
CXUPENSIONSLB0402M,PENSIONS,Under 25,1988,926.0,
CXUPENSIONSLB0402M,PENSIONS,Under 25,1989,927.0,
CXUPENSIONSLB0402M,PENSIONS,Under 25,1990,922.0,
CXUPENSIONSLB0402M,PENSIONS,Under 25,1991,916.0,
CXUPENSIONSLB0402M,PENSIONS,Under 25,1992,953.0,
CXUPENSIONSLB0402M,PENSIONS,Under 25,1993,1006.0,
CXUPENSIONSLB0402M,PENSIONS,Under 25,1994,1005.0,
CXUPENSIONSLB0402M,PENSIONS,Under 25,1995,1013.0,
CXUPENSIONSLB0402M,PENSIONS,Under 25,1996,941.0,
CXUPENSIONSLB0402M,PENSIONS,Under 25,1997,893.0,
CXUPENSIONSLB0402M,PENSIONS,Under 25,1998,976.0,
CXUPENSIONSLB0402M,PENSIONS,Under 25,1999,1049.0,
CXUPENSIONSLB0402M,PENSIONS,Under 25,2000,1162.0,
CXUPENSIONSLB0402M,PENSIONS,Under 25,2001,1344.0,
CXUPENSIONSLB0402M,PENSIONS,Under 25,2002,1331.0,
CXUPENSIONSLB0402M,PENSIONS,Under 25,2003,1342.0,
CXUPENSIONSLB0402M,PENSIONS,Under 25,2004,1695.0,
CXUPENSIONSLB0402M,PENSIONS,Under 25,2005,2088.0,
CXUPENSIONSLB0402M,PENSIONS,Under 25,2006,2249.0,
CXUPENSIONSLB0402M,PENSIONS,Under 25,2007,2401.0,
CXUPENSIONSLB0402M,PENSIONS,Under 25,2008,2246.0,
CXUPENSIONSLB0402M,PENSIONS,Under 25,2009,1957.0,
CXUPENSIONSLB0402M,PENSIONS,Under 25,2010,2013.0,
CXUPENSIONSLB0402M,PENSIONS,Under 25,2011,2154.0,
CXUPENSIONSLB0402M,PENSIONS,Under 25,2012,2289.0,
CXUPENSIONSLB0402M,PENSIONS,Under 25,2013,2153.0,
CXUPENSIONSLB0402M,PENSIONS,Under 25,2014,2240.0,
CXUPENSIONSLB0402M,PENSIONS,Under 25,2015,2540.0,
CXUPENSIONSLB0402M,PENSIONS,Under 25,2016,3378.0,
CXUPENSIONSLB0402M,PENSIONS,Under 25,2017,2525.0,
CXUPENSIONSLB0402M,PENSIONS,Under 25,2018,2630.0,
CXUPENSIONSLB0402M,PENSIONS,Under 25,2019,3232.0,
CXUPENSIONSLB0402M,PENSIONS,Under 25,2020,3701.0,
CXUPENSIONSLB0402M,PENSIONS,Under 25,2021,3929.0,
CXUPENSIONSLB0402M,PENSIONS,Under 25,2022,4172.0,
CXUPENSIONSLB0402M,PENSIONS,Under 25,2023,5024.0,
CXUPENSIONSLB0402M,PENSIONS,Under 25,2024,4374.0,
CXUPERSCARELB0403M,PERSCARE,25-34,1984,273.0,
CXUPERSCARELB0403M,PERSCARE,25-34,1985,271.0,
CXUPERSCARELB0403M,PERSCARE,25-34,1986,294.0,
CXUPERSCARELB0403M,PERSCARE,25-34,1987,307.0,
CXUPERSCARELB0403M,PERSCARE,25-34,1988,318.0,
CXUPERSCARELB0403M,PERSCARE,25-34,1989,341.0,
CXUPERSCARELB0403M,PERSCARE,25-34,1990,315.0,
CXUPERSCARELB0403M,PERSCARE,25-34,1991,380.0,
CXUPERSCARELB0403M,PERSCARE,25-34,1992,361.0,
CXUPERSCARELB0403M,PERSCARE,25-34,1993,358.0,
CXUPERSCARELB0403M,PERSCARE,25-34,1994,396.0,
CXUPERSCARELB0403M,PERSCARE,25-34,1995,387.0,
CXUPERSCARELB0403M,PERSCARE,25-34,1996,478.0,
CXUPERSCARELB0403M,PERSCARE,25-34,1997,530.0,
CXUPERSCARELB0403M,PERSCARE,25-34,1998,371.0,
CXUPERSCARELB0403M,PERSCARE,25-34,1999,381.0,
CXUPERSCARELB0403M,PERSCARE,25-34,2000,576.0,
CXUPERSCARELB0403M,PERSCARE,25-34,2001,452.0,
CXUPERSCARELB0403M,PERSCARE,25-34,2002,488.0,
CXUPERSCARELB0403M,PERSCARE,25-34,2003,498.0,
CXUPERSCARELB0403M,PERSCARE,25-34,2004,552.0,
CXUPERSCARELB0403M,PERSCARE,25-34,2005,504.0,
CXUPERSCARELB0403M,PERSCARE,25-34,2006,547.0,
CXUPERSCARELB0403M,PERSCARE,25-34,2007,512.0,
CXUPERSCARELB0403M,PERSCARE,25-34,2008,547.0,
CXUPERSCARELB0403M,PERSCARE,25-34,2009,555.0,
CXUPERSCARELB0403M,PERSCARE,25-34,2010,517.0,
CXUPERSCARELB0403M,PERSCARE,25-34,2011,570.0,
CXUPERSCARELB0403M,PERSCARE,25-34,2012,574.0,
CXUPERSCARELB0403M,PERSCARE,25-34,2013,538.0,
CXUPERSCARELB0403M,PERSCARE,25-34,2014,533.0,
CXUPERSCARELB0403M,PERSCARE,25-34,2015,611.0,
CXUPERSCARELB0403M,PERSCARE,25-34,2016,603.0,
CXUPERSCARELB0403M,PERSCARE,25-34,2017,643.0,
CXUPERSCARELB0403M,PERSCARE,25-34,2018,676.0,
CXUPERSCARELB0403M,PERSCARE,25-34,2019,608.0,
CXUPERSCARELB0403M,PERSCARE,25-34,2020,648.0,
CXUPERSCARELB0403M,PERSCARE,25-34,2021,747.0,
CXUPERSCARELB0403M,PERSCARE,25-34,2022,880.0,
CXUPERSCARELB0403M,PERSCARE,25-34,2023,899.0,
CXUPERSCARELB0403M,PERSCARE,25-34,2024,863.0,
CXUPERSCARELB0404M,PERSCARE,35-44,1984,347.0,
CXUPERSCARELB0404M,PERSCARE,35-44,1985,358.0,
CXUPERSCARELB0404M,PERSCARE,35-44,1986,394.0,
CXUPERSCARELB0404M,PERSCARE,35-44,1987,399.0,
CXUPERSCARELB0404M,PERSCARE,35-44,1988,427.0,
CXUPERSCARELB0404M,PERSCARE,35-44,1989,436.0,
CXUPERSCARELB0404M,PERSCARE,35-44,1990,447.0,
CXUPERSCARELB0404M,PERSCARE,35-44,1991,478.0,
CXUPERSCARELB0404M,PERSCARE,35-44,1992,461.0,
CXUPERSCARELB0404M,PERSCARE,35-44,1993,455.0,
CXUPERSCARELB0404M,PERSCARE,35-44,1994,457.0,
CXUPERSCARELB0404M,PERSCARE,35-44,1995,450.0,
CXUPERSCARELB0404M,PERSCARE,35-44,1996,584.0,
CXUPERSCARELB0404M,PERSCARE,35-44,1997,586.0,
CXUPERSCARELB0404M,PERSCARE,35-44,1998,435.0,
CXUPERSCARELB0404M,PERSCARE,35-44,1999,471.0,
CXUPERSCARELB0404M,PERSCARE,35-44,2000,644.0,
CXUPERSCARELB0404M,PERSCARE,35-44,2001,525.0,
CXUPERSCARELB0404M,PERSCARE,35-44,2002,615.0,
CXUPERSCARELB0404M,PERSCARE,35-44,2003,602.0,
CXUPERSCARELB0404M,PERSCARE,35-44,2004,660.0,
CXUPERSCARELB0404M,PERSCARE,35-44,2005,627.0,
CXUPERSCARELB0404M,PERSCARE,35-44,2006,688.0,
CXUPERSCARELB0404M,PERSCARE,35-44,2007,662.0,
CXUPERSCARELB0404M,PERSCARE,35-44,2008,728.0,
CXUPERSCARELB0404M,PERSCARE,35-44,2009,685.0,
CXUPERSCARELB0404M,PERSCARE,35-44,2010,682.0,
CXUPERSCARELB0404M,PERSCARE,35-44,2011,736.0,
CXUPERSCARELB0404M,PERSCARE,35-44,2012,694.0,
CXUPERSCARELB0404M,PERSCARE,35-44,2013,672.0,
CXUPERSCARELB0404M,PERSCARE,35-44,2014,741.0,
CXUPERSCARELB0404M,PERSCARE,35-44,2015,818.0,
CXUPERSCARELB0404M,PERSCARE,35-44,2016,807.0,
CXUPERSCARELB0404M,PERSCARE,35-44,2017,959.0,
CXUPERSCARELB0404M,PERSCARE,35-44,2018,877.0,
CXUPERSCARELB0404M,PERSCARE,35-44,2019,907.0,
CXUPERSCARELB0404M,PERSCARE,35-44,2020,742.0,
CXUPERSCARELB0404M,PERSCARE,35-44,2021,865.0,
CXUPERSCARELB0404M,PERSCARE,35-44,2022,986.0,
CXUPERSCARELB0404M,PERSCARE,35-44,2023,1072.0,
CXUPERSCARELB0404M,PERSCARE,35-44,2024,1202.0,
CXUPERSCARELB0405M,PERSCARE,45-54,1984,388.0,
CXUPERSCARELB0405M,PERSCARE,45-54,1985,440.0,
CXUPERSCARELB0405M,PERSCARE,45-54,1986,392.0,
CXUPERSCARELB0405M,PERSCARE,45-54,1987,411.0,
CXUPERSCARELB0405M,PERSCARE,45-54,1988,446.0,
CXUPERSCARELB0405M,PERSCARE,45-54,1989,456.0,
CXUPERSCARELB0405M,PERSCARE,45-54,1990,478.0,
CXUPERSCARELB0405M,PERSCARE,45-54,1991,490.0,
CXUPERSCARELB0405M,PERSCARE,45-54,1992,481.0,
CXUPERSCARELB0405M,PERSCARE,45-54,1993,478.0,
CXUPERSCARELB0405M,PERSCARE,45-54,1994,507.0,
CXUPERSCARELB0405M,PERSCARE,45-54,1995,517.0,
CXUPERSCARELB0405M,PERSCARE,45-54,1996,645.0,
CXUPERSCARELB0405M,PERSCARE,45-54,1997,637.0,
CXUPERSCARELB0405M,PERSCARE,45-54,1998,515.0,
CXUPERSCARELB0405M,PERSCARE,45-54,1999,475.0,
CXUPERSCARELB0405M,PERSCARE,45-54,2000,682.0,
CXUPERSCARELB0405M,PERSCARE,45-54,2001,585.0,
CXUPERSCARELB0405M,PERSCARE,45-54,2002,588.0,
CXUPERSCARELB0405M,PERSCARE,45-54,2003,616.0,
CXUPERSCARELB0405M,PERSCARE,45-54,2004,690.0,
CXUPERSCARELB0405M,PERSCARE,45-54,2005,627.0,
CXUPERSCARELB0405M,PERSCARE,45-54,2006,696.0,
CXUPERSCARELB0405M,PERSCARE,45-54,2007,686.0,
CXUPERSCARELB0405M,PERSCARE,45-54,2008,736.0,
CXUPERSCARELB0405M,PERSCARE,45-54,2009,666.0,
CXUPERSCARELB0405M,PERSCARE,45-54,2010,673.0,
CXUPERSCARELB0405M,PERSCARE,45-54,2011,709.0,
CXUPERSCARELB0405M,PERSCARE,45-54,2012,707.0,
CXUPERSCARELB0405M,PERSCARE,45-54,2013,723.0,
CXUPERSCARELB0405M,PERSCARE,45-54,2014,793.0,
CXUPERSCARELB0405M,PERSCARE,45-54,2015,821.0,
CXUPERSCARELB0405M,PERSCARE,45-54,2016,873.0,
CXUPERSCARELB0405M,PERSCARE,45-54,2017,927.0,
CXUPERSCARELB0405M,PERSCARE,45-54,2018,951.0,
CXUPERSCARELB0405M,PERSCARE,45-54,2019,1002.0,
CXUPERSCARELB0405M,PERSCARE,45-54,2020,834.0,
CXUPERSCARELB0405M,PERSCARE,45-54,2021,962.0,
CXUPERSCARELB0405M,PERSCARE,45-54,2022,1050.0,
CXUPERSCARELB0405M,PERSCARE,45-54,2023,1228.0,
CXUPERSCARELB0405M,PERSCARE,45-54,2024,1226.0,
CXUPERSCARELB0406M,PERSCARE,55-64,1984,326.0,
CXUPERSCARELB0406M,PERSCARE,55-64,1985,326.0,
CXUPERSCARELB0406M,PERSCARE,55-64,1986,327.0,
CXUPERSCARELB0406M,PERSCARE,55-64,1987,389.0,
CXUPERSCARELB0406M,PERSCARE,55-64,1988,330.0,
CXUPERSCARELB0406M,PERSCARE,55-64,1989,405.0,
CXUPERSCARELB0406M,PERSCARE,55-64,1990,412.0,
CXUPERSCARELB0406M,PERSCARE,55-64,1991,409.0,
CXUPERSCARELB0406M,PERSCARE,55-64,1992,408.0,
CXUPERSCARELB0406M,PERSCARE,55-64,1993,384.0,
CXUPERSCARELB0406M,PERSCARE,55-64,1994,393.0,
CXUPERSCARELB0406M,PERSCARE,55-64,1995,407.0,
CXUPERSCARELB0406M,PERSCARE,55-64,1996,531.0,
CXUPERSCARELB0406M,PERSCARE,55-64,1997,541.0,
CXUPERSCARELB0406M,PERSCARE,55-64,1998,413.0,
CXUPERSCARELB0406M,PERSCARE,55-64,1999,449.0,
CXUPERSCARELB0406M,PERSCARE,55-64,2000,569.0,
CXUPERSCARELB0406M,PERSCARE,55-64,2001,542.0,
CXUPERSCARELB0406M,PERSCARE,55-64,2002,557.0,
CXUPERSCARELB0406M,PERSCARE,55-64,2003,549.0,
CXUPERSCARELB0406M,PERSCARE,55-64,2004,628.0,
CXUPERSCARELB0406M,PERSCARE,55-64,2005,550.0,
CXUPERSCARELB0406M,PERSCARE,55-64,2006,586.0,
CXUPERSCARELB0406M,PERSCARE,55-64,2007,632.0,
CXUPERSCARELB0406M,PERSCARE,55-64,2008,630.0,
CXUPERSCARELB0406M,PERSCARE,55-64,2009,617.0,
CXUPERSCARELB0406M,PERSCARE,55-64,2010,599.0,
CXUPERSCARELB0406M,PERSCARE,55-64,2011,695.0,
CXUPERSCARELB0406M,PERSCARE,55-64,2012,696.0,
CXUPERSCARELB0406M,PERSCARE,55-64,2013,638.0,
CXUPERSCARELB0406M,PERSCARE,55-64,2014,674.0,
CXUPERSCARELB0406M,PERSCARE,55-64,2015,714.0,
CXUPERSCARELB0406M,PERSCARE,55-64,2016,741.0,
CXUPERSCARELB0406M,PERSCARE,55-64,2017,750.0,
CXUPERSCARELB0406M,PERSCARE,55-64,2018,787.0,
CXUPERSCARELB0406M,PERSCARE,55-64,2019,835.0,
CXUPERSCARELB0406M,PERSCARE,55-64,2020,627.0,
CXUPERSCARELB0406M,PERSCARE,55-64,2021,809.0,
CXUPERSCARELB0406M,PERSCARE,55-64,2022,899.0,
CXUPERSCARELB0406M,PERSCARE,55-64,2023,960.0,
CXUPERSCARELB0406M,PERSCARE,55-64,2024,1023.0,
CXUPERSCARELB0407M,PERSCARE,65+,1988,231.0,
CXUPERSCARELB0407M,PERSCARE,65+,1989,277.0,
CXUPERSCARELB0407M,PERSCARE,65+,1990,268.0,
CXUPERSCARELB0407M,PERSCARE,65+,1991,316.0,
CXUPERSCARELB0407M,PERSCARE,65+,1992,306.0,
CXUPERSCARELB0407M,PERSCARE,65+,1993,323.0,
CXUPERSCARELB0407M,PERSCARE,65+,1994,311.0,
CXUPERSCARELB0407M,PERSCARE,65+,1995,326.0,
CXUPERSCARELB0407M,PERSCARE,65+,1996,422.0,
CXUPERSCARELB0407M,PERSCARE,65+,1997,441.0,
CXUPERSCARELB0407M,PERSCARE,65+,1998,330.0,
CXUPERSCARELB0407M,PERSCARE,65+,1999,333.0,
CXUPERSCARELB0407M,PERSCARE,65+,2000,426.0,
CXUPERSCARELB0407M,PERSCARE,65+,2001,396.0,
CXUPERSCARELB0407M,PERSCARE,65+,2002,451.0,
CXUPERSCARELB0407M,PERSCARE,65+,2003,440.0,
CXUPERSCARELB0407M,PERSCARE,65+,2004,468.0,
CXUPERSCARELB0407M,PERSCARE,65+,2005,462.0,
CXUPERSCARELB0407M,PERSCARE,65+,2006,475.0,
CXUPERSCARELB0407M,PERSCARE,65+,2007,528.0,
CXUPERSCARELB0407M,PERSCARE,65+,2008,512.0,
CXUPERSCARELB0407M,PERSCARE,65+,2009,531.0,
CXUPERSCARELB0407M,PERSCARE,65+,2010,517.0,
CXUPERSCARELB0407M,PERSCARE,65+,2011,567.0,
CXUPERSCARELB0407M,PERSCARE,65+,2012,569.0,
CXUPERSCARELB0407M,PERSCARE,65+,2013,563.0,
CXUPERSCARELB0407M,PERSCARE,65+,2014,609.0,
CXUPERSCARELB0407M,PERSCARE,65+,2015,573.0,
CXUPERSCARELB0407M,PERSCARE,65+,2016,634.0,
CXUPERSCARELB0407M,PERSCARE,65+,2017,670.0,
CXUPERSCARELB0407M,PERSCARE,65+,2018,682.0,
CXUPERSCARELB0407M,PERSCARE,65+,2019,715.0,
CXUPERSCARELB0407M,PERSCARE,65+,2020,505.0,
CXUPERSCARELB0407M,PERSCARE,65+,2021,627.0,
CXUPERSCARELB0407M,PERSCARE,65+,2022,706.0,
CXUPERSCARELB0407M,PERSCARE,65+,2023,772.0,
CXUPERSCARELB0407M,PERSCARE,65+,2024,782.0,
CXUPERSCARELB0408M,PERSCARE,65-74,1984,249.0,
CXUPERSCARELB0408M,PERSCARE,65-74,1985,255.0,
CXUPERSCARELB0408M,PERSCARE,65-74,1986,244.0,
CXUPERSCARELB0408M,PERSCARE,65-74,1987,286.0,
CXUPERSCARELB0408M,PERSCARE,65-74,1988,276.0,
CXUPERSCARELB0408M,PERSCARE,65-74,1989,314.0,
CXUPERSCARELB0408M,PERSCARE,65-74,1990,305.0,
CXUPERSCARELB0408M,PERSCARE,65-74,1991,346.0,
CXUPERSCARELB0408M,PERSCARE,65-74,1992,333.0,
CXUPERSCARELB0408M,PERSCARE,65-74,1993,328.0,
CXUPERSCARELB0408M,PERSCARE,65-74,1994,331.0,
CXUPERSCARELB0408M,PERSCARE,65-74,1995,380.0,
CXUPERSCARELB0408M,PERSCARE,65-74,1996,464.0,
CXUPERSCARELB0408M,PERSCARE,65-74,1997,494.0,
CXUPERSCARELB0408M,PERSCARE,65-74,1998,338.0,
CXUPERSCARELB0408M,PERSCARE,65-74,1999,370.0,
CXUPERSCARELB0408M,PERSCARE,65-74,2000,479.0,
CXUPERSCARELB0408M,PERSCARE,65-74,2001,441.0,
CXUPERSCARELB0408M,PERSCARE,65-74,2002,509.0,
CXUPERSCARELB0408M,PERSCARE,65-74,2003,491.0,
CXUPERSCARELB0408M,PERSCARE,65-74,2004,514.0,
CXUPERSCARELB0408M,PERSCARE,65-74,2005,495.0,
CXUPERSCARELB0408M,PERSCARE,65-74,2006,527.0,
CXUPERSCARELB0408M,PERSCARE,65-74,2007,599.0,
CXUPERSCARELB0408M,PERSCARE,65-74,2008,559.0,
CXUPERSCARELB0408M,PERSCARE,65-74,2009,600.0,
CXUPERSCARELB0408M,PERSCARE,65-74,2010,571.0,
CXUPERSCARELB0408M,PERSCARE,65-74,2011,609.0,
CXUPERSCARELB0408M,PERSCARE,65-74,2012,652.0,
CXUPERSCARELB0408M,PERSCARE,65-74,2013,619.0,
CXUPERSCARELB0408M,PERSCARE,65-74,2014,692.0,
CXUPERSCARELB0408M,PERSCARE,65-74,2015,608.0,
CXUPERSCARELB0408M,PERSCARE,65-74,2016,700.0,
CXUPERSCARELB0408M,PERSCARE,65-74,2017,726.0,
CXUPERSCARELB0408M,PERSCARE,65-74,2018,759.0,
CXUPERSCARELB0408M,PERSCARE,65-74,2019,737.0,
CXUPERSCARELB0408M,PERSCARE,65-74,2020,536.0,
CXUPERSCARELB0408M,PERSCARE,65-74,2021,642.0,
CXUPERSCARELB0408M,PERSCARE,65-74,2022,790.0,
CXUPERSCARELB0408M,PERSCARE,65-74,2023,806.0,
CXUPERSCARELB0408M,PERSCARE,65-74,2024,817.0,
CXUPERSCARELB0409M,PERSCARE,75+,1984,168.0,
CXUPERSCARELB0409M,PERSCARE,75+,1985,193.0,
CXUPERSCARELB0409M,PERSCARE,75+,1986,162.0,
CXUPERSCARELB0409M,PERSCARE,75+,1987,220.0,
CXUPERSCARELB0409M,PERSCARE,75+,1988,164.0,
CXUPERSCARELB0409M,PERSCARE,75+,1989,225.0,
CXUPERSCARELB0409M,PERSCARE,75+,1990,218.0,
CXUPERSCARELB0409M,PERSCARE,75+,1991,275.0,
CXUPERSCARELB0409M,PERSCARE,75+,1992,271.0,
CXUPERSCARELB0409M,PERSCARE,75+,1993,318.0,
CXUPERSCARELB0409M,PERSCARE,75+,1994,285.0,
CXUPERSCARELB0409M,PERSCARE,75+,1995,260.0,
CXUPERSCARELB0409M,PERSCARE,75+,1996,371.0,
CXUPERSCARELB0409M,PERSCARE,75+,1997,376.0,
CXUPERSCARELB0409M,PERSCARE,75+,1998,320.0,
CXUPERSCARELB0409M,PERSCARE,75+,1999,295.0,
CXUPERSCARELB0409M,PERSCARE,75+,2000,368.0,
CXUPERSCARELB0409M,PERSCARE,75+,2001,347.0,
CXUPERSCARELB0409M,PERSCARE,75+,2002,390.0,
CXUPERSCARELB0409M,PERSCARE,75+,2003,387.0,
CXUPERSCARELB0409M,PERSCARE,75+,2004,421.0,
CXUPERSCARELB0409M,PERSCARE,75+,2005,427.0,
CXUPERSCARELB0409M,PERSCARE,75+,2006,421.0,
CXUPERSCARELB0409M,PERSCARE,75+,2007,451.0,
CXUPERSCARELB0409M,PERSCARE,75+,2008,456.0,
CXUPERSCARELB0409M,PERSCARE,75+,2009,456.0,
CXUPERSCARELB0409M,PERSCARE,75+,2010,455.0,
CXUPERSCARELB0409M,PERSCARE,75+,2011,517.0,
CXUPERSCARELB0409M,PERSCARE,75+,2012,465.0,
CXUPERSCARELB0409M,PERSCARE,75+,2013,491.0,
CXUPERSCARELB0409M,PERSCARE,75+,2014,499.0,
CXUPERSCARELB0409M,PERSCARE,75+,2015,526.0,
CXUPERSCARELB0409M,PERSCARE,75+,2016,544.0,
CXUPERSCARELB0409M,PERSCARE,75+,2017,592.0,
CXUPERSCARELB0409M,PERSCARE,75+,2018,571.0,
CXUPERSCARELB0409M,PERSCARE,75+,2019,685.0,
CXUPERSCARELB0409M,PERSCARE,75+,2020,462.0,
CXUPERSCARELB0409M,PERSCARE,75+,2021,606.0,
CXUPERSCARELB0409M,PERSCARE,75+,2022,586.0,
CXUPERSCARELB0409M,PERSCARE,75+,2023,723.0,
CXUPERSCARELB0409M,PERSCARE,75+,2024,734.0,
CXUPERSCARELB0401M,PERSCARE,All CUs,1984,289.0,
CXUPERSCARELB0401M,PERSCARE,All CUs,1985,303.0,
CXUPERSCARELB0401M,PERSCARE,All CUs,1986,303.0,
CXUPERSCARELB0401M,PERSCARE,All CUs,1987,330.0,
CXUPERSCARELB0401M,PERSCARE,All CUs,1988,334.0,
CXUPERSCARELB0401M,PERSCARE,All CUs,1989,366.0,
CXUPERSCARELB0401M,PERSCARE,All CUs,1990,364.0,
CXUPERSCARELB0401M,PERSCARE,All CUs,1991,399.0,
CXUPERSCARELB0401M,PERSCARE,All CUs,1992,387.0,
CXUPERSCARELB0401M,PERSCARE,All CUs,1993,385.0,
CXUPERSCARELB0401M,PERSCARE,All CUs,1994,397.0,
CXUPERSCARELB0401M,PERSCARE,All CUs,1995,403.0,
CXUPERSCARELB0401M,PERSCARE,All CUs,1996,513.0,
CXUPERSCARELB0401M,PERSCARE,All CUs,1997,528.0,
CXUPERSCARELB0401M,PERSCARE,All CUs,1998,401.0,
CXUPERSCARELB0401M,PERSCARE,All CUs,1999,408.0,
CXUPERSCARELB0401M,PERSCARE,All CUs,2000,564.0,
CXUPERSCARELB0401M,PERSCARE,All CUs,2001,485.0,
CXUPERSCARELB0401M,PERSCARE,All CUs,2002,526.0,
CXUPERSCARELB0401M,PERSCARE,All CUs,2003,527.0,
CXUPERSCARELB0401M,PERSCARE,All CUs,2004,581.0,
CXUPERSCARELB0401M,PERSCARE,All CUs,2005,541.0,
CXUPERSCARELB0401M,PERSCARE,All CUs,2006,585.0,
CXUPERSCARELB0401M,PERSCARE,All CUs,2007,588.0,
CXUPERSCARELB0401M,PERSCARE,All CUs,2008,616.0,
CXUPERSCARELB0401M,PERSCARE,All CUs,2009,596.0,
CXUPERSCARELB0401M,PERSCARE,All CUs,2010,582.0,
CXUPERSCARELB0401M,PERSCARE,All CUs,2011,634.0,
CXUPERSCARELB0401M,PERSCARE,All CUs,2012,628.0,
CXUPERSCARELB0401M,PERSCARE,All CUs,2013,608.0,
CXUPERSCARELB0401M,PERSCARE,All CUs,2014,645.0,
CXUPERSCARELB0401M,PERSCARE,All CUs,2015,683.0,
CXUPERSCARELB0401M,PERSCARE,All CUs,2016,707.0,
CXUPERSCARELB0401M,PERSCARE,All CUs,2017,762.0,
CXUPERSCARELB0401M,PERSCARE,All CUs,2018,768.0,
CXUPERSCARELB0401M,PERSCARE,All CUs,2019,786.0,
CXUPERSCARELB0401M,PERSCARE,All CUs,2020,646.0,
CXUPERSCARELB0401M,PERSCARE,All CUs,2021,771.0,
CXUPERSCARELB0401M,PERSCARE,All CUs,2022,866.0,
CXUPERSCARELB0401M,PERSCARE,All CUs,2023,950.0,
CXUPERSCARELB0401M,PERSCARE,All CUs,2024,978.0,
CXUPERSCARELB0402M,PERSCARE,Under 25,1984,160.0,
CXUPERSCARELB0402M,PERSCARE,Under 25,1985,189.0,
CXUPERSCARELB0402M,PERSCARE,Under 25,1986,181.0,
CXUPERSCARELB0402M,PERSCARE,Under 25,1987,169.0,
CXUPERSCARELB0402M,PERSCARE,Under 25,1988,204.0,
CXUPERSCARELB0402M,PERSCARE,Under 25,1989,256.0,
CXUPERSCARELB0402M,PERSCARE,Under 25,1990,212.0,
CXUPERSCARELB0402M,PERSCARE,Under 25,1991,239.0,
CXUPERSCARELB0402M,PERSCARE,Under 25,1992,253.0,
CXUPERSCARELB0402M,PERSCARE,Under 25,1993,228.0,
CXUPERSCARELB0402M,PERSCARE,Under 25,1994,234.0,
CXUPERSCARELB0402M,PERSCARE,Under 25,1995,243.0,
CXUPERSCARELB0402M,PERSCARE,Under 25,1996,287.0,
CXUPERSCARELB0402M,PERSCARE,Under 25,1997,292.0,
CXUPERSCARELB0402M,PERSCARE,Under 25,1998,262.0,
CXUPERSCARELB0402M,PERSCARE,Under 25,1999,254.0,
CXUPERSCARELB0402M,PERSCARE,Under 25,2000,345.0,
CXUPERSCARELB0402M,PERSCARE,Under 25,2001,307.0,
CXUPERSCARELB0402M,PERSCARE,Under 25,2002,329.0,
CXUPERSCARELB0402M,PERSCARE,Under 25,2003,326.0,
CXUPERSCARELB0402M,PERSCARE,Under 25,2004,334.0,
CXUPERSCARELB0402M,PERSCARE,Under 25,2005,337.0,
CXUPERSCARELB0402M,PERSCARE,Under 25,2006,348.0,
CXUPERSCARELB0402M,PERSCARE,Under 25,2007,337.0,
CXUPERSCARELB0402M,PERSCARE,Under 25,2008,370.0,
CXUPERSCARELB0402M,PERSCARE,Under 25,2009,360.0,
CXUPERSCARELB0402M,PERSCARE,Under 25,2010,347.0,
CXUPERSCARELB0402M,PERSCARE,Under 25,2011,324.0,
CXUPERSCARELB0402M,PERSCARE,Under 25,2012,360.0,
CXUPERSCARELB0402M,PERSCARE,Under 25,2013,342.0,
CXUPERSCARELB0402M,PERSCARE,Under 25,2014,307.0,
CXUPERSCARELB0402M,PERSCARE,Under 25,2015,406.0,
CXUPERSCARELB0402M,PERSCARE,Under 25,2016,387.0,
CXUPERSCARELB0402M,PERSCARE,Under 25,2017,473.0,
CXUPERSCARELB0402M,PERSCARE,Under 25,2018,475.0,
CXUPERSCARELB0402M,PERSCARE,Under 25,2019,479.0,
CXUPERSCARELB0402M,PERSCARE,Under 25,2020,468.0,
CXUPERSCARELB0402M,PERSCARE,Under 25,2021,507.0,
CXUPERSCARELB0402M,PERSCARE,Under 25,2022,540.0,
CXUPERSCARELB0402M,PERSCARE,Under 25,2023,680.0,
CXUPERSCARELB0402M,PERSCARE,Under 25,2024,647.0,
CXUPERSTAXLB0403M,PERSTAX,25-34,1984,2572.0,1
CXUPERSTAXLB0403M,PERSTAX,25-34,1985,2510.0,1
CXUPERSTAXLB0403M,PERSTAX,25-34,1986,2368.0,1
CXUPERSTAXLB0403M,PERSTAX,25-34,1987,2513.0,1
CXUPERSTAXLB0403M,PERSTAX,25-34,1988,2390.0,1
CXUPERSTAXLB0403M,PERSTAX,25-34,1989,2704.0,1
CXUPERSTAXLB0403M,PERSTAX,25-34,1990,2954.0,1
CXUPERSTAXLB0403M,PERSTAX,25-34,1991,3169.0,1
CXUPERSTAXLB0403M,PERSTAX,25-34,1992,3010.0,1
CXUPERSTAXLB0403M,PERSTAX,25-34,1993,2701.0,1
CXUPERSTAXLB0403M,PERSTAX,25-34,1994,2873.0,1
CXUPERSTAXLB0403M,PERSTAX,25-34,1995,3296.0,1
CXUPERSTAXLB0403M,PERSTAX,25-34,1996,3272.0,1
CXUPERSTAXLB0403M,PERSTAX,25-34,1997,3376.0,1
CXUPERSTAXLB0403M,PERSTAX,25-34,1998,3352.0,1
CXUPERSTAXLB0403M,PERSTAX,25-34,1999,3065.0,1
CXUPERSTAXLB0403M,PERSTAX,25-34,2000,2833.0,1
CXUPERSTAXLB0403M,PERSTAX,25-34,2001,2934.0,1
CXUPERSTAXLB0403M,PERSTAX,25-34,2002,2259.0,1
CXUPERSTAXLB0403M,PERSTAX,25-34,2003,1979.0,1
CXUPERSTAXLB0403M,PERSTAX,25-34,2004,1665.0,
CXUPERSTAXLB0403M,PERSTAX,25-34,2005,1809.0,
CXUPERSTAXLB0403M,PERSTAX,25-34,2006,1532.0,
CXUPERSTAXLB0403M,PERSTAX,25-34,2007,1491.0,
CXUPERSTAXLB0403M,PERSTAX,25-34,2008,1069.0,
CXUPERSTAXLB0403M,PERSTAX,25-34,2009,1707.0,
CXUPERSTAXLB0403M,PERSTAX,25-34,2010,1055.0,
CXUPERSTAXLB0403M,PERSTAX,25-34,2011,1328.0,
CXUPERSTAXLB0403M,PERSTAX,25-34,2012,1395.0,
CXUPERSTAXLB0403M,PERSTAX,25-34,2013,5824.0,8
CXUPERSTAXLB0403M,PERSTAX,25-34,2014,6420.0,8
CXUPERSTAXLB0403M,PERSTAX,25-34,2015,7198.0,8
CXUPERSTAXLB0403M,PERSTAX,25-34,2016,7608.0,8
CXUPERSTAXLB0403M,PERSTAX,25-34,2017,7917.0,8
CXUPERSTAXLB0403M,PERSTAX,25-34,2018,9565.0,8
CXUPERSTAXLB0403M,PERSTAX,25-34,2019,8300.0,8
CXUPERSTAXLB0403M,PERSTAX,25-34,2020,6586.0,8
CXUPERSTAXLB0403M,PERSTAX,25-34,2021,6785.0,8
CXUPERSTAXLB0403M,PERSTAX,25-34,2022,8745.0,8
CXUPERSTAXLB0403M,PERSTAX,25-34,2023,11575.0,8
CXUPERSTAXLB0404M,PERSTAX,35-44,1984,3027.0,1
CXUPERSTAXLB0404M,PERSTAX,35-44,1985,3075.0,1
CXUPERSTAXLB0404M,PERSTAX,35-44,1986,3087.0,1
CXUPERSTAXLB0404M,PERSTAX,35-44,1987,3574.0,1
CXUPERSTAXLB0404M,PERSTAX,35-44,1988,3201.0,1
CXUPERSTAXLB0404M,PERSTAX,35-44,1989,3984.0,1
CXUPERSTAXLB0404M,PERSTAX,35-44,1990,4471.0,1
CXUPERSTAXLB0404M,PERSTAX,35-44,1991,4288.0,1
CXUPERSTAXLB0404M,PERSTAX,35-44,1992,4405.0,1
CXUPERSTAXLB0404M,PERSTAX,35-44,1993,4127.0,1
CXUPERSTAXLB0404M,PERSTAX,35-44,1994,4090.0,1
CXUPERSTAXLB0404M,PERSTAX,35-44,1995,3794.0,1
CXUPERSTAXLB0404M,PERSTAX,35-44,1996,4185.0,1
CXUPERSTAXLB0404M,PERSTAX,35-44,1997,4278.0,1
CXUPERSTAXLB0404M,PERSTAX,35-44,1998,4132.0,1
CXUPERSTAXLB0404M,PERSTAX,35-44,1999,3963.0,1
CXUPERSTAXLB0404M,PERSTAX,35-44,2000,3874.0,1
CXUPERSTAXLB0404M,PERSTAX,35-44,2001,3576.0,1
CXUPERSTAXLB0404M,PERSTAX,35-44,2002,3075.0,1
CXUPERSTAXLB0404M,PERSTAX,35-44,2003,2817.0,1
CXUPERSTAXLB0404M,PERSTAX,35-44,2004,2313.0,
CXUPERSTAXLB0404M,PERSTAX,35-44,2005,3080.0,
CXUPERSTAXLB0404M,PERSTAX,35-44,2006,3167.0,
CXUPERSTAXLB0404M,PERSTAX,35-44,2007,2489.0,
CXUPERSTAXLB0404M,PERSTAX,35-44,2008,1905.0,
CXUPERSTAXLB0404M,PERSTAX,35-44,2009,2105.0,
CXUPERSTAXLB0404M,PERSTAX,35-44,2010,1992.0,
CXUPERSTAXLB0404M,PERSTAX,35-44,2011,1839.0,
CXUPERSTAXLB0404M,PERSTAX,35-44,2012,1793.0,
CXUPERSTAXLB0404M,PERSTAX,35-44,2013,9233.0,8
CXUPERSTAXLB0404M,PERSTAX,35-44,2014,11599.0,8
CXUPERSTAXLB0404M,PERSTAX,35-44,2015,11959.0,8
CXUPERSTAXLB0404M,PERSTAX,35-44,2016,13305.0,8
CXUPERSTAXLB0404M,PERSTAX,35-44,2017,11173.0,8
CXUPERSTAXLB0404M,PERSTAX,35-44,2018,14195.0,8
CXUPERSTAXLB0404M,PERSTAX,35-44,2019,13786.0,8
CXUPERSTAXLB0404M,PERSTAX,35-44,2020,11429.0,8
CXUPERSTAXLB0404M,PERSTAX,35-44,2021,10260.0,8
CXUPERSTAXLB0404M,PERSTAX,35-44,2022,14887.0,8
CXUPERSTAXLB0404M,PERSTAX,35-44,2023,17391.0,8
CXUPERSTAXLB0405M,PERSTAX,45-54,1984,3073.0,1
CXUPERSTAXLB0405M,PERSTAX,45-54,1985,3248.0,1
CXUPERSTAXLB0405M,PERSTAX,45-54,1986,3359.0,1
CXUPERSTAXLB0405M,PERSTAX,45-54,1987,3877.0,1
CXUPERSTAXLB0405M,PERSTAX,45-54,1988,3935.0,1
CXUPERSTAXLB0405M,PERSTAX,45-54,1989,4119.0,1
CXUPERSTAXLB0405M,PERSTAX,45-54,1990,4070.0,1
CXUPERSTAXLB0405M,PERSTAX,45-54,1991,4585.0,1
CXUPERSTAXLB0405M,PERSTAX,45-54,1992,4527.0,1
CXUPERSTAXLB0405M,PERSTAX,45-54,1993,5138.0,1
CXUPERSTAXLB0405M,PERSTAX,45-54,1994,4972.0,1
CXUPERSTAXLB0405M,PERSTAX,45-54,1995,4923.0,1
CXUPERSTAXLB0405M,PERSTAX,45-54,1996,4678.0,1
CXUPERSTAXLB0405M,PERSTAX,45-54,1997,4863.0,1
CXUPERSTAXLB0405M,PERSTAX,45-54,1998,5448.0,1
CXUPERSTAXLB0405M,PERSTAX,45-54,1999,5363.0,1
CXUPERSTAXLB0405M,PERSTAX,45-54,2000,4740.0,1
CXUPERSTAXLB0405M,PERSTAX,45-54,2001,4594.0,1
CXUPERSTAXLB0405M,PERSTAX,45-54,2002,4051.0,1
CXUPERSTAXLB0405M,PERSTAX,45-54,2003,3949.0,1
CXUPERSTAXLB0405M,PERSTAX,45-54,2004,3673.0,
CXUPERSTAXLB0405M,PERSTAX,45-54,2005,3824.0,
CXUPERSTAXLB0405M,PERSTAX,45-54,2006,3360.0,
CXUPERSTAXLB0405M,PERSTAX,45-54,2007,3485.0,
CXUPERSTAXLB0405M,PERSTAX,45-54,2008,3307.0,
CXUPERSTAXLB0405M,PERSTAX,45-54,2009,3515.0,
CXUPERSTAXLB0405M,PERSTAX,45-54,2010,3323.0,
CXUPERSTAXLB0405M,PERSTAX,45-54,2011,3284.0,
CXUPERSTAXLB0405M,PERSTAX,45-54,2012,2845.0,
CXUPERSTAXLB0405M,PERSTAX,45-54,2013,10831.0,8
CXUPERSTAXLB0405M,PERSTAX,45-54,2014,13515.0,8
CXUPERSTAXLB0405M,PERSTAX,45-54,2015,15403.0,8
CXUPERSTAXLB0405M,PERSTAX,45-54,2016,16339.0,8
CXUPERSTAXLB0405M,PERSTAX,45-54,2017,16274.0,8
CXUPERSTAXLB0405M,PERSTAX,45-54,2018,19214.0,8
CXUPERSTAXLB0405M,PERSTAX,45-54,2019,15710.0,8
CXUPERSTAXLB0405M,PERSTAX,45-54,2020,15986.0,8
CXUPERSTAXLB0405M,PERSTAX,45-54,2021,16436.0,8
CXUPERSTAXLB0405M,PERSTAX,45-54,2022,18734.0,8
CXUPERSTAXLB0405M,PERSTAX,45-54,2023,21948.0,8
CXUPERSTAXLB0406M,PERSTAX,55-64,1984,2444.0,1
CXUPERSTAXLB0406M,PERSTAX,55-64,1985,2406.0,1
CXUPERSTAXLB0406M,PERSTAX,55-64,1986,2845.0,1
CXUPERSTAXLB0406M,PERSTAX,55-64,1987,2901.0,1
CXUPERSTAXLB0406M,PERSTAX,55-64,1988,2653.0,1
CXUPERSTAXLB0406M,PERSTAX,55-64,1989,3658.0,1
CXUPERSTAXLB0406M,PERSTAX,55-64,1990,3507.0,1
CXUPERSTAXLB0406M,PERSTAX,55-64,1991,3884.0,1
CXUPERSTAXLB0406M,PERSTAX,55-64,1992,3709.0,1
CXUPERSTAXLB0406M,PERSTAX,55-64,1993,3318.0,1
CXUPERSTAXLB0406M,PERSTAX,55-64,1994,3399.0,1
CXUPERSTAXLB0406M,PERSTAX,55-64,1995,3125.0,1
CXUPERSTAXLB0406M,PERSTAX,55-64,1996,3566.0,1
CXUPERSTAXLB0406M,PERSTAX,55-64,1997,3500.0,1
CXUPERSTAXLB0406M,PERSTAX,55-64,1998,3404.0,1
CXUPERSTAXLB0406M,PERSTAX,55-64,1999,4243.0,1
CXUPERSTAXLB0406M,PERSTAX,55-64,2000,3999.0,1
CXUPERSTAXLB0406M,PERSTAX,55-64,2001,3532.0,1
CXUPERSTAXLB0406M,PERSTAX,55-64,2002,2856.0,1
CXUPERSTAXLB0406M,PERSTAX,55-64,2003,2827.0,1
CXUPERSTAXLB0406M,PERSTAX,55-64,2004,2987.0,
CXUPERSTAXLB0406M,PERSTAX,55-64,2005,3088.0,
CXUPERSTAXLB0406M,PERSTAX,55-64,2006,3531.0,
CXUPERSTAXLB0406M,PERSTAX,55-64,2007,3083.0,
CXUPERSTAXLB0406M,PERSTAX,55-64,2008,2644.0,
CXUPERSTAXLB0406M,PERSTAX,55-64,2009,3023.0,
CXUPERSTAXLB0406M,PERSTAX,55-64,2010,2295.0,
CXUPERSTAXLB0406M,PERSTAX,55-64,2011,3402.0,
CXUPERSTAXLB0406M,PERSTAX,55-64,2012,4205.0,
CXUPERSTAXLB0406M,PERSTAX,55-64,2013,10870.0,8
CXUPERSTAXLB0406M,PERSTAX,55-64,2014,11538.0,8
CXUPERSTAXLB0406M,PERSTAX,55-64,2015,11278.0,8
CXUPERSTAXLB0406M,PERSTAX,55-64,2016,12660.0,8
CXUPERSTAXLB0406M,PERSTAX,55-64,2017,13517.0,8
CXUPERSTAXLB0406M,PERSTAX,55-64,2018,14991.0,8
CXUPERSTAXLB0406M,PERSTAX,55-64,2019,17741.0,8
CXUPERSTAXLB0406M,PERSTAX,55-64,2020,15718.0,8
CXUPERSTAXLB0406M,PERSTAX,55-64,2021,13221.0,8
CXUPERSTAXLB0406M,PERSTAX,55-64,2022,15229.0,8
CXUPERSTAXLB0406M,PERSTAX,55-64,2023,20629.0,8
CXUPERSTAXLB0407M,PERSTAX,65+,1988,937.0,1
CXUPERSTAXLB0407M,PERSTAX,65+,1989,1116.0,1
CXUPERSTAXLB0407M,PERSTAX,65+,1990,1137.0,1
CXUPERSTAXLB0407M,PERSTAX,65+,1991,1489.0,1
CXUPERSTAXLB0407M,PERSTAX,65+,1992,1284.0,1
CXUPERSTAXLB0407M,PERSTAX,65+,1993,1110.0,1
CXUPERSTAXLB0407M,PERSTAX,65+,1994,1294.0,1
CXUPERSTAXLB0407M,PERSTAX,65+,1995,1080.0,1
CXUPERSTAXLB0407M,PERSTAX,65+,1996,1245.0,1
CXUPERSTAXLB0407M,PERSTAX,65+,1997,1325.0,1
CXUPERSTAXLB0407M,PERSTAX,65+,1998,1118.0,1
CXUPERSTAXLB0407M,PERSTAX,65+,1999,1256.0,1
CXUPERSTAXLB0407M,PERSTAX,65+,2000,1330.0,1
CXUPERSTAXLB0407M,PERSTAX,65+,2001,1114.0,1
CXUPERSTAXLB0407M,PERSTAX,65+,2002,1037.0,1
CXUPERSTAXLB0407M,PERSTAX,65+,2003,1878.0,1
CXUPERSTAXLB0407M,PERSTAX,65+,2004,948.0,
CXUPERSTAXLB0407M,PERSTAX,65+,2005,929.0,
CXUPERSTAXLB0407M,PERSTAX,65+,2006,1230.0,
CXUPERSTAXLB0407M,PERSTAX,65+,2007,1126.0,
CXUPERSTAXLB0407M,PERSTAX,65+,2008,500.0,
CXUPERSTAXLB0407M,PERSTAX,65+,2009,807.0,
CXUPERSTAXLB0407M,PERSTAX,65+,2010,660.0,
CXUPERSTAXLB0407M,PERSTAX,65+,2011,907.0,
CXUPERSTAXLB0407M,PERSTAX,65+,2012,744.0,
CXUPERSTAXLB0407M,PERSTAX,65+,2013,3271.0,8
CXUPERSTAXLB0407M,PERSTAX,65+,2014,3222.0,8
CXUPERSTAXLB0407M,PERSTAX,65+,2015,3668.0,8
CXUPERSTAXLB0407M,PERSTAX,65+,2016,4020.0,8
CXUPERSTAXLB0407M,PERSTAX,65+,2017,5046.0,8
CXUPERSTAXLB0407M,PERSTAX,65+,2018,4634.0,8
CXUPERSTAXLB0407M,PERSTAX,65+,2019,6211.0,8
CXUPERSTAXLB0407M,PERSTAX,65+,2020,2158.0,8
CXUPERSTAXLB0407M,PERSTAX,65+,2021,2185.0,8
CXUPERSTAXLB0407M,PERSTAX,65+,2022,4113.0,8
CXUPERSTAXLB0407M,PERSTAX,65+,2023,5358.0,8
CXUPERSTAXLB0408M,PERSTAX,65-74,1984,961.0,1
CXUPERSTAXLB0408M,PERSTAX,65-74,1985,1021.0,1
CXUPERSTAXLB0408M,PERSTAX,65-74,1986,1187.0,1
CXUPERSTAXLB0408M,PERSTAX,65-74,1987,961.0,1
CXUPERSTAXLB0408M,PERSTAX,65-74,1988,1021.0,1
CXUPERSTAXLB0408M,PERSTAX,65-74,1989,1293.0,1
CXUPERSTAXLB0408M,PERSTAX,65-74,1990,1378.0,1
CXUPERSTAXLB0408M,PERSTAX,65-74,1991,1384.0,1
CXUPERSTAXLB0408M,PERSTAX,65-74,1992,1540.0,1
CXUPERSTAXLB0408M,PERSTAX,65-74,1993,1509.0,1
CXUPERSTAXLB0408M,PERSTAX,65-74,1994,1572.0,1
CXUPERSTAXLB0408M,PERSTAX,65-74,1995,1348.0,1
CXUPERSTAXLB0408M,PERSTAX,65-74,1996,1749.0,1
CXUPERSTAXLB0408M,PERSTAX,65-74,1997,1706.0,1
CXUPERSTAXLB0408M,PERSTAX,65-74,1998,1383.0,1
CXUPERSTAXLB0408M,PERSTAX,65-74,1999,1361.0,1
CXUPERSTAXLB0408M,PERSTAX,65-74,2000,1796.0,1
CXUPERSTAXLB0408M,PERSTAX,65-74,2001,1564.0,1
CXUPERSTAXLB0408M,PERSTAX,65-74,2002,1556.0,1
CXUPERSTAXLB0408M,PERSTAX,65-74,2003,1455.0,1
CXUPERSTAXLB0408M,PERSTAX,65-74,2004,1010.0,
CXUPERSTAXLB0408M,PERSTAX,65-74,2005,1226.0,
CXUPERSTAXLB0408M,PERSTAX,65-74,2006,1759.0,
CXUPERSTAXLB0408M,PERSTAX,65-74,2007,1374.0,
CXUPERSTAXLB0408M,PERSTAX,65-74,2008,830.0,
CXUPERSTAXLB0408M,PERSTAX,65-74,2009,1140.0,
CXUPERSTAXLB0408M,PERSTAX,65-74,2010,1116.0,
CXUPERSTAXLB0408M,PERSTAX,65-74,2011,1360.0,
CXUPERSTAXLB0408M,PERSTAX,65-74,2012,1011.0,
CXUPERSTAXLB0408M,PERSTAX,65-74,2013,4709.0,8
CXUPERSTAXLB0408M,PERSTAX,65-74,2014,4588.0,8
CXUPERSTAXLB0408M,PERSTAX,65-74,2015,4988.0,8
CXUPERSTAXLB0408M,PERSTAX,65-74,2016,5871.0,8
CXUPERSTAXLB0408M,PERSTAX,65-74,2017,7319.0,8
CXUPERSTAXLB0408M,PERSTAX,65-74,2018,6378.0,8
CXUPERSTAXLB0408M,PERSTAX,65-74,2019,8572.0,8
CXUPERSTAXLB0408M,PERSTAX,65-74,2020,3395.0,8
CXUPERSTAXLB0408M,PERSTAX,65-74,2021,3447.0,8
CXUPERSTAXLB0408M,PERSTAX,65-74,2022,5598.0,8
CXUPERSTAXLB0408M,PERSTAX,65-74,2023,6730.0,8
CXUPERSTAXLB0409M,PERSTAX,75+,1984,758.0,1
CXUPERSTAXLB0409M,PERSTAX,75+,1985,753.0,1
CXUPERSTAXLB0409M,PERSTAX,75+,1986,731.0,1
CXUPERSTAXLB0409M,PERSTAX,75+,1987,632.0,1
CXUPERSTAXLB0409M,PERSTAX,75+,1988,822.0,1
CXUPERSTAXLB0409M,PERSTAX,75+,1989,860.0,1
CXUPERSTAXLB0409M,PERSTAX,75+,1990,829.0,1
CXUPERSTAXLB0409M,PERSTAX,75+,1991,1634.0,1
CXUPERSTAXLB0409M,PERSTAX,75+,1992,966.0,1
CXUPERSTAXLB0409M,PERSTAX,75+,1993,623.0,1
CXUPERSTAXLB0409M,PERSTAX,75+,1994,939.0,1
CXUPERSTAXLB0409M,PERSTAX,75+,1995,754.0,1
CXUPERSTAXLB0409M,PERSTAX,75+,1996,646.0,1
CXUPERSTAXLB0409M,PERSTAX,75+,1997,835.0,1
CXUPERSTAXLB0409M,PERSTAX,75+,1998,787.0,1
CXUPERSTAXLB0409M,PERSTAX,75+,1999,1137.0,1
CXUPERSTAXLB0409M,PERSTAX,75+,2000,804.0,1
CXUPERSTAXLB0409M,PERSTAX,75+,2001,624.0,1
CXUPERSTAXLB0409M,PERSTAX,75+,2002,479.0,1
CXUPERSTAXLB0409M,PERSTAX,75+,2003,2307.0,1
CXUPERSTAXLB0409M,PERSTAX,75+,2004,887.0,
CXUPERSTAXLB0409M,PERSTAX,75+,2005,628.0,
CXUPERSTAXLB0409M,PERSTAX,75+,2006,675.0,
CXUPERSTAXLB0409M,PERSTAX,75+,2007,864.0,
CXUPERSTAXLB0409M,PERSTAX,75+,2008,139.0,
CXUPERSTAXLB0409M,PERSTAX,75+,2009,443.0,
CXUPERSTAXLB0409M,PERSTAX,75+,2010,144.0,
CXUPERSTAXLB0409M,PERSTAX,75+,2011,365.0,6
CXUPERSTAXLB0409M,PERSTAX,75+,2012,413.0,6
CXUPERSTAXLB0409M,PERSTAX,75+,2013,1354.0,8
CXUPERSTAXLB0409M,PERSTAX,75+,2014,1411.0,8
CXUPERSTAXLB0409M,PERSTAX,75+,2015,1855.0,8
CXUPERSTAXLB0409M,PERSTAX,75+,2016,1432.0,8
CXUPERSTAXLB0409M,PERSTAX,75+,2017,1853.0,8
CXUPERSTAXLB0409M,PERSTAX,75+,2018,2177.0,8
CXUPERSTAXLB0409M,PERSTAX,75+,2019,3063.0,8
CXUPERSTAXLB0409M,PERSTAX,75+,2020,442.0,8
CXUPERSTAXLB0409M,PERSTAX,75+,2021,321.0,8
CXUPERSTAXLB0409M,PERSTAX,75+,2022,1997.0,8
CXUPERSTAXLB0409M,PERSTAX,75+,2023,3458.0,8
CXUPERSTAXLB0401M,PERSTAX,All CUs,1984,2227.0,1
CXUPERSTAXLB0401M,PERSTAX,All CUs,1985,2240.0,1
CXUPERSTAXLB0401M,PERSTAX,All CUs,1986,2288.0,1
CXUPERSTAXLB0401M,PERSTAX,All CUs,1987,2455.0,1
CXUPERSTAXLB0401M,PERSTAX,All CUs,1988,2391.0,1
CXUPERSTAXLB0401M,PERSTAX,All CUs,1989,2812.0,1
CXUPERSTAXLB0401M,PERSTAX,All CUs,1990,2952.0,1
CXUPERSTAXLB0401M,PERSTAX,All CUs,1991,3172.0,1
CXUPERSTAXLB0401M,PERSTAX,All CUs,1992,3068.0,1
CXUPERSTAXLB0401M,PERSTAX,All CUs,1993,2978.0,1
CXUPERSTAXLB0401M,PERSTAX,All CUs,1994,3083.0,1
CXUPERSTAXLB0401M,PERSTAX,All CUs,1995,3054.0,1
CXUPERSTAXLB0401M,PERSTAX,All CUs,1996,3150.0,1
CXUPERSTAXLB0401M,PERSTAX,All CUs,1997,3241.0,1
CXUPERSTAXLB0401M,PERSTAX,All CUs,1998,3264.0,1
CXUPERSTAXLB0401M,PERSTAX,All CUs,1999,3299.0,1
CXUPERSTAXLB0401M,PERSTAX,All CUs,2000,3117.0,1
CXUPERSTAXLB0401M,PERSTAX,All CUs,2001,2920.0,1
CXUPERSTAXLB0401M,PERSTAX,All CUs,2002,2496.0,1
CXUPERSTAXLB0401M,PERSTAX,All CUs,2003,2532.0,1
CXUPERSTAXLB0401M,PERSTAX,All CUs,2004,2166.0,
CXUPERSTAXLB0401M,PERSTAX,All CUs,2005,2408.0,
CXUPERSTAXLB0401M,PERSTAX,All CUs,2006,2432.0,
CXUPERSTAXLB0401M,PERSTAX,All CUs,2007,2233.0,
CXUPERSTAXLB0401M,PERSTAX,All CUs,2008,1789.0,
CXUPERSTAXLB0401M,PERSTAX,All CUs,2009,2104.0,
CXUPERSTAXLB0401M,PERSTAX,All CUs,2010,1769.0,
CXUPERSTAXLB0401M,PERSTAX,All CUs,2011,2012.0,
CXUPERSTAXLB0401M,PERSTAX,All CUs,2012,2226.0,
CXUPERSTAXLB0401M,PERSTAX,All CUs,2013,7432.0,8
CXUPERSTAXLB0401M,PERSTAX,All CUs,2014,8513.0,8
CXUPERSTAXLB0401M,PERSTAX,All CUs,2015,9178.0,8
CXUPERSTAXLB0401M,PERSTAX,All CUs,2016,10489.0,8
CXUPERSTAXLB0401M,PERSTAX,All CUs,2017,9967.0,8
CXUPERSTAXLB0401M,PERSTAX,All CUs,2018,11394.0,8
CXUPERSTAXLB0401M,PERSTAX,All CUs,2019,11364.0,8
CXUPERSTAXLB0401M,PERSTAX,All CUs,2020,9402.0,8
CXUPERSTAXLB0401M,PERSTAX,All CUs,2021,8689.0,8
CXUPERSTAXLB0401M,PERSTAX,All CUs,2022,11060.0,8
CXUPERSTAXLB0401M,PERSTAX,All CUs,2023,13937.0,8
CXUPERSTAXLB0402M,PERSTAX,Under 25,1984,1044.0,1
CXUPERSTAXLB0402M,PERSTAX,Under 25,1985,838.0,1
CXUPERSTAXLB0402M,PERSTAX,Under 25,1986,919.0,1
CXUPERSTAXLB0402M,PERSTAX,Under 25,1987,928.0,1
CXUPERSTAXLB0402M,PERSTAX,Under 25,1988,1008.0,1
CXUPERSTAXLB0402M,PERSTAX,Under 25,1989,995.0,1
CXUPERSTAXLB0402M,PERSTAX,Under 25,1990,843.0,1
CXUPERSTAXLB0402M,PERSTAX,Under 25,1991,799.0,1
CXUPERSTAXLB0402M,PERSTAX,Under 25,1992,786.0,1
CXUPERSTAXLB0402M,PERSTAX,Under 25,1993,873.0,1
CXUPERSTAXLB0402M,PERSTAX,Under 25,1994,956.0,1
CXUPERSTAXLB0402M,PERSTAX,Under 25,1995,1079.0,1
CXUPERSTAXLB0402M,PERSTAX,Under 25,1996,887.0,1
CXUPERSTAXLB0402M,PERSTAX,Under 25,1997,660.0,1
CXUPERSTAXLB0402M,PERSTAX,Under 25,1998,866.0,1
CXUPERSTAXLB0402M,PERSTAX,Under 25,1999,845.0,1
CXUPERSTAXLB0402M,PERSTAX,Under 25,2000,931.0,1
CXUPERSTAXLB0402M,PERSTAX,Under 25,2001,439.0,1
CXUPERSTAXLB0402M,PERSTAX,Under 25,2002,567.0,1
CXUPERSTAXLB0402M,PERSTAX,Under 25,2003,421.0,1
CXUPERSTAXLB0402M,PERSTAX,Under 25,2004,333.0,
CXUPERSTAXLB0402M,PERSTAX,Under 25,2005,373.0,
CXUPERSTAXLB0402M,PERSTAX,Under 25,2006,522.0,
CXUPERSTAXLB0402M,PERSTAX,Under 25,2007,641.0,
CXUPERSTAXLB0402M,PERSTAX,Under 25,2008,219.0,
CXUPERSTAXLB0402M,PERSTAX,Under 25,2009,173.0,
CXUPERSTAXLB0402M,PERSTAX,Under 25,2010,104.0,
CXUPERSTAXLB0402M,PERSTAX,Under 25,2011,19.0,6
CXUPERSTAXLB0402M,PERSTAX,Under 25,2012,2969.0,6
CXUPERSTAXLB0402M,PERSTAX,Under 25,2013,1355.0,8
CXUPERSTAXLB0402M,PERSTAX,Under 25,2014,1563.0,8
CXUPERSTAXLB0402M,PERSTAX,Under 25,2015,1995.0,8
CXUPERSTAXLB0402M,PERSTAX,Under 25,2016,11508.0,8
CXUPERSTAXLB0402M,PERSTAX,Under 25,2017,1791.0,8
CXUPERSTAXLB0402M,PERSTAX,Under 25,2018,2475.0,8
CXUPERSTAXLB0402M,PERSTAX,Under 25,2019,2541.0,8
CXUPERSTAXLB0402M,PERSTAX,Under 25,2020,1764.0,8
CXUPERSTAXLB0402M,PERSTAX,Under 25,2021,1657.0,8
CXUPERSTAXLB0402M,PERSTAX,Under 25,2022,1819.0,8
CXUPERSTAXLB0402M,PERSTAX,Under 25,2023,4829.0,8
CXUREADINGLB0403M,READING,25-34,1984,133.0,
CXUREADINGLB0403M,READING,25-34,1985,129.0,
CXUREADINGLB0403M,READING,25-34,1986,124.0,
CXUREADINGLB0403M,READING,25-34,1987,131.0,
CXUREADINGLB0403M,READING,25-34,1988,131.0,
CXUREADINGLB0403M,READING,25-34,1989,137.0,
CXUREADINGLB0403M,READING,25-34,1990,134.0,
CXUREADINGLB0403M,READING,25-34,1991,140.0,
CXUREADINGLB0403M,READING,25-34,1992,142.0,
CXUREADINGLB0403M,READING,25-34,1993,137.0,
CXUREADINGLB0403M,READING,25-34,1994,136.0,
CXUREADINGLB0403M,READING,25-34,1995,134.0,
CXUREADINGLB0403M,READING,25-34,1996,126.0,
CXUREADINGLB0403M,READING,25-34,1997,132.0,
CXUREADINGLB0403M,READING,25-34,1998,135.0,
CXUREADINGLB0403M,READING,25-34,1999,116.0,
CXUREADINGLB0403M,READING,25-34,2000,118.0,
CXUREADINGLB0403M,READING,25-34,2001,111.0,
CXUREADINGLB0403M,READING,25-34,2002,103.0,
CXUREADINGLB0403M,READING,25-34,2003,99.0,
CXUREADINGLB0403M,READING,25-34,2004,94.0,
CXUREADINGLB0403M,READING,25-34,2005,89.0,
CXUREADINGLB0403M,READING,25-34,2006,82.0,
CXUREADINGLB0403M,READING,25-34,2007,72.0,
CXUREADINGLB0403M,READING,25-34,2008,79.0,
CXUREADINGLB0403M,READING,25-34,2009,69.0,
CXUREADINGLB0403M,READING,25-34,2010,61.0,
CXUREADINGLB0403M,READING,25-34,2011,74.0,
CXUREADINGLB0403M,READING,25-34,2012,72.0,
CXUREADINGLB0403M,READING,25-34,2013,60.0,
CXUREADINGLB0403M,READING,25-34,2014,75.0,
CXUREADINGLB0403M,READING,25-34,2015,86.0,
CXUREADINGLB0403M,READING,25-34,2016,69.0,
CXUREADINGLB0403M,READING,25-34,2017,61.0,
CXUREADINGLB0403M,READING,25-34,2018,66.0,
CXUREADINGLB0403M,READING,25-34,2019,44.0,
CXUREADINGLB0403M,READING,25-34,2020,85.0,
CXUREADINGLB0403M,READING,25-34,2021,115.0,
CXUREADINGLB0403M,READING,25-34,2022,100.0,
CXUREADINGLB0403M,READING,25-34,2023,90.0,
CXUREADINGLB0403M,READING,25-34,2024,93.0,
CXUREADINGLB0404M,READING,35-44,1984,163.0,
CXUREADINGLB0404M,READING,35-44,1985,172.0,
CXUREADINGLB0404M,READING,35-44,1986,178.0,
CXUREADINGLB0404M,READING,35-44,1987,171.0,
CXUREADINGLB0404M,READING,35-44,1988,183.0,
CXUREADINGLB0404M,READING,35-44,1989,189.0,
CXUREADINGLB0404M,READING,35-44,1990,188.0,
CXUREADINGLB0404M,READING,35-44,1991,189.0,
CXUREADINGLB0404M,READING,35-44,1992,183.0,
CXUREADINGLB0404M,READING,35-44,1993,191.0,
CXUREADINGLB0404M,READING,35-44,1994,184.0,
CXUREADINGLB0404M,READING,35-44,1995,173.0,
CXUREADINGLB0404M,READING,35-44,1996,169.0,
CXUREADINGLB0404M,READING,35-44,1997,160.0,
CXUREADINGLB0404M,READING,35-44,1998,162.0,
CXUREADINGLB0404M,READING,35-44,1999,157.0,
CXUREADINGLB0404M,READING,35-44,2000,151.0,
CXUREADINGLB0404M,READING,35-44,2001,136.0,
CXUREADINGLB0404M,READING,35-44,2002,135.0,
CXUREADINGLB0404M,READING,35-44,2003,114.0,
CXUREADINGLB0404M,READING,35-44,2004,123.0,
CXUREADINGLB0404M,READING,35-44,2005,121.0,
CXUREADINGLB0404M,READING,35-44,2006,112.0,
CXUREADINGLB0404M,READING,35-44,2007,107.0,
CXUREADINGLB0404M,READING,35-44,2008,102.0,
CXUREADINGLB0404M,READING,35-44,2009,85.0,
CXUREADINGLB0404M,READING,35-44,2010,80.0,
CXUREADINGLB0404M,READING,35-44,2011,100.0,
CXUREADINGLB0404M,READING,35-44,2012,93.0,
CXUREADINGLB0404M,READING,35-44,2013,105.0,
CXUREADINGLB0404M,READING,35-44,2014,86.0,
CXUREADINGLB0404M,READING,35-44,2015,95.0,
CXUREADINGLB0404M,READING,35-44,2016,94.0,
CXUREADINGLB0404M,READING,35-44,2017,115.0,
CXUREADINGLB0404M,READING,35-44,2018,107.0,
CXUREADINGLB0404M,READING,35-44,2019,91.0,
CXUREADINGLB0404M,READING,35-44,2020,101.0,
CXUREADINGLB0404M,READING,35-44,2021,97.0,
CXUREADINGLB0404M,READING,35-44,2022,107.0,
CXUREADINGLB0404M,READING,35-44,2023,128.0,
CXUREADINGLB0404M,READING,35-44,2024,141.0,
CXUREADINGLB0405M,READING,45-54,1984,161.0,
CXUREADINGLB0405M,READING,45-54,1985,177.0,
CXUREADINGLB0405M,READING,45-54,1986,179.0,
CXUREADINGLB0405M,READING,45-54,1987,171.0,
CXUREADINGLB0405M,READING,45-54,1988,187.0,
CXUREADINGLB0405M,READING,45-54,1989,191.0,
CXUREADINGLB0405M,READING,45-54,1990,184.0,
CXUREADINGLB0405M,READING,45-54,1991,198.0,
CXUREADINGLB0405M,READING,45-54,1992,204.0,
CXUREADINGLB0405M,READING,45-54,1993,212.0,
CXUREADINGLB0405M,READING,45-54,1994,204.0,
CXUREADINGLB0405M,READING,45-54,1995,199.0,
CXUREADINGLB0405M,READING,45-54,1996,198.0,
CXUREADINGLB0405M,READING,45-54,1997,205.0,
CXUREADINGLB0405M,READING,45-54,1998,209.0,
CXUREADINGLB0405M,READING,45-54,1999,210.0,
CXUREADINGLB0405M,READING,45-54,2000,178.0,
CXUREADINGLB0405M,READING,45-54,2001,172.0,
CXUREADINGLB0405M,READING,45-54,2002,167.0,
CXUREADINGLB0405M,READING,45-54,2003,150.0,
CXUREADINGLB0405M,READING,45-54,2004,149.0,
CXUREADINGLB0405M,READING,45-54,2005,143.0,
CXUREADINGLB0405M,READING,45-54,2006,133.0,
CXUREADINGLB0405M,READING,45-54,2007,137.0,
CXUREADINGLB0405M,READING,45-54,2008,124.0,
CXUREADINGLB0405M,READING,45-54,2009,119.0,
CXUREADINGLB0405M,READING,45-54,2010,104.0,
CXUREADINGLB0405M,READING,45-54,2011,113.0,
CXUREADINGLB0405M,READING,45-54,2012,118.0,
CXUREADINGLB0405M,READING,45-54,2013,88.0,
CXUREADINGLB0405M,READING,45-54,2014,93.0,
CXUREADINGLB0405M,READING,45-54,2015,106.0,
CXUREADINGLB0405M,READING,45-54,2016,136.0,
CXUREADINGLB0405M,READING,45-54,2017,112.0,
CXUREADINGLB0405M,READING,45-54,2018,100.0,
CXUREADINGLB0405M,READING,45-54,2019,83.0,
CXUREADINGLB0405M,READING,45-54,2020,116.0,
CXUREADINGLB0405M,READING,45-54,2021,104.0,
CXUREADINGLB0405M,READING,45-54,2022,105.0,
CXUREADINGLB0405M,READING,45-54,2023,107.0,
CXUREADINGLB0405M,READING,45-54,2024,183.0,6
CXUREADINGLB0406M,READING,55-64,1984,141.0,
CXUREADINGLB0406M,READING,55-64,1985,153.0,
CXUREADINGLB0406M,READING,55-64,1986,156.0,
CXUREADINGLB0406M,READING,55-64,1987,156.0,
CXUREADINGLB0406M,READING,55-64,1988,164.0,
CXUREADINGLB0406M,READING,55-64,1989,174.0,
CXUREADINGLB0406M,READING,55-64,1990,163.0,
CXUREADINGLB0406M,READING,55-64,1991,198.0,
CXUREADINGLB0406M,READING,55-64,1992,188.0,
CXUREADINGLB0406M,READING,55-64,1993,197.0,
CXUREADINGLB0406M,READING,55-64,1994,202.0,
CXUREADINGLB0406M,READING,55-64,1995,187.0,
CXUREADINGLB0406M,READING,55-64,1996,199.0,
CXUREADINGLB0406M,READING,55-64,1997,198.0,
CXUREADINGLB0406M,READING,55-64,1998,184.0,
CXUREADINGLB0406M,READING,55-64,1999,195.0,
CXUREADINGLB0406M,READING,55-64,2000,179.0,
CXUREADINGLB0406M,READING,55-64,2001,183.0,
CXUREADINGLB0406M,READING,55-64,2002,181.0,
CXUREADINGLB0406M,READING,55-64,2003,168.0,
CXUREADINGLB0406M,READING,55-64,2004,177.0,
CXUREADINGLB0406M,READING,55-64,2005,167.0,
CXUREADINGLB0406M,READING,55-64,2006,147.0,
CXUREADINGLB0406M,READING,55-64,2007,151.0,
CXUREADINGLB0406M,READING,55-64,2008,157.0,
CXUREADINGLB0406M,READING,55-64,2009,147.0,
CXUREADINGLB0406M,READING,55-64,2010,126.0,
CXUREADINGLB0406M,READING,55-64,2011,149.0,
CXUREADINGLB0406M,READING,55-64,2012,133.0,
CXUREADINGLB0406M,READING,55-64,2013,132.0,
CXUREADINGLB0406M,READING,55-64,2014,123.0,
CXUREADINGLB0406M,READING,55-64,2015,115.0,
CXUREADINGLB0406M,READING,55-64,2016,121.0,
CXUREADINGLB0406M,READING,55-64,2017,119.0,
CXUREADINGLB0406M,READING,55-64,2018,101.0,
CXUREADINGLB0406M,READING,55-64,2019,97.0,
CXUREADINGLB0406M,READING,55-64,2020,101.0,
CXUREADINGLB0406M,READING,55-64,2021,116.0,
CXUREADINGLB0406M,READING,55-64,2022,108.0,
CXUREADINGLB0406M,READING,55-64,2023,78.0,
CXUREADINGLB0406M,READING,55-64,2024,103.0,
CXUREADINGLB0407M,READING,65+,1988,129.0,
CXUREADINGLB0407M,READING,65+,1989,138.0,
CXUREADINGLB0407M,READING,65+,1990,137.0,
CXUREADINGLB0407M,READING,65+,1991,144.0,
CXUREADINGLB0407M,READING,65+,1992,144.0,
CXUREADINGLB0407M,READING,65+,1993,150.0,
CXUREADINGLB0407M,READING,65+,1994,153.0,
CXUREADINGLB0407M,READING,65+,1995,161.0,
CXUREADINGLB0407M,READING,65+,1996,153.0,
CXUREADINGLB0407M,READING,65+,1997,174.0,
CXUREADINGLB0407M,READING,65+,1998,163.0,
CXUREADINGLB0407M,READING,65+,1999,163.0,
CXUREADINGLB0407M,READING,65+,2000,148.0,
CXUREADINGLB0407M,READING,65+,2001,144.0,
CXUREADINGLB0407M,READING,65+,2002,147.0,
CXUREADINGLB0407M,READING,65+,2003,141.0,
CXUREADINGLB0407M,READING,65+,2004,146.0,
CXUREADINGLB0407M,READING,65+,2005,143.0,
CXUREADINGLB0407M,READING,65+,2006,136.0,
CXUREADINGLB0407M,READING,65+,2007,143.0,
CXUREADINGLB0407M,READING,65+,2008,142.0,
CXUREADINGLB0407M,READING,65+,2009,145.0,
CXUREADINGLB0407M,READING,65+,2010,141.0,
CXUREADINGLB0407M,READING,65+,2011,157.0,
CXUREADINGLB0407M,READING,65+,2012,142.0,
CXUREADINGLB0407M,READING,65+,2013,138.0,
CXUREADINGLB0407M,READING,65+,2014,145.0,
CXUREADINGLB0407M,READING,65+,2015,175.0,
CXUREADINGLB0407M,READING,65+,2016,173.0,
CXUREADINGLB0407M,READING,65+,2017,147.0,
CXUREADINGLB0407M,READING,65+,2018,165.0,
CXUREADINGLB0407M,READING,65+,2019,138.0,
CXUREADINGLB0407M,READING,65+,2020,157.0,
CXUREADINGLB0407M,READING,65+,2021,138.0,
CXUREADINGLB0407M,READING,65+,2022,152.0,
CXUREADINGLB0407M,READING,65+,2023,164.0,
CXUREADINGLB0407M,READING,65+,2024,120.0,
CXUREADINGLB0408M,READING,65-74,1984,123.0,
CXUREADINGLB0408M,READING,65-74,1985,140.0,
CXUREADINGLB0408M,READING,65-74,1986,141.0,
CXUREADINGLB0408M,READING,65-74,1987,151.0,
CXUREADINGLB0408M,READING,65-74,1988,151.0,
CXUREADINGLB0408M,READING,65-74,1989,158.0,
CXUREADINGLB0408M,READING,65-74,1990,156.0,
CXUREADINGLB0408M,READING,65-74,1991,165.0,
CXUREADINGLB0408M,READING,65-74,1992,153.0,
CXUREADINGLB0408M,READING,65-74,1993,165.0,
CXUREADINGLB0408M,READING,65-74,1994,169.0,
CXUREADINGLB0408M,READING,65-74,1995,179.0,
CXUREADINGLB0408M,READING,65-74,1996,173.0,
CXUREADINGLB0408M,READING,65-74,1997,195.0,
CXUREADINGLB0408M,READING,65-74,1998,180.0,
CXUREADINGLB0408M,READING,65-74,1999,184.0,
CXUREADINGLB0408M,READING,65-74,2000,166.0,
CXUREADINGLB0408M,READING,65-74,2001,159.0,
CXUREADINGLB0408M,READING,65-74,2002,161.0,
CXUREADINGLB0408M,READING,65-74,2003,149.0,
CXUREADINGLB0408M,READING,65-74,2004,158.0,
CXUREADINGLB0408M,READING,65-74,2005,154.0,
CXUREADINGLB0408M,READING,65-74,2006,143.0,
CXUREADINGLB0408M,READING,65-74,2007,151.0,
CXUREADINGLB0408M,READING,65-74,2008,152.0,
CXUREADINGLB0408M,READING,65-74,2009,154.0,
CXUREADINGLB0408M,READING,65-74,2010,147.0,
CXUREADINGLB0408M,READING,65-74,2011,163.0,
CXUREADINGLB0408M,READING,65-74,2012,148.0,
CXUREADINGLB0408M,READING,65-74,2013,146.0,
CXUREADINGLB0408M,READING,65-74,2014,152.0,
CXUREADINGLB0408M,READING,65-74,2015,157.0,
CXUREADINGLB0408M,READING,65-74,2016,172.0,
CXUREADINGLB0408M,READING,65-74,2017,136.0,
CXUREADINGLB0408M,READING,65-74,2018,177.0,
CXUREADINGLB0408M,READING,65-74,2019,124.0,
CXUREADINGLB0408M,READING,65-74,2020,131.0,
CXUREADINGLB0408M,READING,65-74,2021,137.0,
CXUREADINGLB0408M,READING,65-74,2022,147.0,
CXUREADINGLB0408M,READING,65-74,2023,135.0,
CXUREADINGLB0408M,READING,65-74,2024,117.0,
CXUREADINGLB0409M,READING,75+,1984,84.0,
CXUREADINGLB0409M,READING,75+,1985,97.0,
CXUREADINGLB0409M,READING,75+,1986,92.0,
CXUREADINGLB0409M,READING,75+,1987,93.0,
CXUREADINGLB0409M,READING,75+,1988,100.0,
CXUREADINGLB0409M,READING,75+,1989,110.0,
CXUREADINGLB0409M,READING,75+,1990,112.0,
CXUREADINGLB0409M,READING,75+,1991,116.0,
CXUREADINGLB0409M,READING,75+,1992,134.0,
CXUREADINGLB0409M,READING,75+,1993,132.0,
CXUREADINGLB0409M,READING,75+,1994,133.0,
CXUREADINGLB0409M,READING,75+,1995,138.0,
CXUREADINGLB0409M,READING,75+,1996,130.0,
CXUREADINGLB0409M,READING,75+,1997,148.0,
CXUREADINGLB0409M,READING,75+,1998,143.0,
CXUREADINGLB0409M,READING,75+,1999,141.0,
CXUREADINGLB0409M,READING,75+,2000,128.0,
CXUREADINGLB0409M,READING,75+,2001,128.0,
CXUREADINGLB0409M,READING,75+,2002,134.0,
CXUREADINGLB0409M,READING,75+,2003,134.0,
CXUREADINGLB0409M,READING,75+,2004,135.0,
CXUREADINGLB0409M,READING,75+,2005,132.0,
CXUREADINGLB0409M,READING,75+,2006,129.0,
CXUREADINGLB0409M,READING,75+,2007,136.0,
CXUREADINGLB0409M,READING,75+,2008,132.0,
CXUREADINGLB0409M,READING,75+,2009,134.0,
CXUREADINGLB0409M,READING,75+,2010,135.0,
CXUREADINGLB0409M,READING,75+,2011,148.0,
CXUREADINGLB0409M,READING,75+,2012,136.0,
CXUREADINGLB0409M,READING,75+,2013,127.0,
CXUREADINGLB0409M,READING,75+,2014,135.0,
CXUREADINGLB0409M,READING,75+,2015,199.0,
CXUREADINGLB0409M,READING,75+,2016,175.0,
CXUREADINGLB0409M,READING,75+,2017,164.0,
CXUREADINGLB0409M,READING,75+,2018,148.0,
CXUREADINGLB0409M,READING,75+,2019,159.0,
CXUREADINGLB0409M,READING,75+,2020,196.0,
CXUREADINGLB0409M,READING,75+,2021,139.0,
CXUREADINGLB0409M,READING,75+,2022,159.0,
CXUREADINGLB0409M,READING,75+,2023,207.0,
CXUREADINGLB0409M,READING,75+,2024,124.0,
CXUREADINGLB0401M,READING,All CUs,1984,132.0,
CXUREADINGLB0401M,READING,All CUs,1985,141.0,
CXUREADINGLB0401M,READING,All CUs,1986,140.0,
CXUREADINGLB0401M,READING,All CUs,1987,142.0,
CXUREADINGLB0401M,READING,All CUs,1988,150.0,
CXUREADINGLB0401M,READING,All CUs,1989,157.0,
CXUREADINGLB0401M,READING,All CUs,1990,153.0,
CXUREADINGLB0401M,READING,All CUs,1991,163.0,
CXUREADINGLB0401M,READING,All CUs,1992,162.0,
CXUREADINGLB0401M,READING,All CUs,1993,166.0,
CXUREADINGLB0401M,READING,All CUs,1994,165.0,
CXUREADINGLB0401M,READING,All CUs,1995,162.0,
CXUREADINGLB0401M,READING,All CUs,1996,159.0,
CXUREADINGLB0401M,READING,All CUs,1997,164.0,
CXUREADINGLB0401M,READING,All CUs,1998,161.0,
CXUREADINGLB0401M,READING,All CUs,1999,159.0,
CXUREADINGLB0401M,READING,All CUs,2000,146.0,
CXUREADINGLB0401M,READING,All CUs,2001,141.0,
CXUREADINGLB0401M,READING,All CUs,2002,139.0,
CXUREADINGLB0401M,READING,All CUs,2003,127.0,
CXUREADINGLB0401M,READING,All CUs,2004,130.0,
CXUREADINGLB0401M,READING,All CUs,2005,126.0,
CXUREADINGLB0401M,READING,All CUs,2006,117.0,
CXUREADINGLB0401M,READING,All CUs,2007,118.0,
CXUREADINGLB0401M,READING,All CUs,2008,116.0,
CXUREADINGLB0401M,READING,All CUs,2009,110.0,
CXUREADINGLB0401M,READING,All CUs,2010,100.0,
CXUREADINGLB0401M,READING,All CUs,2011,115.0,
CXUREADINGLB0401M,READING,All CUs,2012,109.0,
CXUREADINGLB0401M,READING,All CUs,2013,102.0,
CXUREADINGLB0401M,READING,All CUs,2014,103.0,
CXUREADINGLB0401M,READING,All CUs,2015,114.0,
CXUREADINGLB0401M,READING,All CUs,2016,118.0,
CXUREADINGLB0401M,READING,All CUs,2017,110.0,
CXUREADINGLB0401M,READING,All CUs,2018,108.0,
CXUREADINGLB0401M,READING,All CUs,2019,92.0,
CXUREADINGLB0401M,READING,All CUs,2020,114.0,
CXUREADINGLB0401M,READING,All CUs,2021,114.0,
CXUREADINGLB0401M,READING,All CUs,2022,117.0,
CXUREADINGLB0401M,READING,All CUs,2023,117.0,
CXUREADINGLB0401M,READING,All CUs,2024,125.0,
CXUREADINGLB0402M,READING,Under 25,1984,62.0,
CXUREADINGLB0402M,READING,Under 25,1985,64.0,
CXUREADINGLB0402M,READING,Under 25,1986,67.0,
CXUREADINGLB0402M,READING,Under 25,1987,68.0,
CXUREADINGLB0402M,READING,Under 25,1988,80.0,
CXUREADINGLB0402M,READING,Under 25,1989,79.0,
CXUREADINGLB0402M,READING,Under 25,1990,75.0,
CXUREADINGLB0402M,READING,Under 25,1991,72.0,
CXUREADINGLB0402M,READING,Under 25,1992,73.0,
CXUREADINGLB0402M,READING,Under 25,1993,72.0,
CXUREADINGLB0402M,READING,Under 25,1994,65.0,
CXUREADINGLB0402M,READING,Under 25,1995,71.0,
CXUREADINGLB0402M,READING,Under 25,1996,72.0,
CXUREADINGLB0402M,READING,Under 25,1997,64.0,
CXUREADINGLB0402M,READING,Under 25,1998,64.0,
CXUREADINGLB0402M,READING,Under 25,1999,70.0,
CXUREADINGLB0402M,READING,Under 25,2000,57.0,
CXUREADINGLB0402M,READING,Under 25,2001,60.0,
CXUREADINGLB0402M,READING,Under 25,2002,57.0,
CXUREADINGLB0402M,READING,Under 25,2003,53.0,
CXUREADINGLB0402M,READING,Under 25,2004,51.0,
CXUREADINGLB0402M,READING,Under 25,2005,49.0,
CXUREADINGLB0402M,READING,Under 25,2006,46.0,
CXUREADINGLB0402M,READING,Under 25,2007,51.0,
CXUREADINGLB0402M,READING,Under 25,2008,48.0,
CXUREADINGLB0402M,READING,Under 25,2009,42.0,
CXUREADINGLB0402M,READING,Under 25,2010,39.0,
CXUREADINGLB0402M,READING,Under 25,2011,45.0,
CXUREADINGLB0402M,READING,Under 25,2012,44.0,
CXUREADINGLB0402M,READING,Under 25,2013,46.0,
CXUREADINGLB0402M,READING,Under 25,2014,44.0,
CXUREADINGLB0402M,READING,Under 25,2015,38.0,
CXUREADINGLB0402M,READING,Under 25,2016,43.0,
CXUREADINGLB0402M,READING,Under 25,2017,42.0,
CXUREADINGLB0402M,READING,Under 25,2018,35.0,
CXUREADINGLB0402M,READING,Under 25,2019,46.0,
CXUREADINGLB0402M,READING,Under 25,2020,51.0,6
CXUREADINGLB0402M,READING,Under 25,2021,76.0,6
CXUREADINGLB0402M,READING,Under 25,2022,91.0,6
CXUREADINGLB0402M,READING,Under 25,2023,74.0,
CXUREADINGLB0402M,READING,Under 25,2024,92.0,6
CXUREGCONTLB0403M,REGCONT,25-34,1984,149.0,1
CXUREGCONTLB0403M,REGCONT,25-34,1985,200.0,1
CXUREGCONTLB0403M,REGCONT,25-34,1986,206.0,1
CXUREGCONTLB0403M,REGCONT,25-34,1987,208.0,1
CXUREGCONTLB0403M,REGCONT,25-34,1988,214.0,1
CXUREGCONTLB0403M,REGCONT,25-34,1989,248.0,1
CXUREGCONTLB0403M,REGCONT,25-34,1990,263.0,1
CXUREGCONTLB0403M,REGCONT,25-34,1991,229.0,1
CXUREGCONTLB0403M,REGCONT,25-34,1992,370.0,1
CXUREGCONTLB0403M,REGCONT,25-34,1993,304.0,1
CXUREGCONTLB0403M,REGCONT,25-34,1994,314.0,1
CXUREGCONTLB0403M,REGCONT,25-34,1995,281.0,1
CXUREGCONTLB0403M,REGCONT,25-34,1996,328.0,1
CXUREGCONTLB0403M,REGCONT,25-34,1997,446.0,1
CXUREGCONTLB0403M,REGCONT,25-34,1998,324.0,1
CXUREGCONTLB0403M,REGCONT,25-34,1999,255.0,1
CXUREGCONTLB0403M,REGCONT,25-34,2000,338.0,1
CXUREGCONTLB0403M,REGCONT,25-34,2001,282.0,1
CXUREGCONTLB0403M,REGCONT,25-34,2002,306.0,1
CXUREGCONTLB0403M,REGCONT,25-34,2003,372.0,1
CXUREGCONTLB0403M,REGCONT,25-34,2004,397.0,
CXUREGCONTLB0403M,REGCONT,25-34,2005,383.0,
CXUREGCONTLB0403M,REGCONT,25-34,2006,389.0,
CXUREGCONTLB0403M,REGCONT,25-34,2007,380.0,
CXUREGCONTLB0403M,REGCONT,25-34,2008,334.0,
CXUREGCONTLB0403M,REGCONT,25-34,2009,525.0,
CXUREGCONTLB0403M,REGCONT,25-34,2010,427.0,
CXUREGCONTLB0403M,REGCONT,25-34,2011,455.0,
CXUREGCONTLB0403M,REGCONT,25-34,2012,430.0,
CXUREGCONTLB0404M,REGCONT,35-44,1984,239.0,1
CXUREGCONTLB0404M,REGCONT,35-44,1985,262.0,1
CXUREGCONTLB0404M,REGCONT,35-44,1986,350.0,1
CXUREGCONTLB0404M,REGCONT,35-44,1987,430.0,1
CXUREGCONTLB0404M,REGCONT,35-44,1988,376.0,1
CXUREGCONTLB0404M,REGCONT,35-44,1989,371.0,1
CXUREGCONTLB0404M,REGCONT,35-44,1990,347.0,1
CXUREGCONTLB0404M,REGCONT,35-44,1991,400.0,1
CXUREGCONTLB0404M,REGCONT,35-44,1992,408.0,1
CXUREGCONTLB0404M,REGCONT,35-44,1993,408.0,1
CXUREGCONTLB0404M,REGCONT,35-44,1994,426.0,1
CXUREGCONTLB0404M,REGCONT,35-44,1995,425.0,1
CXUREGCONTLB0404M,REGCONT,35-44,1996,333.0,1
CXUREGCONTLB0404M,REGCONT,35-44,1997,357.0,1
CXUREGCONTLB0404M,REGCONT,35-44,1998,389.0,1
CXUREGCONTLB0404M,REGCONT,35-44,1999,380.0,1
CXUREGCONTLB0404M,REGCONT,35-44,2000,462.0,1
CXUREGCONTLB0404M,REGCONT,35-44,2001,363.0,1
CXUREGCONTLB0404M,REGCONT,35-44,2002,398.0,1
CXUREGCONTLB0404M,REGCONT,35-44,2003,507.0,1
CXUREGCONTLB0404M,REGCONT,35-44,2004,623.0,
CXUREGCONTLB0404M,REGCONT,35-44,2005,500.0,
CXUREGCONTLB0404M,REGCONT,35-44,2006,539.0,
CXUREGCONTLB0404M,REGCONT,35-44,2007,604.0,
CXUREGCONTLB0404M,REGCONT,35-44,2008,561.0,
CXUREGCONTLB0404M,REGCONT,35-44,2009,566.0,
CXUREGCONTLB0404M,REGCONT,35-44,2010,634.0,
CXUREGCONTLB0404M,REGCONT,35-44,2011,413.0,
CXUREGCONTLB0404M,REGCONT,35-44,2012,450.0,
CXUREGCONTLB0405M,REGCONT,45-54,1984,310.0,1
CXUREGCONTLB0405M,REGCONT,45-54,1985,247.0,1
CXUREGCONTLB0405M,REGCONT,45-54,1986,165.0,1
CXUREGCONTLB0405M,REGCONT,45-54,1987,208.0,1
CXUREGCONTLB0405M,REGCONT,45-54,1988,363.0,1
CXUREGCONTLB0405M,REGCONT,45-54,1989,380.0,1
CXUREGCONTLB0405M,REGCONT,45-54,1990,214.0,1
CXUREGCONTLB0405M,REGCONT,45-54,1991,286.0,1
CXUREGCONTLB0405M,REGCONT,45-54,1992,340.0,1
CXUREGCONTLB0405M,REGCONT,45-54,1993,266.0,1
CXUREGCONTLB0405M,REGCONT,45-54,1994,270.0,1
CXUREGCONTLB0405M,REGCONT,45-54,1995,255.0,1
CXUREGCONTLB0405M,REGCONT,45-54,1996,252.0,1
CXUREGCONTLB0405M,REGCONT,45-54,1997,276.0,1
CXUREGCONTLB0405M,REGCONT,45-54,1998,180.0,1
CXUREGCONTLB0405M,REGCONT,45-54,1999,222.0,1
CXUREGCONTLB0405M,REGCONT,45-54,2000,357.0,1
CXUREGCONTLB0405M,REGCONT,45-54,2001,344.0,1
CXUREGCONTLB0405M,REGCONT,45-54,2002,533.0,1
CXUREGCONTLB0405M,REGCONT,45-54,2003,301.0,1
CXUREGCONTLB0405M,REGCONT,45-54,2004,420.0,
CXUREGCONTLB0405M,REGCONT,45-54,2005,390.0,
CXUREGCONTLB0405M,REGCONT,45-54,2006,526.0,
CXUREGCONTLB0405M,REGCONT,45-54,2007,591.0,
CXUREGCONTLB0405M,REGCONT,45-54,2008,738.0,
CXUREGCONTLB0405M,REGCONT,45-54,2009,406.0,
CXUREGCONTLB0405M,REGCONT,45-54,2010,338.0,
CXUREGCONTLB0405M,REGCONT,45-54,2011,322.0,
CXUREGCONTLB0405M,REGCONT,45-54,2012,359.0,
CXUREGCONTLB0406M,REGCONT,55-64,1984,74.0,1
CXUREGCONTLB0406M,REGCONT,55-64,1985,105.0,1
CXUREGCONTLB0406M,REGCONT,55-64,1986,115.0,1
CXUREGCONTLB0406M,REGCONT,55-64,1987,82.0,1
CXUREGCONTLB0406M,REGCONT,55-64,1988,97.0,1
CXUREGCONTLB0406M,REGCONT,55-64,1989,79.0,1
CXUREGCONTLB0406M,REGCONT,55-64,1990,168.0,1
CXUREGCONTLB0406M,REGCONT,55-64,1991,146.0,1
CXUREGCONTLB0406M,REGCONT,55-64,1992,88.0,1
CXUREGCONTLB0406M,REGCONT,55-64,1993,134.0,1
CXUREGCONTLB0406M,REGCONT,55-64,1994,121.0,1
CXUREGCONTLB0406M,REGCONT,55-64,1995,128.0,1
CXUREGCONTLB0406M,REGCONT,55-64,1996,127.0,1
CXUREGCONTLB0406M,REGCONT,55-64,1997,93.0,1
CXUREGCONTLB0406M,REGCONT,55-64,1998,119.0,1
CXUREGCONTLB0406M,REGCONT,55-64,1999,153.0,1
CXUREGCONTLB0406M,REGCONT,55-64,2000,149.0,1
CXUREGCONTLB0406M,REGCONT,55-64,2001,193.0,1
CXUREGCONTLB0406M,REGCONT,55-64,2002,366.0,1
CXUREGCONTLB0406M,REGCONT,55-64,2003,273.0,1
CXUREGCONTLB0406M,REGCONT,55-64,2004,242.0,
CXUREGCONTLB0406M,REGCONT,55-64,2005,167.0,
CXUREGCONTLB0406M,REGCONT,55-64,2006,243.0,
CXUREGCONTLB0406M,REGCONT,55-64,2007,463.0,
CXUREGCONTLB0406M,REGCONT,55-64,2008,188.0,
CXUREGCONTLB0406M,REGCONT,55-64,2009,295.0,
CXUREGCONTLB0406M,REGCONT,55-64,2010,218.0,
CXUREGCONTLB0406M,REGCONT,55-64,2011,204.0,6
CXUREGCONTLB0406M,REGCONT,55-64,2012,189.0,6
CXUREGCONTLB0407M,REGCONT,65+,1988,51.0,1
CXUREGCONTLB0407M,REGCONT,65+,1989,65.0,1
CXUREGCONTLB0407M,REGCONT,65+,1990,92.0,1
CXUREGCONTLB0407M,REGCONT,65+,1991,116.0,1
CXUREGCONTLB0407M,REGCONT,65+,1992,195.0,1
CXUREGCONTLB0407M,REGCONT,65+,1993,58.0,1
CXUREGCONTLB0407M,REGCONT,65+,1994,74.0,1
CXUREGCONTLB0407M,REGCONT,65+,1995,54.0,1
CXUREGCONTLB0407M,REGCONT,65+,1996,46.0,1
CXUREGCONTLB0407M,REGCONT,65+,1997,69.0,1
CXUREGCONTLB0407M,REGCONT,65+,1998,71.0,1
CXUREGCONTLB0407M,REGCONT,65+,1999,105.0,1
CXUREGCONTLB0407M,REGCONT,65+,2000,82.0,1
CXUREGCONTLB0407M,REGCONT,65+,2001,89.0,1
CXUREGCONTLB0407M,REGCONT,65+,2002,256.0,1
CXUREGCONTLB0407M,REGCONT,65+,2003,87.0,1
CXUREGCONTLB0407M,REGCONT,65+,2004,113.0,
CXUREGCONTLB0407M,REGCONT,65+,2005,196.0,
CXUREGCONTLB0407M,REGCONT,65+,2006,165.0,
CXUREGCONTLB0407M,REGCONT,65+,2007,139.0,
CXUREGCONTLB0407M,REGCONT,65+,2008,180.0,
CXUREGCONTLB0407M,REGCONT,65+,2009,163.0,
CXUREGCONTLB0407M,REGCONT,65+,2010,153.0,
CXUREGCONTLB0407M,REGCONT,65+,2011,231.0,6
CXUREGCONTLB0407M,REGCONT,65+,2012,252.0,6
CXUREGCONTLB0408M,REGCONT,65-74,1984,45.0,1
CXUREGCONTLB0408M,REGCONT,65-74,1985,82.0,1
CXUREGCONTLB0408M,REGCONT,65-74,1986,87.0,1
CXUREGCONTLB0408M,REGCONT,65-74,1987,62.0,1
CXUREGCONTLB0408M,REGCONT,65-74,1988,36.0,1
CXUREGCONTLB0408M,REGCONT,65-74,1989,69.0,1
CXUREGCONTLB0408M,REGCONT,65-74,1990,140.0,1
CXUREGCONTLB0408M,REGCONT,65-74,1991,76.0,1
CXUREGCONTLB0408M,REGCONT,65-74,1992,44.0,1
CXUREGCONTLB0408M,REGCONT,65-74,1993,50.0,1
CXUREGCONTLB0408M,REGCONT,65-74,1994,93.0,1
CXUREGCONTLB0408M,REGCONT,65-74,1995,54.0,1
CXUREGCONTLB0408M,REGCONT,65-74,1996,63.0,1
CXUREGCONTLB0408M,REGCONT,65-74,1997,91.0,1
CXUREGCONTLB0408M,REGCONT,65-74,1998,40.0,1
CXUREGCONTLB0408M,REGCONT,65-74,1999,92.0,1
CXUREGCONTLB0408M,REGCONT,65-74,2000,81.0,1
CXUREGCONTLB0408M,REGCONT,65-74,2001,110.0,1
CXUREGCONTLB0408M,REGCONT,65-74,2002,143.0,1
CXUREGCONTLB0408M,REGCONT,65-74,2003,99.0,1
CXUREGCONTLB0408M,REGCONT,65-74,2004,61.0,
CXUREGCONTLB0408M,REGCONT,65-74,2005,206.0,
CXUREGCONTLB0408M,REGCONT,65-74,2006,90.0,
CXUREGCONTLB0408M,REGCONT,65-74,2007,154.0,
CXUREGCONTLB0408M,REGCONT,65-74,2008,153.0,
CXUREGCONTLB0408M,REGCONT,65-74,2009,192.0,
CXUREGCONTLB0408M,REGCONT,65-74,2010,179.0,
CXUREGCONTLB0408M,REGCONT,65-74,2011,311.0,6
CXUREGCONTLB0408M,REGCONT,65-74,2012,296.0,6
CXUREGCONTLB0409M,REGCONT,75+,1984,45.0,1
CXUREGCONTLB0409M,REGCONT,75+,1985,81.0,1
CXUREGCONTLB0409M,REGCONT,75+,1986,71.0,1
CXUREGCONTLB0409M,REGCONT,75+,1987,48.0,1
CXUREGCONTLB0409M,REGCONT,75+,1988,72.0,1
CXUREGCONTLB0409M,REGCONT,75+,1989,58.0,1
CXUREGCONTLB0409M,REGCONT,75+,1990,31.0,1
CXUREGCONTLB0409M,REGCONT,75+,1991,170.0,1
CXUREGCONTLB0409M,REGCONT,75+,1992,382.0,1
CXUREGCONTLB0409M,REGCONT,75+,1993,68.0,1
CXUREGCONTLB0409M,REGCONT,75+,1994,50.0,1
CXUREGCONTLB0409M,REGCONT,75+,1995,54.0,1
CXUREGCONTLB0409M,REGCONT,75+,1996,25.0,1
CXUREGCONTLB0409M,REGCONT,75+,1997,40.0,1
CXUREGCONTLB0409M,REGCONT,75+,1998,110.0,1
CXUREGCONTLB0409M,REGCONT,75+,1999,120.0,1
CXUREGCONTLB0409M,REGCONT,75+,2000,83.0,1
CXUREGCONTLB0409M,REGCONT,75+,2001,65.0,1
CXUREGCONTLB0409M,REGCONT,75+,2002,379.0,1
CXUREGCONTLB0409M,REGCONT,75+,2003,76.0,1
CXUREGCONTLB0409M,REGCONT,75+,2004,164.0,
CXUREGCONTLB0409M,REGCONT,75+,2005,185.0,
CXUREGCONTLB0409M,REGCONT,75+,2006,242.0,
CXUREGCONTLB0409M,REGCONT,75+,2007,123.0,
CXUREGCONTLB0409M,REGCONT,75+,2008,210.0,
CXUREGCONTLB0409M,REGCONT,75+,2009,130.0,
CXUREGCONTLB0409M,REGCONT,75+,2010,124.0,
CXUREGCONTLB0409M,REGCONT,75+,2011,136.0,6
CXUREGCONTLB0409M,REGCONT,75+,2012,199.0,6
CXUREGCONTLB0401M,REGCONT,All CUs,1984,191.0,1
CXUREGCONTLB0401M,REGCONT,All CUs,1985,197.0,1
CXUREGCONTLB0401M,REGCONT,All CUs,1986,223.0,1
CXUREGCONTLB0401M,REGCONT,All CUs,1987,232.0,1
CXUREGCONTLB0401M,REGCONT,All CUs,1988,258.0,1
CXUREGCONTLB0401M,REGCONT,All CUs,1989,273.0,1
CXUREGCONTLB0401M,REGCONT,All CUs,1990,260.0,1
CXUREGCONTLB0401M,REGCONT,All CUs,1991,284.0,1
CXUREGCONTLB0401M,REGCONT,All CUs,1992,336.0,1
CXUREGCONTLB0401M,REGCONT,All CUs,1993,282.0,1
CXUREGCONTLB0401M,REGCONT,All CUs,1994,287.0,1
CXUREGCONTLB0401M,REGCONT,All CUs,1995,273.0,1
CXUREGCONTLB0401M,REGCONT,All CUs,1996,243.0,1
CXUREGCONTLB0401M,REGCONT,All CUs,1997,293.0,1
CXUREGCONTLB0401M,REGCONT,All CUs,1998,260.0,1
CXUREGCONTLB0401M,REGCONT,All CUs,1999,262.0,1
CXUREGCONTLB0401M,REGCONT,All CUs,2000,309.0,1
CXUREGCONTLB0401M,REGCONT,All CUs,2001,315.0,1
CXUREGCONTLB0401M,REGCONT,All CUs,2002,412.0,1
CXUREGCONTLB0401M,REGCONT,All CUs,2003,343.0,1
CXUREGCONTLB0401M,REGCONT,All CUs,2004,413.0,
CXUREGCONTLB0401M,REGCONT,All CUs,2005,382.0,
CXUREGCONTLB0401M,REGCONT,All CUs,2006,409.0,
CXUREGCONTLB0401M,REGCONT,All CUs,2007,463.0,
CXUREGCONTLB0401M,REGCONT,All CUs,2008,446.0,
CXUREGCONTLB0401M,REGCONT,All CUs,2009,416.0,
CXUREGCONTLB0401M,REGCONT,All CUs,2010,407.0,
CXUREGCONTLB0401M,REGCONT,All CUs,2011,364.0,
CXUREGCONTLB0401M,REGCONT,All CUs,2012,380.0,
CXUREGCONTLB0402M,REGCONT,Under 25,1984,479.0,1
CXUREGCONTLB0402M,REGCONT,Under 25,1985,370.0,1
CXUREGCONTLB0402M,REGCONT,Under 25,1986,548.0,1
CXUREGCONTLB0402M,REGCONT,Under 25,1987,555.0,1
CXUREGCONTLB0402M,REGCONT,Under 25,1988,710.0,1
CXUREGCONTLB0402M,REGCONT,Under 25,1989,729.0,1
CXUREGCONTLB0402M,REGCONT,Under 25,1990,677.0,1
CXUREGCONTLB0402M,REGCONT,Under 25,1991,779.0,1
CXUREGCONTLB0402M,REGCONT,Under 25,1992,801.0,1
CXUREGCONTLB0402M,REGCONT,Under 25,1993,762.0,1
CXUREGCONTLB0402M,REGCONT,Under 25,1994,714.0,1
CXUREGCONTLB0402M,REGCONT,Under 25,1995,753.0,1
CXUREGCONTLB0402M,REGCONT,Under 25,1996,476.0,1
CXUREGCONTLB0402M,REGCONT,Under 25,1997,714.0,1
CXUREGCONTLB0402M,REGCONT,Under 25,1998,646.0,1
CXUREGCONTLB0402M,REGCONT,Under 25,1999,636.0,1
CXUREGCONTLB0402M,REGCONT,Under 25,2000,550.0,1
CXUREGCONTLB0402M,REGCONT,Under 25,2001,940.0,1
CXUREGCONTLB0402M,REGCONT,Under 25,2002,864.0,1
CXUREGCONTLB0402M,REGCONT,Under 25,2003,738.0,1
CXUREGCONTLB0402M,REGCONT,Under 25,2004,966.0,
CXUREGCONTLB0402M,REGCONT,Under 25,2005,973.0,
CXUREGCONTLB0402M,REGCONT,Under 25,2006,802.0,
CXUREGCONTLB0402M,REGCONT,Under 25,2007,797.0,
CXUREGCONTLB0402M,REGCONT,Under 25,2008,892.0,
CXUREGCONTLB0402M,REGCONT,Under 25,2009,854.0,
CXUREGCONTLB0402M,REGCONT,Under 25,2010,1237.0,
CXUREGCONTLB0402M,REGCONT,Under 25,2011,1016.0,
CXUREGCONTLB0402M,REGCONT,Under 25,2012,1089.0,
CXURETIRINCLB0403M,RETIRINC,25-34,1984,98.0,1
CXURETIRINCLB0403M,RETIRINC,25-34,1985,112.0,1
CXURETIRINCLB0403M,RETIRINC,25-34,1986,132.0,1
CXURETIRINCLB0403M,RETIRINC,25-34,1987,162.0,1
CXURETIRINCLB0403M,RETIRINC,25-34,1988,174.0,1
CXURETIRINCLB0403M,RETIRINC,25-34,1989,145.0,1
CXURETIRINCLB0403M,RETIRINC,25-34,1990,152.0,1
CXURETIRINCLB0403M,RETIRINC,25-34,1991,228.0,1
CXURETIRINCLB0403M,RETIRINC,25-34,1992,281.0,1
CXURETIRINCLB0403M,RETIRINC,25-34,1993,209.0,1
CXURETIRINCLB0403M,RETIRINC,25-34,1994,228.0,1
CXURETIRINCLB0403M,RETIRINC,25-34,1995,202.0,1
CXURETIRINCLB0403M,RETIRINC,25-34,1996,223.0,1
CXURETIRINCLB0403M,RETIRINC,25-34,1997,231.0,1
CXURETIRINCLB0403M,RETIRINC,25-34,1998,205.0,1
CXURETIRINCLB0403M,RETIRINC,25-34,1999,354.0,1
CXURETIRINCLB0403M,RETIRINC,25-34,2000,511.0,1
CXURETIRINCLB0403M,RETIRINC,25-34,2001,374.0,1
CXURETIRINCLB0403M,RETIRINC,25-34,2002,445.0,1
CXURETIRINCLB0403M,RETIRINC,25-34,2003,292.0,1
CXURETIRINCLB0403M,RETIRINC,25-34,2004,329.0,
CXURETIRINCLB0403M,RETIRINC,25-34,2005,342.0,
CXURETIRINCLB0403M,RETIRINC,25-34,2006,370.0,
CXURETIRINCLB0403M,RETIRINC,25-34,2007,302.0,
CXURETIRINCLB0403M,RETIRINC,25-34,2008,373.0,
CXURETIRINCLB0403M,RETIRINC,25-34,2009,441.0,
CXURETIRINCLB0403M,RETIRINC,25-34,2010,410.0,
CXURETIRINCLB0403M,RETIRINC,25-34,2011,364.0,
CXURETIRINCLB0403M,RETIRINC,25-34,2012,562.0,
CXURETIRINCLB0403M,RETIRINC,25-34,2013,536.0,
CXURETIRINCLB0403M,RETIRINC,25-34,2014,451.0,
CXURETIRINCLB0403M,RETIRINC,25-34,2015,553.0,
CXURETIRINCLB0403M,RETIRINC,25-34,2016,381.0,
CXURETIRINCLB0403M,RETIRINC,25-34,2017,457.0,
CXURETIRINCLB0403M,RETIRINC,25-34,2018,473.0,
CXURETIRINCLB0403M,RETIRINC,25-34,2019,473.0,
CXURETIRINCLB0403M,RETIRINC,25-34,2020,510.0,
CXURETIRINCLB0403M,RETIRINC,25-34,2021,538.0,
CXURETIRINCLB0403M,RETIRINC,25-34,2022,660.0,
CXURETIRINCLB0403M,RETIRINC,25-34,2023,319.0,
CXURETIRINCLB0403M,RETIRINC,25-34,2024,639.0,
CXURETIRINCLB0404M,RETIRINC,35-44,1984,520.0,1
CXURETIRINCLB0404M,RETIRINC,35-44,1985,445.0,1
CXURETIRINCLB0404M,RETIRINC,35-44,1986,373.0,1
CXURETIRINCLB0404M,RETIRINC,35-44,1987,430.0,1
CXURETIRINCLB0404M,RETIRINC,35-44,1988,422.0,1
CXURETIRINCLB0404M,RETIRINC,35-44,1989,416.0,1
CXURETIRINCLB0404M,RETIRINC,35-44,1990,583.0,1
CXURETIRINCLB0404M,RETIRINC,35-44,1991,427.0,1
CXURETIRINCLB0404M,RETIRINC,35-44,1992,471.0,1
CXURETIRINCLB0404M,RETIRINC,35-44,1993,461.0,1
CXURETIRINCLB0404M,RETIRINC,35-44,1994,522.0,1
CXURETIRINCLB0404M,RETIRINC,35-44,1995,613.0,1
CXURETIRINCLB0404M,RETIRINC,35-44,1996,607.0,1
CXURETIRINCLB0404M,RETIRINC,35-44,1997,659.0,1
CXURETIRINCLB0404M,RETIRINC,35-44,1998,590.0,1
CXURETIRINCLB0404M,RETIRINC,35-44,1999,649.0,1
CXURETIRINCLB0404M,RETIRINC,35-44,2000,819.0,1
CXURETIRINCLB0404M,RETIRINC,35-44,2001,870.0,1
CXURETIRINCLB0404M,RETIRINC,35-44,2002,865.0,1
CXURETIRINCLB0404M,RETIRINC,35-44,2003,839.0,1
CXURETIRINCLB0404M,RETIRINC,35-44,2004,750.0,
CXURETIRINCLB0404M,RETIRINC,35-44,2005,798.0,
CXURETIRINCLB0404M,RETIRINC,35-44,2006,863.0,
CXURETIRINCLB0404M,RETIRINC,35-44,2007,898.0,
CXURETIRINCLB0404M,RETIRINC,35-44,2008,813.0,
CXURETIRINCLB0404M,RETIRINC,35-44,2009,955.0,
CXURETIRINCLB0404M,RETIRINC,35-44,2010,1157.0,
CXURETIRINCLB0404M,RETIRINC,35-44,2011,1079.0,
CXURETIRINCLB0404M,RETIRINC,35-44,2012,1226.0,
CXURETIRINCLB0404M,RETIRINC,35-44,2013,1062.0,
CXURETIRINCLB0404M,RETIRINC,35-44,2014,850.0,
CXURETIRINCLB0404M,RETIRINC,35-44,2015,1005.0,
CXURETIRINCLB0404M,RETIRINC,35-44,2016,1263.0,
CXURETIRINCLB0404M,RETIRINC,35-44,2017,1223.0,
CXURETIRINCLB0404M,RETIRINC,35-44,2018,1095.0,
CXURETIRINCLB0404M,RETIRINC,35-44,2019,1062.0,
CXURETIRINCLB0404M,RETIRINC,35-44,2020,1254.0,
CXURETIRINCLB0404M,RETIRINC,35-44,2021,1155.0,
CXURETIRINCLB0404M,RETIRINC,35-44,2022,894.0,
CXURETIRINCLB0404M,RETIRINC,35-44,2023,1693.0,
CXURETIRINCLB0404M,RETIRINC,35-44,2024,1593.0,
CXURETIRINCLB0405M,RETIRINC,45-54,1984,1163.0,1
CXURETIRINCLB0405M,RETIRINC,45-54,1985,1118.0,1
CXURETIRINCLB0405M,RETIRINC,45-54,1986,897.0,1
CXURETIRINCLB0405M,RETIRINC,45-54,1987,1000.0,1
CXURETIRINCLB0405M,RETIRINC,45-54,1988,1094.0,1
CXURETIRINCLB0405M,RETIRINC,45-54,1989,1212.0,1
CXURETIRINCLB0405M,RETIRINC,45-54,1990,1152.0,1
CXURETIRINCLB0405M,RETIRINC,45-54,1991,1097.0,1
CXURETIRINCLB0405M,RETIRINC,45-54,1992,1238.0,1
CXURETIRINCLB0405M,RETIRINC,45-54,1993,1284.0,1
CXURETIRINCLB0405M,RETIRINC,45-54,1994,1470.0,1
CXURETIRINCLB0405M,RETIRINC,45-54,1995,1690.0,1
CXURETIRINCLB0405M,RETIRINC,45-54,1996,1665.0,1
CXURETIRINCLB0405M,RETIRINC,45-54,1997,1577.0,1
CXURETIRINCLB0405M,RETIRINC,45-54,1998,1665.0,1
CXURETIRINCLB0405M,RETIRINC,45-54,1999,1870.0,1
CXURETIRINCLB0405M,RETIRINC,45-54,2000,1913.0,1
CXURETIRINCLB0405M,RETIRINC,45-54,2001,1809.0,1
CXURETIRINCLB0405M,RETIRINC,45-54,2002,2035.0,1
CXURETIRINCLB0405M,RETIRINC,45-54,2003,2418.0,1
CXURETIRINCLB0405M,RETIRINC,45-54,2004,2250.0,
CXURETIRINCLB0405M,RETIRINC,45-54,2005,2106.0,
CXURETIRINCLB0405M,RETIRINC,45-54,2006,1998.0,
CXURETIRINCLB0405M,RETIRINC,45-54,2007,2355.0,
CXURETIRINCLB0405M,RETIRINC,45-54,2008,2421.0,
CXURETIRINCLB0405M,RETIRINC,45-54,2009,2248.0,
CXURETIRINCLB0405M,RETIRINC,45-54,2010,2262.0,
CXURETIRINCLB0405M,RETIRINC,45-54,2011,2636.0,
CXURETIRINCLB0405M,RETIRINC,45-54,2012,2701.0,
CXURETIRINCLB0405M,RETIRINC,45-54,2013,2350.0,
CXURETIRINCLB0405M,RETIRINC,45-54,2014,2047.0,
CXURETIRINCLB0405M,RETIRINC,45-54,2015,2514.0,
CXURETIRINCLB0405M,RETIRINC,45-54,2016,2303.0,
CXURETIRINCLB0405M,RETIRINC,45-54,2017,2401.0,
CXURETIRINCLB0405M,RETIRINC,45-54,2018,2076.0,
CXURETIRINCLB0405M,RETIRINC,45-54,2019,2104.0,
CXURETIRINCLB0405M,RETIRINC,45-54,2020,3408.0,6
CXURETIRINCLB0405M,RETIRINC,45-54,2021,2070.0,
CXURETIRINCLB0405M,RETIRINC,45-54,2022,2279.0,
CXURETIRINCLB0405M,RETIRINC,45-54,2023,2523.0,
CXURETIRINCLB0405M,RETIRINC,45-54,2024,2916.0,
CXURETIRINCLB0406M,RETIRINC,55-64,1984,3610.0,1
CXURETIRINCLB0406M,RETIRINC,55-64,1985,3721.0,1
CXURETIRINCLB0406M,RETIRINC,55-64,1986,3719.0,1
CXURETIRINCLB0406M,RETIRINC,55-64,1987,4235.0,1
CXURETIRINCLB0406M,RETIRINC,55-64,1988,4321.0,1
CXURETIRINCLB0406M,RETIRINC,55-64,1989,5257.0,1
CXURETIRINCLB0406M,RETIRINC,55-64,1990,5138.0,1
CXURETIRINCLB0406M,RETIRINC,55-64,1991,5388.0,1
CXURETIRINCLB0406M,RETIRINC,55-64,1992,6000.0,1
CXURETIRINCLB0406M,RETIRINC,55-64,1993,6455.0,1
CXURETIRINCLB0406M,RETIRINC,55-64,1994,6476.0,1
CXURETIRINCLB0406M,RETIRINC,55-64,1995,6095.0,1
CXURETIRINCLB0406M,RETIRINC,55-64,1996,6202.0,1
CXURETIRINCLB0406M,RETIRINC,55-64,1997,6899.0,1
CXURETIRINCLB0406M,RETIRINC,55-64,1998,6578.0,1
CXURETIRINCLB0406M,RETIRINC,55-64,1999,6922.0,1
CXURETIRINCLB0406M,RETIRINC,55-64,2000,6723.0,1
CXURETIRINCLB0406M,RETIRINC,55-64,2001,7139.0,1
CXURETIRINCLB0406M,RETIRINC,55-64,2002,7380.0,1
CXURETIRINCLB0406M,RETIRINC,55-64,2003,7802.0,1
CXURETIRINCLB0406M,RETIRINC,55-64,2004,8871.0,
CXURETIRINCLB0406M,RETIRINC,55-64,2005,9582.0,
CXURETIRINCLB0406M,RETIRINC,55-64,2006,9087.0,
CXURETIRINCLB0406M,RETIRINC,55-64,2007,8704.0,
CXURETIRINCLB0406M,RETIRINC,55-64,2008,8623.0,
CXURETIRINCLB0406M,RETIRINC,55-64,2009,8457.0,
CXURETIRINCLB0406M,RETIRINC,55-64,2010,8868.0,
CXURETIRINCLB0406M,RETIRINC,55-64,2011,9305.0,
CXURETIRINCLB0406M,RETIRINC,55-64,2012,8942.0,
CXURETIRINCLB0406M,RETIRINC,55-64,2013,7600.0,
CXURETIRINCLB0406M,RETIRINC,55-64,2014,7784.0,
CXURETIRINCLB0406M,RETIRINC,55-64,2015,7832.0,
CXURETIRINCLB0406M,RETIRINC,55-64,2016,7939.0,
CXURETIRINCLB0406M,RETIRINC,55-64,2017,8185.0,
CXURETIRINCLB0406M,RETIRINC,55-64,2018,7935.0,
CXURETIRINCLB0406M,RETIRINC,55-64,2019,7446.0,
CXURETIRINCLB0406M,RETIRINC,55-64,2020,6957.0,
CXURETIRINCLB0406M,RETIRINC,55-64,2021,7022.0,
CXURETIRINCLB0406M,RETIRINC,55-64,2022,7965.0,
CXURETIRINCLB0406M,RETIRINC,55-64,2023,8255.0,
CXURETIRINCLB0406M,RETIRINC,55-64,2024,7558.0,
CXURETIRINCLB0407M,RETIRINC,65+,1988,10555.0,1
CXURETIRINCLB0407M,RETIRINC,65+,1989,11276.0,1
CXURETIRINCLB0407M,RETIRINC,65+,1990,11650.0,1
CXURETIRINCLB0407M,RETIRINC,65+,1991,12162.0,1
CXURETIRINCLB0407M,RETIRINC,65+,1992,12743.0,1
CXURETIRINCLB0407M,RETIRINC,65+,1993,13204.0,1
CXURETIRINCLB0407M,RETIRINC,65+,1994,14112.0,1
CXURETIRINCLB0407M,RETIRINC,65+,1995,14500.0,1
CXURETIRINCLB0407M,RETIRINC,65+,1996,14515.0,1
CXURETIRINCLB0407M,RETIRINC,65+,1997,15293.0,1
CXURETIRINCLB0407M,RETIRINC,65+,1998,16131.0,1
CXURETIRINCLB0407M,RETIRINC,65+,1999,16217.0,1
CXURETIRINCLB0407M,RETIRINC,65+,2000,16187.0,1
CXURETIRINCLB0407M,RETIRINC,65+,2001,17125.0,1
CXURETIRINCLB0407M,RETIRINC,65+,2002,17819.0,1
CXURETIRINCLB0407M,RETIRINC,65+,2003,18881.0,1
CXURETIRINCLB0407M,RETIRINC,65+,2004,19561.0,
CXURETIRINCLB0407M,RETIRINC,65+,2005,20534.0,
CXURETIRINCLB0407M,RETIRINC,65+,2006,20804.0,
CXURETIRINCLB0407M,RETIRINC,65+,2007,21754.0,
CXURETIRINCLB0407M,RETIRINC,65+,2008,22155.0,
CXURETIRINCLB0407M,RETIRINC,65+,2009,22844.0,
CXURETIRINCLB0407M,RETIRINC,65+,2010,23878.0,
CXURETIRINCLB0407M,RETIRINC,65+,2011,24539.0,
CXURETIRINCLB0407M,RETIRINC,65+,2012,25192.0,
CXURETIRINCLB0407M,RETIRINC,65+,2013,24091.0,
CXURETIRINCLB0407M,RETIRINC,65+,2014,24515.0,
CXURETIRINCLB0407M,RETIRINC,65+,2015,23912.0,
CXURETIRINCLB0407M,RETIRINC,65+,2016,23988.0,
CXURETIRINCLB0407M,RETIRINC,65+,2017,24673.0,
CXURETIRINCLB0407M,RETIRINC,65+,2018,26040.0,
CXURETIRINCLB0407M,RETIRINC,65+,2019,26355.0,
CXURETIRINCLB0407M,RETIRINC,65+,2020,27081.0,
CXURETIRINCLB0407M,RETIRINC,65+,2021,28516.0,
CXURETIRINCLB0407M,RETIRINC,65+,2022,30094.0,
CXURETIRINCLB0407M,RETIRINC,65+,2023,31913.0,
CXURETIRINCLB0407M,RETIRINC,65+,2024,33382.0,
CXURETIRINCLB0408M,RETIRINC,65-74,1984,8670.0,1
CXURETIRINCLB0408M,RETIRINC,65-74,1985,9658.0,1
CXURETIRINCLB0408M,RETIRINC,65-74,1986,9591.0,1
CXURETIRINCLB0408M,RETIRINC,65-74,1987,10451.0,1
CXURETIRINCLB0408M,RETIRINC,65-74,1988,11200.0,1
CXURETIRINCLB0408M,RETIRINC,65-74,1989,11847.0,1
CXURETIRINCLB0408M,RETIRINC,65-74,1990,12176.0,1
CXURETIRINCLB0408M,RETIRINC,65-74,1991,12562.0,1
CXURETIRINCLB0408M,RETIRINC,65-74,1992,12839.0,1
CXURETIRINCLB0408M,RETIRINC,65-74,1993,13373.0,1
CXURETIRINCLB0408M,RETIRINC,65-74,1994,14333.0,1
CXURETIRINCLB0408M,RETIRINC,65-74,1995,15316.0,1
CXURETIRINCLB0408M,RETIRINC,65-74,1996,15400.0,1
CXURETIRINCLB0408M,RETIRINC,65-74,1997,15563.0,1
CXURETIRINCLB0408M,RETIRINC,65-74,1998,16379.0,1
CXURETIRINCLB0408M,RETIRINC,65-74,1999,16498.0,1
CXURETIRINCLB0408M,RETIRINC,65-74,2000,17011.0,1
CXURETIRINCLB0408M,RETIRINC,65-74,2001,17611.0,1
CXURETIRINCLB0408M,RETIRINC,65-74,2002,18276.0,1
CXURETIRINCLB0408M,RETIRINC,65-74,2003,18851.0,1
CXURETIRINCLB0408M,RETIRINC,65-74,2004,20116.0,
CXURETIRINCLB0408M,RETIRINC,65-74,2005,21892.0,
CXURETIRINCLB0408M,RETIRINC,65-74,2006,22281.0,
CXURETIRINCLB0408M,RETIRINC,65-74,2007,22616.0,
CXURETIRINCLB0408M,RETIRINC,65-74,2008,22591.0,
CXURETIRINCLB0408M,RETIRINC,65-74,2009,23578.0,
CXURETIRINCLB0408M,RETIRINC,65-74,2010,25663.0,
CXURETIRINCLB0408M,RETIRINC,65-74,2011,25828.0,
CXURETIRINCLB0408M,RETIRINC,65-74,2012,26184.0,
CXURETIRINCLB0408M,RETIRINC,65-74,2013,24485.0,
CXURETIRINCLB0408M,RETIRINC,65-74,2014,24140.0,
CXURETIRINCLB0408M,RETIRINC,65-74,2015,23709.0,
CXURETIRINCLB0408M,RETIRINC,65-74,2016,23789.0,
CXURETIRINCLB0408M,RETIRINC,65-74,2017,24400.0,
CXURETIRINCLB0408M,RETIRINC,65-74,2018,25918.0,
CXURETIRINCLB0408M,RETIRINC,65-74,2019,25793.0,
CXURETIRINCLB0408M,RETIRINC,65-74,2020,26627.0,
CXURETIRINCLB0408M,RETIRINC,65-74,2021,27424.0,
CXURETIRINCLB0408M,RETIRINC,65-74,2022,29622.0,
CXURETIRINCLB0408M,RETIRINC,65-74,2023,30655.0,
CXURETIRINCLB0408M,RETIRINC,65-74,2024,31347.0,
CXURETIRINCLB0409M,RETIRINC,75+,1984,7480.0,1
CXURETIRINCLB0409M,RETIRINC,75+,1985,7882.0,1
CXURETIRINCLB0409M,RETIRINC,75+,1986,8211.0,1
CXURETIRINCLB0409M,RETIRINC,75+,1987,8690.0,1
CXURETIRINCLB0409M,RETIRINC,75+,1988,9672.0,1
CXURETIRINCLB0409M,RETIRINC,75+,1989,10452.0,1
CXURETIRINCLB0409M,RETIRINC,75+,1990,10976.0,1
CXURETIRINCLB0409M,RETIRINC,75+,1991,11608.0,1
CXURETIRINCLB0409M,RETIRINC,75+,1992,12624.0,1
CXURETIRINCLB0409M,RETIRINC,75+,1993,12996.0,1
CXURETIRINCLB0409M,RETIRINC,75+,1994,13830.0,1
CXURETIRINCLB0409M,RETIRINC,75+,1995,13508.0,1
CXURETIRINCLB0409M,RETIRINC,75+,1996,13461.0,1
CXURETIRINCLB0409M,RETIRINC,75+,1997,14946.0,1
CXURETIRINCLB0409M,RETIRINC,75+,1998,15821.0,1
CXURETIRINCLB0409M,RETIRINC,75+,1999,15901.0,1
CXURETIRINCLB0409M,RETIRINC,75+,2000,15259.0,1
CXURETIRINCLB0409M,RETIRINC,75+,2001,16596.0,1
CXURETIRINCLB0409M,RETIRINC,75+,2002,17327.0,1
CXURETIRINCLB0409M,RETIRINC,75+,2003,18911.0,1
CXURETIRINCLB0409M,RETIRINC,75+,2004,19020.0,
CXURETIRINCLB0409M,RETIRINC,75+,2005,19157.0,
CXURETIRINCLB0409M,RETIRINC,75+,2006,19259.0,
CXURETIRINCLB0409M,RETIRINC,75+,2007,20846.0,
CXURETIRINCLB0409M,RETIRINC,75+,2008,21677.0,
CXURETIRINCLB0409M,RETIRINC,75+,2009,22038.0,
CXURETIRINCLB0409M,RETIRINC,75+,2010,21864.0,
CXURETIRINCLB0409M,RETIRINC,75+,2011,23002.0,
CXURETIRINCLB0409M,RETIRINC,75+,2012,23968.0,
CXURETIRINCLB0409M,RETIRINC,75+,2013,23566.0,
CXURETIRINCLB0409M,RETIRINC,75+,2014,25012.0,
CXURETIRINCLB0409M,RETIRINC,75+,2015,24190.0,
CXURETIRINCLB0409M,RETIRINC,75+,2016,24266.0,
CXURETIRINCLB0409M,RETIRINC,75+,2017,25057.0,
CXURETIRINCLB0409M,RETIRINC,75+,2018,26212.0,
CXURETIRINCLB0409M,RETIRINC,75+,2019,27103.0,
CXURETIRINCLB0409M,RETIRINC,75+,2020,27710.0,
CXURETIRINCLB0409M,RETIRINC,75+,2021,30130.0,
CXURETIRINCLB0409M,RETIRINC,75+,2022,30767.0,
CXURETIRINCLB0409M,RETIRINC,75+,2023,33654.0,
CXURETIRINCLB0409M,RETIRINC,75+,2024,36291.0,
CXURETIRINCLB0401M,RETIRINC,All CUs,1984,2420.0,1
CXURETIRINCLB0401M,RETIRINC,All CUs,1985,2604.0,1
CXURETIRINCLB0401M,RETIRINC,All CUs,1986,2555.0,1
CXURETIRINCLB0401M,RETIRINC,All CUs,1987,2941.0,1
CXURETIRINCLB0401M,RETIRINC,All CUs,1988,3063.0,1
CXURETIRINCLB0401M,RETIRINC,All CUs,1989,3387.0,1
CXURETIRINCLB0401M,RETIRINC,All CUs,1990,3427.0,1
CXURETIRINCLB0401M,RETIRINC,All CUs,1991,3584.0,1
CXURETIRINCLB0401M,RETIRINC,All CUs,1992,3887.0,1
CXURETIRINCLB0401M,RETIRINC,All CUs,1993,4034.0,1
CXURETIRINCLB0401M,RETIRINC,All CUs,1994,4200.0,1
CXURETIRINCLB0401M,RETIRINC,All CUs,1995,4355.0,1
CXURETIRINCLB0401M,RETIRINC,All CUs,1996,4334.0,1
CXURETIRINCLB0401M,RETIRINC,All CUs,1997,4531.0,1
CXURETIRINCLB0401M,RETIRINC,All CUs,1998,4618.0,1
CXURETIRINCLB0401M,RETIRINC,All CUs,1999,4798.0,1
CXURETIRINCLB0401M,RETIRINC,All CUs,2000,4856.0,1
CXURETIRINCLB0401M,RETIRINC,All CUs,2001,4963.0,1
CXURETIRINCLB0401M,RETIRINC,All CUs,2002,5234.0,1
CXURETIRINCLB0401M,RETIRINC,All CUs,2003,5601.0,1
CXURETIRINCLB0401M,RETIRINC,All CUs,2004,5848.0,
CXURETIRINCLB0401M,RETIRINC,All CUs,2005,6147.0,
CXURETIRINCLB0401M,RETIRINC,All CUs,2006,6139.0,
CXURETIRINCLB0401M,RETIRINC,All CUs,2007,6379.0,
CXURETIRINCLB0401M,RETIRINC,All CUs,2008,6577.0,
CXURETIRINCLB0401M,RETIRINC,All CUs,2009,6837.0,
CXURETIRINCLB0401M,RETIRINC,All CUs,2010,7173.0,
CXURETIRINCLB0401M,RETIRINC,All CUs,2011,7648.0,
CXURETIRINCLB0401M,RETIRINC,All CUs,2012,8021.0,
CXURETIRINCLB0401M,RETIRINC,All CUs,2013,7514.0,
CXURETIRINCLB0401M,RETIRINC,All CUs,2014,7700.0,
CXURETIRINCLB0401M,RETIRINC,All CUs,2015,7801.0,
CXURETIRINCLB0401M,RETIRINC,All CUs,2016,8001.0,
CXURETIRINCLB0401M,RETIRINC,All CUs,2017,8300.0,
CXURETIRINCLB0401M,RETIRINC,All CUs,2018,8664.0,
CXURETIRINCLB0401M,RETIRINC,All CUs,2019,8902.0,
CXURETIRINCLB0401M,RETIRINC,All CUs,2020,9493.0,
CXURETIRINCLB0401M,RETIRINC,All CUs,2021,9632.0,
CXURETIRINCLB0401M,RETIRINC,All CUs,2022,10412.0,
CXURETIRINCLB0401M,RETIRINC,All CUs,2023,11076.0,
CXURETIRINCLB0401M,RETIRINC,All CUs,2024,11646.0,
CXURETIRINCLB0402M,RETIRINC,Under 25,1984,67.0,1
CXURETIRINCLB0402M,RETIRINC,Under 25,1985,61.0,1
CXURETIRINCLB0402M,RETIRINC,Under 25,1986,101.0,1
CXURETIRINCLB0402M,RETIRINC,Under 25,1987,86.0,1
CXURETIRINCLB0402M,RETIRINC,Under 25,1988,38.0,1
CXURETIRINCLB0402M,RETIRINC,Under 25,1989,77.0,1
CXURETIRINCLB0402M,RETIRINC,Under 25,1990,60.0,1
CXURETIRINCLB0402M,RETIRINC,Under 25,1991,63.0,1
CXURETIRINCLB0402M,RETIRINC,Under 25,1992,45.0,1
CXURETIRINCLB0402M,RETIRINC,Under 25,1993,81.0,1
CXURETIRINCLB0402M,RETIRINC,Under 25,1994,72.0,1
CXURETIRINCLB0402M,RETIRINC,Under 25,1995,61.0,1
CXURETIRINCLB0402M,RETIRINC,Under 25,1996,153.0,1
CXURETIRINCLB0402M,RETIRINC,Under 25,1997,123.0,1
CXURETIRINCLB0402M,RETIRINC,Under 25,1998,51.0,1
CXURETIRINCLB0402M,RETIRINC,Under 25,1999,129.0,1
CXURETIRINCLB0402M,RETIRINC,Under 25,2000,337.0,1
CXURETIRINCLB0402M,RETIRINC,Under 25,2001,153.0,1
CXURETIRINCLB0402M,RETIRINC,Under 25,2002,204.0,1
CXURETIRINCLB0402M,RETIRINC,Under 25,2003,174.0,1
CXURETIRINCLB0402M,RETIRINC,Under 25,2004,211.0,
CXURETIRINCLB0402M,RETIRINC,Under 25,2005,204.0,
CXURETIRINCLB0402M,RETIRINC,Under 25,2006,158.0,
CXURETIRINCLB0402M,RETIRINC,Under 25,2007,180.0,
CXURETIRINCLB0402M,RETIRINC,Under 25,2008,261.0,
CXURETIRINCLB0402M,RETIRINC,Under 25,2009,333.0,
CXURETIRINCLB0402M,RETIRINC,Under 25,2010,248.0,
CXURETIRINCLB0402M,RETIRINC,Under 25,2011,294.0,
CXURETIRINCLB0402M,RETIRINC,Under 25,2012,740.0,6
CXURETIRINCLB0402M,RETIRINC,Under 25,2013,429.0,6
CXURETIRINCLB0402M,RETIRINC,Under 25,2014,395.0,
CXURETIRINCLB0402M,RETIRINC,Under 25,2015,354.0,6
CXURETIRINCLB0402M,RETIRINC,Under 25,2016,214.0,6
CXURETIRINCLB0402M,RETIRINC,Under 25,2017,212.0,6
CXURETIRINCLB0402M,RETIRINC,Under 25,2018,350.0,6
CXURETIRINCLB0402M,RETIRINC,Under 25,2019,585.0,6
CXURETIRINCLB0402M,RETIRINC,Under 25,2020,480.0,6
CXURETIRINCLB0402M,RETIRINC,Under 25,2021,309.0,6
CXURETIRINCLB0402M,RETIRINC,Under 25,2022,432.0,6
CXURETIRINCLB0402M,RETIRINC,Under 25,2023,416.0,6
CXURETIRINCLB0402M,RETIRINC,Under 25,2024,483.0,6
CXURNTDWELLLB0403M,RNTDWELL,25-34,1984,1615.0,
CXURNTDWELLLB0403M,RNTDWELL,25-34,1985,1869.0,
CXURNTDWELLLB0403M,RNTDWELL,25-34,1986,1958.0,
CXURNTDWELLLB0403M,RNTDWELL,25-34,1987,2083.0,
CXURNTDWELLLB0403M,RNTDWELL,25-34,1988,2253.0,
CXURNTDWELLLB0403M,RNTDWELL,25-34,1989,2343.0,
CXURNTDWELLLB0403M,RNTDWELL,25-34,1990,2441.0,
CXURNTDWELLLB0403M,RNTDWELL,25-34,1991,2535.0,
CXURNTDWELLLB0403M,RNTDWELL,25-34,1992,2817.0,
CXURNTDWELLLB0403M,RNTDWELL,25-34,1993,2857.0,
CXURNTDWELLLB0403M,RNTDWELL,25-34,1994,3074.0,
CXURNTDWELLLB0403M,RNTDWELL,25-34,1995,2876.0,
CXURNTDWELLLB0403M,RNTDWELL,25-34,1996,3076.0,
CXURNTDWELLLB0403M,RNTDWELL,25-34,1997,3291.0,
CXURNTDWELLLB0403M,RNTDWELL,25-34,1998,3434.0,
CXURNTDWELLLB0403M,RNTDWELL,25-34,1999,3447.0,
CXURNTDWELLLB0403M,RNTDWELL,25-34,2000,3514.0,
CXURNTDWELLLB0403M,RNTDWELL,25-34,2001,3655.0,
CXURNTDWELLLB0403M,RNTDWELL,25-34,2002,3476.0,
CXURNTDWELLLB0403M,RNTDWELL,25-34,2003,3835.0,
CXURNTDWELLLB0403M,RNTDWELL,25-34,2004,3802.0,
CXURNTDWELLLB0403M,RNTDWELL,25-34,2005,4043.0,
CXURNTDWELLLB0403M,RNTDWELL,25-34,2006,4286.0,
CXURNTDWELLLB0403M,RNTDWELL,25-34,2007,4288.0,
CXURNTDWELLLB0403M,RNTDWELL,25-34,2008,4734.0,
CXURNTDWELLLB0403M,RNTDWELL,25-34,2009,4877.0,
CXURNTDWELLLB0403M,RNTDWELL,25-34,2010,4989.0,
CXURNTDWELLLB0403M,RNTDWELL,25-34,2011,5338.0,
CXURNTDWELLLB0403M,RNTDWELL,25-34,2012,5603.0,
CXURNTDWELLLB0403M,RNTDWELL,25-34,2013,5881.0,
CXURNTDWELLLB0403M,RNTDWELL,25-34,2014,6144.0,
CXURNTDWELLLB0403M,RNTDWELL,25-34,2015,6323.0,
CXURNTDWELLLB0403M,RNTDWELL,25-34,2016,6960.0,
CXURNTDWELLLB0403M,RNTDWELL,25-34,2017,7153.0,
CXURNTDWELLLB0403M,RNTDWELL,25-34,2018,7412.0,
CXURNTDWELLLB0403M,RNTDWELL,25-34,2019,7813.0,
CXURNTDWELLLB0403M,RNTDWELL,25-34,2020,7481.0,
CXURNTDWELLLB0403M,RNTDWELL,25-34,2021,7947.0,
CXURNTDWELLLB0403M,RNTDWELL,25-34,2022,8824.0,
CXURNTDWELLLB0403M,RNTDWELL,25-34,2023,9293.0,
CXURNTDWELLLB0403M,RNTDWELL,25-34,2024,9927.0,
CXURNTDWELLLB0404M,RNTDWELL,35-44,1984,1177.0,
CXURNTDWELLLB0404M,RNTDWELL,35-44,1985,1293.0,
CXURNTDWELLLB0404M,RNTDWELL,35-44,1986,1294.0,
CXURNTDWELLLB0404M,RNTDWELL,35-44,1987,1333.0,
CXURNTDWELLLB0404M,RNTDWELL,35-44,1988,1519.0,
CXURNTDWELLLB0404M,RNTDWELL,35-44,1989,1444.0,
CXURNTDWELLLB0404M,RNTDWELL,35-44,1990,1531.0,
CXURNTDWELLLB0404M,RNTDWELL,35-44,1991,1733.0,
CXURNTDWELLLB0404M,RNTDWELL,35-44,1992,1901.0,
CXURNTDWELLLB0404M,RNTDWELL,35-44,1993,1817.0,
CXURNTDWELLLB0404M,RNTDWELL,35-44,1994,1841.0,
CXURNTDWELLLB0404M,RNTDWELL,35-44,1995,2106.0,
CXURNTDWELLLB0404M,RNTDWELL,35-44,1996,2057.0,
CXURNTDWELLLB0404M,RNTDWELL,35-44,1997,2234.0,
CXURNTDWELLLB0404M,RNTDWELL,35-44,1998,2033.0,
CXURNTDWELLLB0404M,RNTDWELL,35-44,1999,2121.0,
CXURNTDWELLLB0404M,RNTDWELL,35-44,2000,2067.0,
CXURNTDWELLLB0404M,RNTDWELL,35-44,2001,2261.0,
CXURNTDWELLLB0404M,RNTDWELL,35-44,2002,2351.0,
CXURNTDWELLLB0404M,RNTDWELL,35-44,2003,2315.0,
CXURNTDWELLLB0404M,RNTDWELL,35-44,2004,2450.0,
CXURNTDWELLLB0404M,RNTDWELL,35-44,2005,2473.0,
CXURNTDWELLLB0404M,RNTDWELL,35-44,2006,2938.0,
CXURNTDWELLLB0404M,RNTDWELL,35-44,2007,2849.0,
CXURNTDWELLLB0404M,RNTDWELL,35-44,2008,3013.0,
CXURNTDWELLLB0404M,RNTDWELL,35-44,2009,3328.0,
CXURNTDWELLLB0404M,RNTDWELL,35-44,2010,3475.0,
CXURNTDWELLLB0404M,RNTDWELL,35-44,2011,3714.0,
CXURNTDWELLLB0404M,RNTDWELL,35-44,2012,3691.0,
CXURNTDWELLLB0404M,RNTDWELL,35-44,2013,3834.0,
CXURNTDWELLLB0404M,RNTDWELL,35-44,2014,4615.0,
CXURNTDWELLLB0404M,RNTDWELL,35-44,2015,4852.0,
CXURNTDWELLLB0404M,RNTDWELL,35-44,2016,5026.0,
CXURNTDWELLLB0404M,RNTDWELL,35-44,2017,5755.0,
CXURNTDWELLLB0404M,RNTDWELL,35-44,2018,5498.0,
CXURNTDWELLLB0404M,RNTDWELL,35-44,2019,5627.0,
CXURNTDWELLLB0404M,RNTDWELL,35-44,2020,5438.0,
CXURNTDWELLLB0404M,RNTDWELL,35-44,2021,5802.0,
CXURNTDWELLLB0404M,RNTDWELL,35-44,2022,6017.0,
CXURNTDWELLLB0404M,RNTDWELL,35-44,2023,6463.0,
CXURNTDWELLLB0404M,RNTDWELL,35-44,2024,7036.0,
CXURNTDWELLLB0405M,RNTDWELL,45-54,1984,745.0,
CXURNTDWELLLB0405M,RNTDWELL,45-54,1985,753.0,
CXURNTDWELLLB0405M,RNTDWELL,45-54,1986,905.0,
CXURNTDWELLLB0405M,RNTDWELL,45-54,1987,1024.0,
CXURNTDWELLLB0405M,RNTDWELL,45-54,1988,1179.0,
CXURNTDWELLLB0405M,RNTDWELL,45-54,1989,1221.0,
CXURNTDWELLLB0405M,RNTDWELL,45-54,1990,1221.0,
CXURNTDWELLLB0405M,RNTDWELL,45-54,1991,1112.0,
CXURNTDWELLLB0405M,RNTDWELL,45-54,1992,1313.0,
CXURNTDWELLLB0405M,RNTDWELL,45-54,1993,1297.0,
CXURNTDWELLLB0405M,RNTDWELL,45-54,1994,1318.0,
CXURNTDWELLLB0405M,RNTDWELL,45-54,1995,1335.0,
CXURNTDWELLLB0405M,RNTDWELL,45-54,1996,1450.0,
CXURNTDWELLLB0405M,RNTDWELL,45-54,1997,1515.0,
CXURNTDWELLLB0405M,RNTDWELL,45-54,1998,1433.0,
CXURNTDWELLLB0405M,RNTDWELL,45-54,1999,1532.0,
CXURNTDWELLLB0405M,RNTDWELL,45-54,2000,1614.0,
CXURNTDWELLLB0405M,RNTDWELL,45-54,2001,1632.0,
CXURNTDWELLLB0405M,RNTDWELL,45-54,2002,1733.0,
CXURNTDWELLLB0405M,RNTDWELL,45-54,2003,1656.0,
CXURNTDWELLLB0405M,RNTDWELL,45-54,2004,1636.0,
CXURNTDWELLLB0405M,RNTDWELL,45-54,2005,1826.0,
CXURNTDWELLLB0405M,RNTDWELL,45-54,2006,2064.0,
CXURNTDWELLLB0405M,RNTDWELL,45-54,2007,2055.0,
CXURNTDWELLLB0405M,RNTDWELL,45-54,2008,2037.0,
CXURNTDWELLLB0405M,RNTDWELL,45-54,2009,2369.0,
CXURNTDWELLLB0405M,RNTDWELL,45-54,2010,2493.0,
CXURNTDWELLLB0405M,RNTDWELL,45-54,2011,2582.0,
CXURNTDWELLLB0405M,RNTDWELL,45-54,2012,2712.0,
CXURNTDWELLLB0405M,RNTDWELL,45-54,2013,2938.0,
CXURNTDWELLLB0405M,RNTDWELL,45-54,2014,3143.0,
CXURNTDWELLLB0405M,RNTDWELL,45-54,2015,3284.0,
CXURNTDWELLLB0405M,RNTDWELL,45-54,2016,3567.0,
CXURNTDWELLLB0405M,RNTDWELL,45-54,2017,3653.0,
CXURNTDWELLLB0405M,RNTDWELL,45-54,2018,3764.0,
CXURNTDWELLLB0405M,RNTDWELL,45-54,2019,3875.0,
CXURNTDWELLLB0405M,RNTDWELL,45-54,2020,4015.0,
CXURNTDWELLLB0405M,RNTDWELL,45-54,2021,4289.0,
CXURNTDWELLLB0405M,RNTDWELL,45-54,2022,4471.0,
CXURNTDWELLLB0405M,RNTDWELL,45-54,2023,4936.0,
CXURNTDWELLLB0405M,RNTDWELL,45-54,2024,5001.0,
CXURNTDWELLLB0406M,RNTDWELL,55-64,1984,632.0,
CXURNTDWELLLB0406M,RNTDWELL,55-64,1985,729.0,
CXURNTDWELLLB0406M,RNTDWELL,55-64,1986,674.0,
CXURNTDWELLLB0406M,RNTDWELL,55-64,1987,634.0,
CXURNTDWELLLB0406M,RNTDWELL,55-64,1988,770.0,
CXURNTDWELLLB0406M,RNTDWELL,55-64,1989,738.0,
CXURNTDWELLLB0406M,RNTDWELL,55-64,1990,873.0,
CXURNTDWELLLB0406M,RNTDWELL,55-64,1991,980.0,
CXURNTDWELLLB0406M,RNTDWELL,55-64,1992,1016.0,
CXURNTDWELLLB0406M,RNTDWELL,55-64,1993,929.0,
CXURNTDWELLLB0406M,RNTDWELL,55-64,1994,1007.0,
CXURNTDWELLLB0406M,RNTDWELL,55-64,1995,988.0,
CXURNTDWELLLB0406M,RNTDWELL,55-64,1996,1159.0,
CXURNTDWELLLB0406M,RNTDWELL,55-64,1997,1145.0,
CXURNTDWELLLB0406M,RNTDWELL,55-64,1998,1214.0,
CXURNTDWELLLB0406M,RNTDWELL,55-64,1999,1206.0,
CXURNTDWELLLB0406M,RNTDWELL,55-64,2000,1123.0,
CXURNTDWELLLB0406M,RNTDWELL,55-64,2001,1187.0,
CXURNTDWELLLB0406M,RNTDWELL,55-64,2002,1303.0,
CXURNTDWELLLB0406M,RNTDWELL,55-64,2003,1179.0,
CXURNTDWELLLB0406M,RNTDWELL,55-64,2004,1169.0,
CXURNTDWELLLB0406M,RNTDWELL,55-64,2005,1290.0,
CXURNTDWELLLB0406M,RNTDWELL,55-64,2006,1460.0,
CXURNTDWELLLB0406M,RNTDWELL,55-64,2007,1539.0,
CXURNTDWELLLB0406M,RNTDWELL,55-64,2008,1607.0,
CXURNTDWELLLB0406M,RNTDWELL,55-64,2009,1570.0,
CXURNTDWELLLB0406M,RNTDWELL,55-64,2010,1689.0,
CXURNTDWELLLB0406M,RNTDWELL,55-64,2011,1784.0,
CXURNTDWELLLB0406M,RNTDWELL,55-64,2012,1788.0,
CXURNTDWELLLB0406M,RNTDWELL,55-64,2013,1937.0,
CXURNTDWELLLB0406M,RNTDWELL,55-64,2014,2098.0,
CXURNTDWELLLB0406M,RNTDWELL,55-64,2015,2454.0,
CXURNTDWELLLB0406M,RNTDWELL,55-64,2016,2441.0,
CXURNTDWELLLB0406M,RNTDWELL,55-64,2017,2182.0,
CXURNTDWELLLB0406M,RNTDWELL,55-64,2018,2400.0,
CXURNTDWELLLB0406M,RNTDWELL,55-64,2019,2861.0,
CXURNTDWELLLB0406M,RNTDWELL,55-64,2020,2958.0,
CXURNTDWELLLB0406M,RNTDWELL,55-64,2021,2951.0,
CXURNTDWELLLB0406M,RNTDWELL,55-64,2022,3094.0,
CXURNTDWELLLB0406M,RNTDWELL,55-64,2023,3366.0,
CXURNTDWELLLB0406M,RNTDWELL,55-64,2024,3619.0,
CXURNTDWELLLB0407M,RNTDWELL,65+,1988,841.0,
CXURNTDWELLLB0407M,RNTDWELL,65+,1989,914.0,
CXURNTDWELLLB0407M,RNTDWELL,65+,1990,839.0,
CXURNTDWELLLB0407M,RNTDWELL,65+,1991,916.0,
CXURNTDWELLLB0407M,RNTDWELL,65+,1992,1039.0,
CXURNTDWELLLB0407M,RNTDWELL,65+,1993,966.0,
CXURNTDWELLLB0407M,RNTDWELL,65+,1994,1013.0,
CXURNTDWELLLB0407M,RNTDWELL,65+,1995,933.0,
CXURNTDWELLLB0407M,RNTDWELL,65+,1996,991.0,
CXURNTDWELLLB0407M,RNTDWELL,65+,1997,1051.0,
CXURNTDWELLLB0407M,RNTDWELL,65+,1998,1092.0,
CXURNTDWELLLB0407M,RNTDWELL,65+,1999,1182.0,
CXURNTDWELLLB0407M,RNTDWELL,65+,2000,1140.0,
CXURNTDWELLLB0407M,RNTDWELL,65+,2001,1201.0,
CXURNTDWELLLB0407M,RNTDWELL,65+,2002,1259.0,
CXURNTDWELLLB0407M,RNTDWELL,65+,2003,1331.0,
CXURNTDWELLLB0407M,RNTDWELL,65+,2004,1393.0,
CXURNTDWELLLB0407M,RNTDWELL,65+,2005,1492.0,
CXURNTDWELLLB0407M,RNTDWELL,65+,2006,1630.0,
CXURNTDWELLLB0407M,RNTDWELL,65+,2007,1639.0,
CXURNTDWELLLB0407M,RNTDWELL,65+,2008,1658.0,
CXURNTDWELLLB0407M,RNTDWELL,65+,2009,1741.0,
CXURNTDWELLLB0407M,RNTDWELL,65+,2010,1514.0,
CXURNTDWELLLB0407M,RNTDWELL,65+,2011,1480.0,
CXURNTDWELLLB0407M,RNTDWELL,65+,2012,1828.0,
CXURNTDWELLLB0407M,RNTDWELL,65+,2013,1808.0,
CXURNTDWELLLB0407M,RNTDWELL,65+,2014,1907.0,
CXURNTDWELLLB0407M,RNTDWELL,65+,2015,2218.0,
CXURNTDWELLLB0407M,RNTDWELL,65+,2016,2583.0,
CXURNTDWELLLB0407M,RNTDWELL,65+,2017,2530.0,
CXURNTDWELLLB0407M,RNTDWELL,65+,2018,2585.0,
CXURNTDWELLLB0407M,RNTDWELL,65+,2019,2571.0,
CXURNTDWELLLB0407M,RNTDWELL,65+,2020,2631.0,
CXURNTDWELLLB0407M,RNTDWELL,65+,2021,2759.0,
CXURNTDWELLLB0407M,RNTDWELL,65+,2022,3021.0,
CXURNTDWELLLB0407M,RNTDWELL,65+,2023,3280.0,
CXURNTDWELLLB0407M,RNTDWELL,65+,2024,3403.0,
CXURNTDWELLLB0408M,RNTDWELL,65-74,1984,557.0,
CXURNTDWELLLB0408M,RNTDWELL,65-74,1985,563.0,
CXURNTDWELLLB0408M,RNTDWELL,65-74,1986,614.0,
CXURNTDWELLLB0408M,RNTDWELL,65-74,1987,829.0,
CXURNTDWELLLB0408M,RNTDWELL,65-74,1988,772.0,
CXURNTDWELLLB0408M,RNTDWELL,65-74,1989,872.0,
CXURNTDWELLLB0408M,RNTDWELL,65-74,1990,734.0,
CXURNTDWELLLB0408M,RNTDWELL,65-74,1991,787.0,
CXURNTDWELLLB0408M,RNTDWELL,65-74,1992,869.0,
CXURNTDWELLLB0408M,RNTDWELL,65-74,1993,803.0,
CXURNTDWELLLB0408M,RNTDWELL,65-74,1994,838.0,
CXURNTDWELLLB0408M,RNTDWELL,65-74,1995,782.0,
CXURNTDWELLLB0408M,RNTDWELL,65-74,1996,888.0,
CXURNTDWELLLB0408M,RNTDWELL,65-74,1997,911.0,
CXURNTDWELLLB0408M,RNTDWELL,65-74,1998,850.0,
CXURNTDWELLLB0408M,RNTDWELL,65-74,1999,968.0,
CXURNTDWELLLB0408M,RNTDWELL,65-74,2000,952.0,
CXURNTDWELLLB0408M,RNTDWELL,65-74,2001,998.0,
CXURNTDWELLLB0408M,RNTDWELL,65-74,2002,905.0,
CXURNTDWELLLB0408M,RNTDWELL,65-74,2003,1045.0,
CXURNTDWELLLB0408M,RNTDWELL,65-74,2004,1123.0,
CXURNTDWELLLB0408M,RNTDWELL,65-74,2005,1140.0,
CXURNTDWELLLB0408M,RNTDWELL,65-74,2006,1191.0,
CXURNTDWELLLB0408M,RNTDWELL,65-74,2007,1277.0,
CXURNTDWELLLB0408M,RNTDWELL,65-74,2008,1294.0,
CXURNTDWELLLB0408M,RNTDWELL,65-74,2009,1320.0,
CXURNTDWELLLB0408M,RNTDWELL,65-74,2010,1275.0,
CXURNTDWELLLB0408M,RNTDWELL,65-74,2011,1234.0,
CXURNTDWELLLB0408M,RNTDWELL,65-74,2012,1557.0,
CXURNTDWELLLB0408M,RNTDWELL,65-74,2013,1444.0,
CXURNTDWELLLB0408M,RNTDWELL,65-74,2014,1732.0,
CXURNTDWELLLB0408M,RNTDWELL,65-74,2015,1764.0,
CXURNTDWELLLB0408M,RNTDWELL,65-74,2016,1921.0,
CXURNTDWELLLB0408M,RNTDWELL,65-74,2017,2002.0,
CXURNTDWELLLB0408M,RNTDWELL,65-74,2018,2190.0,
CXURNTDWELLLB0408M,RNTDWELL,65-74,2019,2344.0,
CXURNTDWELLLB0408M,RNTDWELL,65-74,2020,2110.0,
CXURNTDWELLLB0408M,RNTDWELL,65-74,2021,2391.0,
CXURNTDWELLLB0408M,RNTDWELL,65-74,2022,2635.0,
CXURNTDWELLLB0408M,RNTDWELL,65-74,2023,2764.0,
CXURNTDWELLLB0408M,RNTDWELL,65-74,2024,2681.0,
CXURNTDWELLLB0409M,RNTDWELL,75+,1984,780.0,
CXURNTDWELLLB0409M,RNTDWELL,75+,1985,861.0,
CXURNTDWELLLB0409M,RNTDWELL,75+,1986,866.0,
CXURNTDWELLLB0409M,RNTDWELL,75+,1987,1014.0,
CXURNTDWELLLB0409M,RNTDWELL,75+,1988,937.0,
CXURNTDWELLLB0409M,RNTDWELL,75+,1989,973.0,
CXURNTDWELLLB0409M,RNTDWELL,75+,1990,974.0,
CXURNTDWELLLB0409M,RNTDWELL,75+,1991,1091.0,
CXURNTDWELLLB0409M,RNTDWELL,75+,1992,1247.0,
CXURNTDWELLLB0409M,RNTDWELL,75+,1993,1162.0,
CXURNTDWELLLB0409M,RNTDWELL,75+,1994,1236.0,
CXURNTDWELLLB0409M,RNTDWELL,75+,1995,1116.0,
CXURNTDWELLLB0409M,RNTDWELL,75+,1996,1115.0,
CXURNTDWELLLB0409M,RNTDWELL,75+,1997,1223.0,
CXURNTDWELLLB0409M,RNTDWELL,75+,1998,1380.0,
CXURNTDWELLLB0409M,RNTDWELL,75+,1999,1420.0,
CXURNTDWELLLB0409M,RNTDWELL,75+,2000,1344.0,
CXURNTDWELLLB0409M,RNTDWELL,75+,2001,1418.0,
CXURNTDWELLLB0409M,RNTDWELL,75+,2002,1627.0,
CXURNTDWELLLB0409M,RNTDWELL,75+,2003,1619.0,
CXURNTDWELLLB0409M,RNTDWELL,75+,2004,1655.0,
CXURNTDWELLLB0409M,RNTDWELL,75+,2005,1850.0,
CXURNTDWELLLB0409M,RNTDWELL,75+,2006,2090.0,
CXURNTDWELLLB0409M,RNTDWELL,75+,2007,2020.0,
CXURNTDWELLLB0409M,RNTDWELL,75+,2008,2057.0,
CXURNTDWELLLB0409M,RNTDWELL,75+,2009,2202.0,
CXURNTDWELLLB0409M,RNTDWELL,75+,2010,1783.0,
CXURNTDWELLLB0409M,RNTDWELL,75+,2011,1772.0,
CXURNTDWELLLB0409M,RNTDWELL,75+,2012,2162.0,
CXURNTDWELLLB0409M,RNTDWELL,75+,2013,2292.0,
CXURNTDWELLLB0409M,RNTDWELL,75+,2014,2139.0,
CXURNTDWELLLB0409M,RNTDWELL,75+,2015,2842.0,
CXURNTDWELLLB0409M,RNTDWELL,75+,2016,3510.0,
CXURNTDWELLLB0409M,RNTDWELL,75+,2017,3271.0,
CXURNTDWELLLB0409M,RNTDWELL,75+,2018,3142.0,
CXURNTDWELLLB0409M,RNTDWELL,75+,2019,2872.0,
CXURNTDWELLLB0409M,RNTDWELL,75+,2020,3353.0,
CXURNTDWELLLB0409M,RNTDWELL,75+,2021,3303.0,
CXURNTDWELLLB0409M,RNTDWELL,75+,2022,3571.0,
CXURNTDWELLLB0409M,RNTDWELL,75+,2023,3995.0,
CXURNTDWELLLB0409M,RNTDWELL,75+,2024,4435.0,
CXURNTDWELLLB0401M,RNTDWELL,All CUs,1984,1070.0,
CXURNTDWELLLB0401M,RNTDWELL,All CUs,1985,1180.0,
CXURNTDWELLLB0401M,RNTDWELL,All CUs,1986,1262.0,
CXURNTDWELLLB0401M,RNTDWELL,All CUs,1987,1345.0,
CXURNTDWELLLB0401M,RNTDWELL,All CUs,1988,1468.0,
CXURNTDWELLLB0401M,RNTDWELL,All CUs,1989,1500.0,
CXURNTDWELLLB0401M,RNTDWELL,All CUs,1990,1533.0,
CXURNTDWELLLB0401M,RNTDWELL,All CUs,1991,1588.0,
CXURNTDWELLLB0401M,RNTDWELL,All CUs,1992,1761.0,
CXURNTDWELLLB0401M,RNTDWELL,All CUs,1993,1714.0,
CXURNTDWELLLB0401M,RNTDWELL,All CUs,1994,1799.0,
CXURNTDWELLLB0401M,RNTDWELL,All CUs,1995,1788.0,
CXURNTDWELLLB0401M,RNTDWELL,All CUs,1996,1864.0,
CXURNTDWELLLB0401M,RNTDWELL,All CUs,1997,1983.0,
CXURNTDWELLLB0401M,RNTDWELL,All CUs,1998,1978.0,
CXURNTDWELLLB0401M,RNTDWELL,All CUs,1999,2027.0,
CXURNTDWELLLB0401M,RNTDWELL,All CUs,2000,2034.0,
CXURNTDWELLLB0401M,RNTDWELL,All CUs,2001,2134.0,
CXURNTDWELLLB0401M,RNTDWELL,All CUs,2002,2160.0,
CXURNTDWELLLB0401M,RNTDWELL,All CUs,2003,2179.0,
CXURNTDWELLLB0401M,RNTDWELL,All CUs,2004,2201.0,
CXURNTDWELLLB0401M,RNTDWELL,All CUs,2005,2345.0,
CXURNTDWELLLB0401M,RNTDWELL,All CUs,2006,2590.0,
CXURNTDWELLLB0401M,RNTDWELL,All CUs,2007,2602.0,
CXURNTDWELLLB0401M,RNTDWELL,All CUs,2008,2724.0,
CXURNTDWELLLB0401M,RNTDWELL,All CUs,2009,2860.0,
CXURNTDWELLLB0401M,RNTDWELL,All CUs,2010,2900.0,
CXURNTDWELLLB0401M,RNTDWELL,All CUs,2011,3029.0,
CXURNTDWELLLB0401M,RNTDWELL,All CUs,2012,3186.0,
CXURNTDWELLLB0401M,RNTDWELL,All CUs,2013,3324.0,
CXURNTDWELLLB0401M,RNTDWELL,All CUs,2014,3631.0,
CXURNTDWELLLB0401M,RNTDWELL,All CUs,2015,3802.0,
CXURNTDWELLLB0401M,RNTDWELL,All CUs,2016,4035.0,
CXURNTDWELLLB0401M,RNTDWELL,All CUs,2017,4167.0,
CXURNTDWELLLB0401M,RNTDWELL,All CUs,2018,4249.0,
CXURNTDWELLLB0401M,RNTDWELL,All CUs,2019,4432.0,
CXURNTDWELLLB0401M,RNTDWELL,All CUs,2020,4408.0,
CXURNTDWELLLB0401M,RNTDWELL,All CUs,2021,4684.0,
CXURNTDWELLLB0401M,RNTDWELL,All CUs,2022,4990.0,
CXURNTDWELLLB0401M,RNTDWELL,All CUs,2023,5370.0,
CXURNTDWELLLB0401M,RNTDWELL,All CUs,2024,5660.0,
CXURNTDWELLLB0402M,RNTDWELL,Under 25,1984,1625.0,
CXURNTDWELLLB0402M,RNTDWELL,Under 25,1985,1725.0,
CXURNTDWELLLB0402M,RNTDWELL,Under 25,1986,2042.0,
CXURNTDWELLLB0402M,RNTDWELL,Under 25,1987,2216.0,
CXURNTDWELLLB0402M,RNTDWELL,Under 25,1988,2396.0,
CXURNTDWELLLB0402M,RNTDWELL,Under 25,1989,2638.0,
CXURNTDWELLLB0402M,RNTDWELL,Under 25,1990,2504.0,
CXURNTDWELLLB0402M,RNTDWELL,Under 25,1991,2465.0,
CXURNTDWELLLB0402M,RNTDWELL,Under 25,1992,2656.0,
CXURNTDWELLLB0402M,RNTDWELL,Under 25,1993,2678.0,
CXURNTDWELLLB0402M,RNTDWELL,Under 25,1994,2840.0,
CXURNTDWELLLB0402M,RNTDWELL,Under 25,1995,2984.0,
CXURNTDWELLLB0402M,RNTDWELL,Under 25,1996,2787.0,
CXURNTDWELLLB0402M,RNTDWELL,Under 25,1997,3002.0,
CXURNTDWELLLB0402M,RNTDWELL,Under 25,1998,3144.0,
CXURNTDWELLLB0402M,RNTDWELL,Under 25,1999,3296.0,
CXURNTDWELLLB0402M,RNTDWELL,Under 25,2000,3618.0,
CXURNTDWELLLB0402M,RNTDWELL,Under 25,2001,3786.0,
CXURNTDWELLLB0402M,RNTDWELL,Under 25,2002,3644.0,
CXURNTDWELLLB0402M,RNTDWELL,Under 25,2003,3593.0,
CXURNTDWELLLB0402M,RNTDWELL,Under 25,2004,3647.0,
CXURNTDWELLLB0402M,RNTDWELL,Under 25,2005,4085.0,
CXURNTDWELLLB0402M,RNTDWELL,Under 25,2006,4315.0,
CXURNTDWELLLB0402M,RNTDWELL,Under 25,2007,4649.0,
CXURNTDWELLLB0402M,RNTDWELL,Under 25,2008,4940.0,
CXURNTDWELLLB0402M,RNTDWELL,Under 25,2009,4885.0,
CXURNTDWELLLB0402M,RNTDWELL,Under 25,2010,4813.0,
CXURNTDWELLLB0402M,RNTDWELL,Under 25,2011,5111.0,
CXURNTDWELLLB0402M,RNTDWELL,Under 25,2012,5748.0,
CXURNTDWELLLB0402M,RNTDWELL,Under 25,2013,5728.0,
CXURNTDWELLLB0402M,RNTDWELL,Under 25,2014,6568.0,
CXURNTDWELLLB0402M,RNTDWELL,Under 25,2015,6026.0,
CXURNTDWELLLB0402M,RNTDWELL,Under 25,2016,5881.0,
CXURNTDWELLLB0402M,RNTDWELL,Under 25,2017,6279.0,
CXURNTDWELLLB0402M,RNTDWELL,Under 25,2018,6421.0,
CXURNTDWELLLB0402M,RNTDWELL,Under 25,2019,6713.0,
CXURNTDWELLLB0402M,RNTDWELL,Under 25,2020,8454.0,
CXURNTDWELLLB0402M,RNTDWELL,Under 25,2021,8741.0,
CXURNTDWELLLB0402M,RNTDWELL,Under 25,2022,9358.0,
CXURNTDWELLLB0402M,RNTDWELL,Under 25,2023,9831.0,
CXURNTDWELLLB0402M,RNTDWELL,Under 25,2024,10119.0,
CXUSFEMPINCLB0403M,SFEMPINC,25-34,1984,949.0,1
CXUSFEMPINCLB0403M,SFEMPINC,25-34,1985,1255.0,1
CXUSFEMPINCLB0403M,SFEMPINC,25-34,1986,1343.0,1
CXUSFEMPINCLB0403M,SFEMPINC,25-34,1987,1198.0,1
CXUSFEMPINCLB0403M,SFEMPINC,25-34,1988,1188.0,1
CXUSFEMPINCLB0403M,SFEMPINC,25-34,1989,1979.0,1
CXUSFEMPINCLB0403M,SFEMPINC,25-34,1990,1920.0,1
CXUSFEMPINCLB0403M,SFEMPINC,25-34,1991,1977.0,1
CXUSFEMPINCLB0403M,SFEMPINC,25-34,1992,1361.0,1
CXUSFEMPINCLB0403M,SFEMPINC,25-34,1993,1410.0,1
CXUSFEMPINCLB0403M,SFEMPINC,25-34,1994,1112.0,1
CXUSFEMPINCLB0403M,SFEMPINC,25-34,1995,1318.0,1
CXUSFEMPINCLB0403M,SFEMPINC,25-34,1996,1535.0,1
CXUSFEMPINCLB0403M,SFEMPINC,25-34,1997,1076.0,1
CXUSFEMPINCLB0403M,SFEMPINC,25-34,1998,1673.0,1
CXUSFEMPINCLB0403M,SFEMPINC,25-34,1999,1448.0,1
CXUSFEMPINCLB0403M,SFEMPINC,25-34,2000,1099.0,1
CXUSFEMPINCLB0403M,SFEMPINC,25-34,2001,1618.0,1
CXUSFEMPINCLB0403M,SFEMPINC,25-34,2002,1331.0,1
CXUSFEMPINCLB0403M,SFEMPINC,25-34,2003,1211.0,1
CXUSFEMPINCLB0403M,SFEMPINC,25-34,2004,1939.0,
CXUSFEMPINCLB0403M,SFEMPINC,25-34,2005,2782.0,
CXUSFEMPINCLB0403M,SFEMPINC,25-34,2006,2419.0,
CXUSFEMPINCLB0403M,SFEMPINC,25-34,2007,2523.0,
CXUSFEMPINCLB0403M,SFEMPINC,25-34,2008,2265.0,
CXUSFEMPINCLB0403M,SFEMPINC,25-34,2009,1829.0,
CXUSFEMPINCLB0403M,SFEMPINC,25-34,2010,1861.0,
CXUSFEMPINCLB0403M,SFEMPINC,25-34,2011,1938.0,
CXUSFEMPINCLB0403M,SFEMPINC,25-34,2012,1726.0,
CXUSFEMPINCLB0403M,SFEMPINC,25-34,2013,1684.0,
CXUSFEMPINCLB0403M,SFEMPINC,25-34,2014,2171.0,
CXUSFEMPINCLB0403M,SFEMPINC,25-34,2015,2378.0,
CXUSFEMPINCLB0403M,SFEMPINC,25-34,2016,3082.0,
CXUSFEMPINCLB0403M,SFEMPINC,25-34,2017,2907.0,
CXUSFEMPINCLB0403M,SFEMPINC,25-34,2018,3222.0,
CXUSFEMPINCLB0403M,SFEMPINC,25-34,2019,3396.0,
CXUSFEMPINCLB0403M,SFEMPINC,25-34,2020,2907.0,
CXUSFEMPINCLB0403M,SFEMPINC,25-34,2021,3986.0,
CXUSFEMPINCLB0403M,SFEMPINC,25-34,2022,4581.0,
CXUSFEMPINCLB0403M,SFEMPINC,25-34,2023,4581.0,
CXUSFEMPINCLB0403M,SFEMPINC,25-34,2024,4888.0,
CXUSFEMPINCLB0404M,SFEMPINC,35-44,1984,1017.0,1
CXUSFEMPINCLB0404M,SFEMPINC,35-44,1985,2161.0,1
CXUSFEMPINCLB0404M,SFEMPINC,35-44,1986,3001.0,1
CXUSFEMPINCLB0404M,SFEMPINC,35-44,1987,3185.0,1
CXUSFEMPINCLB0404M,SFEMPINC,35-44,1988,2838.0,1
CXUSFEMPINCLB0404M,SFEMPINC,35-44,1989,3985.0,1
CXUSFEMPINCLB0404M,SFEMPINC,35-44,1990,3629.0,1
CXUSFEMPINCLB0404M,SFEMPINC,35-44,1991,3428.0,1
CXUSFEMPINCLB0404M,SFEMPINC,35-44,1992,4441.0,1
CXUSFEMPINCLB0404M,SFEMPINC,35-44,1993,3054.0,1
CXUSFEMPINCLB0404M,SFEMPINC,35-44,1994,2593.0,1
CXUSFEMPINCLB0404M,SFEMPINC,35-44,1995,3148.0,1
CXUSFEMPINCLB0404M,SFEMPINC,35-44,1996,3657.0,1
CXUSFEMPINCLB0404M,SFEMPINC,35-44,1997,2881.0,1
CXUSFEMPINCLB0404M,SFEMPINC,35-44,1998,3142.0,1
CXUSFEMPINCLB0404M,SFEMPINC,35-44,1999,2835.0,1
CXUSFEMPINCLB0404M,SFEMPINC,35-44,2000,2977.0,1
CXUSFEMPINCLB0404M,SFEMPINC,35-44,2001,2759.0,1
CXUSFEMPINCLB0404M,SFEMPINC,35-44,2002,3200.0,1
CXUSFEMPINCLB0404M,SFEMPINC,35-44,2003,2420.0,1
CXUSFEMPINCLB0404M,SFEMPINC,35-44,2004,3422.0,
CXUSFEMPINCLB0404M,SFEMPINC,35-44,2005,4579.0,
CXUSFEMPINCLB0404M,SFEMPINC,35-44,2006,5336.0,
CXUSFEMPINCLB0404M,SFEMPINC,35-44,2007,3557.0,
CXUSFEMPINCLB0404M,SFEMPINC,35-44,2008,4040.0,
CXUSFEMPINCLB0404M,SFEMPINC,35-44,2009,3127.0,
CXUSFEMPINCLB0404M,SFEMPINC,35-44,2010,3814.0,
CXUSFEMPINCLB0404M,SFEMPINC,35-44,2011,3386.0,
CXUSFEMPINCLB0404M,SFEMPINC,35-44,2012,3167.0,
CXUSFEMPINCLB0404M,SFEMPINC,35-44,2013,4492.0,
CXUSFEMPINCLB0404M,SFEMPINC,35-44,2014,6077.0,
CXUSFEMPINCLB0404M,SFEMPINC,35-44,2015,4918.0,
CXUSFEMPINCLB0404M,SFEMPINC,35-44,2016,5950.0,
CXUSFEMPINCLB0404M,SFEMPINC,35-44,2017,4876.0,
CXUSFEMPINCLB0404M,SFEMPINC,35-44,2018,6735.0,
CXUSFEMPINCLB0404M,SFEMPINC,35-44,2019,6917.0,
CXUSFEMPINCLB0404M,SFEMPINC,35-44,2020,6865.0,
CXUSFEMPINCLB0404M,SFEMPINC,35-44,2021,7375.0,
CXUSFEMPINCLB0404M,SFEMPINC,35-44,2022,7416.0,
CXUSFEMPINCLB0404M,SFEMPINC,35-44,2023,9989.0,
CXUSFEMPINCLB0404M,SFEMPINC,35-44,2024,8107.0,
CXUSFEMPINCLB0405M,SFEMPINC,45-54,1984,1926.0,1
CXUSFEMPINCLB0405M,SFEMPINC,45-54,1985,2041.0,1
CXUSFEMPINCLB0405M,SFEMPINC,45-54,1986,2086.0,1
CXUSFEMPINCLB0405M,SFEMPINC,45-54,1987,3039.0,1
CXUSFEMPINCLB0405M,SFEMPINC,45-54,1988,3316.0,1
CXUSFEMPINCLB0405M,SFEMPINC,45-54,1989,4485.0,1
CXUSFEMPINCLB0405M,SFEMPINC,45-54,1990,3655.0,1
CXUSFEMPINCLB0405M,SFEMPINC,45-54,1991,5553.0,1
CXUSFEMPINCLB0405M,SFEMPINC,45-54,1992,4791.0,1
CXUSFEMPINCLB0405M,SFEMPINC,45-54,1993,3901.0,1
CXUSFEMPINCLB0405M,SFEMPINC,45-54,1994,3258.0,1
CXUSFEMPINCLB0405M,SFEMPINC,45-54,1995,3305.0,1
CXUSFEMPINCLB0405M,SFEMPINC,45-54,1996,4213.0,1
CXUSFEMPINCLB0405M,SFEMPINC,45-54,1997,3795.0,1
CXUSFEMPINCLB0405M,SFEMPINC,45-54,1998,3665.0,1
CXUSFEMPINCLB0405M,SFEMPINC,45-54,1999,3957.0,1
CXUSFEMPINCLB0405M,SFEMPINC,45-54,2000,3893.0,1
CXUSFEMPINCLB0405M,SFEMPINC,45-54,2001,3288.0,1
CXUSFEMPINCLB0405M,SFEMPINC,45-54,2002,3490.0,1
CXUSFEMPINCLB0405M,SFEMPINC,45-54,2003,3423.0,1
CXUSFEMPINCLB0405M,SFEMPINC,45-54,2004,4662.0,
CXUSFEMPINCLB0405M,SFEMPINC,45-54,2005,5468.0,
CXUSFEMPINCLB0405M,SFEMPINC,45-54,2006,4874.0,
CXUSFEMPINCLB0405M,SFEMPINC,45-54,2007,5326.0,
CXUSFEMPINCLB0405M,SFEMPINC,45-54,2008,3868.0,
CXUSFEMPINCLB0405M,SFEMPINC,45-54,2009,3582.0,
CXUSFEMPINCLB0405M,SFEMPINC,45-54,2010,3839.0,
CXUSFEMPINCLB0405M,SFEMPINC,45-54,2011,3013.0,
CXUSFEMPINCLB0405M,SFEMPINC,45-54,2012,3348.0,
CXUSFEMPINCLB0405M,SFEMPINC,45-54,2013,5127.0,
CXUSFEMPINCLB0405M,SFEMPINC,45-54,2014,7091.0,
CXUSFEMPINCLB0405M,SFEMPINC,45-54,2015,7263.0,
CXUSFEMPINCLB0405M,SFEMPINC,45-54,2016,8080.0,
CXUSFEMPINCLB0405M,SFEMPINC,45-54,2017,7628.0,
CXUSFEMPINCLB0405M,SFEMPINC,45-54,2018,8712.0,
CXUSFEMPINCLB0405M,SFEMPINC,45-54,2019,7517.0,
CXUSFEMPINCLB0405M,SFEMPINC,45-54,2020,8542.0,
CXUSFEMPINCLB0405M,SFEMPINC,45-54,2021,10046.0,
CXUSFEMPINCLB0405M,SFEMPINC,45-54,2022,10279.0,
CXUSFEMPINCLB0405M,SFEMPINC,45-54,2023,13386.0,
CXUSFEMPINCLB0405M,SFEMPINC,45-54,2024,10612.0,
CXUSFEMPINCLB0406M,SFEMPINC,55-64,1984,1865.0,1
CXUSFEMPINCLB0406M,SFEMPINC,55-64,1985,1282.0,1
CXUSFEMPINCLB0406M,SFEMPINC,55-64,1986,1994.0,1
CXUSFEMPINCLB0406M,SFEMPINC,55-64,1987,2521.0,1
CXUSFEMPINCLB0406M,SFEMPINC,55-64,1988,2020.0,1
CXUSFEMPINCLB0406M,SFEMPINC,55-64,1989,2927.0,1
CXUSFEMPINCLB0406M,SFEMPINC,55-64,1990,3464.0,1
CXUSFEMPINCLB0406M,SFEMPINC,55-64,1991,2781.0,1
CXUSFEMPINCLB0406M,SFEMPINC,55-64,1992,2527.0,1
CXUSFEMPINCLB0406M,SFEMPINC,55-64,1993,2167.0,1
CXUSFEMPINCLB0406M,SFEMPINC,55-64,1994,1768.0,1
CXUSFEMPINCLB0406M,SFEMPINC,55-64,1995,2330.0,1
CXUSFEMPINCLB0406M,SFEMPINC,55-64,1996,2090.0,1
CXUSFEMPINCLB0406M,SFEMPINC,55-64,1997,2039.0,1
CXUSFEMPINCLB0406M,SFEMPINC,55-64,1998,3494.0,1
CXUSFEMPINCLB0406M,SFEMPINC,55-64,1999,5463.0,1
CXUSFEMPINCLB0406M,SFEMPINC,55-64,2000,3916.0,1
CXUSFEMPINCLB0406M,SFEMPINC,55-64,2001,3559.0,1
CXUSFEMPINCLB0406M,SFEMPINC,55-64,2002,2598.0,1
CXUSFEMPINCLB0406M,SFEMPINC,55-64,2003,2728.0,1
CXUSFEMPINCLB0406M,SFEMPINC,55-64,2004,3799.0,
CXUSFEMPINCLB0406M,SFEMPINC,55-64,2005,4533.0,
CXUSFEMPINCLB0406M,SFEMPINC,55-64,2006,4359.0,
CXUSFEMPINCLB0406M,SFEMPINC,55-64,2007,4478.0,
CXUSFEMPINCLB0406M,SFEMPINC,55-64,2008,5236.0,
CXUSFEMPINCLB0406M,SFEMPINC,55-64,2009,4745.0,
CXUSFEMPINCLB0406M,SFEMPINC,55-64,2010,4174.0,
CXUSFEMPINCLB0406M,SFEMPINC,55-64,2011,7102.0,6
CXUSFEMPINCLB0406M,SFEMPINC,55-64,2012,5625.0,
CXUSFEMPINCLB0406M,SFEMPINC,55-64,2013,4616.0,
CXUSFEMPINCLB0406M,SFEMPINC,55-64,2014,6232.0,
CXUSFEMPINCLB0406M,SFEMPINC,55-64,2015,5781.0,
CXUSFEMPINCLB0406M,SFEMPINC,55-64,2016,6388.0,
CXUSFEMPINCLB0406M,SFEMPINC,55-64,2017,5836.0,
CXUSFEMPINCLB0406M,SFEMPINC,55-64,2018,6330.0,
CXUSFEMPINCLB0406M,SFEMPINC,55-64,2019,7962.0,
CXUSFEMPINCLB0406M,SFEMPINC,55-64,2020,9666.0,
CXUSFEMPINCLB0406M,SFEMPINC,55-64,2021,8529.0,
CXUSFEMPINCLB0406M,SFEMPINC,55-64,2022,9413.0,
CXUSFEMPINCLB0406M,SFEMPINC,55-64,2023,10823.0,
CXUSFEMPINCLB0406M,SFEMPINC,55-64,2024,10968.0,
CXUSFEMPINCLB0407M,SFEMPINC,65+,1988,735.0,1
CXUSFEMPINCLB0407M,SFEMPINC,65+,1989,995.0,1
CXUSFEMPINCLB0407M,SFEMPINC,65+,1990,640.0,1
CXUSFEMPINCLB0407M,SFEMPINC,65+,1991,807.0,1
CXUSFEMPINCLB0407M,SFEMPINC,65+,1992,886.0,1
CXUSFEMPINCLB0407M,SFEMPINC,65+,1993,1142.0,1
CXUSFEMPINCLB0407M,SFEMPINC,65+,1994,1225.0,1
CXUSFEMPINCLB0407M,SFEMPINC,65+,1995,725.0,1
CXUSFEMPINCLB0407M,SFEMPINC,65+,1996,794.0,1
CXUSFEMPINCLB0407M,SFEMPINC,65+,1997,703.0,1
CXUSFEMPINCLB0407M,SFEMPINC,65+,1998,528.0,1
CXUSFEMPINCLB0407M,SFEMPINC,65+,1999,1304.0,1
CXUSFEMPINCLB0407M,SFEMPINC,65+,2000,811.0,1
CXUSFEMPINCLB0407M,SFEMPINC,65+,2001,954.0,1
CXUSFEMPINCLB0407M,SFEMPINC,65+,2002,1139.0,1
CXUSFEMPINCLB0407M,SFEMPINC,65+,2003,1616.0,1
CXUSFEMPINCLB0407M,SFEMPINC,65+,2004,2077.0,
CXUSFEMPINCLB0407M,SFEMPINC,65+,2005,2421.0,
CXUSFEMPINCLB0407M,SFEMPINC,65+,2006,1860.0,
CXUSFEMPINCLB0407M,SFEMPINC,65+,2007,1993.0,
CXUSFEMPINCLB0407M,SFEMPINC,65+,2008,1791.0,
CXUSFEMPINCLB0407M,SFEMPINC,65+,2009,976.0,
CXUSFEMPINCLB0407M,SFEMPINC,65+,2010,1204.0,
CXUSFEMPINCLB0407M,SFEMPINC,65+,2011,2005.0,6
CXUSFEMPINCLB0407M,SFEMPINC,65+,2012,1596.0,6
CXUSFEMPINCLB0407M,SFEMPINC,65+,2013,1612.0,6
CXUSFEMPINCLB0407M,SFEMPINC,65+,2014,1672.0,
CXUSFEMPINCLB0407M,SFEMPINC,65+,2015,2592.0,
CXUSFEMPINCLB0407M,SFEMPINC,65+,2016,2753.0,
CXUSFEMPINCLB0407M,SFEMPINC,65+,2017,2866.0,
CXUSFEMPINCLB0407M,SFEMPINC,65+,2018,3241.0,
CXUSFEMPINCLB0407M,SFEMPINC,65+,2019,5379.0,6
CXUSFEMPINCLB0407M,SFEMPINC,65+,2020,2841.0,
CXUSFEMPINCLB0407M,SFEMPINC,65+,2021,3046.0,
CXUSFEMPINCLB0407M,SFEMPINC,65+,2022,3301.0,
CXUSFEMPINCLB0407M,SFEMPINC,65+,2023,3504.0,
CXUSFEMPINCLB0407M,SFEMPINC,65+,2024,3987.0,
CXUSFEMPINCLB0408M,SFEMPINC,65-74,1984,712.0,1
CXUSFEMPINCLB0408M,SFEMPINC,65-74,1985,773.0,1
CXUSFEMPINCLB0408M,SFEMPINC,65-74,1986,939.0,1
CXUSFEMPINCLB0408M,SFEMPINC,65-74,1987,990.0,1
CXUSFEMPINCLB0408M,SFEMPINC,65-74,1988,1114.0,1
CXUSFEMPINCLB0408M,SFEMPINC,65-74,1989,1400.0,1
CXUSFEMPINCLB0408M,SFEMPINC,65-74,1990,973.0,1
CXUSFEMPINCLB0408M,SFEMPINC,65-74,1991,1090.0,1
CXUSFEMPINCLB0408M,SFEMPINC,65-74,1992,1103.0,1
CXUSFEMPINCLB0408M,SFEMPINC,65-74,1993,1767.0,1
CXUSFEMPINCLB0408M,SFEMPINC,65-74,1994,1699.0,1
CXUSFEMPINCLB0408M,SFEMPINC,65-74,1995,970.0,1
CXUSFEMPINCLB0408M,SFEMPINC,65-74,1996,758.0,1
CXUSFEMPINCLB0408M,SFEMPINC,65-74,1997,905.0,1
CXUSFEMPINCLB0408M,SFEMPINC,65-74,1998,664.0,1
CXUSFEMPINCLB0408M,SFEMPINC,65-74,1999,1809.0,1
CXUSFEMPINCLB0408M,SFEMPINC,65-74,2000,860.0,1
CXUSFEMPINCLB0408M,SFEMPINC,65-74,2001,1211.0,1
CXUSFEMPINCLB0408M,SFEMPINC,65-74,2002,1451.0,1
CXUSFEMPINCLB0408M,SFEMPINC,65-74,2003,1996.0,1
CXUSFEMPINCLB0408M,SFEMPINC,65-74,2004,2977.0,
CXUSFEMPINCLB0408M,SFEMPINC,65-74,2005,4070.0,
CXUSFEMPINCLB0408M,SFEMPINC,65-74,2006,2806.0,
CXUSFEMPINCLB0408M,SFEMPINC,65-74,2007,2880.0,
CXUSFEMPINCLB0408M,SFEMPINC,65-74,2008,2007.0,
CXUSFEMPINCLB0408M,SFEMPINC,65-74,2009,1813.0,
CXUSFEMPINCLB0408M,SFEMPINC,65-74,2010,1368.0,
CXUSFEMPINCLB0408M,SFEMPINC,65-74,2011,3165.0,6
CXUSFEMPINCLB0408M,SFEMPINC,65-74,2012,2271.0,6
CXUSFEMPINCLB0408M,SFEMPINC,65-74,2013,2359.0,6
CXUSFEMPINCLB0408M,SFEMPINC,65-74,2014,2397.0,
CXUSFEMPINCLB0408M,SFEMPINC,65-74,2015,3342.0,
CXUSFEMPINCLB0408M,SFEMPINC,65-74,2016,4011.0,
CXUSFEMPINCLB0408M,SFEMPINC,65-74,2017,3572.0,
CXUSFEMPINCLB0408M,SFEMPINC,65-74,2018,4508.0,
CXUSFEMPINCLB0408M,SFEMPINC,65-74,2019,8100.0,6
CXUSFEMPINCLB0408M,SFEMPINC,65-74,2020,3837.0,
CXUSFEMPINCLB0408M,SFEMPINC,65-74,2021,4216.0,
CXUSFEMPINCLB0408M,SFEMPINC,65-74,2022,4195.0,
CXUSFEMPINCLB0408M,SFEMPINC,65-74,2023,4100.0,
CXUSFEMPINCLB0408M,SFEMPINC,65-74,2024,4951.0,
CXUSFEMPINCLB0409M,SFEMPINC,75+,1984,692.0,1
CXUSFEMPINCLB0409M,SFEMPINC,75+,1985,311.0,1
CXUSFEMPINCLB0409M,SFEMPINC,75+,1986,309.0,1
CXUSFEMPINCLB0409M,SFEMPINC,75+,1987,224.0,1
CXUSFEMPINCLB0409M,SFEMPINC,75+,1988,215.0,1
CXUSFEMPINCLB0409M,SFEMPINC,75+,1989,411.0,1
CXUSFEMPINCLB0409M,SFEMPINC,75+,1990,215.0,1
CXUSFEMPINCLB0409M,SFEMPINC,75+,1991,417.0,1
CXUSFEMPINCLB0409M,SFEMPINC,75+,1992,617.0,1
CXUSFEMPINCLB0409M,SFEMPINC,75+,1993,380.0,1
CXUSFEMPINCLB0409M,SFEMPINC,75+,1994,620.0,1
CXUSFEMPINCLB0409M,SFEMPINC,75+,1995,427.0,1
CXUSFEMPINCLB0409M,SFEMPINC,75+,1996,837.0,1
CXUSFEMPINCLB0409M,SFEMPINC,75+,1997,443.0,1
CXUSFEMPINCLB0409M,SFEMPINC,75+,1998,357.0,1
CXUSFEMPINCLB0409M,SFEMPINC,75+,1999,735.0,1
CXUSFEMPINCLB0409M,SFEMPINC,75+,2000,757.0,1
CXUSFEMPINCLB0409M,SFEMPINC,75+,2001,674.0,1
CXUSFEMPINCLB0409M,SFEMPINC,75+,2002,803.0,1
CXUSFEMPINCLB0409M,SFEMPINC,75+,2003,1231.0,1
CXUSFEMPINCLB0409M,SFEMPINC,75+,2004,1202.0,
CXUSFEMPINCLB0409M,SFEMPINC,75+,2005,750.0,
CXUSFEMPINCLB0409M,SFEMPINC,75+,2006,870.0,
CXUSFEMPINCLB0409M,SFEMPINC,75+,2007,1058.0,
CXUSFEMPINCLB0409M,SFEMPINC,75+,2008,1555.0,
CXUSFEMPINCLB0409M,SFEMPINC,75+,2009,58.0,
CXUSFEMPINCLB0409M,SFEMPINC,75+,2010,1020.0,
CXUSFEMPINCLB0409M,SFEMPINC,75+,2011,620.0,6
CXUSFEMPINCLB0409M,SFEMPINC,75+,2012,763.0,6
CXUSFEMPINCLB0409M,SFEMPINC,75+,2013,616.0,6
CXUSFEMPINCLB0409M,SFEMPINC,75+,2014,711.0,6
CXUSFEMPINCLB0409M,SFEMPINC,75+,2015,1562.0,6
CXUSFEMPINCLB0409M,SFEMPINC,75+,2016,995.0,6
CXUSFEMPINCLB0409M,SFEMPINC,75+,2017,1875.0,
CXUSFEMPINCLB0409M,SFEMPINC,75+,2018,1457.0,
CXUSFEMPINCLB0409M,SFEMPINC,75+,2019,1750.0,6
CXUSFEMPINCLB0409M,SFEMPINC,75+,2020,1461.0,
CXUSFEMPINCLB0409M,SFEMPINC,75+,2021,1318.0,
CXUSFEMPINCLB0409M,SFEMPINC,75+,2022,2028.0,
CXUSFEMPINCLB0409M,SFEMPINC,75+,2023,2678.0,6
CXUSFEMPINCLB0409M,SFEMPINC,75+,2024,2609.0,6
CXUSFEMPINCLB0401M,SFEMPINC,All CUs,1984,1123.0,1
CXUSFEMPINCLB0401M,SFEMPINC,All CUs,1985,1331.0,1
CXUSFEMPINCLB0401M,SFEMPINC,All CUs,1986,1618.0,1
CXUSFEMPINCLB0401M,SFEMPINC,All CUs,1987,1821.0,1
CXUSFEMPINCLB0401M,SFEMPINC,All CUs,1988,1790.0,1
CXUSFEMPINCLB0401M,SFEMPINC,All CUs,1989,2535.0,1
CXUSFEMPINCLB0401M,SFEMPINC,All CUs,1990,2315.0,1
CXUSFEMPINCLB0401M,SFEMPINC,All CUs,1991,2552.0,1
CXUSFEMPINCLB0401M,SFEMPINC,All CUs,1992,2490.0,1
CXUSFEMPINCLB0401M,SFEMPINC,All CUs,1993,2119.0,1
CXUSFEMPINCLB0401M,SFEMPINC,All CUs,1994,1870.0,1
CXUSFEMPINCLB0401M,SFEMPINC,All CUs,1995,2034.0,1
CXUSFEMPINCLB0401M,SFEMPINC,All CUs,1996,2318.0,1
CXUSFEMPINCLB0401M,SFEMPINC,All CUs,1997,1969.0,1
CXUSFEMPINCLB0401M,SFEMPINC,All CUs,1998,2239.0,1
CXUSFEMPINCLB0401M,SFEMPINC,All CUs,1999,2603.0,1
CXUSFEMPINCLB0401M,SFEMPINC,All CUs,2000,2344.0,1
CXUSFEMPINCLB0401M,SFEMPINC,All CUs,2001,2231.0,1
CXUSFEMPINCLB0401M,SFEMPINC,All CUs,2002,2237.0,1
CXUSFEMPINCLB0401M,SFEMPINC,All CUs,2003,2138.0,1
CXUSFEMPINCLB0401M,SFEMPINC,All CUs,2004,3008.0,
CXUSFEMPINCLB0401M,SFEMPINC,All CUs,2005,3772.0,
CXUSFEMPINCLB0401M,SFEMPINC,All CUs,2006,3607.0,
CXUSFEMPINCLB0401M,SFEMPINC,All CUs,2007,3445.0,
CXUSFEMPINCLB0401M,SFEMPINC,All CUs,2008,3219.0,
CXUSFEMPINCLB0401M,SFEMPINC,All CUs,2009,2673.0,
CXUSFEMPINCLB0401M,SFEMPINC,All CUs,2010,2820.0,
CXUSFEMPINCLB0401M,SFEMPINC,All CUs,2011,3269.0,
CXUSFEMPINCLB0401M,SFEMPINC,All CUs,2012,2917.0,
CXUSFEMPINCLB0401M,SFEMPINC,All CUs,2013,3273.0,
CXUSFEMPINCLB0401M,SFEMPINC,All CUs,2014,4284.0,
CXUSFEMPINCLB0401M,SFEMPINC,All CUs,2015,4363.0,
CXUSFEMPINCLB0401M,SFEMPINC,All CUs,2016,6270.0,
CXUSFEMPINCLB0401M,SFEMPINC,All CUs,2017,4506.0,
CXUSFEMPINCLB0401M,SFEMPINC,All CUs,2018,5232.0,
CXUSFEMPINCLB0401M,SFEMPINC,All CUs,2019,5947.0,
CXUSFEMPINCLB0401M,SFEMPINC,All CUs,2020,5808.0,
CXUSFEMPINCLB0401M,SFEMPINC,All CUs,2021,6085.0,
CXUSFEMPINCLB0401M,SFEMPINC,All CUs,2022,6442.0,
CXUSFEMPINCLB0401M,SFEMPINC,All CUs,2023,7749.0,
CXUSFEMPINCLB0401M,SFEMPINC,All CUs,2024,7084.0,
CXUSFEMPINCLB0402M,SFEMPINC,Under 25,1984,337.0,1
CXUSFEMPINCLB0402M,SFEMPINC,Under 25,1985,292.0,1
CXUSFEMPINCLB0402M,SFEMPINC,Under 25,1986,311.0,1
CXUSFEMPINCLB0402M,SFEMPINC,Under 25,1987,260.0,1
CXUSFEMPINCLB0402M,SFEMPINC,Under 25,1988,580.0,1
CXUSFEMPINCLB0402M,SFEMPINC,Under 25,1989,289.0,1
CXUSFEMPINCLB0402M,SFEMPINC,Under 25,1990,200.0,1
CXUSFEMPINCLB0402M,SFEMPINC,Under 25,1991,294.0,1
CXUSFEMPINCLB0402M,SFEMPINC,Under 25,1992,184.0,1
CXUSFEMPINCLB0402M,SFEMPINC,Under 25,1993,418.0,1
CXUSFEMPINCLB0402M,SFEMPINC,Under 25,1994,607.0,1
CXUSFEMPINCLB0402M,SFEMPINC,Under 25,1995,595.0,1
CXUSFEMPINCLB0402M,SFEMPINC,Under 25,1996,407.0,1
CXUSFEMPINCLB0402M,SFEMPINC,Under 25,1997,434.0,1
CXUSFEMPINCLB0402M,SFEMPINC,Under 25,1998,366.0,1
CXUSFEMPINCLB0402M,SFEMPINC,Under 25,1999,304.0,1
CXUSFEMPINCLB0402M,SFEMPINC,Under 25,2000,1130.0,1
CXUSFEMPINCLB0402M,SFEMPINC,Under 25,2001,497.0,1
CXUSFEMPINCLB0402M,SFEMPINC,Under 25,2002,551.0,1
CXUSFEMPINCLB0402M,SFEMPINC,Under 25,2003,346.0,1
CXUSFEMPINCLB0402M,SFEMPINC,Under 25,2004,619.0,
CXUSFEMPINCLB0402M,SFEMPINC,Under 25,2005,953.0,
CXUSFEMPINCLB0402M,SFEMPINC,Under 25,2006,809.0,
CXUSFEMPINCLB0402M,SFEMPINC,Under 25,2007,1310.0,
CXUSFEMPINCLB0402M,SFEMPINC,Under 25,2008,580.0,
CXUSFEMPINCLB0402M,SFEMPINC,Under 25,2009,447.0,
CXUSFEMPINCLB0402M,SFEMPINC,Under 25,2010,683.0,
CXUSFEMPINCLB0402M,SFEMPINC,Under 25,2011,764.0,6
CXUSFEMPINCLB0402M,SFEMPINC,Under 25,2012,724.0,6
CXUSFEMPINCLB0402M,SFEMPINC,Under 25,2013,548.0,6
CXUSFEMPINCLB0402M,SFEMPINC,Under 25,2014,592.0,6
CXUSFEMPINCLB0402M,SFEMPINC,Under 25,2015,1518.0,6
CXUSFEMPINCLB0402M,SFEMPINC,Under 25,2016,24991.0,6
CXUSFEMPINCLB0402M,SFEMPINC,Under 25,2017,790.0,6
CXUSFEMPINCLB0402M,SFEMPINC,Under 25,2018,1072.0,6
CXUSFEMPINCLB0402M,SFEMPINC,Under 25,2019,1526.0,6
CXUSFEMPINCLB0402M,SFEMPINC,Under 25,2020,2433.0,6
CXUSFEMPINCLB0402M,SFEMPINC,Under 25,2021,2342.0,6
CXUSFEMPINCLB0402M,SFEMPINC,Under 25,2022,2165.0,6
CXUSFEMPINCLB0402M,SFEMPINC,Under 25,2023,2788.0,6
CXUSFEMPINCLB0402M,SFEMPINC,Under 25,2024,2248.0,6
CXUSHELTERLB0403M,SHELTER,25-34,1984,4093.0,
CXUSHELTERLB0403M,SHELTER,25-34,1985,4455.0,
CXUSHELTERLB0403M,SHELTER,25-34,1986,4586.0,
CXUSHELTERLB0403M,SHELTER,25-34,1987,4803.0,
CXUSHELTERLB0403M,SHELTER,25-34,1988,4942.0,
CXUSHELTERLB0403M,SHELTER,25-34,1989,5232.0,
CXUSHELTERLB0403M,SHELTER,25-34,1990,5515.0,
CXUSHELTERLB0403M,SHELTER,25-34,1991,5944.0,
CXUSHELTERLB0403M,SHELTER,25-34,1992,6132.0,
CXUSHELTERLB0403M,SHELTER,25-34,1993,5794.0,
CXUSHELTERLB0403M,SHELTER,25-34,1994,5972.0,
CXUSHELTERLB0403M,SHELTER,25-34,1995,6157.0,
CXUSHELTERLB0403M,SHELTER,25-34,1996,6584.0,
CXUSHELTERLB0403M,SHELTER,25-34,1997,6964.0,
CXUSHELTERLB0403M,SHELTER,25-34,1998,7232.0,
CXUSHELTERLB0403M,SHELTER,25-34,1999,7612.0,
CXUSHELTERLB0403M,SHELTER,25-34,2000,7905.0,
CXUSHELTERLB0403M,SHELTER,25-34,2001,8544.0,
CXUSHELTERLB0403M,SHELTER,25-34,2002,8470.0,
CXUSHELTERLB0403M,SHELTER,25-34,2003,8915.0,
CXUSHELTERLB0403M,SHELTER,25-34,2004,8729.0,
CXUSHELTERLB0403M,SHELTER,25-34,2005,9491.0,
CXUSHELTERLB0403M,SHELTER,25-34,2006,10725.0,
CXUSHELTERLB0403M,SHELTER,25-34,2007,10536.0,
CXUSHELTERLB0403M,SHELTER,25-34,2008,10935.0,
CXUSHELTERLB0403M,SHELTER,25-34,2009,10856.0,
CXUSHELTERLB0403M,SHELTER,25-34,2010,10451.0,
CXUSHELTERLB0403M,SHELTER,25-34,2011,10480.0,
CXUSHELTERLB0403M,SHELTER,25-34,2012,10458.0,
CXUSHELTERLB0403M,SHELTER,25-34,2013,10712.0,
CXUSHELTERLB0403M,SHELTER,25-34,2014,10726.0,
CXUSHELTERLB0403M,SHELTER,25-34,2015,11084.0,
CXUSHELTERLB0403M,SHELTER,25-34,2016,11617.0,
CXUSHELTERLB0403M,SHELTER,25-34,2017,12695.0,
CXUSHELTERLB0403M,SHELTER,25-34,2018,12219.0,
CXUSHELTERLB0403M,SHELTER,25-34,2019,12898.0,
CXUSHELTERLB0403M,SHELTER,25-34,2020,13210.0,
CXUSHELTERLB0403M,SHELTER,25-34,2021,14225.0,
CXUSHELTERLB0403M,SHELTER,25-34,2022,15429.0,
CXUSHELTERLB0403M,SHELTER,25-34,2023,16464.0,
CXUSHELTERLB0403M,SHELTER,25-34,2024,17656.0,
CXUSHELTERLB0404M,SHELTER,35-44,1984,4814.0,
CXUSHELTERLB0404M,SHELTER,35-44,1985,5183.0,
CXUSHELTERLB0404M,SHELTER,35-44,1986,5443.0,
CXUSHELTERLB0404M,SHELTER,35-44,1987,5517.0,
CXUSHELTERLB0404M,SHELTER,35-44,1988,6147.0,
CXUSHELTERLB0404M,SHELTER,35-44,1989,6376.0,
CXUSHELTERLB0404M,SHELTER,35-44,1990,6207.0,
CXUSHELTERLB0404M,SHELTER,35-44,1991,6621.0,
CXUSHELTERLB0404M,SHELTER,35-44,1992,7215.0,
CXUSHELTERLB0404M,SHELTER,35-44,1993,7002.0,
CXUSHELTERLB0404M,SHELTER,35-44,1994,7173.0,
CXUSHELTERLB0404M,SHELTER,35-44,1995,7551.0,
CXUSHELTERLB0404M,SHELTER,35-44,1996,7535.0,
CXUSHELTERLB0404M,SHELTER,35-44,1997,7864.0,
CXUSHELTERLB0404M,SHELTER,35-44,1998,8400.0,
CXUSHELTERLB0404M,SHELTER,35-44,1999,8606.0,
CXUSHELTERLB0404M,SHELTER,35-44,2000,8930.0,
CXUSHELTERLB0404M,SHELTER,35-44,2001,9529.0,
CXUSHELTERLB0404M,SHELTER,35-44,2002,9902.0,
CXUSHELTERLB0404M,SHELTER,35-44,2003,9678.0,
CXUSHELTERLB0404M,SHELTER,35-44,2004,9856.0,
CXUSHELTERLB0404M,SHELTER,35-44,2005,10835.0,
CXUSHELTERLB0404M,SHELTER,35-44,2006,12445.0,
CXUSHELTERLB0404M,SHELTER,35-44,2007,12758.0,
CXUSHELTERLB0404M,SHELTER,35-44,2008,12689.0,
CXUSHELTERLB0404M,SHELTER,35-44,2009,12753.0,
CXUSHELTERLB0404M,SHELTER,35-44,2010,12139.0,
CXUSHELTERLB0404M,SHELTER,35-44,2011,12068.0,
CXUSHELTERLB0404M,SHELTER,35-44,2012,11849.0,
CXUSHELTERLB0404M,SHELTER,35-44,2013,12271.0,
CXUSHELTERLB0404M,SHELTER,35-44,2014,12873.0,
CXUSHELTERLB0404M,SHELTER,35-44,2015,13221.0,
CXUSHELTERLB0404M,SHELTER,35-44,2016,13699.0,
CXUSHELTERLB0404M,SHELTER,35-44,2017,14295.0,
CXUSHELTERLB0404M,SHELTER,35-44,2018,14086.0,
CXUSHELTERLB0404M,SHELTER,35-44,2019,14656.0,
CXUSHELTERLB0404M,SHELTER,35-44,2020,15209.0,
CXUSHELTERLB0404M,SHELTER,35-44,2021,15486.0,
CXUSHELTERLB0404M,SHELTER,35-44,2022,17316.0,
CXUSHELTERLB0404M,SHELTER,35-44,2023,18322.0,
CXUSHELTERLB0404M,SHELTER,35-44,2024,18728.0,
CXUSHELTERLB0405M,SHELTER,45-54,1984,3967.0,
CXUSHELTERLB0405M,SHELTER,45-54,1985,4534.0,
CXUSHELTERLB0405M,SHELTER,45-54,1986,4949.0,
CXUSHELTERLB0405M,SHELTER,45-54,1987,4827.0,
CXUSHELTERLB0405M,SHELTER,45-54,1988,5232.0,
CXUSHELTERLB0405M,SHELTER,45-54,1989,6040.0,
CXUSHELTERLB0405M,SHELTER,45-54,1990,5817.0,
CXUSHELTERLB0405M,SHELTER,45-54,1991,6239.0,
CXUSHELTERLB0405M,SHELTER,45-54,1992,6299.0,
CXUSHELTERLB0405M,SHELTER,45-54,1993,6744.0,
CXUSHELTERLB0405M,SHELTER,45-54,1994,7024.0,
CXUSHELTERLB0405M,SHELTER,45-54,1995,7556.0,
CXUSHELTERLB0405M,SHELTER,45-54,1996,7254.0,
CXUSHELTERLB0405M,SHELTER,45-54,1997,7829.0,
CXUSHELTERLB0405M,SHELTER,45-54,1998,8095.0,
CXUSHELTERLB0405M,SHELTER,45-54,1999,8534.0,
CXUSHELTERLB0405M,SHELTER,45-54,2000,8297.0,
CXUSHELTERLB0405M,SHELTER,45-54,2001,8824.0,
CXUSHELTERLB0405M,SHELTER,45-54,2002,9223.0,
CXUSHELTERLB0405M,SHELTER,45-54,2003,9237.0,
CXUSHELTERLB0405M,SHELTER,45-54,2004,9313.0,
CXUSHELTERLB0405M,SHELTER,45-54,2005,10281.0,
CXUSHELTERLB0405M,SHELTER,45-54,2006,10896.0,
CXUSHELTERLB0405M,SHELTER,45-54,2007,11617.0,
CXUSHELTERLB0405M,SHELTER,45-54,2008,11629.0,
CXUSHELTERLB0405M,SHELTER,45-54,2009,11356.0,
CXUSHELTERLB0405M,SHELTER,45-54,2010,11517.0,
CXUSHELTERLB0405M,SHELTER,45-54,2011,11111.0,
CXUSHELTERLB0405M,SHELTER,45-54,2012,11244.0,
CXUSHELTERLB0405M,SHELTER,45-54,2013,11208.0,
CXUSHELTERLB0405M,SHELTER,45-54,2014,12397.0,
CXUSHELTERLB0405M,SHELTER,45-54,2015,12468.0,
CXUSHELTERLB0405M,SHELTER,45-54,2016,12996.0,
CXUSHELTERLB0405M,SHELTER,45-54,2017,14250.0,
CXUSHELTERLB0405M,SHELTER,45-54,2018,13711.0,
CXUSHELTERLB0405M,SHELTER,45-54,2019,14151.0,
CXUSHELTERLB0405M,SHELTER,45-54,2020,14547.0,
CXUSHELTERLB0405M,SHELTER,45-54,2021,15564.0,
CXUSHELTERLB0405M,SHELTER,45-54,2022,16836.0,
CXUSHELTERLB0405M,SHELTER,45-54,2023,17809.0,
CXUSHELTERLB0405M,SHELTER,45-54,2024,19283.0,
CXUSHELTERLB0406M,SHELTER,55-64,1984,3120.0,
CXUSHELTERLB0406M,SHELTER,55-64,1985,3260.0,
CXUSHELTERLB0406M,SHELTER,55-64,1986,3435.0,
CXUSHELTERLB0406M,SHELTER,55-64,1987,3573.0,
CXUSHELTERLB0406M,SHELTER,55-64,1988,3929.0,
CXUSHELTERLB0406M,SHELTER,55-64,1989,4320.0,
CXUSHELTERLB0406M,SHELTER,55-64,1990,4220.0,
CXUSHELTERLB0406M,SHELTER,55-64,1991,4901.0,
CXUSHELTERLB0406M,SHELTER,55-64,1992,5105.0,
CXUSHELTERLB0406M,SHELTER,55-64,1993,5017.0,
CXUSHELTERLB0406M,SHELTER,55-64,1994,5253.0,
CXUSHELTERLB0406M,SHELTER,55-64,1995,5359.0,
CXUSHELTERLB0406M,SHELTER,55-64,1996,5761.0,
CXUSHELTERLB0406M,SHELTER,55-64,1997,5783.0,
CXUSHELTERLB0406M,SHELTER,55-64,1998,6316.0,
CXUSHELTERLB0406M,SHELTER,55-64,1999,6660.0,
CXUSHELTERLB0406M,SHELTER,55-64,2000,6587.0,
CXUSHELTERLB0406M,SHELTER,55-64,2001,7067.0,
CXUSHELTERLB0406M,SHELTER,55-64,2002,7667.0,
CXUSHELTERLB0406M,SHELTER,55-64,2003,7571.0,
CXUSHELTERLB0406M,SHELTER,55-64,2004,7883.0,
CXUSHELTERLB0406M,SHELTER,55-64,2005,8686.0,
CXUSHELTERLB0406M,SHELTER,55-64,2006,9199.0,
CXUSHELTERLB0406M,SHELTER,55-64,2007,9763.0,
CXUSHELTERLB0406M,SHELTER,55-64,2008,10122.0,
CXUSHELTERLB0406M,SHELTER,55-64,2009,9749.0,
CXUSHELTERLB0406M,SHELTER,55-64,2010,9397.0,
CXUSHELTERLB0406M,SHELTER,55-64,2011,9755.0,
CXUSHELTERLB0406M,SHELTER,55-64,2012,9728.0,
CXUSHELTERLB0406M,SHELTER,55-64,2013,10251.0,
CXUSHELTERLB0406M,SHELTER,55-64,2014,10183.0,
CXUSHELTERLB0406M,SHELTER,55-64,2015,10246.0,
CXUSHELTERLB0406M,SHELTER,55-64,2016,10648.0,
CXUSHELTERLB0406M,SHELTER,55-64,2017,11616.0,
CXUSHELTERLB0406M,SHELTER,55-64,2018,11864.0,
CXUSHELTERLB0406M,SHELTER,55-64,2019,12094.0,
CXUSHELTERLB0406M,SHELTER,55-64,2020,12362.0,
CXUSHELTERLB0406M,SHELTER,55-64,2021,13182.0,
CXUSHELTERLB0406M,SHELTER,55-64,2022,13905.0,
CXUSHELTERLB0406M,SHELTER,55-64,2023,15078.0,
CXUSHELTERLB0406M,SHELTER,55-64,2024,16507.0,
CXUSHELTERLB0407M,SHELTER,65+,1988,2705.0,
CXUSHELTERLB0407M,SHELTER,65+,1989,2988.0,
CXUSHELTERLB0407M,SHELTER,65+,1990,3017.0,
CXUSHELTERLB0407M,SHELTER,65+,1991,3119.0,
CXUSHELTERLB0407M,SHELTER,65+,1992,3241.0,
CXUSHELTERLB0407M,SHELTER,65+,1993,3440.0,
CXUSHELTERLB0407M,SHELTER,65+,1994,3733.0,
CXUSHELTERLB0407M,SHELTER,65+,1995,3666.0,
CXUSHELTERLB0407M,SHELTER,65+,1996,3999.0,
CXUSHELTERLB0407M,SHELTER,65+,1997,4003.0,
CXUSHELTERLB0407M,SHELTER,65+,1998,4271.0,
CXUSHELTERLB0407M,SHELTER,65+,1999,4576.0,
CXUSHELTERLB0407M,SHELTER,65+,2000,4597.0,
CXUSHELTERLB0407M,SHELTER,65+,2001,4844.0,
CXUSHELTERLB0407M,SHELTER,65+,2002,4834.0,
CXUSHELTERLB0407M,SHELTER,65+,2003,5201.0,
CXUSHELTERLB0407M,SHELTER,65+,2004,5329.0,
CXUSHELTERLB0407M,SHELTER,65+,2005,5836.0,
CXUSHELTERLB0407M,SHELTER,65+,2006,6281.0,
CXUSHELTERLB0407M,SHELTER,65+,2007,6656.0,
CXUSHELTERLB0407M,SHELTER,65+,2008,6933.0,
CXUSHELTERLB0407M,SHELTER,65+,2009,7173.0,
CXUSHELTERLB0407M,SHELTER,65+,2010,7027.0,
CXUSHELTERLB0407M,SHELTER,65+,2011,7178.0,
CXUSHELTERLB0407M,SHELTER,65+,2012,7605.0,
CXUSHELTERLB0407M,SHELTER,65+,2013,7755.0,
CXUSHELTERLB0407M,SHELTER,65+,2014,8005.0,
CXUSHELTERLB0407M,SHELTER,65+,2015,8570.0,
CXUSHELTERLB0407M,SHELTER,65+,2016,8819.0,
CXUSHELTERLB0407M,SHELTER,65+,2017,9270.0,
CXUSHELTERLB0407M,SHELTER,65+,2018,9357.0,
CXUSHELTERLB0407M,SHELTER,65+,2019,9760.0,
CXUSHELTERLB0407M,SHELTER,65+,2020,9915.0,
CXUSHELTERLB0407M,SHELTER,65+,2021,10387.0,
CXUSHELTERLB0407M,SHELTER,65+,2022,11692.0,
CXUSHELTERLB0407M,SHELTER,65+,2023,12545.0,
CXUSHELTERLB0407M,SHELTER,65+,2024,12995.0,
CXUSHELTERLB0408M,SHELTER,65-74,1984,2196.0,
CXUSHELTERLB0408M,SHELTER,65-74,1985,2634.0,
CXUSHELTERLB0408M,SHELTER,65-74,1986,2462.0,
CXUSHELTERLB0408M,SHELTER,65-74,1987,2918.0,
CXUSHELTERLB0408M,SHELTER,65-74,1988,3018.0,
CXUSHELTERLB0408M,SHELTER,65-74,1989,3283.0,
CXUSHELTERLB0408M,SHELTER,65-74,1990,3188.0,
CXUSHELTERLB0408M,SHELTER,65-74,1991,3328.0,
CXUSHELTERLB0408M,SHELTER,65-74,1992,3459.0,
CXUSHELTERLB0408M,SHELTER,65-74,1993,3653.0,
CXUSHELTERLB0408M,SHELTER,65-74,1994,3951.0,
CXUSHELTERLB0408M,SHELTER,65-74,1995,4011.0,
CXUSHELTERLB0408M,SHELTER,65-74,1996,4451.0,
CXUSHELTERLB0408M,SHELTER,65-74,1997,4365.0,
CXUSHELTERLB0408M,SHELTER,65-74,1998,4592.0,
CXUSHELTERLB0408M,SHELTER,65-74,1999,4931.0,
CXUSHELTERLB0408M,SHELTER,65-74,2000,5114.0,
CXUSHELTERLB0408M,SHELTER,65-74,2001,5592.0,
CXUSHELTERLB0408M,SHELTER,65-74,2002,5299.0,
CXUSHELTERLB0408M,SHELTER,65-74,2003,5764.0,
CXUSHELTERLB0408M,SHELTER,65-74,2004,5784.0,
CXUSHELTERLB0408M,SHELTER,65-74,2005,6423.0,
CXUSHELTERLB0408M,SHELTER,65-74,2006,6934.0,
CXUSHELTERLB0408M,SHELTER,65-74,2007,7271.0,
CXUSHELTERLB0408M,SHELTER,65-74,2008,7281.0,
CXUSHELTERLB0408M,SHELTER,65-74,2009,7828.0,
CXUSHELTERLB0408M,SHELTER,65-74,2010,7850.0,
CXUSHELTERLB0408M,SHELTER,65-74,2011,7966.0,
CXUSHELTERLB0408M,SHELTER,65-74,2012,8372.0,
CXUSHELTERLB0408M,SHELTER,65-74,2013,8410.0,
CXUSHELTERLB0408M,SHELTER,65-74,2014,8498.0,
CXUSHELTERLB0408M,SHELTER,65-74,2015,8940.0,
CXUSHELTERLB0408M,SHELTER,65-74,2016,9138.0,
CXUSHELTERLB0408M,SHELTER,65-74,2017,10034.0,
CXUSHELTERLB0408M,SHELTER,65-74,2018,9717.0,
CXUSHELTERLB0408M,SHELTER,65-74,2019,10486.0,
CXUSHELTERLB0408M,SHELTER,65-74,2020,10322.0,
CXUSHELTERLB0408M,SHELTER,65-74,2021,10856.0,
CXUSHELTERLB0408M,SHELTER,65-74,2022,12049.0,
CXUSHELTERLB0408M,SHELTER,65-74,2023,12775.0,
CXUSHELTERLB0408M,SHELTER,65-74,2024,12749.0,
CXUSHELTERLB0409M,SHELTER,75+,1984,1862.0,
CXUSHELTERLB0409M,SHELTER,75+,1985,2056.0,
CXUSHELTERLB0409M,SHELTER,75+,1986,2001.0,
CXUSHELTERLB0409M,SHELTER,75+,1987,2306.0,
CXUSHELTERLB0409M,SHELTER,75+,1988,2276.0,
CXUSHELTERLB0409M,SHELTER,75+,1989,2574.0,
CXUSHELTERLB0409M,SHELTER,75+,1990,2795.0,
CXUSHELTERLB0409M,SHELTER,75+,1991,2834.0,
CXUSHELTERLB0409M,SHELTER,75+,1992,2975.0,
CXUSHELTERLB0409M,SHELTER,75+,1993,3184.0,
CXUSHELTERLB0409M,SHELTER,75+,1994,3456.0,
CXUSHELTERLB0409M,SHELTER,75+,1995,3247.0,
CXUSHELTERLB0409M,SHELTER,75+,1996,3459.0,
CXUSHELTERLB0409M,SHELTER,75+,1997,3557.0,
CXUSHELTERLB0409M,SHELTER,75+,1998,3888.0,
CXUSHELTERLB0409M,SHELTER,75+,1999,4181.0,
CXUSHELTERLB0409M,SHELTER,75+,2000,4034.0,
CXUSHELTERLB0409M,SHELTER,75+,2001,4045.0,
CXUSHELTERLB0409M,SHELTER,75+,2002,4350.0,
CXUSHELTERLB0409M,SHELTER,75+,2003,4635.0,
CXUSHELTERLB0409M,SHELTER,75+,2004,4886.0,
CXUSHELTERLB0409M,SHELTER,75+,2005,5240.0,
CXUSHELTERLB0409M,SHELTER,75+,2006,5597.0,
CXUSHELTERLB0409M,SHELTER,75+,2007,6009.0,
CXUSHELTERLB0409M,SHELTER,75+,2008,6553.0,
CXUSHELTERLB0409M,SHELTER,75+,2009,6454.0,
CXUSHELTERLB0409M,SHELTER,75+,2010,6098.0,
CXUSHELTERLB0409M,SHELTER,75+,2011,6237.0,
CXUSHELTERLB0409M,SHELTER,75+,2012,6659.0,
CXUSHELTERLB0409M,SHELTER,75+,2013,6882.0,
CXUSHELTERLB0409M,SHELTER,75+,2014,7350.0,
CXUSHELTERLB0409M,SHELTER,75+,2015,8061.0,
CXUSHELTERLB0409M,SHELTER,75+,2016,8373.0,
CXUSHELTERLB0409M,SHELTER,75+,2017,8197.0,
CXUSHELTERLB0409M,SHELTER,75+,2018,8849.0,
CXUSHELTERLB0409M,SHELTER,75+,2019,8791.0,
CXUSHELTERLB0409M,SHELTER,75+,2020,9350.0,
CXUSHELTERLB0409M,SHELTER,75+,2021,9694.0,
CXUSHELTERLB0409M,SHELTER,75+,2022,11184.0,
CXUSHELTERLB0409M,SHELTER,75+,2023,12226.0,
CXUSHELTERLB0409M,SHELTER,75+,2024,13346.0,
CXUSHELTERLB0401M,SHELTER,All CUs,1984,3489.0,
CXUSHELTERLB0401M,SHELTER,All CUs,1985,3833.0,
CXUSHELTERLB0401M,SHELTER,All CUs,1986,3979.0,
CXUSHELTERLB0401M,SHELTER,All CUs,1987,4154.0,
CXUSHELTERLB0401M,SHELTER,All CUs,1988,4493.0,
CXUSHELTERLB0401M,SHELTER,All CUs,1989,4835.0,
CXUSHELTERLB0401M,SHELTER,All CUs,1990,4836.0,
CXUSHELTERLB0401M,SHELTER,All CUs,1991,5191.0,
CXUSHELTERLB0401M,SHELTER,All CUs,1992,5411.0,
CXUSHELTERLB0401M,SHELTER,All CUs,1993,5415.0,
CXUSHELTERLB0401M,SHELTER,All CUs,1994,5686.0,
CXUSHELTERLB0401M,SHELTER,All CUs,1995,5928.0,
CXUSHELTERLB0401M,SHELTER,All CUs,1996,6064.0,
CXUSHELTERLB0401M,SHELTER,All CUs,1997,6344.0,
CXUSHELTERLB0401M,SHELTER,All CUs,1998,6680.0,
CXUSHELTERLB0401M,SHELTER,All CUs,1999,7016.0,
CXUSHELTERLB0401M,SHELTER,All CUs,2000,7114.0,
CXUSHELTERLB0401M,SHELTER,All CUs,2001,7602.0,
CXUSHELTERLB0401M,SHELTER,All CUs,2002,7829.0,
CXUSHELTERLB0401M,SHELTER,All CUs,2003,7887.0,
CXUSHELTERLB0401M,SHELTER,All CUs,2004,7998.0,
CXUSHELTERLB0401M,SHELTER,All CUs,2005,8805.0,
CXUSHELTERLB0401M,SHELTER,All CUs,2006,9673.0,
CXUSHELTERLB0401M,SHELTER,All CUs,2007,10023.0,
CXUSHELTERLB0401M,SHELTER,All CUs,2008,10183.0,
CXUSHELTERLB0401M,SHELTER,All CUs,2009,10075.0,
CXUSHELTERLB0401M,SHELTER,All CUs,2010,9812.0,
CXUSHELTERLB0401M,SHELTER,All CUs,2011,9825.0,
CXUSHELTERLB0401M,SHELTER,All CUs,2012,9891.0,
CXUSHELTERLB0401M,SHELTER,All CUs,2013,10080.0,
CXUSHELTERLB0401M,SHELTER,All CUs,2014,10491.0,
CXUSHELTERLB0401M,SHELTER,All CUs,2015,10742.0,
CXUSHELTERLB0401M,SHELTER,All CUs,2016,11128.0,
CXUSHELTERLB0401M,SHELTER,All CUs,2017,11895.0,
CXUSHELTERLB0401M,SHELTER,All CUs,2018,11747.0,
CXUSHELTERLB0401M,SHELTER,All CUs,2019,12190.0,
CXUSHELTERLB0401M,SHELTER,All CUs,2020,12604.0,
CXUSHELTERLB0401M,SHELTER,All CUs,2021,13258.0,
CXUSHELTERLB0401M,SHELTER,All CUs,2022,14507.0,
CXUSHELTERLB0401M,SHELTER,All CUs,2023,15499.0,
CXUSHELTERLB0401M,SHELTER,All CUs,2024,16317.0,
CXUSHELTERLB0402M,SHELTER,Under 25,1984,2281.0,
CXUSHELTERLB0402M,SHELTER,Under 25,1985,2288.0,
CXUSHELTERLB0402M,SHELTER,Under 25,1986,2653.0,
CXUSHELTERLB0402M,SHELTER,Under 25,1987,2700.0,
CXUSHELTERLB0402M,SHELTER,Under 25,1988,3004.0,
CXUSHELTERLB0402M,SHELTER,Under 25,1989,3048.0,
CXUSHELTERLB0402M,SHELTER,Under 25,1990,3014.0,
CXUSHELTERLB0402M,SHELTER,Under 25,1991,3059.0,
CXUSHELTERLB0402M,SHELTER,Under 25,1992,3148.0,
CXUSHELTERLB0402M,SHELTER,Under 25,1993,3297.0,
CXUSHELTERLB0402M,SHELTER,Under 25,1994,3481.0,
CXUSHELTERLB0402M,SHELTER,Under 25,1995,3622.0,
CXUSHELTERLB0402M,SHELTER,Under 25,1996,3526.0,
CXUSHELTERLB0402M,SHELTER,Under 25,1997,3656.0,
CXUSHELTERLB0402M,SHELTER,Under 25,1998,3795.0,
CXUSHELTERLB0402M,SHELTER,Under 25,1999,4140.0,
CXUSHELTERLB0402M,SHELTER,Under 25,2000,4574.0,
CXUSHELTERLB0402M,SHELTER,Under 25,2001,4862.0,
CXUSHELTERLB0402M,SHELTER,Under 25,2002,4851.0,
CXUSHELTERLB0402M,SHELTER,Under 25,2003,4574.0,
CXUSHELTERLB0402M,SHELTER,Under 25,2004,4901.0,
CXUSHELTERLB0402M,SHELTER,Under 25,2005,5538.0,
CXUSHELTERLB0402M,SHELTER,Under 25,2006,5923.0,
CXUSHELTERLB0402M,SHELTER,Under 25,2007,6220.0,
CXUSHELTERLB0402M,SHELTER,Under 25,2008,6530.0,
CXUSHELTERLB0402M,SHELTER,Under 25,2009,6306.0,
CXUSHELTERLB0402M,SHELTER,Under 25,2010,6166.0,
CXUSHELTERLB0402M,SHELTER,Under 25,2011,6732.0,
CXUSHELTERLB0402M,SHELTER,Under 25,2012,7285.0,
CXUSHELTERLB0402M,SHELTER,Under 25,2013,6944.0,
CXUSHELTERLB0402M,SHELTER,Under 25,2014,7893.0,
CXUSHELTERLB0402M,SHELTER,Under 25,2015,7410.0,
CXUSHELTERLB0402M,SHELTER,Under 25,2016,7513.0,
CXUSHELTERLB0402M,SHELTER,Under 25,2017,7553.0,
CXUSHELTERLB0402M,SHELTER,Under 25,2018,7706.0,
CXUSHELTERLB0402M,SHELTER,Under 25,2019,8436.0,
CXUSHELTERLB0402M,SHELTER,Under 25,2020,9819.0,
CXUSHELTERLB0402M,SHELTER,Under 25,2021,10614.0,
CXUSHELTERLB0402M,SHELTER,Under 25,2022,11737.0,
CXUSHELTERLB0402M,SHELTER,Under 25,2023,12252.0,
CXUSHELTERLB0402M,SHELTER,Under 25,2024,12050.0,
CXUTOBACCOLB0403M,TOBACCO,25-34,1984,222.0,
CXUTOBACCOLB0403M,TOBACCO,25-34,1985,220.0,
CXUTOBACCOLB0403M,TOBACCO,25-34,1986,233.0,
CXUTOBACCOLB0403M,TOBACCO,25-34,1987,228.0,
CXUTOBACCOLB0403M,TOBACCO,25-34,1988,246.0,
CXUTOBACCOLB0403M,TOBACCO,25-34,1989,251.0,
CXUTOBACCOLB0403M,TOBACCO,25-34,1990,275.0,
CXUTOBACCOLB0403M,TOBACCO,25-34,1991,279.0,
CXUTOBACCOLB0403M,TOBACCO,25-34,1992,278.0,
CXUTOBACCOLB0403M,TOBACCO,25-34,1993,280.0,
CXUTOBACCOLB0403M,TOBACCO,25-34,1994,270.0,
CXUTOBACCOLB0403M,TOBACCO,25-34,1995,269.0,
CXUTOBACCOLB0403M,TOBACCO,25-34,1996,250.0,
CXUTOBACCOLB0403M,TOBACCO,25-34,1997,261.0,
CXUTOBACCOLB0403M,TOBACCO,25-34,1998,252.0,
CXUTOBACCOLB0403M,TOBACCO,25-34,1999,295.0,
CXUTOBACCOLB0403M,TOBACCO,25-34,2000,310.0,
CXUTOBACCOLB0403M,TOBACCO,25-34,2001,320.0,
CXUTOBACCOLB0403M,TOBACCO,25-34,2002,315.0,
CXUTOBACCOLB0403M,TOBACCO,25-34,2003,285.0,
CXUTOBACCOLB0403M,TOBACCO,25-34,2004,283.0,
CXUTOBACCOLB0403M,TOBACCO,25-34,2005,307.0,
CXUTOBACCOLB0403M,TOBACCO,25-34,2006,318.0,
CXUTOBACCOLB0403M,TOBACCO,25-34,2007,331.0,
CXUTOBACCOLB0403M,TOBACCO,25-34,2008,298.0,
CXUTOBACCOLB0403M,TOBACCO,25-34,2009,368.0,
CXUTOBACCOLB0403M,TOBACCO,25-34,2010,362.0,
CXUTOBACCOLB0403M,TOBACCO,25-34,2011,378.0,
CXUTOBACCOLB0403M,TOBACCO,25-34,2012,351.0,
CXUTOBACCOLB0403M,TOBACCO,25-34,2013,309.0,
CXUTOBACCOLB0403M,TOBACCO,25-34,2014,281.0,
CXUTOBACCOLB0403M,TOBACCO,25-34,2015,364.0,
CXUTOBACCOLB0403M,TOBACCO,25-34,2016,305.0,
CXUTOBACCOLB0403M,TOBACCO,25-34,2017,323.0,
CXUTOBACCOLB0403M,TOBACCO,25-34,2018,337.0,
CXUTOBACCOLB0403M,TOBACCO,25-34,2019,341.0,
CXUTOBACCOLB0403M,TOBACCO,25-34,2020,293.0,
CXUTOBACCOLB0403M,TOBACCO,25-34,2021,347.0,
CXUTOBACCOLB0403M,TOBACCO,25-34,2022,277.0,
CXUTOBACCOLB0403M,TOBACCO,25-34,2023,316.0,
CXUTOBACCOLB0403M,TOBACCO,25-34,2024,299.0,
CXUTOBACCOLB0404M,TOBACCO,35-44,1984,274.0,
CXUTOBACCOLB0404M,TOBACCO,35-44,1985,274.0,
CXUTOBACCOLB0404M,TOBACCO,35-44,1986,272.0,
CXUTOBACCOLB0404M,TOBACCO,35-44,1987,276.0,
CXUTOBACCOLB0404M,TOBACCO,35-44,1988,277.0,
CXUTOBACCOLB0404M,TOBACCO,35-44,1989,317.0,
CXUTOBACCOLB0404M,TOBACCO,35-44,1990,316.0,
CXUTOBACCOLB0404M,TOBACCO,35-44,1991,332.0,
CXUTOBACCOLB0404M,TOBACCO,35-44,1992,326.0,
CXUTOBACCOLB0404M,TOBACCO,35-44,1993,324.0,
CXUTOBACCOLB0404M,TOBACCO,35-44,1994,319.0,
CXUTOBACCOLB0404M,TOBACCO,35-44,1995,310.0,
CXUTOBACCOLB0404M,TOBACCO,35-44,1996,308.0,
CXUTOBACCOLB0404M,TOBACCO,35-44,1997,329.0,
CXUTOBACCOLB0404M,TOBACCO,35-44,1998,344.0,
CXUTOBACCOLB0404M,TOBACCO,35-44,1999,370.0,
CXUTOBACCOLB0404M,TOBACCO,35-44,2000,427.0,
CXUTOBACCOLB0404M,TOBACCO,35-44,2001,379.0,
CXUTOBACCOLB0404M,TOBACCO,35-44,2002,376.0,
CXUTOBACCOLB0404M,TOBACCO,35-44,2003,312.0,
CXUTOBACCOLB0404M,TOBACCO,35-44,2004,350.0,
CXUTOBACCOLB0404M,TOBACCO,35-44,2005,357.0,
CXUTOBACCOLB0404M,TOBACCO,35-44,2006,354.0,
CXUTOBACCOLB0404M,TOBACCO,35-44,2007,379.0,
CXUTOBACCOLB0404M,TOBACCO,35-44,2008,354.0,
CXUTOBACCOLB0404M,TOBACCO,35-44,2009,417.0,
CXUTOBACCOLB0404M,TOBACCO,35-44,2010,358.0,
CXUTOBACCOLB0404M,TOBACCO,35-44,2011,343.0,
CXUTOBACCOLB0404M,TOBACCO,35-44,2012,358.0,
CXUTOBACCOLB0404M,TOBACCO,35-44,2013,331.0,
CXUTOBACCOLB0404M,TOBACCO,35-44,2014,324.0,
CXUTOBACCOLB0404M,TOBACCO,35-44,2015,383.0,
CXUTOBACCOLB0404M,TOBACCO,35-44,2016,370.0,
CXUTOBACCOLB0404M,TOBACCO,35-44,2017,366.0,
CXUTOBACCOLB0404M,TOBACCO,35-44,2018,408.0,
CXUTOBACCOLB0404M,TOBACCO,35-44,2019,359.0,
CXUTOBACCOLB0404M,TOBACCO,35-44,2020,349.0,
CXUTOBACCOLB0404M,TOBACCO,35-44,2021,399.0,
CXUTOBACCOLB0404M,TOBACCO,35-44,2022,440.0,
CXUTOBACCOLB0404M,TOBACCO,35-44,2023,381.0,
CXUTOBACCOLB0404M,TOBACCO,35-44,2024,398.0,
CXUTOBACCOLB0405M,TOBACCO,45-54,1984,326.0,
CXUTOBACCOLB0405M,TOBACCO,45-54,1985,292.0,
CXUTOBACCOLB0405M,TOBACCO,45-54,1986,315.0,
CXUTOBACCOLB0405M,TOBACCO,45-54,1987,335.0,
CXUTOBACCOLB0405M,TOBACCO,45-54,1988,334.0,
CXUTOBACCOLB0405M,TOBACCO,45-54,1989,336.0,
CXUTOBACCOLB0405M,TOBACCO,45-54,1990,361.0,
CXUTOBACCOLB0405M,TOBACCO,45-54,1991,374.0,
CXUTOBACCOLB0405M,TOBACCO,45-54,1992,376.0,
CXUTOBACCOLB0405M,TOBACCO,45-54,1993,345.0,
CXUTOBACCOLB0405M,TOBACCO,45-54,1994,327.0,
CXUTOBACCOLB0405M,TOBACCO,45-54,1995,347.0,
CXUTOBACCOLB0405M,TOBACCO,45-54,1996,324.0,
CXUTOBACCOLB0405M,TOBACCO,45-54,1997,312.0,
CXUTOBACCOLB0405M,TOBACCO,45-54,1998,338.0,
CXUTOBACCOLB0405M,TOBACCO,45-54,1999,395.0,
CXUTOBACCOLB0405M,TOBACCO,45-54,2000,376.0,
CXUTOBACCOLB0405M,TOBACCO,45-54,2001,374.0,
CXUTOBACCOLB0405M,TOBACCO,45-54,2002,415.0,
CXUTOBACCOLB0405M,TOBACCO,45-54,2003,385.0,
CXUTOBACCOLB0405M,TOBACCO,45-54,2004,375.0,
CXUTOBACCOLB0405M,TOBACCO,45-54,2005,427.0,
CXUTOBACCOLB0405M,TOBACCO,45-54,2006,433.0,
CXUTOBACCOLB0405M,TOBACCO,45-54,2007,388.0,
CXUTOBACCOLB0405M,TOBACCO,45-54,2008,437.0,
CXUTOBACCOLB0405M,TOBACCO,45-54,2009,513.0,
CXUTOBACCOLB0405M,TOBACCO,45-54,2010,449.0,
CXUTOBACCOLB0405M,TOBACCO,45-54,2011,465.0,
CXUTOBACCOLB0405M,TOBACCO,45-54,2012,431.0,
CXUTOBACCOLB0405M,TOBACCO,45-54,2013,447.0,
CXUTOBACCOLB0405M,TOBACCO,45-54,2014,408.0,
CXUTOBACCOLB0405M,TOBACCO,45-54,2015,465.0,
CXUTOBACCOLB0405M,TOBACCO,45-54,2016,441.0,
CXUTOBACCOLB0405M,TOBACCO,45-54,2017,410.0,
CXUTOBACCOLB0405M,TOBACCO,45-54,2018,437.0,
CXUTOBACCOLB0405M,TOBACCO,45-54,2019,374.0,
CXUTOBACCOLB0405M,TOBACCO,45-54,2020,408.0,
CXUTOBACCOLB0405M,TOBACCO,45-54,2021,370.0,
CXUTOBACCOLB0405M,TOBACCO,45-54,2022,427.0,
CXUTOBACCOLB0405M,TOBACCO,45-54,2023,447.0,
CXUTOBACCOLB0405M,TOBACCO,45-54,2024,461.0,
CXUTOBACCOLB0406M,TOBACCO,55-64,1984,264.0,
CXUTOBACCOLB0406M,TOBACCO,55-64,1985,248.0,
CXUTOBACCOLB0406M,TOBACCO,55-64,1986,266.0,
CXUTOBACCOLB0406M,TOBACCO,55-64,1987,253.0,
CXUTOBACCOLB0406M,TOBACCO,55-64,1988,268.0,
CXUTOBACCOLB0406M,TOBACCO,55-64,1989,323.0,
CXUTOBACCOLB0406M,TOBACCO,55-64,1990,326.0,
CXUTOBACCOLB0406M,TOBACCO,55-64,1991,318.0,
CXUTOBACCOLB0406M,TOBACCO,55-64,1992,310.0,
CXUTOBACCOLB0406M,TOBACCO,55-64,1993,316.0,
CXUTOBACCOLB0406M,TOBACCO,55-64,1994,302.0,
CXUTOBACCOLB0406M,TOBACCO,55-64,1995,314.0,
CXUTOBACCOLB0406M,TOBACCO,55-64,1996,288.0,
CXUTOBACCOLB0406M,TOBACCO,55-64,1997,292.0,
CXUTOBACCOLB0406M,TOBACCO,55-64,1998,334.0,
CXUTOBACCOLB0406M,TOBACCO,55-64,1999,329.0,
CXUTOBACCOLB0406M,TOBACCO,55-64,2000,349.0,
CXUTOBACCOLB0406M,TOBACCO,55-64,2001,333.0,
CXUTOBACCOLB0406M,TOBACCO,55-64,2002,361.0,
CXUTOBACCOLB0406M,TOBACCO,55-64,2003,337.0,
CXUTOBACCOLB0406M,TOBACCO,55-64,2004,301.0,
CXUTOBACCOLB0406M,TOBACCO,55-64,2005,336.0,
CXUTOBACCOLB0406M,TOBACCO,55-64,2006,370.0,
CXUTOBACCOLB0406M,TOBACCO,55-64,2007,353.0,
CXUTOBACCOLB0406M,TOBACCO,55-64,2008,354.0,
CXUTOBACCOLB0406M,TOBACCO,55-64,2009,410.0,
CXUTOBACCOLB0406M,TOBACCO,55-64,2010,450.0,
CXUTOBACCOLB0406M,TOBACCO,55-64,2011,401.0,
CXUTOBACCOLB0406M,TOBACCO,55-64,2012,372.0,
CXUTOBACCOLB0406M,TOBACCO,55-64,2013,438.0,
CXUTOBACCOLB0406M,TOBACCO,55-64,2014,401.0,
CXUTOBACCOLB0406M,TOBACCO,55-64,2015,401.0,
CXUTOBACCOLB0406M,TOBACCO,55-64,2016,420.0,
CXUTOBACCOLB0406M,TOBACCO,55-64,2017,418.0,
CXUTOBACCOLB0406M,TOBACCO,55-64,2018,454.0,
CXUTOBACCOLB0406M,TOBACCO,55-64,2019,399.0,
CXUTOBACCOLB0406M,TOBACCO,55-64,2020,385.0,
CXUTOBACCOLB0406M,TOBACCO,55-64,2021,469.0,
CXUTOBACCOLB0406M,TOBACCO,55-64,2022,541.0,
CXUTOBACCOLB0406M,TOBACCO,55-64,2023,523.0,
CXUTOBACCOLB0406M,TOBACCO,55-64,2024,435.0,
CXUTOBACCOLB0407M,TOBACCO,65+,1988,142.0,
CXUTOBACCOLB0407M,TOBACCO,65+,1989,147.0,
CXUTOBACCOLB0407M,TOBACCO,65+,1990,157.0,
CXUTOBACCOLB0407M,TOBACCO,65+,1991,147.0,
CXUTOBACCOLB0407M,TOBACCO,65+,1992,147.0,
CXUTOBACCOLB0407M,TOBACCO,65+,1993,141.0,
CXUTOBACCOLB0407M,TOBACCO,65+,1994,117.0,
CXUTOBACCOLB0407M,TOBACCO,65+,1995,139.0,
CXUTOBACCOLB0407M,TOBACCO,65+,1996,143.0,
CXUTOBACCOLB0407M,TOBACCO,65+,1997,156.0,
CXUTOBACCOLB0407M,TOBACCO,65+,1998,151.0,
CXUTOBACCOLB0407M,TOBACCO,65+,1999,148.0,
CXUTOBACCOLB0407M,TOBACCO,65+,2000,163.0,
CXUTOBACCOLB0407M,TOBACCO,65+,2001,154.0,
CXUTOBACCOLB0407M,TOBACCO,65+,2002,152.0,
CXUTOBACCOLB0407M,TOBACCO,65+,2003,162.0,
CXUTOBACCOLB0407M,TOBACCO,65+,2004,147.0,
CXUTOBACCOLB0407M,TOBACCO,65+,2005,165.0,
CXUTOBACCOLB0407M,TOBACCO,65+,2006,171.0,
CXUTOBACCOLB0407M,TOBACCO,65+,2007,176.0,
CXUTOBACCOLB0407M,TOBACCO,65+,2008,161.0,
CXUTOBACCOLB0407M,TOBACCO,65+,2009,207.0,
CXUTOBACCOLB0407M,TOBACCO,65+,2010,227.0,
CXUTOBACCOLB0407M,TOBACCO,65+,2011,212.0,
CXUTOBACCOLB0407M,TOBACCO,65+,2012,193.0,
CXUTOBACCOLB0407M,TOBACCO,65+,2013,185.0,
CXUTOBACCOLB0407M,TOBACCO,65+,2014,225.0,
CXUTOBACCOLB0407M,TOBACCO,65+,2015,209.0,
CXUTOBACCOLB0407M,TOBACCO,65+,2016,198.0,
CXUTOBACCOLB0407M,TOBACCO,65+,2017,219.0,
CXUTOBACCOLB0407M,TOBACCO,65+,2018,196.0,
CXUTOBACCOLB0407M,TOBACCO,65+,2019,219.0,
CXUTOBACCOLB0407M,TOBACCO,65+,2020,207.0,
CXUTOBACCOLB0407M,TOBACCO,65+,2021,219.0,
CXUTOBACCOLB0407M,TOBACCO,65+,2022,261.0,
CXUTOBACCOLB0407M,TOBACCO,65+,2023,271.0,
CXUTOBACCOLB0407M,TOBACCO,65+,2024,266.0,
CXUTOBACCOLB0408M,TOBACCO,65-74,1984,167.0,
CXUTOBACCOLB0408M,TOBACCO,65-74,1985,163.0,
CXUTOBACCOLB0408M,TOBACCO,65-74,1986,174.0,
CXUTOBACCOLB0408M,TOBACCO,65-74,1987,180.0,
CXUTOBACCOLB0408M,TOBACCO,65-74,1988,185.0,
CXUTOBACCOLB0408M,TOBACCO,65-74,1989,188.0,
CXUTOBACCOLB0408M,TOBACCO,65-74,1990,209.0,
CXUTOBACCOLB0408M,TOBACCO,65-74,1991,198.0,
CXUTOBACCOLB0408M,TOBACCO,65-74,1992,205.0,
CXUTOBACCOLB0408M,TOBACCO,65-74,1993,189.0,
CXUTOBACCOLB0408M,TOBACCO,65-74,1994,152.0,
CXUTOBACCOLB0408M,TOBACCO,65-74,1995,183.0,
CXUTOBACCOLB0408M,TOBACCO,65-74,1996,197.0,
CXUTOBACCOLB0408M,TOBACCO,65-74,1997,213.0,
CXUTOBACCOLB0408M,TOBACCO,65-74,1998,206.0,
CXUTOBACCOLB0408M,TOBACCO,65-74,1999,204.0,
CXUTOBACCOLB0408M,TOBACCO,65-74,2000,223.0,
CXUTOBACCOLB0408M,TOBACCO,65-74,2001,217.0,
CXUTOBACCOLB0408M,TOBACCO,65-74,2002,220.0,
CXUTOBACCOLB0408M,TOBACCO,65-74,2003,219.0,
CXUTOBACCOLB0408M,TOBACCO,65-74,2004,197.0,
CXUTOBACCOLB0408M,TOBACCO,65-74,2005,228.0,
CXUTOBACCOLB0408M,TOBACCO,65-74,2006,241.0,
CXUTOBACCOLB0408M,TOBACCO,65-74,2007,243.0,
CXUTOBACCOLB0408M,TOBACCO,65-74,2008,227.0,
CXUTOBACCOLB0408M,TOBACCO,65-74,2009,275.0,
CXUTOBACCOLB0408M,TOBACCO,65-74,2010,298.0,
CXUTOBACCOLB0408M,TOBACCO,65-74,2011,289.0,
CXUTOBACCOLB0408M,TOBACCO,65-74,2012,249.0,
CXUTOBACCOLB0408M,TOBACCO,65-74,2013,258.0,
CXUTOBACCOLB0408M,TOBACCO,65-74,2014,307.0,
CXUTOBACCOLB0408M,TOBACCO,65-74,2015,259.0,
CXUTOBACCOLB0408M,TOBACCO,65-74,2016,247.0,
CXUTOBACCOLB0408M,TOBACCO,65-74,2017,285.0,
CXUTOBACCOLB0408M,TOBACCO,65-74,2018,246.0,
CXUTOBACCOLB0408M,TOBACCO,65-74,2019,285.0,
CXUTOBACCOLB0408M,TOBACCO,65-74,2020,272.0,
CXUTOBACCOLB0408M,TOBACCO,65-74,2021,281.0,
CXUTOBACCOLB0408M,TOBACCO,65-74,2022,334.0,
CXUTOBACCOLB0408M,TOBACCO,65-74,2023,365.0,
CXUTOBACCOLB0408M,TOBACCO,65-74,2024,320.0,
CXUTOBACCOLB0409M,TOBACCO,75+,1984,67.0,
CXUTOBACCOLB0409M,TOBACCO,75+,1985,72.0,
CXUTOBACCOLB0409M,TOBACCO,75+,1986,83.0,
CXUTOBACCOLB0409M,TOBACCO,75+,1987,84.0,
CXUTOBACCOLB0409M,TOBACCO,75+,1988,84.0,
CXUTOBACCOLB0409M,TOBACCO,75+,1989,89.0,
CXUTOBACCOLB0409M,TOBACCO,75+,1990,91.0,
CXUTOBACCOLB0409M,TOBACCO,75+,1991,76.0,
CXUTOBACCOLB0409M,TOBACCO,75+,1992,77.0,
CXUTOBACCOLB0409M,TOBACCO,75+,1993,83.0,
CXUTOBACCOLB0409M,TOBACCO,75+,1994,73.0,
CXUTOBACCOLB0409M,TOBACCO,75+,1995,85.0,
CXUTOBACCOLB0409M,TOBACCO,75+,1996,78.0,
CXUTOBACCOLB0409M,TOBACCO,75+,1997,87.0,
CXUTOBACCOLB0409M,TOBACCO,75+,1998,87.0,
CXUTOBACCOLB0409M,TOBACCO,75+,1999,86.0,
CXUTOBACCOLB0409M,TOBACCO,75+,2000,99.0,
CXUTOBACCOLB0409M,TOBACCO,75+,2001,87.0,
CXUTOBACCOLB0409M,TOBACCO,75+,2002,81.0,
CXUTOBACCOLB0409M,TOBACCO,75+,2003,105.0,
CXUTOBACCOLB0409M,TOBACCO,75+,2004,98.0,
CXUTOBACCOLB0409M,TOBACCO,75+,2005,102.0,
CXUTOBACCOLB0409M,TOBACCO,75+,2006,97.0,
CXUTOBACCOLB0409M,TOBACCO,75+,2007,106.0,
CXUTOBACCOLB0409M,TOBACCO,75+,2008,88.0,
CXUTOBACCOLB0409M,TOBACCO,75+,2009,133.0,
CXUTOBACCOLB0409M,TOBACCO,75+,2010,147.0,
CXUTOBACCOLB0409M,TOBACCO,75+,2011,120.0,
CXUTOBACCOLB0409M,TOBACCO,75+,2012,124.0,
CXUTOBACCOLB0409M,TOBACCO,75+,2013,89.0,
CXUTOBACCOLB0409M,TOBACCO,75+,2014,116.0,
CXUTOBACCOLB0409M,TOBACCO,75+,2015,142.0,
CXUTOBACCOLB0409M,TOBACCO,75+,2016,130.0,
CXUTOBACCOLB0409M,TOBACCO,75+,2017,126.0,
CXUTOBACCOLB0409M,TOBACCO,75+,2018,126.0,
CXUTOBACCOLB0409M,TOBACCO,75+,2019,130.0,
CXUTOBACCOLB0409M,TOBACCO,75+,2020,117.0,
CXUTOBACCOLB0409M,TOBACCO,75+,2021,128.0,
CXUTOBACCOLB0409M,TOBACCO,75+,2022,158.0,
CXUTOBACCOLB0409M,TOBACCO,75+,2023,141.0,
CXUTOBACCOLB0409M,TOBACCO,75+,2024,188.0,
CXUTOBACCOLB0401M,TOBACCO,All CUs,1984,228.0,
CXUTOBACCOLB0401M,TOBACCO,All CUs,1985,219.0,
CXUTOBACCOLB0401M,TOBACCO,All CUs,1986,230.0,
CXUTOBACCOLB0401M,TOBACCO,All CUs,1987,232.0,
CXUTOBACCOLB0401M,TOBACCO,All CUs,1988,242.0,
CXUTOBACCOLB0401M,TOBACCO,All CUs,1989,261.0,
CXUTOBACCOLB0401M,TOBACCO,All CUs,1990,274.0,
CXUTOBACCOLB0401M,TOBACCO,All CUs,1991,276.0,
CXUTOBACCOLB0401M,TOBACCO,All CUs,1992,275.0,
CXUTOBACCOLB0401M,TOBACCO,All CUs,1993,268.0,
CXUTOBACCOLB0401M,TOBACCO,All CUs,1994,259.0,
CXUTOBACCOLB0401M,TOBACCO,All CUs,1995,269.0,
CXUTOBACCOLB0401M,TOBACCO,All CUs,1996,255.0,
CXUTOBACCOLB0401M,TOBACCO,All CUs,1997,264.0,
CXUTOBACCOLB0401M,TOBACCO,All CUs,1998,273.0,
CXUTOBACCOLB0401M,TOBACCO,All CUs,1999,300.0,
CXUTOBACCOLB0401M,TOBACCO,All CUs,2000,319.0,
CXUTOBACCOLB0401M,TOBACCO,All CUs,2001,308.0,
CXUTOBACCOLB0401M,TOBACCO,All CUs,2002,320.0,
CXUTOBACCOLB0401M,TOBACCO,All CUs,2003,290.0,
CXUTOBACCOLB0401M,TOBACCO,All CUs,2004,288.0,
CXUTOBACCOLB0401M,TOBACCO,All CUs,2005,319.0,
CXUTOBACCOLB0401M,TOBACCO,All CUs,2006,327.0,
CXUTOBACCOLB0401M,TOBACCO,All CUs,2007,323.0,
CXUTOBACCOLB0401M,TOBACCO,All CUs,2008,317.0,
CXUTOBACCOLB0401M,TOBACCO,All CUs,2009,380.0,
CXUTOBACCOLB0401M,TOBACCO,All CUs,2010,362.0,
CXUTOBACCOLB0401M,TOBACCO,All CUs,2011,351.0,
CXUTOBACCOLB0401M,TOBACCO,All CUs,2012,332.0,
CXUTOBACCOLB0401M,TOBACCO,All CUs,2013,330.0,
CXUTOBACCOLB0401M,TOBACCO,All CUs,2014,319.0,
CXUTOBACCOLB0401M,TOBACCO,All CUs,2015,349.0,
CXUTOBACCOLB0401M,TOBACCO,All CUs,2016,337.0,
CXUTOBACCOLB0401M,TOBACCO,All CUs,2017,332.0,
CXUTOBACCOLB0401M,TOBACCO,All CUs,2018,347.0,
CXUTOBACCOLB0401M,TOBACCO,All CUs,2019,320.0,
CXUTOBACCOLB0401M,TOBACCO,All CUs,2020,315.0,
CXUTOBACCOLB0401M,TOBACCO,All CUs,2021,341.0,
CXUTOBACCOLB0401M,TOBACCO,All CUs,2022,371.0,
CXUTOBACCOLB0401M,TOBACCO,All CUs,2023,370.0,
CXUTOBACCOLB0401M,TOBACCO,All CUs,2024,352.0,
CXUTOBACCOLB0402M,TOBACCO,Under 25,1984,159.0,
CXUTOBACCOLB0402M,TOBACCO,Under 25,1985,140.0,
CXUTOBACCOLB0402M,TOBACCO,Under 25,1986,176.0,
CXUTOBACCOLB0402M,TOBACCO,Under 25,1987,164.0,
CXUTOBACCOLB0402M,TOBACCO,Under 25,1988,183.0,
CXUTOBACCOLB0402M,TOBACCO,Under 25,1989,205.0,
CXUTOBACCOLB0402M,TOBACCO,Under 25,1990,216.0,
CXUTOBACCOLB0402M,TOBACCO,Under 25,1991,196.0,
CXUTOBACCOLB0402M,TOBACCO,Under 25,1992,220.0,
CXUTOBACCOLB0402M,TOBACCO,Under 25,1993,202.0,
CXUTOBACCOLB0402M,TOBACCO,Under 25,1994,217.0,
CXUTOBACCOLB0402M,TOBACCO,Under 25,1995,246.0,
CXUTOBACCOLB0402M,TOBACCO,Under 25,1996,191.0,
CXUTOBACCOLB0402M,TOBACCO,Under 25,1997,200.0,
CXUTOBACCOLB0402M,TOBACCO,Under 25,1998,186.0,
CXUTOBACCOLB0402M,TOBACCO,Under 25,1999,220.0,
CXUTOBACCOLB0402M,TOBACCO,Under 25,2000,237.0,
CXUTOBACCOLB0402M,TOBACCO,Under 25,2001,265.0,
CXUTOBACCOLB0402M,TOBACCO,Under 25,2002,286.0,
CXUTOBACCOLB0402M,TOBACCO,Under 25,2003,230.0,
CXUTOBACCOLB0402M,TOBACCO,Under 25,2004,236.0,
CXUTOBACCOLB0402M,TOBACCO,Under 25,2005,308.0,
CXUTOBACCOLB0402M,TOBACCO,Under 25,2006,286.0,
CXUTOBACCOLB0402M,TOBACCO,Under 25,2007,290.0,
CXUTOBACCOLB0402M,TOBACCO,Under 25,2008,251.0,
CXUTOBACCOLB0402M,TOBACCO,Under 25,2009,330.0,
CXUTOBACCOLB0402M,TOBACCO,Under 25,2010,283.0,
CXUTOBACCOLB0402M,TOBACCO,Under 25,2011,256.0,
CXUTOBACCOLB0402M,TOBACCO,Under 25,2012,262.0,
CXUTOBACCOLB0402M,TOBACCO,Under 25,2013,219.0,
CXUTOBACCOLB0402M,TOBACCO,Under 25,2014,250.0,
CXUTOBACCOLB0402M,TOBACCO,Under 25,2015,230.0,
CXUTOBACCOLB0402M,TOBACCO,Under 25,2016,308.0,
CXUTOBACCOLB0402M,TOBACCO,Under 25,2017,220.0,
CXUTOBACCOLB0402M,TOBACCO,Under 25,2018,228.0,
CXUTOBACCOLB0402M,TOBACCO,Under 25,2019,186.0,
CXUTOBACCOLB0402M,TOBACCO,Under 25,2020,237.0,
CXUTOBACCOLB0402M,TOBACCO,Under 25,2021,215.0,
CXUTOBACCOLB0402M,TOBACCO,Under 25,2022,226.0,
CXUTOBACCOLB0402M,TOBACCO,Under 25,2023,222.0,
CXUTOBACCOLB0402M,TOBACCO,Under 25,2024,189.0,
CXUTOTALEXPLB0403M,TOTALEXP,25-34,1984,22294.0,
CXUTOTALEXPLB0403M,TOTALEXP,25-34,1985,23349.0,
CXUTOTALEXPLB0403M,TOTALEXP,25-34,1986,23931.0,
CXUTOTALEXPLB0403M,TOTALEXP,25-34,1987,24177.0,
CXUTOTALEXPLB0403M,TOTALEXP,25-34,1988,25770.0,
CXUTOTALEXPLB0403M,TOTALEXP,25-34,1989,26683.0,
CXUTOTALEXPLB0403M,TOTALEXP,25-34,1990,28117.0,
CXUTOTALEXPLB0403M,TOTALEXP,25-34,1991,29280.0,
CXUTOTALEXPLB0403M,TOTALEXP,25-34,1992,29554.0,
CXUTOTALEXPLB0403M,TOTALEXP,25-34,1993,28594.0,
CXUTOTALEXPLB0403M,TOTALEXP,25-34,1994,30458.0,
CXUTOTALEXPLB0403M,TOTALEXP,25-34,1995,31493.0,
CXUTOTALEXPLB0403M,TOTALEXP,25-34,1996,33020.0,
CXUTOTALEXPLB0403M,TOTALEXP,25-34,1997,34902.0,
CXUTOTALEXPLB0403M,TOTALEXP,25-34,1998,34779.0,
CXUTOTALEXPLB0403M,TOTALEXP,25-34,1999,36158.0,
CXUTOTALEXPLB0403M,TOTALEXP,25-34,2000,38945.0,
CXUTOTALEXPLB0403M,TOTALEXP,25-34,2001,39451.0,
CXUTOTALEXPLB0403M,TOTALEXP,25-34,2002,40318.0,
CXUTOTALEXPLB0403M,TOTALEXP,25-34,2003,40525.0,
CXUTOTALEXPLB0403M,TOTALEXP,25-34,2004,42701.0,
CXUTOTALEXPLB0403M,TOTALEXP,25-34,2005,45068.0,
CXUTOTALEXPLB0403M,TOTALEXP,25-34,2006,47582.0,
CXUTOTALEXPLB0403M,TOTALEXP,25-34,2007,47510.0,
CXUTOTALEXPLB0403M,TOTALEXP,25-34,2008,48159.0,
CXUTOTALEXPLB0403M,TOTALEXP,25-34,2009,46494.0,
CXUTOTALEXPLB0403M,TOTALEXP,25-34,2010,46617.0,
CXUTOTALEXPLB0403M,TOTALEXP,25-34,2011,48097.0,
CXUTOTALEXPLB0403M,TOTALEXP,25-34,2012,49544.0,
CXUTOTALEXPLB0403M,TOTALEXP,25-34,2013,48087.0,
CXUTOTALEXPLB0403M,TOTALEXP,25-34,2014,49547.0,
CXUTOTALEXPLB0403M,TOTALEXP,25-34,2015,52062.0,
CXUTOTALEXPLB0403M,TOTALEXP,25-34,2016,52838.0,
CXUTOTALEXPLB0403M,TOTALEXP,25-34,2017,55325.0,
CXUTOTALEXPLB0403M,TOTALEXP,25-34,2018,56457.0,
CXUTOTALEXPLB0403M,TOTALEXP,25-34,2019,57128.0,
CXUTOTALEXPLB0403M,TOTALEXP,25-34,2020,57644.0,
CXUTOTALEXPLB0403M,TOTALEXP,25-34,2021,63905.0,
CXUTOTALEXPLB0403M,TOTALEXP,25-34,2022,67884.0,
CXUTOTALEXPLB0403M,TOTALEXP,25-34,2023,71867.0,
CXUTOTALEXPLB0403M,TOTALEXP,25-34,2024,74475.0,
CXUTOTALEXPLB0404M,TOTALEXP,35-44,1984,28214.0,
CXUTOTALEXPLB0404M,TOTALEXP,35-44,1985,29604.0,
CXUTOTALEXPLB0404M,TOTALEXP,35-44,1986,31219.0,
CXUTOTALEXPLB0404M,TOTALEXP,35-44,1987,31473.0,
CXUTOTALEXPLB0404M,TOTALEXP,35-44,1988,33078.0,
CXUTOTALEXPLB0404M,TOTALEXP,35-44,1989,35589.0,
CXUTOTALEXPLB0404M,TOTALEXP,35-44,1990,35594.0,
CXUTOTALEXPLB0404M,TOTALEXP,35-44,1991,36446.0,
CXUTOTALEXPLB0404M,TOTALEXP,35-44,1992,37196.0,
CXUTOTALEXPLB0404M,TOTALEXP,35-44,1993,37429.0,
CXUTOTALEXPLB0404M,TOTALEXP,35-44,1994,37565.0,
CXUTOTALEXPLB0404M,TOTALEXP,35-44,1995,38397.0,
CXUTOTALEXPLB0404M,TOTALEXP,35-44,1996,39944.0,
CXUTOTALEXPLB0404M,TOTALEXP,35-44,1997,40413.0,
CXUTOTALEXPLB0404M,TOTALEXP,35-44,1998,42154.0,
CXUTOTALEXPLB0404M,TOTALEXP,35-44,1999,42792.0,
CXUTOTALEXPLB0404M,TOTALEXP,35-44,2000,45149.0,
CXUTOTALEXPLB0404M,TOTALEXP,35-44,2001,46908.0,
CXUTOTALEXPLB0404M,TOTALEXP,35-44,2002,48330.0,
CXUTOTALEXPLB0404M,TOTALEXP,35-44,2003,47175.0,
CXUTOTALEXPLB0404M,TOTALEXP,35-44,2004,50402.0,
CXUTOTALEXPLB0404M,TOTALEXP,35-44,2005,55190.0,
CXUTOTALEXPLB0404M,TOTALEXP,35-44,2006,57476.0,
CXUTOTALEXPLB0404M,TOTALEXP,35-44,2007,58934.0,
CXUTOTALEXPLB0404M,TOTALEXP,35-44,2008,58808.0,
CXUTOTALEXPLB0404M,TOTALEXP,35-44,2009,57301.0,
CXUTOTALEXPLB0404M,TOTALEXP,35-44,2010,55946.0,
CXUTOTALEXPLB0404M,TOTALEXP,35-44,2011,57271.0,
CXUTOTALEXPLB0404M,TOTALEXP,35-44,2012,58069.0,
CXUTOTALEXPLB0404M,TOTALEXP,35-44,2013,58784.0,
CXUTOTALEXPLB0404M,TOTALEXP,35-44,2014,62512.0,
CXUTOTALEXPLB0404M,TOTALEXP,35-44,2015,65334.0,
CXUTOTALEXPLB0404M,TOTALEXP,35-44,2016,66444.0,
CXUTOTALEXPLB0404M,TOTALEXP,35-44,2017,69034.0,
CXUTOTALEXPLB0404M,TOTALEXP,35-44,2018,71198.0,
CXUTOTALEXPLB0404M,TOTALEXP,35-44,2019,74890.0,
CXUTOTALEXPLB0404M,TOTALEXP,35-44,2020,74161.0,
CXUTOTALEXPLB0404M,TOTALEXP,35-44,2021,79712.0,
CXUTOTALEXPLB0404M,TOTALEXP,35-44,2022,86050.0,
CXUTOTALEXPLB0404M,TOTALEXP,35-44,2023,90939.0,
CXUTOTALEXPLB0404M,TOTALEXP,35-44,2024,91229.0,
CXUTOTALEXPLB0405M,TOTALEXP,45-54,1984,28696.0,
CXUTOTALEXPLB0405M,TOTALEXP,45-54,1985,30946.0,
CXUTOTALEXPLB0405M,TOTALEXP,45-54,1986,32218.0,
CXUTOTALEXPLB0405M,TOTALEXP,45-54,1987,31708.0,
CXUTOTALEXPLB0405M,TOTALEXP,45-54,1988,33205.0,
CXUTOTALEXPLB0405M,TOTALEXP,45-54,1989,36073.0,
CXUTOTALEXPLB0405M,TOTALEXP,45-54,1990,37012.0,
CXUTOTALEXPLB0405M,TOTALEXP,45-54,1991,38137.0,
CXUTOTALEXPLB0405M,TOTALEXP,45-54,1992,37427.0,
CXUTOTALEXPLB0405M,TOTALEXP,45-54,1993,41020.0,
CXUTOTALEXPLB0405M,TOTALEXP,45-54,1994,41420.0,
CXUTOTALEXPLB0405M,TOTALEXP,45-54,1995,42179.0,
CXUTOTALEXPLB0405M,TOTALEXP,45-54,1996,42772.0,
CXUTOTALEXPLB0405M,TOTALEXP,45-54,1997,45239.0,
CXUTOTALEXPLB0405M,TOTALEXP,45-54,1998,45475.0,
CXUTOTALEXPLB0405M,TOTALEXP,45-54,1999,46511.0,
CXUTOTALEXPLB0405M,TOTALEXP,45-54,2000,46160.0,
CXUTOTALEXPLB0405M,TOTALEXP,45-54,2001,47930.0,
CXUTOTALEXPLB0405M,TOTALEXP,45-54,2002,48748.0,
CXUTOTALEXPLB0405M,TOTALEXP,45-54,2003,50101.0,
CXUTOTALEXPLB0405M,TOTALEXP,45-54,2004,52764.0,
CXUTOTALEXPLB0405M,TOTALEXP,45-54,2005,55854.0,
CXUTOTALEXPLB0405M,TOTALEXP,45-54,2006,57563.0,
CXUTOTALEXPLB0405M,TOTALEXP,45-54,2007,58331.0,
CXUTOTALEXPLB0405M,TOTALEXP,45-54,2008,61179.0,
CXUTOTALEXPLB0405M,TOTALEXP,45-54,2009,58708.0,
CXUTOTALEXPLB0405M,TOTALEXP,45-54,2010,57788.0,
CXUTOTALEXPLB0405M,TOTALEXP,45-54,2011,58050.0,
CXUTOTALEXPLB0405M,TOTALEXP,45-54,2012,62103.0,
CXUTOTALEXPLB0405M,TOTALEXP,45-54,2013,60524.0,
CXUTOTALEXPLB0405M,TOTALEXP,45-54,2014,65651.0,
CXUTOTALEXPLB0405M,TOTALEXP,45-54,2015,69753.0,
CXUTOTALEXPLB0405M,TOTALEXP,45-54,2016,71166.0,
CXUTOTALEXPLB0405M,TOTALEXP,45-54,2017,73905.0,
CXUTOTALEXPLB0405M,TOTALEXP,45-54,2018,75387.0,
CXUTOTALEXPLB0405M,TOTALEXP,45-54,2019,77356.0,
CXUTOTALEXPLB0405M,TOTALEXP,45-54,2020,74791.0,
CXUTOTALEXPLB0405M,TOTALEXP,45-54,2021,83854.0,
CXUTOTALEXPLB0405M,TOTALEXP,45-54,2022,91075.0,
CXUTOTALEXPLB0405M,TOTALEXP,45-54,2023,97319.0,
CXUTOTALEXPLB0405M,TOTALEXP,45-54,2024,100327.0,
CXUTOTALEXPLB0406M,TOTALEXP,55-64,1984,23401.0,
CXUTOTALEXPLB0406M,TOTALEXP,55-64,1985,24766.0,
CXUTOTALEXPLB0406M,TOTALEXP,55-64,1986,24808.0,
CXUTOTALEXPLB0406M,TOTALEXP,55-64,1987,25707.0,
CXUTOTALEXPLB0406M,TOTALEXP,55-64,1988,25765.0,
CXUTOTALEXPLB0406M,TOTALEXP,55-64,1989,28617.0,
CXUTOTALEXPLB0406M,TOTALEXP,55-64,1990,29263.0,
CXUTOTALEXPLB0406M,TOTALEXP,55-64,1991,31945.0,
CXUTOTALEXPLB0406M,TOTALEXP,55-64,1992,31704.0,
CXUTOTALEXPLB0406M,TOTALEXP,55-64,1993,32973.0,
CXUTOTALEXPLB0406M,TOTALEXP,55-64,1994,33682.0,
CXUTOTALEXPLB0406M,TOTALEXP,55-64,1995,32626.0,
CXUTOTALEXPLB0406M,TOTALEXP,55-64,1996,36132.0,
CXUTOTALEXPLB0406M,TOTALEXP,55-64,1997,35954.0,
CXUTOTALEXPLB0406M,TOTALEXP,55-64,1998,37329.0,
CXUTOTALEXPLB0406M,TOTALEXP,55-64,1999,39394.0,
CXUTOTALEXPLB0406M,TOTALEXP,55-64,2000,39340.0,
CXUTOTALEXPLB0406M,TOTALEXP,55-64,2001,41462.0,
CXUTOTALEXPLB0406M,TOTALEXP,55-64,2002,44330.0,
CXUTOTALEXPLB0406M,TOTALEXP,55-64,2003,44191.0,
CXUTOTALEXPLB0406M,TOTALEXP,55-64,2004,47299.0,
CXUTOTALEXPLB0406M,TOTALEXP,55-64,2005,49592.0,
CXUTOTALEXPLB0406M,TOTALEXP,55-64,2006,50789.0,
CXUTOTALEXPLB0406M,TOTALEXP,55-64,2007,53786.0,
CXUTOTALEXPLB0406M,TOTALEXP,55-64,2008,54783.0,
CXUTOTALEXPLB0406M,TOTALEXP,55-64,2009,52463.0,
CXUTOTALEXPLB0406M,TOTALEXP,55-64,2010,50900.0,
CXUTOTALEXPLB0406M,TOTALEXP,55-64,2011,53616.0,
CXUTOTALEXPLB0406M,TOTALEXP,55-64,2012,55636.0,
CXUTOTALEXPLB0406M,TOTALEXP,55-64,2013,55892.0,
CXUTOTALEXPLB0406M,TOTALEXP,55-64,2014,56267.0,
CXUTOTALEXPLB0406M,TOTALEXP,55-64,2015,58781.0,
CXUTOTALEXPLB0406M,TOTALEXP,55-64,2016,61346.0,
CXUTOTALEXPLB0406M,TOTALEXP,55-64,2017,64972.0,
CXUTOTALEXPLB0406M,TOTALEXP,55-64,2018,66212.0,
CXUTOTALEXPLB0406M,TOTALEXP,55-64,2019,69494.0,
CXUTOTALEXPLB0406M,TOTALEXP,55-64,2020,64918.0,
CXUTOTALEXPLB0406M,TOTALEXP,55-64,2021,70570.0,
CXUTOTALEXPLB0406M,TOTALEXP,55-64,2022,78082.0,
CXUTOTALEXPLB0406M,TOTALEXP,55-64,2023,83379.0,
CXUTOTALEXPLB0406M,TOTALEXP,55-64,2024,84946.0,
CXUTOTALEXPLB0407M,TOTALEXP,65+,1988,17297.0,
CXUTOTALEXPLB0407M,TOTALEXP,65+,1989,18967.0,
CXUTOTALEXPLB0407M,TOTALEXP,65+,1990,18551.0,
CXUTOTALEXPLB0407M,TOTALEXP,65+,1991,19692.0,
CXUTOTALEXPLB0407M,TOTALEXP,65+,1992,20616.0,
CXUTOTALEXPLB0407M,TOTALEXP,65+,1993,21322.0,
CXUTOTALEXPLB0407M,TOTALEXP,65+,1994,22527.0,
CXUTOTALEXPLB0407M,TOTALEXP,65+,1995,22249.0,
CXUTOTALEXPLB0407M,TOTALEXP,65+,1996,24029.0,
CXUTOTALEXPLB0407M,TOTALEXP,65+,1997,24413.0,
CXUTOTALEXPLB0407M,TOTALEXP,65+,1998,24721.0,
CXUTOTALEXPLB0407M,TOTALEXP,65+,1999,26521.0,
CXUTOTALEXPLB0407M,TOTALEXP,65+,2000,26533.0,
CXUTOTALEXPLB0407M,TOTALEXP,65+,2001,27714.0,
CXUTOTALEXPLB0407M,TOTALEXP,65+,2002,28105.0,
CXUTOTALEXPLB0407M,TOTALEXP,65+,2003,29376.0,
CXUTOTALEXPLB0407M,TOTALEXP,65+,2004,31104.0,
CXUTOTALEXPLB0407M,TOTALEXP,65+,2005,32866.0,
CXUTOTALEXPLB0407M,TOTALEXP,65+,2006,35058.0,
CXUTOTALEXPLB0407M,TOTALEXP,65+,2007,36530.0,
CXUTOTALEXPLB0407M,TOTALEXP,65+,2008,36844.0,
CXUTOTALEXPLB0407M,TOTALEXP,65+,2009,37562.0,
CXUTOTALEXPLB0407M,TOTALEXP,65+,2010,36802.0,
CXUTOTALEXPLB0407M,TOTALEXP,65+,2011,39173.0,
CXUTOTALEXPLB0407M,TOTALEXP,65+,2012,40410.0,
CXUTOTALEXPLB0407M,TOTALEXP,65+,2013,41403.0,
CXUTOTALEXPLB0407M,TOTALEXP,65+,2014,43635.0,
CXUTOTALEXPLB0407M,TOTALEXP,65+,2015,44664.0,
CXUTOTALEXPLB0407M,TOTALEXP,65+,2016,45756.0,
CXUTOTALEXPLB0407M,TOTALEXP,65+,2017,49542.0,
CXUTOTALEXPLB0407M,TOTALEXP,65+,2018,50860.0,
CXUTOTALEXPLB0407M,TOTALEXP,65+,2019,50220.0,
CXUTOTALEXPLB0407M,TOTALEXP,65+,2020,47573.0,
CXUTOTALEXPLB0407M,TOTALEXP,65+,2021,52141.0,
CXUTOTALEXPLB0407M,TOTALEXP,65+,2022,57833.0,
CXUTOTALEXPLB0407M,TOTALEXP,65+,2023,60087.0,
CXUTOTALEXPLB0407M,TOTALEXP,65+,2024,61432.0,
CXUTOTALEXPLB0408M,TOTALEXP,65-74,1984,15842.0,
CXUTOTALEXPLB0408M,TOTALEXP,65-74,1985,17938.0,
CXUTOTALEXPLB0408M,TOTALEXP,65-74,1986,17506.0,
CXUTOTALEXPLB0408M,TOTALEXP,65-74,1987,18888.0,
CXUTOTALEXPLB0408M,TOTALEXP,65-74,1988,20120.0,
CXUTOTALEXPLB0408M,TOTALEXP,65-74,1989,21152.0,
CXUTOTALEXPLB0408M,TOTALEXP,65-74,1990,20901.0,
CXUTOTALEXPLB0408M,TOTALEXP,65-74,1991,22564.0,
CXUTOTALEXPLB0408M,TOTALEXP,65-74,1992,22862.0,
CXUTOTALEXPLB0408M,TOTALEXP,65-74,1993,23706.0,
CXUTOTALEXPLB0408M,TOTALEXP,65-74,1994,25059.0,
CXUTOTALEXPLB0408M,TOTALEXP,65-74,1995,25277.0,
CXUTOTALEXPLB0408M,TOTALEXP,65-74,1996,27739.0,
CXUTOTALEXPLB0408M,TOTALEXP,65-74,1997,27792.0,
CXUTOTALEXPLB0408M,TOTALEXP,65-74,1998,27830.0,
CXUTOTALEXPLB0408M,TOTALEXP,65-74,1999,29864.0,
CXUTOTALEXPLB0408M,TOTALEXP,65-74,2000,30782.0,
CXUTOTALEXPLB0408M,TOTALEXP,65-74,2001,32023.0,
CXUTOTALEXPLB0408M,TOTALEXP,65-74,2002,32243.0,
CXUTOTALEXPLB0408M,TOTALEXP,65-74,2003,33629.0,
CXUTOTALEXPLB0408M,TOTALEXP,65-74,2004,36512.0,
CXUTOTALEXPLB0408M,TOTALEXP,65-74,2005,38573.0,
CXUTOTALEXPLB0408M,TOTALEXP,65-74,2006,40960.0,
CXUTOTALEXPLB0408M,TOTALEXP,65-74,2007,42262.0,
CXUTOTALEXPLB0408M,TOTALEXP,65-74,2008,41433.0,
CXUTOTALEXPLB0408M,TOTALEXP,65-74,2009,42957.0,
CXUTOTALEXPLB0408M,TOTALEXP,65-74,2010,41434.0,
CXUTOTALEXPLB0408M,TOTALEXP,65-74,2011,44646.0,
CXUTOTALEXPLB0408M,TOTALEXP,65-74,2012,45968.0,
CXUTOTALEXPLB0408M,TOTALEXP,65-74,2013,46757.0,
CXUTOTALEXPLB0408M,TOTALEXP,65-74,2014,48885.0,
CXUTOTALEXPLB0408M,TOTALEXP,65-74,2015,49477.0,
CXUTOTALEXPLB0408M,TOTALEXP,65-74,2016,50873.0,
CXUTOTALEXPLB0408M,TOTALEXP,65-74,2017,54997.0,
CXUTOTALEXPLB0408M,TOTALEXP,65-74,2018,56268.0,
CXUTOTALEXPLB0408M,TOTALEXP,65-74,2019,55087.0,
CXUTOTALEXPLB0408M,TOTALEXP,65-74,2020,52364.0,
CXUTOTALEXPLB0408M,TOTALEXP,65-74,2021,56435.0,
CXUTOTALEXPLB0408M,TOTALEXP,65-74,2022,60860.0,
CXUTOTALEXPLB0408M,TOTALEXP,65-74,2023,65149.0,
CXUTOTALEXPLB0408M,TOTALEXP,65-74,2024,65354.0,
CXUTOTALEXPLB0409M,TOTALEXP,75+,1984,11122.0,
CXUTOTALEXPLB0409M,TOTALEXP,75+,1985,13012.0,
CXUTOTALEXPLB0409M,TOTALEXP,75+,1986,12198.0,
CXUTOTALEXPLB0409M,TOTALEXP,75+,1987,12230.0,
CXUTOTALEXPLB0409M,TOTALEXP,75+,1988,13339.0,
CXUTOTALEXPLB0409M,TOTALEXP,75+,1989,15919.0,
CXUTOTALEXPLB0409M,TOTALEXP,75+,1990,15450.0,
CXUTOTALEXPLB0409M,TOTALEXP,75+,1991,15782.0,
CXUTOTALEXPLB0409M,TOTALEXP,75+,1992,17794.0,
CXUTOTALEXPLB0409M,TOTALEXP,75+,1993,18350.0,
CXUTOTALEXPLB0409M,TOTALEXP,75+,1994,19280.0,
CXUTOTALEXPLB0409M,TOTALEXP,75+,1995,18572.0,
CXUTOTALEXPLB0409M,TOTALEXP,75+,1996,19603.0,
CXUTOTALEXPLB0409M,TOTALEXP,75+,1997,20279.0,
CXUTOTALEXPLB0409M,TOTALEXP,75+,1998,20987.0,
CXUTOTALEXPLB0409M,TOTALEXP,75+,1999,22884.0,
CXUTOTALEXPLB0409M,TOTALEXP,75+,2000,21908.0,
CXUTOTALEXPLB0409M,TOTALEXP,75+,2001,23099.0,
CXUTOTALEXPLB0409M,TOTALEXP,75+,2002,23759.0,
CXUTOTALEXPLB0409M,TOTALEXP,75+,2003,25016.0,
CXUTOTALEXPLB0409M,TOTALEXP,75+,2004,25763.0,
CXUTOTALEXPLB0409M,TOTALEXP,75+,2005,27018.0,
CXUTOTALEXPLB0409M,TOTALEXP,75+,2006,28904.0,
CXUTOTALEXPLB0409M,TOTALEXP,75+,2007,30414.0,
CXUTOTALEXPLB0409M,TOTALEXP,75+,2008,31692.0,
CXUTOTALEXPLB0409M,TOTALEXP,75+,2009,31676.0,
CXUTOTALEXPLB0409M,TOTALEXP,75+,2010,31529.0,
CXUTOTALEXPLB0409M,TOTALEXP,75+,2011,32688.0,
CXUTOTALEXPLB0409M,TOTALEXP,75+,2012,33530.0,
CXUTOTALEXPLB0409M,TOTALEXP,75+,2013,34382.0,
CXUTOTALEXPLB0409M,TOTALEXP,75+,2014,36673.0,
CXUTOTALEXPLB0409M,TOTALEXP,75+,2015,38123.0,
CXUTOTALEXPLB0409M,TOTALEXP,75+,2016,38691.0,
CXUTOTALEXPLB0409M,TOTALEXP,75+,2017,41849.0,
CXUTOTALEXPLB0409M,TOTALEXP,75+,2018,43181.0,
CXUTOTALEXPLB0409M,TOTALEXP,75+,2019,43623.0,
CXUTOTALEXPLB0409M,TOTALEXP,75+,2020,40814.0,
CXUTOTALEXPLB0409M,TOTALEXP,75+,2021,45820.0,
CXUTOTALEXPLB0409M,TOTALEXP,75+,2022,53496.0,
CXUTOTALEXPLB0409M,TOTALEXP,75+,2023,53031.0,
CXUTOTALEXPLB0409M,TOTALEXP,75+,2024,55834.0,
CXUTOTALEXPLB0401M,TOTALEXP,All CUs,1984,21975.0,
CXUTOTALEXPLB0401M,TOTALEXP,All CUs,1985,23490.0,
CXUTOTALEXPLB0401M,TOTALEXP,All CUs,1986,23866.0,
CXUTOTALEXPLB0401M,TOTALEXP,All CUs,1987,24414.0,
CXUTOTALEXPLB0401M,TOTALEXP,All CUs,1988,25892.0,
CXUTOTALEXPLB0401M,TOTALEXP,All CUs,1989,27810.0,
CXUTOTALEXPLB0401M,TOTALEXP,All CUs,1990,28381.0,
CXUTOTALEXPLB0401M,TOTALEXP,All CUs,1991,29614.0,
CXUTOTALEXPLB0401M,TOTALEXP,All CUs,1992,29846.0,
CXUTOTALEXPLB0401M,TOTALEXP,All CUs,1993,30692.0,
CXUTOTALEXPLB0401M,TOTALEXP,All CUs,1994,31731.0,
CXUTOTALEXPLB0401M,TOTALEXP,All CUs,1995,32264.0,
CXUTOTALEXPLB0401M,TOTALEXP,All CUs,1996,33797.0,
CXUTOTALEXPLB0401M,TOTALEXP,All CUs,1997,34819.0,
CXUTOTALEXPLB0401M,TOTALEXP,All CUs,1998,35535.0,
CXUTOTALEXPLB0401M,TOTALEXP,All CUs,1999,36995.0,
CXUTOTALEXPLB0401M,TOTALEXP,All CUs,2000,38045.0,
CXUTOTALEXPLB0401M,TOTALEXP,All CUs,2001,39518.0,
CXUTOTALEXPLB0401M,TOTALEXP,All CUs,2002,40677.0,
CXUTOTALEXPLB0401M,TOTALEXP,All CUs,2003,40817.0,
CXUTOTALEXPLB0401M,TOTALEXP,All CUs,2004,43395.0,
CXUTOTALEXPLB0401M,TOTALEXP,All CUs,2005,46409.0,
CXUTOTALEXPLB0401M,TOTALEXP,All CUs,2006,48398.0,
CXUTOTALEXPLB0401M,TOTALEXP,All CUs,2007,49638.0,
CXUTOTALEXPLB0401M,TOTALEXP,All CUs,2008,50486.0,
CXUTOTALEXPLB0401M,TOTALEXP,All CUs,2009,49067.0,
CXUTOTALEXPLB0401M,TOTALEXP,All CUs,2010,48109.0,
CXUTOTALEXPLB0401M,TOTALEXP,All CUs,2011,49705.0,
CXUTOTALEXPLB0401M,TOTALEXP,All CUs,2012,51442.0,
CXUTOTALEXPLB0401M,TOTALEXP,All CUs,2013,51100.0,
CXUTOTALEXPLB0401M,TOTALEXP,All CUs,2014,53495.0,
CXUTOTALEXPLB0401M,TOTALEXP,All CUs,2015,55978.0,
CXUTOTALEXPLB0401M,TOTALEXP,All CUs,2016,57311.0,
CXUTOTALEXPLB0401M,TOTALEXP,All CUs,2017,60060.0,
CXUTOTALEXPLB0401M,TOTALEXP,All CUs,2018,61224.0,
CXUTOTALEXPLB0401M,TOTALEXP,All CUs,2019,63036.0,
CXUTOTALEXPLB0401M,TOTALEXP,All CUs,2020,61332.0,
CXUTOTALEXPLB0401M,TOTALEXP,All CUs,2021,66928.0,
CXUTOTALEXPLB0401M,TOTALEXP,All CUs,2022,72973.0,
CXUTOTALEXPLB0401M,TOTALEXP,All CUs,2023,77280.0,
CXUTOTALEXPLB0401M,TOTALEXP,All CUs,2024,78535.0,
CXUTOTALEXPLB0402M,TOTALEXP,Under 25,1984,13461.0,
CXUTOTALEXPLB0402M,TOTALEXP,Under 25,1985,13763.0,
CXUTOTALEXPLB0402M,TOTALEXP,Under 25,1986,14142.0,
CXUTOTALEXPLB0402M,TOTALEXP,Under 25,1987,14368.0,
CXUTOTALEXPLB0402M,TOTALEXP,Under 25,1988,16373.0,
CXUTOTALEXPLB0402M,TOTALEXP,Under 25,1989,16577.0,
CXUTOTALEXPLB0402M,TOTALEXP,Under 25,1990,16525.0,
CXUTOTALEXPLB0402M,TOTALEXP,Under 25,1991,16745.0,
CXUTOTALEXPLB0402M,TOTALEXP,Under 25,1992,17258.0,
CXUTOTALEXPLB0402M,TOTALEXP,Under 25,1993,17468.0,
CXUTOTALEXPLB0402M,TOTALEXP,Under 25,1994,18417.0,
CXUTOTALEXPLB0402M,TOTALEXP,Under 25,1995,18425.0,
CXUTOTALEXPLB0402M,TOTALEXP,Under 25,1996,18384.0,
CXUTOTALEXPLB0402M,TOTALEXP,Under 25,1997,18450.0,
CXUTOTALEXPLB0402M,TOTALEXP,Under 25,1998,19436.0,
CXUTOTALEXPLB0402M,TOTALEXP,Under 25,1999,21704.0,
CXUTOTALEXPLB0402M,TOTALEXP,Under 25,2000,22543.0,
CXUTOTALEXPLB0402M,TOTALEXP,Under 25,2001,23526.0,
CXUTOTALEXPLB0402M,TOTALEXP,Under 25,2002,24229.0,
CXUTOTALEXPLB0402M,TOTALEXP,Under 25,2003,22396.0,
CXUTOTALEXPLB0402M,TOTALEXP,Under 25,2004,24535.0,
CXUTOTALEXPLB0402M,TOTALEXP,Under 25,2005,27776.0,
CXUTOTALEXPLB0402M,TOTALEXP,Under 25,2006,28181.0,
CXUTOTALEXPLB0402M,TOTALEXP,Under 25,2007,29457.0,
CXUTOTALEXPLB0402M,TOTALEXP,Under 25,2008,29325.0,
CXUTOTALEXPLB0402M,TOTALEXP,Under 25,2009,28119.0,
CXUTOTALEXPLB0402M,TOTALEXP,Under 25,2010,27483.0,
CXUTOTALEXPLB0402M,TOTALEXP,Under 25,2011,29912.0,
CXUTOTALEXPLB0402M,TOTALEXP,Under 25,2012,31411.0,
CXUTOTALEXPLB0402M,TOTALEXP,Under 25,2013,30373.0,
CXUTOTALEXPLB0402M,TOTALEXP,Under 25,2014,32179.0,
CXUTOTALEXPLB0402M,TOTALEXP,Under 25,2015,32797.0,
CXUTOTALEXPLB0402M,TOTALEXP,Under 25,2016,34438.0,
CXUTOTALEXPLB0402M,TOTALEXP,Under 25,2017,33629.0,
CXUTOTALEXPLB0402M,TOTALEXP,Under 25,2018,32039.0,
CXUTOTALEXPLB0402M,TOTALEXP,Under 25,2019,39293.0,
CXUTOTALEXPLB0402M,TOTALEXP,Under 25,2020,38075.0,
CXUTOTALEXPLB0402M,TOTALEXP,Under 25,2021,42063.0,
CXUTOTALEXPLB0402M,TOTALEXP,Under 25,2022,46360.0,
CXUTOTALEXPLB0402M,TOTALEXP,Under 25,2023,49560.0,
CXUTOTALEXPLB0402M,TOTALEXP,Under 25,2024,47283.0,
CXUTRANSLB0403M,TRANS,25-34,1984,4587.0,
CXUTRANSLB0403M,TRANS,25-34,1985,4797.0,
CXUTRANSLB0403M,TRANS,25-34,1986,5104.0,
CXUTRANSLB0403M,TRANS,25-34,1987,4543.0,
CXUTRANSLB0403M,TRANS,25-34,1988,5479.0,
CXUTRANSLB0403M,TRANS,25-34,1989,5063.0,
CXUTRANSLB0403M,TRANS,25-34,1990,5412.0,
CXUTRANSLB0403M,TRANS,25-34,1991,5176.0,
CXUTRANSLB0403M,TRANS,25-34,1992,5376.0,
CXUTRANSLB0403M,TRANS,25-34,1993,5099.0,
CXUTRANSLB0403M,TRANS,25-34,1994,6523.0,
CXUTRANSLB0403M,TRANS,25-34,1995,6198.0,
CXUTRANSLB0403M,TRANS,25-34,1996,6640.0,
CXUTRANSLB0403M,TRANS,25-34,1997,7051.0,
CXUTRANSLB0403M,TRANS,25-34,1998,6728.0,
CXUTRANSLB0403M,TRANS,25-34,1999,7150.0,
CXUTRANSLB0403M,TRANS,25-34,2000,8357.0,
CXUTRANSLB0403M,TRANS,25-34,2001,8173.0,
CXUTRANSLB0403M,TRANS,25-34,2002,8423.0,
CXUTRANSLB0403M,TRANS,25-34,2003,8106.0,
CXUTRANSLB0403M,TRANS,25-34,2004,8485.0,
CXUTRANSLB0403M,TRANS,25-34,2005,8798.0,
CXUTRANSLB0403M,TRANS,25-34,2006,9047.0,
CXUTRANSLB0403M,TRANS,25-34,2007,9065.0,
CXUTRANSLB0403M,TRANS,25-34,2008,8699.0,
CXUTRANSLB0403M,TRANS,25-34,2009,7671.0,
CXUTRANSLB0403M,TRANS,25-34,2010,8231.0,
CXUTRANSLB0403M,TRANS,25-34,2011,8860.0,
CXUTRANSLB0403M,TRANS,25-34,2012,9724.0,
CXUTRANSLB0403M,TRANS,25-34,2013,9183.0,
CXUTRANSLB0403M,TRANS,25-34,2014,8908.0,
CXUTRANSLB0403M,TRANS,25-34,2015,9777.0,
CXUTRANSLB0403M,TRANS,25-34,2016,9124.0,
CXUTRANSLB0403M,TRANS,25-34,2017,9115.0,
CXUTRANSLB0403M,TRANS,25-34,2018,10307.0,
CXUTRANSLB0403M,TRANS,25-34,2019,10296.0,
CXUTRANSLB0403M,TRANS,25-34,2020,10277.0,
CXUTRANSLB0403M,TRANS,25-34,2021,11709.0,
CXUTRANSLB0403M,TRANS,25-34,2022,12089.0,
CXUTRANSLB0403M,TRANS,25-34,2023,12879.0,
CXUTRANSLB0403M,TRANS,25-34,2024,12802.0,
CXUTRANSLB0404M,TRANS,35-44,1984,5119.0,
CXUTRANSLB0404M,TRANS,35-44,1985,5732.0,
CXUTRANSLB0404M,TRANS,35-44,1986,6194.0,
CXUTRANSLB0404M,TRANS,35-44,1987,5942.0,
CXUTRANSLB0404M,TRANS,35-44,1988,6369.0,
CXUTRANSLB0404M,TRANS,35-44,1989,6595.0,
CXUTRANSLB0404M,TRANS,35-44,1990,6079.0,
CXUTRANSLB0404M,TRANS,35-44,1991,6303.0,
CXUTRANSLB0404M,TRANS,35-44,1992,6228.0,
CXUTRANSLB0404M,TRANS,35-44,1993,6651.0,
CXUTRANSLB0404M,TRANS,35-44,1994,6796.0,
CXUTRANSLB0404M,TRANS,35-44,1995,7472.0,
CXUTRANSLB0404M,TRANS,35-44,1996,7335.0,
CXUTRANSLB0404M,TRANS,35-44,1997,7254.0,
CXUTRANSLB0404M,TRANS,35-44,1998,7873.0,
CXUTRANSLB0404M,TRANS,35-44,1999,8041.0,
CXUTRANSLB0404M,TRANS,35-44,2000,8702.0,
CXUTRANSLB0404M,TRANS,35-44,2001,9202.0,
CXUTRANSLB0404M,TRANS,35-44,2002,9400.0,
CXUTRANSLB0404M,TRANS,35-44,2003,8892.0,
CXUTRANSLB0404M,TRANS,35-44,2004,9183.0,
CXUTRANSLB0404M,TRANS,35-44,2005,9945.0,
CXUTRANSLB0404M,TRANS,35-44,2006,9977.0,
CXUTRANSLB0404M,TRANS,35-44,2007,10558.0,
CXUTRANSLB0404M,TRANS,35-44,2008,9797.0,
CXUTRANSLB0404M,TRANS,35-44,2009,8364.0,
CXUTRANSLB0404M,TRANS,35-44,2010,8763.0,
CXUTRANSLB0404M,TRANS,35-44,2011,9700.0,
CXUTRANSLB0404M,TRANS,35-44,2012,9991.0,
CXUTRANSLB0404M,TRANS,35-44,2013,10519.0,
CXUTRANSLB0404M,TRANS,35-44,2014,10617.0,
CXUTRANSLB0404M,TRANS,35-44,2015,10945.0,
CXUTRANSLB0404M,TRANS,35-44,2016,10352.0,
CXUTRANSLB0404M,TRANS,35-44,2017,11054.0,
CXUTRANSLB0404M,TRANS,35-44,2018,11840.0,
CXUTRANSLB0404M,TRANS,35-44,2019,13685.0,
CXUTRANSLB0404M,TRANS,35-44,2020,12617.0,
CXUTRANSLB0404M,TRANS,35-44,2021,14302.0,
CXUTRANSLB0404M,TRANS,35-44,2022,15220.0,
CXUTRANSLB0404M,TRANS,35-44,2023,15326.0,
CXUTRANSLB0404M,TRANS,35-44,2024,15581.0,
CXUTRANSLB0405M,TRANS,45-54,1984,5938.0,
CXUTRANSLB0405M,TRANS,45-54,1985,5795.0,
CXUTRANSLB0405M,TRANS,45-54,1986,6861.0,
CXUTRANSLB0405M,TRANS,45-54,1987,6222.0,
CXUTRANSLB0405M,TRANS,45-54,1988,6641.0,
CXUTRANSLB0405M,TRANS,45-54,1989,6808.0,
CXUTRANSLB0405M,TRANS,45-54,1990,7046.0,
CXUTRANSLB0405M,TRANS,45-54,1991,6705.0,
CXUTRANSLB0405M,TRANS,45-54,1992,6755.0,
CXUTRANSLB0405M,TRANS,45-54,1993,7479.0,
CXUTRANSLB0405M,TRANS,45-54,1994,7893.0,
CXUTRANSLB0405M,TRANS,45-54,1995,8027.0,
CXUTRANSLB0405M,TRANS,45-54,1996,8233.0,
CXUTRANSLB0405M,TRANS,45-54,1997,8734.0,
CXUTRANSLB0405M,TRANS,45-54,1998,8509.0,
CXUTRANSLB0405M,TRANS,45-54,1999,9010.0,
CXUTRANSLB0405M,TRANS,45-54,2000,8827.0,
CXUTRANSLB0405M,TRANS,45-54,2001,9355.0,
CXUTRANSLB0405M,TRANS,45-54,2002,9173.0,
CXUTRANSLB0405M,TRANS,45-54,2003,9766.0,
CXUTRANSLB0405M,TRANS,45-54,2004,9343.0,
CXUTRANSLB0405M,TRANS,45-54,2005,9795.0,
CXUTRANSLB0405M,TRANS,45-54,2006,10111.0,
CXUTRANSLB0405M,TRANS,45-54,2007,9943.0,
CXUTRANSLB0405M,TRANS,45-54,2008,10691.0,
CXUTRANSLB0405M,TRANS,45-54,2009,9409.0,
CXUTRANSLB0405M,TRANS,45-54,2010,9255.0,
CXUTRANSLB0405M,TRANS,45-54,2011,9505.0,
CXUTRANSLB0405M,TRANS,45-54,2012,10644.0,
CXUTRANSLB0405M,TRANS,45-54,2013,10782.0,
CXUTRANSLB0405M,TRANS,45-54,2014,11230.0,
CXUTRANSLB0405M,TRANS,45-54,2015,11781.0,
CXUTRANSLB0405M,TRANS,45-54,2016,10992.0,
CXUTRANSLB0405M,TRANS,45-54,2017,11755.0,
CXUTRANSLB0405M,TRANS,45-54,2018,11521.0,
CXUTRANSLB0405M,TRANS,45-54,2019,13351.0,
CXUTRANSLB0405M,TRANS,45-54,2020,12316.0,
CXUTRANSLB0405M,TRANS,45-54,2021,13875.0,
CXUTRANSLB0405M,TRANS,45-54,2022,15619.0,
CXUTRANSLB0405M,TRANS,45-54,2023,17311.0,
CXUTRANSLB0405M,TRANS,45-54,2024,17184.0,
CXUTRANSLB0406M,TRANS,55-64,1984,4492.0,
CXUTRANSLB0406M,TRANS,55-64,1985,4876.0,
CXUTRANSLB0406M,TRANS,55-64,1986,4996.0,
CXUTRANSLB0406M,TRANS,55-64,1987,4999.0,
CXUTRANSLB0406M,TRANS,55-64,1988,4603.0,
CXUTRANSLB0406M,TRANS,55-64,1989,5351.0,
CXUTRANSLB0406M,TRANS,55-64,1990,5297.0,
CXUTRANSLB0406M,TRANS,55-64,1991,5525.0,
CXUTRANSLB0406M,TRANS,55-64,1992,5684.0,
CXUTRANSLB0406M,TRANS,55-64,1993,6340.0,
CXUTRANSLB0406M,TRANS,55-64,1994,6504.0,
CXUTRANSLB0406M,TRANS,55-64,1995,5732.0,
CXUTRANSLB0406M,TRANS,55-64,1996,6913.0,
CXUTRANSLB0406M,TRANS,55-64,1997,6708.0,
CXUTRANSLB0406M,TRANS,55-64,1998,7101.0,
CXUTRANSLB0406M,TRANS,55-64,1999,7330.0,
CXUTRANSLB0406M,TRANS,55-64,2000,7842.0,
CXUTRANSLB0406M,TRANS,55-64,2001,8093.0,
CXUTRANSLB0406M,TRANS,55-64,2002,8449.0,
CXUTRANSLB0406M,TRANS,55-64,2003,8680.0,
CXUTRANSLB0406M,TRANS,55-64,2004,8421.0,
CXUTRANSLB0406M,TRANS,55-64,2005,8908.0,
CXUTRANSLB0406M,TRANS,55-64,2006,8676.0,
CXUTRANSLB0406M,TRANS,55-64,2007,9608.0,
CXUTRANSLB0406M,TRANS,55-64,2008,9377.0,
CXUTRANSLB0406M,TRANS,55-64,2009,8323.0,
CXUTRANSLB0406M,TRANS,55-64,2010,8111.0,
CXUTRANSLB0406M,TRANS,55-64,2011,8991.0,
CXUTRANSLB0406M,TRANS,55-64,2012,9519.0,
CXUTRANSLB0406M,TRANS,55-64,2013,9482.0,
CXUTRANSLB0406M,TRANS,55-64,2014,9321.0,
CXUTRANSLB0406M,TRANS,55-64,2015,10024.0,
CXUTRANSLB0406M,TRANS,55-64,2016,9727.0,
CXUTRANSLB0406M,TRANS,55-64,2017,10185.0,
CXUTRANSLB0406M,TRANS,55-64,2018,10444.0,
CXUTRANSLB0406M,TRANS,55-64,2019,11380.0,
CXUTRANSLB0406M,TRANS,55-64,2020,10287.0,
CXUTRANSLB0406M,TRANS,55-64,2021,10936.0,
CXUTRANSLB0406M,TRANS,55-64,2022,13596.0,
CXUTRANSLB0406M,TRANS,55-64,2023,14443.0,
CXUTRANSLB0406M,TRANS,55-64,2024,15085.0,
CXUTRANSLB0407M,TRANS,65+,1988,3040.0,
CXUTRANSLB0407M,TRANS,65+,1989,3092.0,
CXUTRANSLB0407M,TRANS,65+,1990,2883.0,
CXUTRANSLB0407M,TRANS,65+,1991,3000.0,
CXUTRANSLB0407M,TRANS,65+,1992,3290.0,
CXUTRANSLB0407M,TRANS,65+,1993,3081.0,
CXUTRANSLB0407M,TRANS,65+,1994,3572.0,
CXUTRANSLB0407M,TRANS,65+,1995,3374.0,
CXUTRANSLB0407M,TRANS,65+,1996,3990.0,
CXUTRANSLB0407M,TRANS,65+,1997,3812.0,
CXUTRANSLB0407M,TRANS,65+,1998,4025.0,
CXUTRANSLB0407M,TRANS,65+,1999,4385.0,
CXUTRANSLB0407M,TRANS,65+,2000,4397.0,
CXUTRANSLB0407M,TRANS,65+,2001,4470.0,
CXUTRANSLB0407M,TRANS,65+,2002,4481.0,
CXUTRANSLB0407M,TRANS,65+,2003,4824.0,
CXUTRANSLB0407M,TRANS,65+,2004,4875.0,
CXUTRANSLB0407M,TRANS,65+,2005,5171.0,
CXUTRANSLB0407M,TRANS,65+,2006,5658.0,
CXUTRANSLB0407M,TRANS,65+,2007,5785.0,
CXUTRANSLB0407M,TRANS,65+,2008,5620.0,
CXUTRANSLB0407M,TRANS,65+,2009,5409.0,
CXUTRANSLB0407M,TRANS,65+,2010,5242.0,
CXUTRANSLB0407M,TRANS,65+,2011,5751.0,
CXUTRANSLB0407M,TRANS,65+,2012,6538.0,
CXUTRANSLB0407M,TRANS,65+,2013,6760.0,
CXUTRANSLB0407M,TRANS,65+,2014,6942.0,
CXUTRANSLB0407M,TRANS,65+,2015,6846.0,
CXUTRANSLB0407M,TRANS,65+,2016,6814.0,
CXUTRANSLB0407M,TRANS,65+,2017,7513.0,
CXUTRANSLB0407M,TRANS,65+,2018,7270.0,
CXUTRANSLB0407M,TRANS,65+,2019,7492.0,
CXUTRANSLB0407M,TRANS,65+,2020,6221.0,
CXUTRANSLB0407M,TRANS,65+,2021,7160.0,
CXUTRANSLB0407M,TRANS,65+,2022,8172.0,
CXUTRANSLB0407M,TRANS,65+,2023,9033.0,
CXUTRANSLB0407M,TRANS,65+,2024,9538.0,
CXUTRANSLB0408M,TRANS,65-74,1984,2997.0,
CXUTRANSLB0408M,TRANS,65-74,1985,3266.0,
CXUTRANSLB0408M,TRANS,65-74,1986,3264.0,
CXUTRANSLB0408M,TRANS,65-74,1987,3274.0,
CXUTRANSLB0408M,TRANS,65-74,1988,3975.0,
CXUTRANSLB0408M,TRANS,65-74,1989,3695.0,
CXUTRANSLB0408M,TRANS,65-74,1990,3463.0,
CXUTRANSLB0408M,TRANS,65-74,1991,3906.0,
CXUTRANSLB0408M,TRANS,65-74,1992,3939.0,
CXUTRANSLB0408M,TRANS,65-74,1993,3742.0,
CXUTRANSLB0408M,TRANS,65-74,1994,4205.0,
CXUTRANSLB0408M,TRANS,65-74,1995,4481.0,
CXUTRANSLB0408M,TRANS,65-74,1996,5174.0,
CXUTRANSLB0408M,TRANS,65-74,1997,4645.0,
CXUTRANSLB0408M,TRANS,65-74,1998,4972.0,
CXUTRANSLB0408M,TRANS,65-74,1999,5457.0,
CXUTRANSLB0408M,TRANS,65-74,2000,5797.0,
CXUTRANSLB0408M,TRANS,65-74,2001,5679.0,
CXUTRANSLB0408M,TRANS,65-74,2002,5731.0,
CXUTRANSLB0408M,TRANS,65-74,2003,6015.0,
CXUTRANSLB0408M,TRANS,65-74,2004,6506.0,
CXUTRANSLB0408M,TRANS,65-74,2005,6568.0,
CXUTRANSLB0408M,TRANS,65-74,2006,7481.0,
CXUTRANSLB0408M,TRANS,65-74,2007,7669.0,
CXUTRANSLB0408M,TRANS,65-74,2008,6740.0,
CXUTRANSLB0408M,TRANS,65-74,2009,7033.0,
CXUTRANSLB0408M,TRANS,65-74,2010,6086.0,
CXUTRANSLB0408M,TRANS,65-74,2011,6962.0,
CXUTRANSLB0408M,TRANS,65-74,2012,8214.0,
CXUTRANSLB0408M,TRANS,65-74,2013,7972.0,
CXUTRANSLB0408M,TRANS,65-74,2014,8338.0,
CXUTRANSLB0408M,TRANS,65-74,2015,8028.0,
CXUTRANSLB0408M,TRANS,65-74,2016,8420.0,
CXUTRANSLB0408M,TRANS,65-74,2017,8939.0,
CXUTRANSLB0408M,TRANS,65-74,2018,8810.0,
CXUTRANSLB0408M,TRANS,65-74,2019,8640.0,
CXUTRANSLB0408M,TRANS,65-74,2020,7676.0,
CXUTRANSLB0408M,TRANS,65-74,2021,8356.0,
CXUTRANSLB0408M,TRANS,65-74,2022,9550.0,
CXUTRANSLB0408M,TRANS,65-74,2023,10899.0,
CXUTRANSLB0408M,TRANS,65-74,2024,11414.0,
CXUTRANSLB0409M,TRANS,75+,1984,1413.0,
CXUTRANSLB0409M,TRANS,75+,1985,1795.0,
CXUTRANSLB0409M,TRANS,75+,1986,1616.0,
CXUTRANSLB0409M,TRANS,75+,1987,1394.0,
CXUTRANSLB0409M,TRANS,75+,1988,1760.0,
CXUTRANSLB0409M,TRANS,75+,1989,2248.0,
CXUTRANSLB0409M,TRANS,75+,1990,2131.0,
CXUTRANSLB0409M,TRANS,75+,1991,1765.0,
CXUTRANSLB0409M,TRANS,75+,1992,2498.0,
CXUTRANSLB0409M,TRANS,75+,1993,2283.0,
CXUTRANSLB0409M,TRANS,75+,1994,2766.0,
CXUTRANSLB0409M,TRANS,75+,1995,2035.0,
CXUTRANSLB0409M,TRANS,75+,1996,2573.0,
CXUTRANSLB0409M,TRANS,75+,1997,2785.0,
CXUTRANSLB0409M,TRANS,75+,1998,2897.0,
CXUTRANSLB0409M,TRANS,75+,1999,3196.0,
CXUTRANSLB0409M,TRANS,75+,2000,2875.0,
CXUTRANSLB0409M,TRANS,75+,2001,3177.0,
CXUTRANSLB0409M,TRANS,75+,2002,3178.0,
CXUTRANSLB0409M,TRANS,75+,2003,3622.0,
CXUTRANSLB0409M,TRANS,75+,2004,3286.0,
CXUTRANSLB0409M,TRANS,75+,2005,3754.0,
CXUTRANSLB0409M,TRANS,75+,2006,3751.0,
CXUTRANSLB0409M,TRANS,75+,2007,3784.0,
CXUTRANSLB0409M,TRANS,75+,2008,4392.0,
CXUTRANSLB0409M,TRANS,75+,2009,3631.0,
CXUTRANSLB0409M,TRANS,75+,2010,4288.0,
CXUTRANSLB0409M,TRANS,75+,2011,4309.0,
CXUTRANSLB0409M,TRANS,75+,2012,4468.0,
CXUTRANSLB0409M,TRANS,75+,2013,5149.0,
CXUTRANSLB0409M,TRANS,75+,2014,5091.0,
CXUTRANSLB0409M,TRANS,75+,2015,5228.0,
CXUTRANSLB0409M,TRANS,75+,2016,4583.0,
CXUTRANSLB0409M,TRANS,75+,2017,5519.0,
CXUTRANSLB0409M,TRANS,75+,2018,5098.0,
CXUTRANSLB0409M,TRANS,75+,2019,5960.0,
CXUTRANSLB0409M,TRANS,75+,2020,4205.0,
CXUTRANSLB0409M,TRANS,75+,2021,5392.0,
CXUTRANSLB0409M,TRANS,75+,2022,6209.0,
CXUTRANSLB0409M,TRANS,75+,2023,6448.0,
CXUTRANSLB0409M,TRANS,75+,2024,6855.0,
CXUTRANSLB0401M,TRANS,All CUs,1984,4304.0,
CXUTRANSLB0401M,TRANS,All CUs,1985,4587.0,
CXUTRANSLB0401M,TRANS,All CUs,1986,4842.0,
CXUTRANSLB0401M,TRANS,All CUs,1987,4600.0,
CXUTRANSLB0401M,TRANS,All CUs,1988,5093.0,
CXUTRANSLB0401M,TRANS,All CUs,1989,5187.0,
CXUTRANSLB0401M,TRANS,All CUs,1990,5120.0,
CXUTRANSLB0401M,TRANS,All CUs,1991,5151.0,
CXUTRANSLB0401M,TRANS,All CUs,1992,5228.0,
CXUTRANSLB0401M,TRANS,All CUs,1993,5453.0,
CXUTRANSLB0401M,TRANS,All CUs,1994,6044.0,
CXUTRANSLB0401M,TRANS,All CUs,1995,6014.0,
CXUTRANSLB0401M,TRANS,All CUs,1996,6382.0,
CXUTRANSLB0401M,TRANS,All CUs,1997,6457.0,
CXUTRANSLB0401M,TRANS,All CUs,1998,6616.0,
CXUTRANSLB0401M,TRANS,All CUs,1999,7011.0,
CXUTRANSLB0401M,TRANS,All CUs,2000,7417.0,
CXUTRANSLB0401M,TRANS,All CUs,2001,7633.0,
CXUTRANSLB0401M,TRANS,All CUs,2002,7759.0,
CXUTRANSLB0401M,TRANS,All CUs,2003,7781.0,
CXUTRANSLB0401M,TRANS,All CUs,2004,7801.0,
CXUTRANSLB0401M,TRANS,All CUs,2005,8344.0,
CXUTRANSLB0401M,TRANS,All CUs,2006,8508.0,
CXUTRANSLB0401M,TRANS,All CUs,2007,8758.0,
CXUTRANSLB0401M,TRANS,All CUs,2008,8604.0,
CXUTRANSLB0401M,TRANS,All CUs,2009,7658.0,
CXUTRANSLB0401M,TRANS,All CUs,2010,7677.0,
CXUTRANSLB0401M,TRANS,All CUs,2011,8293.0,
CXUTRANSLB0401M,TRANS,All CUs,2012,8998.0,
CXUTRANSLB0401M,TRANS,All CUs,2013,9004.0,
CXUTRANSLB0401M,TRANS,All CUs,2014,9073.0,
CXUTRANSLB0401M,TRANS,All CUs,2015,9503.0,
CXUTRANSLB0401M,TRANS,All CUs,2016,9049.0,
CXUTRANSLB0401M,TRANS,All CUs,2017,9576.0,
CXUTRANSLB0401M,TRANS,All CUs,2018,9761.0,
CXUTRANSLB0401M,TRANS,All CUs,2019,10742.0,
CXUTRANSLB0401M,TRANS,All CUs,2020,9826.0,
CXUTRANSLB0401M,TRANS,All CUs,2021,10961.0,
CXUTRANSLB0401M,TRANS,All CUs,2022,12295.0,
CXUTRANSLB0401M,TRANS,All CUs,2023,13174.0,
CXUTRANSLB0401M,TRANS,All CUs,2024,13318.0,
CXUTRANSLB0402M,TRANS,Under 25,1984,3318.0,
CXUTRANSLB0402M,TRANS,Under 25,1985,3459.0,
CXUTRANSLB0402M,TRANS,Under 25,1986,3317.0,
CXUTRANSLB0402M,TRANS,Under 25,1987,3409.0,
CXUTRANSLB0402M,TRANS,Under 25,1988,3911.0,
CXUTRANSLB0402M,TRANS,Under 25,1989,3977.0,
CXUTRANSLB0402M,TRANS,Under 25,1990,3494.0,
CXUTRANSLB0402M,TRANS,Under 25,1991,3867.0,
CXUTRANSLB0402M,TRANS,Under 25,1992,3622.0,
CXUTRANSLB0402M,TRANS,Under 25,1993,3948.0,
CXUTRANSLB0402M,TRANS,Under 25,1994,4409.0,
CXUTRANSLB0402M,TRANS,Under 25,1995,4022.0,
CXUTRANSLB0402M,TRANS,Under 25,1996,4029.0,
CXUTRANSLB0402M,TRANS,Under 25,1997,3734.0,
CXUTRANSLB0402M,TRANS,Under 25,1998,4149.0,
CXUTRANSLB0402M,TRANS,Under 25,1999,5037.0,
CXUTRANSLB0402M,TRANS,Under 25,2000,5189.0,
CXUTRANSLB0402M,TRANS,Under 25,2001,4834.0,
CXUTRANSLB0402M,TRANS,Under 25,2002,5102.0,
CXUTRANSLB0402M,TRANS,Under 25,2003,4674.0,
CXUTRANSLB0402M,TRANS,Under 25,2004,4704.0,
CXUTRANSLB0402M,TRANS,Under 25,2005,5987.0,
CXUTRANSLB0402M,TRANS,Under 25,2006,5667.0,
CXUTRANSLB0402M,TRANS,Under 25,2007,5708.0,
CXUTRANSLB0402M,TRANS,Under 25,2008,5464.0,
CXUTRANSLB0402M,TRANS,Under 25,2009,5334.0,
CXUTRANSLB0402M,TRANS,Under 25,2010,4692.0,
CXUTRANSLB0402M,TRANS,Under 25,2011,5474.0,
CXUTRANSLB0402M,TRANS,Under 25,2012,6410.0,
CXUTRANSLB0402M,TRANS,Under 25,2013,5672.0,
CXUTRANSLB0402M,TRANS,Under 25,2014,6167.0,
CXUTRANSLB0402M,TRANS,Under 25,2015,6320.0,
CXUTRANSLB0402M,TRANS,Under 25,2016,6042.0,
CXUTRANSLB0402M,TRANS,Under 25,2017,6655.0,
CXUTRANSLB0402M,TRANS,Under 25,2018,5526.0,
CXUTRANSLB0402M,TRANS,Under 25,2019,8305.0,
CXUTRANSLB0402M,TRANS,Under 25,2020,7300.0,
CXUTRANSLB0402M,TRANS,Under 25,2021,7985.0,
CXUTRANSLB0402M,TRANS,Under 25,2022,9583.0,
CXUTRANSLB0402M,TRANS,Under 25,2023,10699.0,
CXUTRANSLB0402M,TRANS,Under 25,2024,9243.0,
CXUUTILSLB0403M,UTILS,25-34,1984,1478.0,
CXUUTILSLB0403M,UTILS,25-34,1985,1424.0,
CXUUTILSLB0403M,UTILS,25-34,1986,1511.0,
CXUUTILSLB0403M,UTILS,25-34,1987,1500.0,
CXUUTILSLB0403M,UTILS,25-34,1988,1545.0,
CXUUTILSLB0403M,UTILS,25-34,1989,1635.0,
CXUUTILSLB0403M,UTILS,25-34,1990,1684.0,
CXUUTILSLB0403M,UTILS,25-34,1991,1799.0,
CXUUTILSLB0403M,UTILS,25-34,1992,1797.0,
CXUUTILSLB0403M,UTILS,25-34,1993,1886.0,
CXUUTILSLB0403M,UTILS,25-34,1994,1948.0,
CXUUTILSLB0403M,UTILS,25-34,1995,1987.0,
CXUUTILSLB0403M,UTILS,25-34,1996,2179.0,
CXUUTILSLB0403M,UTILS,25-34,1997,2229.0,
CXUUTILSLB0403M,UTILS,25-34,1998,2221.0,
CXUUTILSLB0403M,UTILS,25-34,1999,2249.0,
CXUUTILSLB0403M,UTILS,25-34,2000,2341.0,
CXUUTILSLB0403M,UTILS,25-34,2001,2606.0,
CXUUTILSLB0403M,UTILS,25-34,2002,2503.0,
CXUUTILSLB0403M,UTILS,25-34,2003,2580.0,
CXUUTILSLB0403M,UTILS,25-34,2004,2687.0,
CXUUTILSLB0403M,UTILS,25-34,2005,2909.0,
CXUUTILSLB0403M,UTILS,25-34,2006,3093.0,
CXUUTILSLB0403M,UTILS,25-34,2007,3063.0,
CXUUTILSLB0403M,UTILS,25-34,2008,3152.0,
CXUUTILSLB0403M,UTILS,25-34,2009,3249.0,
CXUUTILSLB0403M,UTILS,25-34,2010,3228.0,
CXUUTILSLB0403M,UTILS,25-34,2011,3296.0,
CXUUTILSLB0403M,UTILS,25-34,2012,3130.0,
CXUUTILSLB0403M,UTILS,25-34,2013,3186.0,
CXUUTILSLB0403M,UTILS,25-34,2014,3319.0,
CXUUTILSLB0403M,UTILS,25-34,2015,3298.0,
CXUUTILSLB0403M,UTILS,25-34,2016,3305.0,
CXUUTILSLB0403M,UTILS,25-34,2017,3244.0,
CXUUTILSLB0403M,UTILS,25-34,2018,3370.0,
CXUUTILSLB0403M,UTILS,25-34,2019,3418.0,
CXUUTILSLB0403M,UTILS,25-34,2020,3559.0,
CXUUTILSLB0403M,UTILS,25-34,2021,3557.0,
CXUUTILSLB0403M,UTILS,25-34,2022,3796.0,
CXUUTILSLB0403M,UTILS,25-34,2023,3787.0,
CXUUTILSLB0403M,UTILS,25-34,2024,4076.0,
CXUUTILSLB0404M,UTILS,35-44,1984,1939.0,
CXUUTILSLB0404M,UTILS,35-44,1985,1930.0,
CXUUTILSLB0404M,UTILS,35-44,1986,1936.0,
CXUUTILSLB0404M,UTILS,35-44,1987,1975.0,
CXUUTILSLB0404M,UTILS,35-44,1988,2023.0,
CXUUTILSLB0404M,UTILS,35-44,1989,2127.0,
CXUUTILSLB0404M,UTILS,35-44,1990,2153.0,
CXUUTILSLB0404M,UTILS,35-44,1991,2208.0,
CXUUTILSLB0404M,UTILS,35-44,1992,2232.0,
CXUUTILSLB0404M,UTILS,35-44,1993,2351.0,
CXUUTILSLB0404M,UTILS,35-44,1994,2428.0,
CXUUTILSLB0404M,UTILS,35-44,1995,2386.0,
CXUUTILSLB0404M,UTILS,35-44,1996,2568.0,
CXUUTILSLB0404M,UTILS,35-44,1997,2694.0,
CXUUTILSLB0404M,UTILS,35-44,1998,2688.0,
CXUUTILSLB0404M,UTILS,35-44,1999,2586.0,
CXUUTILSLB0404M,UTILS,35-44,2000,2810.0,
CXUUTILSLB0404M,UTILS,35-44,2001,3111.0,
CXUUTILSLB0404M,UTILS,35-44,2002,3026.0,
CXUUTILSLB0404M,UTILS,35-44,2003,3142.0,
CXUUTILSLB0404M,UTILS,35-44,2004,3309.0,
CXUUTILSLB0404M,UTILS,35-44,2005,3569.0,
CXUUTILSLB0404M,UTILS,35-44,2006,3854.0,
CXUUTILSLB0404M,UTILS,35-44,2007,3928.0,
CXUUTILSLB0404M,UTILS,35-44,2008,4130.0,
CXUUTILSLB0404M,UTILS,35-44,2009,4093.0,
CXUUTILSLB0404M,UTILS,35-44,2010,4077.0,
CXUUTILSLB0404M,UTILS,35-44,2011,4065.0,
CXUUTILSLB0404M,UTILS,35-44,2012,4077.0,
CXUUTILSLB0404M,UTILS,35-44,2013,4299.0,
CXUUTILSLB0404M,UTILS,35-44,2014,4309.0,
CXUUTILSLB0404M,UTILS,35-44,2015,4283.0,
CXUUTILSLB0404M,UTILS,35-44,2016,4319.0,
CXUUTILSLB0404M,UTILS,35-44,2017,4226.0,
CXUUTILSLB0404M,UTILS,35-44,2018,4489.0,
CXUUTILSLB0404M,UTILS,35-44,2019,4475.0,
CXUUTILSLB0404M,UTILS,35-44,2020,4538.0,
CXUUTILSLB0404M,UTILS,35-44,2021,4547.0,
CXUUTILSLB0404M,UTILS,35-44,2022,4933.0,
CXUUTILSLB0404M,UTILS,35-44,2023,5035.0,
CXUUTILSLB0404M,UTILS,35-44,2024,5053.0,
CXUUTILSLB0405M,UTILS,45-54,1984,2096.0,
CXUUTILSLB0405M,UTILS,45-54,1985,2140.0,
CXUUTILSLB0405M,UTILS,45-54,1986,2048.0,
CXUUTILSLB0405M,UTILS,45-54,1987,2068.0,
CXUUTILSLB0405M,UTILS,45-54,1988,2173.0,
CXUUTILSLB0405M,UTILS,45-54,1989,2260.0,
CXUUTILSLB0405M,UTILS,45-54,1990,2357.0,
CXUUTILSLB0405M,UTILS,45-54,1991,2493.0,
CXUUTILSLB0405M,UTILS,45-54,1992,2375.0,
CXUUTILSLB0405M,UTILS,45-54,1993,2580.0,
CXUUTILSLB0405M,UTILS,45-54,1994,2603.0,
CXUUTILSLB0405M,UTILS,45-54,1995,2627.0,
CXUUTILSLB0405M,UTILS,45-54,1996,2783.0,
CXUUTILSLB0405M,UTILS,45-54,1997,2890.0,
CXUUTILSLB0405M,UTILS,45-54,1998,2893.0,
CXUUTILSLB0405M,UTILS,45-54,1999,2819.0,
CXUUTILSLB0405M,UTILS,45-54,2000,2857.0,
CXUUTILSLB0405M,UTILS,45-54,2001,3192.0,
CXUUTILSLB0405M,UTILS,45-54,2002,3106.0,
CXUUTILSLB0405M,UTILS,45-54,2003,3335.0,
CXUUTILSLB0405M,UTILS,45-54,2004,3413.0,
CXUUTILSLB0405M,UTILS,45-54,2005,3693.0,
CXUUTILSLB0405M,UTILS,45-54,2006,3912.0,
CXUUTILSLB0405M,UTILS,45-54,2007,4053.0,
CXUUTILSLB0405M,UTILS,45-54,2008,4247.0,
CXUUTILSLB0405M,UTILS,45-54,2009,4275.0,
CXUUTILSLB0405M,UTILS,45-54,2010,4213.0,
CXUUTILSLB0405M,UTILS,45-54,2011,4318.0,
CXUUTILSLB0405M,UTILS,45-54,2012,4304.0,
CXUUTILSLB0405M,UTILS,45-54,2013,4277.0,
CXUUTILSLB0405M,UTILS,45-54,2014,4644.0,
CXUUTILSLB0405M,UTILS,45-54,2015,4642.0,
CXUUTILSLB0405M,UTILS,45-54,2016,4620.0,
CXUUTILSLB0405M,UTILS,45-54,2017,4596.0,
CXUUTILSLB0405M,UTILS,45-54,2018,4836.0,
CXUUTILSLB0405M,UTILS,45-54,2019,4840.0,
CXUUTILSLB0405M,UTILS,45-54,2020,4966.0,
CXUUTILSLB0405M,UTILS,45-54,2021,5081.0,
CXUUTILSLB0405M,UTILS,45-54,2022,5424.0,
CXUUTILSLB0405M,UTILS,45-54,2023,5481.0,
CXUUTILSLB0405M,UTILS,45-54,2024,5779.0,
CXUUTILSLB0406M,UTILS,55-64,1984,1878.0,
CXUUTILSLB0406M,UTILS,55-64,1985,1891.0,
CXUUTILSLB0406M,UTILS,55-64,1986,1882.0,
CXUUTILSLB0406M,UTILS,55-64,1987,1901.0,
CXUUTILSLB0406M,UTILS,55-64,1988,1935.0,
CXUUTILSLB0406M,UTILS,55-64,1989,2023.0,
CXUUTILSLB0406M,UTILS,55-64,1990,2160.0,
CXUUTILSLB0406M,UTILS,55-64,1991,2247.0,
CXUUTILSLB0406M,UTILS,55-64,1992,2255.0,
CXUUTILSLB0406M,UTILS,55-64,1993,2425.0,
CXUUTILSLB0406M,UTILS,55-64,1994,2417.0,
CXUUTILSLB0406M,UTILS,55-64,1995,2443.0,
CXUUTILSLB0406M,UTILS,55-64,1996,2637.0,
CXUUTILSLB0406M,UTILS,55-64,1997,2654.0,
CXUUTILSLB0406M,UTILS,55-64,1998,2602.0,
CXUUTILSLB0406M,UTILS,55-64,1999,2608.0,
CXUUTILSLB0406M,UTILS,55-64,2000,2756.0,
CXUUTILSLB0406M,UTILS,55-64,2001,2998.0,
CXUUTILSLB0406M,UTILS,55-64,2002,2953.0,
CXUUTILSLB0406M,UTILS,55-64,2003,3089.0,
CXUUTILSLB0406M,UTILS,55-64,2004,3222.0,
CXUUTILSLB0406M,UTILS,55-64,2005,3427.0,
CXUUTILSLB0406M,UTILS,55-64,2006,3640.0,
CXUUTILSLB0406M,UTILS,55-64,2007,3754.0,
CXUUTILSLB0406M,UTILS,55-64,2008,3974.0,
CXUUTILSLB0406M,UTILS,55-64,2009,3896.0,
CXUUTILSLB0406M,UTILS,55-64,2010,3979.0,
CXUUTILSLB0406M,UTILS,55-64,2011,4053.0,
CXUUTILSLB0406M,UTILS,55-64,2012,3992.0,
CXUUTILSLB0406M,UTILS,55-64,2013,4135.0,
CXUUTILSLB0406M,UTILS,55-64,2014,4311.0,
CXUUTILSLB0406M,UTILS,55-64,2015,4182.0,
CXUUTILSLB0406M,UTILS,55-64,2016,4246.0,
CXUUTILSLB0406M,UTILS,55-64,2017,4234.0,
CXUUTILSLB0406M,UTILS,55-64,2018,4497.0,
CXUUTILSLB0406M,UTILS,55-64,2019,4400.0,
CXUUTILSLB0406M,UTILS,55-64,2020,4519.0,
CXUUTILSLB0406M,UTILS,55-64,2021,4663.0,
CXUUTILSLB0406M,UTILS,55-64,2022,5004.0,
CXUUTILSLB0406M,UTILS,55-64,2023,5147.0,
CXUUTILSLB0406M,UTILS,55-64,2024,5138.0,
CXUUTILSLB0407M,UTILS,65+,1988,1593.0,
CXUUTILSLB0407M,UTILS,65+,1989,1694.0,
CXUUTILSLB0407M,UTILS,65+,1990,1697.0,
CXUUTILSLB0407M,UTILS,65+,1991,1779.0,
CXUUTILSLB0407M,UTILS,65+,1992,1816.0,
CXUUTILSLB0407M,UTILS,65+,1993,1920.0,
CXUUTILSLB0407M,UTILS,65+,1994,2033.0,
CXUUTILSLB0407M,UTILS,65+,1995,1981.0,
CXUUTILSLB0407M,UTILS,65+,1996,2150.0,
CXUUTILSLB0407M,UTILS,65+,1997,2157.0,
CXUUTILSLB0407M,UTILS,65+,1998,2171.0,
CXUUTILSLB0407M,UTILS,65+,1999,2145.0,
CXUUTILSLB0407M,UTILS,65+,2000,2198.0,
CXUUTILSLB0407M,UTILS,65+,2001,2481.0,
CXUUTILSLB0407M,UTILS,65+,2002,2371.0,
CXUUTILSLB0407M,UTILS,65+,2003,2484.0,
CXUUTILSLB0407M,UTILS,65+,2004,2580.0,
CXUUTILSLB0407M,UTILS,65+,2005,2813.0,
CXUUTILSLB0407M,UTILS,65+,2006,3008.0,
CXUUTILSLB0407M,UTILS,65+,2007,3117.0,
CXUUTILSLB0407M,UTILS,65+,2008,3314.0,
CXUUTILSLB0407M,UTILS,65+,2009,3282.0,
CXUUTILSLB0407M,UTILS,65+,2010,3402.0,
CXUUTILSLB0407M,UTILS,65+,2011,3485.0,
CXUUTILSLB0407M,UTILS,65+,2012,3340.0,
CXUUTILSLB0407M,UTILS,65+,2013,3480.0,
CXUUTILSLB0407M,UTILS,65+,2014,3726.0,
CXUUTILSLB0407M,UTILS,65+,2015,3624.0,
CXUUTILSLB0407M,UTILS,65+,2016,3548.0,
CXUUTILSLB0407M,UTILS,65+,2017,3572.0,
CXUUTILSLB0407M,UTILS,65+,2018,3806.0,
CXUUTILSLB0407M,UTILS,65+,2019,3810.0,
CXUUTILSLB0407M,UTILS,65+,2020,3790.0,
CXUUTILSLB0407M,UTILS,65+,2021,3921.0,
CXUUTILSLB0407M,UTILS,65+,2022,4236.0,
CXUUTILSLB0407M,UTILS,65+,2023,4307.0,
CXUUTILSLB0407M,UTILS,65+,2024,4480.0,
CXUUTILSLB0408M,UTILS,65-74,1984,1588.0,
CXUUTILSLB0408M,UTILS,65-74,1985,1629.0,
CXUUTILSLB0408M,UTILS,65-74,1986,1592.0,
CXUUTILSLB0408M,UTILS,65-74,1987,1597.0,
CXUUTILSLB0408M,UTILS,65-74,1988,1739.0,
CXUUTILSLB0408M,UTILS,65-74,1989,1813.0,
CXUUTILSLB0408M,UTILS,65-74,1990,1838.0,
CXUUTILSLB0408M,UTILS,65-74,1991,1920.0,
CXUUTILSLB0408M,UTILS,65-74,1992,1925.0,
CXUUTILSLB0408M,UTILS,65-74,1993,2020.0,
CXUUTILSLB0408M,UTILS,65-74,1994,2165.0,
CXUUTILSLB0408M,UTILS,65-74,1995,2151.0,
CXUUTILSLB0408M,UTILS,65-74,1996,2359.0,
CXUUTILSLB0408M,UTILS,65-74,1997,2321.0,
CXUUTILSLB0408M,UTILS,65-74,1998,2370.0,
CXUUTILSLB0408M,UTILS,65-74,1999,2369.0,
CXUUTILSLB0408M,UTILS,65-74,2000,2438.0,
CXUUTILSLB0408M,UTILS,65-74,2001,2699.0,
CXUUTILSLB0408M,UTILS,65-74,2002,2590.0,
CXUUTILSLB0408M,UTILS,65-74,2003,2723.0,
CXUUTILSLB0408M,UTILS,65-74,2004,2881.0,
CXUUTILSLB0408M,UTILS,65-74,2005,3091.0,
CXUUTILSLB0408M,UTILS,65-74,2006,3297.0,
CXUUTILSLB0408M,UTILS,65-74,2007,3392.0,
CXUUTILSLB0408M,UTILS,65-74,2008,3538.0,
CXUUTILSLB0408M,UTILS,65-74,2009,3568.0,
CXUUTILSLB0408M,UTILS,65-74,2010,3644.0,
CXUUTILSLB0408M,UTILS,65-74,2011,3782.0,
CXUUTILSLB0408M,UTILS,65-74,2012,3595.0,
CXUUTILSLB0408M,UTILS,65-74,2013,3824.0,
CXUUTILSLB0408M,UTILS,65-74,2014,3966.0,
CXUUTILSLB0408M,UTILS,65-74,2015,3833.0,
CXUUTILSLB0408M,UTILS,65-74,2016,3785.0,
CXUUTILSLB0408M,UTILS,65-74,2017,3832.0,
CXUUTILSLB0408M,UTILS,65-74,2018,4062.0,
CXUUTILSLB0408M,UTILS,65-74,2019,4037.0,
CXUUTILSLB0408M,UTILS,65-74,2020,4021.0,
CXUUTILSLB0408M,UTILS,65-74,2021,4129.0,
CXUUTILSLB0408M,UTILS,65-74,2022,4371.0,
CXUUTILSLB0408M,UTILS,65-74,2023,4491.0,
CXUUTILSLB0408M,UTILS,65-74,2024,4653.0,
CXUUTILSLB0409M,UTILS,75+,1984,1292.0,
CXUUTILSLB0409M,UTILS,75+,1985,1345.0,
CXUUTILSLB0409M,UTILS,75+,1986,1349.0,
CXUUTILSLB0409M,UTILS,75+,1987,1323.0,
CXUUTILSLB0409M,UTILS,75+,1988,1393.0,
CXUUTILSLB0409M,UTILS,75+,1989,1528.0,
CXUUTILSLB0409M,UTILS,75+,1990,1515.0,
CXUUTILSLB0409M,UTILS,75+,1991,1586.0,
CXUUTILSLB0409M,UTILS,75+,1992,1684.0,
CXUUTILSLB0409M,UTILS,75+,1993,1801.0,
CXUUTILSLB0409M,UTILS,75+,1994,1866.0,
CXUUTILSLB0409M,UTILS,75+,1995,1775.0,
CXUUTILSLB0409M,UTILS,75+,1996,1899.0,
CXUUTILSLB0409M,UTILS,75+,1997,1954.0,
CXUUTILSLB0409M,UTILS,75+,1998,1933.0,
CXUUTILSLB0409M,UTILS,75+,1999,1897.0,
CXUUTILSLB0409M,UTILS,75+,2000,1937.0,
CXUUTILSLB0409M,UTILS,75+,2001,2246.0,
CXUUTILSLB0409M,UTILS,75+,2002,2142.0,
CXUUTILSLB0409M,UTILS,75+,2003,2244.0,
CXUUTILSLB0409M,UTILS,75+,2004,2287.0,
CXUUTILSLB0409M,UTILS,75+,2005,2531.0,
CXUUTILSLB0409M,UTILS,75+,2006,2705.0,
CXUUTILSLB0409M,UTILS,75+,2007,2828.0,
CXUUTILSLB0409M,UTILS,75+,2008,3067.0,
CXUUTILSLB0409M,UTILS,75+,2009,2967.0,
CXUUTILSLB0409M,UTILS,75+,2010,3130.0,
CXUUTILSLB0409M,UTILS,75+,2011,3131.0,
CXUUTILSLB0409M,UTILS,75+,2012,3025.0,
CXUUTILSLB0409M,UTILS,75+,2013,3022.0,
CXUUTILSLB0409M,UTILS,75+,2014,3408.0,
CXUUTILSLB0409M,UTILS,75+,2015,3339.0,
CXUUTILSLB0409M,UTILS,75+,2016,3218.0,
CXUUTILSLB0409M,UTILS,75+,2017,3207.0,
CXUUTILSLB0409M,UTILS,75+,2018,3445.0,
CXUUTILSLB0409M,UTILS,75+,2019,3508.0,
CXUUTILSLB0409M,UTILS,75+,2020,3469.0,
CXUUTILSLB0409M,UTILS,75+,2021,3612.0,
CXUUTILSLB0409M,UTILS,75+,2022,4043.0,
CXUUTILSLB0409M,UTILS,75+,2023,4053.0,
CXUUTILSLB0409M,UTILS,75+,2024,4234.0,
CXUUTILSLB0401M,UTILS,All CUs,1984,1638.0,
CXUUTILSLB0401M,UTILS,All CUs,1985,1648.0,
CXUUTILSLB0401M,UTILS,All CUs,1986,1645.0,
CXUUTILSLB0401M,UTILS,All CUs,1987,1671.0,
CXUUTILSLB0401M,UTILS,All CUs,1988,1747.0,
CXUUTILSLB0401M,UTILS,All CUs,1989,1835.0,
CXUUTILSLB0401M,UTILS,All CUs,1990,1890.0,
CXUUTILSLB0401M,UTILS,All CUs,1991,1990.0,
CXUUTILSLB0401M,UTILS,All CUs,1992,1984.0,
CXUUTILSLB0401M,UTILS,All CUs,1993,2112.0,
CXUUTILSLB0401M,UTILS,All CUs,1994,2189.0,
CXUUTILSLB0401M,UTILS,All CUs,1995,2191.0,
CXUUTILSLB0401M,UTILS,All CUs,1996,2347.0,
CXUUTILSLB0401M,UTILS,All CUs,1997,2412.0,
CXUUTILSLB0401M,UTILS,All CUs,1998,2405.0,
CXUUTILSLB0401M,UTILS,All CUs,1999,2377.0,
CXUUTILSLB0401M,UTILS,All CUs,2000,2489.0,
CXUUTILSLB0401M,UTILS,All CUs,2001,2767.0,
CXUUTILSLB0401M,UTILS,All CUs,2002,2684.0,
CXUUTILSLB0401M,UTILS,All CUs,2003,2811.0,
CXUUTILSLB0401M,UTILS,All CUs,2004,2927.0,
CXUUTILSLB0401M,UTILS,All CUs,2005,3183.0,
CXUUTILSLB0401M,UTILS,All CUs,2006,3397.0,
CXUUTILSLB0401M,UTILS,All CUs,2007,3477.0,
CXUUTILSLB0401M,UTILS,All CUs,2008,3649.0,
CXUUTILSLB0401M,UTILS,All CUs,2009,3645.0,
CXUUTILSLB0401M,UTILS,All CUs,2010,3660.0,
CXUUTILSLB0401M,UTILS,All CUs,2011,3727.0,
CXUUTILSLB0401M,UTILS,All CUs,2012,3648.0,
CXUUTILSLB0401M,UTILS,All CUs,2013,3737.0,
CXUUTILSLB0401M,UTILS,All CUs,2014,3921.0,
CXUUTILSLB0401M,UTILS,All CUs,2015,3885.0,
CXUUTILSLB0401M,UTILS,All CUs,2016,3884.0,
CXUUTILSLB0401M,UTILS,All CUs,2017,3836.0,
CXUUTILSLB0401M,UTILS,All CUs,2018,4049.0,
CXUUTILSLB0401M,UTILS,All CUs,2019,4055.0,
CXUUTILSLB0401M,UTILS,All CUs,2020,4166.0,
CXUUTILSLB0401M,UTILS,All CUs,2021,4223.0,
CXUUTILSLB0401M,UTILS,All CUs,2022,4549.0,
CXUUTILSLB0401M,UTILS,All CUs,2023,4625.0,
CXUUTILSLB0401M,UTILS,All CUs,2024,4736.0,
CXUUTILSLB0402M,UTILS,Under 25,1984,715.0,
CXUUTILSLB0402M,UTILS,Under 25,1985,711.0,
CXUUTILSLB0402M,UTILS,Under 25,1986,797.0,
CXUUTILSLB0402M,UTILS,Under 25,1987,813.0,
CXUUTILSLB0402M,UTILS,Under 25,1988,897.0,
CXUUTILSLB0402M,UTILS,Under 25,1989,866.0,
CXUUTILSLB0402M,UTILS,Under 25,1990,906.0,
CXUUTILSLB0402M,UTILS,Under 25,1991,983.0,
CXUUTILSLB0402M,UTILS,Under 25,1992,1024.0,
CXUUTILSLB0402M,UTILS,Under 25,1993,1082.0,
CXUUTILSLB0402M,UTILS,Under 25,1994,1210.0,
CXUUTILSLB0402M,UTILS,Under 25,1995,1160.0,
CXUUTILSLB0402M,UTILS,Under 25,1996,1096.0,
CXUUTILSLB0402M,UTILS,Under 25,1997,1092.0,
CXUUTILSLB0402M,UTILS,Under 25,1998,1145.0,
CXUUTILSLB0402M,UTILS,Under 25,1999,1166.0,
CXUUTILSLB0402M,UTILS,Under 25,2000,1248.0,
CXUUTILSLB0402M,UTILS,Under 25,2001,1369.0,
CXUUTILSLB0402M,UTILS,Under 25,2002,1348.0,
CXUUTILSLB0402M,UTILS,Under 25,2003,1329.0,
CXUUTILSLB0402M,UTILS,Under 25,2004,1413.0,
CXUUTILSLB0402M,UTILS,Under 25,2005,1755.0,
CXUUTILSLB0402M,UTILS,Under 25,2006,1781.0,
CXUUTILSLB0402M,UTILS,Under 25,2007,1813.0,
CXUUTILSLB0402M,UTILS,Under 25,2008,1875.0,
CXUUTILSLB0402M,UTILS,Under 25,2009,1821.0,
CXUUTILSLB0402M,UTILS,Under 25,2010,1818.0,
CXUUTILSLB0402M,UTILS,Under 25,2011,1918.0,
CXUUTILSLB0402M,UTILS,Under 25,2012,1879.0,
CXUUTILSLB0402M,UTILS,Under 25,2013,1842.0,
CXUUTILSLB0402M,UTILS,Under 25,2014,1949.0,
CXUUTILSLB0402M,UTILS,Under 25,2015,2058.0,
CXUUTILSLB0402M,UTILS,Under 25,2016,2054.0,
CXUUTILSLB0402M,UTILS,Under 25,2017,1853.0,
CXUUTILSLB0402M,UTILS,Under 25,2018,1896.0,
CXUUTILSLB0402M,UTILS,Under 25,2019,2233.0,
CXUUTILSLB0402M,UTILS,Under 25,2020,2320.0,
CXUUTILSLB0402M,UTILS,Under 25,2021,2337.0,
CXUUTILSLB0402M,UTILS,Under 25,2022,2574.0,
CXUUTILSLB0402M,UTILS,Under 25,2023,2617.0,
CXUUTILSLB0402M,UTILS,Under 25,2024,2181.0,
CXUVEHPURCHLB0403M,VEHPURCH,25-34,1984,2138.0,
CXUVEHPURCHLB0403M,VEHPURCH,25-34,1985,2214.0,
CXUVEHPURCHLB0403M,VEHPURCH,25-34,1986,2585.0,
CXUVEHPURCHLB0403M,VEHPURCH,25-34,1987,2019.0,
CXUVEHPURCHLB0403M,VEHPURCH,25-34,1988,2794.0,
CXUVEHPURCHLB0403M,VEHPURCH,25-34,1989,2233.0,
CXUVEHPURCHLB0403M,VEHPURCH,25-34,1990,2421.0,
CXUVEHPURCHLB0403M,VEHPURCH,25-34,1991,2196.0,
CXUVEHPURCHLB0403M,VEHPURCH,25-34,1992,2355.0,
CXUVEHPURCHLB0403M,VEHPURCH,25-34,1993,2146.0,
CXUVEHPURCHLB0403M,VEHPURCH,25-34,1994,3347.0,
CXUVEHPURCHLB0403M,VEHPURCH,25-34,1995,2857.0,
CXUVEHPURCHLB0403M,VEHPURCH,25-34,1996,3144.0,
CXUVEHPURCHLB0403M,VEHPURCH,25-34,1997,3238.0,
CXUVEHPURCHLB0403M,VEHPURCH,25-34,1998,3090.0,
CXUVEHPURCHLB0403M,VEHPURCH,25-34,1999,3500.0,
CXUVEHPURCHLB0403M,VEHPURCH,25-34,2000,4139.0,
CXUVEHPURCHLB0403M,VEHPURCH,25-34,2001,3920.0,
CXUVEHPURCHLB0403M,VEHPURCH,25-34,2002,4269.0,
CXUVEHPURCHLB0403M,VEHPURCH,25-34,2003,3932.0,
CXUVEHPURCHLB0403M,VEHPURCH,25-34,2004,4033.0,
CXUVEHPURCHLB0403M,VEHPURCH,25-34,2005,3949.0,
CXUVEHPURCHLB0403M,VEHPURCH,25-34,2006,3912.0,
CXUVEHPURCHLB0403M,VEHPURCH,25-34,2007,3930.0,
CXUVEHPURCHLB0403M,VEHPURCH,25-34,2008,3149.0,
CXUVEHPURCHLB0403M,VEHPURCH,25-34,2009,2820.0,
CXUVEHPURCHLB0403M,VEHPURCH,25-34,2010,3415.0,
CXUVEHPURCHLB0403M,VEHPURCH,25-34,2011,3203.0,
CXUVEHPURCHLB0403M,VEHPURCH,25-34,2012,4175.0,
CXUVEHPURCHLB0403M,VEHPURCH,25-34,2013,3641.0,
CXUVEHPURCHLB0403M,VEHPURCH,25-34,2014,3551.0,
CXUVEHPURCHLB0403M,VEHPURCH,25-34,2015,4578.0,
CXUVEHPURCHLB0403M,VEHPURCH,25-34,2016,4029.0,
CXUVEHPURCHLB0403M,VEHPURCH,25-34,2017,3947.0,
CXUVEHPURCHLB0403M,VEHPURCH,25-34,2018,4852.0,
CXUVEHPURCHLB0403M,VEHPURCH,25-34,2019,4130.0,
CXUVEHPURCHLB0403M,VEHPURCH,25-34,2020,4886.0,
CXUVEHPURCHLB0403M,VEHPURCH,25-34,2021,5536.0,
CXUVEHPURCHLB0403M,VEHPURCH,25-34,2022,4504.0,
CXUVEHPURCHLB0403M,VEHPURCH,25-34,2023,5760.0,
CXUVEHPURCHLB0403M,VEHPURCH,25-34,2024,5266.0,
CXUVEHPURCHLB0404M,VEHPURCH,35-44,1984,2007.0,
CXUVEHPURCHLB0404M,VEHPURCH,35-44,1985,2684.0,
CXUVEHPURCHLB0404M,VEHPURCH,35-44,1986,3020.0,
CXUVEHPURCHLB0404M,VEHPURCH,35-44,1987,2698.0,
CXUVEHPURCHLB0404M,VEHPURCH,35-44,1988,2931.0,
CXUVEHPURCHLB0404M,VEHPURCH,35-44,1989,3020.0,
CXUVEHPURCHLB0404M,VEHPURCH,35-44,1990,2523.0,
CXUVEHPURCHLB0404M,VEHPURCH,35-44,1991,2682.0,
CXUVEHPURCHLB0404M,VEHPURCH,35-44,1992,2584.0,
CXUVEHPURCHLB0404M,VEHPURCH,35-44,1993,2847.0,
CXUVEHPURCHLB0404M,VEHPURCH,35-44,1994,2984.0,
CXUVEHPURCHLB0404M,VEHPURCH,35-44,1995,3626.0,
CXUVEHPURCHLB0404M,VEHPURCH,35-44,1996,3279.0,
CXUVEHPURCHLB0404M,VEHPURCH,35-44,1997,3038.0,
CXUVEHPURCHLB0404M,VEHPURCH,35-44,1998,3703.0,
CXUVEHPURCHLB0404M,VEHPURCH,35-44,1999,3807.0,
CXUVEHPURCHLB0404M,VEHPURCH,35-44,2000,3996.0,
CXUVEHPURCHLB0404M,VEHPURCH,35-44,2001,4463.0,
CXUVEHPURCHLB0404M,VEHPURCH,35-44,2002,4592.0,
CXUVEHPURCHLB0404M,VEHPURCH,35-44,2003,4255.0,
CXUVEHPURCHLB0404M,VEHPURCH,35-44,2004,4190.0,
CXUVEHPURCHLB0404M,VEHPURCH,35-44,2005,4407.0,
CXUVEHPURCHLB0404M,VEHPURCH,35-44,2006,4057.0,
CXUVEHPURCHLB0404M,VEHPURCH,35-44,2007,4183.0,
CXUVEHPURCHLB0404M,VEHPURCH,35-44,2008,3122.0,
CXUVEHPURCHLB0404M,VEHPURCH,35-44,2009,2761.0,
CXUVEHPURCHLB0404M,VEHPURCH,35-44,2010,2905.0,
CXUVEHPURCHLB0404M,VEHPURCH,35-44,2011,3434.0,
CXUVEHPURCHLB0404M,VEHPURCH,35-44,2012,3610.0,
CXUVEHPURCHLB0404M,VEHPURCH,35-44,2013,4010.0,
CXUVEHPURCHLB0404M,VEHPURCH,35-44,2014,3981.0,
CXUVEHPURCHLB0404M,VEHPURCH,35-44,2015,4689.0,
CXUVEHPURCHLB0404M,VEHPURCH,35-44,2016,4129.0,
CXUVEHPURCHLB0404M,VEHPURCH,35-44,2017,4805.0,
CXUVEHPURCHLB0404M,VEHPURCH,35-44,2018,5128.0,
CXUVEHPURCHLB0404M,VEHPURCH,35-44,2019,6120.0,
CXUVEHPURCHLB0404M,VEHPURCH,35-44,2020,6401.0,
CXUVEHPURCHLB0404M,VEHPURCH,35-44,2021,7171.0,
CXUVEHPURCHLB0404M,VEHPURCH,35-44,2022,5902.0,
CXUVEHPURCHLB0404M,VEHPURCH,35-44,2023,6363.0,
CXUVEHPURCHLB0404M,VEHPURCH,35-44,2024,6560.0,
CXUVEHPURCHLB0405M,VEHPURCH,45-54,1984,2535.0,
CXUVEHPURCHLB0405M,VEHPURCH,45-54,1985,2302.0,
CXUVEHPURCHLB0405M,VEHPURCH,45-54,1986,3398.0,
CXUVEHPURCHLB0405M,VEHPURCH,45-54,1987,2760.0,
CXUVEHPURCHLB0405M,VEHPURCH,45-54,1988,3016.0,
CXUVEHPURCHLB0405M,VEHPURCH,45-54,1989,2854.0,
CXUVEHPURCHLB0405M,VEHPURCH,45-54,1990,2967.0,
CXUVEHPURCHLB0405M,VEHPURCH,45-54,1991,2553.0,
CXUVEHPURCHLB0405M,VEHPURCH,45-54,1992,2772.0,
CXUVEHPURCHLB0405M,VEHPURCH,45-54,1993,3104.0,
CXUVEHPURCHLB0405M,VEHPURCH,45-54,1994,3387.0,
CXUVEHPURCHLB0405M,VEHPURCH,45-54,1995,3529.0,
CXUVEHPURCHLB0405M,VEHPURCH,45-54,1996,3508.0,
CXUVEHPURCHLB0405M,VEHPURCH,45-54,1997,3704.0,
CXUVEHPURCHLB0405M,VEHPURCH,45-54,1998,3730.0,
CXUVEHPURCHLB0405M,VEHPURCH,45-54,1999,4117.0,
CXUVEHPURCHLB0405M,VEHPURCH,45-54,2000,3863.0,
CXUVEHPURCHLB0405M,VEHPURCH,45-54,2001,4319.0,
CXUVEHPURCHLB0405M,VEHPURCH,45-54,2002,4203.0,
CXUVEHPURCHLB0405M,VEHPURCH,45-54,2003,4632.0,
CXUVEHPURCHLB0405M,VEHPURCH,45-54,2004,3790.0,
CXUVEHPURCHLB0405M,VEHPURCH,45-54,2005,3945.0,
CXUVEHPURCHLB0405M,VEHPURCH,45-54,2006,3983.0,
CXUVEHPURCHLB0405M,VEHPURCH,45-54,2007,3223.0,
CXUVEHPURCHLB0405M,VEHPURCH,45-54,2008,3351.0,
CXUVEHPURCHLB0405M,VEHPURCH,45-54,2009,3233.0,
CXUVEHPURCHLB0405M,VEHPURCH,45-54,2010,3041.0,
CXUVEHPURCHLB0405M,VEHPURCH,45-54,2011,2624.0,
CXUVEHPURCHLB0405M,VEHPURCH,45-54,2012,3537.0,
CXUVEHPURCHLB0405M,VEHPURCH,45-54,2013,3958.0,
CXUVEHPURCHLB0405M,VEHPURCH,45-54,2014,4126.0,
CXUVEHPURCHLB0405M,VEHPURCH,45-54,2015,4857.0,
CXUVEHPURCHLB0405M,VEHPURCH,45-54,2016,4169.0,
CXUVEHPURCHLB0405M,VEHPURCH,45-54,2017,5113.0,
CXUVEHPURCHLB0405M,VEHPURCH,45-54,2018,4167.0,
CXUVEHPURCHLB0405M,VEHPURCH,45-54,2019,5438.0,
CXUVEHPURCHLB0405M,VEHPURCH,45-54,2020,5595.0,
CXUVEHPURCHLB0405M,VEHPURCH,45-54,2021,5896.0,
CXUVEHPURCHLB0405M,VEHPURCH,45-54,2022,5529.0,
CXUVEHPURCHLB0405M,VEHPURCH,45-54,2023,7630.0,
CXUVEHPURCHLB0405M,VEHPURCH,45-54,2024,6448.0,
CXUVEHPURCHLB0406M,VEHPURCH,55-64,1984,1814.0,
CXUVEHPURCHLB0406M,VEHPURCH,55-64,1985,2123.0,
CXUVEHPURCHLB0406M,VEHPURCH,55-64,1986,2276.0,
CXUVEHPURCHLB0406M,VEHPURCH,55-64,1987,2168.0,
CXUVEHPURCHLB0406M,VEHPURCH,55-64,1988,1749.0,
CXUVEHPURCHLB0406M,VEHPURCH,55-64,1989,2288.0,
CXUVEHPURCHLB0406M,VEHPURCH,55-64,1990,2014.0,
CXUVEHPURCHLB0406M,VEHPURCH,55-64,1991,2215.0,
CXUVEHPURCHLB0406M,VEHPURCH,55-64,1992,2329.0,
CXUVEHPURCHLB0406M,VEHPURCH,55-64,1993,2833.0,
CXUVEHPURCHLB0406M,VEHPURCH,55-64,1994,2909.0,
CXUVEHPURCHLB0406M,VEHPURCH,55-64,1995,2112.0,
CXUVEHPURCHLB0406M,VEHPURCH,55-64,1996,2917.0,
CXUVEHPURCHLB0406M,VEHPURCH,55-64,1997,2641.0,
CXUVEHPURCHLB0406M,VEHPURCH,55-64,1998,3075.0,
CXUVEHPURCHLB0406M,VEHPURCH,55-64,1999,3406.0,
CXUVEHPURCHLB0406M,VEHPURCH,55-64,2000,3623.0,
CXUVEHPURCHLB0406M,VEHPURCH,55-64,2001,3778.0,
CXUVEHPURCHLB0406M,VEHPURCH,55-64,2002,3882.0,
CXUVEHPURCHLB0406M,VEHPURCH,55-64,2003,4289.0,
CXUVEHPURCHLB0406M,VEHPURCH,55-64,2004,3616.0,
CXUVEHPURCHLB0406M,VEHPURCH,55-64,2005,3756.0,
CXUVEHPURCHLB0406M,VEHPURCH,55-64,2006,3165.0,
CXUVEHPURCHLB0406M,VEHPURCH,55-64,2007,3348.0,
CXUVEHPURCHLB0406M,VEHPURCH,55-64,2008,2999.0,
CXUVEHPURCHLB0406M,VEHPURCH,55-64,2009,2752.0,
CXUVEHPURCHLB0406M,VEHPURCH,55-64,2010,2584.0,
CXUVEHPURCHLB0406M,VEHPURCH,55-64,2011,2953.0,
CXUVEHPURCHLB0406M,VEHPURCH,55-64,2012,2895.0,
CXUVEHPURCHLB0406M,VEHPURCH,55-64,2013,3275.0,
CXUVEHPURCHLB0406M,VEHPURCH,55-64,2014,3128.0,
CXUVEHPURCHLB0406M,VEHPURCH,55-64,2015,4072.0,
CXUVEHPURCHLB0406M,VEHPURCH,55-64,2016,3858.0,
CXUVEHPURCHLB0406M,VEHPURCH,55-64,2017,4244.0,
CXUVEHPURCHLB0406M,VEHPURCH,55-64,2018,4344.0,
CXUVEHPURCHLB0406M,VEHPURCH,55-64,2019,4550.0,
CXUVEHPURCHLB0406M,VEHPURCH,55-64,2020,4689.0,
CXUVEHPURCHLB0406M,VEHPURCH,55-64,2021,4495.0,
CXUVEHPURCHLB0406M,VEHPURCH,55-64,2022,5096.0,
CXUVEHPURCHLB0406M,VEHPURCH,55-64,2023,6005.0,
CXUVEHPURCHLB0406M,VEHPURCH,55-64,2024,6344.0,
CXUVEHPURCHLB0407M,VEHPURCH,65+,1988,1350.0,
CXUVEHPURCHLB0407M,VEHPURCH,65+,1989,1274.0,
CXUVEHPURCHLB0407M,VEHPURCH,65+,1990,1058.0,
CXUVEHPURCHLB0407M,VEHPURCH,65+,1991,1109.0,
CXUVEHPURCHLB0407M,VEHPURCH,65+,1992,1289.0,
CXUVEHPURCHLB0407M,VEHPURCH,65+,1993,1137.0,
CXUVEHPURCHLB0407M,VEHPURCH,65+,1994,1338.0,
CXUVEHPURCHLB0407M,VEHPURCH,65+,1995,1164.0,
CXUVEHPURCHLB0407M,VEHPURCH,65+,1996,1591.0,
CXUVEHPURCHLB0407M,VEHPURCH,65+,1997,1482.0,
CXUVEHPURCHLB0407M,VEHPURCH,65+,1998,1593.0,
CXUVEHPURCHLB0407M,VEHPURCH,65+,1999,1911.0,
CXUVEHPURCHLB0407M,VEHPURCH,65+,2000,1904.0,
CXUVEHPURCHLB0407M,VEHPURCH,65+,2001,1859.0,
CXUVEHPURCHLB0407M,VEHPURCH,65+,2002,1818.0,
CXUVEHPURCHLB0407M,VEHPURCH,65+,2003,2247.0,
CXUVEHPURCHLB0407M,VEHPURCH,65+,2004,1966.0,
CXUVEHPURCHLB0407M,VEHPURCH,65+,2005,2007.0,
CXUVEHPURCHLB0407M,VEHPURCH,65+,2006,2301.0,
CXUVEHPURCHLB0407M,VEHPURCH,65+,2007,1977.0,
CXUVEHPURCHLB0407M,VEHPURCH,65+,2008,1502.0,
CXUVEHPURCHLB0407M,VEHPURCH,65+,2009,1862.0,
CXUVEHPURCHLB0407M,VEHPURCH,65+,2010,1495.0,
CXUVEHPURCHLB0407M,VEHPURCH,65+,2011,1588.0,
CXUVEHPURCHLB0407M,VEHPURCH,65+,2012,2250.0,
CXUVEHPURCHLB0407M,VEHPURCH,65+,2013,2133.0,
CXUVEHPURCHLB0407M,VEHPURCH,65+,2014,2282.0,
CXUVEHPURCHLB0407M,VEHPURCH,65+,2015,2567.0,
CXUVEHPURCHLB0407M,VEHPURCH,65+,2016,2623.0,
CXUVEHPURCHLB0407M,VEHPURCH,65+,2017,2856.0,
CXUVEHPURCHLB0407M,VEHPURCH,65+,2018,2667.0,
CXUVEHPURCHLB0407M,VEHPURCH,65+,2019,2792.0,
CXUVEHPURCHLB0407M,VEHPURCH,65+,2020,2462.0,
CXUVEHPURCHLB0407M,VEHPURCH,65+,2021,2777.0,
CXUVEHPURCHLB0407M,VEHPURCH,65+,2022,2649.0,
CXUVEHPURCHLB0407M,VEHPURCH,65+,2023,3386.0,
CXUVEHPURCHLB0407M,VEHPURCH,65+,2024,3510.0,
CXUVEHPURCHLB0408M,VEHPURCH,65-74,1984,1126.0,
CXUVEHPURCHLB0408M,VEHPURCH,65-74,1985,1255.0,
CXUVEHPURCHLB0408M,VEHPURCH,65-74,1986,1399.0,
CXUVEHPURCHLB0408M,VEHPURCH,65-74,1987,1269.0,
CXUVEHPURCHLB0408M,VEHPURCH,65-74,1988,1849.0,
CXUVEHPURCHLB0408M,VEHPURCH,65-74,1989,1444.0,
CXUVEHPURCHLB0408M,VEHPURCH,65-74,1990,1163.0,
CXUVEHPURCHLB0408M,VEHPURCH,65-74,1991,1535.0,
CXUVEHPURCHLB0408M,VEHPURCH,65-74,1992,1572.0,
CXUVEHPURCHLB0408M,VEHPURCH,65-74,1993,1434.0,
CXUVEHPURCHLB0408M,VEHPURCH,65-74,1994,1536.0,
CXUVEHPURCHLB0408M,VEHPURCH,65-74,1995,1710.0,
CXUVEHPURCHLB0408M,VEHPURCH,65-74,1996,2290.0,
CXUVEHPURCHLB0408M,VEHPURCH,65-74,1997,1826.0,
CXUVEHPURCHLB0408M,VEHPURCH,65-74,1998,2033.0,
CXUVEHPURCHLB0408M,VEHPURCH,65-74,1999,2422.0,
CXUVEHPURCHLB0408M,VEHPURCH,65-74,2000,2631.0,
CXUVEHPURCHLB0408M,VEHPURCH,65-74,2001,2477.0,
CXUVEHPURCHLB0408M,VEHPURCH,65-74,2002,2430.0,
CXUVEHPURCHLB0408M,VEHPURCH,65-74,2003,2770.0,
CXUVEHPURCHLB0408M,VEHPURCH,65-74,2004,2822.0,
CXUVEHPURCHLB0408M,VEHPURCH,65-74,2005,2608.0,
CXUVEHPURCHLB0408M,VEHPURCH,65-74,2006,3273.0,
CXUVEHPURCHLB0408M,VEHPURCH,65-74,2007,2701.0,
CXUVEHPURCHLB0408M,VEHPURCH,65-74,2008,1920.0,
CXUVEHPURCHLB0408M,VEHPURCH,65-74,2009,2597.0,
CXUVEHPURCHLB0408M,VEHPURCH,65-74,2010,1638.0,
CXUVEHPURCHLB0408M,VEHPURCH,65-74,2011,1858.0,
CXUVEHPURCHLB0408M,VEHPURCH,65-74,2012,2993.0,
CXUVEHPURCHLB0408M,VEHPURCH,65-74,2013,2396.0,
CXUVEHPURCHLB0408M,VEHPURCH,65-74,2014,2922.0,
CXUVEHPURCHLB0408M,VEHPURCH,65-74,2015,3011.0,
CXUVEHPURCHLB0408M,VEHPURCH,65-74,2016,3340.0,
CXUVEHPURCHLB0408M,VEHPURCH,65-74,2017,3755.0,
CXUVEHPURCHLB0408M,VEHPURCH,65-74,2018,3486.0,
CXUVEHPURCHLB0408M,VEHPURCH,65-74,2019,3139.0,
CXUVEHPURCHLB0408M,VEHPURCH,65-74,2020,3333.0,
CXUVEHPURCHLB0408M,VEHPURCH,65-74,2021,3319.0,
CXUVEHPURCHLB0408M,VEHPURCH,65-74,2022,3183.0,
CXUVEHPURCHLB0408M,VEHPURCH,65-74,2023,4441.0,
CXUVEHPURCHLB0408M,VEHPURCH,65-74,2024,4539.0,
CXUVEHPURCHLB0409M,VEHPURCH,75+,1984,364.0,
CXUVEHPURCHLB0409M,VEHPURCH,75+,1985,727.0,
CXUVEHPURCHLB0409M,VEHPURCH,75+,1986,648.0,
CXUVEHPURCHLB0409M,VEHPURCH,75+,1987,422.0,
CXUVEHPURCHLB0409M,VEHPURCH,75+,1988,667.0,
CXUVEHPURCHLB0409M,VEHPURCH,75+,1989,1035.0,
CXUVEHPURCHLB0409M,VEHPURCH,75+,1990,921.0,
CXUVEHPURCHLB0409M,VEHPURCH,75+,1991,528.0,
CXUVEHPURCHLB0409M,VEHPURCH,75+,1992,945.0,
CXUVEHPURCHLB0409M,VEHPURCH,75+,1993,780.0,
CXUVEHPURCHLB0409M,VEHPURCH,75+,1994,1087.0,
CXUVEHPURCHLB0409M,VEHPURCH,75+,1995,503.0,
CXUVEHPURCHLB0409M,VEHPURCH,75+,1996,754.0,
CXUVEHPURCHLB0409M,VEHPURCH,75+,1997,1059.0,
CXUVEHPURCHLB0409M,VEHPURCH,75+,1998,1069.0,
CXUVEHPURCHLB0409M,VEHPURCH,75+,1999,1344.0,
CXUVEHPURCHLB0409M,VEHPURCH,75+,2000,1114.0,
CXUVEHPURCHLB0409M,VEHPURCH,75+,2001,1196.0,
CXUVEHPURCHLB0409M,VEHPURCH,75+,2002,1180.0,
CXUVEHPURCHLB0409M,VEHPURCH,75+,2003,1721.0,
CXUVEHPURCHLB0409M,VEHPURCH,75+,2004,1132.0,
CXUVEHPURCHLB0409M,VEHPURCH,75+,2005,1398.0,
CXUVEHPURCHLB0409M,VEHPURCH,75+,2006,1284.0,
CXUVEHPURCHLB0409M,VEHPURCH,75+,2007,1213.0,
CXUVEHPURCHLB0409M,VEHPURCH,75+,2008,1044.0,
CXUVEHPURCHLB0409M,VEHPURCH,75+,2009,1055.0,
CXUVEHPURCHLB0409M,VEHPURCH,75+,2010,1335.0,
CXUVEHPURCHLB0409M,VEHPURCH,75+,2011,1267.0,
CXUVEHPURCHLB0409M,VEHPURCH,75+,2012,1333.0,
CXUVEHPURCHLB0409M,VEHPURCH,75+,2013,1783.0,
CXUVEHPURCHLB0409M,VEHPURCH,75+,2014,1434.0,
CXUVEHPURCHLB0409M,VEHPURCH,75+,2015,1958.0,
CXUVEHPURCHLB0409M,VEHPURCH,75+,2016,1621.0,
CXUVEHPURCHLB0409M,VEHPURCH,75+,2017,1594.0,
CXUVEHPURCHLB0409M,VEHPURCH,75+,2018,1513.0,
CXUVEHPURCHLB0409M,VEHPURCH,75+,2019,2329.0,
CXUVEHPURCHLB0409M,VEHPURCH,75+,2020,1254.0,
CXUVEHPURCHLB0409M,VEHPURCH,75+,2021,1976.0,
CXUVEHPURCHLB0409M,VEHPURCH,75+,2022,1890.0,
CXUVEHPURCHLB0409M,VEHPURCH,75+,2023,1927.0,
CXUVEHPURCHLB0409M,VEHPURCH,75+,2024,2039.0,
CXUVEHPURCHLB0401M,VEHPURCH,All CUs,1984,1813.0,
CXUVEHPURCHLB0401M,VEHPURCH,All CUs,1985,2043.0,
CXUVEHPURCHLB0401M,VEHPURCH,All CUs,1986,2338.0,
CXUVEHPURCHLB0401M,VEHPURCH,All CUs,1987,2022.0,
CXUVEHPURCHLB0401M,VEHPURCH,All CUs,1988,2361.0,
CXUVEHPURCHLB0401M,VEHPURCH,All CUs,1989,2291.0,
CXUVEHPURCHLB0401M,VEHPURCH,All CUs,1990,2129.0,
CXUVEHPURCHLB0401M,VEHPURCH,All CUs,1991,2111.0,
CXUVEHPURCHLB0401M,VEHPURCH,All CUs,1992,2189.0,
CXUVEHPURCHLB0401M,VEHPURCH,All CUs,1993,2319.0,
CXUVEHPURCHLB0401M,VEHPURCH,All CUs,1994,2725.0,
CXUVEHPURCHLB0401M,VEHPURCH,All CUs,1995,2638.0,
CXUVEHPURCHLB0401M,VEHPURCH,All CUs,1996,2815.0,
CXUVEHPURCHLB0401M,VEHPURCH,All CUs,1997,2736.0,
CXUVEHPURCHLB0401M,VEHPURCH,All CUs,1998,2964.0,
CXUVEHPURCHLB0401M,VEHPURCH,All CUs,1999,3305.0,
CXUVEHPURCHLB0401M,VEHPURCH,All CUs,2000,3418.0,
CXUVEHPURCHLB0401M,VEHPURCH,All CUs,2001,3579.0,
CXUVEHPURCHLB0401M,VEHPURCH,All CUs,2002,3665.0,
CXUVEHPURCHLB0401M,VEHPURCH,All CUs,2003,3732.0,
CXUVEHPURCHLB0401M,VEHPURCH,All CUs,2004,3397.0,
CXUVEHPURCHLB0401M,VEHPURCH,All CUs,2005,3544.0,
CXUVEHPURCHLB0401M,VEHPURCH,All CUs,2006,3421.0,
CXUVEHPURCHLB0401M,VEHPURCH,All CUs,2007,3244.0,
CXUVEHPURCHLB0401M,VEHPURCH,All CUs,2008,2755.0,
CXUVEHPURCHLB0401M,VEHPURCH,All CUs,2009,2657.0,
CXUVEHPURCHLB0401M,VEHPURCH,All CUs,2010,2588.0,
CXUVEHPURCHLB0401M,VEHPURCH,All CUs,2011,2669.0,
CXUVEHPURCHLB0401M,VEHPURCH,All CUs,2012,3210.0,
CXUVEHPURCHLB0401M,VEHPURCH,All CUs,2013,3271.0,
CXUVEHPURCHLB0401M,VEHPURCH,All CUs,2014,3301.0,
CXUVEHPURCHLB0401M,VEHPURCH,All CUs,2015,3997.0,
CXUVEHPURCHLB0401M,VEHPURCH,All CUs,2016,3634.0,
CXUVEHPURCHLB0401M,VEHPURCH,All CUs,2017,4054.0,
CXUVEHPURCHLB0401M,VEHPURCH,All CUs,2018,3975.0,
CXUVEHPURCHLB0401M,VEHPURCH,All CUs,2019,4394.0,
CXUVEHPURCHLB0401M,VEHPURCH,All CUs,2020,4523.0,
CXUVEHPURCHLB0401M,VEHPURCH,All CUs,2021,4828.0,
CXUVEHPURCHLB0401M,VEHPURCH,All CUs,2022,4496.0,
CXUVEHPURCHLB0401M,VEHPURCH,All CUs,2023,5539.0,
CXUVEHPURCHLB0401M,VEHPURCH,All CUs,2024,5337.0,
CXUVEHPURCHLB0402M,VEHPURCH,Under 25,1984,1636.0,
CXUVEHPURCHLB0402M,VEHPURCH,Under 25,1985,1898.0,
CXUVEHPURCHLB0402M,VEHPURCH,Under 25,1986,1674.0,
CXUVEHPURCHLB0402M,VEHPURCH,Under 25,1987,1688.0,
CXUVEHPURCHLB0402M,VEHPURCH,Under 25,1988,2039.0,
CXUVEHPURCHLB0402M,VEHPURCH,Under 25,1989,2138.0,
CXUVEHPURCHLB0402M,VEHPURCH,Under 25,1990,1591.0,
CXUVEHPURCHLB0402M,VEHPURCH,Under 25,1991,1916.0,
CXUVEHPURCHLB0402M,VEHPURCH,Under 25,1992,1743.0,
CXUVEHPURCHLB0402M,VEHPURCH,Under 25,1993,2139.0,
CXUVEHPURCHLB0402M,VEHPURCH,Under 25,1994,2330.0,
CXUVEHPURCHLB0402M,VEHPURCH,Under 25,1995,1901.0,
CXUVEHPURCHLB0402M,VEHPURCH,Under 25,1996,2087.0,
CXUVEHPURCHLB0402M,VEHPURCH,Under 25,1997,1737.0,
CXUVEHPURCHLB0402M,VEHPURCH,Under 25,1998,2084.0,
CXUVEHPURCHLB0402M,VEHPURCH,Under 25,1999,2859.0,
CXUVEHPURCHLB0402M,VEHPURCH,Under 25,2000,2628.0,
CXUVEHPURCHLB0402M,VEHPURCH,Under 25,2001,2463.0,
CXUVEHPURCHLB0402M,VEHPURCH,Under 25,2002,2635.0,
CXUVEHPURCHLB0402M,VEHPURCH,Under 25,2003,2241.0,
CXUVEHPURCHLB0402M,VEHPURCH,Under 25,2004,2035.0,
CXUVEHPURCHLB0402M,VEHPURCH,Under 25,2005,2721.0,
CXUVEHPURCHLB0402M,VEHPURCH,Under 25,2006,2396.0,
CXUVEHPURCHLB0402M,VEHPURCH,Under 25,2007,2273.0,
CXUVEHPURCHLB0402M,VEHPURCH,Under 25,2008,1988.0,
CXUVEHPURCHLB0402M,VEHPURCH,Under 25,2009,2319.0,
CXUVEHPURCHLB0402M,VEHPURCH,Under 25,2010,1591.0,
CXUVEHPURCHLB0402M,VEHPURCH,Under 25,2011,2068.0,
CXUVEHPURCHLB0402M,VEHPURCH,Under 25,2012,2867.0,
CXUVEHPURCHLB0402M,VEHPURCH,Under 25,2013,2262.0,
CXUVEHPURCHLB0402M,VEHPURCH,Under 25,2014,2642.0,
CXUVEHPURCHLB0402M,VEHPURCH,Under 25,2015,3085.0,
CXUVEHPURCHLB0402M,VEHPURCH,Under 25,2016,2852.0,
CXUVEHPURCHLB0402M,VEHPURCH,Under 25,2017,3366.0,
CXUVEHPURCHLB0402M,VEHPURCH,Under 25,2018,2085.0,
CXUVEHPURCHLB0402M,VEHPURCH,Under 25,2019,3742.0,6
CXUVEHPURCHLB0402M,VEHPURCH,Under 25,2020,3466.0,
CXUVEHPURCHLB0402M,VEHPURCH,Under 25,2021,3276.0,6
CXUVEHPURCHLB0402M,VEHPURCH,Under 25,2022,4170.0,
CXUVEHPURCHLB0402M,VEHPURCH,Under 25,2023,5075.0,
CXUVEHPURCHLB0402M,VEHPURCH,Under 25,2024,4312.0,
CXUWELFARELB0403M,WELFARE,25-34,1984,314.0,1
CXUWELFARELB0403M,WELFARE,25-34,1985,303.0,1
CXUWELFARELB0403M,WELFARE,25-34,1986,358.0,1
CXUWELFARELB0403M,WELFARE,25-34,1987,428.0,1
CXUWELFARELB0403M,WELFARE,25-34,1988,394.0,1
CXUWELFARELB0403M,WELFARE,25-34,1989,434.0,1
CXUWELFARELB0403M,WELFARE,25-34,1990,519.0,1
CXUWELFARELB0403M,WELFARE,25-34,1991,565.0,1
CXUWELFARELB0403M,WELFARE,25-34,1992,618.0,1
CXUWELFARELB0403M,WELFARE,25-34,1993,747.0,1
CXUWELFARELB0403M,WELFARE,25-34,1994,730.0,1
CXUWELFARELB0403M,WELFARE,25-34,1995,614.0,1
CXUWELFARELB0403M,WELFARE,25-34,1996,559.0,1
CXUWELFARELB0403M,WELFARE,25-34,1997,452.0,1
CXUWELFARELB0403M,WELFARE,25-34,1998,377.0,1
CXUWELFARELB0403M,WELFARE,25-34,1999,365.0,1
CXUWELFARELB0403M,WELFARE,25-34,2000,346.0,1
CXUWELFARELB0403M,WELFARE,25-34,2001,304.0,1
CXUWELFARELB0403M,WELFARE,25-34,2002,287.0,1
CXUWELFARELB0403M,WELFARE,25-34,2003,342.0,1
CXUWELFARELB0403M,WELFARE,25-34,2004,364.0,
CXUWELFARELB0403M,WELFARE,25-34,2005,355.0,
CXUWELFARELB0403M,WELFARE,25-34,2006,382.0,
CXUWELFARELB0403M,WELFARE,25-34,2007,320.0,
CXUWELFARELB0403M,WELFARE,25-34,2008,317.0,
CXUWELFARELB0403M,WELFARE,25-34,2009,434.0,
CXUWELFARELB0403M,WELFARE,25-34,2010,570.0,
CXUWELFARELB0403M,WELFARE,25-34,2011,561.0,
CXUWELFARELB0403M,WELFARE,25-34,2012,604.0,
CXUWELFARELB0403M,WELFARE,25-34,2013,641.0,
CXUWELFARELB0403M,WELFARE,25-34,2014,689.0,
CXUWELFARELB0403M,WELFARE,25-34,2015,684.0,
CXUWELFARELB0403M,WELFARE,25-34,2016,632.0,
CXUWELFARELB0403M,WELFARE,25-34,2017,502.0,
CXUWELFARELB0403M,WELFARE,25-34,2018,556.0,
CXUWELFARELB0403M,WELFARE,25-34,2019,537.0,
CXUWELFARELB0403M,WELFARE,25-34,2020,428.0,
CXUWELFARELB0403M,WELFARE,25-34,2021,610.0,
CXUWELFARELB0403M,WELFARE,25-34,2022,719.0,
CXUWELFARELB0403M,WELFARE,25-34,2023,713.0,
CXUWELFARELB0403M,WELFARE,25-34,2024,623.0,
CXUWELFARELB0404M,WELFARE,35-44,1984,208.0,1
CXUWELFARELB0404M,WELFARE,35-44,1985,244.0,1
CXUWELFARELB0404M,WELFARE,35-44,1986,297.0,1
CXUWELFARELB0404M,WELFARE,35-44,1987,296.0,1
CXUWELFARELB0404M,WELFARE,35-44,1988,408.0,1
CXUWELFARELB0404M,WELFARE,35-44,1989,260.0,1
CXUWELFARELB0404M,WELFARE,35-44,1990,285.0,1
CXUWELFARELB0404M,WELFARE,35-44,1991,346.0,1
CXUWELFARELB0404M,WELFARE,35-44,1992,509.0,1
CXUWELFARELB0404M,WELFARE,35-44,1993,474.0,1
CXUWELFARELB0404M,WELFARE,35-44,1994,511.0,1
CXUWELFARELB0404M,WELFARE,35-44,1995,507.0,1
CXUWELFARELB0404M,WELFARE,35-44,1996,480.0,1
CXUWELFARELB0404M,WELFARE,35-44,1997,426.0,1
CXUWELFARELB0404M,WELFARE,35-44,1998,405.0,1
CXUWELFARELB0404M,WELFARE,35-44,1999,300.0,1
CXUWELFARELB0404M,WELFARE,35-44,2000,366.0,1
CXUWELFARELB0404M,WELFARE,35-44,2001,419.0,1
CXUWELFARELB0404M,WELFARE,35-44,2002,380.0,1
CXUWELFARELB0404M,WELFARE,35-44,2003,371.0,1
CXUWELFARELB0404M,WELFARE,35-44,2004,341.0,
CXUWELFARELB0404M,WELFARE,35-44,2005,366.0,
CXUWELFARELB0404M,WELFARE,35-44,2006,402.0,
CXUWELFARELB0404M,WELFARE,35-44,2007,428.0,
CXUWELFARELB0404M,WELFARE,35-44,2008,443.0,
CXUWELFARELB0404M,WELFARE,35-44,2009,487.0,
CXUWELFARELB0404M,WELFARE,35-44,2010,546.0,
CXUWELFARELB0404M,WELFARE,35-44,2011,573.0,
CXUWELFARELB0404M,WELFARE,35-44,2012,567.0,
CXUWELFARELB0404M,WELFARE,35-44,2013,550.0,
CXUWELFARELB0404M,WELFARE,35-44,2014,648.0,
CXUWELFARELB0404M,WELFARE,35-44,2015,664.0,
CXUWELFARELB0404M,WELFARE,35-44,2016,611.0,
CXUWELFARELB0404M,WELFARE,35-44,2017,671.0,
CXUWELFARELB0404M,WELFARE,35-44,2018,505.0,
CXUWELFARELB0404M,WELFARE,35-44,2019,479.0,
CXUWELFARELB0404M,WELFARE,35-44,2020,574.0,
CXUWELFARELB0404M,WELFARE,35-44,2021,819.0,
CXUWELFARELB0404M,WELFARE,35-44,2022,827.0,
CXUWELFARELB0404M,WELFARE,35-44,2023,729.0,
CXUWELFARELB0404M,WELFARE,35-44,2024,667.0,
CXUWELFARELB0405M,WELFARE,45-54,1984,236.0,1
CXUWELFARELB0405M,WELFARE,45-54,1985,242.0,1
CXUWELFARELB0405M,WELFARE,45-54,1986,222.0,1
CXUWELFARELB0405M,WELFARE,45-54,1987,324.0,1
CXUWELFARELB0405M,WELFARE,45-54,1988,245.0,1
CXUWELFARELB0405M,WELFARE,45-54,1989,276.0,1
CXUWELFARELB0405M,WELFARE,45-54,1990,273.0,1
CXUWELFARELB0405M,WELFARE,45-54,1991,322.0,1
CXUWELFARELB0405M,WELFARE,45-54,1992,514.0,1
CXUWELFARELB0405M,WELFARE,45-54,1993,445.0,1
CXUWELFARELB0405M,WELFARE,45-54,1994,449.0,1
CXUWELFARELB0405M,WELFARE,45-54,1995,388.0,1
CXUWELFARELB0405M,WELFARE,45-54,1996,414.0,1
CXUWELFARELB0405M,WELFARE,45-54,1997,378.0,1
CXUWELFARELB0405M,WELFARE,45-54,1998,319.0,1
CXUWELFARELB0405M,WELFARE,45-54,1999,321.0,1
CXUWELFARELB0405M,WELFARE,45-54,2000,302.0,1
CXUWELFARELB0405M,WELFARE,45-54,2001,436.0,1
CXUWELFARELB0405M,WELFARE,45-54,2002,351.0,1
CXUWELFARELB0405M,WELFARE,45-54,2003,300.0,1
CXUWELFARELB0405M,WELFARE,45-54,2004,326.0,
CXUWELFARELB0405M,WELFARE,45-54,2005,364.0,
CXUWELFARELB0405M,WELFARE,45-54,2006,316.0,
CXUWELFARELB0405M,WELFARE,45-54,2007,351.0,
CXUWELFARELB0405M,WELFARE,45-54,2008,407.0,
CXUWELFARELB0405M,WELFARE,45-54,2009,459.0,
CXUWELFARELB0405M,WELFARE,45-54,2010,555.0,
CXUWELFARELB0405M,WELFARE,45-54,2011,565.0,
CXUWELFARELB0405M,WELFARE,45-54,2012,617.0,
CXUWELFARELB0405M,WELFARE,45-54,2013,652.0,
CXUWELFARELB0405M,WELFARE,45-54,2014,590.0,
CXUWELFARELB0405M,WELFARE,45-54,2015,600.0,
CXUWELFARELB0405M,WELFARE,45-54,2016,501.0,
CXUWELFARELB0405M,WELFARE,45-54,2017,478.0,
CXUWELFARELB0405M,WELFARE,45-54,2018,528.0,
CXUWELFARELB0405M,WELFARE,45-54,2019,500.0,
CXUWELFARELB0405M,WELFARE,45-54,2020,485.0,
CXUWELFARELB0405M,WELFARE,45-54,2021,635.0,
CXUWELFARELB0405M,WELFARE,45-54,2022,503.0,
CXUWELFARELB0405M,WELFARE,45-54,2023,531.0,
CXUWELFARELB0405M,WELFARE,45-54,2024,586.0,
CXUWELFARELB0406M,WELFARE,55-64,1984,287.0,1
CXUWELFARELB0406M,WELFARE,55-64,1985,191.0,1
CXUWELFARELB0406M,WELFARE,55-64,1986,209.0,1
CXUWELFARELB0406M,WELFARE,55-64,1987,203.0,1
CXUWELFARELB0406M,WELFARE,55-64,1988,229.0,1
CXUWELFARELB0406M,WELFARE,55-64,1989,273.0,1
CXUWELFARELB0406M,WELFARE,55-64,1990,389.0,1
CXUWELFARELB0406M,WELFARE,55-64,1991,439.0,1
CXUWELFARELB0406M,WELFARE,55-64,1992,499.0,1
CXUWELFARELB0406M,WELFARE,55-64,1993,296.0,1
CXUWELFARELB0406M,WELFARE,55-64,1994,372.0,1
CXUWELFARELB0406M,WELFARE,55-64,1995,458.0,1
CXUWELFARELB0406M,WELFARE,55-64,1996,475.0,1
CXUWELFARELB0406M,WELFARE,55-64,1997,428.0,1
CXUWELFARELB0406M,WELFARE,55-64,1998,355.0,1
CXUWELFARELB0406M,WELFARE,55-64,1999,480.0,1
CXUWELFARELB0406M,WELFARE,55-64,2000,361.0,1
CXUWELFARELB0406M,WELFARE,55-64,2001,466.0,1
CXUWELFARELB0406M,WELFARE,55-64,2002,473.0,1
CXUWELFARELB0406M,WELFARE,55-64,2003,386.0,1
CXUWELFARELB0406M,WELFARE,55-64,2004,342.0,
CXUWELFARELB0406M,WELFARE,55-64,2005,404.0,
CXUWELFARELB0406M,WELFARE,55-64,2006,337.0,
CXUWELFARELB0406M,WELFARE,55-64,2007,339.0,
CXUWELFARELB0406M,WELFARE,55-64,2008,439.0,
CXUWELFARELB0406M,WELFARE,55-64,2009,540.0,
CXUWELFARELB0406M,WELFARE,55-64,2010,549.0,
CXUWELFARELB0406M,WELFARE,55-64,2011,596.0,
CXUWELFARELB0406M,WELFARE,55-64,2012,639.0,
CXUWELFARELB0406M,WELFARE,55-64,2013,559.0,
CXUWELFARELB0406M,WELFARE,55-64,2014,524.0,
CXUWELFARELB0406M,WELFARE,55-64,2015,700.0,
CXUWELFARELB0406M,WELFARE,55-64,2016,616.0,
CXUWELFARELB0406M,WELFARE,55-64,2017,479.0,
CXUWELFARELB0406M,WELFARE,55-64,2018,528.0,
CXUWELFARELB0406M,WELFARE,55-64,2019,503.0,
CXUWELFARELB0406M,WELFARE,55-64,2020,598.0,
CXUWELFARELB0406M,WELFARE,55-64,2021,709.0,
CXUWELFARELB0406M,WELFARE,55-64,2022,768.0,
CXUWELFARELB0406M,WELFARE,55-64,2023,772.0,
CXUWELFARELB0406M,WELFARE,55-64,2024,933.0,
CXUWELFARELB0407M,WELFARE,65+,1988,173.0,1
CXUWELFARELB0407M,WELFARE,65+,1989,182.0,1
CXUWELFARELB0407M,WELFARE,65+,1990,162.0,1
CXUWELFARELB0407M,WELFARE,65+,1991,198.0,1
CXUWELFARELB0407M,WELFARE,65+,1992,168.0,1
CXUWELFARELB0407M,WELFARE,65+,1993,212.0,1
CXUWELFARELB0407M,WELFARE,65+,1994,209.0,1
CXUWELFARELB0407M,WELFARE,65+,1995,287.0,1
CXUWELFARELB0407M,WELFARE,65+,1996,279.0,1
CXUWELFARELB0407M,WELFARE,65+,1997,237.0,1
CXUWELFARELB0407M,WELFARE,65+,1998,186.0,1
CXUWELFARELB0407M,WELFARE,65+,1999,228.0,1
CXUWELFARELB0407M,WELFARE,65+,2000,206.0,1
CXUWELFARELB0407M,WELFARE,65+,2001,349.0,1
CXUWELFARELB0407M,WELFARE,65+,2002,331.0,1
CXUWELFARELB0407M,WELFARE,65+,2003,214.0,1
CXUWELFARELB0407M,WELFARE,65+,2004,206.0,
CXUWELFARELB0407M,WELFARE,65+,2005,227.0,
CXUWELFARELB0407M,WELFARE,65+,2006,273.0,
CXUWELFARELB0407M,WELFARE,65+,2007,239.0,
CXUWELFARELB0407M,WELFARE,65+,2008,252.0,
CXUWELFARELB0407M,WELFARE,65+,2009,280.0,
CXUWELFARELB0407M,WELFARE,65+,2010,282.0,
CXUWELFARELB0407M,WELFARE,65+,2011,310.0,
CXUWELFARELB0407M,WELFARE,65+,2012,311.0,
CXUWELFARELB0407M,WELFARE,65+,2013,328.0,
CXUWELFARELB0407M,WELFARE,65+,2014,262.0,
CXUWELFARELB0407M,WELFARE,65+,2015,309.0,
CXUWELFARELB0407M,WELFARE,65+,2016,310.0,
CXUWELFARELB0407M,WELFARE,65+,2017,262.0,
CXUWELFARELB0407M,WELFARE,65+,2018,247.0,
CXUWELFARELB0407M,WELFARE,65+,2019,255.0,
CXUWELFARELB0407M,WELFARE,65+,2020,322.0,
CXUWELFARELB0407M,WELFARE,65+,2021,337.0,
CXUWELFARELB0407M,WELFARE,65+,2022,412.0,
CXUWELFARELB0407M,WELFARE,65+,2023,428.0,
CXUWELFARELB0407M,WELFARE,65+,2024,428.0,
CXUWELFARELB0408M,WELFARE,65-74,1984,192.0,1
CXUWELFARELB0408M,WELFARE,65-74,1985,92.0,1
CXUWELFARELB0408M,WELFARE,65-74,1986,168.0,1
CXUWELFARELB0408M,WELFARE,65-74,1987,146.0,1
CXUWELFARELB0408M,WELFARE,65-74,1988,175.0,1
CXUWELFARELB0408M,WELFARE,65-74,1989,218.0,1
CXUWELFARELB0408M,WELFARE,65-74,1990,144.0,1
CXUWELFARELB0408M,WELFARE,65-74,1991,194.0,1
CXUWELFARELB0408M,WELFARE,65-74,1992,176.0,1
CXUWELFARELB0408M,WELFARE,65-74,1993,221.0,1
CXUWELFARELB0408M,WELFARE,65-74,1994,256.0,1
CXUWELFARELB0408M,WELFARE,65-74,1995,338.0,1
CXUWELFARELB0408M,WELFARE,65-74,1996,261.0,1
CXUWELFARELB0408M,WELFARE,65-74,1997,285.0,1
CXUWELFARELB0408M,WELFARE,65-74,1998,218.0,1
CXUWELFARELB0408M,WELFARE,65-74,1999,301.0,1
CXUWELFARELB0408M,WELFARE,65-74,2000,208.0,1
CXUWELFARELB0408M,WELFARE,65-74,2001,374.0,1
CXUWELFARELB0408M,WELFARE,65-74,2002,326.0,1
CXUWELFARELB0408M,WELFARE,65-74,2003,243.0,1
CXUWELFARELB0408M,WELFARE,65-74,2004,228.0,
CXUWELFARELB0408M,WELFARE,65-74,2005,268.0,
CXUWELFARELB0408M,WELFARE,65-74,2006,320.0,
CXUWELFARELB0408M,WELFARE,65-74,2007,282.0,
CXUWELFARELB0408M,WELFARE,65-74,2008,258.0,
CXUWELFARELB0408M,WELFARE,65-74,2009,345.0,
CXUWELFARELB0408M,WELFARE,65-74,2010,293.0,
CXUWELFARELB0408M,WELFARE,65-74,2011,328.0,
CXUWELFARELB0408M,WELFARE,65-74,2012,370.0,
CXUWELFARELB0408M,WELFARE,65-74,2013,331.0,
CXUWELFARELB0408M,WELFARE,65-74,2014,283.0,
CXUWELFARELB0408M,WELFARE,65-74,2015,342.0,
CXUWELFARELB0408M,WELFARE,65-74,2016,313.0,
CXUWELFARELB0408M,WELFARE,65-74,2017,316.0,
CXUWELFARELB0408M,WELFARE,65-74,2018,271.0,
CXUWELFARELB0408M,WELFARE,65-74,2019,281.0,
CXUWELFARELB0408M,WELFARE,65-74,2020,392.0,
CXUWELFARELB0408M,WELFARE,65-74,2021,373.0,
CXUWELFARELB0408M,WELFARE,65-74,2022,476.0,
CXUWELFARELB0408M,WELFARE,65-74,2023,456.0,
CXUWELFARELB0408M,WELFARE,65-74,2024,534.0,
CXUWELFARELB0409M,WELFARE,75+,1984,228.0,1
CXUWELFARELB0409M,WELFARE,75+,1985,190.0,1
CXUWELFARELB0409M,WELFARE,75+,1986,169.0,1
CXUWELFARELB0409M,WELFARE,75+,1987,126.0,1
CXUWELFARELB0409M,WELFARE,75+,1988,170.0,1
CXUWELFARELB0409M,WELFARE,75+,1989,131.0,1
CXUWELFARELB0409M,WELFARE,75+,1990,186.0,1
CXUWELFARELB0409M,WELFARE,75+,1991,204.0,1
CXUWELFARELB0409M,WELFARE,75+,1992,158.0,1
CXUWELFARELB0409M,WELFARE,75+,1993,201.0,1
CXUWELFARELB0409M,WELFARE,75+,1994,150.0,1
CXUWELFARELB0409M,WELFARE,75+,1995,224.0,1
CXUWELFARELB0409M,WELFARE,75+,1996,300.0,1
CXUWELFARELB0409M,WELFARE,75+,1997,176.0,1
CXUWELFARELB0409M,WELFARE,75+,1998,146.0,1
CXUWELFARELB0409M,WELFARE,75+,1999,146.0,1
CXUWELFARELB0409M,WELFARE,75+,2000,203.0,1
CXUWELFARELB0409M,WELFARE,75+,2001,322.0,1
CXUWELFARELB0409M,WELFARE,75+,2002,336.0,1
CXUWELFARELB0409M,WELFARE,75+,2003,184.0,1
CXUWELFARELB0409M,WELFARE,75+,2004,185.0,
CXUWELFARELB0409M,WELFARE,75+,2005,186.0,
CXUWELFARELB0409M,WELFARE,75+,2006,224.0,
CXUWELFARELB0409M,WELFARE,75+,2007,195.0,
CXUWELFARELB0409M,WELFARE,75+,2008,246.0,
CXUWELFARELB0409M,WELFARE,75+,2009,209.0,
CXUWELFARELB0409M,WELFARE,75+,2010,269.0,
CXUWELFARELB0409M,WELFARE,75+,2011,289.0,
CXUWELFARELB0409M,WELFARE,75+,2012,238.0,
CXUWELFARELB0409M,WELFARE,75+,2013,323.0,
CXUWELFARELB0409M,WELFARE,75+,2014,233.0,
CXUWELFARELB0409M,WELFARE,75+,2015,263.0,
CXUWELFARELB0409M,WELFARE,75+,2016,306.0,
CXUWELFARELB0409M,WELFARE,75+,2017,185.0,
CXUWELFARELB0409M,WELFARE,75+,2018,213.0,
CXUWELFARELB0409M,WELFARE,75+,2019,222.0,
CXUWELFARELB0409M,WELFARE,75+,2020,225.0,
CXUWELFARELB0409M,WELFARE,75+,2021,284.0,
CXUWELFARELB0409M,WELFARE,75+,2022,320.0,
CXUWELFARELB0409M,WELFARE,75+,2023,389.0,
CXUWELFARELB0409M,WELFARE,75+,2024,278.0,
CXUWELFARELB0401M,WELFARE,All CUs,1984,252.0,1
CXUWELFARELB0401M,WELFARE,All CUs,1985,235.0,1
CXUWELFARELB0401M,WELFARE,All CUs,1986,273.0,1
CXUWELFARELB0401M,WELFARE,All CUs,1987,294.0,1
CXUWELFARELB0401M,WELFARE,All CUs,1988,308.0,1
CXUWELFARELB0401M,WELFARE,All CUs,1989,290.0,1
CXUWELFARELB0401M,WELFARE,All CUs,1990,344.0,1
CXUWELFARELB0401M,WELFARE,All CUs,1991,389.0,1
CXUWELFARELB0401M,WELFARE,All CUs,1992,471.0,1
CXUWELFARELB0401M,WELFARE,All CUs,1993,468.0,1
CXUWELFARELB0401M,WELFARE,All CUs,1994,483.0,1
CXUWELFARELB0401M,WELFARE,All CUs,1995,462.0,1
CXUWELFARELB0401M,WELFARE,All CUs,1996,437.0,1
CXUWELFARELB0401M,WELFARE,All CUs,1997,382.0,1
CXUWELFARELB0401M,WELFARE,All CUs,1998,330.0,1
CXUWELFARELB0401M,WELFARE,All CUs,1999,320.0,1
CXUWELFARELB0401M,WELFARE,All CUs,2000,310.0,1
CXUWELFARELB0401M,WELFARE,All CUs,2001,384.0,1
CXUWELFARELB0401M,WELFARE,All CUs,2002,352.0,1
CXUWELFARELB0401M,WELFARE,All CUs,2003,314.0,1
CXUWELFARELB0401M,WELFARE,All CUs,2004,308.0,
CXUWELFARELB0401M,WELFARE,All CUs,2005,343.0,
CXUWELFARELB0401M,WELFARE,All CUs,2006,340.0,
CXUWELFARELB0401M,WELFARE,All CUs,2007,332.0,
CXUWELFARELB0401M,WELFARE,All CUs,2008,371.0,
CXUWELFARELB0401M,WELFARE,All CUs,2009,435.0,
CXUWELFARELB0401M,WELFARE,All CUs,2010,505.0,
CXUWELFARELB0401M,WELFARE,All CUs,2011,520.0,
CXUWELFARELB0401M,WELFARE,All CUs,2012,534.0,
CXUWELFARELB0401M,WELFARE,All CUs,2013,534.0,
CXUWELFARELB0401M,WELFARE,All CUs,2014,530.0,
CXUWELFARELB0401M,WELFARE,All CUs,2015,568.0,
CXUWELFARELB0401M,WELFARE,All CUs,2016,519.0,
CXUWELFARELB0401M,WELFARE,All CUs,2017,460.0,
CXUWELFARELB0401M,WELFARE,All CUs,2018,450.0,
CXUWELFARELB0401M,WELFARE,All CUs,2019,426.0,
CXUWELFARELB0401M,WELFARE,All CUs,2020,458.0,
CXUWELFARELB0401M,WELFARE,All CUs,2021,590.0,
CXUWELFARELB0401M,WELFARE,All CUs,2022,621.0,
CXUWELFARELB0401M,WELFARE,All CUs,2023,602.0,
CXUWELFARELB0401M,WELFARE,All CUs,2024,620.0,
CXUWELFARELB0402M,WELFARE,Under 25,1984,257.0,1
CXUWELFARELB0402M,WELFARE,Under 25,1985,334.0,1
CXUWELFARELB0402M,WELFARE,Under 25,1986,396.0,1
CXUWELFARELB0402M,WELFARE,Under 25,1987,418.0,1
CXUWELFARELB0402M,WELFARE,Under 25,1988,378.0,1
CXUWELFARELB0402M,WELFARE,Under 25,1989,312.0,1
CXUWELFARELB0402M,WELFARE,Under 25,1990,557.0,1
CXUWELFARELB0402M,WELFARE,Under 25,1991,610.0,1
CXUWELFARELB0402M,WELFARE,Under 25,1992,698.0,1
CXUWELFARELB0402M,WELFARE,Under 25,1993,748.0,1
CXUWELFARELB0402M,WELFARE,Under 25,1994,766.0,1
CXUWELFARELB0402M,WELFARE,Under 25,1995,659.0,1
CXUWELFARELB0402M,WELFARE,Under 25,1996,457.0,1
CXUWELFARELB0402M,WELFARE,Under 25,1997,425.0,1
CXUWELFARELB0402M,WELFARE,Under 25,1998,385.0,1
CXUWELFARELB0402M,WELFARE,Under 25,1999,271.0,1
CXUWELFARELB0402M,WELFARE,Under 25,2000,283.0,1
CXUWELFARELB0402M,WELFARE,Under 25,2001,280.0,1
CXUWELFARELB0402M,WELFARE,Under 25,2002,268.0,1
CXUWELFARELB0402M,WELFARE,Under 25,2003,262.0,1
CXUWELFARELB0402M,WELFARE,Under 25,2004,242.0,
CXUWELFARELB0402M,WELFARE,Under 25,2005,373.0,
CXUWELFARELB0402M,WELFARE,Under 25,2006,324.0,
CXUWELFARELB0402M,WELFARE,Under 25,2007,279.0,
CXUWELFARELB0402M,WELFARE,Under 25,2008,374.0,
CXUWELFARELB0402M,WELFARE,Under 25,2009,416.0,
CXUWELFARELB0402M,WELFARE,Under 25,2010,648.0,
CXUWELFARELB0402M,WELFARE,Under 25,2011,609.0,
CXUWELFARELB0402M,WELFARE,Under 25,2012,465.0,
CXUWELFARELB0402M,WELFARE,Under 25,2013,501.0,
CXUWELFARELB0402M,WELFARE,Under 25,2014,618.0,
CXUWELFARELB0402M,WELFARE,Under 25,2015,473.0,
CXUWELFARELB0402M,WELFARE,Under 25,2016,543.0,
CXUWELFARELB0402M,WELFARE,Under 25,2017,468.0,
CXUWELFARELB0402M,WELFARE,Under 25,2018,393.0,
CXUWELFARELB0402M,WELFARE,Under 25,2019,272.0,
CXUWELFARELB0402M,WELFARE,Under 25,2020,214.0,
CXUWELFARELB0402M,WELFARE,Under 25,2021,521.0,
CXUWELFARELB0402M,WELFARE,Under 25,2022,635.0,
CXUWELFARELB0402M,WELFARE,Under 25,2023,382.0,6
CXUWELFARELB0402M,WELFARE,Under 25,2024,538.0,
